CUSIP,sshprnamt_sum,n_lines,cusip,share_class_figi,radar_ticker,target_membership,security_type,market_sector,exch_code,source,source_date,status
67066G104,17745140123.0,8041,67066G104,BBG001S5TZJ6,NVDA,True,Common Stock,Equity,US,openfigi:/v3/mapping,2026-09-19,OK
329882225,10590000000.0,1,329882225,,,False,,,,openfigi:/v3/mapping,2026-09-19,ERROR
037833100,10353226300.0,8538,037833100,BBG001S5N8V8,AAPL,True,Common Stock,Equity,US,openfigi:/v3/mapping,2026-09-19,OK
023135106,7569733681.0,8383,023135106,BBG001S5PQL7,AMZN,True,Common Stock,Equity,US,openfigi:/v3/mapping,2026-09-19,OK
329882250,6990000000.0,1,329882250,,,False,,,,openfigi:/v3/mapping,2026-09-19,ERROR
594918104,5837211974.0,8711,594918104,BBG001S5TD05,MSFT,True,Common Stock,Equity,US,openfigi:/v3/mapping,2026-09-19,OK
060505104,5750126442.0,4686,060505104,BBG001S5P0Y0,BAC,True,Common Stock,Equity,US,openfigi:/v3/mapping,2026-09-19,OK
00206R102,5050802322.0,4013,00206R102,BBG001S5VWH2,T,True,Common Stock,Equity,US,openfigi:/v3/mapping,2026-09-19,OK
02079K305,4890343917.0,7461,02079K305,BBG009S39JY5,GOOGL,True,Common Stock,Equity,US,openfigi:/v3/mapping,2026-09-19,OK
717081103,4122232032.0,4063,717081103,BBG001S5V466,PFE,True,Common Stock,Equity,US,openfigi:/v3/mapping,2026-09-19,OK
11135F101,3912893141.0,6455,11135F101,BBG00KHY5SY8,AVGO,True,Common Stock,Equity,US,openfigi:/v3/mapping,2026-09-19,OK
64110L106,3610135345.0,4876,64110L106,BBG001SF6L46,NFLX,True,Common Stock,Equity,US,openfigi:/v3/mapping,2026-09-19,OK
458140100,3537025210.0,3537,458140100,BBG001S5SF65,INTC,True,Common Stock,Equity,US,openfigi:/v3/mapping,2026-09-19,OK
02079K107,3496381248.0,6600,02079K107,BBG009S3NB21,GOOG,True,Common Stock,Equity,US,openfigi:/v3/mapping,2026-09-19,OK
191216100,3422901277.0,4773,191216100,BBG001S5SMQ8,KO,True,Common Stock,Equity,US,openfigi:/v3/mapping,2026-09-19,OK
20030N101,3326019245.0,2949,20030N101,BBG001S5PXL2,CMCSA,True,Common Stock,Equity,US,openfigi:/v3/mapping,2026-09-19,OK
17275R102,3267195768.0,5184,17275R102,BBG001S6HC62,CSCO,True,Common Stock,Equity,US,openfigi:/v3/mapping,2026-09-19,OK
931142103,3084856034.0,5998,931142103,BBG001S5XH92,WMT,True,Common Stock,Equity,US,openfigi:/v3/mapping,2026-09-19,OK
G4124C109,3063759189.0,778,G4124C109,,,False,,,,openfigi:/v3/mapping,2026-09-19,NO_ID
92343V104,3048260249.0,4363,92343V104,BBG001S67QY1,VZ,True,Common Stock,Equity,US,openfigi:/v3/mapping,2026-09-19,OK
30231G102,3020467349.0,6285,30231G102,,,False,,,,openfigi:/v3/mapping,2026-09-19,NO_ID
G6683N103,2883182145.0,1274,G6683N103,,,False,,,,openfigi:/v3/mapping,2026-09-19,NO_ID
345370860,2762675031.0,2355,345370860,BBG001S5TZ33,F,True,Common Stock,Equity,US,openfigi:/v3/mapping,2026-09-19,OK
949746101,2517330262.0,3771,949746101,BBG001S5XF23,WFC,True,Common Stock,Equity,US,openfigi:/v3/mapping,2026-09-19,OK
921943858,2398850735.0,4639,921943858,BBG001SSPWL4,,False,ETP,Equity,US,openfigi:/v3/mapping,2026-09-19,NOT_IN_RADAR
69331C108,2273969530.0,1351,69331C108,BBG001S5V206,PCG,True,Common Stock,Equity,US,openfigi:/v3/mapping,2026-09-19,OK
46625H100,2117403269.0,6767,46625H100,BBG001S8CRC3,JPM,True,Common Stock,Equity,US,openfigi:/v3/mapping,2026-09-19,OK
58933Y105,2093123197.0,5099,58933Y105,BBG001S5TC52,MRK,True,Common Stock,Equity,US,openfigi:/v3/mapping,2026-09-19,OK
478160104,1941106610.0,6232,478160104,BBG001S5SHQ9,JNJ,True,Common Stock,Equity,US,openfigi:/v3/mapping,2026-09-19,OK
934423104,1920514579.0,1899,934423104,BBG011386VG3,WBD,True,Common Stock,Equity,US,openfigi:/v3/mapping,2026-09-19,OK
49177J102,1875242811.0,1530,49177J102,BBG01C79X614,KVUE,True,Common Stock,Equity,US,openfigi:/v3/mapping,2026-09-19,OK
446150104,1865219483.0,1702,446150104,BBG001S5RSZ6,,False,Common Stock,Equity,US,openfigi:/v3/mapping,2026-09-19,NOT_IN_RADAR
65339F101,1857894274.0,4219,65339F101,BBG001S5RB29,NEE,True,Common Stock,Equity,US,openfigi:/v3/mapping,2026-09-19,OK
90353T100,1797745050.0,3443,90353T100,BBG002B04MW4,UBER,True,Common Stock,Equity,US,openfigi:/v3/mapping,2026-09-19,OK
30303M102,1793018281.0,6791,30303M102,BBG001SQCQC5,META,True,Common Stock,Equity,US,openfigi:/v3/mapping,2026-09-19,OK
46429B267,1774924406.0,1178,46429B267,BBG002NCKPP8,,False,ETP,Equity,US,openfigi:/v3/mapping,2026-09-19,NOT_IN_RADAR
742718109,1753716103.0,5549,742718109,BBG001S5V4L9,PG,True,Common Stock,Equity,US,openfigi:/v3/mapping,2026-09-19,OK
88160R101,1750643318.0,5457,88160R101,BBG001SQKGD7,TSLA,True,Common Stock,Equity,US,openfigi:/v3/mapping,2026-09-19,OK
110122108,1743736871.0,3496,110122108,BBG001S8N8J6,BMY,True,Common Stock,Equity,US,openfigi:/v3/mapping,2026-09-19,OK
051774107,1713051127.0,582,051774107,BBG00Z92Y6Y0,,False,Common Stock,Equity,US,openfigi:/v3/mapping,2026-09-19,NOT_IN_RADAR
46434G103,1693008716.0,2872,46434G103,BBG003HC3DG9,,False,ETP,Equity,US,openfigi:/v3/mapping,2026-09-19,NOT_IN_RADAR
46432F842,1641959347.0,2911,46432F842,BBG003H6TRS0,,False,ETP,Equity,US,openfigi:/v3/mapping,2026-09-19,NOT_IN_RADAR
136385101,1635734668.0,1067,136385101,BBG001S5YC56,,False,Common Stock,Equity,US,openfigi:/v3/mapping,2026-09-19,NOT_IN_RADAR
49456B101,1618887149.0,2513,49456B101,BBG001TG2YZ5,KMI,True,Common Stock,Equity,US,openfigi:/v3/mapping,2026-09-19,OK
92826C839,1577944134.0,6005,92826C839,BBG001SRCFY3,V,True,Common Stock,Equity,US,openfigi:/v3/mapping,2026-09-19,OK
166764100,1568453232.0,5767,166764100,BBG001S67ZC5,CVX,True,Common Stock,Equity,US,openfigi:/v3/mapping,2026-09-19,OK
11271J107,1550099821.0,1234,11271J107,BBG001SF86D7,,False,Common Stock,Equity,US,openfigi:/v3/mapping,2026-09-19,NOT_IN_RADAR
126408103,1545016116.0,2584,126408103,BBG001S5Q7Q3,CSX,True,Common Stock,Equity,US,openfigi:/v3/mapping,2026-09-19,OK
808513105,1524869402.0,3380,808513105,BBG001S5VXD4,SCHW,True,Common Stock,Equity,US,openfigi:/v3/mapping,2026-09-19,OK
002824100,1500360634.0,4316,002824100,BBG001S5N9M6,ABT,True,Common Stock,Equity,US,openfigi:/v3/mapping,2026-09-19,OK
113004105,1493443830.0,905,113004105,BBG019Z17GF9,,False,Common Stock,Equity,US,openfigi:/v3/mapping,2026-09-19,NOT_IN_RADAR
922042858,1462663633.0,4113,922042858,BBG001SHTTZ6,,False,ETP,Equity,US,openfigi:/v3/mapping,2026-09-19,NOT_IN_RADAR
101137107,1456024494.0,2543,101137107,BBG001S63L94,,False,Common Stock,Equity,US,openfigi:/v3/mapping,2026-09-19,NOT_IN_RADAR
69608A108,1455379108.0,4075,69608A108,BBG001T53796,PLTR,True,Common Stock,Equity,US,openfigi:/v3/mapping,2026-09-19,OK
806857108,1442592874.0,2410,806857108,BBG001S5W4C8,SLB,True,Common Stock,Equity,US,openfigi:/v3/mapping,2026-09-19,OK
172967424,1439677634.0,3436,172967424,BBG001S72ZG4,C,True,Common Stock,Equity,US,openfigi:/v3/mapping,2026-09-19,OK
808524805,1430376689.0,1896,808524805,BBG001T5XQY3,,False,ETP,Equity,US,openfigi:/v3/mapping,2026-09-19,NOT_IN_RADAR
254687106,1426297802.0,4182,254687106,BBG001S5QHF3,DIS,True,Common Stock,Equity,US,openfigi:/v3/mapping,2026-09-19,OK
00287Y109,1419577188.0,5437,00287Y109,BBG0025Y4RZ3,ABBV,True,Common Stock,Equity,US,openfigi:/v3/mapping,2026-09-19,OK
617446448,1408649099.0,3564,617446448,BBG001S9V5Z3,MS,True,Common Stock,Equity,US,openfigi:/v3/mapping,2026-09-19,OK
718172109,1407724291.0,3840,718172109,BBG001STP9N1,PM,True,Common Stock,Equity,US,openfigi:/v3/mapping,2026-09-19,OK
22266T109,1395363711.0,938,22266T109,BBG00XMJRPR7,,False,Common Stock,Equity,US,openfigi:/v3/mapping,2026-09-19,NOT_IN_RADAR
02319V103,1392623331.0,531,02319V103,BBG005KLVT74,,False,ADR,Equity,US,openfigi:/v3/mapping,2026-09-19,NOT_IN_RADAR
49271V100,1368343028.0,1286,49271V100,BBG001ST5W34,KDP,True,Common Stock,Equity,US,openfigi:/v3/mapping,2026-09-19,OK
902973304,1358461531.0,2758,902973304,BBG001S6T8C1,,False,Common Stock,Equity,US,openfigi:/v3/mapping,2026-09-19,NOT_IN_RADAR
68389X105,1340934312.0,4734,68389X105,BBG001S5SJG6,ORCL,True,Common Stock,Equity,US,openfigi:/v3/mapping,2026-09-19,OK
35671D857,1339692238.0,2720,35671D857,BBG001S5R3F3,FCX,True,Common Stock,Equity,US,openfigi:/v3/mapping,2026-09-19,OK
059460303,1296033235.0,434,059460303,BBG001SF7657,,False,ADR,Equity,US,openfigi:/v3/mapping,2026-09-19,NOT_IN_RADAR
42824C109,1286136120.0,1593,42824C109,BBG0078W3NP4,,False,Common Stock,Equity,US,openfigi:/v3/mapping,2026-09-19,NOT_IN_RADAR
464287507,1265540843.0,3198,464287507,BBG001SFC7V0,,False,ETP,Equity,US,openfigi:/v3/mapping,2026-09-19,NOT_IN_RADAR
465562106,1264470044.0,580,465562106,BBG001S65TL1,,False,ADR,Equity,US,openfigi:/v3/mapping,2026-09-19,NOT_IN_RADAR
H42097107,1255715560.0,1071,H42097107,,,False,,,,openfigi:/v3/mapping,2026-09-19,NO_ID
032095101,1243743030.0,3125,032095101,BBG001S5NSK6,,False,Common Stock,Equity,US,openfigi:/v3/mapping,2026-09-19,NOT_IN_RADAR
169656105,1234365637.0,1799,169656105,BBG001SP50B3,CMG,True,Common Stock,Equity,US,openfigi:/v3/mapping,2026-09-19,OK
464287226,1220965770.0,2465,464287226,BBG001SM1QT8,,False,ETP,Equity,US,openfigi:/v3/mapping,2026-09-19,NOT_IN_RADAR
G5960L103,1189362063.0,3214,G5960L103,,,False,,,,openfigi:/v3/mapping,2026-09-19,NO_ID
126650100,1186133321.0,2700,126650100,BBG001S5QBD8,CVS,True,Common Stock,Equity,US,openfigi:/v3/mapping,2026-09-19,OK
921937835,1176969012.0,2127,921937835,BBG001SK7DK4,,False,ETP,Equity,US,openfigi:/v3/mapping,2026-09-19,NOT_IN_RADAR
007903107,1175592944.0,4392,007903107,BBG001S5NN36,AMD,True,Common Stock,Equity,US,openfigi:/v3/mapping,2026-09-19,OK
609207105,1159577391.0,2795,609207105,BBG001SHHZJ3,MDLZ,True,Common Stock,Equity,US,openfigi:/v3/mapping,2026-09-19,OK
375558103,1142329616.0,3258,375558103,BBG001S6Y1X7,GILD,True,Common Stock,Equity,US,openfigi:/v3/mapping,2026-09-19,OK
02209S103,1139478654.0,3279,02209S103,BBG001S5T8T5,MO,True,Common Stock,Equity,US,openfigi:/v3/mapping,2026-09-19,OK
969457100,1131906971.0,2548,969457100,BBG001S5XH10,WMB,True,Common Stock,Equity,US,openfigi:/v3/mapping,2026-09-19,OK
20825C104,1120883696.0,3489,20825C104,BBG001S5TZM2,COP,True,Common Stock,Equity,US,openfigi:/v3/mapping,2026-09-19,OK
78464A854,1118995462.0,1949,78464A854,BBG001SPTB87,,False,ETP,Equity,US,openfigi:/v3/mapping,2026-09-19,NOT_IN_RADAR
713448108,1115978099.0,4870,713448108,BBG001S695T1,PEP,True,Common Stock,Equity,US,openfigi:/v3/mapping,2026-09-19,OK
06849F108,1111190006.0,1537,06849F108,BBG001S5N9P3,,False,Common Stock,Equity,US,openfigi:/v3/mapping,2026-09-19,NOT_IN_RADAR
808524201,1108629894.0,3153,808524201,BBG001T5XQV6,,False,ETP,Equity,US,openfigi:/v3/mapping,2026-09-19,NOT_IN_RADAR
29250N105,1104773473.0,1995,29250N105,BBG001S6Q6D7,,False,Common Stock,Equity,US,openfigi:/v3/mapping,2026-09-19,NOT_IN_RADAR
512807306,1101165312.0,3587,512807306,BBG001S5SW40,LRCX,True,Common Stock,Equity,US,openfigi:/v3/mapping,2026-09-19,OK
925652109,1093619911.0,1442,925652109,BBG00HVVB4B6,VICI,True,REIT,Equity,US,openfigi:/v3/mapping,2026-09-19,OK
654902204,1093548789.0,808,654902204,BBG001SCPCG9,,False,ADR,Equity,US,openfigi:/v3/mapping,2026-09-19,NOT_IN_RADAR
872540109,1081491604.0,3938,872540109,BBG001S5WQ93,TJX,True,Common Stock,Equity,US,openfigi:/v3/mapping,2026-09-19,OK
N82405106,1078722364.0,621,N82405106,,,False,,,,openfigi:/v3/mapping,2026-09-19,NO_ID
464287234,1068837602.0,1955,464287234,BBG001SK77D5,,False,ETP,Equity,US,openfigi:/v3/mapping,2026-09-19,NOT_IN_RADAR
92556V106,1066792495.0,1511,92556V106,BBG00Y52JV51,,False,Common Stock,Equity,US,openfigi:/v3/mapping,2026-09-19,NOT_IN_RADAR
29273V100,1065871896.0,1570,29273V100,BBG001SDHNW4,,False,MLP,Equity,US,openfigi:/v3/mapping,2026-09-19,NOT_IN_RADAR
75513E101,1060124789.0,4543,75513E101,BBG001S5X5Q9,RTX,True,Common Stock,Equity,US,openfigi:/v3/mapping,2026-09-19,OK
500754106,1052907871.0,1584,500754106,BBG005CPNTR1,,False,Common Stock,Equity,US,openfigi:/v3/mapping,2026-09-19,NOT_IN_RADAR
F92124100,1045143224.0,1509,F92124100,,,False,,,,openfigi:/v3/mapping,2026-09-19,NO_ID
654106103,1032322326.0,2742,654106103,BBG001S6NTK2,,False,Common Stock,Equity,US,openfigi:/v3/mapping,2026-09-19,NOT_IN_RADAR
084670702,1028685570.0,6277,084670702,BBG001S90346,,False,Common Stock,Equity,US,openfigi:/v3/mapping,2026-09-19,NOT_IN_RADAR
311900104,1021582679.0,2115,311900104,BBG001S5R1F7,,False,Common Stock,Equity,US,openfigi:/v3/mapping,2026-09-19,NOT_IN_RADAR
89832Q109,1015303019.0,2304,89832Q109,BBG001S5YYC0,,False,Common Stock,Equity,US,openfigi:/v3/mapping,2026-09-19,NOT_IN_RADAR
855244109,1006079788.0,3171,855244109,BBG001S72KH6,SBUX,True,Common Stock,Equity,US,openfigi:/v3/mapping,2026-09-19,OK
15135U109,1002963036.0,707,15135U109,BBG001T2PJV8,,False,Common Stock,Equity,US,openfigi:/v3/mapping,2026-09-19,NOT_IN_RADAR
493267108,999775380.0,1352,493267108,BBG001S5SKV6,,False,Common Stock,Equity,US,openfigi:/v3/mapping,2026-09-19,NOT_IN_RADAR
05722G100,982682118.0,1756,05722G100,BBG00GBVBK60,BKR,True,Common Stock,Equity,US,openfigi:/v3/mapping,2026-09-19,OK
30161N101,966702502.0,1919,30161N101,BBG001SBJMT2,EXC,True,Common Stock,Equity,US,openfigi:/v3/mapping,2026-09-19,OK
040413205,950314544.0,2968,040413205,BBG001T51KQ0,,False,Common Stock,Equity,US,openfigi:/v3/mapping,2026-09-19,NOT_IN_RADAR
H8817H100,944435397.0,727,H8817H100,,,False,,,,openfigi:/v3/mapping,2026-09-19,NO_ID
143658300,939050460.0,1450,143658300,,,False,,,,openfigi:/v3/mapping,2026-09-19,NO_ID
74340W103,933064391.0,2545,74340W103,BBG001S5NMN6,PLD,True,REIT,Equity,US,openfigi:/v3/mapping,2026-09-19,OK
81762P102,930272570.0,3157,81762P102,BBG001T4JFC0,,False,Common Stock,Equity,US,openfigi:/v3/mapping,2026-09-19,NOT_IN_RADAR
595112103,921626535.0,4094,595112103,BBG001S6P675,MU,True,Common Stock,Equity,US,openfigi:/v3/mapping,2026-09-19,OK
808524300,915934221.0,2039,808524300,BBG001T66WN0,,False,ETP,Equity,US,openfigi:/v3/mapping,2026-09-19,NOT_IN_RADAR
651639106,894060561.0,2612,651639106,BBG001S5TKX3,NEM,True,Common Stock,Equity,US,openfigi:/v3/mapping,2026-09-19,OK
747525103,891025125.0,3808,747525103,BBG001S6VS70,,False,Common Stock,Equity,US,openfigi:/v3/mapping,2026-09-19,NOT_IN_RADAR
40434L105,889116528.0,1542,40434L105,BBG001S6W7N7,,False,Common Stock,Equity,US,openfigi:/v3/mapping,2026-09-19,NOT_IN_RADAR
92203J407,887701708.0,1441,92203J407,BBG004N1LGK2,,False,ETP,Equity,US,openfigi:/v3/mapping,2026-09-19,NOT_IN_RADAR
91912E105,887422472.0,753,91912E105,BBG001SB54S8,,False,ADR,Equity,US,openfigi:/v3/mapping,2026-09-19,NOT_IN_RADAR
N20944109,887231875.0,837,N20944109,,,False,,,,openfigi:/v3/mapping,2026-09-19,NO_ID
369604301,885243447.0,4413,369604301,BBG001S5PVD5,GE,True,Common Stock,Equity,US,openfigi:/v3/mapping,2026-09-19,OK
77311W101,874390487.0,1148,77311W101,BBG00VY1MZN4,,False,Common Stock,Equity,US,openfigi:/v3/mapping,2026-09-19,NOT_IN_RADAR
867224107,872802184.0,1095,867224107,BBG001S5YSF0,,False,Common Stock,Equity,US,openfigi:/v3/mapping,2026-09-19,NOT_IN_RADAR
842587107,863170677.0,3078,842587107,BBG001S5W777,SO,True,Common Stock,Equity,US,openfigi:/v3/mapping,2026-09-19,OK
316773100,856380932.0,1820,316773100,BBG001S5R6S2,,False,Common Stock,Equity,US,openfigi:/v3/mapping,2026-09-19,NOT_IN_RADAR
882508104,852395646.0,3578,882508104,BBG001S5WYZ7,TXN,True,Common Stock,Equity,US,openfigi:/v3/mapping,2026-09-19,OK
464287200,852380949.0,5064,464287200,BBG001SFB7R6,,False,ETP,Equity,US,openfigi:/v3/mapping,2026-09-19,NOT_IN_RADAR
891160509,851605999.0,1167,891160509,BBG001S60L15,,False,Common Stock,Equity,US,openfigi:/v3/mapping,2026-09-19,NOT_IN_RADAR
674599105,844895784.0,1860,674599105,BBG001S5TZG9,OXY,True,Common Stock,Equity,US,openfigi:/v3/mapping,2026-09-19,OK
82509L107,843048174.0,2465,82509L107,BBG004DW5NC7,,False,Common Stock,Equity,US,openfigi:/v3/mapping,2026-09-19,NOT_IN_RADAR
532457108,835132845.0,6016,532457108,BBG001S5STL8,LLY,True,Common Stock,Equity,US,openfigi:/v3/mapping,2026-09-19,OK
25434V708,834912551.0,1471,25434V708,BBG011DXY6D4,,False,ETP,Equity,US,openfigi:/v3/mapping,2026-09-19,NOT_IN_RADAR
57636Q104,824720125.0,5010,57636Q104,BBG001SKNNS6,MA,True,Common Stock,Equity,US,openfigi:/v3/mapping,2026-09-19,OK
808524797,823396459.0,2806,808524797,BBG0025RWLM4,,False,ETP,Equity,US,openfigi:/v3/mapping,2026-09-19,NOT_IN_RADAR
72919P202,817560282.0,631,72919P202,BBG001S6GJB2,,False,Common Stock,Equity,US,openfigi:/v3/mapping,2026-09-19,NOT_IN_RADAR
37045V100,814102021.0,2142,37045V100,BBG001SM1DK6,GM,True,Common Stock,Equity,US,openfigi:/v3/mapping,2026-09-19,OK
91324P102,809953192.0,4204,91324P102,BBG001S6WCJ1,UNH,True,Common Stock,Equity,US,openfigi:/v3/mapping,2026-09-19,OK
G0593M107,805014159.0,1943,G0593M107,,,False,,,,openfigi:/v3/mapping,2026-09-19,NO_ID
56501R106,804497212.0,1072,56501R106,BBG001S76KD6,,False,Common Stock,Equity,US,openfigi:/v3/mapping,2026-09-19,NOT_IN_RADAR
192108504,801302248.0,985,192108504,BBG001S5PM54,,False,Common Stock,Equity,US,openfigi:/v3/mapping,2026-09-19,NOT_IN_RADAR
79466L302,800990838.0,3721,79466L302,BBG001SDLP09,CRM,True,Common Stock,Equity,US,openfigi:/v3/mapping,2026-09-19,OK
217204106,799925864.0,1602,217204106,BBG001S7MTB1,,False,Common Stock,Equity,US,openfigi:/v3/mapping,2026-09-19,NOT_IN_RADAR
437076102,796312746.0,5646,437076102,BBG001S5RTW7,HD,True,Common Stock,Equity,US,openfigi:/v3/mapping,2026-09-19,OK
11777Q209,794599175.0,402,11777Q209,BBG001T0CNW6,,False,Common Stock,Equity,US,openfigi:/v3/mapping,2026-09-19,NOT_IN_RADAR
874039100,784901511.0,4379,874039100,BBG001S5WWW4,,False,ADR,Equity,US,openfigi:/v3/mapping,2026-09-19,NOT_IN_RADAR
71424F105,781469042.0,903,71424F105,BBG00D61Y2G3,,False,Common Stock,Equity,US,openfigi:/v3/mapping,2026-09-19,NOT_IN_RADAR
71654V408,775238076.0,764,71654V408,BBG001SF6W88,,False,ADR,Equity,US,openfigi:/v3/mapping,2026-09-19,NOT_IN_RADAR
406216101,770781398.0,1719,406216101,BBG001S5RS59,HAL,True,Common Stock,Equity,US,openfigi:/v3/mapping,2026-09-19,OK
756109104,770686498.0,2088,756109104,BBG001S884K0,O,True,REIT,Equity,US,openfigi:/v3/mapping,2026-09-19,OK
14448C104,770039238.0,2161,14448C104,BBG00RP5HZM1,,False,Common Stock,Equity,US,openfigi:/v3/mapping,2026-09-19,NOT_IN_RADAR
46434V613,765310643.0,975,46434V613,BBG006MJCSW0,,False,ETP,Equity,US,openfigi:/v3/mapping,2026-09-19,NOT_IN_RADAR
83406F102,762825369.0,1259,83406F102,BBG00YB1ZF08,,False,Common Stock,Equity,US,openfigi:/v3/mapping,2026-09-19,NOT_IN_RADAR
00090Q103,762739239.0,654,00090Q103,BBG001S6VGG6,,False,Common Stock,Equity,US,openfigi:/v3/mapping,2026-09-19,NOT_IN_RADAR
7591EP100,759650893.0,1598,7591EP100,BBG001SM4KY2,,False,Common Stock,Equity,US,openfigi:/v3/mapping,2026-09-19,NOT_IN_RADAR
35969L108,757951854.0,317,35969L108,BBG01186DMM7,,False,ADR,Equity,US,openfigi:/v3/mapping,2026-09-19,NOT_IN_RADAR
496902404,757172353.0,949,496902404,BBG001S5R0C2,,False,Common Stock,Equity,US,openfigi:/v3/mapping,2026-09-19,NOT_IN_RADAR
127097103,754391013.0,1384,127097103,BBG001S6H6Y4,,False,Common Stock,Equity,US,openfigi:/v3/mapping,2026-09-19,NOT_IN_RADAR
550241103,753551434.0,866,550241103,BBG001S5Q8G2,,False,Common Stock,Equity,US,openfigi:/v3/mapping,2026-09-19,NOT_IN_RADAR
81369Y605,752700990.0,2311,81369Y605,BBG001S7T223,,False,ETP,Equity,US,openfigi:/v3/mapping,2026-09-19,NOT_IN_RADAR
25746U109,752568678.0,2107,25746U109,BBG001S5QCP3,D,True,Common Stock,Equity,US,openfigi:/v3/mapping,2026-09-19,OK
87807B107,751564944.0,978,87807B107,BBG001S5WW27,,False,Common Stock,Equity,US,openfigi:/v3/mapping,2026-09-19,NOT_IN_RADAR
67103H107,748169707.0,2368,67103H107,BBG001S78TL6,ORLY,True,Common Stock,Equity,US,openfigi:/v3/mapping,2026-09-19,OK
87971M103,736968872.0,433,87971M103,BBG001S60K53,,False,Common Stock,Equity,US,openfigi:/v3/mapping,2026-09-19,NOT_IN_RADAR
573874104,735412166.0,2328,573874104,BBG00ZXBJ162,,False,Common Stock,Equity,US,openfigi:/v3/mapping,2026-09-19,NOT_IN_RADAR
194162103,732786230.0,2819,194162103,BBG001S5PVM5,CL,True,Common Stock,Equity,US,openfigi:/v3/mapping,2026-09-19,OK
962166104,732472297.0,1307,962166104,BBG001S5XL11,WY,True,REIT,Equity,US,openfigi:/v3/mapping,2026-09-19,OK
44107P104,732213888.0,1029,44107P104,BBG001S5RY83,,False,REIT,Equity,US,openfigi:/v3/mapping,2026-09-19,NOT_IN_RADAR
42250P103,728970988.0,1119,42250P103,BBG001S5RTS2,,False,REIT,Equity,US,openfigi:/v3/mapping,2026-09-19,NOT_IN_RADAR
922908769,728265231.0,4136,922908769,BBG001SHTB03,,False,ETP,Equity,US,openfigi:/v3/mapping,2026-09-19,NOT_IN_RADAR
95040Q104,720402411.0,2137,95040Q104,BBG001S5RTQ4,WELL,True,REIT,Equity,US,openfigi:/v3/mapping,2026-09-19,OK
09581B103,718720050.0,791,09581B103,BBG00XV417S7,,False,Common Stock,Equity,US,openfigi:/v3/mapping,2026-09-19,NOT_IN_RADAR
82846H405,716777213.0,843,82846H405,BBG001SCBW07,,False,Common Stock,Equity,US,openfigi:/v3/mapping,2026-09-19,NOT_IN_RADAR
D18190898,713628363.0,750,D18190898,,,False,,,,openfigi:/v3/mapping,2026-09-19,NO_ID
05352A100,707006159.0,636,05352A100,BBG00G2HHYF5,,False,Common Stock,Equity,US,openfigi:/v3/mapping,2026-09-19,NOT_IN_RADAR
15189T107,703977593.0,1239,15189T107,BBG001SB10S0,,False,Common Stock,Equity,US,openfigi:/v3/mapping,2026-09-19,NOT_IN_RADAR
76954A103,703860062.0,1139,76954A103,BBG00741Y1P0,,False,Common Stock,Equity,US,openfigi:/v3/mapping,2026-09-19,NOT_IN_RADAR
70450Y103,702806740.0,2126,70450Y103,BBG0077VNXW5,,False,Common Stock,Equity,US,openfigi:/v3/mapping,2026-09-19,NOT_IN_RADAR
49446R109,697174943.0,1002,49446R109,BBG001S70279,KIM,True,REIT,Equity,US,openfigi:/v3/mapping,2026-09-19,OK
69351T106,695343551.0,1504,69351T106,BBG001S5VC31,,False,Common Stock,Equity,US,openfigi:/v3/mapping,2026-09-19,NOT_IN_RADAR
61174X109,694641610.0,1881,61174X109,BBG008NVB1F7,MNST,True,Common Stock,Equity,US,openfigi:/v3/mapping,2026-09-19,OK
20464U100,692144896.0,612,20464U100,BBG00J5SXTJ1,,False,Common Stock,Equity,US,openfigi:/v3/mapping,2026-09-19,NOT_IN_RADAR
83304A106,691434250.0,773,83304A106,BBG00441QMK5,,False,Common Stock,Equity,US,openfigi:/v3/mapping,2026-09-19,NOT_IN_RADAR
808524771,684915490.0,898,808524771,BBG0051J0PJ9,,False,ETP,Equity,US,openfigi:/v3/mapping,2026-09-19,NOT_IN_RADAR
00130H105,681167764.0,1083,00130H105,BBG001S6B1L5,,False,Common Stock,Equity,US,openfigi:/v3/mapping,2026-09-19,NOT_IN_RADAR
697435105,680846085.0,3461,697435105,BBG001T9NWN5,PANW,True,Common Stock,Equity,US,openfigi:/v3/mapping,2026-09-19,OK
038222105,680131725.0,4033,038222105,BBG001S5NMM7,AMAT,True,Common Stock,Equity,US,openfigi:/v3/mapping,2026-09-19,OK
881624209,679868952.0,993,881624209,,,False,,,,openfigi:/v3/mapping,2026-09-19,NO_ID
Y1505Z111,675000000.0,1,Y1505Z111,,,False,,,,openfigi:/v3/mapping,2026-09-19,NO_ID
58507V107,664773681.0,481,58507V107,BBG01Y6779J5,,False,Common Stock,Equity,US,openfigi:/v3/mapping,2026-09-19,NOT_IN_RADAR
219350105,661123645.0,3080,219350105,BBG001S5RLH1,,False,Common Stock,Equity,US,openfigi:/v3/mapping,2026-09-19,NOT_IN_RADAR
78463X889,657831899.0,1411,78463X889,BBG001SRXRJ1,,False,ETP,Equity,US,openfigi:/v3/mapping,2026-09-19,NOT_IN_RADAR
459200101,654939078.0,4662,459200101,BBG001S5S399,IBM,True,Common Stock,Equity,US,openfigi:/v3/mapping,2026-09-19,OK
780087102,647179021.0,1286,780087102,BBG001S60869,,False,Common Stock,Equity,US,openfigi:/v3/mapping,2026-09-19,NOT_IN_RADAR
12510Q100,645898912.0,559,12510Q100,BBG00WNSJM58,,False,Common Stock,Equity,US,openfigi:/v3/mapping,2026-09-19,NOT_IN_RADAR
40415F101,644158706.0,944,40415F101,BBG001SJB7J7,,False,ADR,Equity,US,openfigi:/v3/mapping,2026-09-19,NOT_IN_RADAR
097023105,641111664.0,3343,097023105,BBG001S5P0V3,BA,True,Common Stock,Equity,US,openfigi:/v3/mapping,2026-09-19,OK
46435U853,635920515.0,821,46435U853,BBG00J2DS0J6,,False,ETP,Equity,US,openfigi:/v3/mapping,2026-09-19,NOT_IN_RADAR
13646K108,635861130.0,1369,13646K108,BBG001S7F4Z8,,False,Common Stock,Equity,US,openfigi:/v3/mapping,2026-09-19,NOT_IN_RADAR
816851109,632161126.0,1911,816851109,BBG001SBVZ73,SRE,True,Common Stock,Equity,US,openfigi:/v3/mapping,2026-09-19,OK
22052L104,628725635.0,2087,22052L104,BBG00BN969D0,CTVA,True,Common Stock,Equity,US,openfigi:/v3/mapping,2026-09-19,OK
064058100,627399926.0,2495,064058100,BBG001S5P6Q6,BNY,True,Common Stock,Equity,US,openfigi:/v3/mapping,2026-09-19,OK
539439109,619717555.0,774,539439109,BBG001SDX252,,False,ADR,Equity,US,openfigi:/v3/mapping,2026-09-19,NOT_IN_RADAR
247361702,619545493.0,1909,247361702,BBG001SPT759,,False,Common Stock,Equity,US,openfigi:/v3/mapping,2026-09-19,NOT_IN_RADAR
025816109,615788403.0,3933,025816109,BBG001S5P034,AXP,True,Common Stock,Equity,US,openfigi:/v3/mapping,2026-09-19,OK
235851102,614760818.0,3124,235851102,BBG001S5QGT0,DHR,True,Common Stock,Equity,US,openfigi:/v3/mapping,2026-09-19,OK
26884L109,612422504.0,1714,26884L109,BBG001S5QXJ4,EQT,True,Common Stock,Equity,US,openfigi:/v3/mapping,2026-09-19,OK
770700102,609854542.0,1797,770700102,BBG008NMBXP6,,False,Common Stock,Equity,US,openfigi:/v3/mapping,2026-09-19,NOT_IN_RADAR
98389B100,599346112.0,1843,98389B100,BBG001S7F0X8,XEL,True,Common Stock,Equity,US,openfigi:/v3/mapping,2026-09-19,OK
679369108,599260265.0,238,679369108,,,False,,,,openfigi:/v3/mapping,2026-09-19,NO_ID
808524102,598314031.0,1543,808524102,BBG001T5XQT9,,False,ETP,Equity,US,openfigi:/v3/mapping,2026-09-19,NOT_IN_RADAR
G25508105,598252135.0,1557,G25508105,,,False,,,,openfigi:/v3/mapping,2026-09-19,NO_ID
464287465,597777477.0,2618,464287465,BBG001SG09V7,,False,ETP,Equity,US,openfigi:/v3/mapping,2026-09-19,NOT_IN_RADAR
92206C870,595038267.0,1773,92206C870,BBG001T62M38,,False,ETP,Equity,US,openfigi:/v3/mapping,2026-09-19,NOT_IN_RADAR
26441C204,592136968.0,3242,26441C204,BBG001S5QNR7,DUK,True,Common Stock,Equity,US,openfigi:/v3/mapping,2026-09-19,OK
45104G104,592013998.0,839,45104G104,BBG001SCD3Z1,,False,ADR,Equity,US,openfigi:/v3/mapping,2026-09-19,NOT_IN_RADAR
G51502105,591688770.0,2232,G51502105,,,False,,,,openfigi:/v3/mapping,2026-09-19,NO_ID
46187W107,583044366.0,885,46187W107,BBG00FQH6CJ7,INVH,True,REIT,Equity,US,openfigi:/v3/mapping,2026-09-19,OK
922908744,582995029.0,3523,922908744,BBG001SHVR78,,False,ETP,Equity,US,openfigi:/v3/mapping,2026-09-19,NOT_IN_RADAR
25179M103,582892396.0,1756,25179M103,BBG001S63VG4,DVN,True,Common Stock,Equity,US,openfigi:/v3/mapping,2026-09-19,OK
G21810109,578207047.0,380,G21810109,,,False,,,,openfigi:/v3/mapping,2026-09-19,NO_ID
09260D107,577822452.0,2910,09260D107,BBG001S7H949,BX,True,Common Stock,Equity,US,openfigi:/v3/mapping,2026-09-19,OK
580135101,574971493.0,4844,580135101,BBG001S5T110,MCD,True,Common Stock,Equity,US,openfigi:/v3/mapping,2026-09-19,OK
064149107,573023240.0,745,064149107,BBG001S5Y2B1,,False,Common Stock,Equity,US,openfigi:/v3/mapping,2026-09-19,NOT_IN_RADAR
771049103,572726712.0,1234,771049103,BBG001V1Y6Z1,,False,Common Stock,Equity,US,openfigi:/v3/mapping,2026-09-19,NOT_IN_RADAR
405552100,572290887.0,865,405552100,BBG018GZNDB0,,False,ADR,Equity,US,openfigi:/v3/mapping,2026-09-19,NOT_IN_RADAR
14040H105,570909813.0,2869,14040H105,BBG001S65PV8,COF,True,Common Stock,Equity,US,openfigi:/v3/mapping,2026-09-19,OK
28414H103,569006608.0,793,28414H103,BBG00LJYS1R6,,False,Common Stock,Equity,US,openfigi:/v3/mapping,2026-09-19,NOT_IN_RADAR
78462F103,568085349.0,5517,78462F103,BBG001S72SM3,,False,ETP,Equity,US,openfigi:/v3/mapping,2026-09-19,NOT_IN_RADAR
48251W104,566634655.0,1807,48251W104,BBG001S6PW05,,False,Common Stock,Equity,US,openfigi:/v3/mapping,2026-09-19,NOT_IN_RADAR
G65163100,565777402.0,709,G65163100,,,False,,,,openfigi:/v3/mapping,2026-09-19,NO_ID
G76279101,564433625.0,653,G76279101,,,False,,,,openfigi:/v3/mapping,2026-09-19,NO_ID
922907746,564376246.0,1526,922907746,BBG009THVRX1,,False,ETP,Equity,US,openfigi:/v3/mapping,2026-09-19,NOT_IN_RADAR
G39387108,563666375.0,529,G39387108,,,False,,,,openfigi:/v3/mapping,2026-09-19,NO_ID
071813109,562658337.0,996,071813109,BBG001S5P1K3,,False,Common Stock,Equity,US,openfigi:/v3/mapping,2026-09-19,NOT_IN_RADAR
668771108,561394796.0,1007,668771108,BBG001S5QG38,,False,Common Stock,Equity,US,openfigi:/v3/mapping,2026-09-19,NOT_IN_RADAR
451100101,560684767.0,131,451100101,BBG001S5NBT4,,False,MLP,Equity,US,openfigi:/v3/mapping,2026-09-19,NOT_IN_RADAR
501044101,560101098.0,1970,501044101,BBG001S5SN40,KR,True,Common Stock,Equity,US,openfigi:/v3/mapping,2026-09-19,OK
260557103,559788253.0,1852,260557103,BBG00BN96931,DOW,True,Common Stock,Equity,US,openfigi:/v3/mapping,2026-09-19,OK
907818108,559589842.0,3841,907818108,BBG001S5X2M0,UNP,True,Common Stock,Equity,US,openfigi:/v3/mapping,2026-09-19,OK
78781J109,558462369.0,318,78781J109,BBG01RW30QY2,,False,Common Stock,Equity,US,openfigi:/v3/mapping,2026-09-19,NOT_IN_RADAR
45866F104,557703776.0,2630,45866F104,BBG001SDJ4R0,,False,Common Stock,Equity,US,openfigi:/v3/mapping,2026-09-19,NOT_IN_RADAR
96328L205,557510586.0,114,96328L205,,,False,,,,openfigi:/v3/mapping,2026-09-19,NO_ID
72352L106,556571807.0,1046,72352L106,BBG002583CW7,,False,Common Stock,Equity,US,openfigi:/v3/mapping,2026-09-19,NOT_IN_RADAR
337932107,556521809.0,1402,337932107,BBG001S5R3N4,,False,Common Stock,Equity,US,openfigi:/v3/mapping,2026-09-19,NOT_IN_RADAR
743315103,554577563.0,2561,743315103,BBG001S5V509,PGR,True,Common Stock,Equity,US,openfigi:/v3/mapping,2026-09-19,OK
682680103,553361848.0,2327,682680103,,,False,,,,openfigi:/v3/mapping,2026-09-19,NO_ID
464287804,553108938.0,3383,464287804,BBG001SFC7W9,,False,ETP,Equity,US,openfigi:/v3/mapping,2026-09-19,NOT_IN_RADAR
05967A107,551328770.0,133,05967A107,BBG001T5JFT9,,False,ADR,Equity,US,openfigi:/v3/mapping,2026-09-19,NOT_IN_RADAR
911312106,550419979.0,2832,911312106,BBG001SDGSH1,,False,Common Stock,Equity,US,openfigi:/v3/mapping,2026-09-19,NOT_IN_RADAR
460146103,544904156.0,1326,460146103,BBG001S5SBF4,IP,True,Common Stock,Equity,US,openfigi:/v3/mapping,2026-09-19,OK
G4990A104,544120000.0,2,G4990A104,,,False,,,,openfigi:/v3/mapping,2026-09-19,NO_ID
26875P101,543221327.0,2342,26875P101,BBG001S5ZB93,EOG,True,Common Stock,Equity,US,openfigi:/v3/mapping,2026-09-19,OK
595017104,543052068.0,1763,595017104,BBG001S787B5,,False,Common Stock,Equity,US,openfigi:/v3/mapping,2026-09-19,NOT_IN_RADAR
015857105,539617663.0,351,015857105,BBG001S8LHC5,,False,Common Stock,Equity,US,openfigi:/v3/mapping,2026-09-19,NOT_IN_RADAR
46432F834,538597187.0,1148,46432F834,BBG003H6TMV7,,False,ETP,Equity,US,openfigi:/v3/mapping,2026-09-19,NOT_IN_RADAR
293792107,537672886.0,1867,293792107,BBG001S9P0Z1,,False,MLP,Equity,US,openfigi:/v3/mapping,2026-09-19,NOT_IN_RADAR
026874784,536299408.0,1668,026874784,BBG001S5NJG1,,False,Common Stock,Equity,US,openfigi:/v3/mapping,2026-09-19,NOT_IN_RADAR
438516106,536098303.0,3900,438516106,,,False,,,,openfigi:/v3/mapping,2026-09-19,NO_ID
G1151C101,535555308.0,3109,G1151C101,,,False,,,,openfigi:/v3/mapping,2026-09-19,NO_ID
09290C103,534967380.0,1173,09290C103,BBG00NNWBWQ2,,False,ETP,Equity,US,openfigi:/v3/mapping,2026-09-19,NOT_IN_RADAR
374163103,534757334.0,351,374163103,BBG001S6TSX4,,False,Common Stock,Equity,US,openfigi:/v3/mapping,2026-09-19,NOT_IN_RADAR
922908363,533180680.0,4711,922908363,BBG001TC6MC1,,False,ETP,Equity,US,openfigi:/v3/mapping,2026-09-19,NOT_IN_RADAR
92276F100,529389702.0,1410,92276F100,BBG001S9T7M6,VTR,True,REIT,Equity,US,openfigi:/v3/mapping,2026-09-19,OK
151290889,528603302.0,438,151290889,BBG001SD8F15,,False,ADR,Equity,US,openfigi:/v3/mapping,2026-09-19,NOT_IN_RADAR
248356107,527671662.0,353,248356107,BBG001S9ZPX7,,False,Common Stock,Equity,US,openfigi:/v3/mapping,2026-09-19,NOT_IN_RADAR
31620M106,525763507.0,1414,31620M106,BBG001S8SWQ0,,False,Common Stock,Equity,US,openfigi:/v3/mapping,2026-09-19,NOT_IN_RADAR
892356106,519203523.0,1662,892356106,BBG001S7K017,,False,Common Stock,Equity,US,openfigi:/v3/mapping,2026-09-19,NOT_IN_RADAR
59156R108,519067085.0,2051,59156R108,BBG001S5T3R8,,False,Common Stock,Equity,US,openfigi:/v3/mapping,2026-09-19,NOT_IN_RADAR
92206C706,517549904.0,1297,92206C706,BBG001T62M92,,False,ETP,Equity,US,openfigi:/v3/mapping,2026-09-19,NOT_IN_RADAR
422704106,511403182.0,834,422704106,BBG001S5RXF7,,False,Common Stock,Equity,US,openfigi:/v3/mapping,2026-09-19,NOT_IN_RADAR
G8267P108,510938988.0,1018,G8267P108,,,False,,,,openfigi:/v3/mapping,2026-09-19,NO_ID
14020W106,510159996.0,1094,14020W106,BBG015H8BXT5,,False,ETP,Equity,US,openfigi:/v3/mapping,2026-09-19,NOT_IN_RADAR
337738108,509986042.0,1855,337738108,BBG001S5R6Q4,,False,Common Stock,Equity,US,openfigi:/v3/mapping,2026-09-19,NOT_IN_RADAR
01626W101,508494438.0,394,01626W101,,,False,,,,openfigi:/v3/mapping,2026-09-19,NO_ID
28176E108,507467514.0,1870,28176E108,BBG001SF2288,,False,Common Stock,Equity,US,openfigi:/v3/mapping,2026-09-19,NOT_IN_RADAR
683712103,506469197.0,473,683712103,BBG00SHY8ZR0,,False,Common Stock,Equity,US,openfigi:/v3/mapping,2026-09-19,NOT_IN_RADAR
15135B101,504864977.0,1301,15135B101,BBG001S6T7Q8,,False,Common Stock,Equity,US,openfigi:/v3/mapping,2026-09-19,NOT_IN_RADAR
192446102,504657103.0,1511,192446102,BBG001S5STN6,,False,Common Stock,Equity,US,openfigi:/v3/mapping,2026-09-19,NOT_IN_RADAR
631103108,501282897.0,1654,631103108,BBG001SKTBJ6,,False,Common Stock,Equity,US,openfigi:/v3/mapping,2026-09-19,NOT_IN_RADAR
46641Q837,497492312.0,1378,46641Q837,BBG00GP26NW0,,False,ETP,Equity,US,openfigi:/v3/mapping,2026-09-19,NOT_IN_RADAR
185899101,495881004.0,768,185899101,BBG001S5PW43,,False,Common Stock,Equity,US,openfigi:/v3/mapping,2026-09-19,NOT_IN_RADAR
291011104,493939317.0,3109,291011104,BBG001S5QVT7,,False,Common Stock,Equity,US,openfigi:/v3/mapping,2026-09-19,NOT_IN_RADAR
05964H105,490088708.0,867,05964H105,BBG001S5WCX7,,False,ADR,Equity,US,openfigi:/v3/mapping,2026-09-19,NOT_IN_RADAR
370334104,487281360.0,1868,370334104,BBG001S5RKR2,,False,Common Stock,Equity,US,openfigi:/v3/mapping,2026-09-19,NOT_IN_RADAR
65473P105,483925987.0,1342,65473P105,BBG001S5TMF9,,False,Common Stock,Equity,US,openfigi:/v3/mapping,2026-09-19,NOT_IN_RADAR
025537101,481704524.0,2682,025537101,BBG001S5NFD2,AEP,True,Common Stock,Equity,US,openfigi:/v3/mapping,2026-09-19,OK
00123Q104,481231602.0,878,00123Q104,BBG001T074G2,,False,REIT,Equity,US,openfigi:/v3/mapping,2026-09-19,NOT_IN_RADAR
34959E109,477905654.0,1917,34959E109,BBG001S77BL6,,False,Common Stock,Equity,US,openfigi:/v3/mapping,2026-09-19,NOT_IN_RADAR
872590104,475252774.0,2542,872590104,BBG001SKR9Y6,TMUS,True,Common Stock,Equity,US,openfigi:/v3/mapping,2026-09-19,OK
78464A508,474204929.0,1422,78464A508,BBG001SG4284,,False,ETP,Equity,US,openfigi:/v3/mapping,2026-09-19,NOT_IN_RADAR
548661107,473947361.0,3742,548661107,BBG001S5SVL3,LOW,True,Common Stock,Equity,US,openfigi:/v3/mapping,2026-09-19,OK
013091103,473153938.0,650,013091103,BBG009KG1741,,False,Common Stock,Equity,US,openfigi:/v3/mapping,2026-09-19,NOT_IN_RADAR
02376R102,473113580.0,817,02376R102,BBG005P7Q907,,False,Common Stock,Equity,US,openfigi:/v3/mapping,2026-09-19,NOT_IN_RADAR
571748102,471192188.0,2289,571748102,BBG001S5T7M4,,False,Common Stock,Equity,US,openfigi:/v3/mapping,2026-09-19,NOT_IN_RADAR
G66721104,469889701.0,925,G66721104,,,False,,,,openfigi:/v3/mapping,2026-09-19,NO_ID
29446Y502,469383625.0,416,29446Y502,BBG001SSK0K0,,False,Common Stock,Equity,US,openfigi:/v3/mapping,2026-09-19,NOT_IN_RADAR
844741108,467184367.0,1243,844741108,BBG001S5SXC9,,False,Common Stock,Equity,US,openfigi:/v3/mapping,2026-09-19,NOT_IN_RADAR
888787108,465605783.0,1093,888787108,BBG00BTJVKB1,,False,Common Stock,Equity,US,openfigi:/v3/mapping,2026-09-19,NOT_IN_RADAR
81369Y506,465529136.0,2746,81369Y506,BBG001S7T1S7,,False,ETP,Equity,US,openfigi:/v3/mapping,2026-09-19,NOT_IN_RADAR
835699307,464782425.0,1058,835699307,BBG001S5W6H8,,False,ADR,Equity,US,openfigi:/v3/mapping,2026-09-19,NOT_IN_RADAR
031162100,464610968.0,4266,031162100,BBG001S5NNL6,AMGN,True,Common Stock,Equity,US,openfigi:/v3/mapping,2026-09-19,OK
21871X109,462748377.0,644,21871X109,BBG016HJ8836,,False,Common Stock,Equity,US,openfigi:/v3/mapping,2026-09-19,NOT_IN_RADAR
92333F101,462671002.0,434,92333F101,BBG01RGY24F0,,False,Common Stock,Equity,US,openfigi:/v3/mapping,2026-09-19,NOT_IN_RADAR
456788108,462534090.0,681,456788108,BBG001S6ZLV4,,False,ADR,Equity,US,openfigi:/v3/mapping,2026-09-19,NOT_IN_RADAR
29364G103,461927655.0,1882,29364G103,BBG001S67KF5,ETR,True,Common Stock,Equity,US,openfigi:/v3/mapping,2026-09-19,OK
852234103,461856703.0,1456,852234103,BBG001TFLWL5,,False,Common Stock,Equity,US,openfigi:/v3/mapping,2026-09-19,NOT_IN_RADAR
03027X100,461630678.0,2646,03027X100,BBG001S5NPQ6,AMT,True,REIT,Equity,US,openfigi:/v3/mapping,2026-09-19,OK
316188309,460478327.0,884,316188309,BBG0078X1341,,False,ETP,Equity,US,openfigi:/v3/mapping,2026-09-19,NOT_IN_RADAR
032654105,457725055.0,3166,032654105,BBG001S5ND38,,False,Common Stock,Equity,US,openfigi:/v3/mapping,2026-09-19,NOT_IN_RADAR
136069101,455270271.0,780,136069101,BBG001S5YBB1,,False,Common Stock,Equity,US,openfigi:/v3/mapping,2026-09-19,NOT_IN_RADAR
464287440,451850384.0,1340,464287440,BBG001S80936,,False,ETP,Equity,US,openfigi:/v3/mapping,2026-09-19,NOT_IN_RADAR
035710839,450766100.0,1112,035710839,BBG001S8J4S0,,False,REIT,Equity,US,openfigi:/v3/mapping,2026-09-19,NOT_IN_RADAR
22822V101,449392860.0,1426,22822V101,BBG001S7W5T3,CCI,True,REIT,Equity,US,openfigi:/v3/mapping,2026-09-19,OK
G491BT108,446860948.0,960,G491BT108,,,False,,,,openfigi:/v3/mapping,2026-09-19,NO_ID
921937827,446108474.0,1536,921937827,BBG001ST39Q2,,False,ETP,Equity,US,openfigi:/v3/mapping,2026-09-19,NOT_IN_RADAR
682189105,444462710.0,1295,682189105,BBG001SF7RS6,,False,Common Stock,Equity,US,openfigi:/v3/mapping,2026-09-19,NOT_IN_RADAR
500688106,443044081.0,370,500688106,BBG001SJV7R6,,False,Common Stock,Equity,US,openfigi:/v3/mapping,2026-09-19,NOT_IN_RADAR
703481101,441302692.0,605,703481101,BBG001S7GWF7,,False,Common Stock,Equity,US,openfigi:/v3/mapping,2026-09-19,NOT_IN_RADAR
45687V106,441067764.0,1390,45687V106,BBG002R1CW36,,False,Common Stock,Equity,US,openfigi:/v3/mapping,2026-09-19,NOT_IN_RADAR
278642103,440497626.0,1856,278642103,BBG001S9B9J5,,False,Common Stock,Equity,US,openfigi:/v3/mapping,2026-09-19,NOT_IN_RADAR
22160N109,439343272.0,1205,22160N109,BBG001SD3DY9,,False,Common Stock,Equity,US,openfigi:/v3/mapping,2026-09-19,NOT_IN_RADAR
871829107,439131104.0,2207,871829107,BBG001S5WJS8,SYY,True,Common Stock,Equity,US,openfigi:/v3/mapping,2026-09-19,OK
205887102,438914195.0,1199,205887102,BBG001S5PGY5,,False,Common Stock,Equity,US,openfigi:/v3/mapping,2026-09-19,NOT_IN_RADAR
98978V103,436628753.0,2446,98978V103,BBG0039320P7,,False,Common Stock,Equity,US,openfigi:/v3/mapping,2026-09-19,NOT_IN_RADAR
722304102,435667285.0,929,722304102,BBG00LBLDFH8,,False,ADR,Equity,US,openfigi:/v3/mapping,2026-09-19,NOT_IN_RADAR
921909768,433840154.0,2174,921909768,BBG001TJR1D8,,False,ETP,Equity,US,openfigi:/v3/mapping,2026-09-19,NOT_IN_RADAR
919794107,432302056.0,698,919794107,BBG001S7H654,,False,Common Stock,Equity,US,openfigi:/v3/mapping,2026-09-19,NOT_IN_RADAR
039483102,431045979.0,1658,039483102,BBG001S5ND74,ADM,True,Common Stock,Equity,US,openfigi:/v3/mapping,2026-09-19,OK
05534B760,430798285.0,615,05534B760,BBG001S5P2C0,,False,Common Stock,Equity,US,openfigi:/v3/mapping,2026-09-19,NOT_IN_RADAR
651229106,430043862.0,619,651229106,BBG001S5TSW7,,False,Common Stock,Equity,US,openfigi:/v3/mapping,2026-09-19,NOT_IN_RADAR
320517105,426723425.0,966,320517105,BBG001SCW8R8,,False,Common Stock,Equity,US,openfigi:/v3/mapping,2026-09-19,NOT_IN_RADAR
174610105,424385722.0,1546,174610105,BBG006Q0HZT0,,False,Common Stock,Equity,US,openfigi:/v3/mapping,2026-09-19,NOT_IN_RADAR
21874A106,423648596.0,524,21874A106,BBG01L5GH1G3,,False,Common Stock,Equity,US,openfigi:/v3/mapping,2026-09-19,NOT_IN_RADAR
88579Y101,422559226.0,2897,88579Y101,BBG001S5T7X2,MMM,True,Common Stock,Equity,US,openfigi:/v3/mapping,2026-09-19,OK
36266G107,421523604.0,1875,36266G107,BBG01BFR8YW0,,False,Common Stock,Equity,US,openfigi:/v3/mapping,2026-09-19,NOT_IN_RADAR
464287499,419544217.0,1842,464287499,BBG001SJCNS1,,False,ETP,Equity,US,openfigi:/v3/mapping,2026-09-19,NOT_IN_RADAR
88034P109,419484565.0,512,88034P109,BBG00M5B6BG3,,False,ADR,Equity,US,openfigi:/v3/mapping,2026-09-19,NOT_IN_RADAR
808524854,417324686.0,572,808524854,BBG001T9F7C1,,False,ETP,Equity,US,openfigi:/v3/mapping,2026-09-19,NOT_IN_RADAR
65249B109,417045722.0,888,65249B109,BBG0035LY922,NWSA,True,Common Stock,Equity,US,openfigi:/v3/mapping,2026-09-19,OK
136375102,416951763.0,1217,136375102,BBG001S8WVQ7,,False,Common Stock,Equity,US,openfigi:/v3/mapping,2026-09-19,NOT_IN_RADAR
03769M106,416146275.0,1629,03769M106,BBG00ZNLTFL2,,False,Common Stock,Equity,US,openfigi:/v3/mapping,2026-09-19,NOT_IN_RADAR
55087P104,415592506.0,767,55087P104,BBG004M9ZHY4,,False,Common Stock,Equity,US,openfigi:/v3/mapping,2026-09-19,NOT_IN_RADAR
62955J103,413021210.0,685,62955J103,BBG001S6HFR2,,False,Common Stock,Equity,US,openfigi:/v3/mapping,2026-09-19,NOT_IN_RADAR
16679L109,412966781.0,822,16679L109,BBG00P19DLQ4,,False,Common Stock,Equity,US,openfigi:/v3/mapping,2026-09-19,NOT_IN_RADAR
G54950103,411229804.0,3349,G54950103,,,False,,,,openfigi:/v3/mapping,2026-09-19,NO_ID
G87110105,407903842.0,1149,G87110105,,,False,,,,openfigi:/v3/mapping,2026-09-19,NO_ID
741623102,407731652.0,525,741623102,BBG01QNB0RT0,,False,Common Stock,Equity,US,openfigi:/v3/mapping,2026-09-19,NOT_IN_RADAR
45841N107,407709747.0,1484,45841N107,BBG001SQ4YC7,,False,Common Stock,Equity,US,openfigi:/v3/mapping,2026-09-19,NOT_IN_RADAR
26142V105,406977004.0,995,26142V105,BBG0134WCMB3,,False,Common Stock,Equity,US,openfigi:/v3/mapping,2026-09-19,NOT_IN_RADAR
916896103,406756296.0,598,916896103,BBG001SK6158,,False,Common Stock,Equity,US,openfigi:/v3/mapping,2026-09-19,NOT_IN_RADAR
884903808,405347579.0,715,884903808,,,False,,,,openfigi:/v3/mapping,2026-09-19,NO_ID
744573106,405146792.0,1867,744573106,BBG001S5V3C1,PEG,True,Common Stock,Equity,US,openfigi:/v3/mapping,2026-09-19,OK
918204108,404504745.0,821,918204108,BBG001S5X749,,False,Common Stock,Equity,US,openfigi:/v3/mapping,2026-09-19,NOT_IN_RADAR
649445400,404261015.0,542,649445400,BBG001SD32Z2,,False,Common Stock,Equity,US,openfigi:/v3/mapping,2026-09-19,NOT_IN_RADAR
464287309,403233069.0,2487,464287309,BBG001S561Q8,,False,ETP,Equity,US,openfigi:/v3/mapping,2026-09-19,NOT_IN_RADAR
693718108,402507087.0,1638,693718108,BBG001S5V1S8,,False,Common Stock,Equity,US,openfigi:/v3/mapping,2026-09-19,NOT_IN_RADAR
18453H106,402151155.0,282,18453H106,BBG001SY0WV7,,False,Common Stock,Equity,US,openfigi:/v3/mapping,2026-09-19,NOT_IN_RADAR
Y37426106,400000000.0,1,Y37426106,,,False,,,,openfigi:/v3/mapping,2026-09-19,NO_ID
88339J105,399225376.0,1131,88339J105,BBG00629NGW8,,False,Common Stock,Equity,US,openfigi:/v3/mapping,2026-09-19,NOT_IN_RADAR
808524870,399211543.0,1770,808524870,BBG001T9F777,,False,ETP,Equity,US,openfigi:/v3/mapping,2026-09-19,NOT_IN_RADAR
07317Q105,395712001.0,238,07317Q105,BBG001S998N5,,False,Common Stock,Equity,US,openfigi:/v3/mapping,2026-09-19,NOT_IN_RADAR
443201108,395368313.0,2170,443201108,BBG00DYNJH69,HWM,True,Common Stock,Equity,US,openfigi:/v3/mapping,2026-09-19,OK
464285204,395101958.0,2676,464285204,BBG001SJK6D5,,False,ETP,Equity,US,openfigi:/v3/mapping,2026-09-19,NOT_IN_RADAR
44955L106,393562018.0,237,44955L106,BBG00Z3VDWG8,,False,Common Stock,Equity,US,openfigi:/v3/mapping,2026-09-19,NOT_IN_RADAR
252131107,391965529.0,1475,252131107,BBG001SKZG99,,False,Common Stock,Equity,US,openfigi:/v3/mapping,2026-09-19,NOT_IN_RADAR
03945R102,391614341.0,672,03945R102,BBG00XRTC929,,False,Common Stock,Equity,US,openfigi:/v3/mapping,2026-09-19,NOT_IN_RADAR
450913108,390804845.0,419,450913108,BBG001S8SMV6,,False,Common Stock,Equity,US,openfigi:/v3/mapping,2026-09-19,NOT_IN_RADAR
42226K105,390802805.0,673,42226K105,BBG001T5WP21,,False,REIT,Equity,US,openfigi:/v3/mapping,2026-09-19,NOT_IN_RADAR
72201R585,390049359.0,875,72201R585,BBG01GZGT490,,False,ETP,Equity,US,openfigi:/v3/mapping,2026-09-19,NOT_IN_RADAR
00187Y100,389616936.0,862,00187Y100,BBG00HVV7984,,False,Common Stock,Equity,US,openfigi:/v3/mapping,2026-09-19,NOT_IN_RADAR
Y2573F102,388623588.0,1226,Y2573F102,,,False,,,,openfigi:/v3/mapping,2026-09-19,NO_ID
25809K105,388220281.0,1615,25809K105,BBG005D7QCK1,DASH,True,Common Stock,Equity,US,openfigi:/v3/mapping,2026-09-19,OK
680033107,387842731.0,685,680033107,BBG001SD2ZG1,ONB,True,Common Stock,Equity,US,openfigi:/v3/mapping,2026-09-19,OK
87612E106,382291428.0,2521,87612E106,BBG001SC0K41,TGT,True,Common Stock,Equity,US,openfigi:/v3/mapping,2026-09-19,OK
79589L106,380893655.0,816,79589L106,BBG0099PW5Q0,,False,Common Stock,Equity,US,openfigi:/v3/mapping,2026-09-19,NOT_IN_RADAR
53228F101,380009423.0,350,53228F101,BBG01138DHT2,,False,Common Stock,Equity,US,openfigi:/v3/mapping,2026-09-19,NOT_IN_RADAR
70614W100,379601396.0,591,70614W100,BBG00JG0FG08,,False,Common Stock,Equity,US,openfigi:/v3/mapping,2026-09-19,NOT_IN_RADAR
N4732M103,377224140.0,381,N4732M103,,,False,,,,openfigi:/v3/mapping,2026-09-19,NO_ID
81141R100,375209503.0,1155,81141R100,BBG00HTBWMH4,,False,ADR,Equity,US,openfigi:/v3/mapping,2026-09-19,NOT_IN_RADAR
H1467J104,374544973.0,3023,H1467J104,,,False,,,,openfigi:/v3/mapping,2026-09-19,NO_ID
37733W204,374434640.0,1342,37733W204,BBG001SD6SM6,,False,ADR,Equity,US,openfigi:/v3/mapping,2026-09-19,NOT_IN_RADAR
281020107,373278692.0,1609,281020107,BBG001S7MY75,,False,Common Stock,Equity,US,openfigi:/v3/mapping,2026-09-19,NOT_IN_RADAR
001055102,372771137.0,2334,001055102,BBG001S5NGJ4,,False,Common Stock,Equity,US,openfigi:/v3/mapping,2026-09-19,NOT_IN_RADAR
780259305,372255392.0,2039,780259305,BBG0147BN6H1,,False,ADR,Equity,US,openfigi:/v3/mapping,2026-09-19,NOT_IN_RADAR
14020G101,372006838.0,766,14020G101,BBG015DMY5P8,,False,ETP,Equity,US,openfigi:/v3/mapping,2026-09-19,NOT_IN_RADAR
86800U302,370676935.0,1044,86800U302,BBG001SQGH95,,False,Common Stock,Equity,US,openfigi:/v3/mapping,2026-09-19,NOT_IN_RADAR
68902V107,370222213.0,1852,68902V107,BBG00RP60LN7,,False,Common Stock,Equity,US,openfigi:/v3/mapping,2026-09-19,NOT_IN_RADAR
464287432,369980144.0,1307,464287432,BBG001S8MLN3,,False,ETP,Equity,US,openfigi:/v3/mapping,2026-09-19,NOT_IN_RADAR
922042775,369736170.0,1823,922042775,BBG001SP7T00,,False,ETP,Equity,US,openfigi:/v3/mapping,2026-09-19,NOT_IN_RADAR
87165B103,369427405.0,1430,87165B103,BBG00658F3Q2,,False,Common Stock,Equity,US,openfigi:/v3/mapping,2026-09-19,NOT_IN_RADAR
053015103,369114983.0,3275,053015103,BBG001S82KF6,ADP,True,Common Stock,Equity,US,openfigi:/v3/mapping,2026-09-19,OK
03743Q108,368839571.0,1177,03743Q108,BBG00YTS96H1,,False,Common Stock,Equity,US,openfigi:/v3/mapping,2026-09-19,NOT_IN_RADAR
009066101,367217061.0,1882,009066101,BBG001Y2XS16,ABNB,True,Common Stock,Equity,US,openfigi:/v3/mapping,2026-09-19,OK
464288588,367124501.0,1297,464288588,BBG001SSD8B1,,False,ETP,Equity,US,openfigi:/v3/mapping,2026-09-19,NOT_IN_RADAR
58463J304,366329885.0,697,58463J304,BBG001S7WM61,,False,REIT,Equity,US,openfigi:/v3/mapping,2026-09-19,NOT_IN_RADAR
91332U101,364221821.0,757,91332U101,BBG0056JW5H5,,False,Common Stock,Equity,US,openfigi:/v3/mapping,2026-09-19,NOT_IN_RADAR
78573M104,362789619.0,334,78573M104,BBG005WQVVG5,,False,Common Stock,Equity,US,openfigi:/v3/mapping,2026-09-19,NOT_IN_RADAR
808524409,362702642.0,1099,808524409,BBG001T66WQ7,,False,ETP,Equity,US,openfigi:/v3/mapping,2026-09-19,NOT_IN_RADAR
149123101,362049179.0,4841,149123101,BBG001S5PJ06,CAT,True,Common Stock,Equity,US,openfigi:/v3/mapping,2026-09-19,OK
464287150,361645840.0,1802,464287150,BBG001SHTRL5,,False,ETP,Equity,US,openfigi:/v3/mapping,2026-09-19,NOT_IN_RADAR
G0250X149,360998070.0,986,G0250X149,,,False,,,,openfigi:/v3/mapping,2026-09-19,NO_ID
78464A664,360982103.0,594,78464A664,BBG001STKCY7,,False,ETP,Equity,US,openfigi:/v3/mapping,2026-09-19,NOT_IN_RADAR
G7709Q104,360870255.0,879,G7709Q104,,,False,,,,openfigi:/v3/mapping,2026-09-19,NO_ID
47103U845,360577475.0,1223,47103U845,BBG00XX898D2,,False,ETP,Equity,US,openfigi:/v3/mapping,2026-09-19,NOT_IN_RADAR
97651M109,359187602.0,402,97651M109,BBG001S5XGG6,,False,ADR,Equity,US,openfigi:/v3/mapping,2026-09-19,NOT_IN_RADAR
75629V104,358611858.0,465,75629V104,BBG00PQ4XJ54,,False,Common Stock,Equity,US,openfigi:/v3/mapping,2026-09-19,NOT_IN_RADAR
42806J700,358419384.0,412,42806J700,BBG011N571V5,,False,Common Stock,Equity,US,openfigi:/v3/mapping,2026-09-19,NOT_IN_RADAR
29476L107,358406941.0,1069,29476L107,BBG001S723L9,VMRK,True,REIT,Equity,US,openfigi:/v3/mapping,2026-09-19,OK
883556102,358346729.0,3693,883556102,BBG001S5WS08,TMO,True,Common Stock,Equity,US,openfigi:/v3/mapping,2026-09-19,OK
693475105,356943697.0,2819,693475105,BBG001S5V947,PNC,True,Common Stock,Equity,US,openfigi:/v3/mapping,2026-09-19,OK
64828T201,356615722.0,722,64828T201,BBG003T1GM12,,False,REIT,Equity,US,openfigi:/v3/mapping,2026-09-19,NOT_IN_RADAR
94106L109,355333847.0,3273,94106L109,BBG001S5XH47,,False,Common Stock,Equity,US,openfigi:/v3/mapping,2026-09-19,NOT_IN_RADAR
464288414,355221627.0,1894,464288414,BBG001SZV978,,False,ETP,Equity,US,openfigi:/v3/mapping,2026-09-19,NOT_IN_RADAR
G29183103,354903190.0,3522,G29183103,,,False,,,,openfigi:/v3/mapping,2026-09-19,NO_ID
055622104,352417237.0,1635,055622104,BBG001S5W4F5,,False,ADR,Equity,US,openfigi:/v3/mapping,2026-09-19,NOT_IN_RADAR
37247D106,350669453.0,571,37247D106,BBG001SJ0DH8,,False,Common Stock,Equity,US,openfigi:/v3/mapping,2026-09-19,NOT_IN_RADAR
69932A204,350118454.0,750,69932A204,BBG01VS5NKB6,,False,Common Stock,Equity,US,openfigi:/v3/mapping,2026-09-19,NOT_IN_RADAR
958102105,349676365.0,2052,958102105,BBG001S5XD28,,False,Common Stock,Equity,US,openfigi:/v3/mapping,2026-09-19,NOT_IN_RADAR
81369Y803,349283524.0,2962,81369Y803,BBG001S7TCZ5,,False,ETP,Equity,US,openfigi:/v3/mapping,2026-09-19,NOT_IN_RADAR
85423L103,348505910.0,499,85423L103,BBG001STH0V0,,False,Common Stock,Equity,US,openfigi:/v3/mapping,2026-09-19,NOT_IN_RADAR
388689101,348413344.0,664,388689101,BBG001S90195,,False,Common Stock,Equity,US,openfigi:/v3/mapping,2026-09-19,NOT_IN_RADAR
222070203,348241805.0,468,222070203,BBG001S8GLM1,,False,Common Stock,Equity,US,openfigi:/v3/mapping,2026-09-19,NOT_IN_RADAR
063671101,347968423.0,940,063671101,BBG001S5Y203,,False,Common Stock,Equity,US,openfigi:/v3/mapping,2026-09-19,NOT_IN_RADAR
902653104,347283562.0,800,902653104,BBG001S6KCT3,,False,REIT,Equity,US,openfigi:/v3/mapping,2026-09-19,NOT_IN_RADAR
46438F101,347188374.0,1731,46438F101,BBG01KYQ6QS5,,False,ETP,Equity,US,openfigi:/v3/mapping,2026-09-19,NOT_IN_RADAR
00724F101,347176691.0,3087,00724F101,BBG001S5NCQ5,,False,Common Stock,Equity,US,openfigi:/v3/mapping,2026-09-19,NOT_IN_RADAR
878742204,347117290.0,746,878742204,BBG001S60LH8,,False,Common Stock,Equity,US,openfigi:/v3/mapping,2026-09-19,NOT_IN_RADAR
03152W109,346906068.0,428,03152W109,,,False,,,,openfigi:/v3/mapping,2026-09-19,NO_ID
464288877,344653740.0,1569,464288877,BBG001SNYBH6,,False,ETP,Equity,US,openfigi:/v3/mapping,2026-09-19,NOT_IN_RADAR
65340P106,344403234.0,359,65340P106,BBG00334PFM6,,False,Common Stock,Equity,US,openfigi:/v3/mapping,2026-09-19,NOT_IN_RADAR
12572Q105,344274071.0,2571,12572Q105,BBG001S86547,CME,True,Common Stock,Equity,US,openfigi:/v3/mapping,2026-09-19,OK
92206C409,343357031.0,2712,92206C409,BBG001T62KZ7,,False,ETP,Equity,US,openfigi:/v3/mapping,2026-09-19,NOT_IN_RADAR
253868103,343038594.0,1810,253868103,BBG001SM0K30,DLR,True,REIT,Equity,US,openfigi:/v3/mapping,2026-09-19,OK
92537N108,342727372.0,2608,92537N108,BBG00L2B8LM7,VRT,True,Common Stock,Equity,US,openfigi:/v3/mapping,2026-09-19,OK
26614N102,342670647.0,1793,26614N102,,,False,,,,openfigi:/v3/mapping,2026-09-19,NO_ID
66987E206,342373359.0,378,66987E206,BBG001S5ZT85,,False,Common Stock,Equity,US,openfigi:/v3/mapping,2026-09-19,NOT_IN_RADAR
34959J108,341014188.0,1187,34959J108,BBG00BLVZ237,,False,Common Stock,Equity,US,openfigi:/v3/mapping,2026-09-19,NOT_IN_RADAR
G0450A105,340513110.0,1402,G0450A105,,,False,,,,openfigi:/v3/mapping,2026-09-19,NO_ID
464287242,340393515.0,1312,464287242,BBG001S60QR6,,False,ETP,Equity,US,openfigi:/v3/mapping,2026-09-19,NOT_IN_RADAR
22160K105,339362193.0,5565,22160K105,BBG001S9KRQ7,COST,True,Common Stock,Equity,US,openfigi:/v3/mapping,2026-09-19,OK
G98239109,339252833.0,572,G98239109,,,False,,,,openfigi:/v3/mapping,2026-09-19,NO_ID
606822104,338897942.0,749,606822104,BBG001SFZ3S8,,False,ADR,Equity,US,openfigi:/v3/mapping,2026-09-19,NOT_IN_RADAR
37890B100,338593946.0,238,37890B100,BBG00Y52B9C0,,False,Common Stock,Equity,US,openfigi:/v3/mapping,2026-09-19,NOT_IN_RADAR
718546104,338126035.0,2974,718546104,BBG00286S4P7,PSX,True,Common Stock,Equity,US,openfigi:/v3/mapping,2026-09-19,OK
67077M108,337561392.0,1044,67077M108,BBG00JM9SM69,,False,Common Stock,Equity,US,openfigi:/v3/mapping,2026-09-19,NOT_IN_RADAR
30040W108,337448776.0,1611,30040W108,BBG001S5TRL1,ES,True,Common Stock,Equity,US,openfigi:/v3/mapping,2026-09-19,OK
92206C102,336483023.0,1529,92206C102,BBG001T62M74,,False,ETP,Equity,US,openfigi:/v3/mapping,2026-09-19,NOT_IN_RADAR
316841105,336347831.0,401,316841105,BBG00BLZ2CF9,,False,Common Stock,Equity,US,openfigi:/v3/mapping,2026-09-19,NOT_IN_RADAR
25434V203,336008910.0,1202,25434V203,BBG00Y2PGDN6,,False,ETP,Equity,US,openfigi:/v3/mapping,2026-09-19,NOT_IN_RADAR
008474108,335627783.0,1611,008474108,BBG001S77MK3,,False,Common Stock,Equity,US,openfigi:/v3/mapping,2026-09-19,NOT_IN_RADAR
60646V105,333868956.0,343,60646V105,,,False,,,,openfigi:/v3/mapping,2026-09-19,NO_ID
90364P105,333468768.0,757,90364P105,BBG00GKS1G12,,False,Common Stock,Equity,US,openfigi:/v3/mapping,2026-09-19,NOT_IN_RADAR
21873S108,333128760.0,1121,21873S108,BBG011ZTRJ49,,False,Common Stock,Equity,US,openfigi:/v3/mapping,2026-09-19,NOT_IN_RADAR
88080T104,332943561.0,621,88080T104,BBG0122MC919,,False,Common Stock,Equity,US,openfigi:/v3/mapping,2026-09-19,NOT_IN_RADAR
528872302,332899724.0,172,528872302,BBG001SDWCZ8,,False,Common Stock,Equity,US,openfigi:/v3/mapping,2026-09-19,NOT_IN_RADAR
681919106,331937887.0,1712,681919106,BBG001S5VR10,OMC,True,Common Stock,Equity,US,openfigi:/v3/mapping,2026-09-19,OK
81369Y886,331716254.0,2024,81369Y886,BBG001S7TD56,,False,ETP,Equity,US,openfigi:/v3/mapping,2026-09-19,NOT_IN_RADAR
46641Q332,331708759.0,1610,46641Q332,BBG00TSG0SK6,,False,ETP,Equity,US,openfigi:/v3/mapping,2026-09-19,NOT_IN_RADAR
60770K107,331336870.0,1041,60770K107,BBG003PHHZV8,,False,Common Stock,Equity,US,openfigi:/v3/mapping,2026-09-19,NOT_IN_RADAR
17253J106,330849045.0,519,17253J106,BBG00XYHY0L1,,False,Common Stock,Equity,US,openfigi:/v3/mapping,2026-09-19,NOT_IN_RADAR
866966104,330193235.0,649,866966104,BBG01ZZ7RCV7,,False,Common Stock,Equity,US,openfigi:/v3/mapping,2026-09-19,NOT_IN_RADAR
02156K103,328273492.0,264,02156K103,BBG00GFMPS82,,False,Common Stock,Equity,US,openfigi:/v3/mapping,2026-09-19,NOT_IN_RADAR
78464A409,327763143.0,1737,78464A409,BBG001SD7RB9,,False,ETP,Equity,US,openfigi:/v3/mapping,2026-09-19,NOT_IN_RADAR
670100205,327085796.0,1681,670100205,BBG001S5TSK0,,False,ADR,Equity,US,openfigi:/v3/mapping,2026-09-19,NOT_IN_RADAR
302520101,325626560.0,715,302520101,BBG001S5R1Q5,,False,Common Stock,Equity,US,openfigi:/v3/mapping,2026-09-19,NOT_IN_RADAR
11120U105,325461562.0,717,11120U105,BBG001V0T8T2,,False,REIT,Equity,US,openfigi:/v3/mapping,2026-09-19,NOT_IN_RADAR
863667101,323938287.0,3279,863667101,BBG001S8FR03,SYK,True,Common Stock,Equity,US,openfigi:/v3/mapping,2026-09-19,OK
48553T106,322404896.0,414,48553T106,BBG01163M6H7,,False,ADR,Equity,US,openfigi:/v3/mapping,2026-09-19,NOT_IN_RADAR
959802109,321751997.0,727,959802109,BBG001SR0YK0,,False,Common Stock,Equity,US,openfigi:/v3/mapping,2026-09-19,NOT_IN_RADAR
808524862,321008030.0,789,808524862,BBG001T9F795,,False,ETP,Equity,US,openfigi:/v3/mapping,2026-09-19,NOT_IN_RADAR
02665T306,320613384.0,719,02665T306,BBG003NXJNJ4,,False,REIT,Equity,US,openfigi:/v3/mapping,2026-09-19,NOT_IN_RADAR
110448107,320536275.0,1186,110448107,BBG001S6VV46,,False,ADR,Equity,US,openfigi:/v3/mapping,2026-09-19,NOT_IN_RADAR
78468R663,319739167.0,1634,78468R663,BBG001STKCW9,,False,ETP,Equity,US,openfigi:/v3/mapping,2026-09-19,NOT_IN_RADAR
57142B104,318284150.0,372,57142B104,,,False,,,,openfigi:/v3/mapping,2026-09-19,NO_ID
125896100,318063249.0,1387,125896100,BBG001S5PYJ3,,False,Common Stock,Equity,US,openfigi:/v3/mapping,2026-09-19,NOT_IN_RADAR
088929104,317950839.0,530,088929104,BBG01H9FTHS9,,False,Common Stock,Equity,US,openfigi:/v3/mapping,2026-09-19,NOT_IN_RADAR
46120E602,317470215.0,3336,46120E602,BBG001S7XR78,ISRG,True,Common Stock,Equity,US,openfigi:/v3/mapping,2026-09-19,OK
373737105,317139112.0,264,373737105,BBG001SCL1T3,,False,ADR,Equity,US,openfigi:/v3/mapping,2026-09-19,NOT_IN_RADAR
494368103,316657276.0,2315,494368103,BBG001S5SLZ0,KMB,True,Common Stock,Equity,US,openfigi:/v3/mapping,2026-09-19,OK
03064D108,316631666.0,592,03064D108,BBG001SMQ866,,False,REIT,Equity,US,openfigi:/v3/mapping,2026-09-19,NOT_IN_RADAR
294821608,315020286.0,515,294821608,BBG001S5QXT3,,False,ADR,Equity,US,openfigi:/v3/mapping,2026-09-19,NOT_IN_RADAR
46434V621,314974104.0,1591,46434V621,BBG006MJFZK4,,False,ETP,Equity,US,openfigi:/v3/mapping,2026-09-19,NOT_IN_RADAR
268150109,314785120.0,901,268150109,BBG00PNN7CW9,,False,Common Stock,Equity,US,openfigi:/v3/mapping,2026-09-19,NOT_IN_RADAR
773121108,314671325.0,1215,773121108,BBG01V7JN489,,False,Common Stock,Equity,US,openfigi:/v3/mapping,2026-09-19,NOT_IN_RADAR
44952J104,314654639.0,499,44952J104,BBG013THLJ08,,False,Common Stock,Equity,US,openfigi:/v3/mapping,2026-09-19,NOT_IN_RADAR
185123106,314553964.0,483,185123106,,,False,,,,openfigi:/v3/mapping,2026-09-19,NO_ID
78464A672,314283594.0,555,78464A672,BBG001STKCX8,,False,ETP,Equity,US,openfigi:/v3/mapping,2026-09-19,NOT_IN_RADAR
76131D103,313785701.0,821,76131D103,BBG0076WG2T4,,False,Common Stock,Equity,US,openfigi:/v3/mapping,2026-09-19,NOT_IN_RADAR
577081102,313745994.0,623,577081102,BBG001S5SZF1,,False,Common Stock,Equity,US,openfigi:/v3/mapping,2026-09-19,NOT_IN_RADAR
828806109,313368492.0,1927,828806109,BBG001S77WM9,SPG,True,REIT,Equity,US,openfigi:/v3/mapping,2026-09-19,OK
477143101,313024384.0,550,477143101,BBG001S9YPC1,,False,Common Stock,Equity,US,openfigi:/v3/mapping,2026-09-19,NOT_IN_RADAR
09290C780,311805333.0,671,09290C780,BBG01Q9L3DJ3,,False,ETP,Equity,US,openfigi:/v3/mapping,2026-09-19,NOT_IN_RADAR
85571B105,311449530.0,710,85571B105,BBG001T4JCN5,,False,REIT,Equity,US,openfigi:/v3/mapping,2026-09-19,NOT_IN_RADAR
808524755,310946114.0,988,808524755,BBG0051K49J8,,False,ETP,Equity,US,openfigi:/v3/mapping,2026-09-19,NOT_IN_RADAR
34385P108,310191105.0,232,34385P108,BBG001T0FDP3,,False,Common Stock,Equity,US,openfigi:/v3/mapping,2026-09-19,NOT_IN_RADAR
706327103,309755587.0,635,706327103,BBG001SB0CJ5,,False,Common Stock,Equity,US,openfigi:/v3/mapping,2026-09-19,NOT_IN_RADAR
962879102,308599103.0,1260,962879102,BBG001S6DSP0,,False,Common Stock,Equity,US,openfigi:/v3/mapping,2026-09-19,NOT_IN_RADAR
443628102,308570472.0,425,443628102,BBG001SL27N7,,False,Common Stock,Equity,US,openfigi:/v3/mapping,2026-09-19,NOT_IN_RADAR
354613101,308387741.0,955,354613101,BBG001S5P3W6,,False,Common Stock,Equity,US,openfigi:/v3/mapping,2026-09-19,NOT_IN_RADAR
704326107,308201265.0,2169,704326107,BBG001S5V135,,False,Common Stock,Equity,US,openfigi:/v3/mapping,2026-09-19,NOT_IN_RADAR
778296103,307948348.0,2010,778296103,BBG001S5VRS1,ROST,True,Common Stock,Equity,US,openfigi:/v3/mapping,2026-09-19,OK
767292105,307800121.0,594,767292105,BBG001SDW128,,False,Common Stock,Equity,US,openfigi:/v3/mapping,2026-09-19,NOT_IN_RADAR
23804L103,307603144.0,1592,23804L103,BBG003NJHZW5,,False,Common Stock,Equity,US,openfigi:/v3/mapping,2026-09-19,NOT_IN_RADAR
115236101,306583466.0,1343,115236101,BBG001S5XFN0,,False,Common Stock,Equity,US,openfigi:/v3/mapping,2026-09-19,NOT_IN_RADAR
464287655,306262563.0,3068,464287655,BBG001SFC7Y7,,False,ETP,Equity,US,openfigi:/v3/mapping,2026-09-19,NOT_IN_RADAR
16935C109,306155661.0,292,16935C109,BBG00QK4M9N2,,False,Common Stock,Equity,US,openfigi:/v3/mapping,2026-09-19,NOT_IN_RADAR
910047109,305431178.0,1453,910047109,BBG001SQ87W0,,False,Common Stock,Equity,US,openfigi:/v3/mapping,2026-09-19,NOT_IN_RADAR
46090F100,305312506.0,517,46090F100,BBG007HL81B6,,False,ETP,Equity,US,openfigi:/v3/mapping,2026-09-19,NOT_IN_RADAR
46137V357,303677376.0,2517,46137V357,BBG00KJR2NN7,,False,ETP,Equity,US,openfigi:/v3/mapping,2026-09-19,NOT_IN_RADAR
29479A108,303674337.0,338,29479A108,BBG00MTSR892,,False,Common Stock,Equity,US,openfigi:/v3/mapping,2026-09-19,NOT_IN_RADAR
61945C103,302844775.0,1026,61945C103,BBG001S7LJN1,,False,Common Stock,Equity,US,openfigi:/v3/mapping,2026-09-19,NOT_IN_RADAR
25434V799,302780480.0,717,25434V799,BBG01631TNW2,,False,ETP,Equity,US,openfigi:/v3/mapping,2026-09-19,NOT_IN_RADAR
02005N100,302734570.0,877,02005N100,BBG001S5RLN4,,False,Common Stock,Equity,US,openfigi:/v3/mapping,2026-09-19,NOT_IN_RADAR
464288620,302246239.0,553,464288620,BBG001SSD876,,False,ETP,Equity,US,openfigi:/v3/mapping,2026-09-19,NOT_IN_RADAR
71601V105,301900212.0,304,71601V105,BBG00YFGTWH3,,False,Common Stock,Equity,US,openfigi:/v3/mapping,2026-09-19,NOT_IN_RADAR
775711104,301509977.0,1266,775711104,BBG001S5VRG4,,False,Common Stock,Equity,US,openfigi:/v3/mapping,2026-09-19,NOT_IN_RADAR
12504L109,301358938.0,1655,12504L109,BBG001SC2D27,CBRE,True,Common Stock,Equity,US,openfigi:/v3/mapping,2026-09-19,OK
92840M102,300486082.0,1990,92840M102,BBG00DXDL6R0,VST,True,Common Stock,Equity,US,openfigi:/v3/mapping,2026-09-19,OK
084423102,300433722.0,1405,084423102,BBG001S5P463,,False,Common Stock,Equity,US,openfigi:/v3/mapping,2026-09-19,NOT_IN_RADAR
Y2732C107,300000000.0,1,Y2732C107,,,False,,,,openfigi:/v3/mapping,2026-09-19,NO_ID
21037T109,299993317.0,2755,21037T109,BBG014KFRPJ9,CEG,True,Common Stock,Equity,US,openfigi:/v3/mapping,2026-09-19,OK
92939U106,298538147.0,2114,92939U106,BBG001S5XDC7,WEC,True,Common Stock,Equity,US,openfigi:/v3/mapping,2026-09-19,OK
464288646,297730938.0,1189,464288646,BBG001SSD858,,False,ETP,Equity,US,openfigi:/v3/mapping,2026-09-19,NOT_IN_RADAR
83601L102,297283993.0,447,83601L102,BBG008LZG101,,False,Common Stock,Equity,US,openfigi:/v3/mapping,2026-09-19,NOT_IN_RADAR
70451X104,296892081.0,419,70451X104,BBG00Z5JLLD1,,False,Common Stock,Equity,US,openfigi:/v3/mapping,2026-09-19,NOT_IN_RADAR
98980F104,296593399.0,518,98980F104,BBG00S1HJ4F4,,False,Common Stock,Equity,US,openfigi:/v3/mapping,2026-09-19,NOT_IN_RADAR
075887109,294284961.0,2196,075887109,BBG001S5P374,,False,Common Stock,Equity,US,openfigi:/v3/mapping,2026-09-19,NOT_IN_RADAR
501889208,292453872.0,845,501889208,BBG001SCCPJ1,,False,Common Stock,Equity,US,openfigi:/v3/mapping,2026-09-19,NOT_IN_RADAR
00534A102,292376046.0,170,00534A102,BBG00W4ML048,,False,Common Stock,Equity,US,openfigi:/v3/mapping,2026-09-19,NOT_IN_RADAR
03676B102,291530932.0,746,03676B102,BBG00GBNZ4N9,,False,Common Stock,Equity,US,openfigi:/v3/mapping,2026-09-19,NOT_IN_RADAR
18915M107,291483505.0,1606,18915M107,BBG001WMKHJ3,,False,Common Stock,Equity,US,openfigi:/v3/mapping,2026-09-19,NOT_IN_RADAR
197236102,290379161.0,772,197236102,BBG001S72GJ3,,False,Common Stock,Equity,US,openfigi:/v3/mapping,2026-09-19,NOT_IN_RADAR
03852U106,289969368.0,718,03852U106,BBG001V0NR70,,False,Common Stock,Equity,US,openfigi:/v3/mapping,2026-09-19,NOT_IN_RADAR
20459V105,289466069.0,300,20459V105,BBG00XTTT2B4,,False,Common Stock,Equity,US,openfigi:/v3/mapping,2026-09-19,NOT_IN_RADAR
81730H109,289008161.0,637,81730H109,BBG00B6F2F27,,False,Common Stock,Equity,US,openfigi:/v3/mapping,2026-09-19,NOT_IN_RADAR
74969N103,288151536.0,143,74969N103,BBG00YR17773,,False,ADR,Equity,US,openfigi:/v3/mapping,2026-09-19,NOT_IN_RADAR
G87052109,288137686.0,1910,G87052109,,,False,,,,openfigi:/v3/mapping,2026-09-19,NO_ID
46435G326,288091969.0,829,46435G326,BBG00G9DM0M7,,False,ETP,Equity,US,openfigi:/v3/mapping,2026-09-19,NOT_IN_RADAR
517834107,287739245.0,1150,517834107,BBG001SJCGP9,,False,Common Stock,Equity,US,openfigi:/v3/mapping,2026-09-19,NOT_IN_RADAR
209115104,287403892.0,1979,209115104,BBG001S5QRL4,ED,True,Common Stock,Equity,US,openfigi:/v3/mapping,2026-09-19,OK
462260100,287076754.0,403,462260100,BBG001T2PM32,,False,Common Stock,Equity,US,openfigi:/v3/mapping,2026-09-19,NOT_IN_RADAR
36467J108,286866229.0,893,36467J108,BBG003MSMCT5,,False,REIT,Equity,US,openfigi:/v3/mapping,2026-09-19,NOT_IN_RADAR
922908736,286756750.0,4695,922908736,BBG001SHTTS4,,False,ETP,Equity,US,openfigi:/v3/mapping,2026-09-19,NOT_IN_RADAR
06738E204,286100335.0,689,06738E204,BBG001S5P2T2,,False,ADR,Equity,US,openfigi:/v3/mapping,2026-09-19,NOT_IN_RADAR
78464A383,285866391.0,279,78464A383,BBG001T2HF72,,False,ETP,Equity,US,openfigi:/v3/mapping,2026-09-19,NOT_IN_RADAR
092528603,285150222.0,1063,092528603,BBG01GQYLJY8,,False,ETP,Equity,US,openfigi:/v3/mapping,2026-09-19,NOT_IN_RADAR
726503105,284889448.0,489,726503105,BBG001S985K5,,False,MLP,Equity,US,openfigi:/v3/mapping,2026-09-19,NOT_IN_RADAR
92206C771,284664576.0,855,92206C771,BBG001T62MF5,,False,ETP,Equity,US,openfigi:/v3/mapping,2026-09-19,NOT_IN_RADAR
09228F103,284584963.0,291,09228F103,BBG001S60618,,False,Common Stock,Equity,US,openfigi:/v3/mapping,2026-09-19,NOT_IN_RADAR
03674X106,284351152.0,925,03674X106,BBG001T61KH8,,False,Common Stock,Equity,US,openfigi:/v3/mapping,2026-09-19,NOT_IN_RADAR
N5505D105,284158032.0,787,N5505D105,,,False,,,,openfigi:/v3/mapping,2026-09-19,NO_ID
74624M102,283970042.0,1193,74624M102,BBG00212PW10,,False,Common Stock,Equity,US,openfigi:/v3/mapping,2026-09-19,NOT_IN_RADAR
459506101,283777714.0,1090,459506101,BBG001S5S5F7,IFF,True,Common Stock,Equity,US,openfigi:/v3/mapping,2026-09-19,OK
382550101,283162616.0,567,382550101,BBG001S5RQ62,,False,Common Stock,Equity,US,openfigi:/v3/mapping,2026-09-19,NOT_IN_RADAR
78468R606,282547952.0,1564,78468R606,BBG0034VNBZ2,,False,ETP,Equity,US,openfigi:/v3/mapping,2026-09-19,NOT_IN_RADAR
857477103,282453711.0,1692,857477103,BBG001S5RLD5,,False,Common Stock,Equity,US,openfigi:/v3/mapping,2026-09-19,NOT_IN_RADAR
464288513,281759065.0,1220,464288513,BBG001ST0ZQ7,,False,ETP,Equity,US,openfigi:/v3/mapping,2026-09-19,NOT_IN_RADAR
46267X108,281158573.0,191,46267X108,BBG00K6DZC32,,False,ADR,Equity,US,openfigi:/v3/mapping,2026-09-19,NOT_IN_RADAR
78464A649,280472549.0,628,78464A649,BBG001STKD11,,False,ETP,Equity,US,openfigi:/v3/mapping,2026-09-19,NOT_IN_RADAR
25434V807,280224956.0,1252,25434V807,BBG012G21Y06,,False,ETP,Equity,US,openfigi:/v3/mapping,2026-09-19,NOT_IN_RADAR
62914V106,279905178.0,558,62914V106,BBG00LPXZBW5,,False,ADR,Equity,US,openfigi:/v3/mapping,2026-09-19,NOT_IN_RADAR
53626N102,278795553.0,396,53626N102,BBG01TT3G7X8,,False,Common Stock,Equity,US,openfigi:/v3/mapping,2026-09-19,NOT_IN_RADAR
808524508,278729622.0,1431,808524508,BBG001V036R6,,False,ETP,Equity,US,openfigi:/v3/mapping,2026-09-19,NOT_IN_RADAR
172908105,278090296.0,2180,172908105,BBG001S7CRG1,,False,Common Stock,Equity,US,openfigi:/v3/mapping,2026-09-19,NOT_IN_RADAR
13321L108,277455569.0,1358,13321L108,BBG001S5Y5S6,,False,Common Stock,Equity,US,openfigi:/v3/mapping,2026-09-19,NOT_IN_RADAR
G39108108,276893803.0,614,G39108108,,,False,,,,openfigi:/v3/mapping,2026-09-19,NO_ID
37940X102,276893201.0,1192,37940X102,BBG001SGS2Z8,,False,Common Stock,Equity,US,openfigi:/v3/mapping,2026-09-19,NOT_IN_RADAR
877619106,276580600.0,272,877619106,BBG00TJXFDQ0,,False,Common Stock,Equity,US,openfigi:/v3/mapping,2026-09-19,NOT_IN_RADAR
09058V103,276179378.0,445,09058V103,BBG001S7K151,,False,Common Stock,Equity,US,openfigi:/v3/mapping,2026-09-19,NOT_IN_RADAR
46138G508,275647410.0,606,46138G508,BBG001V0MBC0,,False,ETP,Equity,US,openfigi:/v3/mapping,2026-09-19,NOT_IN_RADAR
754907103,274969419.0,677,754907103,BBG001S7NCZ1,,False,REIT,Equity,US,openfigi:/v3/mapping,2026-09-19,NOT_IN_RADAR
554382101,274428228.0,495,554382101,BBG001S7HGB5,,False,REIT,Equity,US,openfigi:/v3/mapping,2026-09-19,NOT_IN_RADAR
28618M106,274345872.0,706,28618M106,BBG004KDL523,,False,Common Stock,Equity,US,openfigi:/v3/mapping,2026-09-19,NOT_IN_RADAR
78409V104,274278439.0,3095,78409V104,BBG001S5T5M8,SPGI,True,Common Stock,Equity,US,openfigi:/v3/mapping,2026-09-19,OK
8AMMF0A84,273979268.0,1,8AMMF0A84,,,False,,,,openfigi:/v3/mapping,2026-09-19,NO_ID
G54958106,273000000.0,1,G54958106,,,False,,,,openfigi:/v3/mapping,2026-09-19,NO_ID
00846U101,272797728.0,1624,00846U101,BBG001SCTQY4,,False,Common Stock,Equity,US,openfigi:/v3/mapping,2026-09-19,NOT_IN_RADAR
78573L106,272230388.0,690,78573L106,BBG001SGNMK5,,False,REIT,Equity,US,openfigi:/v3/mapping,2026-09-19,NOT_IN_RADAR
G4253H101,272014225.0,446,G4253H101,,,False,,,,openfigi:/v3/mapping,2026-09-19,NO_ID
46284V101,271704514.0,1546,46284V101,BBG001SCQ2X1,IRM,True,REIT,Equity,US,openfigi:/v3/mapping,2026-09-19,OK
833445109,271431577.0,1832,833445109,BBG007DHGNK2,,False,Common Stock,Equity,US,openfigi:/v3/mapping,2026-09-19,NOT_IN_RADAR
349553107,271034256.0,524,349553107,BBG001S5YVM5,,False,Common Stock,Equity,US,openfigi:/v3/mapping,2026-09-19,NOT_IN_RADAR
14020Y102,270792999.0,344,14020Y102,BBG014YZRRT5,,False,ETP,Equity,US,openfigi:/v3/mapping,2026-09-19,NOT_IN_RADAR
126117100,270362178.0,433,126117100,BBG001S5PYX7,,False,Common Stock,Equity,US,openfigi:/v3/mapping,2026-09-19,NOT_IN_RADAR
440452100,270262801.0,957,440452100,BBG001S5S0D0,,False,Common Stock,Equity,US,openfigi:/v3/mapping,2026-09-19,NOT_IN_RADAR
30161Q104,270190175.0,1035,30161Q104,BBG001SD42W4,,False,Common Stock,Equity,US,openfigi:/v3/mapping,2026-09-19,NOT_IN_RADAR
416515104,269787161.0,1764,416515104,BBG001S8PXF3,,False,Common Stock,Equity,US,openfigi:/v3/mapping,2026-09-19,NOT_IN_RADAR
91913Y100,269487614.0,2562,91913Y100,BBG001S5X8K9,VLO,True,Common Stock,Equity,US,openfigi:/v3/mapping,2026-09-19,OK
60471A101,268648431.0,554,60471A101,BBG00VHJ1KB3,,False,Common Stock,Equity,US,openfigi:/v3/mapping,2026-09-19,NOT_IN_RADAR
112463104,268190360.0,400,112463104,BBG001SDHC58,,False,Common Stock,Equity,US,openfigi:/v3/mapping,2026-09-19,NOT_IN_RADAR
464287598,267848891.0,2241,464287598,BBG001S562P7,,False,ETP,Equity,US,openfigi:/v3/mapping,2026-09-19,NOT_IN_RADAR
902494103,267382288.0,1351,902494103,BBG001S871D5,,False,Common Stock,Equity,US,openfigi:/v3/mapping,2026-09-19,NOT_IN_RADAR
829933100,267308611.0,770,829933100,BBG01KJQM3Z7,,False,Common Stock,Equity,US,openfigi:/v3/mapping,2026-09-19,NOT_IN_RADAR
69121K104,267242136.0,534,69121K104,BBG00DB0XYD3,,False,Common Stock,Equity,US,openfigi:/v3/mapping,2026-09-19,NOT_IN_RADAR
018802108,267074517.0,1279,018802108,BBG001S8ZQ30,,False,Common Stock,Equity,US,openfigi:/v3/mapping,2026-09-19,NOT_IN_RADAR
24703L202,266495504.0,2299,24703L202,BBG00DW3SZT0,,False,Common Stock,Equity,US,openfigi:/v3/mapping,2026-09-19,NOT_IN_RADAR
78464A375,265499131.0,686,78464A375,BBG001T2HCY9,,False,ETP,Equity,US,openfigi:/v3/mapping,2026-09-19,NOT_IN_RADAR
86771W105,265361298.0,590,86771W105,BBG0025XVR94,,False,Common Stock,Equity,US,openfigi:/v3/mapping,2026-09-19,NOT_IN_RADAR
866796105,264936770.0,676,866796105,BBG001S7XWH6,,False,Common Stock,Equity,US,openfigi:/v3/mapping,2026-09-19,NOT_IN_RADAR
29452E101,264602670.0,859,29452E101,BBG00J7CBWL8,,False,Common Stock,Equity,US,openfigi:/v3/mapping,2026-09-19,NOT_IN_RADAR
N53745100,264184481.0,1390,N53745100,,,False,,,,openfigi:/v3/mapping,2026-09-19,NO_ID
024061103,263511493.0,420,024061103,BBG001S9DR67,,False,Common Stock,Equity,US,openfigi:/v3/mapping,2026-09-19,NOT_IN_RADAR
565788106,262758723.0,569,565788106,BBG001V0L7T2,,False,Common Stock,Equity,US,openfigi:/v3/mapping,2026-09-19,NOT_IN_RADAR
92763W103,262625945.0,472,92763W103,BBG002NLDML7,,False,ADR,Equity,US,openfigi:/v3/mapping,2026-09-19,NOT_IN_RADAR
55616P104,262611108.0,698,55616P104,BBG001S6KRW6,,False,Common Stock,Equity,US,openfigi:/v3/mapping,2026-09-19,NOT_IN_RADAR
H2927K103,259835955.0,703,H2927K103,,,False,,,,openfigi:/v3/mapping,2026-09-19,NO_ID
91688R108,259405272.0,198,91688R108,BBG001SKVFK2,,False,Common Stock,Equity,US,openfigi:/v3/mapping,2026-09-19,NOT_IN_RADAR
69047Q102,259115821.0,902,69047Q102,BBG00R2NHQ74,,False,Common Stock,Equity,US,openfigi:/v3/mapping,2026-09-19,NOT_IN_RADAR
452308109,259069428.0,2757,452308109,BBG001S5SDX0,,False,Common Stock,Equity,US,openfigi:/v3/mapping,2026-09-19,NOT_IN_RADAR
549498202,259016149.0,488,549498202,BBG00W7F99W4,,False,Common Stock,Equity,US,openfigi:/v3/mapping,2026-09-19,NOT_IN_RADAR
G16252101,258945825.0,444,G16252101,,,False,,,,openfigi:/v3/mapping,2026-09-19,NO_ID
23331A109,258789797.0,1677,23331A109,BBG001S8M692,,False,Common Stock,Equity,US,openfigi:/v3/mapping,2026-09-19,NOT_IN_RADAR
011532108,258730852.0,675,011532108,BBG009HT65S0,,False,Common Stock,Equity,US,openfigi:/v3/mapping,2026-09-19,NOT_IN_RADAR
57667L107,258699456.0,845,57667L107,BBG00VT0KP47,,False,Common Stock,Equity,US,openfigi:/v3/mapping,2026-09-19,NOT_IN_RADAR
36168Q104,258620407.0,516,36168Q104,BBG003FD9W80,,False,Common Stock,Equity,US,openfigi:/v3/mapping,2026-09-19,NOT_IN_RADAR
25434V880,257960870.0,959,25434V880,BBG012G2PD33,,False,ETP,Equity,US,openfigi:/v3/mapping,2026-09-19,NOT_IN_RADAR
88162G103,257893082.0,920,88162G103,BBG001S5YYH5,,False,Common Stock,Equity,US,openfigi:/v3/mapping,2026-09-19,NOT_IN_RADAR
023608102,257296408.0,1348,023608102,BBG001S5NF24,AEE,True,Common Stock,Equity,US,openfigi:/v3/mapping,2026-09-19,OK
74767V109,255702152.0,580,74767V109,BBG00VJ17DT1,,False,Common Stock,Equity,US,openfigi:/v3/mapping,2026-09-19,NOT_IN_RADAR
78464A474,255609562.0,684,78464A474,BBG001T6B0P2,,False,ETP,Equity,US,openfigi:/v3/mapping,2026-09-19,NOT_IN_RADAR
60687Y109,255332947.0,581,60687Y109,BBG001SMCTP4,,False,ADR,Equity,US,openfigi:/v3/mapping,2026-09-19,NOT_IN_RADAR
09173B107,255206944.0,234,09173B107,,,False,,,,openfigi:/v3/mapping,2026-09-19,NO_ID
461202103,254755425.0,3042,461202103,BBG001S6TWR2,,False,Common Stock,Equity,US,openfigi:/v3/mapping,2026-09-19,NOT_IN_RADAR
093712107,254554712.0,1423,093712107,BBG001T53509,,False,Common Stock,Equity,US,openfigi:/v3/mapping,2026-09-19,NOT_IN_RADAR
00827B106,254457739.0,897,00827B106,BBG00Y7BP8Z0,,False,Common Stock,Equity,US,openfigi:/v3/mapping,2026-09-19,NOT_IN_RADAR
72703X106,254383187.0,596,72703X106,BBG00ZCV3Q27,,False,Common Stock,Equity,US,openfigi:/v3/mapping,2026-09-19,NOT_IN_RADAR
988498101,253286722.0,2043,988498101,BBG001S7JQ30,,False,Common Stock,Equity,US,openfigi:/v3/mapping,2026-09-19,NOT_IN_RADAR
86384P109,253055708.0,182,86384P109,BBG00RFFBK03,,False,Common Stock,Equity,US,openfigi:/v3/mapping,2026-09-19,NOT_IN_RADAR
125523100,252267709.0,2365,125523100,BBG00KXRCDQ9,,False,Common Stock,Equity,US,openfigi:/v3/mapping,2026-09-19,NOT_IN_RADAR
464288638,252025525.0,833,464288638,BBG001SSD849,,False,ETP,Equity,US,openfigi:/v3/mapping,2026-09-19,NOT_IN_RADAR
127387108,251278624.0,2156,127387108,BBG001S65YK1,,False,Common Stock,Equity,US,openfigi:/v3/mapping,2026-09-19,NOT_IN_RADAR
78463X509,251173199.0,1149,78463X509,BBG001SRXRD7,,False,ETP,Equity,US,openfigi:/v3/mapping,2026-09-19,NOT_IN_RADAR
92532F100,251007110.0,2496,92532F100,BBG001S68LJ8,VRTX,True,Common Stock,Equity,US,openfigi:/v3/mapping,2026-09-19,OK
G0378L100,250807974.0,869,G0378L100,,,False,,,,openfigi:/v3/mapping,2026-09-19,NO_ID
25434V831,250297406.0,769,25434V831,BBG015DLMLQ7,,False,ETP,Equity,US,openfigi:/v3/mapping,2026-09-19,NOT_IN_RADAR
369550108,250264350.0,3073,369550108,BBG001S5RHP1,GD,True,Common Stock,Equity,US,openfigi:/v3/mapping,2026-09-19,OK
67059N108,249943026.0,826,67059N108,BBG001V13SG8,,False,Common Stock,Equity,US,openfigi:/v3/mapping,2026-09-19,NOT_IN_RADAR
808524607,249924925.0,2393,808524607,BBG001T5XQW5,,False,ETP,Equity,US,openfigi:/v3/mapping,2026-09-19,NOT_IN_RADAR
92338C103,249303938.0,1581,92338C103,BBG019Q32XK7,,False,Common Stock,Equity,US,openfigi:/v3/mapping,2026-09-19,NOT_IN_RADAR
058498106,249303347.0,1196,058498106,BBG001S5P7Q4,,False,Common Stock,Equity,US,openfigi:/v3/mapping,2026-09-19,NOT_IN_RADAR
35137L105,249166743.0,1119,35137L105,BBG00JHNJX06,FOXA,True,Common Stock,Equity,US,openfigi:/v3/mapping,2026-09-19,OK
32076V103,249126247.0,443,32076V103,BBG001SGV444,,False,Common Stock,Equity,US,openfigi:/v3/mapping,2026-09-19,NOT_IN_RADAR
363576109,249106434.0,1840,363576109,BBG001S5NKC2,,False,Common Stock,Equity,US,openfigi:/v3/mapping,2026-09-19,NOT_IN_RADAR
681936100,247861007.0,1077,681936100,BBG001S736L1,,False,REIT,Equity,US,openfigi:/v3/mapping,2026-09-19,NOT_IN_RADAR
01609W102,247636363.0,1836,01609W102,BBG006G2JWB1,,False,ADR,Equity,US,openfigi:/v3/mapping,2026-09-19,NOT_IN_RADAR
N6596X109,247506018.0,1693,N6596X109,,,False,,,,openfigi:/v3/mapping,2026-09-19,NO_ID
04010L103,247416408.0,972,04010L103,BBG001SL96Z9,,False,Common Stock,Equity,US,openfigi:/v3/mapping,2026-09-19,NOT_IN_RADAR
921937819,246892865.0,1174,921937819,BBG001ST39R1,,False,ETP,Equity,US,openfigi:/v3/mapping,2026-09-19,NOT_IN_RADAR
579780206,246874980.0,1488,579780206,BBG001S79S19,,False,Common Stock,Equity,US,openfigi:/v3/mapping,2026-09-19,NOT_IN_RADAR
518439104,246214144.0,1293,518439104,BBG001S8L5H6,,False,Common Stock,Equity,US,openfigi:/v3/mapping,2026-09-19,NOT_IN_RADAR
775109200,245931957.0,495,775109200,BBG001S604S4,,False,Common Stock,Equity,US,openfigi:/v3/mapping,2026-09-19,NOT_IN_RADAR
71654V101,245320263.0,319,71654V101,BBG001SFJFD5,,False,ADR,Equity,US,openfigi:/v3/mapping,2026-09-19,NOT_IN_RADAR
92206C680,244897004.0,995,92206C680,BBG001TCH518,,False,ETP,Equity,US,openfigi:/v3/mapping,2026-09-19,NOT_IN_RADAR
29670E107,244498424.0,590,29670E107,BBG00L17LH87,,False,REIT,Equity,US,openfigi:/v3/mapping,2026-09-19,NOT_IN_RADAR
H01301128,244002242.0,1012,H01301128,,,False,,,,openfigi:/v3/mapping,2026-09-19,NO_ID
165167735,243564688.0,1320,165167735,BBG00Z6DX607,EXE,True,Common Stock,Equity,US,openfigi:/v3/mapping,2026-09-19,OK
76169C100,243437596.0,705,76169C100,BBG004MB82S9,,False,REIT,Equity,US,openfigi:/v3/mapping,2026-09-19,NOT_IN_RADAR
G63755105,242926084.0,211,G63755105,,,False,,,,openfigi:/v3/mapping,2026-09-19,NO_ID
640491106,242656347.0,490,640491106,BBG001S67B47,,False,Common Stock,Equity,US,openfigi:/v3/mapping,2026-09-19,NOT_IN_RADAR
531229755,242338657.0,918,531229755,BBG01HLMBDC5,,False,Tracking Stk,Equity,US,openfigi:/v3/mapping,2026-09-19,NOT_IN_RADAR
912008109,242334107.0,1069,912008109,BBG00C6H6D59,,False,Common Stock,Equity,US,openfigi:/v3/mapping,2026-09-19,NOT_IN_RADAR
925550105,242319869.0,683,925550105,BBG001S92GV5,,False,Common Stock,Equity,US,openfigi:/v3/mapping,2026-09-19,NOT_IN_RADAR
45378A106,241914078.0,569,45378A106,BBG004Q00LJ5,,False,REIT,Equity,US,openfigi:/v3/mapping,2026-09-19,NOT_IN_RADAR
922908629,241868461.0,2855,922908629,BBG001SHVTS1,,False,ETP,Equity,US,openfigi:/v3/mapping,2026-09-19,NOT_IN_RADAR
V7780T103,241404994.0,1729,V7780T103,,,False,,,,openfigi:/v3/mapping,2026-09-19,NO_ID
285512109,241325325.0,1536,285512109,,,False,,,,openfigi:/v3/mapping,2026-09-19,NO_ID
071734107,241227690.0,306,071734107,BBG001S7WDP0,,False,Common Stock,Equity,US,openfigi:/v3/mapping,2026-09-19,NOT_IN_RADAR
904767803,241167348.0,1558,904767803,BBG001S5X1K4,,False,ADR,Equity,US,openfigi:/v3/mapping,2026-09-19,NOT_IN_RADAR
98850P109,240759603.0,1017,98850P109,BBG00B8N0HH0,,False,Common Stock,Equity,US,openfigi:/v3/mapping,2026-09-19,NOT_IN_RADAR
278865100,240572585.0,2534,278865100,BBG001S5QRB5,ECL,True,Common Stock,Equity,US,openfigi:/v3/mapping,2026-09-19,OK
14174T107,240554023.0,750,14174T107,BBG005KC4Z61,CTRE,True,REIT,Equity,US,openfigi:/v3/mapping,2026-09-19,OK
364760108,240314822.0,766,364760108,BBG001S5RNN0,,False,Common Stock,Equity,US,openfigi:/v3/mapping,2026-09-19,NOT_IN_RADAR
31620R303,240010196.0,1111,31620R303,BBG006N7S6J1,,False,Common Stock,Equity,US,openfigi:/v3/mapping,2026-09-19,NOT_IN_RADAR
33739E108,239945431.0,535,33739E108,BBG0043NRZR1,,False,ETP,Equity,US,openfigi:/v3/mapping,2026-09-19,NOT_IN_RADAR
56585A102,239292369.0,2531,56585A102,BBG001S169P1,MPC,True,Common Stock,Equity,US,openfigi:/v3/mapping,2026-09-19,OK
874080104,239237785.0,359,874080104,BBG001TCN2J9,,False,ADR,Equity,US,openfigi:/v3/mapping,2026-09-19,NOT_IN_RADAR
912932100,238881914.0,360,912932100,BBG002B67HC1,,False,Common Stock,Equity,US,openfigi:/v3/mapping,2026-09-19,NOT_IN_RADAR
744320102,238383525.0,2004,744320102,BBG001S97MM7,,False,Common Stock,Equity,US,openfigi:/v3/mapping,2026-09-19,NOT_IN_RADAR
89346D107,237955079.0,251,89346D107,BBG001S5WJZ0,,False,Common Stock,Equity,US,openfigi:/v3/mapping,2026-09-19,NOT_IN_RADAR
78454L100,237947905.0,724,78454L100,BBG001S6W0J7,SM,True,Common Stock,Equity,US,openfigi:/v3/mapping,2026-09-19,OK
24906P109,237705113.0,568,24906P109,BBG001S5XLV8,,False,Common Stock,Equity,US,openfigi:/v3/mapping,2026-09-19,NOT_IN_RADAR
252784301,237683776.0,458,252784301,BBG001SJ63M8,,False,REIT,Equity,US,openfigi:/v3/mapping,2026-09-19,NOT_IN_RADAR
808524615,237648858.0,83,808524615,BBG01QQZ6QS1,,False,ETP,Equity,US,openfigi:/v3/mapping,2026-09-19,NOT_IN_RADAR
78464A847,236887951.0,1009,78464A847,BBG001SPT9T9,,False,ETP,Equity,US,openfigi:/v3/mapping,2026-09-19,NOT_IN_RADAR
G0750C108,236015715.0,594,G0750C108,,,False,,,,openfigi:/v3/mapping,2026-09-19,NO_ID
46090E103,235984552.0,4898,46090E103,BBG001S9GN63,,False,ETP,Equity,US,openfigi:/v3/mapping,2026-09-19,NOT_IN_RADAR
971378104,235711112.0,516,971378104,BBG00B0FS9V7,,False,Common Stock,Equity,US,openfigi:/v3/mapping,2026-09-19,NOT_IN_RADAR
457152106,235676883.0,264,457152106,BBG01Q381L02,,False,Common Stock,Equity,US,openfigi:/v3/mapping,2026-09-19,NOT_IN_RADAR
896239100,235604116.0,1198,896239100,BBG001S5SZP0,,False,Common Stock,Equity,US,openfigi:/v3/mapping,2026-09-19,NOT_IN_RADAR
46434V456,235393249.0,781,46434V456,BBG007WGM3H4,,False,ETP,Equity,US,openfigi:/v3/mapping,2026-09-19,NOT_IN_RADAR
75281A109,235246066.0,806,75281A109,BBG001SBZNN8,,False,Common Stock,Equity,US,openfigi:/v3/mapping,2026-09-19,NOT_IN_RADAR
18452B209,234950330.0,502,18452B209,BBG001S7F576,,False,Common Stock,Equity,US,openfigi:/v3/mapping,2026-09-19,NOT_IN_RADAR
256677105,234704061.0,1713,256677105,BBG001T5BM30,DG,True,Common Stock,Equity,US,openfigi:/v3/mapping,2026-09-19,OK
98419M100,234142956.0,1799,98419M100,BBG001V05C73,,False,Common Stock,Equity,US,openfigi:/v3/mapping,2026-09-19,NOT_IN_RADAR
43300A203,233698314.0,1790,43300A203,BBG0058KMH49,HLT,True,Common Stock,Equity,US,openfigi:/v3/mapping,2026-09-19,OK
45569U101,233507018.0,300,45569U101,BBG00Z3XTNY7,,False,Common Stock,Equity,US,openfigi:/v3/mapping,2026-09-19,NOT_IN_RADAR
38141G104,233426079.0,3969,38141G104,BBG001SC07Z6,GS,True,Common Stock,Equity,US,openfigi:/v3/mapping,2026-09-19,OK
67080N101,233062674.0,341,67080N101,BBG00VHJ0CD0,,False,Common Stock,Equity,US,openfigi:/v3/mapping,2026-09-19,NOT_IN_RADAR
464287457,233005375.0,1443,464287457,BBG001SKXPR1,,False,ETP,Equity,US,openfigi:/v3/mapping,2026-09-19,NOT_IN_RADAR
14316J108,231807168.0,906,14316J108,BBG001S7JM84,,False,Common Stock,Equity,US,openfigi:/v3/mapping,2026-09-19,NOT_IN_RADAR
436440101,231806090.0,1049,436440101,,,False,,,,openfigi:/v3/mapping,2026-09-19,NO_ID
03831W108,231564534.0,2051,03831W108,BBG006HFPX86,APP,True,Common Stock,Equity,US,openfigi:/v3/mapping,2026-09-19,OK
808524847,231369742.0,776,808524847,BBG001V039G2,,False,ETP,Equity,US,openfigi:/v3/mapping,2026-09-19,NOT_IN_RADAR
922908553,231157853.0,3325,922908553,BBG001SMD2X3,,False,ETP,Equity,US,openfigi:/v3/mapping,2026-09-19,NOT_IN_RADAR
697900108,230346765.0,846,697900108,BBG001S5ZXR5,,False,Common Stock,Equity,US,openfigi:/v3/mapping,2026-09-19,NOT_IN_RADAR
94106B101,229676874.0,1207,94106B101,BBG001SKJ4K1,,False,Common Stock,Equity,US,openfigi:/v3/mapping,2026-09-19,NOT_IN_RADAR
124765108,229156440.0,456,124765108,BBG001S5Y4F3,,False,Common Stock,Equity,US,openfigi:/v3/mapping,2026-09-19,NOT_IN_RADAR
29670G102,228948813.0,998,29670G102,BBG001S5VFD3,,False,Common Stock,Equity,US,openfigi:/v3/mapping,2026-09-19,NOT_IN_RADAR
020002101,228882068.0,2353,020002101,BBG001S9BM06,,False,Common Stock,Equity,US,openfigi:/v3/mapping,2026-09-19,NOT_IN_RADAR
30034W106,228381546.0,1330,30034W106,BBG00H433CS1,,False,Common Stock,Equity,US,openfigi:/v3/mapping,2026-09-19,NOT_IN_RADAR
025072604,228144670.0,1192,025072604,BBG00Q6ZDXT0,,False,ETP,Equity,US,openfigi:/v3/mapping,2026-09-19,NOT_IN_RADAR
421298100,227812833.0,474,421298100,BBG00Z9CCSB9,,False,Common Stock,Equity,US,openfigi:/v3/mapping,2026-09-19,NOT_IN_RADAR
171340102,227234053.0,1669,171340102,BBG001S5PR99,,False,Common Stock,Equity,US,openfigi:/v3/mapping,2026-09-19,NOT_IN_RADAR
808524763,226780150.0,716,808524763,BBG0051NXNX3,,False,ETP,Equity,US,openfigi:/v3/mapping,2026-09-19,NOT_IN_RADAR
16411Q101,226742989.0,239,16411Q101,BBG001SSCPS6,,False,MLP,Equity,US,openfigi:/v3/mapping,2026-09-19,NOT_IN_RADAR
457669307,226691058.0,1035,457669307,BBG001S9SKW7,,False,Common Stock,Equity,US,openfigi:/v3/mapping,2026-09-19,NOT_IN_RADAR
89400J107,226221561.0,948,89400J107,BBG002Q7J607,,False,Common Stock,Equity,US,openfigi:/v3/mapping,2026-09-19,NOT_IN_RADAR
G2717C106,225162116.0,502,G2717C106,,,False,,,,openfigi:/v3/mapping,2026-09-19,NO_ID
25434V724,225122552.0,913,25434V724,BBG0177CTQC7,,False,ETP,Equity,US,openfigi:/v3/mapping,2026-09-19,NOT_IN_RADAR
M53213100,224868168.0,335,M53213100,,,False,,,,openfigi:/v3/mapping,2026-09-19,NO_ID
805111101,224582398.0,255,805111101,BBG001SFTVM9,,False,Common Stock,Equity,US,openfigi:/v3/mapping,2026-09-19,NOT_IN_RADAR
36828A101,223319161.0,4172,36828A101,BBG013G17W77,GEV,True,Common Stock,Equity,US,openfigi:/v3/mapping,2026-09-19,OK
000899104,222749708.0,525,000899104,BBG002NCK5N4,,False,Common Stock,Equity,US,openfigi:/v3/mapping,2026-09-19,NOT_IN_RADAR
229663109,222604957.0,747,229663109,BBG001SHP0D7,,False,REIT,Equity,US,openfigi:/v3/mapping,2026-09-19,NOT_IN_RADAR
038169207,222603966.0,661,038169207,BBG001SK4K76,,False,Common Stock,Equity,US,openfigi:/v3/mapping,2026-09-19,NOT_IN_RADAR
46436E718,222480088.0,2486,46436E718,BBG00TZR7YF0,,False,ETP,Equity,US,openfigi:/v3/mapping,2026-09-19,NOT_IN_RADAR
693506107,222448489.0,1616,693506107,BBG001S5VC13,PPG,True,Common Stock,Equity,US,openfigi:/v3/mapping,2026-09-19,OK
03990B101,222183008.0,1218,03990B101,BBG0068KVVC7,,False,Common Stock,Equity,US,openfigi:/v3/mapping,2026-09-19,NOT_IN_RADAR
23204X103,222145203.0,271,23204X103,BBG00HLCWDG1,,False,Common Stock,Equity,US,openfigi:/v3/mapping,2026-09-19,NOT_IN_RADAR
G3934V109,221888157.0,366,G3934V109,,,False,,,,openfigi:/v3/mapping,2026-09-19,NO_ID
00165C302,221624770.0,342,00165C302,BBG001SZYYL4,,False,Common Stock,Equity,US,openfigi:/v3/mapping,2026-09-19,NOT_IN_RADAR
46435G672,221197430.0,831,46435G672,BBG00BDV2SQ0,,False,ETP,Equity,US,openfigi:/v3/mapping,2026-09-19,NOT_IN_RADAR
88023U101,221020310.0,791,88023U101,BBG001SH81D4,,False,Common Stock,Equity,US,openfigi:/v3/mapping,2026-09-19,NOT_IN_RADAR
12769G100,220768239.0,587,12769G100,BBG0074Q3NL5,,False,Common Stock,Equity,US,openfigi:/v3/mapping,2026-09-19,NOT_IN_RADAR
526057104,220669779.0,1445,526057104,BBG001S5SRK3,,False,Common Stock,Equity,US,openfigi:/v3/mapping,2026-09-19,NOT_IN_RADAR
216648501,220309655.0,1031,216648501,BBG001S5Q1H6,,False,Common Stock,Equity,US,openfigi:/v3/mapping,2026-09-19,NOT_IN_RADAR
98138H101,220210281.0,1445,98138H101,BBG001T21KQ7,,False,Common Stock,Equity,US,openfigi:/v3/mapping,2026-09-19,NOT_IN_RADAR
256746108,220011493.0,1270,256746108,BBG001S6ZGL6,,False,Common Stock,Equity,US,openfigi:/v3/mapping,2026-09-19,NOT_IN_RADAR
552848103,219963937.0,744,552848103,BBG001S6SFR0,,False,Common Stock,Equity,US,openfigi:/v3/mapping,2026-09-19,NOT_IN_RADAR
04546C106,219859530.0,2,04546C106,,,False,,,,openfigi:/v3/mapping,2026-09-19,NO_ID
358054104,219818337.0,479,358054104,BBG0029KYGM4,,False,Common Stock,Equity,US,openfigi:/v3/mapping,2026-09-19,NOT_IN_RADAR
29415C101,219629470.0,422,29415C101,BBG00V1KJ6G4,,False,Common Stock,Equity,US,openfigi:/v3/mapping,2026-09-19,NOT_IN_RADAR
30225T102,219619481.0,1150,30225T102,BBG001SLSXK5,EXR,True,REIT,Equity,US,openfigi:/v3/mapping,2026-09-19,OK
76155X100,219449244.0,769,76155X100,BBG00829F4Q7,,False,Common Stock,Equity,US,openfigi:/v3/mapping,2026-09-19,NOT_IN_RADAR
09175A206,218983017.0,513,09175A206,BBG001SBD1J5,,False,Common Stock,Equity,US,openfigi:/v3/mapping,2026-09-19,NOT_IN_RADAR
49803T300,218853192.0,580,49803T300,BBG001S64LR3,,False,REIT,Equity,US,openfigi:/v3/mapping,2026-09-19,NOT_IN_RADAR
33740F755,217919753.0,685,33740F755,BBG00VC9SZ91,,False,ETP,Equity,US,openfigi:/v3/mapping,2026-09-19,NOT_IN_RADAR
67576A100,217884531.0,397,67576A100,BBG001V0FT93,,False,Common Stock,Equity,US,openfigi:/v3/mapping,2026-09-19,NOT_IN_RADAR
68236H204,217818195.0,477,68236H204,BBG009HYYCF7,,False,Common Stock,Equity,US,openfigi:/v3/mapping,2026-09-19,NOT_IN_RADAR
78467J100,217757428.0,1090,78467J100,BBG001STPPK8,,False,Common Stock,Equity,US,openfigi:/v3/mapping,2026-09-19,NOT_IN_RADAR
023939101,217693297.0,711,023939101,BBG01NY7B770,,False,Common Stock,Equity,US,openfigi:/v3/mapping,2026-09-19,NOT_IN_RADAR
559663109,217259620.0,605,559663109,BBG00GNC8DM1,,False,Common Stock,Equity,US,openfigi:/v3/mapping,2026-09-19,NOT_IN_RADAR
115637209,217061914.0,888,115637209,BBG001S5P4H1,,False,Common Stock,Equity,US,openfigi:/v3/mapping,2026-09-19,NOT_IN_RADAR
10950A106,217014618.0,502,10950A106,BBG0132WL2T0,BTSG,True,Common Stock,Equity,US,openfigi:/v3/mapping,2026-09-19,OK
68634K106,217007698.0,263,68634K106,,,False,,,,openfigi:/v3/mapping,2026-09-19,NO_ID
14149Y108,216689017.0,2023,14149Y108,BBG001S7PC34,,False,Common Stock,Equity,US,openfigi:/v3/mapping,2026-09-19,NOT_IN_RADAR
68375N103,216608478.0,325,68375N103,BBG001SD4254,,False,Common Stock,Equity,US,openfigi:/v3/mapping,2026-09-19,NOT_IN_RADAR
099724106,216449421.0,1065,099724106,BBG001S7F4D2,,False,Common Stock,Equity,US,openfigi:/v3/mapping,2026-09-19,NOT_IN_RADAR
031100100,216255929.0,1743,031100100,BBG001S5NN54,,False,Common Stock,Equity,US,openfigi:/v3/mapping,2026-09-19,NOT_IN_RADAR
10806X102,216045725.0,699,10806X102,BBG00P9KDZL5,,False,Common Stock,Equity,US,openfigi:/v3/mapping,2026-09-19,NOT_IN_RADAR
46222L108,215881485.0,937,46222L108,BBG00XZP0LC3,,False,Common Stock,Equity,US,openfigi:/v3/mapping,2026-09-19,NOT_IN_RADAR
98873N305,215838501.0,9,98873N305,BBG00NPL7N34,,False,ADR,Equity,US,openfigi:/v3/mapping,2026-09-19,NOT_IN_RADAR
783513203,215785955.0,642,783513203,BBG001SB07J6,,False,ADR,Equity,US,openfigi:/v3/mapping,2026-09-19,NOT_IN_RADAR
921908844,215131932.0,3632,921908844,BBG001SQX4T3,,False,ETP,Equity,US,openfigi:/v3/mapping,2026-09-19,NOT_IN_RADAR
33738R506,214962333.0,1053,33738R506,BBG005SW6WS0,,False,ETP,Equity,US,openfigi:/v3/mapping,2026-09-19,NOT_IN_RADAR
N3168P101,214950901.0,519,N3168P101,,,False,,,,openfigi:/v3/mapping,2026-09-19,NO_ID
26818M108,214780888.0,363,26818M108,BBG00NSGPJF8,,False,Common Stock,Equity,US,openfigi:/v3/mapping,2026-09-19,NOT_IN_RADAR
036752103,214657778.0,2128,036752103,BBG001S6KBQ8,ELV,True,Common Stock,Equity,US,openfigi:/v3/mapping,2026-09-19,OK
23284F105,214049120.0,235,23284F105,BBG001V0GS49,,False,Common Stock,Equity,US,openfigi:/v3/mapping,2026-09-19,NOT_IN_RADAR
009158106,214002328.0,2472,009158106,BBG001S5NSB6,APD,True,Common Stock,Equity,US,openfigi:/v3/mapping,2026-09-19,OK
904311107,213991571.0,540,904311107,BBG001SJLLQ7,,False,Common Stock,Equity,US,openfigi:/v3/mapping,2026-09-19,NOT_IN_RADAR
91823B109,213567724.0,402,91823B109,BBG00R24YP79,,False,Common Stock,Equity,US,openfigi:/v3/mapping,2026-09-19,NOT_IN_RADAR
45337C102,213545853.0,1225,45337C102,BBG001S8Q6N2,,False,Common Stock,Equity,US,openfigi:/v3/mapping,2026-09-19,NOT_IN_RADAR
78442P106,213459064.0,552,78442P106,BBG001S5W4T0,,False,Common Stock,Equity,US,openfigi:/v3/mapping,2026-09-19,NOT_IN_RADAR
070830104,213206600.0,700,070830104,BBG001S5SWL1,,False,Common Stock,Equity,US,openfigi:/v3/mapping,2026-09-19,NOT_IN_RADAR
20337X109,213010961.0,483,20337X109,BBG004LTL7M1,,False,Common Stock,Equity,US,openfigi:/v3/mapping,2026-09-19,NOT_IN_RADAR
574599106,212918513.0,1330,574599106,BBG001S5SZ70,,False,Common Stock,Equity,US,openfigi:/v3/mapping,2026-09-19,NOT_IN_RADAR
29472R108,212916043.0,778,29472R108,BBG001S5T5G5,,False,REIT,Equity,US,openfigi:/v3/mapping,2026-09-19,NOT_IN_RADAR
09290C806,212648054.0,592,09290C806,BBG01408D4M5,,False,ETP,Equity,US,openfigi:/v3/mapping,2026-09-19,NOT_IN_RADAR
349942102,212223573.0,335,349942102,BBG001S982M0,,False,Common Stock,Equity,US,openfigi:/v3/mapping,2026-09-19,NOT_IN_RADAR
946784105,211994206.0,480,946784105,BBG01JRQSF60,,False,Common Stock,Equity,US,openfigi:/v3/mapping,2026-09-19,NOT_IN_RADAR
03784Y200,211847022.0,526,03784Y200,BBG006473QY8,,False,REIT,Equity,US,openfigi:/v3/mapping,2026-09-19,NOT_IN_RADAR
25434V302,211844820.0,943,25434V302,BBG00Y2PHW26,,False,ETP,Equity,US,openfigi:/v3/mapping,2026-09-19,NOT_IN_RADAR
244199105,211710500.0,3482,244199105,BBG001S5QFF7,DE,True,Common Stock,Equity,US,openfigi:/v3/mapping,2026-09-19,OK
68622V106,211609867.0,858,68622V106,BBG00ZQRGW42,,False,Common Stock,Equity,US,openfigi:/v3/mapping,2026-09-19,NOT_IN_RADAR
824348106,211606670.0,2503,824348106,BBG001S5W2F9,SHW,True,Common Stock,Equity,US,openfigi:/v3/mapping,2026-09-19,OK
013872106,211574010.0,1121,013872106,BBG00B3T3HF1,,False,Common Stock,Equity,US,openfigi:/v3/mapping,2026-09-19,NOT_IN_RADAR
46432F339,211407733.0,1951,46432F339,BBG004TRTWW3,,False,ETP,Equity,US,openfigi:/v3/mapping,2026-09-19,NOT_IN_RADAR
366505105,211371594.0,587,366505105,BBG00HY28Q04,,False,Common Stock,Equity,US,openfigi:/v3/mapping,2026-09-19,NOT_IN_RADAR
53190C102,211245754.0,489,53190C102,BBG012J3H0X2,,False,Common Stock,Equity,US,openfigi:/v3/mapping,2026-09-19,NOT_IN_RADAR
629377508,210886495.0,1619,629377508,BBG001SDD8F0,,False,Common Stock,Equity,US,openfigi:/v3/mapping,2026-09-19,NOT_IN_RADAR
80105N105,210335645.0,1021,80105N105,BBG001S5W768,,False,ADR,Equity,US,openfigi:/v3/mapping,2026-09-19,NOT_IN_RADAR
25525P107,210219294.0,338,25525P107,BBG001S8MCB6,,False,REIT,Equity,US,openfigi:/v3/mapping,2026-09-19,NOT_IN_RADAR
086516101,210078935.0,1359,086516101,BBG001S5P285,,False,Common Stock,Equity,US,openfigi:/v3/mapping,2026-09-19,NOT_IN_RADAR
371901109,209850160.0,755,371901109,BBG001S5RMR8,,False,Common Stock,Equity,US,openfigi:/v3/mapping,2026-09-19,NOT_IN_RADAR
01625V104,209704959.0,451,01625V104,BBG00ZJ0DSS5,,False,Common Stock,Equity,US,openfigi:/v3/mapping,2026-09-19,NOT_IN_RADAR
87612G101,209428879.0,1528,87612G101,BBG001TC94B9,TRGP,True,Common Stock,Equity,US,openfigi:/v3/mapping,2026-09-19,OK
25434V401,208867540.0,1185,25434V401,BBG011DXXNJ2,,False,ETP,Equity,US,openfigi:/v3/mapping,2026-09-19,NOT_IN_RADAR
316188705,208611643.0,49,316188705,BBG00ZGX53W5,,False,ETP,Equity,US,openfigi:/v3/mapping,2026-09-19,NOT_IN_RADAR
431636109,208525258.0,366,431636109,BBG00YC6W7C4,,False,Common Stock,Equity,US,openfigi:/v3/mapping,2026-09-19,NOT_IN_RADAR
64110D104,208491687.0,1332,64110D104,BBG001S8LYX5,,False,Common Stock,Equity,US,openfigi:/v3/mapping,2026-09-19,NOT_IN_RADAR
33741X102,208092714.0,873,33741X102,BBG00J3TCS97,,False,ETP,Equity,US,openfigi:/v3/mapping,2026-09-19,NOT_IN_RADAR
G8994E103,208086404.0,2569,G8994E103,,,False,,,,openfigi:/v3/mapping,2026-09-19,NO_ID
095924106,208043458.0,194,095924106,BBG00MXMSTF6,,False,Common Stock,Equity,US,openfigi:/v3/mapping,2026-09-19,NOT_IN_RADAR
21874C102,207999230.0,724,21874C102,BBG01163K3R5,,False,Common Stock,Equity,US,openfigi:/v3/mapping,2026-09-19,NOT_IN_RADAR
922020805,207641268.0,1102,922020805,BBG003H12XS7,,False,ETP,Equity,US,openfigi:/v3/mapping,2026-09-19,NOT_IN_RADAR
98980L101,207501453.0,1193,98980L101,BBG0042V6JN7,,False,Common Stock,Equity,US,openfigi:/v3/mapping,2026-09-19,NOT_IN_RADAR
G93A5A101,207365153.0,734,G93A5A101,,,False,,,,openfigi:/v3/mapping,2026-09-19,NO_ID
78468R853,207130114.0,1182,78468R853,BBG004T58LZ5,,False,ETP,Equity,US,openfigi:/v3/mapping,2026-09-19,NOT_IN_RADAR
H5919C104,206985598.0,693,H5919C104,,,False,,,,openfigi:/v3/mapping,2026-09-19,NO_ID
69344A107,206522025.0,502,69344A107,BBG00KJQ1QS8,,False,ETP,Equity,US,openfigi:/v3/mapping,2026-09-19,NOT_IN_RADAR
538034109,206498862.0,1233,538034109,BBG001SNP2B2,LYV,True,Common Stock,Equity,US,openfigi:/v3/mapping,2026-09-19,OK
876511106,206472430.0,281,876511106,,,False,,,,openfigi:/v3/mapping,2026-09-19,NO_ID
G3265R107,205881789.0,1104,G3265R107,,,False,,,,openfigi:/v3/mapping,2026-09-19,NO_ID
92859G608,205468867.0,202,92859G608,BBG00L1MK0Z2,,False,Common Stock,Equity,US,openfigi:/v3/mapping,2026-09-19,NOT_IN_RADAR
594972408,205305688.0,1318,594972408,BBG001SC7PX1,,False,Common Stock,Equity,US,openfigi:/v3/mapping,2026-09-19,NOT_IN_RADAR
700517105,205083264.0,542,700517105,BBG00FGXCKN3,,False,REIT,Equity,US,openfigi:/v3/mapping,2026-09-19,NOT_IN_RADAR
98956P102,205062958.0,1318,98956P102,BBG001S7DQJ9,,False,Common Stock,Equity,US,openfigi:/v3/mapping,2026-09-19,NOT_IN_RADAR
08975B109,204935531.0,440,08975B109,BBG00Z4HKRY1,,False,Common Stock,Equity,US,openfigi:/v3/mapping,2026-09-19,NOT_IN_RADAR
052769106,204739263.0,1977,052769106,BBG001S5SCD4,,False,Common Stock,Equity,US,openfigi:/v3/mapping,2026-09-19,NOT_IN_RADAR
639057207,204641488.0,590,639057207,BBG001T03WR2,,False,ADR,Equity,US,openfigi:/v3/mapping,2026-09-19,NOT_IN_RADAR
867892101,204419436.0,392,867892101,BBG001SM4XW6,,False,REIT,Equity,US,openfigi:/v3/mapping,2026-09-19,NOT_IN_RADAR
G0260P102,203947204.0,513,G0260P102,,,False,,,,openfigi:/v3/mapping,2026-09-19,NO_ID
876030107,203830360.0,1611,876030107,BBG001SFH7D5,,False,Common Stock,Equity,US,openfigi:/v3/mapping,2026-09-19,NOT_IN_RADAR
902681105,203720619.0,890,902681105,BBG001S5X0W3,,False,Common Stock,Equity,US,openfigi:/v3/mapping,2026-09-19,NOT_IN_RADAR
64361Q101,203095190.0,657,64361Q101,BBG01VXTFCQ9,,False,Common Stock,Equity,US,openfigi:/v3/mapping,2026-09-19,NOT_IN_RADAR
05356F105,202853854.0,295,05356F105,BBG00G6D6HB3,,False,Common Stock,Equity,US,openfigi:/v3/mapping,2026-09-19,NOT_IN_RADAR
75943R102,202480770.0,356,75943R102,BBG00DSS08L8,,False,Common Stock,Equity,US,openfigi:/v3/mapping,2026-09-19,NOT_IN_RADAR
464287614,202126792.0,2813,464287614,BBG001S56320,,False,ETP,Equity,US,openfigi:/v3/mapping,2026-09-19,NOT_IN_RADAR
14020X104,202114280.0,465,14020X104,BBG015DN3GR4,,False,ETP,Equity,US,openfigi:/v3/mapping,2026-09-19,NOT_IN_RADAR
030420103,201731914.0,1745,030420103,BBG001SPHYW3,AWK,True,Common Stock,Equity,US,openfigi:/v3/mapping,2026-09-19,OK
31428X106,201538879.0,2736,31428X106,BBG001S5R3M5,,False,Common Stock,Equity,US,openfigi:/v3/mapping,2026-09-19,NOT_IN_RADAR
19240Q201,201229513.0,463,19240Q201,BBG007DHY102,,False,Common Stock,Equity,US,openfigi:/v3/mapping,2026-09-19,NOT_IN_RADAR
69404D108,200970487.0,315,69404D108,BBG001SS9G64,,False,Common Stock,Equity,US,openfigi:/v3/mapping,2026-09-19,NOT_IN_RADAR
G0403H108,200968769.0,1854,G0403H108,,,False,,,,openfigi:/v3/mapping,2026-09-19,NO_ID
552690109,200703058.0,619,552690109,BBG001S5T2W4,,False,Common Stock,Equity,US,openfigi:/v3/mapping,2026-09-19,NOT_IN_RADAR
74144T108,200216949.0,1602,74144T108,BBG001S5WW18,,False,Common Stock,Equity,US,openfigi:/v3/mapping,2026-09-19,NOT_IN_RADAR
G7997R103,200206561.0,2068,G7997R103,,,False,,,,openfigi:/v3/mapping,2026-09-19,NO_ID
74350P691,199842503.0,7,74350P691,BBG01ZZNBZH4,,False,ETP,Equity,US,openfigi:/v3/mapping,2026-09-19,NOT_IN_RADAR
97717Y527,199757615.0,673,97717Y527,BBG005YHYNG8,,False,ETP,Equity,US,openfigi:/v3/mapping,2026-09-19,NOT_IN_RADAR
95058W100,199499074.0,587,95058W100,BBG001S7HBX2,,False,Common Stock,Equity,US,openfigi:/v3/mapping,2026-09-19,NOT_IN_RADAR
67011P100,199447798.0,479,67011P100,BBG005BLN1Z3,,False,Common Stock,Equity,US,openfigi:/v3/mapping,2026-09-19,NOT_IN_RADAR
580907103,199155146.0,148,580907103,BBG01VV18576,,False,Common Stock,Equity,US,openfigi:/v3/mapping,2026-09-19,NOT_IN_RADAR
87583X109,198980296.0,287,87583X109,BBG00WFDDSK6,,False,Common Stock,Equity,US,openfigi:/v3/mapping,2026-09-19,NOT_IN_RADAR
46641Q670,198749507.0,919,46641Q670,BBG00N6W8XF5,,False,ETP,Equity,US,openfigi:/v3/mapping,2026-09-19,NOT_IN_RADAR
25278X109,198342062.0,1746,25278X109,BBG002PHSZN7,FANG,True,Common Stock,Equity,US,openfigi:/v3/mapping,2026-09-19,OK
35834F104,197855887.0,326,35834F104,BBG01KR6BS89,,False,Common Stock,Equity,US,openfigi:/v3/mapping,2026-09-19,NOT_IN_RADAR
01862Q107,197718577.0,212,01862Q107,BBG001SL52J0,,False,Common Stock,Equity,US,openfigi:/v3/mapping,2026-09-19,NOT_IN_RADAR
683715106,197702971.0,452,683715106,BBG001SBS5H2,,False,Common Stock,Equity,US,openfigi:/v3/mapping,2026-09-19,NOT_IN_RADAR
55336V100,197589434.0,739,55336V100,BBG0035TJHL3,,False,MLP,Equity,US,openfigi:/v3/mapping,2026-09-19,NOT_IN_RADAR
45256X103,197301171.0,507,45256X103,BBG007T9DYX8,,False,Common Stock,Equity,US,openfigi:/v3/mapping,2026-09-19,NOT_IN_RADAR
00510N102,197110737.0,281,00510N102,BBG01GNJ51W3,,False,Common Stock,Equity,US,openfigi:/v3/mapping,2026-09-19,NOT_IN_RADAR
134429109,197059682.0,901,134429109,BBG001S5Q2B0,,False,Common Stock,Equity,US,openfigi:/v3/mapping,2026-09-19,NOT_IN_RADAR
31488V107,196995443.0,1439,31488V107,BBG01NMRD786,,False,Common Stock,Equity,US,openfigi:/v3/mapping,2026-09-19,NOT_IN_RADAR
46138J783,196670614.0,450,46138J783,BBG00KJR2L24,,False,ETP,Equity,US,openfigi:/v3/mapping,2026-09-19,NOT_IN_RADAR
398182303,196637729.0,764,398182303,BBG01L820DT9,,False,REIT,Equity,US,openfigi:/v3/mapping,2026-09-19,NOT_IN_RADAR
464287663,196380564.0,897,464287663,BBG001SFQL80,,False,ETP,Equity,US,openfigi:/v3/mapping,2026-09-19,NOT_IN_RADAR
680223104,195645739.0,981,680223104,BBG001S6M9Y2,,False,Common Stock,Equity,US,openfigi:/v3/mapping,2026-09-19,NOT_IN_RADAR
04271T100,195465988.0,399,04271T100,BBG002MX7TQ9,,False,Common Stock,Equity,US,openfigi:/v3/mapping,2026-09-19,NOT_IN_RADAR
565394103,195292540.0,706,565394103,BBG00KG5VJG3,,False,Common Stock,Equity,US,openfigi:/v3/mapping,2026-09-19,NOT_IN_RADAR
019770106,194580266.0,296,019770106,BBG00KHRRDY2,,False,Common Stock,Equity,US,openfigi:/v3/mapping,2026-09-19,NOT_IN_RADAR
92857W308,194565458.0,718,92857W308,BBG001S6MDB8,,False,ADR,Equity,US,openfigi:/v3/mapping,2026-09-19,NOT_IN_RADAR
H8088L103,194183878.0,212,H8088L103,,,False,,,,openfigi:/v3/mapping,2026-09-19,NO_ID
74935Q107,193940903.0,900,74935Q107,BBG001SBQWW8,,False,Common Stock,Equity,US,openfigi:/v3/mapping,2026-09-19,NOT_IN_RADAR
09061G101,193517053.0,798,09061G101,BBG001S76R05,,False,Common Stock,Equity,US,openfigi:/v3/mapping,2026-09-19,NOT_IN_RADAR
760759100,193492354.0,1967,760759100,BBG001S9DL33,,False,Common Stock,Equity,US,openfigi:/v3/mapping,2026-09-19,NOT_IN_RADAR
25434V732,193237957.0,651,25434V732,BBG017159MD8,,False,ETP,Equity,US,openfigi:/v3/mapping,2026-09-19,NOT_IN_RADAR
69374H881,193116195.0,1353,69374H881,BBG00FJQN752,,False,ETP,Equity,US,openfigi:/v3/mapping,2026-09-19,NOT_IN_RADAR
836100107,192354634.0,585,836100107,BBG017304PD5,,False,Common Stock,Equity,US,openfigi:/v3/mapping,2026-09-19,NOT_IN_RADAR
26740W109,192068994.0,673,26740W109,BBG0192379X7,,False,Common Stock,Equity,US,openfigi:/v3/mapping,2026-09-19,NOT_IN_RADAR
559222401,192044255.0,664,559222401,BBG001S5SY91,,False,Common Stock,Equity,US,openfigi:/v3/mapping,2026-09-19,NOT_IN_RADAR
31846B108,191983755.0,261,31846B108,BBG011J0CVZ5,,False,Common Stock,Equity,US,openfigi:/v3/mapping,2026-09-19,NOT_IN_RADAR
670346105,191883523.0,1931,670346105,BBG001S5TRV0,NUE,True,Common Stock,Equity,US,openfigi:/v3/mapping,2026-09-19,OK
H11356104,191476568.0,1105,H11356104,,,False,,,,openfigi:/v3/mapping,2026-09-19,NO_ID
46138E511,191408886.0,480,46138E511,BBG001T0NSB6,,False,ETP,Equity,US,openfigi:/v3/mapping,2026-09-19,NOT_IN_RADAR
25401T603,191229747.0,426,25401T603,BBG00D30HGN8,,False,Common Stock,Equity,US,openfigi:/v3/mapping,2026-09-19,NOT_IN_RADAR
22788C105,191113467.0,2867,22788C105,BBG00BLYKRZ7,CRWD,True,Common Stock,Equity,US,openfigi:/v3/mapping,2026-09-19,OK
62878D100,191108723.0,326,62878D100,BBG00YJKWXF6,,False,Common Stock,Equity,US,openfigi:/v3/mapping,2026-09-19,NOT_IN_RADAR
Y69790106,191000000.0,1,Y69790106,,,False,,,,openfigi:/v3/mapping,2026-09-19,NO_ID
81369Y852,190716165.0,1452,81369Y852,BBG00L5F9FV7,,False,ETP,Equity,US,openfigi:/v3/mapping,2026-09-19,NOT_IN_RADAR
56400P706,190551780.0,358,56400P706,BBG001SLLLY3,,False,Common Stock,Equity,US,openfigi:/v3/mapping,2026-09-19,NOT_IN_RADAR
46050R102,190186205.0,75,46050R102,BBG001S6QLK6,,False,Common Stock,Equity,US,openfigi:/v3/mapping,2026-09-19,NOT_IN_RADAR
50155Q100,189710968.0,947,50155Q100,BBG012W99DS1,,False,Common Stock,Equity,US,openfigi:/v3/mapping,2026-09-19,NOT_IN_RADAR
16411R208,189555688.0,1918,16411R208,BBG001S7W158,,False,Common Stock,Equity,US,openfigi:/v3/mapping,2026-09-19,NOT_IN_RADAR
98956A105,189408251.0,562,98956A105,BBG010FXVQB5,,False,Common Stock,Equity,US,openfigi:/v3/mapping,2026-09-19,NOT_IN_RADAR
G61188101,189385829.0,430,G61188101,,,False,,,,openfigi:/v3/mapping,2026-09-19,NO_ID
922042874,189361564.0,1106,922042874,BBG001SHTV18,,False,ETP,Equity,US,openfigi:/v3/mapping,2026-09-19,NOT_IN_RADAR
81369Y209,189331558.0,2174,81369Y209,BBG001S7SCQ6,,False,ETP,Equity,US,openfigi:/v3/mapping,2026-09-19,NOT_IN_RADAR
101121101,189290537.0,845,101121101,BBG001S9TWV1,,False,REIT,Equity,US,openfigi:/v3/mapping,2026-09-19,NOT_IN_RADAR
26210C104,189274812.0,650,26210C104,BBG001TFLWN3,,False,Common Stock,Equity,US,openfigi:/v3/mapping,2026-09-19,NOT_IN_RADAR
20454B104,188901368.0,282,20454B104,BBG00LPXKF34,,False,Common Stock,Equity,US,openfigi:/v3/mapping,2026-09-19,NOT_IN_RADAR
000000000,188755167.0,82,000000000,,,False,,,,openfigi:/v3/mapping,2026-09-19,NO_ID
69007J304,188713937.0,553,69007J304,BBG004S69ZY3,,False,REIT,Equity,US,openfigi:/v3/mapping,2026-09-19,NOT_IN_RADAR
60741F104,188534166.0,393,60741F104,BBG019X46ZY3,,False,Common Stock,Equity,US,openfigi:/v3/mapping,2026-09-19,NOT_IN_RADAR
921946406,188359784.0,2423,921946406,BBG001SS0V24,,False,ETP,Equity,US,openfigi:/v3/mapping,2026-09-19,NOT_IN_RADAR
745867101,188176018.0,1560,745867101,BBG001S5V5K7,,False,Common Stock,Equity,US,openfigi:/v3/mapping,2026-09-19,NOT_IN_RADAR
539830109,188141036.0,3905,539830109,BBG001S7PS57,LMT,True,Common Stock,Equity,US,openfigi:/v3/mapping,2026-09-19,OK
039697107,188133525.0,348,039697107,BBG001WH4F33,,False,Common Stock,Equity,US,openfigi:/v3/mapping,2026-09-19,NOT_IN_RADAR
76655K103,188106417.0,625,76655K103,BBG00Z911SZ9,,False,Common Stock,Equity,US,openfigi:/v3/mapping,2026-09-19,NOT_IN_RADAR
25960P109,187812681.0,411,25960P109,BBG001SR5X72,,False,REIT,Equity,US,openfigi:/v3/mapping,2026-09-19,NOT_IN_RADAR
74982T103,187707406.0,418,74982T103,BBG0160DYDC7,,False,Common Stock,Equity,US,openfigi:/v3/mapping,2026-09-19,NOT_IN_RADAR
19247G107,187506645.0,1574,19247G107,BBG001S5S6N6,,False,Common Stock,Equity,US,openfigi:/v3/mapping,2026-09-19,NOT_IN_RADAR
256163106,187334994.0,1044,256163106,BBG001T535D5,,False,Common Stock,Equity,US,openfigi:/v3/mapping,2026-09-19,NOT_IN_RADAR
808524730,187240637.0,621,808524730,BBG0051QPC87,,False,ETP,Equity,US,openfigi:/v3/mapping,2026-09-19,NOT_IN_RADAR
637417106,187173361.0,819,637417106,BBG001S6Z1P5,,False,REIT,Equity,US,openfigi:/v3/mapping,2026-09-19,NOT_IN_RADAR
82489W107,187133830.0,402,82489W107,BBG00YQ82328,,False,Common Stock,Equity,US,openfigi:/v3/mapping,2026-09-19,NOT_IN_RADAR
38341P102,186635124.0,234,38341P102,,,False,,,,openfigi:/v3/mapping,2026-09-19,NO_ID
29415F104,186161750.0,590,29415F104,BBG00LN4B6D9,,False,Common Stock,Equity,US,openfigi:/v3/mapping,2026-09-19,NOT_IN_RADAR
09073M104,185947666.0,892,09073M104,BBG001S66C28,,False,Common Stock,Equity,US,openfigi:/v3/mapping,2026-09-19,NOT_IN_RADAR
92243G108,185945796.0,535,92243G108,BBG009PHHPP4,,False,Common Stock,Equity,US,openfigi:/v3/mapping,2026-09-19,NOT_IN_RADAR
808524839,185891838.0,1711,808524839,BBG001WBMLH8,,False,ETP,Equity,US,openfigi:/v3/mapping,2026-09-19,NOT_IN_RADAR
687793109,185848487.0,470,687793109,BBG00YMWFVT4,,False,Common Stock,Equity,US,openfigi:/v3/mapping,2026-09-19,NOT_IN_RADAR
05946K101,185788361.0,707,05946K101,BBG001S5XP76,,False,ADR,Equity,US,openfigi:/v3/mapping,2026-09-19,NOT_IN_RADAR
G5279N105,185445507.0,259,G5279N105,,,False,,,,openfigi:/v3/mapping,2026-09-19,NO_ID
46654Q203,185074278.0,1090,46654Q203,BBG016NKZFF7,,False,ETP,Equity,US,openfigi:/v3/mapping,2026-09-19,NOT_IN_RADAR
29664W105,184936050.0,273,29664W105,,,False,,,,openfigi:/v3/mapping,2026-09-19,NO_ID
464287408,184847687.0,2136,464287408,BBG001S561K4,,False,ETP,Equity,US,openfigi:/v3/mapping,2026-09-19,NOT_IN_RADAR
G16258108,184782622.0,319,G16258108,,,False,,,,openfigi:/v3/mapping,2026-09-19,NO_ID
98954M200,184626852.0,731,98954M200,BBG009NRSWK2,,False,Common Stock,Equity,US,openfigi:/v3/mapping,2026-09-19,NOT_IN_RADAR
113006100,184318790.0,216,113006100,BBG0211B2RT6,,False,Common Stock,Equity,US,openfigi:/v3/mapping,2026-09-19,NOT_IN_RADAR
G01767105,184142550.0,591,G01767105,,,False,,,,openfigi:/v3/mapping,2026-09-19,NO_ID
343498101,184105740.0,618,343498101,BBG001S5R7L7,,False,Common Stock,Equity,US,openfigi:/v3/mapping,2026-09-19,NOT_IN_RADAR
910873405,183947317.0,433,910873405,BBG001SG1LP6,,False,ADR,Equity,US,openfigi:/v3/mapping,2026-09-19,NOT_IN_RADAR
G3922B107,183273443.0,774,G3922B107,,,False,,,,openfigi:/v3/mapping,2026-09-19,NO_ID
655844108,182961072.0,2483,655844108,BBG001S5TQJ6,,False,Common Stock,Equity,US,openfigi:/v3/mapping,2026-09-19,NOT_IN_RADAR
25434V872,182492610.0,659,25434V872,BBG01254CL28,,False,ETP,Equity,US,openfigi:/v3/mapping,2026-09-19,NOT_IN_RADAR
233331107,182190056.0,1470,233331107,BBG001S5QN88,DTE,True,Common Stock,Equity,US,openfigi:/v3/mapping,2026-09-19,OK
G4R20B107,182160751.0,187,G4R20B107,,,False,,,,openfigi:/v3/mapping,2026-09-19,NO_ID
85254J102,181918956.0,822,85254J102,BBG001T9F312,,False,REIT,Equity,US,openfigi:/v3/mapping,2026-09-19,NOT_IN_RADAR
75960P104,181824163.0,443,75960P104,BBG012C7JTN6,,False,Common Stock,Equity,US,openfigi:/v3/mapping,2026-09-19,NOT_IN_RADAR
552953101,181700219.0,890,552953101,BBG001S6BYT5,,False,Common Stock,Equity,US,openfigi:/v3/mapping,2026-09-19,NOT_IN_RADAR
03073E105,181625434.0,2146,03073E105,BBG001S8X7P0,,False,Common Stock,Equity,US,openfigi:/v3/mapping,2026-09-19,NOT_IN_RADAR
G9572D103,181515107.0,293,G9572D103,,,False,,,,openfigi:/v3/mapping,2026-09-19,NO_ID
53115L104,181439028.0,596,53115L104,BBG00GK831C5,,False,Common Stock,Equity,US,openfigi:/v3/mapping,2026-09-19,NOT_IN_RADAR
292671708,181308160.0,467,292671708,BBG001S9FH94,,False,Common Stock,Equity,US,openfigi:/v3/mapping,2026-09-19,NOT_IN_RADAR
100001999,181142415.0,2,100001999,,,False,,,,openfigi:/v3/mapping,2026-09-19,NO_ID
74251V102,181141562.0,1346,74251V102,BBG001SD3148,,False,Common Stock,Equity,US,openfigi:/v3/mapping,2026-09-19,NOT_IN_RADAR
278768106,181097917.0,1018,278768106,BBG001T048Z5,ECHO,True,Common Stock,Equity,US,openfigi:/v3/mapping,2026-09-19,OK
92936U109,180941753.0,1221,92936U109,BBG001S67MM3,,False,REIT,Equity,US,openfigi:/v3/mapping,2026-09-19,NOT_IN_RADAR
374275105,180756557.0,178,374275105,BBG017RQJJH6,,False,Common Stock,Equity,US,openfigi:/v3/mapping,2026-09-19,NOT_IN_RADAR
222795502,180709451.0,594,222795502,BBG001S73MB7,,False,REIT,Equity,US,openfigi:/v3/mapping,2026-09-19,NOT_IN_RADAR
904311206,180324945.0,445,904311206,BBG009DTD8J0,,False,Common Stock,Equity,US,openfigi:/v3/mapping,2026-09-19,NOT_IN_RADAR
462222100,180317663.0,744,462222100,BBG001SB7RD1,,False,Common Stock,Equity,US,openfigi:/v3/mapping,2026-09-19,NOT_IN_RADAR
81369Y308,180114568.0,1468,81369Y308,BBG001S7T107,,False,ETP,Equity,US,openfigi:/v3/mapping,2026-09-19,NOT_IN_RADAR
758849103,180096185.0,912,758849103,BBG001S7H752,,False,REIT,Equity,US,openfigi:/v3/mapping,2026-09-19,NOT_IN_RADAR
871607107,180036664.0,2096,871607107,BBG001S5VTR8,,False,Common Stock,Equity,US,openfigi:/v3/mapping,2026-09-19,NOT_IN_RADAR
750102105,179849126.0,190,750102105,BBG00W0JYQR3,,False,Common Stock,Equity,US,openfigi:/v3/mapping,2026-09-19,NOT_IN_RADAR
447011107,179788857.0,561,447011107,BBG001SKWX22,,False,Common Stock,Equity,US,openfigi:/v3/mapping,2026-09-19,NOT_IN_RADAR
67079K100,178626311.0,632,67079K100,BBG00YG48PG8,,False,Common Stock,Equity,US,openfigi:/v3/mapping,2026-09-19,NOT_IN_RADAR
00217D100,178554636.0,940,00217D100,BBG00Q402TS1,,False,Common Stock,Equity,US,openfigi:/v3/mapping,2026-09-19,NOT_IN_RADAR
46434G764,178399699.0,1100,46434G764,BBG00H5VLN77,,False,ETP,Equity,US,openfigi:/v3/mapping,2026-09-19,NOT_IN_RADAR
03957W106,178225175.0,648,03957W106,BBG001SVDK72,,False,Common Stock,Equity,US,openfigi:/v3/mapping,2026-09-19,NOT_IN_RADAR
27627N105,178193968.0,463,27627N105,BBG00W9KWY41,,False,Common Stock,Equity,US,openfigi:/v3/mapping,2026-09-19,NOT_IN_RADAR
60871R209,178072451.0,935,60871R209,BBG001S5VQ21,,False,Common Stock,Equity,US,openfigi:/v3/mapping,2026-09-19,NOT_IN_RADAR
89417E109,177657895.0,2481,89417E109,BBG001S5R103,TRV,True,Common Stock,Equity,US,openfigi:/v3/mapping,2026-09-19,OK
502431109,177164074.0,2465,502431109,BBG001S5S0N9,,False,Common Stock,Equity,US,openfigi:/v3/mapping,2026-09-19,NOT_IN_RADAR
89679M104,177050268.0,313,89679M104,BBG00QRZMFT6,,False,Common Stock,Equity,US,openfigi:/v3/mapping,2026-09-19,NOT_IN_RADAR
47215P106,177003918.0,614,47215P106,BBG005YHY0R6,,False,ADR,Equity,US,openfigi:/v3/mapping,2026-09-19,NOT_IN_RADAR
86881A100,176113982.0,280,86881A100,BBG009T0TKW7,,False,Common Stock,Equity,US,openfigi:/v3/mapping,2026-09-19,NOT_IN_RADAR
83088M102,175829772.0,1082,83088M102,BBG001SCYWS2,,False,Common Stock,Equity,US,openfigi:/v3/mapping,2026-09-19,NOT_IN_RADAR
874054109,175362094.0,1558,874054109,BBG001S9TN41,TTWO,True,Common Stock,Equity,US,openfigi:/v3/mapping,2026-09-19,OK
50077B207,175293475.0,1024,50077B207,BBG001SD5VL1,,False,Common Stock,Equity,US,openfigi:/v3/mapping,2026-09-19,NOT_IN_RADAR
Y95308105,175213438.0,342,Y95308105,,,False,,,,openfigi:/v3/mapping,2026-09-19,NO_ID
679580100,174206282.0,1462,679580100,BBG001S6WQT9,,False,Common Stock,Equity,US,openfigi:/v3/mapping,2026-09-19,NOT_IN_RADAR
M2029K104,174087833.0,337,M2029K104,,,False,,,,openfigi:/v3/mapping,2026-09-19,NO_ID
14020Y201,174054100.0,371,14020Y201,BBG019XRCM29,,False,ETP,Equity,US,openfigi:/v3/mapping,2026-09-19,NOT_IN_RADAR
G8060N102,173824365.0,641,G8060N102,,,False,,,,openfigi:/v3/mapping,2026-09-19,NO_ID
799566104,173655284.0,292,799566104,BBG00N5BMH70,,False,Common Stock,Equity,US,openfigi:/v3/mapping,2026-09-19,NOT_IN_RADAR
11135E203,173571259.0,551,11135E203,BBG001T61WG3,,False,REIT,Equity,US,openfigi:/v3/mapping,2026-09-19,NOT_IN_RADAR
68404L201,173557022.0,576,68404L201,BBG001S6X756,,False,Common Stock,Equity,US,openfigi:/v3/mapping,2026-09-19,NOT_IN_RADAR
23355L106,173532659.0,617,23355L106,BBG00FN64XV6,,False,Common Stock,Equity,US,openfigi:/v3/mapping,2026-09-19,NOT_IN_RADAR
36467W109,173408501.0,515,36467W109,BBG001S5RLR0,,False,Common Stock,Equity,US,openfigi:/v3/mapping,2026-09-19,NOT_IN_RADAR
00091G104,173165421.0,387,00091G104,BBG00G5JGQ75,,False,Common Stock,Equity,US,openfigi:/v3/mapping,2026-09-19,NOT_IN_RADAR
29362U104,172670890.0,1054,29362U104,BBG001SF9YL6,,False,Common Stock,Equity,US,openfigi:/v3/mapping,2026-09-19,NOT_IN_RADAR
46429B697,172261077.0,1598,46429B697,BBG0025X2G81,,False,ETP,Equity,US,openfigi:/v3/mapping,2026-09-19,NOT_IN_RADAR
571903202,172000069.0,2283,571903202,BBG001S78K44,MAR,True,Common Stock,Equity,US,openfigi:/v3/mapping,2026-09-19,OK
G85158106,171873794.0,424,G85158106,,,False,,,,openfigi:/v3/mapping,2026-09-19,NO_ID
004225108,171508958.0,510,004225108,BBG001SB06N3,,False,Common Stock,Equity,US,openfigi:/v3/mapping,2026-09-19,NOT_IN_RADAR
52466B103,171490680.0,358,52466B103,BBG001TVNN74,,False,Common Stock,Equity,US,openfigi:/v3/mapping,2026-09-19,NOT_IN_RADAR
929042109,171233736.0,632,929042109,BBG001S5X909,,False,REIT,Equity,US,openfigi:/v3/mapping,2026-09-19,NOT_IN_RADAR
615369105,170902666.0,2046,615369105,BBG001S5VP87,,False,Common Stock,Equity,US,openfigi:/v3/mapping,2026-09-19,NOT_IN_RADAR
650111107,170812556.0,973,650111107,BBG001S90X31,,False,Common Stock,Equity,US,openfigi:/v3/mapping,2026-09-19,NOT_IN_RADAR
049560105,170767100.0,1550,049560105,BBG001S5VG05,ATO,True,Common Stock,Equity,US,openfigi:/v3/mapping,2026-09-19,OK
67092P672,170688954.0,6,67092P672,BBG01XG2ZB65,,False,ETP,Equity,US,openfigi:/v3/mapping,2026-09-19,NOT_IN_RADAR
375916103,169849058.0,707,375916103,BBG001S7JJL6,,False,Common Stock,Equity,US,openfigi:/v3/mapping,2026-09-19,NOT_IN_RADAR
237266101,169828036.0,884,237266101,BBG001SB7RP8,,False,Common Stock,Equity,US,openfigi:/v3/mapping,2026-09-19,NOT_IN_RADAR
78468R101,169548999.0,519,78468R101,BBG0029J2KF1,,False,ETP,Equity,US,openfigi:/v3/mapping,2026-09-19,NOT_IN_RADAR
09352U108,169429733.0,271,09352U108,BBG00D0YK7V4,,False,Common Stock,Equity,US,openfigi:/v3/mapping,2026-09-19,NOT_IN_RADAR
74743L100,169178042.0,1699,74743L100,BBG01TRL7564,,False,Common Stock,Equity,US,openfigi:/v3/mapping,2026-09-19,NOT_IN_RADAR
25862V105,168682601.0,488,25862V105,BBG00ZNRRKL0,,False,Common Stock,Equity,US,openfigi:/v3/mapping,2026-09-19,NOT_IN_RADAR
97717P104,168608487.0,485,97717P104,BBG001SD2W32,,False,Common Stock,Equity,US,openfigi:/v3/mapping,2026-09-19,NOT_IN_RADAR
71377A103,168480257.0,741,71377A103,BBG009XW2WC7,,False,Common Stock,Equity,US,openfigi:/v3/mapping,2026-09-19,NOT_IN_RADAR
456837103,168285855.0,723,456837103,BBG001SB1FR8,,False,ADR,Equity,US,openfigi:/v3/mapping,2026-09-19,NOT_IN_RADAR
22266M104,168153702.0,362,22266M104,BBG002WLDMY3,,False,Common Stock,Equity,US,openfigi:/v3/mapping,2026-09-19,NOT_IN_RADAR
192422103,167984836.0,878,192422103,BBG001S5TC16,,False,Common Stock,Equity,US,openfigi:/v3/mapping,2026-09-19,NOT_IN_RADAR
02390A101,167926910.0,463,02390A101,BBG01FRH5ND8,,False,ADR,Equity,US,openfigi:/v3/mapping,2026-09-19,NOT_IN_RADAR
929740108,167853590.0,1729,929740108,BBG001S5XBT3,,False,Common Stock,Equity,US,openfigi:/v3/mapping,2026-09-19,NOT_IN_RADAR
03168L105,167808476.0,458,03168L105,BBG00462PGH9,,False,Common Stock,Equity,US,openfigi:/v3/mapping,2026-09-19,NOT_IN_RADAR
696389402,167735924.0,119,696389402,BBG001SS4KZ8,,False,Common Stock,Equity,US,openfigi:/v3/mapping,2026-09-19,NOT_IN_RADAR
290876101,167631067.0,341,290876101,BBG001S8TF95,,False,Common Stock,Equity,US,openfigi:/v3/mapping,2026-09-19,NOT_IN_RADAR
670837103,167500147.0,917,670837103,BBG001S5TVY8,,False,Common Stock,Equity,US,openfigi:/v3/mapping,2026-09-19,NOT_IN_RADAR
02553E106,167313235.0,544,02553E106,BBG001S7Q949,,False,Common Stock,Equity,US,openfigi:/v3/mapping,2026-09-19,NOT_IN_RADAR
15118V207,167219466.0,838,15118V207,BBG001SQSKT3,,False,Common Stock,Equity,US,openfigi:/v3/mapping,2026-09-19,NOT_IN_RADAR
29446M102,167165845.0,567,29446M102,BBG001SJ3R93,,False,ADR,Equity,US,openfigi:/v3/mapping,2026-09-19,NOT_IN_RADAR
499049104,167126125.0,808,499049104,BBG001T9BTS0,,False,Common Stock,Equity,US,openfigi:/v3/mapping,2026-09-19,NOT_IN_RADAR
46266C105,167092379.0,1592,46266C105,BBG00333FZ54,,False,Common Stock,Equity,US,openfigi:/v3/mapping,2026-09-19,NOT_IN_RADAR
80517M109,167000045.0,239,80517M109,BBG01F5T0LT8,,False,Common Stock,Equity,US,openfigi:/v3/mapping,2026-09-19,NOT_IN_RADAR
883203101,166772183.0,1193,883203101,BBG001S5WZ39,,False,Common Stock,Equity,US,openfigi:/v3/mapping,2026-09-19,NOT_IN_RADAR
464288687,166694362.0,1106,464288687,BBG001SNVWC8,,False,ETP,Equity,US,openfigi:/v3/mapping,2026-09-19,NOT_IN_RADAR
14020V108,166556264.0,479,14020V108,BBG015D25YS8,,False,ETP,Equity,US,openfigi:/v3/mapping,2026-09-19,NOT_IN_RADAR
46333X108,166497409.0,316,46333X108,BBG001SNZLM7,,False,Common Stock,Equity,US,openfigi:/v3/mapping,2026-09-19,NOT_IN_RADAR
665859104,166311676.0,1400,665859104,BBG001S5TRG7,,False,Common Stock,Equity,US,openfigi:/v3/mapping,2026-09-19,NOT_IN_RADAR
25434V609,166217181.0,1198,25434V609,BBG011DXY0L8,,False,ETP,Equity,US,openfigi:/v3/mapping,2026-09-19,NOT_IN_RADAR
679295105,165656012.0,1144,679295105,BBG001YV1SN3,,False,Common Stock,Equity,US,openfigi:/v3/mapping,2026-09-19,NOT_IN_RADAR
46138J791,165624212.0,467,46138J791,BBG00KJR2K35,,False,ETP,Equity,US,openfigi:/v3/mapping,2026-09-19,NOT_IN_RADAR
004239109,165464788.0,391,004239109,BBG001S7KXT5,,False,REIT,Equity,US,openfigi:/v3/mapping,2026-09-19,NOT_IN_RADAR
534187109,165413640.0,903,534187109,BBG001S5STV7,,False,Common Stock,Equity,US,openfigi:/v3/mapping,2026-09-19,NOT_IN_RADAR
452327109,165392994.0,1308,452327109,BBG001SF4NY1,,False,Common Stock,Equity,US,openfigi:/v3/mapping,2026-09-19,NOT_IN_RADAR
958669103,165360682.0,417,958669103,BBG003M3V2V9,,False,MLP,Equity,US,openfigi:/v3/mapping,2026-09-19,NOT_IN_RADAR
25434V104,165276425.0,739,25434V104,BBG00Y2JG0C0,,False,ETP,Equity,US,openfigi:/v3/mapping,2026-09-19,NOT_IN_RADAR
Q4982L109,165257256.0,650,Q4982L109,,,False,,,,openfigi:/v3/mapping,2026-09-19,NO_ID
00971T101,164930890.0,1164,00971T101,BBG001S7YHX0,,False,Common Stock,Equity,US,openfigi:/v3/mapping,2026-09-19,NOT_IN_RADAR
427746102,164673675.0,219,427746102,BBG001SB92D4,,False,Common Stock,Equity,US,openfigi:/v3/mapping,2026-09-19,NOT_IN_RADAR
49845K101,164659537.0,402,49845K101,BBG009WR3FM4,,False,Common Stock,Equity,US,openfigi:/v3/mapping,2026-09-19,NOT_IN_RADAR
25434V765,164488494.0,438,25434V765,BBG01636J356,,False,ETP,Equity,US,openfigi:/v3/mapping,2026-09-19,NOT_IN_RADAR
G7S00T104,164351616.0,1191,G7S00T104,,,False,,,,openfigi:/v3/mapping,2026-09-19,NO_ID
03589W102,164302253.0,324,03589W102,BBG007QVDFH1,,False,Common Stock,Equity,US,openfigi:/v3/mapping,2026-09-19,NOT_IN_RADAR
49338L103,164258537.0,1689,49338L103,BBG0059FN820,,False,Common Stock,Equity,US,openfigi:/v3/mapping,2026-09-19,NOT_IN_RADAR
379378201,164034242.0,516,379378201,BBG004HXD0H7,,False,REIT,Equity,US,openfigi:/v3/mapping,2026-09-19,NOT_IN_RADAR
98149E303,163818723.0,1056,98149E303,BBG00L8YYQ05,,False,ETP,Equity,US,openfigi:/v3/mapping,2026-09-19,NOT_IN_RADAR
143130102,163588753.0,790,143130102,BBG001SD9561,,False,Common Stock,Equity,US,openfigi:/v3/mapping,2026-09-19,NOT_IN_RADAR
754730109,163210383.0,1381,754730109,BBG001S5VQ03,,False,Common Stock,Equity,US,openfigi:/v3/mapping,2026-09-19,NOT_IN_RADAR
29977X105,162908809.0,139,29977X105,BBG0118LMXS4,,False,Common Stock,Equity,US,openfigi:/v3/mapping,2026-09-19,NOT_IN_RADAR
G1110E107,162869671.0,407,G1110E107,,,False,,,,openfigi:/v3/mapping,2026-09-19,NO_ID
92189F106,162673895.0,1408,92189F106,BBG001SR42Z0,,False,ETP,Equity,US,openfigi:/v3/mapping,2026-09-19,NOT_IN_RADAR
37954Y673,162451635.0,1068,37954Y673,BBG00G5CR9C0,,False,ETP,Equity,US,openfigi:/v3/mapping,2026-09-19,NOT_IN_RADAR
746729300,161610309.0,362,746729300,BBG0115QY0G8,,False,ETP,Equity,US,openfigi:/v3/mapping,2026-09-19,NOT_IN_RADAR
81211K100,161131618.0,628,81211K100,,,False,,,,openfigi:/v3/mapping,2026-09-19,NO_ID
142152107,160955615.0,299,142152107,BBG00255V2P2,,False,Common Stock,Equity,US,openfigi:/v3/mapping,2026-09-19,NOT_IN_RADAR
934550203,160655553.0,467,934550203,BBG00RP2T9V3,,False,Common Stock,Equity,US,openfigi:/v3/mapping,2026-09-19,NOT_IN_RADAR
57638P104,160450935.0,483,57638P104,BBG01B9G4424,,False,Common Stock,Equity,US,openfigi:/v3/mapping,2026-09-19,NOT_IN_RADAR
38059T106,160182007.0,554,38059T106,BBG001S93ZM2,,False,ADR,Equity,US,openfigi:/v3/mapping,2026-09-19,NOT_IN_RADAR
29258Y103,160138481.0,272,29258Y103,BBG001S5ZH63,,False,Common Stock,Equity,US,openfigi:/v3/mapping,2026-09-19,NOT_IN_RADAR
302081104,160030969.0,702,302081104,BBG001SKWX40,,False,Common Stock,Equity,US,openfigi:/v3/mapping,2026-09-19,NOT_IN_RADAR
146869102,159997160.0,1180,146869102,BBG00GCTWF71,CVNA,True,Common Stock,Equity,US,openfigi:/v3/mapping,2026-09-19,OK
67098H104,159802377.0,454,67098H104,BBG00R2JZG48,,False,Common Stock,Equity,US,openfigi:/v3/mapping,2026-09-19,NOT_IN_RADAR
131193104,159779923.0,450,131193104,BBG001S70DV8,,False,Common Stock,Equity,US,openfigi:/v3/mapping,2026-09-19,NOT_IN_RADAR
157085101,159724106.0,242,157085101,BBG001S97DG4,,False,Common Stock,Equity,US,openfigi:/v3/mapping,2026-09-19,NOT_IN_RADAR
46641Q217,159532506.0,318,46641Q217,BBG00L52MHJ1,,False,ETP,Equity,US,openfigi:/v3/mapping,2026-09-19,NOT_IN_RADAR
464287184,159460264.0,429,464287184,BBG001SMDNB1,,False,ETP,Equity,US,openfigi:/v3/mapping,2026-09-19,NOT_IN_RADAR
015271109,159447607.0,876,015271109,BBG001S6CPH6,,False,REIT,Equity,US,openfigi:/v3/mapping,2026-09-19,NOT_IN_RADAR
433000106,159170535.0,636,433000106,BBG00Q5LQWK9,,False,Common Stock,Equity,US,openfigi:/v3/mapping,2026-09-19,NOT_IN_RADAR
125269100,159050021.0,1375,125269100,BBG001SJ8KV8,CF,True,Common Stock,Equity,US,openfigi:/v3/mapping,2026-09-19,OK
08265T208,158957634.0,690,08265T208,BBG001SBWGV7,,False,Common Stock,Equity,US,openfigi:/v3/mapping,2026-09-19,NOT_IN_RADAR
05990K106,158878090.0,469,05990K106,BBG001SKZX56,,False,Common Stock,Equity,US,openfigi:/v3/mapping,2026-09-19,NOT_IN_RADAR
25434V815,158698336.0,736,25434V815,BBG015DG3GG1,,False,ETP,Equity,US,openfigi:/v3/mapping,2026-09-19,NOT_IN_RADAR
G4701H109,158688676.0,177,G4701H109,,,False,,,,openfigi:/v3/mapping,2026-09-19,NO_ID
G1144A105,158595426.0,294,G1144A105,,,False,,,,openfigi:/v3/mapping,2026-09-19,NO_ID
922908751,158546963.0,3371,922908751,BBG001SHTTV0,,False,ETP,Equity,US,openfigi:/v3/mapping,2026-09-19,NOT_IN_RADAR
92511U102,158527862.0,442,92511U102,BBG00G4XQBP7,,False,Common Stock,Equity,US,openfigi:/v3/mapping,2026-09-19,NOT_IN_RADAR
90114C107,158504570.0,98,90114C107,BBG00ZGWX0H9,,False,ADR,Equity,US,openfigi:/v3/mapping,2026-09-19,NOT_IN_RADAR
152309100,158245765.0,190,152309100,,,False,,,,openfigi:/v3/mapping,2026-09-19,NO_ID
482497104,158206829.0,304,482497104,BBG00W9L9N03,,False,ADR,Equity,US,openfigi:/v3/mapping,2026-09-19,NOT_IN_RADAR
00650F109,158197371.0,453,00650F109,BBG001V0GG18,,False,Common Stock,Equity,US,openfigi:/v3/mapping,2026-09-19,NOT_IN_RADAR
G97822103,157759368.0,476,G97822103,,,False,,,,openfigi:/v3/mapping,2026-09-19,NO_ID
65290E101,157645930.0,1082,65290E101,BBG00835TQ17,,False,Common Stock,Equity,US,openfigi:/v3/mapping,2026-09-19,NOT_IN_RADAR
00215W100,157598032.0,531,00215W100,BBG00KLHLBL3,,False,ADR,Equity,US,openfigi:/v3/mapping,2026-09-19,NOT_IN_RADAR
31609A404,157455481.0,447,31609A404,BBG01K4JLZG0,,False,ETP,Equity,US,openfigi:/v3/mapping,2026-09-19,NOT_IN_RADAR
98983L108,157396527.0,638,98983L108,BBG001T36GB5,,False,Common Stock,Equity,US,openfigi:/v3/mapping,2026-09-19,NOT_IN_RADAR
24823R105,157147085.0,421,24823R105,BBG008P7F878,,False,Common Stock,Equity,US,openfigi:/v3/mapping,2026-09-19,NOT_IN_RADAR
76118Y104,157108162.0,647,76118Y104,BBG00HY28L05,,False,Common Stock,Equity,US,openfigi:/v3/mapping,2026-09-19,NOT_IN_RADAR
19260Q107,157031725.0,1671,19260Q107,BBG00ZGF7799,,False,Common Stock,Equity,US,openfigi:/v3/mapping,2026-09-19,NOT_IN_RADAR
318672706,157003590.0,467,318672706,BBG001S76PN4,,False,Common Stock,Equity,US,openfigi:/v3/mapping,2026-09-19,NOT_IN_RADAR
85208T107,156874940.0,411,85208T107,BBG0043NCD14,,False,Common Stock,Equity,US,openfigi:/v3/mapping,2026-09-19,NOT_IN_RADAR
85207K107,156789966.0,565,85207K107,BBG001T96GD0,,False,Closed-End Fund,Equity,US,openfigi:/v3/mapping,2026-09-19,NOT_IN_RADAR
74275K108,156600715.0,651,74275K108,BBG0026ZJ313,,False,Common Stock,Equity,US,openfigi:/v3/mapping,2026-09-19,NOT_IN_RADAR
30260D103,156501575.0,362,30260D103,BBG004SK5VM8,,False,Common Stock,Equity,US,openfigi:/v3/mapping,2026-09-19,NOT_IN_RADAR
81369Y407,156453324.0,1537,81369Y407,BBG001S7T1Q9,,False,ETP,Equity,US,openfigi:/v3/mapping,2026-09-19,NOT_IN_RADAR
049468101,156395524.0,986,049468101,BBG01BGWHFS4,,False,Common Stock,Equity,US,openfigi:/v3/mapping,2026-09-19,NOT_IN_RADAR
62886E108,156284627.0,438,62886E108,BBG001S9FBR7,,False,Common Stock,Equity,US,openfigi:/v3/mapping,2026-09-19,NOT_IN_RADAR
624758108,156115028.0,665,624758108,BBG001SNQZ91,,False,Common Stock,Equity,US,openfigi:/v3/mapping,2026-09-19,NOT_IN_RADAR
880770102,155783819.0,1752,880770102,BBG001S5WMZ3,,False,Common Stock,Equity,US,openfigi:/v3/mapping,2026-09-19,NOT_IN_RADAR
48268K101,155577243.0,395,48268K101,BBG001SCTCR3,,False,ADR,Equity,US,openfigi:/v3/mapping,2026-09-19,NOT_IN_RADAR
G6700G107,155561391.0,1271,G6700G107,,,False,,,,openfigi:/v3/mapping,2026-09-19,NO_ID
14020Y508,155480599.0,274,14020Y508,BBG01J5S7N48,,False,ETP,Equity,US,openfigi:/v3/mapping,2026-09-19,NOT_IN_RADAR
G25839104,155408898.0,924,G25839104,,,False,,,,openfigi:/v3/mapping,2026-09-19,NO_ID
75574U101,155256689.0,328,75574U101,BBG003TCRSD0,,False,REIT,Equity,US,openfigi:/v3/mapping,2026-09-19,NOT_IN_RADAR
360271100,155179943.0,558,360271100,BBG001S5RF02,,False,Common Stock,Equity,US,openfigi:/v3/mapping,2026-09-19,NOT_IN_RADAR
92047W101,155073136.0,639,92047W101,BBG003DNHV65,,False,Common Stock,Equity,US,openfigi:/v3/mapping,2026-09-19,NOT_IN_RADAR
403949100,155033417.0,953,403949100,BBG0135B2269,,False,Common Stock,Equity,US,openfigi:/v3/mapping,2026-09-19,NOT_IN_RADAR
384109104,154969123.0,1195,384109104,BBG001S5RK56,,False,Common Stock,Equity,US,openfigi:/v3/mapping,2026-09-19,NOT_IN_RADAR
74460D109,154934814.0,1588,74460D109,BBG001S5TH79,PSA,True,REIT,Equity,US,openfigi:/v3/mapping,2026-09-19,OK
620076307,154141297.0,2279,620076307,BBG001S5T9L1,,False,Common Stock,Equity,US,openfigi:/v3/mapping,2026-09-19,NOT_IN_RADAR
928881101,153772119.0,759,928881101,BBG00RRGSKH2,,False,Common Stock,Equity,US,openfigi:/v3/mapping,2026-09-19,NOT_IN_RADAR
947890109,153578332.0,799,947890109,,,False,,,,openfigi:/v3/mapping,2026-09-19,NO_ID
436893200,153210476.0,567,436893200,BBG001SN0R60,,False,Common Stock,Equity,US,openfigi:/v3/mapping,2026-09-19,NOT_IN_RADAR
23282W605,153142966.0,704,23282W605,BBG001SGMVF2,CYTK,True,Common Stock,Equity,US,openfigi:/v3/mapping,2026-09-19,OK
045487105,153121720.0,558,045487105,BBG001S5NVZ3,,False,Common Stock,Equity,US,openfigi:/v3/mapping,2026-09-19,NOT_IN_RADAR
808524706,152932207.0,1103,808524706,BBG001T6L7D9,,False,ETP,Equity,US,openfigi:/v3/mapping,2026-09-19,NOT_IN_RADAR
46428Q109,152874539.0,1991,46428Q109,BBG001SQLN69,,False,ETP,Equity,US,openfigi:/v3/mapping,2026-09-19,NOT_IN_RADAR
92206C714,152307910.0,663,92206C714,BBG001TCH581,,False,ETP,Equity,US,openfigi:/v3/mapping,2026-09-19,NOT_IN_RADAR
21036P108,152279498.0,1547,21036P108,BBG001SD31G5,,False,Common Stock,Equity,US,openfigi:/v3/mapping,2026-09-19,NOT_IN_RADAR
87918A105,152136759.0,471,87918A105,BBG001TG5PC6,,False,Common Stock,Equity,US,openfigi:/v3/mapping,2026-09-19,NOT_IN_RADAR
518415104,151951781.0,727,518415104,BBG001S6C0G2,,False,Common Stock,Equity,US,openfigi:/v3/mapping,2026-09-19,NOT_IN_RADAR
46434G822,151559835.0,944,46434G822,BBG001S8SYN9,,False,ETP,Equity,US,openfigi:/v3/mapping,2026-09-19,NOT_IN_RADAR
639193101,151513521.0,217,639193101,BBG00FVNPLY0,,False,Common Stock,Equity,US,openfigi:/v3/mapping,2026-09-19,NOT_IN_RADAR
854502101,151405262.0,1064,854502101,BBG001S5WHT1,,False,Common Stock,Equity,US,openfigi:/v3/mapping,2026-09-19,NOT_IN_RADAR
46138E537,150860991.0,366,46138E537,BBG001T06LJ2,,False,ETP,Equity,US,openfigi:/v3/mapping,2026-09-19,NOT_IN_RADAR
72651A207,150748200.0,415,72651A207,BBG001SZV282,,False,Ltd Part,Equity,US,openfigi:/v3/mapping,2026-09-19,NOT_IN_RADAR
81369Y704,150607159.0,1914,81369Y704,BBG001S7T232,,False,ETP,Equity,US,openfigi:/v3/mapping,2026-09-19,NOT_IN_RADAR
292104106,150430336.0,317,292104106,BBG002N8HMX9,,False,REIT,Equity,US,openfigi:/v3/mapping,2026-09-19,NOT_IN_RADAR
784730103,150256323.0,565,784730103,BBG001S6JSX5,,False,Common Stock,Equity,US,openfigi:/v3/mapping,2026-09-19,NOT_IN_RADAR
08862E109,150018364.0,334,08862E109,,,False,,,,openfigi:/v3/mapping,2026-09-19,NO_ID
65345M108,149958530.0,300,65345M108,BBG00Z8MSWS4,,False,Common Stock,Equity,US,openfigi:/v3/mapping,2026-09-19,NOT_IN_RADAR
808515605,149865187.0,124,808515605,BBG001S72G03,,False,Open-End Fund,Equity,US,openfigi:/v3/mapping,2026-09-19,NOT_IN_RADAR
89677Q107,149716013.0,532,89677Q107,BBG001S6VL20,,False,ADR,Equity,US,openfigi:/v3/mapping,2026-09-19,NOT_IN_RADAR
81761L102,149527335.0,284,81761L102,,,False,,,,openfigi:/v3/mapping,2026-09-19,NO_ID
00653Q102,149509511.0,394,00653Q102,BBG00KJQVGW2,,False,Common Stock,Equity,US,openfigi:/v3/mapping,2026-09-19,NOT_IN_RADAR
70509V100,149388643.0,422,70509V100,BBG001T5S1M7,,False,REIT,Equity,US,openfigi:/v3/mapping,2026-09-19,NOT_IN_RADAR
36352H100,149326113.0,116,36352H100,BBG001SF5M09,,False,Common Stock,Equity,US,openfigi:/v3/mapping,2026-09-19,NOT_IN_RADAR
922042742,148908598.0,1454,922042742,BBG001T2YZG9,,False,ETP,Equity,US,openfigi:/v3/mapping,2026-09-19,NOT_IN_RADAR
025072877,148897565.0,1312,025072877,BBG00Q9MQZW3,,False,ETP,Equity,US,openfigi:/v3/mapping,2026-09-19,NOT_IN_RADAR
G3643J108,148674588.0,703,G3643J108,,,False,,,,openfigi:/v3/mapping,2026-09-19,NO_ID
284902509,148589958.0,338,284902509,BBG001S5YPQ4,,False,Common Stock,Equity,US,openfigi:/v3/mapping,2026-09-19,NOT_IN_RADAR
64119N608,148583244.0,227,64119N608,BBG005CY8T53,,False,Common Stock,Equity,US,openfigi:/v3/mapping,2026-09-19,NOT_IN_RADAR
35137L204,148552716.0,805,35137L204,BBG00JHNKKR3,FOX,True,Common Stock,Equity,US,openfigi:/v3/mapping,2026-09-19,OK
351858105,148411394.0,969,351858105,BBG001STGSR5,,False,Common Stock,Equity,US,openfigi:/v3/mapping,2026-09-19,NOT_IN_RADAR
152006102,148159880.0,273,152006102,BBG001SLVFY5,,False,Common Stock,Equity,US,openfigi:/v3/mapping,2026-09-19,NOT_IN_RADAR
G4474Y214,147812767.0,734,G4474Y214,,,False,,,,openfigi:/v3/mapping,2026-09-19,NO_ID
03879J100,147809358.0,234,03879J100,BBG001S6RSK0,,False,Common Stock,Equity,US,openfigi:/v3/mapping,2026-09-19,NOT_IN_RADAR
204409601,147728437.0,278,204409601,BBG001S64WN3,,False,ADR,Equity,US,openfigi:/v3/mapping,2026-09-19,NOT_IN_RADAR
G65431127,147536040.0,572,G65431127,,,False,,,,openfigi:/v3/mapping,2026-09-19,NO_ID
8676EP108,147364955.0,277,8676EP108,BBG001S6V9S9,,False,Common Stock,Equity,US,openfigi:/v3/mapping,2026-09-19,NOT_IN_RADAR
124155102,147347714.0,333,124155102,BBG00TN65984,,False,Common Stock,Equity,US,openfigi:/v3/mapping,2026-09-19,NOT_IN_RADAR
68389X204,147059295.0,169,68389X204,,,False,,,,openfigi:/v3/mapping,2026-09-19,NO_ID
G7500M104,146888750.0,149,G7500M104,,,False,,,,openfigi:/v3/mapping,2026-09-19,NO_ID
025072703,146886894.0,821,025072703,BBG00Q9MQ6T1,,False,ETP,Equity,US,openfigi:/v3/mapping,2026-09-19,NOT_IN_RADAR
518613203,146866104.0,521,518613203,BBG00B4Z2YY9,,False,Common Stock,Equity,US,openfigi:/v3/mapping,2026-09-19,NOT_IN_RADAR
398438408,146761257.0,262,398438408,BBG001V1HXJ9,,False,ADR,Equity,US,openfigi:/v3/mapping,2026-09-19,NOT_IN_RADAR
47233W109,146696146.0,793,47233W109,BBG001S5SX02,,False,Common Stock,Equity,US,openfigi:/v3/mapping,2026-09-19,NOT_IN_RADAR
10316T104,146695484.0,618,10316T104,BBG001T5R852,,False,Common Stock,Equity,US,openfigi:/v3/mapping,2026-09-19,NOT_IN_RADAR
601137102,146392718.0,740,601137102,BBG01RQYH427,,False,REIT,Equity,US,openfigi:/v3/mapping,2026-09-19,NOT_IN_RADAR
92764N102,146323369.0,380,92764N102,BBG00H2QQ8V2,,False,Common Stock,Equity,US,openfigi:/v3/mapping,2026-09-19,NOT_IN_RADAR
66987V109,146279322.0,2049,66987V109,BBG001SF5LW6,,False,ADR,Equity,US,openfigi:/v3/mapping,2026-09-19,NOT_IN_RADAR
G25457105,146165387.0,1076,G25457105,,,False,,,,openfigi:/v3/mapping,2026-09-19,NO_ID
15673T100,146081256.0,84,15673T100,BBG00PM8N5Y8,,False,Common Stock,Equity,US,openfigi:/v3/mapping,2026-09-19,NOT_IN_RADAR
419870100,146078362.0,484,419870100,BBG001S5RV43,,False,Common Stock,Equity,US,openfigi:/v3/mapping,2026-09-19,NOT_IN_RADAR
03753U106,146077894.0,485,03753U106,,,False,,,,openfigi:/v3/mapping,2026-09-19,NO_ID
89532M101,146049089.0,282,89532M101,BBG003QGQRC8,,False,Common Stock,Equity,US,openfigi:/v3/mapping,2026-09-19,NOT_IN_RADAR
707569109,145999242.0,524,707569109,BBG001S80PY6,,False,Common Stock,Equity,US,openfigi:/v3/mapping,2026-09-19,NOT_IN_RADAR
008492100,145986438.0,759,008492100,BBG001S6RY81,,False,REIT,Equity,US,openfigi:/v3/mapping,2026-09-19,NOT_IN_RADAR
25434V500,145762017.0,1021,25434V500,BBG011DXXVM0,,False,ETP,Equity,US,openfigi:/v3/mapping,2026-09-19,NOT_IN_RADAR
49427F108,145629468.0,560,49427F108,BBG001S9BHB5,,False,REIT,Equity,US,openfigi:/v3/mapping,2026-09-19,NOT_IN_RADAR
01749D105,145472006.0,504,01749D105,BBG00H5S83B8,,False,Common Stock,Equity,US,openfigi:/v3/mapping,2026-09-19,NOT_IN_RADAR
134748102,145330316.0,96,134748102,BBG00QQ10GC2,,False,ADR,Equity,US,openfigi:/v3/mapping,2026-09-19,NOT_IN_RADAR
40412C101,145141046.0,2033,40412C101,BBG001T8NTY2,,False,Common Stock,Equity,US,openfigi:/v3/mapping,2026-09-19,NOT_IN_RADAR
36472T109,144975094.0,313,36472T109,BBG005C9FQR2,,False,Common Stock,Equity,US,openfigi:/v3/mapping,2026-09-19,NOT_IN_RADAR
18914F103,144640393.0,285,18914F103,BBG00SHY90K3,,False,Common Stock,Equity,US,openfigi:/v3/mapping,2026-09-19,NOT_IN_RADAR
37637K108,144549536.0,527,37637K108,BBG00DHTYPJ6,,False,Common Stock,Equity,US,openfigi:/v3/mapping,2026-09-19,NOT_IN_RADAR
860630102,144407969.0,946,860630102,BBG001S5W081,,False,Common Stock,Equity,US,openfigi:/v3/mapping,2026-09-19,NOT_IN_RADAR
44332N106,144397721.0,447,44332N106,BBG001T6Y5T2,,False,ADR,Equity,US,openfigi:/v3/mapping,2026-09-19,NOT_IN_RADAR
31188V100,144166910.0,487,31188V100,BBG004NLQHM9,,False,Common Stock,Equity,US,openfigi:/v3/mapping,2026-09-19,NOT_IN_RADAR
922475108,144132670.0,1483,922475108,BBG001TX0CB4,,False,Common Stock,Equity,US,openfigi:/v3/mapping,2026-09-19,NOT_IN_RADAR
464288273,144107665.0,916,464288273,BBG001SYVWS7,,False,ETP,Equity,US,openfigi:/v3/mapping,2026-09-19,NOT_IN_RADAR
09062X103,144015459.0,1476,09062X103,BBG001S67826,,False,Common Stock,Equity,US,openfigi:/v3/mapping,2026-09-19,NOT_IN_RADAR
928298108,144003235.0,473,928298108,BBG001S5XB04,,False,Common Stock,Equity,US,openfigi:/v3/mapping,2026-09-19,NOT_IN_RADAR
40131M109,143958153.0,766,40131M109,BBG006D97VZ8,,False,Common Stock,Equity,US,openfigi:/v3/mapping,2026-09-19,NOT_IN_RADAR
171779309,143825608.0,1595,171779309,BBG001S61J73,,False,Common Stock,Equity,US,openfigi:/v3/mapping,2026-09-19,NOT_IN_RADAR
N00985106,143604597.0,976,N00985106,,,False,,,,openfigi:/v3/mapping,2026-09-19,NO_ID
464286400,143545362.0,509,464286400,BBG001SFN5N1,,False,ETP,Equity,US,openfigi:/v3/mapping,2026-09-19,NOT_IN_RADAR
68828E809,143436777.0,110,68828E809,,,False,,,,openfigi:/v3/mapping,2026-09-19,NO_ID
83193G107,143109686.0,160,83193G107,BBG00Z0H9PZ1,,False,Common Stock,Equity,US,openfigi:/v3/mapping,2026-09-19,NOT_IN_RADAR
90138F102,143020258.0,1242,90138F102,BBG0029ZX859,,False,Common Stock,Equity,US,openfigi:/v3/mapping,2026-09-19,NOT_IN_RADAR
25434V773,142769974.0,371,25434V773,BBG01633DW64,,False,ETP,Equity,US,openfigi:/v3/mapping,2026-09-19,NOT_IN_RADAR
12653C108,142590025.0,628,12653C108,BBG001SC7TN4,,False,Common Stock,Equity,US,openfigi:/v3/mapping,2026-09-19,NOT_IN_RADAR
74623V103,142589635.0,402,74623V103,BBG00YRJF230,,False,Common Stock,Equity,US,openfigi:/v3/mapping,2026-09-19,NOT_IN_RADAR
78574H104,142544743.0,296,78574H104,BBG00Z6F4C29,,False,Common Stock,Equity,US,openfigi:/v3/mapping,2026-09-19,NOT_IN_RADAR
464288281,142376295.0,1076,464288281,BBG001SQS9Y2,,False,ETP,Equity,US,openfigi:/v3/mapping,2026-09-19,NOT_IN_RADAR
G17977110,142358920.0,331,G17977110,,,False,,,,openfigi:/v3/mapping,2026-09-19,NO_ID
74017N105,142257472.0,299,74017N105,BBG001SSB3T5,,False,Common Stock,Equity,US,openfigi:/v3/mapping,2026-09-19,NOT_IN_RADAR
05550J101,142130277.0,1004,05550J101,BBG00FQ8T4M6,,False,Common Stock,Equity,US,openfigi:/v3/mapping,2026-09-19,NOT_IN_RADAR
55261F104,141993782.0,1600,55261F104,BBG001S7S2B4,,False,Common Stock,Equity,US,openfigi:/v3/mapping,2026-09-19,NOT_IN_RADAR
116794108,141820997.0,538,116794108,BBG001SF69P0,,False,Common Stock,Equity,US,openfigi:/v3/mapping,2026-09-19,NOT_IN_RADAR
243537107,141748858.0,1311,243537107,BBG001S7GXB9,,False,Common Stock,Equity,US,openfigi:/v3/mapping,2026-09-19,NOT_IN_RADAR
81369Y860,141748756.0,961,81369Y860,BBG00B597137,,False,ETP,Equity,US,openfigi:/v3/mapping,2026-09-19,NOT_IN_RADAR
64119V303,141608969.0,398,64119V303,BBG00W5FQQM0,,False,REIT,Equity,US,openfigi:/v3/mapping,2026-09-19,NOT_IN_RADAR
90138L109,141501595.0,92,90138L109,BBG01T6DV3D5,,False,Common Stock,Equity,US,openfigi:/v3/mapping,2026-09-19,NOT_IN_RADAR
302130109,141485616.0,1369,302130109,BBG001S5QZZ1,,False,Common Stock,Equity,US,openfigi:/v3/mapping,2026-09-19,NOT_IN_RADAR
80706P103,141425641.0,430,80706P103,BBG00KT2RSD4,,False,Common Stock,Equity,US,openfigi:/v3/mapping,2026-09-19,NOT_IN_RADAR
380237107,141283014.0,1003,380237107,BBG006MDLXZ9,,False,Common Stock,Equity,US,openfigi:/v3/mapping,2026-09-19,NOT_IN_RADAR
64049M209,141161555.0,386,64049M209,BBG001S9DSY4,,False,Common Stock,Equity,US,openfigi:/v3/mapping,2026-09-19,NOT_IN_RADAR
46429B598,141075806.0,709,46429B598,BBG002DMN4B6,,False,ETP,Equity,US,openfigi:/v3/mapping,2026-09-19,NOT_IN_RADAR
90138A103,140958595.0,259,90138A103,BBG001V0ZQH8,,False,ADR,Equity,US,openfigi:/v3/mapping,2026-09-19,NOT_IN_RADAR
91688F104,140648748.0,441,91688F104,BBG00FBJ63B7,,False,Common Stock,Equity,US,openfigi:/v3/mapping,2026-09-19,NOT_IN_RADAR
418056107,140534890.0,1192,418056107,BBG001S5RSQ6,,False,Common Stock,Equity,US,openfigi:/v3/mapping,2026-09-19,NOT_IN_RADAR
46137V241,140422002.0,1005,46137V241,BBG001SDTVQ0,,False,ETP,Equity,US,openfigi:/v3/mapping,2026-09-19,NOT_IN_RADAR
644393100,140385224.0,249,644393100,,,False,,,,openfigi:/v3/mapping,2026-09-19,NO_ID
15687V109,140165193.0,377,15687V109,BBG00Y7BR4L2,,False,Common Stock,Equity,US,openfigi:/v3/mapping,2026-09-19,NOT_IN_RADAR
163851108,139813412.0,654,163851108,BBG005H82GC1,,False,Common Stock,Equity,US,openfigi:/v3/mapping,2026-09-19,NOT_IN_RADAR
632307104,139636671.0,1164,632307104,BBG001V0FSF8,,False,Common Stock,Equity,US,openfigi:/v3/mapping,2026-09-19,NOT_IN_RADAR
553368101,139583054.0,985,553368101,BBG00TJGL0T5,,False,Common Stock,Equity,US,openfigi:/v3/mapping,2026-09-19,NOT_IN_RADAR
36317J209,139402445.0,400,36317J209,BBG0120SWLT9,,False,Common Stock,Equity,US,openfigi:/v3/mapping,2026-09-19,NOT_IN_RADAR
82575P107,139399080.0,348,82575P107,BBG00RRGP4W4,,False,ADR,Equity,US,openfigi:/v3/mapping,2026-09-19,NOT_IN_RADAR
453038408,139389069.0,612,453038408,BBG001S5T1N6,,False,Common Stock,Equity,US,openfigi:/v3/mapping,2026-09-19,NOT_IN_RADAR
03969K108,139149670.0,410,03969K108,BBG00QN8K4P1,,False,Common Stock,Equity,US,openfigi:/v3/mapping,2026-09-19,NOT_IN_RADAR
053604104,139109851.0,381,053604104,BBG00Q73LFK9,,False,Common Stock,Equity,US,openfigi:/v3/mapping,2026-09-19,NOT_IN_RADAR
26701L100,138838806.0,712,26701L100,BBG01282ZJ56,,False,Common Stock,Equity,US,openfigi:/v3/mapping,2026-09-19,NOT_IN_RADAR
00CASHJPY,138787317.0,1,00CASHJPY,,,False,,,,openfigi:/v3/mapping,2026-09-19,ERROR
78463V107,138612561.0,3917,78463V107,BBG001SCPX28,,False,ETP,Equity,US,openfigi:/v3/mapping,2026-09-19,NOT_IN_RADAR
025072802,138505065.0,723,025072802,BBG00Q9MR7Z1,,False,ETP,Equity,US,openfigi:/v3/mapping,2026-09-19,NOT_IN_RADAR
83443Q103,138392512.0,1769,83443Q103,BBG01X5744Z4,,False,Common Stock,Equity,US,openfigi:/v3/mapping,2026-09-19,NOT_IN_RADAR
83444M101,138342419.0,1280,83444M101,BBG018YZH6V0,,False,Common Stock,Equity,US,openfigi:/v3/mapping,2026-09-19,NOT_IN_RADAR
42330P107,138199812.0,421,42330P107,BBG001S978V8,,False,Common Stock,Equity,US,openfigi:/v3/mapping,2026-09-19,NOT_IN_RADAR
55955D100,138103207.0,438,55955D100,BBG001T5LB97,,False,Common Stock,Equity,US,openfigi:/v3/mapping,2026-09-19,NOT_IN_RADAR
71385M107,138071714.0,455,71385M107,BBG01QXPR8M8,,False,Common Stock,Equity,US,openfigi:/v3/mapping,2026-09-19,NOT_IN_RADAR
46434V803,137880926.0,528,46434V803,BBG005XKVF72,,False,ETP,Equity,US,openfigi:/v3/mapping,2026-09-19,NOT_IN_RADAR
83671M105,137861830.0,439,83671M105,BBG01N6BVR30,,False,Common Stock,Equity,US,openfigi:/v3/mapping,2026-09-19,NOT_IN_RADAR
872657101,137473158.0,522,872657101,BBG0145FSQD9,,False,Common Stock,Equity,US,openfigi:/v3/mapping,2026-09-19,NOT_IN_RADAR
92345Y106,137419249.0,1513,92345Y106,BBG001SBRX64,,False,Common Stock,Equity,US,openfigi:/v3/mapping,2026-09-19,NOT_IN_RADAR
00404A109,137179163.0,455,00404A109,BBG001SNNWL7,,False,Common Stock,Equity,US,openfigi:/v3/mapping,2026-09-19,NOT_IN_RADAR
74965L101,137080891.0,333,74965L101,BBG001V0BJV4,,False,REIT,Equity,US,openfigi:/v3/mapping,2026-09-19,NOT_IN_RADAR
339750101,136602882.0,651,339750101,BBG007GJ2F90,,False,Common Stock,Equity,US,openfigi:/v3/mapping,2026-09-19,NOT_IN_RADAR
85207H104,136598699.0,748,85207H104,BBG001T66XM9,,False,Closed-End Fund,Equity,US,openfigi:/v3/mapping,2026-09-19,NOT_IN_RADAR
92189H300,136482130.0,419,92189H300,BBG001T9BPT7,,False,ETP,Equity,US,openfigi:/v3/mapping,2026-09-19,NOT_IN_RADAR
12541W209,136336072.0,1356,12541W209,BBG001SB6KF5,,False,Common Stock,Equity,US,openfigi:/v3/mapping,2026-09-19,NOT_IN_RADAR
896945201,136299035.0,420,896945201,BBG001V10VR2,,False,Common Stock,Equity,US,openfigi:/v3/mapping,2026-09-19,NOT_IN_RADAR
12514G108,136291004.0,1150,12514G108,BBG001V18TB6,,False,Common Stock,Equity,US,openfigi:/v3/mapping,2026-09-19,NOT_IN_RADAR
68390D106,136260523.0,359,68390D106,BBG006L2SZD6,,False,Common Stock,Equity,US,openfigi:/v3/mapping,2026-09-19,NOT_IN_RADAR
74762E102,136180017.0,2502,74762E102,BBG001S5VH85,PWR,True,Common Stock,Equity,US,openfigi:/v3/mapping,2026-09-19,OK
32054K103,136054631.0,735,32054K103,BBG001S81Z00,,False,REIT,Equity,US,openfigi:/v3/mapping,2026-09-19,NOT_IN_RADAR
91733P107,135905866.0,412,91733P107,BBG01HFW5YQ6,,False,Common Stock,Equity,US,openfigi:/v3/mapping,2026-09-19,NOT_IN_RADAR
47103N106,135903437.0,308,47103N106,BBG0100SH2D9,,False,Common Stock,Equity,US,openfigi:/v3/mapping,2026-09-19,NOT_IN_RADAR
343412102,135868529.0,799,343412102,BBG001S5Q738,,False,Common Stock,Equity,US,openfigi:/v3/mapping,2026-09-19,NOT_IN_RADAR
513272104,135513854.0,849,513272104,BBG003CVMLR1,,False,Common Stock,Equity,US,openfigi:/v3/mapping,2026-09-19,NOT_IN_RADAR
97717X669,135435643.0,1085,97717X669,BBG004LMH3Z6,,False,ETP,Equity,US,openfigi:/v3/mapping,2026-09-19,NOT_IN_RADAR
29430C102,135368165.0,414,29430C102,BBG001SGVMS8,,False,Common Stock,Equity,US,openfigi:/v3/mapping,2026-09-19,NOT_IN_RADAR
92552V100,135279984.0,573,92552V100,BBG001S98NF2,VSAT,True,Common Stock,Equity,US,openfigi:/v3/mapping,2026-09-19,OK
91529Y106,135093988.0,1028,91529Y106,BBG001S5X2J4,,False,Common Stock,Equity,US,openfigi:/v3/mapping,2026-09-19,NOT_IN_RADAR
L8681T102,135063953.0,1906,L8681T102,,,False,,,,openfigi:/v3/mapping,2026-09-19,NO_ID
25434V666,135049025.0,448,25434V666,BBG01BN5Z188,,False,ETP,Equity,US,openfigi:/v3/mapping,2026-09-19,NOT_IN_RADAR
87427V103,135014856.0,248,87427V103,,,False,,,,openfigi:/v3/mapping,2026-09-19,NO_ID
02043Q107,134941311.0,1206,02043Q107,BBG001S7FTC8,,False,Common Stock,Equity,US,openfigi:/v3/mapping,2026-09-19,NOT_IN_RADAR
053484101,134639463.0,1168,053484101,,,False,,,,openfigi:/v3/mapping,2026-09-19,NO_ID
902685106,134623791.0,279,902685106,,,False,,,,openfigi:/v3/mapping,2026-09-19,NO_ID
817565104,134543385.0,882,817565104,BBG001S5WBJ5,,False,Common Stock,Equity,US,openfigi:/v3/mapping,2026-09-19,NOT_IN_RADAR
626717102,134453031.0,715,626717102,BBG001S5TG80,,False,Common Stock,Equity,US,openfigi:/v3/mapping,2026-09-19,NOT_IN_RADAR
05280R100,134436091.0,99,05280R100,BBG00KVT06G6,,False,ADR,Equity,US,openfigi:/v3/mapping,2026-09-19,NOT_IN_RADAR
01609WBG6,134351126.0,13,01609WBG6,,,False,,,,openfigi:/v3/mapping,2026-09-19,NO_ID
14019W109,134339479.0,437,14019W109,BBG015DN0WJ1,,False,ETP,Equity,US,openfigi:/v3/mapping,2026-09-19,NOT_IN_RADAR
427866108,134319668.0,2070,427866108,BBG001S5S148,HSY,True,Common Stock,Equity,US,openfigi:/v3/mapping,2026-09-19,OK
32051X108,134217918.0,516,32051X108,BBG0046LJYX7,,False,Common Stock,Equity,US,openfigi:/v3/mapping,2026-09-19,NOT_IN_RADAR
01741R102,134133636.0,1001,01741R102,BBG001S8WY72,,False,Common Stock,Equity,US,openfigi:/v3/mapping,2026-09-19,NOT_IN_RADAR
500767306,133780204.0,387,500767306,BBG004XB9HZ5,,False,ETP,Equity,US,openfigi:/v3/mapping,2026-09-19,NOT_IN_RADAR
762544104,133679944.0,215,762544104,BBG00HW4CSH5,,False,Common Stock,Equity,US,openfigi:/v3/mapping,2026-09-19,NOT_IN_RADAR
30226D106,133602989.0,451,30226D106,BBG001S6ZV24,,False,Common Stock,Equity,US,openfigi:/v3/mapping,2026-09-19,NOT_IN_RADAR
45579U109,133411798.0,429,45579U109,BBG01ZTXFLX8,,False,Common Stock,Equity,US,openfigi:/v3/mapping,2026-09-19,NOT_IN_RADAR
36162J106,133314786.0,370,36162J106,BBG001S6VYZ6,,False,Common Stock,Equity,US,openfigi:/v3/mapping,2026-09-19,NOT_IN_RADAR
464287671,133290797.0,983,464287671,BBG001SFQL99,,False,ETP,Equity,US,openfigi:/v3/mapping,2026-09-19,NOT_IN_RADAR
28036F105,133176028.0,329,28036F105,BBG00K4Y2H33,,False,Common Stock,Equity,US,openfigi:/v3/mapping,2026-09-19,NOT_IN_RADAR
03237H101,133139944.0,263,03237H101,BBG00DP10YW1,,False,Common Stock,Equity,US,openfigi:/v3/mapping,2026-09-19,NOT_IN_RADAR
260003108,132756332.0,1661,260003108,BBG001S5QL46,,False,Common Stock,Equity,US,openfigi:/v3/mapping,2026-09-19,NOT_IN_RADAR
723484101,132733418.0,1058,723484101,BBG001S5VB15,,False,Common Stock,Equity,US,openfigi:/v3/mapping,2026-09-19,NOT_IN_RADAR
464288661,132573206.0,1110,464288661,BBG001SSD812,,False,ETP,Equity,US,openfigi:/v3/mapping,2026-09-19,NOT_IN_RADAR
72348N109,132552401.0,936,72348N109,BBG01Z7V4M93,,False,Common Stock,Equity,US,openfigi:/v3/mapping,2026-09-19,NOT_IN_RADAR
22002T108,132426141.0,521,22002T108,BBG001S5XVM6,,False,REIT,Equity,US,openfigi:/v3/mapping,2026-09-19,NOT_IN_RADAR
49457M106,132282968.0,71,49457M106,,,False,,,,openfigi:/v3/mapping,2026-09-19,NO_ID
105368203,132252403.0,371,105368203,BBG001S6YGF4,,False,REIT,Equity,US,openfigi:/v3/mapping,2026-09-19,NOT_IN_RADAR
22663K107,132224545.0,396,22663K107,,,False,,,,openfigi:/v3/mapping,2026-09-19,NO_ID
G9001E128,132161648.0,318,G9001E128,,,False,,,,openfigi:/v3/mapping,2026-09-19,NO_ID
41068X100,132131826.0,564,41068X100,BBG0044K5DN3,,False,Common Stock,Equity,US,openfigi:/v3/mapping,2026-09-19,NOT_IN_RADAR
929160109,132084872.0,1530,929160109,BBG001S5X8R2,VMC,True,Common Stock,Equity,US,openfigi:/v3/mapping,2026-09-19,OK
92647X830,131895631.0,317,92647X830,BBG01H064W02,,False,ETP,Equity,US,openfigi:/v3/mapping,2026-09-19,NOT_IN_RADAR
880881107,131879533.0,472,880881107,,,False,,,,openfigi:/v3/mapping,2026-09-19,NO_ID
94419L101,131584130.0,683,94419L101,BBG001THKQ26,,False,Common Stock,Equity,US,openfigi:/v3/mapping,2026-09-19,NOT_IN_RADAR
34354P105,131274924.0,908,34354P105,BBG001SB3F87,,False,Common Stock,Equity,US,openfigi:/v3/mapping,2026-09-19,NOT_IN_RADAR
N72482156,131253690.0,558,N72482156,,,False,,,,openfigi:/v3/mapping,2026-09-19,NO_ID
40049J206,131253125.0,143,40049J206,BBG001S64JP0,,False,ADR,Equity,US,openfigi:/v3/mapping,2026-09-19,NOT_IN_RADAR
714046109,131187406.0,810,714046109,BBG001SBKS35,,False,Common Stock,Equity,US,openfigi:/v3/mapping,2026-09-19,NOT_IN_RADAR
78464A870,131175840.0,1069,78464A870,BBG001SQDKG3,,False,ETP,Equity,US,openfigi:/v3/mapping,2026-09-19,NOT_IN_RADAR
29355A107,131150672.0,713,29355A107,BBG001V28NC6,,False,Common Stock,Equity,US,openfigi:/v3/mapping,2026-09-19,NOT_IN_RADAR
27579R104,130871355.0,904,27579R104,BBG001SCC7R2,,False,Common Stock,Equity,US,openfigi:/v3/mapping,2026-09-19,NOT_IN_RADAR
74276R102,130761862.0,441,74276R102,BBG00ZXYXWJ4,,False,Common Stock,Equity,US,openfigi:/v3/mapping,2026-09-19,NOT_IN_RADAR
91704F104,130705709.0,408,91704F104,BBG006BFYQP8,,False,REIT,Equity,US,openfigi:/v3/mapping,2026-09-19,NOT_IN_RADAR
88025U109,130695499.0,500,88025U109,BBG007WX14Y9,,False,Common Stock,Equity,US,openfigi:/v3/mapping,2026-09-19,NOT_IN_RADAR
63947X101,130528684.0,435,63947X101,BBG014GJ8XJ0,,False,Common Stock,Equity,US,openfigi:/v3/mapping,2026-09-19,NOT_IN_RADAR
47103U852,130210647.0,413,47103U852,BBG00LYBQSH3,,False,ETP,Equity,US,openfigi:/v3/mapping,2026-09-19,NOT_IN_RADAR
34631F102,130085468.0,279,34631F102,BBG01ZJ9DSC2,,False,Common Stock,Equity,US,openfigi:/v3/mapping,2026-09-19,NOT_IN_RADAR
540424108,129846879.0,1124,540424108,BBG001S6KQC0,,False,Common Stock,Equity,US,openfigi:/v3/mapping,2026-09-19,NOT_IN_RADAR
0076CA104,129638471.0,395,0076CA104,BBG001S6Y6M8,,False,NY Reg Shrs,Equity,US,openfigi:/v3/mapping,2026-09-19,NOT_IN_RADAR
35909R108,129602596.0,239,35909R108,BBG00GCTTKY4,,False,Common Stock,Equity,US,openfigi:/v3/mapping,2026-09-19,NOT_IN_RADAR
00091E109,129501696.0,232,00091E109,BBG011N54DC3,,False,Common Stock,Equity,US,openfigi:/v3/mapping,2026-09-19,NOT_IN_RADAR
07831C103,129431107.0,581,07831C103,BBG013QNJHW0,,False,Common Stock,Equity,US,openfigi:/v3/mapping,2026-09-19,NOT_IN_RADAR
56600D107,129412598.0,236,56600D107,BBG00Y1DFW44,,False,Common Stock,Equity,US,openfigi:/v3/mapping,2026-09-19,NOT_IN_RADAR
26622P107,129395425.0,655,26622P107,BBG0026ZJQY6,,False,Common Stock,Equity,US,openfigi:/v3/mapping,2026-09-19,NOT_IN_RADAR
372460105,129390122.0,1573,372460105,BBG001S5RNH7,,False,Common Stock,Equity,US,openfigi:/v3/mapping,2026-09-19,NOT_IN_RADAR
04911A107,129233284.0,639,04911A107,BBG001S7GJV8,,False,Common Stock,Equity,US,openfigi:/v3/mapping,2026-09-19,NOT_IN_RADAR
Y2065G121,129215233.0,416,Y2065G121,,,False,,,,openfigi:/v3/mapping,2026-09-19,NO_ID
75776W103,129047090.0,353,75776W103,BBG00YGLXFH3,,False,Common Stock,Equity,US,openfigi:/v3/mapping,2026-09-19,NOT_IN_RADAR
770323103,128878613.0,619,770323103,BBG001S5VP41,,False,Common Stock,Equity,US,openfigi:/v3/mapping,2026-09-19,NOT_IN_RADAR
34964C106,128696641.0,721,34964C106,BBG001THLZ70,,False,Common Stock,Equity,US,openfigi:/v3/mapping,2026-09-19,NOT_IN_RADAR
87484T108,128477354.0,417,87484T108,BBG00JPH4JG0,,False,Common Stock,Equity,US,openfigi:/v3/mapping,2026-09-19,NOT_IN_RADAR
46138J643,128457882.0,436,46138J643,BBG00LNJW5P2,,False,ETP,Equity,US,openfigi:/v3/mapping,2026-09-19,NOT_IN_RADAR
04280A100,128452677.0,683,04280A100,BBG001SGT8G5,,False,Common Stock,Equity,US,openfigi:/v3/mapping,2026-09-19,NOT_IN_RADAR
09681N106,127769473.0,108,09681N106,BBG001SBKPR5,,False,Common Stock,Equity,US,openfigi:/v3/mapping,2026-09-19,NOT_IN_RADAR
294429105,127736469.0,1358,294429105,BBG001S5QSK3,,False,Common Stock,Equity,US,openfigi:/v3/mapping,2026-09-19,NOT_IN_RADAR
04626A103,127735332.0,1011,04626A103,BBG00TDKHWK6,,False,Common Stock,Equity,US,openfigi:/v3/mapping,2026-09-19,NOT_IN_RADAR
093671105,127608823.0,759,093671105,BBG001S5S031,,False,Common Stock,Equity,US,openfigi:/v3/mapping,2026-09-19,NOT_IN_RADAR
45826HAD1,127542000.0,11,45826HAD1,,,False,,,,openfigi:/v3/mapping,2026-09-19,NO_ID
34379V103,127443484.0,381,34379V103,BBG012QSDTD2,,False,Common Stock,Equity,US,openfigi:/v3/mapping,2026-09-19,NOT_IN_RADAR
767204100,127428203.0,1233,767204100,BBG001SB0LX9,,False,ADR,Equity,US,openfigi:/v3/mapping,2026-09-19,NOT_IN_RADAR
500255104,127312947.0,551,500255104,BBG001S71NV5,,False,Common Stock,Equity,US,openfigi:/v3/mapping,2026-09-19,NOT_IN_RADAR
G1890L107,127302692.0,458,G1890L107,,,False,,,,openfigi:/v3/mapping,2026-09-19,NO_ID
666807102,127233171.0,2606,666807102,BBG001S5TP26,,False,Common Stock,Equity,US,openfigi:/v3/mapping,2026-09-19,NOT_IN_RADAR
750236101,127200408.0,569,750236101,BBG001SBWXG7,,False,Common Stock,Equity,US,openfigi:/v3/mapping,2026-09-19,NOT_IN_RADAR
031652100,127190814.0,771,031652100,BBG001S64YF8,,False,Common Stock,Equity,US,openfigi:/v3/mapping,2026-09-19,NOT_IN_RADAR
48242W106,127093851.0,572,48242W106,BBG001SP11V3,,False,Common Stock,Equity,US,openfigi:/v3/mapping,2026-09-19,NOT_IN_RADAR
858119100,127090952.0,1463,858119100,BBG001S98JK5,STLD,True,Common Stock,Equity,US,openfigi:/v3/mapping,2026-09-19,OK
40637H109,126908817.0,958,40637H109,BBG001SGX585,,False,Common Stock,Equity,US,openfigi:/v3/mapping,2026-09-19,NOT_IN_RADAR
92206C813,126902070.0,419,92206C813,BBG001T62M56,,False,ETP,Equity,US,openfigi:/v3/mapping,2026-09-19,NOT_IN_RADAR
806407102,126887412.0,848,806407102,BBG001S6S7F1,,False,Common Stock,Equity,US,openfigi:/v3/mapping,2026-09-19,NOT_IN_RADAR
03969F109,126757063.0,330,03969F109,BBG00DQD2751,,False,Common Stock,Equity,US,openfigi:/v3/mapping,2026-09-19,NOT_IN_RADAR
46436E205,126713491.0,423,46436E205,BBG00Q79F703,,False,ETP,Equity,US,openfigi:/v3/mapping,2026-09-19,NOT_IN_RADAR
09290D101,126681038.0,3314,09290D101,BBG01PSW2WR0,BLK,True,Common Stock,Equity,US,openfigi:/v3/mapping,2026-09-19,OK
M2197Q107,126575113.0,296,M2197Q107,,,False,,,,openfigi:/v3/mapping,2026-09-19,NO_ID
231021106,126539612.0,2810,231021106,BBG001S5Q9M3,,False,Common Stock,Equity,US,openfigi:/v3/mapping,2026-09-19,NOT_IN_RADAR
30190A104,126530592.0,468,30190A104,BBG01BGVGH85,,False,Common Stock,Equity,US,openfigi:/v3/mapping,2026-09-19,NOT_IN_RADAR
67080M103,126447733.0,300,67080M103,BBG00SDJ8M87,,False,Common Stock,Equity,US,openfigi:/v3/mapping,2026-09-19,NOT_IN_RADAR
68622P109,126156857.0,259,68622P109,BBG00BL5SMR2,,False,Common Stock,Equity,US,openfigi:/v3/mapping,2026-09-19,NOT_IN_RADAR
N62509109,126141520.0,259,N62509109,,,False,,,,openfigi:/v3/mapping,2026-09-19,NO_ID
03748R747,126124966.0,250,03748R747,BBG001S876N3,,False,REIT,Equity,US,openfigi:/v3/mapping,2026-09-19,NOT_IN_RADAR
925283103,126010943.0,1237,925283103,BBG01Y0M8KD8,,False,Common Stock,Equity,US,openfigi:/v3/mapping,2026-09-19,NOT_IN_RADAR
83570H108,125842866.0,443,83570H108,BBG001SRR9R9,,False,Common Stock,Equity,US,openfigi:/v3/mapping,2026-09-19,NOT_IN_RADAR
F21107101,125789841.0,460,F21107101,,,False,,,,openfigi:/v3/mapping,2026-09-19,NO_ID
75734B100,125741367.0,1161,75734B100,BBG015RGX648,,False,Common Stock,Equity,US,openfigi:/v3/mapping,2026-09-19,NOT_IN_RADAR
30049H102,125702666.0,364,30049H102,BBG00W1PPKY3,,False,Common Stock,Equity,US,openfigi:/v3/mapping,2026-09-19,NOT_IN_RADAR
23128Q101,125649679.0,427,23128Q101,BBG01JZB99P8,,False,REIT,Equity,US,openfigi:/v3/mapping,2026-09-19,NOT_IN_RADAR
87283Q867,125638580.0,461,87283Q867,BBG01GZY8BG0,,False,ETP,Equity,US,openfigi:/v3/mapping,2026-09-19,NOT_IN_RADAR
46434V407,125596749.0,641,46434V407,BBG005DW06B7,,False,ETP,Equity,US,openfigi:/v3/mapping,2026-09-19,NOT_IN_RADAR
831865209,125128955.0,959,831865209,BBG001S5NRY3,,False,Common Stock,Equity,US,openfigi:/v3/mapping,2026-09-19,NOT_IN_RADAR
828730200,125091266.0,475,828730200,BBG001S5W0T8,,False,Common Stock,Equity,US,openfigi:/v3/mapping,2026-09-19,NOT_IN_RADAR
69370C100,125023296.0,1069,69370C100,BBG001S6DNK6,,False,Common Stock,Equity,US,openfigi:/v3/mapping,2026-09-19,NOT_IN_RADAR
86627T108,124868118.0,315,86627T108,BBG00X3GQL94,,False,Common Stock,Equity,US,openfigi:/v3/mapping,2026-09-19,NOT_IN_RADAR
724479100,124704033.0,452,724479100,BBG001S5V171,,False,Common Stock,Equity,US,openfigi:/v3/mapping,2026-09-19,NOT_IN_RADAR
43940T109,124695775.0,412,43940T109,BBG001S8F2H0,,False,Common Stock,Equity,US,openfigi:/v3/mapping,2026-09-19,NOT_IN_RADAR
67577C105,124598190.0,173,67577C105,BBG001TG1LS2,,False,Common Stock,Equity,US,openfigi:/v3/mapping,2026-09-19,NOT_IN_RADAR
45719W205,124582662.0,146,45719W205,BBG005TP2348,,False,Common Stock,Equity,US,openfigi:/v3/mapping,2026-09-19,NOT_IN_RADAR
482480100,124347802.0,2957,482480100,BBG001S5SLM4,KLAC,True,Common Stock,Equity,US,openfigi:/v3/mapping,2026-09-19,OK
82835P103,124287677.0,258,82835P103,BBG001S6YR97,,False,Common Stock,Equity,US,openfigi:/v3/mapping,2026-09-19,NOT_IN_RADAR
00288U106,124279712.0,171,00288U106,BBG00LLW2MH0,,False,Common Stock,Equity,US,openfigi:/v3/mapping,2026-09-19,NOT_IN_RADAR
88025T102,124132576.0,453,88025T102,BBG00LBLCDR3,,False,Common Stock,Equity,US,openfigi:/v3/mapping,2026-09-19,NOT_IN_RADAR
736508847,124061440.0,766,736508847,BBG001S5V4Y5,,False,Common Stock,Equity,US,openfigi:/v3/mapping,2026-09-19,NOT_IN_RADAR
256135203,123980400.0,358,256135203,BBG001SHMCN3,,False,ADR,Equity,US,openfigi:/v3/mapping,2026-09-19,NOT_IN_RADAR
00461U105,123869039.0,193,00461U105,BBG003LF0QS8,,False,Common Stock,Equity,US,openfigi:/v3/mapping,2026-09-19,NOT_IN_RADAR
670002401,123861203.0,369,670002401,BBG001SGL8G3,,False,Common Stock,Equity,US,openfigi:/v3/mapping,2026-09-19,NOT_IN_RADAR
46654Q575,123681794.0,219,46654Q575,BBG01VGCNZQ5,,False,ETP,Equity,US,openfigi:/v3/mapping,2026-09-19,NOT_IN_RADAR
86562M209,123669982.0,617,86562M209,BBG001SLH608,,False,ADR,Equity,US,openfigi:/v3/mapping,2026-09-19,NOT_IN_RADAR
45257U108,123577568.0,303,45257U108,BBG00BR94298,,False,Common Stock,Equity,US,openfigi:/v3/mapping,2026-09-19,NOT_IN_RADAR
14020Y300,123473624.0,360,14020Y300,BBG019XS8NR3,,False,ETP,Equity,US,openfigi:/v3/mapping,2026-09-19,NOT_IN_RADAR
444859102,123309141.0,1197,444859102,BBG001S5S1X6,,False,Common Stock,Equity,US,openfigi:/v3/mapping,2026-09-19,NOT_IN_RADAR
756158101,123116980.0,271,756158101,BBG001SBVF13,,False,Closed-End Fund,Equity,US,openfigi:/v3/mapping,2026-09-19,NOT_IN_RADAR
80004C200,123095411.0,1688,80004C200,BBG01R388JK6,SNDK,True,Common Stock,Equity,US,openfigi:/v3/mapping,2026-09-19,OK
866674104,123085746.0,799,866674104,BBG001S7HRC0,,False,REIT,Equity,US,openfigi:/v3/mapping,2026-09-19,NOT_IN_RADAR
701094104,123070527.0,2772,701094104,BBG001S5V554,PH,True,Common Stock,Equity,US,openfigi:/v3/mapping,2026-09-19,OK
172573107,123053565.0,831,172573107,BBG01T61V3Q7,,False,Common Stock,Equity,US,openfigi:/v3/mapping,2026-09-19,NOT_IN_RADAR
69344A834,123028434.0,276,69344A834,BBG01HHR9TZ2,,False,ETP,Equity,US,openfigi:/v3/mapping,2026-09-19,NOT_IN_RADAR
431284108,122857612.0,554,431284108,BBG001S7X2X4,,False,REIT,Equity,US,openfigi:/v3/mapping,2026-09-19,NOT_IN_RADAR
73931J109,122819703.0,276,73931J109,BBG00PG3JNM5,,False,Common Stock,Equity,US,openfigi:/v3/mapping,2026-09-19,NOT_IN_RADAR
04040Y109,122811382.0,221,04040Y109,BBG001S75835,,False,Common Stock,Equity,US,openfigi:/v3/mapping,2026-09-19,NOT_IN_RADAR
233051200,122779205.0,629,233051200,BBG001S9Z3V8,,False,ETP,Equity,US,openfigi:/v3/mapping,2026-09-19,NOT_IN_RADAR
N97284108,122771482.0,970,N97284108,,,False,,,,openfigi:/v3/mapping,2026-09-19,NO_ID
90353TAM2,122715504.0,23,90353TAM2,,,False,,,,openfigi:/v3/mapping,2026-09-19,NO_ID
781154109,122529543.0,673,781154109,BBG008D32614,,False,Common Stock,Equity,US,openfigi:/v3/mapping,2026-09-19,NOT_IN_RADAR
17243V102,122286918.0,432,17243V102,BBG001SS31W4,,False,Common Stock,Equity,US,openfigi:/v3/mapping,2026-09-19,NOT_IN_RADAR
524660107,122233983.0,522,524660107,,,False,,,,openfigi:/v3/mapping,2026-09-19,NO_ID
576485205,122213558.0,746,576485205,BBG001T3L5S4,,False,Common Stock,Equity,US,openfigi:/v3/mapping,2026-09-19,NOT_IN_RADAR
379577208,122187305.0,875,379577208,BBG002V87T57,,False,Common Stock,Equity,US,openfigi:/v3/mapping,2026-09-19,NOT_IN_RADAR
989701107,122139931.0,825,989701107,BBG001S5XN80,,False,Common Stock,Equity,US,openfigi:/v3/mapping,2026-09-19,NOT_IN_RADAR
L02235106,122063853.0,313,L02235106,,,False,,,,openfigi:/v3/mapping,2026-09-19,NO_ID
489398107,121927702.0,361,489398107,,,False,,,,openfigi:/v3/mapping,2026-09-19,NO_ID
27923Q109,121922459.0,292,27923Q109,BBG00GX8YLD2,,False,Common Stock,Equity,US,openfigi:/v3/mapping,2026-09-19,NOT_IN_RADAR
81617J301,121890412.0,358,81617J301,BBG00G4Y2F27,,False,Common Stock,Equity,US,openfigi:/v3/mapping,2026-09-19,NOT_IN_RADAR
302492103,121832465.0,368,302492103,BBG002030ND3,,False,Common Stock,Equity,US,openfigi:/v3/mapping,2026-09-19,NOT_IN_RADAR
302491303,121784325.0,656,302491303,BBG001S5R880,,False,Common Stock,Equity,US,openfigi:/v3/mapping,2026-09-19,NOT_IN_RADAR
38246G108,121632259.0,236,38246G108,BBG00X0VP956,,False,Common Stock,Equity,US,openfigi:/v3/mapping,2026-09-19,NOT_IN_RADAR
983793100,121496514.0,1049,983793100,BBG001SJW3C0,,False,Common Stock,Equity,US,openfigi:/v3/mapping,2026-09-19,NOT_IN_RADAR
690469101,121481726.0,126,690469101,BBG009F0TD85,,False,Common Stock,Equity,US,openfigi:/v3/mapping,2026-09-19,NOT_IN_RADAR
89422G107,121180058.0,407,89422G107,BBG001SL72C5,,False,Common Stock,Equity,US,openfigi:/v3/mapping,2026-09-19,NOT_IN_RADAR
G68707101,120952568.0,376,G68707101,,,False,,,,openfigi:/v3/mapping,2026-09-19,NO_ID
46578C108,120912529.0,318,46578C108,BBG012WFRMH9,,False,Common Stock,Equity,US,openfigi:/v3/mapping,2026-09-19,NOT_IN_RADAR
46138J460,120903516.0,335,46138J460,BBG00X3HYBX8,,False,ETP,Equity,US,openfigi:/v3/mapping,2026-09-19,NOT_IN_RADAR
77543R102,120756972.0,988,77543R102,BBG001ZZPQM2,,False,Common Stock,Equity,US,openfigi:/v3/mapping,2026-09-19,NOT_IN_RADAR
88339P101,120575591.0,361,88339P101,BBG004FPDP45,,False,Common Stock,Equity,US,openfigi:/v3/mapping,2026-09-19,NOT_IN_RADAR
88162F105,120562815.0,350,88162F105,BBG001S5WXH9,,False,Common Stock,Equity,US,openfigi:/v3/mapping,2026-09-19,NOT_IN_RADAR
74347M108,120504938.0,352,74347M108,BBG00FYCQ3Y0,,False,Common Stock,Equity,US,openfigi:/v3/mapping,2026-09-19,NOT_IN_RADAR
63942X106,120471003.0,418,63942X106,BBG00YQ6KTM3,,False,Common Stock,Equity,US,openfigi:/v3/mapping,2026-09-19,NOT_IN_RADAR
78475V103,120446940.0,133,78475V103,BBG01ZPFR7L2,,False,Common Stock,Equity,US,openfigi:/v3/mapping,2026-09-19,NOT_IN_RADAR
69331CAL2,120360436.0,21,69331CAL2,,,False,,,,openfigi:/v3/mapping,2026-09-19,NO_ID
36262G101,120347732.0,685,36262G101,BBG00YDGX9Z1,,False,Common Stock,Equity,US,openfigi:/v3/mapping,2026-09-19,NOT_IN_RADAR
099502106,120124577.0,878,099502106,BBG001T91S76,,False,Common Stock,Equity,US,openfigi:/v3/mapping,2026-09-19,NOT_IN_RADAR
46641Q134,120040173.0,384,46641Q134,BBG016CBQVP3,,False,ETP,Equity,US,openfigi:/v3/mapping,2026-09-19,NOT_IN_RADAR
53566P109,119988894.0,160,53566P109,BBG001SCW8V3,,False,Common Stock,Equity,US,openfigi:/v3/mapping,2026-09-19,NOT_IN_RADAR
98422D105,119981750.0,322,98422D105,BBG00WKJG3N6,,False,ADR,Equity,US,openfigi:/v3/mapping,2026-09-19,NOT_IN_RADAR
038923108,119776491.0,423,038923108,BBG001SJP3G4,,False,REIT,Equity,US,openfigi:/v3/mapping,2026-09-19,NOT_IN_RADAR
464287515,119774301.0,894,464287515,BBG001S7W2J1,,False,ETP,Equity,US,openfigi:/v3/mapping,2026-09-19,NOT_IN_RADAR
65158N102,119684786.0,458,65158N102,BBG00J24S7X5,,False,Common Stock,Equity,US,openfigi:/v3/mapping,2026-09-19,NOT_IN_RADAR
969904101,119631966.0,1372,969904101,BBG001SBW7S1,,False,Common Stock,Equity,US,openfigi:/v3/mapping,2026-09-19,NOT_IN_RADAR
N44445109,119576709.0,101,N44445109,,,False,,,,openfigi:/v3/mapping,2026-09-19,NO_ID
892672106,119484217.0,894,892672106,BBG00NK8H9M7,,False,Common Stock,Equity,US,openfigi:/v3/mapping,2026-09-19,NOT_IN_RADAR
30212P303,119426369.0,1599,30212P303,BBG001SP8VM0,,False,Common Stock,Equity,US,openfigi:/v3/mapping,2026-09-19,NOT_IN_RADAR
12532H104,119420837.0,533,12532H104,BBG001S5YY67,,False,Common Stock,Equity,US,openfigi:/v3/mapping,2026-09-19,NOT_IN_RADAR
H2906T109,119392331.0,1479,H2906T109,,,False,,,,openfigi:/v3/mapping,2026-09-19,NO_ID
02081G201,119327906.0,422,02081G201,BBG001S64XQ8,,False,Common Stock,Equity,US,openfigi:/v3/mapping,2026-09-19,NOT_IN_RADAR
N3144W105,119325904.0,283,N3144W105,,,False,,,,openfigi:/v3/mapping,2026-09-19,NO_ID
704551100,119242145.0,556,704551100,BBG00GBV89J5,,False,Common Stock,Equity,US,openfigi:/v3/mapping,2026-09-19,NOT_IN_RADAR
732908108,119218915.0,212,732908108,BBG01QDDKKH3,,False,ADR,Equity,US,openfigi:/v3/mapping,2026-09-19,NOT_IN_RADAR
126600105,118866393.0,447,126600105,BBG001SJ1SH4,,False,Common Stock,Equity,US,openfigi:/v3/mapping,2026-09-19,NOT_IN_RADAR
G9087Q102,118857570.0,345,G9087Q102,,,False,,,,openfigi:/v3/mapping,2026-09-19,NO_ID
11133T103,118823618.0,1603,11133T103,BBG001SR7MB9,,False,Common Stock,Equity,US,openfigi:/v3/mapping,2026-09-19,NOT_IN_RADAR
38173M102,118756332.0,420,38173M102,BBG001T63BY7,,False,Common Stock,Equity,US,openfigi:/v3/mapping,2026-09-19,NOT_IN_RADAR
602496101,118713323.0,327,602496101,BBG001STPW96,,False,Common Stock,Equity,US,openfigi:/v3/mapping,2026-09-19,NOT_IN_RADAR
00766T100,118670257.0,954,00766T100,BBG001SKTTF1,,False,Common Stock,Equity,US,openfigi:/v3/mapping,2026-09-19,NOT_IN_RADAR
39874R101,118650088.0,327,39874R101,BBG00P4R30Z8,,False,Common Stock,Equity,US,openfigi:/v3/mapping,2026-09-19,NOT_IN_RADAR
92790C104,118644873.0,348,92790C104,BBG002H24301,,False,Common Stock,Equity,US,openfigi:/v3/mapping,2026-09-19,NOT_IN_RADAR
45258J102,118571239.0,320,45258J102,BBG00P5MC0R7,,False,Common Stock,Equity,US,openfigi:/v3/mapping,2026-09-19,NOT_IN_RADAR
83001C108,118420071.0,440,83001C108,BBG01K8GRMY5,,False,Common Stock,Equity,US,openfigi:/v3/mapping,2026-09-19,NOT_IN_RADAR
237194105,118222525.0,1527,237194105,BBG001S5QM08,,False,Common Stock,Equity,US,openfigi:/v3/mapping,2026-09-19,NOT_IN_RADAR
800677106,118060378.0,144,800677106,BBG001S95JZ2,,False,Common Stock,Equity,US,openfigi:/v3/mapping,2026-09-19,NOT_IN_RADAR
14021D107,118008048.0,350,14021D107,BBG01J9W1K83,,False,ETP,Equity,US,openfigi:/v3/mapping,2026-09-19,NOT_IN_RADAR
09290C723,118004830.0,124,09290C723,BBG01X70TTQ5,,False,ETP,Equity,US,openfigi:/v3/mapping,2026-09-19,NOT_IN_RADAR
680665205,117984581.0,582,680665205,BBG001S5TWW8,,False,Common Stock,Equity,US,openfigi:/v3/mapping,2026-09-19,NOT_IN_RADAR
78468R408,117931109.0,450,78468R408,BBG002QLYD04,,False,ETP,Equity,US,openfigi:/v3/mapping,2026-09-19,NOT_IN_RADAR
665531307,117910239.0,508,665531307,BBG001SK2P31,,False,Common Stock,Equity,US,openfigi:/v3/mapping,2026-09-19,NOT_IN_RADAR
228368106,117863223.0,968,228368106,BBG001S5PKZ5,,False,Common Stock,Equity,US,openfigi:/v3/mapping,2026-09-19,NOT_IN_RADAR
172062101,117527165.0,1326,172062101,BBG001S5PTM0,,False,Common Stock,Equity,US,openfigi:/v3/mapping,2026-09-19,NOT_IN_RADAR
148929102,117511406.0,784,148929102,BBG00GBR8762,,False,Common Stock,Equity,US,openfigi:/v3/mapping,2026-09-19,NOT_IN_RADAR
485924104,117475303.0,549,485924104,BBG01RXK1QZ1,,False,Common Stock,Equity,US,openfigi:/v3/mapping,2026-09-19,NOT_IN_RADAR
720190206,117458764.0,398,720190206,BBG001T6RFS9,,False,REIT,Equity,US,openfigi:/v3/mapping,2026-09-19,NOT_IN_RADAR
150870103,117430967.0,731,150870103,BBG001SJDDG5,,False,Common Stock,Equity,US,openfigi:/v3/mapping,2026-09-19,NOT_IN_RADAR
35086T109,117144222.0,507,35086T109,BBG009H33QN9,,False,REIT,Equity,US,openfigi:/v3/mapping,2026-09-19,NOT_IN_RADAR
880779103,117086315.0,697,880779103,BBG001S6PZQ0,,False,Common Stock,Equity,US,openfigi:/v3/mapping,2026-09-19,NOT_IN_RADAR
53681J103,117081106.0,327,53681J103,BBG01JLDH8P2,,False,Common Stock,Equity,US,openfigi:/v3/mapping,2026-09-19,NOT_IN_RADAR
78351F107,117054757.0,538,78351F107,BBG011K4W1Y0,,False,Common Stock,Equity,US,openfigi:/v3/mapping,2026-09-19,NOT_IN_RADAR
65342K105,117040870.0,292,65342K105,BBG008GC7WN5,,False,Common Stock,Equity,US,openfigi:/v3/mapping,2026-09-19,NOT_IN_RADAR
025072349,117034136.0,603,025072349,BBG012NL46D0,,False,ETP,Equity,US,openfigi:/v3/mapping,2026-09-19,NOT_IN_RADAR
293594107,116915380.0,417,293594107,BBG00YC538B7,,False,Common Stock,Equity,US,openfigi:/v3/mapping,2026-09-19,NOT_IN_RADAR
750940108,116789207.0,741,750940108,BBG01V4YRP33,,False,Common Stock,Equity,US,openfigi:/v3/mapping,2026-09-19,NOT_IN_RADAR
206787103,116646631.0,275,206787103,BBG00C1BZMV6,,False,Common Stock,Equity,US,openfigi:/v3/mapping,2026-09-19,NOT_IN_RADAR
282914100,116606349.0,267,282914100,BBG001S6JC97,,False,Common Stock,Equity,US,openfigi:/v3/mapping,2026-09-19,NOT_IN_RADAR
87151X101,116407545.0,559,87151X101,BBG00Z72HCX9,,False,Common Stock,Equity,US,openfigi:/v3/mapping,2026-09-19,NOT_IN_RADAR
46435U515,116364728.0,460,46435U515,BBG00M0P3SC7,,False,ETP,Equity,US,openfigi:/v3/mapping,2026-09-19,NOT_IN_RADAR
88146M101,116361443.0,627,88146M101,BBG001T60PW1,,False,REIT,Equity,US,openfigi:/v3/mapping,2026-09-19,NOT_IN_RADAR
46429B747,116310917.0,886,46429B747,BBG001TG5H89,,False,ETP,Equity,US,openfigi:/v3/mapping,2026-09-19,NOT_IN_RADAR
46138J577,116310649.0,378,46138J577,BBG00Q5D6ZV0,,False,ETP,Equity,US,openfigi:/v3/mapping,2026-09-19,NOT_IN_RADAR
83422E204,116307124.0,202,83422E204,BBG00JN4FXH7,,False,Common Stock,Equity,US,openfigi:/v3/mapping,2026-09-19,NOT_IN_RADAR
428103105,116176584.0,384,428103105,BBG00R02H8F3,,False,Common Stock,Equity,US,openfigi:/v3/mapping,2026-09-19,NOT_IN_RADAR
012653101,116123122.0,1436,012653101,BBG001S7SBP9,,False,Common Stock,Equity,US,openfigi:/v3/mapping,2026-09-19,NOT_IN_RADAR
46138G649,116064025.0,1396,46138G649,BBG00XS6PBW6,,False,ETP,Equity,US,openfigi:/v3/mapping,2026-09-19,NOT_IN_RADAR
45826J105,115848550.0,453,45826J105,BBG007KC7PC9,,False,Common Stock,Equity,US,openfigi:/v3/mapping,2026-09-19,NOT_IN_RADAR
92206C847,115802428.0,518,92206C847,BBG001T62MC8,,False,ETP,Equity,US,openfigi:/v3/mapping,2026-09-19,NOT_IN_RADAR
04206A101,115734681.0,412,04206A101,BBG00K88DTJ1,,False,Common Stock,Equity,US,openfigi:/v3/mapping,2026-09-19,NOT_IN_RADAR
78464A698,115622173.0,629,78464A698,BBG001SMH2R6,,False,ETP,Equity,US,openfigi:/v3/mapping,2026-09-19,NOT_IN_RADAR
30050B101,115517364.0,272,30050B101,BBG005CHLMB3,,False,Common Stock,Equity,US,openfigi:/v3/mapping,2026-09-19,NOT_IN_RADAR
12047B105,115440029.0,308,12047B105,BBG00Z6RF535,,False,Common Stock,Equity,US,openfigi:/v3/mapping,2026-09-19,NOT_IN_RADAR
464288448,115355471.0,697,464288448,BBG001S7Y5C9,,False,ETP,Equity,US,openfigi:/v3/mapping,2026-09-19,NOT_IN_RADAR
M5216V106,115239115.0,361,M5216V106,,,False,,,,openfigi:/v3/mapping,2026-09-19,NO_ID
81369Y100,115212924.0,1124,81369Y100,BBG001S7R733,,False,ETP,Equity,US,openfigi:/v3/mapping,2026-09-19,NOT_IN_RADAR
184499101,115152306.0,306,184499101,BBG001SPD4H0,,False,Common Stock,Equity,US,openfigi:/v3/mapping,2026-09-19,NOT_IN_RADAR
69349H107,115045809.0,584,69349H107,BBG001S5V9J1,,False,Common Stock,Equity,US,openfigi:/v3/mapping,2026-09-19,NOT_IN_RADAR
58155Q103,114815714.0,2852,58155Q103,BBG001S8F8P8,MCK,True,Common Stock,Equity,US,openfigi:/v3/mapping,2026-09-19,OK
71844V201,114655668.0,658,71844V201,BBG011RJST56,,False,REIT,Equity,US,openfigi:/v3/mapping,2026-09-19,NOT_IN_RADAR
12008R107,114516200.0,1098,12008R107,BBG001S9CFC7,,False,Common Stock,Equity,US,openfigi:/v3/mapping,2026-09-19,NOT_IN_RADAR
20603L102,114506199.0,468,20603L102,BBG01NBZ7R83,,False,Common Stock,Equity,US,openfigi:/v3/mapping,2026-09-19,NOT_IN_RADAR
204448104,114481211.0,394,204448104,BBG001S8LTR3,,False,ADR,Equity,US,openfigi:/v3/mapping,2026-09-19,NOT_IN_RADAR
464288653,114213364.0,919,464288653,BBG001SSD830,,False,ETP,Equity,US,openfigi:/v3/mapping,2026-09-19,NOT_IN_RADAR
46654Q716,114196597.0,341,46654Q716,BBG01J4V6196,,False,ETP,Equity,US,openfigi:/v3/mapping,2026-09-19,NOT_IN_RADAR
09257W100,114053565.0,482,09257W100,BBG001S5Q7V7,,False,REIT,Equity,US,openfigi:/v3/mapping,2026-09-19,NOT_IN_RADAR
879433829,114049172.0,545,879433829,BBG001S5WM29,,False,Common Stock,Equity,US,openfigi:/v3/mapping,2026-09-19,NOT_IN_RADAR
203668108,114039817.0,246,203668108,BBG001S89L85,,False,Common Stock,Equity,US,openfigi:/v3/mapping,2026-09-19,NOT_IN_RADAR
37637Q105,113892461.0,654,37637Q105,BBG001S6HGM5,,False,Common Stock,Equity,US,openfigi:/v3/mapping,2026-09-19,NOT_IN_RADAR
03062D803,113887260.0,190,03062D803,BBG001SCXBR0,,False,Common Stock,Equity,US,openfigi:/v3/mapping,2026-09-19,NOT_IN_RADAR
68062P106,113837985.0,295,68062P106,BBG00T5JMRV1,,False,Common Stock,Equity,US,openfigi:/v3/mapping,2026-09-19,NOT_IN_RADAR
277432100,113528175.0,946,277432100,BBG001S7JNP3,,False,Common Stock,Equity,US,openfigi:/v3/mapping,2026-09-19,NOT_IN_RADAR
93403J106,113396533.0,448,93403J106,BBG005DWN8L7,,False,Common Stock,Equity,US,openfigi:/v3/mapping,2026-09-19,NOT_IN_RADAR
88076W103,113353863.0,632,88076W103,BBG001SPRJ28,,False,Common Stock,Equity,US,openfigi:/v3/mapping,2026-09-19,NOT_IN_RADAR
922280102,113286544.0,466,922280102,BBG001Y04TP4,,False,Common Stock,Equity,US,openfigi:/v3/mapping,2026-09-19,NOT_IN_RADAR
33939L407,113221180.0,355,33939L407,BBG00243P8S9,,False,ETP,Equity,US,openfigi:/v3/mapping,2026-09-19,NOT_IN_RADAR
381430107,113122306.0,436,381430107,BBG00BDMWQF3,,False,ETP,Equity,US,openfigi:/v3/mapping,2026-09-19,NOT_IN_RADAR
00676P107,113031700.0,393,00676P107,BBG00RBFBL78,,False,Common Stock,Equity,US,openfigi:/v3/mapping,2026-09-19,NOT_IN_RADAR
46982L108,113027153.0,1373,46982L108,BBG019C1BQS3,,False,Common Stock,Equity,US,openfigi:/v3/mapping,2026-09-19,NOT_IN_RADAR
88322Q108,112926831.0,553,88322Q108,BBG001S8NH06,,False,Common Stock,Equity,US,openfigi:/v3/mapping,2026-09-19,NOT_IN_RADAR
860897107,112891665.0,271,860897107,BBG0046L1KM8,,False,Common Stock,Equity,US,openfigi:/v3/mapping,2026-09-19,NOT_IN_RADAR
07373V105,112888340.0,382,07373V105,BBG00KXC8655,,False,Common Stock,Equity,US,openfigi:/v3/mapping,2026-09-19,NOT_IN_RADAR
00972D105,112864210.0,233,00972D105,BBG001T922S9,,False,Common Stock,Equity,US,openfigi:/v3/mapping,2026-09-19,NOT_IN_RADAR
29786A106,112862481.0,730,29786A106,BBG001T53625,,False,Common Stock,Equity,US,openfigi:/v3/mapping,2026-09-19,NOT_IN_RADAR
46125A100,112830344.0,406,46125A100,BBG00ZMYYP19,,False,Common Stock,Equity,US,openfigi:/v3/mapping,2026-09-19,NOT_IN_RADAR
66510M204,112744043.0,221,66510M204,BBG001S77X29,,False,Common Stock,Equity,US,openfigi:/v3/mapping,2026-09-19,NOT_IN_RADAR
464288372,112462076.0,509,464288372,BBG001SYVWT6,,False,ETP,Equity,US,openfigi:/v3/mapping,2026-09-19,NOT_IN_RADAR
00912X302,112460717.0,649,00912X302,,,False,,,,openfigi:/v3/mapping,2026-09-19,NO_ID
89531P105,112266678.0,669,89531P105,BBG001SB6TV8,,False,Common Stock,Equity,US,openfigi:/v3/mapping,2026-09-19,NOT_IN_RADAR
749685103,112243205.0,1126,749685103,BBG001S7X317,,False,Common Stock,Equity,US,openfigi:/v3/mapping,2026-09-19,NOT_IN_RADAR
46429B655,112164009.0,782,46429B655,BBG001V1QYX1,,False,ETP,Equity,US,openfigi:/v3/mapping,2026-09-19,NOT_IN_RADAR
46641Q159,112156650.0,524,46641Q159,BBG0130Y3986,,False,ETP,Equity,US,openfigi:/v3/mapping,2026-09-19,NOT_IN_RADAR
133131102,112139283.0,862,133131102,BBG001S5Q6V9,,False,REIT,Equity,US,openfigi:/v3/mapping,2026-09-19,NOT_IN_RADAR
59522J103,112135025.0,1123,59522J103,BBG001S7HZ69,,False,REIT,Equity,US,openfigi:/v3/mapping,2026-09-19,NOT_IN_RADAR
464287481,112084295.0,1373,464287481,BBG001S561Z8,,False,ETP,Equity,US,openfigi:/v3/mapping,2026-09-19,NOT_IN_RADAR
235825205,112020074.0,528,235825205,BBG001SRW699,,False,Common Stock,Equity,US,openfigi:/v3/mapping,2026-09-19,NOT_IN_RADAR
585464100,111901991.0,225,585464100,BBG001SBX933,,False,ADR,Equity,US,openfigi:/v3/mapping,2026-09-19,NOT_IN_RADAR
72201R833,111893734.0,891,72201R833,BBG001T618D9,,False,ETP,Equity,US,openfigi:/v3/mapping,2026-09-19,NOT_IN_RADAR
155923105,111866547.0,334,155923105,BBG01M4ZP9S1,,False,Common Stock,Equity,US,openfigi:/v3/mapping,2026-09-19,NOT_IN_RADAR
48238T109,111843944.0,450,48238T109,BBG001T5L4B0,,False,Common Stock,Equity,US,openfigi:/v3/mapping,2026-09-19,NOT_IN_RADAR
25434V864,111808359.0,508,25434V864,BBG01254JDW6,,False,ETP,Equity,US,openfigi:/v3/mapping,2026-09-19,NOT_IN_RADAR
14888U101,111627973.0,554,14888U101,,,False,,,,openfigi:/v3/mapping,2026-09-19,NO_ID
G61188127,111565470.0,395,G61188127,,,False,,,,openfigi:/v3/mapping,2026-09-19,NO_ID
68268W103,111486621.0,724,68268W103,BBG005497H09,,False,Common Stock,Equity,US,openfigi:/v3/mapping,2026-09-19,NOT_IN_RADAR
04650F101,111438449.0,227,04650F101,,,False,,,,openfigi:/v3/mapping,2026-09-19,NO_ID
05614L209,111332855.0,196,05614L209,BBG007H0TDL2,,False,Common Stock,Equity,US,openfigi:/v3/mapping,2026-09-19,NOT_IN_RADAR
875465106,111023168.0,534,875465106,BBG001S7BZV7,,False,REIT,Equity,US,openfigi:/v3/mapping,2026-09-19,NOT_IN_RADAR
P73684113,110866571.0,373,P73684113,,,False,,,,openfigi:/v3/mapping,2026-09-19,NO_ID
G1466R173,110814377.0,262,G1466R173,,,False,,,,openfigi:/v3/mapping,2026-09-19,NO_ID
33734H106,110374684.0,742,33734H106,BBG001SLWD88,,False,ETP,Equity,US,openfigi:/v3/mapping,2026-09-19,NOT_IN_RADAR
200525103,110344982.0,777,200525103,BBG001S5PK21,,False,Common Stock,Equity,US,openfigi:/v3/mapping,2026-09-19,NOT_IN_RADAR
88023B103,110323050.0,589,88023B103,BBG01MZQYK84,,False,Common Stock,Equity,US,openfigi:/v3/mapping,2026-09-19,NOT_IN_RADAR
530307305,110317068.0,578,530307305,,,False,,,,openfigi:/v3/mapping,2026-09-19,NO_ID
78410G104,110284819.0,1030,78410G104,BBG001SCWNN9,SBAC,True,REIT,Equity,US,openfigi:/v3/mapping,2026-09-19,OK
Y3R40X107,110000000.0,1,Y3R40X107,,,False,,,,openfigi:/v3/mapping,2026-09-19,NO_ID
33740F888,109861320.0,319,33740F888,BBG00L2NXWJ3,,False,ETP,Equity,US,openfigi:/v3/mapping,2026-09-19,NOT_IN_RADAR
G4412G101,109832360.0,373,G4412G101,,,False,,,,openfigi:/v3/mapping,2026-09-19,NO_ID
74834L100,109817748.0,1569,74834L100,BBG001S9GX43,,False,Common Stock,Equity,US,openfigi:/v3/mapping,2026-09-19,NOT_IN_RADAR
464288885,109487627.0,1290,464288885,BBG001SP62C7,,False,ETP,Equity,US,openfigi:/v3/mapping,2026-09-19,NOT_IN_RADAR
11285B108,109435008.0,627,11285B108,BBG01RJ2Q8X2,,False,Common Stock,Equity,US,openfigi:/v3/mapping,2026-09-19,NOT_IN_RADAR
G29018101,109434277.0,188,G29018101,,,False,,,,openfigi:/v3/mapping,2026-09-19,NO_ID
086921103,109414955.0,196,086921103,BBG001SQ9LQ5,,False,Common Stock,Equity,US,openfigi:/v3/mapping,2026-09-19,NOT_IN_RADAR
46436E726,109361881.0,378,46436E726,BBG00VJHRTY3,,False,ETP,Equity,US,openfigi:/v3/mapping,2026-09-19,NOT_IN_RADAR
06417N103,109144773.0,731,06417N103,BBG001SMRQL8,,False,Common Stock,Equity,US,openfigi:/v3/mapping,2026-09-19,NOT_IN_RADAR
412822108,108981339.0,574,412822108,BBG001S5RTY5,,False,Common Stock,Equity,US,openfigi:/v3/mapping,2026-09-19,NOT_IN_RADAR
49456W105,108833383.0,163,49456W105,BBG0132WLMG0,,False,Common Stock,Equity,US,openfigi:/v3/mapping,2026-09-19,NOT_IN_RADAR
51819L107,108814573.0,214,51819L107,BBG00ZVXLJB8,,False,Common Stock,Equity,US,openfigi:/v3/mapping,2026-09-19,NOT_IN_RADAR
201723103,108808775.0,819,201723103,BBG001S5PXG8,,False,Common Stock,Equity,US,openfigi:/v3/mapping,2026-09-19,NOT_IN_RADAR
097023204,108748882.0,154,097023204,,,False,,,,openfigi:/v3/mapping,2026-09-19,NO_ID
861012102,108748814.0,534,861012102,BBG001S5WDM7,,False,NY Reg Shrs,Equity,US,openfigi:/v3/mapping,2026-09-19,NOT_IN_RADAR
G11448100,108709069.0,266,G11448100,,,False,,,,openfigi:/v3/mapping,2026-09-19,NO_ID
387432107,108594134.0,233,387432107,BBG017RM8TP6,,False,Common Stock,Equity,US,openfigi:/v3/mapping,2026-09-19,NOT_IN_RADAR
46435UAA9,108584452.0,470,46435UAA9,BBG00HPLJP02,,False,ETP,Equity,US,openfigi:/v3/mapping,2026-09-19,NOT_IN_RADAR
011659109,108427333.0,651,011659109,BBG001S5NLG6,,False,Common Stock,Equity,US,openfigi:/v3/mapping,2026-09-19,NOT_IN_RADAR
525327102,108335976.0,1306,525327102,BBG001SKW6M9,,False,Common Stock,Equity,US,openfigi:/v3/mapping,2026-09-19,NOT_IN_RADAR
302635206,108251351.0,546,302635206,BBG001YCZQ07,,False,Common Stock,Equity,US,openfigi:/v3/mapping,2026-09-19,NOT_IN_RADAR
423452101,108056998.0,542,423452101,BBG001S5RZP1,,False,Common Stock,Equity,US,openfigi:/v3/mapping,2026-09-19,NOT_IN_RADAR
803607100,108033338.0,513,803607100,BBG001S6KJC6,,False,Common Stock,Equity,US,openfigi:/v3/mapping,2026-09-19,NOT_IN_RADAR
782011100,108001135.0,401,782011100,BBG00RMKRQN9,,False,Common Stock,Equity,US,openfigi:/v3/mapping,2026-09-19,NOT_IN_RADAR
750917106,107945502.0,875,750917106,BBG001S7RF80,,False,Common Stock,Equity,US,openfigi:/v3/mapping,2026-09-19,NOT_IN_RADAR
52603A208,107940534.0,372,52603A208,BBG001YKDNH2,,False,Common Stock,Equity,US,openfigi:/v3/mapping,2026-09-19,NOT_IN_RADAR
85256A109,107858177.0,270,85256A109,BBG00ZV0HW08,,False,Common Stock,Equity,US,openfigi:/v3/mapping,2026-09-19,NOT_IN_RADAR
35473P553,107832274.0,94,35473P553,BBG00Q6LNJQ4,,False,ETP,Equity,US,openfigi:/v3/mapping,2026-09-19,NOT_IN_RADAR
189054109,107631675.0,1507,189054109,BBG001S5PX50,,False,Common Stock,Equity,US,openfigi:/v3/mapping,2026-09-19,NOT_IN_RADAR
70202L102,107580411.0,521,70202L102,BBG001SDWJQ3,,False,Common Stock,Equity,US,openfigi:/v3/mapping,2026-09-19,NOT_IN_RADAR
04342Y104,107566416.0,365,04342Y104,BBG00WYHL741,,False,Common Stock,Equity,US,openfigi:/v3/mapping,2026-09-19,NOT_IN_RADAR
90984P303,107510015.0,537,90984P303,BBG001S9SSJ5,,False,Common Stock,Equity,US,openfigi:/v3/mapping,2026-09-19,NOT_IN_RADAR
G33856108,107508946.0,250,G33856108,,,False,,,,openfigi:/v3/mapping,2026-09-19,NO_ID
69366J200,107345416.0,560,69366J200,BBG001SNNC86,,False,Common Stock,Equity,US,openfigi:/v3/mapping,2026-09-19,NOT_IN_RADAR
03980N107,107268722.0,199,03980N107,BBG00DM203C2,,False,Common Stock,Equity,US,openfigi:/v3/mapping,2026-09-19,NOT_IN_RADAR
14057J101,106936951.0,370,14057J101,BBG001SBWDX2,,False,Common Stock,Equity,US,openfigi:/v3/mapping,2026-09-19,NOT_IN_RADAR
252131AM9,106797000.0,19,252131AM9,,,False,,,,openfigi:/v3/mapping,2026-09-19,NO_ID
922908637,106786819.0,1560,922908637,BBG001SHTTQ6,,False,ETP,Equity,US,openfigi:/v3/mapping,2026-09-19,NOT_IN_RADAR
00162Q452,106783178.0,932,00162Q452,BBG001TBMNT5,,False,ETP,Equity,US,openfigi:/v3/mapping,2026-09-19,NOT_IN_RADAR
257651109,106761242.0,897,257651109,BBG001S5QDV4,,False,Common Stock,Equity,US,openfigi:/v3/mapping,2026-09-19,NOT_IN_RADAR
M6191J100,106696320.0,480,M6191J100,,,False,,,,openfigi:/v3/mapping,2026-09-19,NO_ID
35953C106,106681995.0,273,35953C106,BBG0174VKJB4,,False,Common Stock,Equity,US,openfigi:/v3/mapping,2026-09-19,NOT_IN_RADAR
909907107,106675267.0,640,909907107,BBG001S5WZV8,,False,Common Stock,Equity,US,openfigi:/v3/mapping,2026-09-19,NOT_IN_RADAR
667340103,106673359.0,452,667340103,BBG001S64KK2,,False,Common Stock,Equity,US,openfigi:/v3/mapping,2026-09-19,NOT_IN_RADAR
761152107,106617389.0,1425,761152107,BBG001SBGRC2,,False,Common Stock,Equity,US,openfigi:/v3/mapping,2026-09-19,NOT_IN_RADAR
675232102,106552235.0,569,675232102,BBG001S61HT3,,False,Common Stock,Equity,US,openfigi:/v3/mapping,2026-09-19,NOT_IN_RADAR
67059NAK4,106423701.0,15,67059NAK4,,,False,,,,openfigi:/v3/mapping,2026-09-19,NO_ID
466313103,106304054.0,1461,466313103,BBG001S7RB70,,False,Common Stock,Equity,US,openfigi:/v3/mapping,2026-09-19,NOT_IN_RADAR
98420X202,106247820.0,101,98420X202,BBG001TCY1B7,,False,Common Stock,Equity,US,openfigi:/v3/mapping,2026-09-19,NOT_IN_RADAR
87164F105,106042456.0,370,87164F105,BBG001T92272,,False,Common Stock,Equity,US,openfigi:/v3/mapping,2026-09-19,NOT_IN_RADAR
090043100,106037933.0,505,090043100,BBG00QVJV7L3,,False,Common Stock,Equity,US,openfigi:/v3/mapping,2026-09-19,NOT_IN_RADAR
808524649,106026278.0,182,808524649,BBG019GV63H2,,False,ETP,Equity,US,openfigi:/v3/mapping,2026-09-19,NOT_IN_RADAR
01644J108,105926009.0,334,01644J108,BBG005HTCT63,,False,Common Stock,Equity,US,openfigi:/v3/mapping,2026-09-19,NOT_IN_RADAR
004498101,105917646.0,588,004498101,BBG001S9KLL5,,False,Common Stock,Equity,US,openfigi:/v3/mapping,2026-09-19,NOT_IN_RADAR
74168J101,105912219.0,275,74168J101,BBG011RT3R64,,False,Common Stock,Equity,US,openfigi:/v3/mapping,2026-09-19,NOT_IN_RADAR
45166A102,105859060.0,394,45166A102,BBG00CTZ4D92,,False,Common Stock,Equity,US,openfigi:/v3/mapping,2026-09-19,NOT_IN_RADAR
022307102,105843489.0,291,022307102,BBG01J7X4PP0,,False,Common Stock,Equity,US,openfigi:/v3/mapping,2026-09-19,NOT_IN_RADAR
92206C664,105672524.0,831,92206C664,BBG001TCH7W0,,False,ETP,Equity,US,openfigi:/v3/mapping,2026-09-19,NOT_IN_RADAR
088606108,105393433.0,983,088606108,BBG001S5P5K4,,False,ADR,Equity,US,openfigi:/v3/mapping,2026-09-19,NOT_IN_RADAR
98422E103,105264072.0,343,98422E103,BBG012V1MG61,,False,Common Stock,Equity,US,openfigi:/v3/mapping,2026-09-19,NOT_IN_RADAR
16119P108,105178732.0,1159,16119P108,BBG001T3TDG2,CHTR,True,Common Stock,Equity,US,openfigi:/v3/mapping,2026-09-19,OK
48251W500,105015691.0,98,48251W500,,,False,,,,openfigi:/v3/mapping,2026-09-19,NO_ID
866082100,104987792.0,264,866082100,BBG001TB84G7,,False,REIT,Equity,US,openfigi:/v3/mapping,2026-09-19,NOT_IN_RADAR
624756102,104962849.0,1082,624756102,BBG001S6PVC4,,False,Common Stock,Equity,US,openfigi:/v3/mapping,2026-09-19,NOT_IN_RADAR
46137V613,104888156.0,640,46137V613,BBG001S6H5N8,,False,ETP,Equity,US,openfigi:/v3/mapping,2026-09-19,NOT_IN_RADAR
09290C855,104734058.0,343,09290C855,BBG01JV981Y5,,False,ETP,Equity,US,openfigi:/v3/mapping,2026-09-19,NOT_IN_RADAR
98420N105,104721393.0,439,98420N105,BBG002VBMLS5,,False,Common Stock,Equity,US,openfigi:/v3/mapping,2026-09-19,NOT_IN_RADAR
G65773106,104682000.0,339,G65773106,,,False,,,,openfigi:/v3/mapping,2026-09-19,NO_ID
941848103,104665640.0,1813,941848103,BBG001S8MDG9,,False,Common Stock,Equity,US,openfigi:/v3/mapping,2026-09-19,NOT_IN_RADAR
64125C109,104529377.0,1056,64125C109,BBG001S8W4X9,,False,Common Stock,Equity,US,openfigi:/v3/mapping,2026-09-19,NOT_IN_RADAR
40054J109,104512255.0,87,40054J109,BBG01MVJRD24,,False,ADR,Equity,US,openfigi:/v3/mapping,2026-09-19,NOT_IN_RADAR
14021L109,104462161.0,308,14021L109,BBG01J9W2L17,,False,ETP,Equity,US,openfigi:/v3/mapping,2026-09-19,NOT_IN_RADAR
81619Q105,104234909.0,404,81619Q105,,,False,,,,openfigi:/v3/mapping,2026-09-19,NO_ID
14020Y805,104153835.0,181,14020Y805,BBG01N7T4H50,,False,ETP,Equity,US,openfigi:/v3/mapping,2026-09-19,NOT_IN_RADAR
34965K107,104105194.0,511,34965K107,BBG01GZF9W47,,False,Common Stock,Equity,US,openfigi:/v3/mapping,2026-09-19,NOT_IN_RADAR
816850101,104093729.0,686,816850101,BBG001S7TWW4,,False,Common Stock,Equity,US,openfigi:/v3/mapping,2026-09-19,NOT_IN_RADAR
37954Y483,104068158.0,481,37954Y483,BBG00MVW9603,,False,ETP,Equity,US,openfigi:/v3/mapping,2026-09-19,NOT_IN_RADAR
776696106,103995488.0,1741,776696106,BBG001S9B362,,False,Common Stock,Equity,US,openfigi:/v3/mapping,2026-09-19,NOT_IN_RADAR
349381103,103813302.0,423,349381103,BBG01NGH78K6,,False,Common Stock,Equity,US,openfigi:/v3/mapping,2026-09-19,NOT_IN_RADAR
413216300,103647883.0,325,413216300,BBG001S64W80,,False,ADR,Equity,US,openfigi:/v3/mapping,2026-09-19,NOT_IN_RADAR
G6674U108,103531041.0,338,G6674U108,,,False,,,,openfigi:/v3/mapping,2026-09-19,NO_ID
G02602103,103486805.0,742,G02602103,,,False,,,,openfigi:/v3/mapping,2026-09-19,NO_ID
156431108,103355554.0,587,156431108,BBG001S766G4,,False,Common Stock,Equity,US,openfigi:/v3/mapping,2026-09-19,NOT_IN_RADAR
773903109,103175776.0,2110,773903109,BBG001S5VRF5,,False,Common Stock,Equity,US,openfigi:/v3/mapping,2026-09-19,NOT_IN_RADAR
808515696,103133014.0,29,808515696,BBG001SRP5P1,,False,Open-End Fund,Equity,US,openfigi:/v3/mapping,2026-09-19,NOT_IN_RADAR
12662P108,102994341.0,345,12662P108,BBG001SM6PD2,,False,Common Stock,Equity,US,openfigi:/v3/mapping,2026-09-19,NOT_IN_RADAR
832696405,102991840.0,1226,832696405,BBG001S5W3H5,,False,Common Stock,Equity,US,openfigi:/v3/mapping,2026-09-19,NOT_IN_RADAR
929089100,102954018.0,726,929089100,BBG001S6QQP0,,False,Common Stock,Equity,US,openfigi:/v3/mapping,2026-09-19,NOT_IN_RADAR
79546E104,102914858.0,400,79546E104,BBG001SDHTQ8,,False,Common Stock,Equity,US,openfigi:/v3/mapping,2026-09-19,NOT_IN_RADAR
G8473T100,102741712.0,1295,G8473T100,,,False,,,,openfigi:/v3/mapping,2026-09-19,NO_ID
G8192H106,102724941.0,375,G8192H106,,,False,,,,openfigi:/v3/mapping,2026-09-19,NO_ID
09290C699,102710480.0,251,09290C699,BBG01TYJMSP3,,False,ETP,Equity,US,openfigi:/v3/mapping,2026-09-19,NOT_IN_RADAR
90400D108,102686806.0,456,90400D108,BBG001V2MJJ2,,False,Common Stock,Equity,US,openfigi:/v3/mapping,2026-09-19,NOT_IN_RADAR
020398707,102478367.0,176,020398707,BBG001T7CS41,,False,Common Stock,Equity,US,openfigi:/v3/mapping,2026-09-19,NOT_IN_RADAR
74386T105,102400549.0,452,74386T105,BBG001SKM445,,False,Common Stock,Equity,US,openfigi:/v3/mapping,2026-09-19,NOT_IN_RADAR
88556E102,102397935.0,259,88556E102,BBG001V1BJ88,,False,Common Stock,Equity,US,openfigi:/v3/mapping,2026-09-19,NOT_IN_RADAR
31609A503,102364331.0,310,31609A503,BBG01K785QY9,,False,ETP,Equity,US,openfigi:/v3/mapping,2026-09-19,NOT_IN_RADAR
595017BG8,102345000.0,11,595017BG8,,,False,,,,openfigi:/v3/mapping,2026-09-19,NO_ID
10948C107,102219992.0,288,10948C107,BBG00L1LT744,,False,Common Stock,Equity,US,openfigi:/v3/mapping,2026-09-19,NOT_IN_RADAR
G96629103,102029291.0,1142,G96629103,,,False,,,,openfigi:/v3/mapping,2026-09-19,NO_ID
69318G106,102017402.0,654,69318G106,BBG002832HM6,,False,Common Stock,Equity,US,openfigi:/v3/mapping,2026-09-19,NOT_IN_RADAR
500600101,101850129.0,209,500600101,BBG001S6DD46,,False,Common Stock,Equity,US,openfigi:/v3/mapping,2026-09-19,NOT_IN_RADAR
83422N105,101827637.0,272,83422N105,BBG0112HCTV5,,False,Common Stock,Equity,US,openfigi:/v3/mapping,2026-09-19,NOT_IN_RADAR
87305R109,101759948.0,793,87305R109,BBG001SFJKF2,,False,Common Stock,Equity,US,openfigi:/v3/mapping,2026-09-19,NOT_IN_RADAR
74766W108,101713615.0,416,74766W108,BBG001SLKPP5,,False,Common Stock,Equity,US,openfigi:/v3/mapping,2026-09-19,NOT_IN_RADAR
912797TZ0,101644000.0,1,912797TZ0,,,False,,,,openfigi:/v3/mapping,2026-09-19,NO_ID
00166B105,101633713.0,88,00166B105,BBG00VR8SF73,,False,Common Stock,Equity,US,openfigi:/v3/mapping,2026-09-19,NOT_IN_RADAR
77313F106,101609982.0,295,77313F106,BBG001T92156,,False,Common Stock,Equity,US,openfigi:/v3/mapping,2026-09-19,NOT_IN_RADAR
336433107,101418702.0,1448,336433107,BBG001S991Z7,,False,Common Stock,Equity,US,openfigi:/v3/mapping,2026-09-19,NOT_IN_RADAR
33939L506,101332849.0,125,33939L506,BBG00243PBY5,,False,ETP,Equity,US,openfigi:/v3/mapping,2026-09-19,NOT_IN_RADAR
25402D102,101240531.0,663,25402D102,BBG00ZGF6TM7,,False,Common Stock,Equity,US,openfigi:/v3/mapping,2026-09-19,NOT_IN_RADAR
31847R102,101215934.0,664,31847R102,BBG001T1LV65,,False,Common Stock,Equity,US,openfigi:/v3/mapping,2026-09-19,NOT_IN_RADAR
G3730V105,101126150.0,880,G3730V105,,,False,,,,openfigi:/v3/mapping,2026-09-19,NO_ID
G8588X103,101103673.0,294,G8588X103,,,False,,,,openfigi:/v3/mapping,2026-09-19,NO_ID
749660106,101078650.0,350,749660106,BBG001S5VN37,,False,Common Stock,Equity,US,openfigi:/v3/mapping,2026-09-19,NOT_IN_RADAR
78464A805,100981206.0,984,78464A805,BBG001SG6843,,False,ETP,Equity,US,openfigi:/v3/mapping,2026-09-19,NOT_IN_RADAR
29261A100,100419524.0,894,29261A100,BBG001S5Q5B3,,False,Common Stock,Equity,US,openfigi:/v3/mapping,2026-09-19,NOT_IN_RADAR
29444U700,100355211.0,1934,29444U700,BBG001SKBNS9,EQIX,True,REIT,Equity,US,openfigi:/v3/mapping,2026-09-19,OK
00217Y104,100230981.0,193,00217Y104,BBG001S5XWC5,,False,Common Stock,Equity,US,openfigi:/v3/mapping,2026-09-19,NOT_IN_RADAR
25434V658,100170018.0,340,25434V658,BBG01BN60P09,,False,ETP,Equity,US,openfigi:/v3/mapping,2026-09-19,NOT_IN_RADAR
30052F100,100149917.0,258,30052F100,BBG00XP21PS8,,False,Common Stock,Equity,US,openfigi:/v3/mapping,2026-09-19,NOT_IN_RADAR
09709UV70,99911000.0,6,09709UV70,,,False,,,,openfigi:/v3/mapping,2026-09-19,NO_ID
87043Q108,99856285.0,338,87043Q108,BBG005NTTSQ8,,False,Common Stock,Equity,US,openfigi:/v3/mapping,2026-09-19,NOT_IN_RADAR
594960304,99843118.0,200,594960304,,,False,,,,openfigi:/v3/mapping,2026-09-19,NO_ID
63845R107,99742023.0,407,63845R107,BBG00HVQF9L1,,False,Common Stock,Equity,US,openfigi:/v3/mapping,2026-09-19,NOT_IN_RADAR
87724P106,99651211.0,701,87724P106,,,False,,,,openfigi:/v3/mapping,2026-09-19,NO_ID
827048109,99419969.0,532,827048109,BBG001S6VPD9,,False,Common Stock,Equity,US,openfigi:/v3/mapping,2026-09-19,NOT_IN_RADAR
501575104,99399105.0,395,501575104,BBG00SDHC8F9,,False,Common Stock,Equity,US,openfigi:/v3/mapping,2026-09-19,NOT_IN_RADAR
46641Q191,99352633.0,234,46641Q191,BBG00L52KXM4,,False,ETP,Equity,US,openfigi:/v3/mapping,2026-09-19,NOT_IN_RADAR
12503M108,99324135.0,1461,12503M108,BBG001T71BP7,,False,Common Stock,Equity,US,openfigi:/v3/mapping,2026-09-19,NOT_IN_RADAR
464289511,99310013.0,263,464289511,BBG001T5MKD1,,False,ETP,Equity,US,openfigi:/v3/mapping,2026-09-19,NOT_IN_RADAR
18467V109,99303688.0,660,18467V109,BBG011C0FSZ6,,False,Common Stock,Equity,US,openfigi:/v3/mapping,2026-09-19,NOT_IN_RADAR
29445S100,99296101.0,180,29445S100,BBG00CZT1CD9,,False,Common Stock,Equity,US,openfigi:/v3/mapping,2026-09-19,NOT_IN_RADAR
52110M109,98980681.0,543,52110M109,BBG001S711C4,,False,Common Stock,Equity,US,openfigi:/v3/mapping,2026-09-19,NOT_IN_RADAR
26817Q886,98975956.0,366,26817Q886,BBG001S5R078,,False,REIT,Equity,US,openfigi:/v3/mapping,2026-09-19,NOT_IN_RADAR
75955J402,98941653.0,125,75955J402,BBG003MKSL25,,False,Common Stock,Equity,US,openfigi:/v3/mapping,2026-09-19,NOT_IN_RADAR
464288240,98928515.0,815,464288240,BBG001S56R18,,False,ETP,Equity,US,openfigi:/v3/mapping,2026-09-19,NOT_IN_RADAR
874060205,98771597.0,515,874060205,BBG001T8N8N0,,False,ADR,Equity,US,openfigi:/v3/mapping,2026-09-19,NOT_IN_RADAR
947002101,98643416.0,138,947002101,BBG002WK8MJ8,,False,Common Stock,Equity,US,openfigi:/v3/mapping,2026-09-19,NOT_IN_RADAR
413160102,98606483.0,371,413160102,BBG001S73CC8,,False,Common Stock,Equity,US,openfigi:/v3/mapping,2026-09-19,NOT_IN_RADAR
45174J509,98402030.0,194,45174J509,BBG00P2FSP84,,False,Common Stock,Equity,US,openfigi:/v3/mapping,2026-09-19,NOT_IN_RADAR
69352PAS2,98338434.0,18,69352PAS2,,,False,,,,openfigi:/v3/mapping,2026-09-19,NO_ID
Y2990R101,98277222.0,180,Y2990R101,,,False,,,,openfigi:/v3/mapping,2026-09-19,NO_ID
46641Q233,98269979.0,185,46641Q233,BBG00LN4D399,,False,ETP,Equity,US,openfigi:/v3/mapping,2026-09-19,NOT_IN_RADAR
85208M102,98259677.0,970,85208M102,BBG001V0MZS0,,False,Common Stock,Equity,US,openfigi:/v3/mapping,2026-09-19,NOT_IN_RADAR
374396406,98211819.0,218,374396406,BBG001T5KFK6,,False,Common Stock,Equity,US,openfigi:/v3/mapping,2026-09-19,NOT_IN_RADAR
63938C108,97717551.0,361,63938C108,BBG004MN1R50,,False,Common Stock,Equity,US,openfigi:/v3/mapping,2026-09-19,NOT_IN_RADAR
464287622,97699784.0,1696,464287622,BBG001S562W9,,False,ETP,Equity,US,openfigi:/v3/mapping,2026-09-19,NOT_IN_RADAR
65249B208,97692478.0,494,65249B208,BBG0035M2ZC6,,False,Common Stock,Equity,US,openfigi:/v3/mapping,2026-09-19,NOT_IN_RADAR
75585H206,97591625.0,238,75585H206,,,False,,,,openfigi:/v3/mapping,2026-09-19,NO_ID
G5380J100,97538605.0,10,G5380J100,,,False,,,,openfigi:/v3/mapping,2026-09-19,NO_ID
22890A302,97367825.0,164,22890A302,BBG013FD1NT4,,False,Common Stock,Equity,US,openfigi:/v3/mapping,2026-09-19,NOT_IN_RADAR
09290C764,97360418.0,241,09290C764,BBG01R3KJNK8,,False,ETP,Equity,US,openfigi:/v3/mapping,2026-09-19,NOT_IN_RADAR
68278B107,97245870.0,257,68278B107,,,False,,,,openfigi:/v3/mapping,2026-09-19,NO_ID
19761L706,97238799.0,242,19761L706,BBG00QDMNL89,,False,ETP,Equity,US,openfigi:/v3/mapping,2026-09-19,NOT_IN_RADAR
10576N102,97149987.0,394,10576N102,BBG00294NX54,,False,Common Stock,Equity,US,openfigi:/v3/mapping,2026-09-19,NOT_IN_RADAR
46435GAA0,97050089.0,477,46435GAA0,BBG00DST7FD2,,False,ETP,Equity,US,openfigi:/v3/mapping,2026-09-19,NOT_IN_RADAR
13057Q305,97038757.0,554,13057Q305,BBG00Y04KQ51,,False,Common Stock,Equity,US,openfigi:/v3/mapping,2026-09-19,NOT_IN_RADAR
30233G209,97021308.0,282,30233G209,BBG001SNLCD2,,False,Common Stock,Equity,US,openfigi:/v3/mapping,2026-09-19,NOT_IN_RADAR
957638109,97006469.0,671,957638109,BBG001SLM522,,False,Common Stock,Equity,US,openfigi:/v3/mapping,2026-09-19,NOT_IN_RADAR
46641Q647,96964974.0,549,46641Q647,BBG00M8D48L9,,False,ETP,Equity,US,openfigi:/v3/mapping,2026-09-19,NOT_IN_RADAR
05368V106,96888484.0,527,05368V106,BBG001S6RCD3,,False,Common Stock,Equity,US,openfigi:/v3/mapping,2026-09-19,NOT_IN_RADAR
32055Y201,96534994.0,449,32055Y201,BBG001S9F1B6,,False,Common Stock,Equity,US,openfigi:/v3/mapping,2026-09-19,NOT_IN_RADAR
758075402,96528252.0,343,758075402,BBG001SBHVP8,,False,REIT,Equity,US,openfigi:/v3/mapping,2026-09-19,NOT_IN_RADAR
52490G102,96514017.0,282,52490G102,BBG00TTGH6N2,,False,ADR,Equity,US,openfigi:/v3/mapping,2026-09-19,NOT_IN_RADAR
381430503,96476754.0,689,381430503,BBG00B0SKXY1,,False,ETP,Equity,US,openfigi:/v3/mapping,2026-09-19,NOT_IN_RADAR
705573103,96387469.0,749,705573103,BBG001S93CK5,,False,Common Stock,Equity,US,openfigi:/v3/mapping,2026-09-19,NOT_IN_RADAR
464286608,96188932.0,444,464286608,BBG001SFQPM5,,False,ETP,Equity,US,openfigi:/v3/mapping,2026-09-19,NOT_IN_RADAR
33739Q200,96155443.0,500,33739Q200,BBG007GFNV45,,False,ETP,Equity,US,openfigi:/v3/mapping,2026-09-19,NOT_IN_RADAR
642045108,96005550.0,344,642045108,BBG01JFZ96Y3,,False,Common Stock,Equity,US,openfigi:/v3/mapping,2026-09-19,NOT_IN_RADAR
G9471C206,95901610.0,88,G9471C206,,,False,,,,openfigi:/v3/mapping,2026-09-19,NO_ID
82835W108,95890873.0,281,82835W108,BBG00FZQGXH2,,False,Common Stock,Equity,US,openfigi:/v3/mapping,2026-09-19,NOT_IN_RADAR
46434G863,95776279.0,715,46434G863,BBG00D7BDH70,,False,ETP,Equity,US,openfigi:/v3/mapping,2026-09-19,NOT_IN_RADAR
82900L102,95624089.0,434,82900L102,BBG00GVP5JM3,,False,Common Stock,Equity,US,openfigi:/v3/mapping,2026-09-19,NOT_IN_RADAR
38046C109,95522749.0,280,38046C109,BBG002CN8YD4,,False,Common Stock,Equity,US,openfigi:/v3/mapping,2026-09-19,NOT_IN_RADAR
47580P103,95075055.0,218,47580P103,BBG001TG2G57,,False,Common Stock,Equity,US,openfigi:/v3/mapping,2026-09-19,NOT_IN_RADAR
YI7507167,95000000.0,1,YI7507167,,,False,,,,openfigi:/v3/mapping,2026-09-19,NO_ID
784117103,94992040.0,872,784117103,BBG001S5VZJ3,,False,Common Stock,Equity,US,openfigi:/v3/mapping,2026-09-19,NOT_IN_RADAR
984017103,94966770.0,431,984017103,BBG006YP1L50,,False,REIT,Equity,US,openfigi:/v3/mapping,2026-09-19,NOT_IN_RADAR
86800UAB0,94949257.0,9,86800UAB0,,,False,,,,openfigi:/v3/mapping,2026-09-19,NO_ID
98421M106,94891988.0,315,98421M106,BBG00NNG2ZK6,,False,Common Stock,Equity,US,openfigi:/v3/mapping,2026-09-19,NOT_IN_RADAR
75886F107,94888489.0,2048,75886F107,BBG001S6PX49,REGN,True,Common Stock,Equity,US,openfigi:/v3/mapping,2026-09-19,OK
02156V109,94845482.0,983,02156V109,BBG0112CBMQ8,,False,Common Stock,Equity,US,openfigi:/v3/mapping,2026-09-19,NOT_IN_RADAR
46138E461,94837453.0,66,46138E461,BBG00HSHV768,,False,ETP,Equity,US,openfigi:/v3/mapping,2026-09-19,NOT_IN_RADAR
820014405,94763658.0,205,820014405,BBG01KB9ZVT4,,False,Common Stock,Equity,US,openfigi:/v3/mapping,2026-09-19,NOT_IN_RADAR
05589G102,94560317.0,352,05589G102,BBG00QDCHF45,,False,Common Stock,Equity,US,openfigi:/v3/mapping,2026-09-19,NOT_IN_RADAR
415864107,94550482.0,350,415864107,,,False,,,,openfigi:/v3/mapping,2026-09-19,NO_ID
46438R105,94344041.0,533,46438R105,BBG01NXX8HZ5,,False,ETP,Equity,US,openfigi:/v3/mapping,2026-09-19,NOT_IN_RADAR
78464A391,94283767.0,267,78464A391,BBG001V0JXM5,,False,ETP,Equity,US,openfigi:/v3/mapping,2026-09-19,NOT_IN_RADAR
20451W101,94067970.0,223,20451W101,BBG00X0VY3F8,,False,ADR,Equity,US,openfigi:/v3/mapping,2026-09-19,NOT_IN_RADAR
50012A108,93834749.0,488,50012A108,BBG01G4G6YQ4,,False,Common Stock,Equity,US,openfigi:/v3/mapping,2026-09-19,NOT_IN_RADAR
46269C102,93809201.0,549,46269C102,BBG001T21JT7,,False,Common Stock,Equity,US,openfigi:/v3/mapping,2026-09-19,NOT_IN_RADAR
44955L155,93789945.0,16,44955L155,,,False,Equity WRT,Equity,US,openfigi:/v3/mapping,2026-09-19,NOT_IN_RADAR
32020R109,93734646.0,518,32020R109,BBG001S7HCY9,,False,Common Stock,Equity,US,openfigi:/v3/mapping,2026-09-19,NOT_IN_RADAR
N14506104,93655098.0,545,N14506104,,,False,,,,openfigi:/v3/mapping,2026-09-19,NO_ID
72703H101,93610820.0,683,72703H101,BBG009H04M26,,False,Common Stock,Equity,US,openfigi:/v3/mapping,2026-09-19,NOT_IN_RADAR
00773J202,93489728.0,304,00773J202,BBG0067L94C1,,False,Common Stock,Equity,US,openfigi:/v3/mapping,2026-09-19,NOT_IN_RADAR
88554D205,93413051.0,273,88554D205,BBG001S7FHX1,,False,Common Stock,Equity,US,openfigi:/v3/mapping,2026-09-19,NOT_IN_RADAR
603170101,93334466.0,327,603170101,BBG00ZXN1GR9,,False,Common Stock,Equity,US,openfigi:/v3/mapping,2026-09-19,NOT_IN_RADAR
371927104,93006529.0,145,371927104,BBG001S9CQC3,,False,MLP,Equity,US,openfigi:/v3/mapping,2026-09-19,NOT_IN_RADAR
903731107,92986124.0,561,903731107,BBG007N72MB0,,False,Common Stock,Equity,US,openfigi:/v3/mapping,2026-09-19,NOT_IN_RADAR
370920100,92955701.0,66,370920100,BBG00X9D0P03,,False,Common Stock,Equity,US,openfigi:/v3/mapping,2026-09-19,NOT_IN_RADAR
405166109,92854084.0,168,405166109,BBG00Z9FKN97,,False,Common Stock,Equity,US,openfigi:/v3/mapping,2026-09-19,NOT_IN_RADAR
78397T202,92764165.0,89,78397T202,BBG00YHY0GX0,,False,Common Stock,Equity,US,openfigi:/v3/mapping,2026-09-19,NOT_IN_RADAR
695156109,92739967.0,1352,695156109,BBG001S5V741,PKG,True,Common Stock,Equity,US,openfigi:/v3/mapping,2026-09-19,OK
891092108,92721359.0,855,891092108,BBG001S5WX98,,False,Common Stock,Equity,US,openfigi:/v3/mapping,2026-09-19,NOT_IN_RADAR
92203C303,92719348.0,603,92203C303,BBG00ZXBYMT4,,False,ETP,Equity,US,openfigi:/v3/mapping,2026-09-19,NOT_IN_RADAR
23954D109,92660228.0,304,23954D109,,,False,,,,openfigi:/v3/mapping,2026-09-19,NO_ID
10949T109,92654251.0,300,10949T109,BBG00JVRRR41,,False,REIT,Equity,US,openfigi:/v3/mapping,2026-09-19,NOT_IN_RADAR
512816109,92548988.0,995,512816109,BBG001S8KJC2,,False,REIT,Equity,US,openfigi:/v3/mapping,2026-09-19,NOT_IN_RADAR
53947R105,92425821.0,390,53947R105,BBG01M86F4Z5,,False,Common Stock,Equity,US,openfigi:/v3/mapping,2026-09-19,NOT_IN_RADAR
03524A108,92387628.0,758,03524A108,BBG001T53FW2,,False,ADR,Equity,US,openfigi:/v3/mapping,2026-09-19,NOT_IN_RADAR
03762U105,92347361.0,398,03762U105,BBG001T55FJ5,,False,REIT,Equity,US,openfigi:/v3/mapping,2026-09-19,NOT_IN_RADAR
320209109,92248537.0,473,320209109,BBG001S5R4C4,,False,Common Stock,Equity,US,openfigi:/v3/mapping,2026-09-19,NOT_IN_RADAR
014442107,92168923.0,193,014442107,BBG00N0PL214,,False,Common Stock,Equity,US,openfigi:/v3/mapping,2026-09-19,NOT_IN_RADAR
92337F107,92149983.0,508,92337F107,BBG001TSQWW0,,False,Common Stock,Equity,US,openfigi:/v3/mapping,2026-09-19,NOT_IN_RADAR
46434V647,92081029.0,367,46434V647,BBG006S5D3J3,,False,ETP,Equity,US,openfigi:/v3/mapping,2026-09-19,NOT_IN_RADAR
G0457F107,92041508.0,217,G0457F107,,,False,,,,openfigi:/v3/mapping,2026-09-19,NO_ID
517125100,92026685.0,232,517125100,BBG001V0GD97,,False,Common Stock,Equity,US,openfigi:/v3/mapping,2026-09-19,NOT_IN_RADAR
62855J104,91989539.0,315,62855J104,BBG001S86FS9,,False,Common Stock,Equity,US,openfigi:/v3/mapping,2026-09-19,NOT_IN_RADAR
46436E486,91941056.0,319,46436E486,BBG011HVQSJ9,,False,ETP,Equity,US,openfigi:/v3/mapping,2026-09-19,NOT_IN_RADAR
156944100,91882962.0,362,156944100,BBG00YHKK4R2,,False,Common Stock,Equity,US,openfigi:/v3/mapping,2026-09-19,NOT_IN_RADAR
98585X104,91737523.0,651,98585X104,BBG00D8JC891,,False,Common Stock,Equity,US,openfigi:/v3/mapping,2026-09-19,NOT_IN_RADAR
G3198U102,91731044.0,578,G3198U102,,,False,,,,openfigi:/v3/mapping,2026-09-19,NO_ID
760125104,91634730.0,417,760125104,BBG001S80721,,False,ADR,Equity,US,openfigi:/v3/mapping,2026-09-19,NOT_IN_RADAR
550021109,91522863.0,1381,550021109,BBG001STBM75,,False,Common Stock,Equity,US,openfigi:/v3/mapping,2026-09-19,NOT_IN_RADAR
44812J104,91406115.0,485,44812J104,BBG00390LJJ8,HUT,True,Common Stock,Equity,US,openfigi:/v3/mapping,2026-09-19,OK
98980G102,91345888.0,1139,98980G102,BBG003338H61,,False,Common Stock,Equity,US,openfigi:/v3/mapping,2026-09-19,NOT_IN_RADAR
G89479102,91210313.0,181,G89479102,,,False,,,,openfigi:/v3/mapping,2026-09-19,NO_ID
36165L108,91120292.0,299,36165L108,BBG00DYK7TM4,,False,ADR,Equity,US,openfigi:/v3/mapping,2026-09-19,NOT_IN_RADAR
743606105,91104751.0,679,743606105,BBG001S7SL77,,False,Common Stock,Equity,US,openfigi:/v3/mapping,2026-09-19,NOT_IN_RADAR
464288679,90958329.0,847,464288679,BBG001SSD803,,False,ETP,Equity,US,openfigi:/v3/mapping,2026-09-19,NOT_IN_RADAR
42226A107,90842785.0,780,42226A107,BBG001T8JKN8,,False,Common Stock,Equity,US,openfigi:/v3/mapping,2026-09-19,NOT_IN_RADAR
61225M102,90814002.0,283,61225M102,BBG00X2VGZR2,,False,Common Stock,Equity,US,openfigi:/v3/mapping,2026-09-19,NOT_IN_RADAR
12468P104,90769767.0,452,12468P104,BBG00Y6G6Y84,,False,Common Stock,Equity,US,openfigi:/v3/mapping,2026-09-19,NOT_IN_RADAR
835495102,90761755.0,744,835495102,BBG001S7M9F1,,False,Common Stock,Equity,US,openfigi:/v3/mapping,2026-09-19,NOT_IN_RADAR
053807103,90644208.0,676,053807103,BBG001S5NZJ2,,False,Common Stock,Equity,US,openfigi:/v3/mapping,2026-09-19,NOT_IN_RADAR
52886X107,90625415.0,197,52886X107,BBG00YB1C8N4,,False,Common Stock,Equity,US,openfigi:/v3/mapping,2026-09-19,NOT_IN_RADAR
811707801,90624781.0,462,811707801,BBG001SD9X60,,False,Common Stock,Equity,US,openfigi:/v3/mapping,2026-09-19,NOT_IN_RADAR
21871N101,90607799.0,357,21871N101,BBG001S8PTV4,,False,Common Stock,Equity,US,openfigi:/v3/mapping,2026-09-19,NOT_IN_RADAR
76200L309,90372385.0,183,76200L309,BBG001XWWJC0,,False,Common Stock,Equity,US,openfigi:/v3/mapping,2026-09-19,NOT_IN_RADAR
25434V781,90355804.0,534,25434V781,BBG01633Y2Y6,,False,ETP,Equity,US,openfigi:/v3/mapping,2026-09-19,NOT_IN_RADAR
78467V608,90331546.0,591,78467V608,BBG004DF1DW8,,False,ETP,Equity,US,openfigi:/v3/mapping,2026-09-19,NOT_IN_RADAR
428291108,90190864.0,730,428291108,BBG001S5S2J0,,False,Common Stock,Equity,US,openfigi:/v3/mapping,2026-09-19,NOT_IN_RADAR
49926D109,90112715.0,465,49926D109,BBG004M8M6K9,,False,Common Stock,Equity,US,openfigi:/v3/mapping,2026-09-19,NOT_IN_RADAR
45073V108,90027815.0,1067,45073V108,BBG00CVQZQB3,,False,Common Stock,Equity,US,openfigi:/v3/mapping,2026-09-19,NOT_IN_RADAR
Y9673DAD3,90000000.0,1,Y9673DAD3,,,False,,,,openfigi:/v3/mapping,2026-09-19,NO_ID
12674W109,89961899.0,140,12674W109,BBG00MJ3BKX1,,False,Common Stock,Equity,US,openfigi:/v3/mapping,2026-09-19,NOT_IN_RADAR
23285D109,89831369.0,267,23285D109,BBG00D36Q103,,False,Common Stock,Equity,US,openfigi:/v3/mapping,2026-09-19,NOT_IN_RADAR
65345N106,89764848.0,284,65345N106,BBG017XG00Z2,,False,Common Stock,Equity,US,openfigi:/v3/mapping,2026-09-19,NOT_IN_RADAR
18270D106,89726599.0,175,18270D106,BBG00PT33814,,False,REIT,Equity,US,openfigi:/v3/mapping,2026-09-19,NOT_IN_RADAR
50212V100,89722212.0,1174,50212V100,BBG001T5GK39,,False,Common Stock,Equity,US,openfigi:/v3/mapping,2026-09-19,NOT_IN_RADAR
058586108,89634071.0,209,058586108,BBG001S5Y1D1,,False,Common Stock,Equity,US,openfigi:/v3/mapping,2026-09-19,NOT_IN_RADAR
316092113,89563511.0,273,316092113,BBG01K4JD281,,False,ETP,Equity,US,openfigi:/v3/mapping,2026-09-19,NOT_IN_RADAR
G0176J109,89473636.0,1197,G0176J109,,,False,,,,openfigi:/v3/mapping,2026-09-19,NO_ID
733245104,89458559.0,281,733245104,BBG00QYZND49,,False,Common Stock,Equity,US,openfigi:/v3/mapping,2026-09-19,NOT_IN_RADAR
05605H100,89262167.0,1212,05605H100,BBG001SGJPH7,,False,Common Stock,Equity,US,openfigi:/v3/mapping,2026-09-19,NOT_IN_RADAR
54975P201,89250250.0,109,54975P201,BBG00XS6R0J3,,False,ADR,Equity,US,openfigi:/v3/mapping,2026-09-19,NOT_IN_RADAR
23345M107,89188581.0,993,23345M107,BBG0112Z58K1,,False,Common Stock,Equity,US,openfigi:/v3/mapping,2026-09-19,NOT_IN_RADAR
336917109,89181925.0,580,336917109,BBG001SP68G0,,False,ETP,Equity,US,openfigi:/v3/mapping,2026-09-19,NOT_IN_RADAR
03214Q108,89128759.0,355,03214Q108,BBG019MBDD16,,False,Common Stock,Equity,US,openfigi:/v3/mapping,2026-09-19,NOT_IN_RADAR
52736R102,89089582.0,418,52736R102,BBG001S9NVN8,,False,Common Stock,Equity,US,openfigi:/v3/mapping,2026-09-19,NOT_IN_RADAR
950915108,89057185.0,141,950915108,BBG01P0V71V0,,False,ADR,Equity,US,openfigi:/v3/mapping,2026-09-19,NOT_IN_RADAR
12529R107,89045443.0,157,12529R107,BBG00BV2Y9C6,,False,Common Stock,Equity,US,openfigi:/v3/mapping,2026-09-19,NOT_IN_RADAR
04956D107,89017194.0,543,04956D107,BBG01B079Z92,,False,Common Stock,Equity,US,openfigi:/v3/mapping,2026-09-19,NOT_IN_RADAR
46489V302,88992674.0,186,46489V302,BBG001S5Q300,,False,Common Stock,Equity,US,openfigi:/v3/mapping,2026-09-19,NOT_IN_RADAR
889478103,88910953.0,1137,889478103,BBG001S5WT15,,False,Common Stock,Equity,US,openfigi:/v3/mapping,2026-09-19,NOT_IN_RADAR
78467V848,88889018.0,488,78467V848,BBG0084H8485,,False,ETP,Equity,US,openfigi:/v3/mapping,2026-09-19,NOT_IN_RADAR
50127T109,88853032.0,329,50127T109,BBG008974351,,False,Common Stock,Equity,US,openfigi:/v3/mapping,2026-09-19,NOT_IN_RADAR
40171V100,88836677.0,919,40171V100,BBG001TWHGX5,,False,Common Stock,Equity,US,openfigi:/v3/mapping,2026-09-19,NOT_IN_RADAR
24477E103,88800857.0,180,24477E103,BBG01282ZKG1,,False,Common Stock,Equity,US,openfigi:/v3/mapping,2026-09-19,NOT_IN_RADAR
01973R101,88782521.0,806,01973R101,BBG001V0T5F3,,False,Common Stock,Equity,US,openfigi:/v3/mapping,2026-09-19,NOT_IN_RADAR
042068205,88775055.0,1008,042068205,BBG01J1GY084,,False,ADR,Equity,US,openfigi:/v3/mapping,2026-09-19,NOT_IN_RADAR
74736K101,88603184.0,770,74736K101,BBG007TJF1P5,,False,Common Stock,Equity,US,openfigi:/v3/mapping,2026-09-19,NOT_IN_RADAR
43283X105,88483750.0,389,43283X105,BBG00CBYY6L2,,False,Common Stock,Equity,US,openfigi:/v3/mapping,2026-09-19,NOT_IN_RADAR
74348T102,88483283.0,250,74348T102,BBG001SM4WF7,,False,Common Stock,Equity,US,openfigi:/v3/mapping,2026-09-19,NOT_IN_RADAR
76680R206,88308883.0,510,76680R206,BBG001SHXFM5,,False,Common Stock,Equity,US,openfigi:/v3/mapping,2026-09-19,NOT_IN_RADAR
714266103,88204731.0,362,714266103,BBG001V1HWW6,,False,Common Stock,Equity,US,openfigi:/v3/mapping,2026-09-19,NOT_IN_RADAR
338307101,88147621.0,424,338307101,BBG001V0P7K7,,False,Common Stock,Equity,US,openfigi:/v3/mapping,2026-09-19,NOT_IN_RADAR
12621E103,87931028.0,564,12621E103,BBG001SBR6X3,,False,Common Stock,Equity,US,openfigi:/v3/mapping,2026-09-19,NOT_IN_RADAR
464288158,87925669.0,1018,464288158,BBG001SLS4Q3,,False,ETP,Equity,US,openfigi:/v3/mapping,2026-09-19,NOT_IN_RADAR
G6564A105,87922169.0,258,G6564A105,,,False,,,,openfigi:/v3/mapping,2026-09-19,NO_ID
78468R861,87777371.0,181,78468R861,BBG004MKB438,,False,ETP,Equity,US,openfigi:/v3/mapping,2026-09-19,NOT_IN_RADAR
03213A104,87728426.0,332,03213A104,BBG012CDTZZ5,,False,Common Stock,Equity,US,openfigi:/v3/mapping,2026-09-19,NOT_IN_RADAR
98401F105,87669639.0,306,98401F105,BBG0026ZG4X9,,False,Common Stock,Equity,US,openfigi:/v3/mapping,2026-09-19,NOT_IN_RADAR
46435G516,87527385.0,858,46435G516,BBG00D7BBRS7,,False,ETP,Equity,US,openfigi:/v3/mapping,2026-09-19,NOT_IN_RADAR
71535D106,87513157.0,209,71535D106,BBG0027NWBS7,,False,Common Stock,Equity,US,openfigi:/v3/mapping,2026-09-19,NOT_IN_RADAR
47804J693,87403546.0,5,47804J693,BBG01R718X71,,False,ETP,Equity,US,openfigi:/v3/mapping,2026-09-19,NOT_IN_RADAR
88331L108,87394760.0,171,88331L108,BBG00XKM1DD2,,False,Common Stock,Equity,US,openfigi:/v3/mapping,2026-09-19,NOT_IN_RADAR
11276H106,87326970.0,592,11276H106,BBG01RJ2TXY3,,False,Common Stock,Equity,US,openfigi:/v3/mapping,2026-09-19,NOT_IN_RADAR
978097103,87312370.0,398,978097103,BBG001S5XKW9,,False,Common Stock,Equity,US,openfigi:/v3/mapping,2026-09-19,NOT_IN_RADAR
670703107,87114844.0,419,670703107,,,False,,,,openfigi:/v3/mapping,2026-09-19,NO_ID
31609A206,87075458.0,241,31609A206,BBG01K786ML1,,False,ETP,Equity,US,openfigi:/v3/mapping,2026-09-19,NOT_IN_RADAR
749607107,86999310.0,625,749607107,BBG001S5VQ58,,False,Common Stock,Equity,US,openfigi:/v3/mapping,2026-09-19,NOT_IN_RADAR
87265H109,86908074.0,555,87265H109,,,False,,,,openfigi:/v3/mapping,2026-09-19,NO_ID
926400102,86873496.0,567,926400102,BBG01103B480,,False,Common Stock,Equity,US,openfigi:/v3/mapping,2026-09-19,NOT_IN_RADAR
76680V108,86807111.0,153,76680V108,BBG001SNHQJ0,,False,Common Stock,Equity,US,openfigi:/v3/mapping,2026-09-19,NOT_IN_RADAR
803054204,86754071.0,1176,803054204,BBG001S6RD41,,False,ADR,Equity,US,openfigi:/v3/mapping,2026-09-19,NOT_IN_RADAR
554489104,86694256.0,357,554489104,,,False,,,,openfigi:/v3/mapping,2026-09-19,NO_ID
89142B107,86689188.0,121,89142B107,BBG011C0PDC3,,False,Common Stock,Equity,US,openfigi:/v3/mapping,2026-09-19,NOT_IN_RADAR
464288257,86481892.0,985,464288257,BBG001S56QV7,,False,ETP,Equity,US,openfigi:/v3/mapping,2026-09-19,NOT_IN_RADAR
58502B106,86479538.0,456,58502B106,BBG001S96T25,,False,Common Stock,Equity,US,openfigi:/v3/mapping,2026-09-19,NOT_IN_RADAR
923725105,86377060.0,214,923725105,BBG001S7X7L6,,False,Common Stock,Equity,US,openfigi:/v3/mapping,2026-09-19,NOT_IN_RADAR
003881307,86285396.0,169,003881307,BBG001SJLJT9,,False,Common Stock,Equity,US,openfigi:/v3/mapping,2026-09-19,NOT_IN_RADAR
03770N101,86281531.0,368,03770N101,,,False,,,,openfigi:/v3/mapping,2026-09-19,NO_ID
92343E102,86142708.0,1318,92343E102,BBG001S7BCF6,,False,Common Stock,Equity,US,openfigi:/v3/mapping,2026-09-19,NOT_IN_RADAR
759530108,86126216.0,651,759530108,BBG001S898V8,,False,ADR,Equity,US,openfigi:/v3/mapping,2026-09-19,NOT_IN_RADAR
141788109,86126123.0,570,141788109,BBG00HQ77DT1,,False,Common Stock,Equity,US,openfigi:/v3/mapping,2026-09-19,NOT_IN_RADAR
29269R105,86092913.0,221,29269R105,BBG001SXXC92,,False,Common Stock,Equity,US,openfigi:/v3/mapping,2026-09-19,NOT_IN_RADAR
003261104,86082627.0,240,003261104,BBG00G9CFDS3,,False,ETP,Equity,US,openfigi:/v3/mapping,2026-09-19,NOT_IN_RADAR
85914M107,86077958.0,411,85914M107,BBG00WXXV0W0,,False,Common Stock,Equity,US,openfigi:/v3/mapping,2026-09-19,NOT_IN_RADAR
98585N106,85966038.0,280,98585N106,BBG001V12329,,False,Common Stock,Equity,US,openfigi:/v3/mapping,2026-09-19,NOT_IN_RADAR
88033G407,85920795.0,1042,88033G407,BBG001S70FY0,,False,Common Stock,Equity,US,openfigi:/v3/mapping,2026-09-19,NOT_IN_RADAR
04965M106,85751177.0,292,04965M106,BBG011C6KK93,,False,ADR,Equity,US,openfigi:/v3/mapping,2026-09-19,NOT_IN_RADAR
46436E858,85637068.0,357,46436E858,BBG00RYR3RM6,,False,ETP,Equity,US,openfigi:/v3/mapping,2026-09-19,NOT_IN_RADAR
922908611,85513153.0,2548,922908611,BBG001SHVTR2,,False,ETP,Equity,US,openfigi:/v3/mapping,2026-09-19,NOT_IN_RADAR
635309206,85415707.0,157,635309206,BBG001SRSPD7,,False,Common Stock,Equity,US,openfigi:/v3/mapping,2026-09-19,NOT_IN_RADAR
68571X301,85312855.0,280,68571X301,BBG001V18CW0,,False,REIT,Equity,US,openfigi:/v3/mapping,2026-09-19,NOT_IN_RADAR
219798105,85246219.0,353,219798105,BBG017TGV7N1,,False,Common Stock,Equity,US,openfigi:/v3/mapping,2026-09-19,NOT_IN_RADAR
29259W700,85146729.0,221,29259W700,BBG001T8HNC6,,False,Common Stock,Equity,US,openfigi:/v3/mapping,2026-09-19,NOT_IN_RADAR
G9456A100,84973621.0,473,G9456A100,,,False,,,,openfigi:/v3/mapping,2026-09-19,NO_ID
65535H208,84952969.0,388,65535H208,BBG001S6HZT6,,False,ADR,Equity,US,openfigi:/v3/mapping,2026-09-19,NOT_IN_RADAR
55293N109,84910329.0,199,55293N109,BBG00ZS4RR31,,False,Common Stock,Equity,US,openfigi:/v3/mapping,2026-09-19,NOT_IN_RADAR
094235108,84800540.0,329,094235108,BBG002VZ69Q9,,False,Common Stock,Equity,US,openfigi:/v3/mapping,2026-09-19,NOT_IN_RADAR
92337C203,84707702.0,218,92337C203,BBG001V0G978,,False,Common Stock,Equity,US,openfigi:/v3/mapping,2026-09-19,NOT_IN_RADAR
90187B804,84653299.0,340,90187B804,,,False,,,,openfigi:/v3/mapping,2026-09-19,NO_ID
59516C106,84572229.0,250,59516C106,BBG00NKS36P1,,False,Common Stock,Equity,US,openfigi:/v3/mapping,2026-09-19,NOT_IN_RADAR
74366E102,84571534.0,548,74366E102,BBG002B63KP4,PTGX,True,Common Stock,Equity,US,openfigi:/v3/mapping,2026-09-19,OK
404280406,84520260.0,875,404280406,BBG001SCZVC0,,False,ADR,Equity,US,openfigi:/v3/mapping,2026-09-19,NOT_IN_RADAR
464287176,84515252.0,1202,464287176,BBG001SD9RM5,,False,ETP,Equity,US,openfigi:/v3/mapping,2026-09-19,NOT_IN_RADAR
48581R205,84502989.0,239,48581R205,BBG00QD4Z4X6,,False,ADR,Equity,US,openfigi:/v3/mapping,2026-09-19,NOT_IN_RADAR
313745101,84492284.0,898,313745101,BBG001S5RC36,,False,REIT,Equity,US,openfigi:/v3/mapping,2026-09-19,NOT_IN_RADAR
29280W109,84472750.0,192,29280W109,BBG00YXTKLB4,,False,Common Stock,Equity,US,openfigi:/v3/mapping,2026-09-19,NOT_IN_RADAR
03076C106,84428274.0,2000,03076C106,BBG001SK6096,,False,Common Stock,Equity,US,openfigi:/v3/mapping,2026-09-19,NOT_IN_RADAR
76029N106,84308990.0,261,76029N106,BBG00L8Z22S0,,False,Common Stock,Equity,US,openfigi:/v3/mapping,2026-09-19,NOT_IN_RADAR
37954Y632,84300211.0,648,37954Y632,BBG00KX8KH01,,False,ETP,Equity,US,openfigi:/v3/mapping,2026-09-19,NOT_IN_RADAR
504922105,84229424.0,1536,504922105,BBG01MMT6PQ2,,False,Common Stock,Equity,US,openfigi:/v3/mapping,2026-09-19,NOT_IN_RADAR
09261X102,84218774.0,451,09261X102,BBG00MS80PP0,,False,Common Stock,Equity,US,openfigi:/v3/mapping,2026-09-19,NOT_IN_RADAR
025072885,84127485.0,609,025072885,BBG00Q9MPQH1,,False,ETP,Equity,US,openfigi:/v3/mapping,2026-09-19,NOT_IN_RADAR
690742101,84092260.0,945,690742101,BBG001SQ7PD2,,False,Common Stock,Equity,US,openfigi:/v3/mapping,2026-09-19,NOT_IN_RADAR
G4863A108,84034412.0,309,G4863A108,,,False,,,,openfigi:/v3/mapping,2026-09-19,NO_ID
33739Q408,83992725.0,461,33739Q408,BBG006XT8631,,False,ETP,Equity,US,openfigi:/v3/mapping,2026-09-19,NOT_IN_RADAR
53700T827,83935978.0,353,53700T827,BBG00P35J8L8,,False,ETP,Equity,US,openfigi:/v3/mapping,2026-09-19,NOT_IN_RADAR
33734X846,83699555.0,942,33734X846,BBG009K1H2W7,,False,ETP,Equity,US,openfigi:/v3/mapping,2026-09-19,NOT_IN_RADAR
01921D204,83666001.0,140,01921D204,BBG01J3PPZ58,,False,Common Stock,Equity,US,openfigi:/v3/mapping,2026-09-19,NOT_IN_RADAR
H0036K147,83593744.0,179,H0036K147,,,False,,,,openfigi:/v3/mapping,2026-09-19,NO_ID
218352102,83554436.0,519,218352102,BBG001S8QGV1,,False,Common Stock,Equity,US,openfigi:/v3/mapping,2026-09-19,NOT_IN_RADAR
81764X103,83522285.0,488,81764X103,BBG009DVYCV9,,False,Common Stock,Equity,US,openfigi:/v3/mapping,2026-09-19,NOT_IN_RADAR
60786M105,83499943.0,645,60786M105,BBG001STYX58,,False,Common Stock,Equity,US,openfigi:/v3/mapping,2026-09-19,NOT_IN_RADAR
92538J106,83453645.0,331,92538J106,BBG00VVT2FV3,,False,Common Stock,Equity,US,openfigi:/v3/mapping,2026-09-19,NOT_IN_RADAR
26142RAB0,83384210.0,10,26142RAB0,,,False,,,,openfigi:/v3/mapping,2026-09-19,NO_ID
00486H105,83376727.0,348,00486H105,BBG0169CH7Y8,,False,Common Stock,Equity,US,openfigi:/v3/mapping,2026-09-19,NOT_IN_RADAR
53229C107,83371340.0,146,53229C107,BBG00B0JR9Q6,,False,Common Stock,Equity,US,openfigi:/v3/mapping,2026-09-19,NOT_IN_RADAR
319829107,83315219.0,403,319829107,BBG001S70475,,False,Common Stock,Equity,US,openfigi:/v3/mapping,2026-09-19,NOT_IN_RADAR
84472E102,83235741.0,755,84472E102,BBG001S9J7Z3,,False,Common Stock,Equity,US,openfigi:/v3/mapping,2026-09-19,NOT_IN_RADAR
26210V102,83160699.0,286,26210V102,BBG00YN8ND71,,False,Common Stock,Equity,US,openfigi:/v3/mapping,2026-09-19,NOT_IN_RADAR
78397Q109,83150262.0,174,78397Q109,BBG00YMWPMV0,,False,Common Stock,Equity,US,openfigi:/v3/mapping,2026-09-19,NOT_IN_RADAR
50101L106,83121699.0,277,50101L106,BBG0118Y87P2,,False,Common Stock,Equity,US,openfigi:/v3/mapping,2026-09-19,NOT_IN_RADAR
98311A105,82915284.0,644,98311A105,BBG00HCY3Q76,,False,Common Stock,Equity,US,openfigi:/v3/mapping,2026-09-19,NOT_IN_RADAR
90139K100,82871960.0,170,90139K100,BBG01K0RTLB4,,False,ETP,Equity,US,openfigi:/v3/mapping,2026-09-19,NOT_IN_RADAR
21077P108,82855744.0,67,21077P108,BBG011YW6J46,,False,Common Stock,Equity,US,openfigi:/v3/mapping,2026-09-19,NOT_IN_RADAR
G8068L108,82853941.0,768,G8068L108,,,False,,,,openfigi:/v3/mapping,2026-09-19,NO_ID
98420P308,82750609.0,37,98420P308,BBG001T6FJR5,,False,Common Stock,Equity,US,openfigi:/v3/mapping,2026-09-19,NOT_IN_RADAR
46434V738,82700521.0,544,46434V738,BBG006MJ8984,,False,ETP,Equity,US,openfigi:/v3/mapping,2026-09-19,NOT_IN_RADAR
46435U549,82569268.0,538,46435U549,BBG00MC0P0K7,,False,ETP,Equity,US,openfigi:/v3/mapping,2026-09-19,NOT_IN_RADAR
682189AU9,82487612.0,26,682189AU9,,,False,,,,openfigi:/v3/mapping,2026-09-19,NO_ID
55024U109,82482700.0,1590,55024U109,BBG0073F9RS8,,False,Common Stock,Equity,US,openfigi:/v3/mapping,2026-09-19,NOT_IN_RADAR
29082A107,82365689.0,501,29082A107,BBG001S63XQ9,,False,ADR,Equity,US,openfigi:/v3/mapping,2026-09-19,NOT_IN_RADAR
33738D788,82180195.0,227,33738D788,BBG01K0TZBY0,,False,ETP,Equity,US,openfigi:/v3/mapping,2026-09-19,NOT_IN_RADAR
78464A284,82086740.0,443,78464A284,BBG001V11QG4,,False,ETP,Equity,US,openfigi:/v3/mapping,2026-09-19,NOT_IN_RADAR
464286772,82045884.0,595,464286772,BBG001SF9FC7,,False,ETP,Equity,US,openfigi:/v3/mapping,2026-09-19,NOT_IN_RADAR
489170100,82029603.0,506,489170100,BBG001S5SM97,,False,Common Stock,Equity,US,openfigi:/v3/mapping,2026-09-19,NOT_IN_RADAR
505743104,81962863.0,332,505743104,BBG005RVGZ50,,False,REIT,Equity,US,openfigi:/v3/mapping,2026-09-19,NOT_IN_RADAR
00971TAN1,81958768.0,19,00971TAN1,,,False,,,,openfigi:/v3/mapping,2026-09-19,NO_ID
46641Q225,81945373.0,296,46641Q225,BBG00LN4CWM1,,False,ETP,Equity,US,openfigi:/v3/mapping,2026-09-19,NOT_IN_RADAR
75970E107,81940790.0,425,75970E107,BBG001S5V5B7,,False,Common Stock,Equity,US,openfigi:/v3/mapping,2026-09-19,NOT_IN_RADAR
372303206,81933257.0,412,372303206,BBG004MPKMY3,,False,ADR,Equity,US,openfigi:/v3/mapping,2026-09-19,NOT_IN_RADAR
939653101,81762877.0,262,939653101,BBG001S5XJD3,,False,REIT,Equity,US,openfigi:/v3/mapping,2026-09-19,NOT_IN_RADAR
004397105,81729689.0,177,004397105,BBG001SFHKJ0,,False,Common Stock,Equity,US,openfigi:/v3/mapping,2026-09-19,NOT_IN_RADAR
875372203,81729220.0,421,875372203,BBG001TG5QC4,,False,Common Stock,Equity,US,openfigi:/v3/mapping,2026-09-19,NOT_IN_RADAR
433921103,81596593.0,160,433921103,BBG001SFKS45,,False,Common Stock,Equity,US,openfigi:/v3/mapping,2026-09-19,NOT_IN_RADAR
61774R841,81538667.0,199,61774R841,BBG01LTGRPS0,,False,ETP,Equity,US,openfigi:/v3/mapping,2026-09-19,NOT_IN_RADAR
084680107,81389568.0,430,084680107,BBG001S5PSK4,,False,Common Stock,Equity,US,openfigi:/v3/mapping,2026-09-19,NOT_IN_RADAR
18539C204,81385079.0,620,18539C204,BBG008LJ4TG2,,False,Common Stock,Equity,US,openfigi:/v3/mapping,2026-09-19,NOT_IN_RADAR
92939UAP1,81381500.0,8,92939UAP1,,,False,,,,openfigi:/v3/mapping,2026-09-19,NO_ID
750491102,81347108.0,522,750491102,BBG001S75DK5,,False,Common Stock,Equity,US,openfigi:/v3/mapping,2026-09-19,NOT_IN_RADAR
41151J505,81338872.0,240,41151J505,BBG014VVQN17,,False,ETP,Equity,US,openfigi:/v3/mapping,2026-09-19,NOT_IN_RADAR
316092352,81312629.0,402,316092352,BBG00V6QFTJ7,,False,ETP,Equity,US,openfigi:/v3/mapping,2026-09-19,NOT_IN_RADAR
410120109,81223377.0,603,410120109,BBG001S6S985,,False,Common Stock,Equity,US,openfigi:/v3/mapping,2026-09-19,NOT_IN_RADAR
389375106,81179968.0,283,389375106,BBG001S8SQK9,,False,Common Stock,Equity,US,openfigi:/v3/mapping,2026-09-19,NOT_IN_RADAR
75321W103,80762261.0,179,75321W103,BBG00JRXX6Z8,,False,Common Stock,Equity,US,openfigi:/v3/mapping,2026-09-19,NOT_IN_RADAR
02072L532,80683208.0,128,02072L532,BBG01FN0H876,,False,ETP,Equity,US,openfigi:/v3/mapping,2026-09-19,NOT_IN_RADAR
G0084W101,80645062.0,415,G0084W101,,,False,,,,openfigi:/v3/mapping,2026-09-19,NO_ID
928254101,80641405.0,638,928254101,BBG0064N2T87,,False,Common Stock,Equity,US,openfigi:/v3/mapping,2026-09-19,NOT_IN_RADAR
918090101,80598108.0,344,918090101,BBG00M8652J9,,False,Common Stock,Equity,US,openfigi:/v3/mapping,2026-09-19,NOT_IN_RADAR
76243J105,80594098.0,441,76243J105,BBG007DLZ629,,False,Common Stock,Equity,US,openfigi:/v3/mapping,2026-09-19,NOT_IN_RADAR
646025106,80589428.0,746,646025106,BBG001S5TMT4,,False,Common Stock,Equity,US,openfigi:/v3/mapping,2026-09-19,NOT_IN_RADAR
80401C100,80550293.0,199,80401C100,BBG0135WF1J7,,False,Common Stock,Equity,US,openfigi:/v3/mapping,2026-09-19,NOT_IN_RADAR
92647X863,80424198.0,46,92647X863,BBG012THVMS2,,False,ETP,Equity,US,openfigi:/v3/mapping,2026-09-19,NOT_IN_RADAR
092113109,80393749.0,698,092113109,BBG001S5P6X8,,False,Common Stock,Equity,US,openfigi:/v3/mapping,2026-09-19,NOT_IN_RADAR
24477V105,80284076.0,349,24477V105,BBG001TCSL84,,False,Common Stock,Equity,US,openfigi:/v3/mapping,2026-09-19,NOT_IN_RADAR
629209305,80225824.0,553,629209305,BBG005DLMPF1,,False,Common Stock,Equity,US,openfigi:/v3/mapping,2026-09-19,NOT_IN_RADAR
651718504,80149576.0,372,651718504,BBG001S6CQY5,,False,Common Stock,Equity,US,openfigi:/v3/mapping,2026-09-19,NOT_IN_RADAR
74340E103,80084014.0,461,74340E103,BBG002H1K1K7,,False,Common Stock,Equity,US,openfigi:/v3/mapping,2026-09-19,NOT_IN_RADAR
68373J104,80073472.0,193,68373J104,,,False,,,,openfigi:/v3/mapping,2026-09-19,NO_ID
00081T108,80065142.0,279,00081T108,BBG001SPBTK3,,False,Common Stock,Equity,US,openfigi:/v3/mapping,2026-09-19,NOT_IN_RADAR
445658107,80026888.0,1186,445658107,BBG001S5SFY4,,False,Common Stock,Equity,US,openfigi:/v3/mapping,2026-09-19,NOT_IN_RADAR
636180101,79964936.0,955,636180101,BBG001S5TLR8,,False,Common Stock,Equity,US,openfigi:/v3/mapping,2026-09-19,NOT_IN_RADAR
90184D100,79868040.0,445,90184D100,BBG006KDCHK2,TWST,True,Common Stock,Equity,US,openfigi:/v3/mapping,2026-09-19,OK
87256C101,79853705.0,934,87256C101,BBG01G9JKWW4,TKO,True,Common Stock,Equity,US,openfigi:/v3/mapping,2026-09-19,OK
45167R104,79790885.0,1053,45167R104,BBG001S67N14,,False,Common Stock,Equity,US,openfigi:/v3/mapping,2026-09-19,NOT_IN_RADAR
35168W103,79788568.0,97,35168W103,BBG002Y7NH81,,False,Common Stock,Equity,US,openfigi:/v3/mapping,2026-09-19,NOT_IN_RADAR
366651107,79715223.0,1133,366651107,BBG001S5SD60,,False,Common Stock,Equity,US,openfigi:/v3/mapping,2026-09-19,NOT_IN_RADAR
57776J100,79707068.0,372,57776J100,BBG001S6MZV7,,False,Common Stock,Equity,US,openfigi:/v3/mapping,2026-09-19,NOT_IN_RADAR
765504105,79598814.0,245,765504105,BBG01HRPF7T3,,False,Common Stock,Equity,US,openfigi:/v3/mapping,2026-09-19,NOT_IN_RADAR
640979100,79495955.0,155,640979100,BBG012W9C504,,False,Common Stock,Equity,US,openfigi:/v3/mapping,2026-09-19,NOT_IN_RADAR
032108409,79373906.0,467,032108409,BBG00FJ5P854,,False,ETP,Equity,US,openfigi:/v3/mapping,2026-09-19,NOT_IN_RADAR
00768Y453,79207571.0,179,00768Y453,BBG00X28J8Y2,,False,ETP,Equity,US,openfigi:/v3/mapping,2026-09-19,NOT_IN_RADAR
00162Q346,79106810.0,91,00162Q346,BBG01KFVRQH4,,False,ETP,Equity,US,openfigi:/v3/mapping,2026-09-19,NOT_IN_RADAR
516544103,79075337.0,668,516544103,BBG006Q52RF8,,False,Common Stock,Equity,US,openfigi:/v3/mapping,2026-09-19,NOT_IN_RADAR
71367G102,79012964.0,282,71367G102,BBG00XWZGGJ1,,False,Common Stock,Equity,US,openfigi:/v3/mapping,2026-09-19,NOT_IN_RADAR
46436E841,78910657.0,341,46436E841,BBG00RYR47N8,,False,ETP,Equity,US,openfigi:/v3/mapping,2026-09-19,NOT_IN_RADAR
33739P855,78888595.0,263,33739P855,BBG00HJHQ112,,False,ETP,Equity,US,openfigi:/v3/mapping,2026-09-19,NOT_IN_RADAR
556269108,78880933.0,484,556269108,BBG001S7JHQ5,,False,Common Stock,Equity,US,openfigi:/v3/mapping,2026-09-19,NOT_IN_RADAR
25400W102,78729889.0,277,25400W102,BBG001SPBG12,,False,Common Stock,Equity,US,openfigi:/v3/mapping,2026-09-19,NOT_IN_RADAR
15101Q207,78688381.0,1126,15101Q207,BBG001S9CXM7,,False,Common Stock,Equity,US,openfigi:/v3/mapping,2026-09-19,NOT_IN_RADAR
46138J429,78588306.0,240,46138J429,BBG012JBHCX8,,False,ETP,Equity,US,openfigi:/v3/mapping,2026-09-19,NOT_IN_RADAR
92686J106,78572800.0,585,92686J106,BBG006LGV887,,False,Common Stock,Equity,US,openfigi:/v3/mapping,2026-09-19,NOT_IN_RADAR
46137V233,78559039.0,656,46137V233,BBG00KJR2B26,,False,ETP,Equity,US,openfigi:/v3/mapping,2026-09-19,NOT_IN_RADAR
52476L109,78517727.0,294,52476L109,BBG01WRYRR87,,False,Common Stock,Equity,US,openfigi:/v3/mapping,2026-09-19,NOT_IN_RADAR
31189P102,78509096.0,222,31189P102,BBG001T888S2,,False,Common Stock,Equity,US,openfigi:/v3/mapping,2026-09-19,NOT_IN_RADAR
46641Q167,78492387.0,317,46641Q167,BBG012NLLCC9,,False,ETP,Equity,US,openfigi:/v3/mapping,2026-09-19,NOT_IN_RADAR
221015100,78422597.0,222,221015100,BBG009F0TGJ6,,False,Common Stock,Equity,US,openfigi:/v3/mapping,2026-09-19,NOT_IN_RADAR
45781M101,78372420.0,432,45781M101,BBG001SF23V0,,False,Common Stock,Equity,US,openfigi:/v3/mapping,2026-09-19,NOT_IN_RADAR
H17182108,78332471.0,666,H17182108,,,False,,,,openfigi:/v3/mapping,2026-09-19,NO_ID
346375108,78292004.0,600,346375108,BBG001SFT2R8,,False,Common Stock,Equity,US,openfigi:/v3/mapping,2026-09-19,NOT_IN_RADAR
127203107,78257117.0,501,127203107,BBG00JRH1Q02,,False,Common Stock,Equity,US,openfigi:/v3/mapping,2026-09-19,NOT_IN_RADAR
426281101,78237208.0,1296,426281101,BBG001S5SHB5,,False,Common Stock,Equity,US,openfigi:/v3/mapping,2026-09-19,NOT_IN_RADAR
81686C104,78153301.0,234,81686C104,,,False,,,,openfigi:/v3/mapping,2026-09-19,NO_ID
55405Y100,78124018.0,865,55405Y100,BBG001T4BB37,,False,Common Stock,Equity,US,openfigi:/v3/mapping,2026-09-19,NOT_IN_RADAR
604749101,78027216.0,460,604749101,BBG00MH7T2N6,,False,Common Stock,Equity,US,openfigi:/v3/mapping,2026-09-19,NOT_IN_RADAR
G59665102,78015218.0,197,G59665102,,,False,,,,openfigi:/v3/mapping,2026-09-19,NO_ID
00751Y106,77994608.0,531,00751Y106,BBG001SD2SB2,,False,Common Stock,Equity,US,openfigi:/v3/mapping,2026-09-19,NOT_IN_RADAR
911549103,77969119.0,323,911549103,BBG001S9DGF1,,False,Common Stock,Equity,US,openfigi:/v3/mapping,2026-09-19,NOT_IN_RADAR
457985208,77947520.0,319,457985208,BBG001S7JWM6,,False,Common Stock,Equity,US,openfigi:/v3/mapping,2026-09-19,NOT_IN_RADAR
147448104,77838474.0,643,147448104,BBG001SB5S05,,False,Common Stock,Equity,US,openfigi:/v3/mapping,2026-09-19,NOT_IN_RADAR
46435G425,77568615.0,929,46435G425,BBG00FFPFTS4,,False,ETP,Equity,US,openfigi:/v3/mapping,2026-09-19,NOT_IN_RADAR
053611109,77476776.0,1195,053611109,BBG001S5NZM8,,False,Common Stock,Equity,US,openfigi:/v3/mapping,2026-09-19,NOT_IN_RADAR
M8744T106,77255749.0,237,M8744T106,,,False,,,,openfigi:/v3/mapping,2026-09-19,NO_ID
06652K103,77159014.0,532,06652K103,BBG001T5W6B3,,False,Common Stock,Equity,US,openfigi:/v3/mapping,2026-09-19,NOT_IN_RADAR
84265V105,77101273.0,1211,84265V105,BBG001S6ZM88,,False,Common Stock,Equity,US,openfigi:/v3/mapping,2026-09-19,NOT_IN_RADAR
921946794,77021177.0,958,921946794,BBG00C868SD7,,False,ETP,Equity,US,openfigi:/v3/mapping,2026-09-19,NOT_IN_RADAR
983134107,76800690.0,741,983134107,BBG001SJZ2V8,,False,Common Stock,Equity,US,openfigi:/v3/mapping,2026-09-19,NOT_IN_RADAR
88557W101,76774534.0,266,88557W101,BBG00MDY4LB9,,False,ADR,Equity,US,openfigi:/v3/mapping,2026-09-19,NOT_IN_RADAR
055477103,76703894.0,223,055477103,BBG00Z15DGL6,,False,Common Stock,Equity,US,openfigi:/v3/mapping,2026-09-19,NOT_IN_RADAR
393222104,76690016.0,345,393222104,BBG001SPVM17,,False,Common Stock,Equity,US,openfigi:/v3/mapping,2026-09-19,NOT_IN_RADAR
464287473,76632754.0,1191,464287473,BBG001S561V2,,False,ETP,Equity,US,openfigi:/v3/mapping,2026-09-19,NOT_IN_RADAR
15117B202,76585573.0,343,15117B202,BBG001S7QN20,,False,Common Stock,Equity,US,openfigi:/v3/mapping,2026-09-19,NOT_IN_RADAR
82452J109,76518525.0,522,82452J109,BBG00TX393M3,,False,Common Stock,Equity,US,openfigi:/v3/mapping,2026-09-19,NOT_IN_RADAR
421906108,76499255.0,398,421906108,BBG001S5RTV8,,False,Common Stock,Equity,US,openfigi:/v3/mapping,2026-09-19,NOT_IN_RADAR
78468R622,76476555.0,691,78468R622,BBG001SQS7X7,,False,ETP,Equity,US,openfigi:/v3/mapping,2026-09-19,NOT_IN_RADAR
816307300,76474879.0,209,816307300,BBG001SQZ7Z7,,False,Common Stock,Equity,US,openfigi:/v3/mapping,2026-09-19,NOT_IN_RADAR
87162W100,76458218.0,911,87162W100,BBG001SFQWB2,,False,Common Stock,Equity,US,openfigi:/v3/mapping,2026-09-19,NOT_IN_RADAR
45168D104,76447228.0,1923,45168D104,BBG001S5S4Y9,,False,Common Stock,Equity,US,openfigi:/v3/mapping,2026-09-19,NOT_IN_RADAR
G4705A100,76391658.0,621,G4705A100,,,False,,,,openfigi:/v3/mapping,2026-09-19,NO_ID
H50430232,76362997.0,597,H50430232,,,False,,,,openfigi:/v3/mapping,2026-09-19,NO_ID
46641Q761,76215587.0,614,46641Q761,BBG00J5DPW97,,False,ETP,Equity,US,openfigi:/v3/mapping,2026-09-19,NOT_IN_RADAR
955306105,76165102.0,1200,955306105,BBG001S5XK22,,False,Common Stock,Equity,US,openfigi:/v3/mapping,2026-09-19,NOT_IN_RADAR
67092P680,76045578.0,5,67092P680,BBG01XG336S5,,False,ETP,Equity,US,openfigi:/v3/mapping,2026-09-19,NOT_IN_RADAR
950810101,76019127.0,487,950810101,BBG001S5XJR8,,False,Common Stock,Equity,US,openfigi:/v3/mapping,2026-09-19,NOT_IN_RADAR
92337R101,75922146.0,338,92337R101,BBG00Q72WYH2,,False,Common Stock,Equity,US,openfigi:/v3/mapping,2026-09-19,NOT_IN_RADAR
G0692U109,75813912.0,706,G0692U109,,,False,,,,openfigi:/v3/mapping,2026-09-19,NO_ID
43538H103,75812446.0,213,43538H103,BBG00Y3N2SD3,,False,Common Stock,Equity,US,openfigi:/v3/mapping,2026-09-19,NOT_IN_RADAR
