date,nav,shares_outstanding,shares_change,total_net_assets,estimated_flow_eur,flow_pct_assets,flow_zscore,flow_5d,flow_20d
2002-06-24,40.740434,12944080.0,,527347442.18,,,,,
2002-06-25,41.755807,12944080.0,0.0,540490504.82,0.0,0.0,,,
2002-06-26,40.426153,15444080.0,2500000.0,624344735.02,101065382.5,0.16187432492205212,,,
2002-06-27,41.802487,15444080.0,0.0,645600946.32,0.0,0.0,,,
2002-06-28,42.866406,15844080.0,400000.0,679178769.83,17146562.4,0.025246022345916115,,,
2002-07-01,43.628526,15844080.0,0.0,691253853.42,0.0,0.0,,23642388.98,
2002-07-02,42.3931,15844080.0,0.0,671679675.67,0.0,0.0,,23642388.98,
2002-07-03,41.50798,15844080.0,0.0,657655751.54,0.0,0.0,,3429312.4799999995,
2002-07-04,41.733324,15844080.0,0.0,661226122.41,0.0,0.0,,3429312.4799999995,
2002-07-05,43.431273,15844080.0,0.0,688128566.67,0.0,0.0,,0.0,
2002-07-08,43.862017,15844080.0,0.0,694953302.82,0.0,0.0,,0.0,
2002-07-09,43.450625,15844080.0,0.0,688435179.63,0.0,0.0,,0.0,
2002-07-10,42.783073,15845956.0,1876.0,677938691.3,80261.04494800001,0.00011838982783840414,,16052.208989600002,
2002-07-11,40.850184,15845956.0,0.0,647310217.17,0.0,0.0,,16052.208989600002,
2002-07-12,40.738701,15845956.0,0.0,645543670.84,0.0,0.0,,16052.208989600002,
2002-07-15,39.833797,15845956.0,0.0,631204590.35,0.0,0.0,,16052.208989600002,
2002-07-16,38.762763,15845956.0,0.0,614233038.15,0.0,0.0,,16052.208989600002,
2002-07-17,40.506525,15845956.0,0.0,641864613.2,0.0,0.0,,0.0,
2002-07-18,40.192665,15845956.0,0.0,636891205.56,0.0,0.0,,0.0,
2002-07-19,39.057001,15845956.0,0.0,618895512.22,0.0,0.0,,0.0,
2002-07-22,37.769475,15847556.0,1600.0,598553874.24,60431.16,0.00010096193943566245,-0.2550090174462778,12086.232,5917631.8552474
2002-07-23,36.289884,15847556.0,0.0,575105971.94,0.0,0.0,-0.2514714916062449,12086.232,5917631.8552474
2002-07-24,32.846005,17847556.0,2000000.0,586220921.0,65692009.99999999,0.11206015965438394,2.400477249993751,13150488.231999997,4148963.2302473993
2002-07-25,35.076305,17847556.0,0.0,626026312.06,0.0,0.0,-0.3240531633375813,13150488.231999997,4148963.2302473993
2002-07-26,35.418855,18447556.0,600000.0,653391316.03,21251313.0,0.03252463336844266,0.4734111173704703,17400750.832,4354200.7602474
2002-07-29,36.748865,18449100.0,1544.0,677983482.91,56740.24756,8.3689719573201e-05,-0.34051423837363615,17400012.649512,4357037.7726254
2002-07-30,37.530161,18449100.0,0.0,692397700.14,0.0,0.0,-0.33550007931094256,17400012.649512,4357037.7726254
2002-07-31,37.685561,18449100.0,0.0,695264678.11,0.0,0.0,-0.328760354213651,4261610.649511999,4357037.7726254
2002-08-01,36.936669,18449100.0,0.0,681448290.78,0.0,0.0,-0.322412348332468,4261610.649511999,4357037.7726254
2002-08-02,35.475733,18449100.0,0.0,654495337.39,0.0,0.0,-0.3164194298349019,11348.049512000001,4357037.7726254
2002-08-05,33.969956,18451000.0,1900.0,626779666.55,64542.91640000001,0.00010297544710610238,-0.30796402521626404,12908.583280000003,4360264.918445399
2002-08-06,34.571826,18451000.0,0.0,637884756.41,0.0,0.0,-0.3054785730536066,12908.583280000003,4360264.918445399
2002-08-07,35.116268,19951000.0,1500000.0,700604653.23,52674402.0,0.0751842023274539,1.7189532558387488,10547788.98328,6989971.966198
2002-08-08,35.447469,19951000.0,0.0,707212460.83,0.0,0.0,-0.34446577511933635,10547788.98328,6989971.966198
2002-08-09,35.949452,19951000.0,0.0,717227522.17,0.0,0.0,-0.33890890495314413,10547788.98328,6989971.966198
2002-08-12,36.255555,19952605.0,1605.0,723392762.75,58190.165775,8.044062474967026e-05,-0.33138058018716743,10546518.433155,6992881.474486751
2002-08-13,35.721242,19952605.0,0.0,712731824.29,0.0,0.0,-0.32863117222907434,10546518.433155,6992881.474486751
2002-08-14,35.726148,19952605.0,0.0,712829721.43,0.0,0.0,-0.3237992227658543,11638.033155000001,6992881.474486751
2002-08-15,36.3789,19952605.0,0.0,725853827.63,0.0,0.0,-0.3191748316786098,11638.033155000001,6992881.474486751
2002-08-16,35.785634,19954600.0,1995.0,714088010.34,71392.33983,9.997694793392181e-05,-0.3118160159478515,25916.501121,6996451.091478249
2002-08-19,36.816678,21954600.0,2000000.0,808295444.39,73633356.0,0.0910970815325691,2.2368854658731365,14740949.667965999,10675097.333478251
2002-08-20,37.601946,21954600.0,0.0,825535677.39,0.0,0.0,-0.3497847134628448,14740949.667965999,10675097.333478251
2002-08-21,37.875225,21954600.0,0.0,831535425.34,0.0,0.0,-0.3451834056340744,14740949.667965999,7390496.8334782515
2002-08-22,38.336299,21954600.0,0.0,841658113.83,0.0,0.0,-0.34075948267599376,14740949.667965999,7390496.8334782515
2002-08-23,38.363697,21954600.0,0.0,842259615.43,0.0,0.0,-0.3365018080765032,14726671.2,6327931.18347825
2002-08-26,38.304086,21956750.0,2150.0,841033250.88,82353.7849,9.791977286728033e-05,-0.3295350125775774,16470.75698,6329211.86034525
2002-08-27,38.362765,21956750.0,0.0,842321645.7,0.0,0.0,-0.32851692843153246,16470.75698,6329211.86034525
2002-08-28,36.988152,21956750.0,0.0,812139613.06,0.0,0.0,-0.3246992461314027,16470.75698,6329211.86034525
2002-08-29,35.631052,21956750.0,0.0,782342101.37,0.0,0.0,-0.32101190452197226,16470.75698,6329211.86034525
2002-08-30,35.922584,21956750.0,0.0,788743196.55,0.0,0.0,-0.31744763872988135,16470.75698,6329211.86034525
2002-09-02,35.898396,21958625.0,1875.0,788279406.58,67309.4925,8.538786112912232e-05,-0.31137052399634124,13461.8985,6329350.1891502505
2002-09-03,34.566834,21958625.0,0.0,759040155.35,0.0,0.0,-0.31072040886648344,13461.8985,6329350.1891502505
2002-09-04,34.166614,21958625.0,0.0,750251859.12,0.0,0.0,-0.3074863570523257,13461.8985,3695630.08915025
2002-09-05,33.007439,21958625.0,0.0,724797973.39,0.0,0.0,-0.30435139616502366,13461.8985,3695630.08915025
2002-09-06,34.049408,21958625.0,0.0,747678187.94,0.0,0.0,-0.30131055972825255,13461.8985,3695630.08915025
2002-09-09,33.646959,21960780.0,2155.0,738913456.15,72509.196645,9.812948463924114e-05,-0.2951945692695212,14501.839329,3696346.04069375
2002-09-10,34.394101,21960780.0,0.0,755321295.17,0.0,0.0,-0.29555635472711256,14501.839329,3696346.04069375
2002-09-11,35.556279,21960780.0,0.0,780843620.09,0.0,0.0,-0.29277067416090846,14501.839329,3696346.04069375
2002-09-12,34.427687,21960780.0,0.0,756058870.41,0.0,0.0,-0.2900624128652611,14501.839329,3696346.04069375
2002-09-13,32.920259,21960780.0,0.0,722954567.03,0.0,0.0,-0.28742804549940637,14501.839329,3692776.42370225
2002-09-16,33.093935,21963050.0,2270.0,726843754.4,75123.23245000001,0.0001033554075346128,-0.2813868833335495,15024.646490000003,14864.785324749999
2002-09-17,33.021124,21963050.0,0.0,725244587.62,0.0,0.0,-0.28243119500315034,15024.646490000003,14864.785324749999
2002-09-18,31.486082,21963050.0,0.0,691530400.7,0.0,0.0,-0.27999885498281735,15024.646490000003,14864.785324749999
2002-09-19,30.233119,21963050.0,0.0,664011496.94,0.0,0.0,-0.2776283683289462,15024.646490000003,14864.785324749999
2002-09-20,30.286719,21963050.0,0.0,665188729.93,0.0,0.0,-0.2753171543955343,15024.646490000003,14864.785324749999
2002-09-23,29.345572,21965125.0,2075.0,644579163.61,60892.0619,9.446793402220878e-05,-0.26975788088946634,12178.41238,13791.69917475
2002-09-24,27.826336,20465125.0,-1500000.0,569469450.95,-41739504.0,-0.07329542248555976,-2.692175640287403,-8335722.38762,-2073183.50082525
2002-09-25,28.829924,20465125.0,0.0,590007996.42,0.0,0.0,-0.2160921073708331,-8335722.38762,-2073183.50082525
2002-09-26,30.124339,20465125.0,0.0,616498370.76,0.0,0.0,-0.21444647214355061,-8335722.38762,-2073183.50082525
2002-09-27,29.461829,20465125.0,0.0,602940009.66,0.0,0.0,-0.21283789139334944,-8335722.38762,-2073183.50082525
2002-09-30,27.256088,22466351.0,2001226.0,612344846.73,54545591.963888,0.08907659181777793,2.684835447350521,2561217.5927775996,650730.6227441498
2002-10-01,27.242285,22466351.0,0.0,612034742.31,0.0,0.0,-0.23984532463548516,10909118.3927776,650730.6227441498
2002-10-02,27.968122,22466351.0,0.0,628341643.15,0.0,0.0,-0.23810107841843578,10909118.3927776,650730.6227441498
2002-10-03,28.268136,22466351.0,0.0,635081867.65,0.0,0.0,-0.236394368910065,10909118.3927776,650730.6227441498
2002-10-04,27.126911,22466351.0,0.0,609442698.34,0.0,0.0,-0.23472386789402053,10909118.3927776,650730.6227441498
2002-10-07,26.384241,22468500.0,2149.0,592814316.59,56699.733909,9.564501450496254e-05,-0.2298862386734719,11339.946781800001,649940.1496073497
2002-10-08,26.071476,22468500.0,0.0,585786955.54,0.0,0.0,-0.23153182369809872,11339.946781800001,649940.1496073497
2002-10-09,25.111914,22468500.0,0.0,564227041.05,0.0,0.0,-0.22996226926368749,11339.946781800001,649940.1496073497
2002-10-10,25.373694,22468500.0,0.0,570108838.58,0.0,0.0,-0.22842422833355486,11339.946781800001,649940.1496073497
2002-10-11,28.474801,22468500.0,0.0,639786073.15,0.0,0.0,-0.22691665965316954,11339.946781800001,649940.1496073497
2002-10-14,28.322388,26470100.0,4001600.0,749696431.06,113334867.8208,0.15117434620911188,4.354343364632883,22666973.56416,6312927.37902485
2002-10-18,30.557358,26472702.0,2602.0,808935831.35,79510.245516,9.828992910761363e-05,-0.24917725114164863,22682875.6132632,6316902.89130065
2002-10-21,31.146483,26472702.0,0.0,824531554.42,0.0,0.0,-0.25056934477138265,22682875.6132632,6316902.89130065
2002-10-22,31.686738,26472702.0,0.0,838833574.87,0.0,0.0,-0.24897852492278738,22682875.6132632,6316902.89130065
2002-10-23,30.459262,26472702.0,0.0,806338963.55,0.0,0.0,-0.247417646718497,22682875.6132632,6316902.89130065
2002-10-24,30.714945,26472702.0,0.0,813107589.28,0.0,0.0,-0.24588578191506139,15902.049103199999,6313858.28820565
2002-10-25,30.567654,26472737.0,35.0,809209464.15,1069.86789,1.3221149002796175e-06,-0.24434084723217092,213.973578,8400886.98160015
2002-10-28,31.673545,26975337.0,502600.0,854404537.35,15919123.717,0.01863183424373466,0.3412113539984226,3184038.716978,9196843.16745015
2002-10-29,31.082756,26975337.0,0.0,838467806.34,0.0,0.0,-0.24812032022611263,3184038.716978,9196843.16745015
2002-10-30,30.102896,26975337.0,0.0,812035765.19,0.0,0.0,-0.2466521061387869,3184038.716978,9196843.16745015
2002-10-31,31.28865,29875337.0,2900000.0,934758950.88,90737085.0,0.09707003598583182,2.726153352405179,21331455.716978002,11006417.81925575
2002-11-01,30.515755,29878000.0,2663.0,911749739.81,81263.455565,8.912912394352263e-05,-0.2636792849762528,21347494.434513003,11010480.992034
2002-11-04,32.496213,29878000.0,0.0,970921863.11,0.0,0.0,-0.2649034632576535,18163669.691113003,11010480.992034
2002-11-05,32.847186,31878000.0,2000000.0,1047102607.82,65694372.0,0.06273919242429492,1.6558518132670783,31302544.091113,14295199.592034
2002-11-06,32.556961,31878000.0,0.0,1037850798.49,0.0,0.0,-0.27871391118029415,31302544.091113,14295199.592034
2002-11-07,31.393469,31878000.0,0.0,1000760999.07,0.0,0.0,-0.2771442995531742,13155127.091113,14292364.60533855
2002-11-08,31.158536,31878000.0,0.0,993271813.07,0.0,0.0,-0.2756009326093772,13138874.4,14292364.60533855
2002-11-11,30.034833,31881240.0,3240.0,957547719.39,97312.85892,0.00010162716379502483,-0.2709200356024969,13158336.971784,14297230.248284549
2002-11-12,30.207796,31881240.0,0.0,963061982.32,0.0,0.0,-0.2726253073411879,19462.571784,14297230.248284549
2002-11-13,29.967596,31881240.0,0.0,955404106.0,0.0,0.0,-0.2711562241452714,19462.571784,14297230.248284549
2002-11-14,31.247042,32231240.0,350000.0,1007130912.89,10936464.7,0.010859029903686902,0.07351879445242132,2206755.511784,9177310.092244549
2002-11-15,31.619717,32231240.0,0.0,1019142693.84,0.0,0.0,-0.27182717782264343,2206755.511784,9173334.57996875
2002-11-18,31.834342,32234000.0,2760.0,1026148179.34,87862.78392,8.562387546846476e-05,-0.26767489488308377,2204865.4967839997,9177727.71916475
2002-11-19,31.130116,32234000.0,0.0,1003448173.41,0.0,0.0,-0.26903531028702293,2204865.4967839997,9177727.71916475
2002-11-20,30.925077,32234000.0,0.0,996838925.21,0.0,0.0,-0.2676573301316108,2204865.4967839997,9177727.71916475
2002-11-21,32.304578,32234000.0,0.0,1041305770.53,0.0,0.0,-0.2663003239397071,17572.556784,9177727.71916475
2002-11-22,32.755632,32234000.0,0.0,1055845029.18,0.0,0.0,-0.2649637646434597,17572.556784,9177674.22577025
2002-11-25,32.81601,32237000.0,3000.0,1057889711.01,98448.03,9.306076897752283e-05,-0.2606100991374361,19689.606,8386640.44142025
2002-11-26,32.49541,30737000.0,-1500000.0,998811407.85,-48743115.0,-0.048801119627700694,-1.8339764759753636,-9728933.394,5949484.69142025
2002-11-27,32.23473,30737000.0,0.0,990798901.3,0.0,0.0,-0.24236623867373247,-9728933.394,5949484.69142025
2002-11-28,33.163003,30737000.0,0.0,1019331226.8,0.0,0.0,-0.24120722116557947,-9728933.394,1412630.44142025
2002-11-29,33.42915,30740000.0,3000.0,1027612074.77,100287.45,9.75927127193852e-05,-0.23687313502280025,-9708875.904,1413581.641142
2002-12-02,34.368951,30740000.0,0.0,1056501543.69,0.0,0.0,-0.2389687826254113,-9728565.51,1413581.641142
2002-12-03,33.00216,30740000.0,0.0,1014486386.85,0.0,0.0,-0.2378578963020638,20057.489999999998,-1871136.958858
2002-12-04,32.474537,30740000.0,0.0,998267278.85,0.0,0.0,-0.23676236764255296,20057.489999999998,-1871136.958858
2002-12-05,32.473711,31240000.0,500000.0,1014478741.76,16236855.5,0.016005121479264302,0.2970277275095833,3267428.59,-1059294.1838580002
2002-12-06,31.140923,32740000.0,1500000.0,1019553832.68,46711384.5,0.045815515574311974,1.2829472027615498,12589648.0,1276275.041142
2002-12-09,31.306708,32043100.0,-696900.0,1003163965.18,-21817644.8052,-0.021748832257232457,-0.9706896390203341,8226119.0389600005,180527.1579359999
2002-12-10,30.753805,32043100.0,0.0,985447254.57,0.0,0.0,-0.24138414748899237,8226119.0389600005,180527.15793599992
2002-12-11,31.161447,32043100.0,0.0,998509375.39,0.0,0.0,-0.240317091422127,8226119.0389600005,180527.15793599992
2002-12-12,30.991349,32043100.0,0.0,993058881.29,0.0,0.0,-0.23926406944467052,4978747.93896,-366296.07706400007
2002-12-13,30.278593,32043100.0,0.0,970219972.94,0.0,0.0,-0.23926406944467052,-4363528.9610399995,-366296.07706400007
2002-12-16,31.007684,32046100.0,3000.0,993675338.11,93023.05200000001,9.361513608351458e-05,-0.21740066574110045,18604.6104,-366038.0636600001
2002-12-17,31.521031,32046100.0,0.0,1010126110.89,0.0,0.0,-0.22102295041703235,18604.6104,-366038.0636600001
2002-12-18,30.538865,32546100.0,500000.0,993920952.73,15269432.5,0.015362823832277094,0.3772903258776308,3072491.1103999997,397433.5613399999
2002-12-19,29.578406,32546100.0,0.0,962661766.54,0.0,0.0,-0.21823361963635993,3072491.1103999997,397433.5613399999
2002-12-20,29.358067,34400000.0,1853900.0,1009917504.11,54426920.411299996,0.05389244189728573,1.8273983635903537,13957875.192659998,3118779.581905
2002-12-23,29.410389,34400000.0,0.0,1011717377.87,0.0,0.0,-0.2323315257273836,13939270.582260001,3113857.1804049993
2002-12-27,29.045347,34750000.0,350000.0,1009325825.62,10165871.45,0.010071942272709999,0.14942296519746745,15972444.872259999,6059306.502905
2002-12-30,28.593804,34753150.0,3150.0,993724759.9,90070.4826,9.063926575510097e-05,-0.23213679823768318,12936572.46878,6063810.027035
2003-01-02,29.428318,34753150.0,0.0,1022726754.52,0.0,0.0,-0.23560145330725993,12936572.46878,6063810.027035
2003-01-03,30.72128,35753150.0,1000000.0,1098382537.92,30721280.0,0.02796956337104256,0.8224429345684067,8195444.38652,7594859.654535
2003-01-06,30.301764,35756000.0,2850.0,1083469882.43,86360.02739999999,7.970690168730138e-05,-0.2408146973337279,8212716.392,7599177.655904999
2003-01-07,30.691951,35756000.0,0.0,1097421386.74,0.0,0.0,-0.2438534277818872,6179542.102,7599177.655904999
2003-01-08,29.990437,35756000.0,0.0,1072338081.45,0.0,0.0,-0.2438534277818872,6161528.00548,7599177.655904999
2003-01-09,29.662814,35756000.0,0.0,1060623582.62,0.0,0.0,-0.2438534277818872,6161528.00548,6787334.880905
2003-01-10,30.119605,35756000.0,0.0,1076956600.46,0.0,0.0,-0.2438534277818872,17272.00548,4451765.655904999
2003-01-13,30.646324,35759500.0,3500.0,1095897222.2,107262.134,9.787608894990408e-05,-0.2401549362262151,21452.4268,5548011.002865
2003-01-14,30.589333,35759500.0,0.0,1093859248.38,0.0,0.0,-0.24388637355833112,21452.4268,5548011.002865
2003-01-15,30.445886,35759500.0,0.0,1088729653.43,0.0,0.0,-0.24388637355833112,21452.4268,5548011.002865
2003-01-16,30.352072,35759500.0,0.0,1085374910.31,0.0,0.0,-0.24385238953919927,21452.4268,5548011.002865
2003-01-17,29.280521,35759500.0,0.0,1047056794.84,0.0,0.0,-0.24385238953919927,21452.4268,5548011.002865
2003-01-20,28.842152,35763000.0,3500.0,1031481873.05,100947.53199999999,9.786651092714517e-05,-0.22020917692259304,20189.5064,5548407.226864999
2003-01-21,28.586999,35763000.0,0.0,1022356858.54,0.0,0.0,-0.22422582528682436,20189.5064,5548407.226864999
2003-01-22,27.609141,35763000.0,0.0,987385723.86,0.0,0.0,-0.21418278068164368,20189.5064,4784935.601864999
2003-01-23,28.010289,36263000.0,500000.0,1015737093.78,14005144.5,0.013788158949557271,0.34975635821964435,2821218.4063999997,5485192.826865
2003-01-24,27.424426,36263000.0,0.0,994491958.07,0.0,0.0,-0.2188214178905888,2821218.4063999997,2763846.8063000003
2003-01-27,26.819835,36266365.0,3365.0,972657917.66,90248.744775,9.278569899694904e-05,-0.2150286290798274,2819078.6489549996,2768359.24353875
2003-01-28,26.178072,37766365.0,1500000.0,988650605.08,39267108.0,0.03971788192737976,1.3940051040030617,10672500.248955,4223421.07103875
2003-01-29,25.918758,37766365.0,0.0,978857279.92,0.0,0.0,-0.230628072012481,10672500.248955,4218917.546908749
2003-01-30,26.753293,37766365.0,0.0,1010374637.0,0.0,0.0,-0.2305911057815161,7871471.348955,4218917.546908749
2003-01-31,26.776415,37766365.0,0.0,1011247851.41,0.0,0.0,-0.2305911057815161,7871471.348955,2682853.54690875
2003-02-03,27.127036,37770500.0,4135.0,1024601705.3,112170.29386,0.00010947697361791617,-0.20773526276642607,7875855.658772001,2684144.06023175
2003-02-04,26.201654,37770500.0,0.0,989649587.01,0.0,0.0,-0.21237438078954407,22434.058772,2684144.06023175
2003-02-05,26.400391,37770500.0,0.0,997155959.5,0.0,0.0,-0.21237438078954407,22434.058772,2684144.06023175
2003-02-06,25.949942,37770500.0,0.0,980142280.59,0.0,0.0,-0.2123446936910048,22434.058772,2684144.06023175
2003-02-07,26.066555,37770500.0,0.0,984546813.35,0.0,0.0,-0.2123446936910048,22434.058772,2684144.06023175
2003-02-10,25.328146,37774100.0,3600.0,956747919.7,91181.3256,9.530339572474954e-05,-0.2083413507024601,18236.26512,2683340.0198117504
2003-02-11,26.214449,37774100.0,0.0,990227218.93,0.0,0.0,-0.21237986377422677,18236.26512,2683340.0198117504
2003-02-12,25.677946,37774100.0,0.0,969961307.16,0.0,0.0,-0.21234296976473216,18236.26512,2683340.0198117504
2003-02-13,25.372863,37774100.0,0.0,958437059.4,0.0,0.0,-0.1912520432309811,18236.26512,2683340.0198117504
2003-02-14,25.738704,37774100.0,0.0,972256392.87,0.0,0.0,-0.1912520432309811,18236.26512,2683340.0198117504
2003-02-17,26.635281,37777600.0,3500.0,1006216993.75,93223.4835,9.264749460508701e-05,-0.1871206912454284,18644.6967,2682953.8173867497
2003-02-18,26.940214,37777600.0,0.0,1017736645.66,0.0,0.0,-0.1912880382158823,18644.6967,2682953.8173867497
2003-02-19,26.488177,37777600.0,0.0,1000659760.68,0.0,0.0,-0.1912880382158823,18644.6967,2682953.8173867497
2003-02-20,25.922842,37777600.0,0.0,979302771.15,0.0,0.0,-0.19124999573024706,18644.6967,1982696.59238675
2003-02-21,25.748527,37777600.0,0.0,972717565.48,0.0,0.0,-0.19124999573024706,18644.6967,1982696.59238675
2003-02-24,25.600031,37779100.0,1500.0,967146142.59,38400.046500000004,3.970449222613386e-05,-0.18947949733265906,7680.009300000001,1980104.1574730002
2003-02-25,24.495725,37784000.0,4900.0,925546475.49,120029.0525,0.00012968452225638327,-0.18548247482489666,31685.819800000005,22750.210098
2003-02-26,24.372566,37784000.0,0.0,920893050.21,0.0,0.0,-0.1913158020590838,31685.819799999997,22750.210098
2003-02-27,24.392564,37784000.0,0.0,921648637.01,0.0,0.0,-0.19128262601033902,31685.819799999997,22750.210098
2003-02-28,25.276879,37784000.0,0.0,955061591.36,0.0,0.0,-0.19128262601033902,31685.819799999997,22750.210098
2003-03-03,25.591882,37784000.0,0.0,966963654.16,0.0,0.0,-0.19128262601033902,24005.8105,17141.695405
2003-03-04,24.582072,37786500.0,2500.0,928870479.24,61455.18,6.616119402382398e-05,-0.18833234752044511,12291.035999999996,20214.454405000004
2003-03-05,24.722306,37786500.0,0.0,934169408.54,0.0,0.0,-0.19130833386943563,12291.035999999996,20214.454405000004
2003-03-06,24.27141,37786500.0,0.0,917131638.8,0.0,0.0,-0.19127020951533336,12291.035999999996,20214.454405000004
2003-03-07,23.937006,37786500.0,0.0,904495659.57,0.0,0.0,-0.19127020951533336,12291.035999999996,20214.454405000004
2003-03-10,23.216292,37786500.0,0.0,877262407.08,0.0,0.0,-0.19127020951533336,12291.035999999996,15655.388125000001
2003-03-11,22.711891,37790000.0,3500.0,858282374.01,79491.61850000001,9.261709305365957e-05,-0.187140199661872,15898.323699999999,19629.96905
2003-03-12,21.961422,37790000.0,0.0,829922126.05,0.0,0.0,-0.1913061930553203,15898.323699999999,19629.96905
2003-03-13,22.593739,37790000.0,0.0,853817392.73,0.0,0.0,-0.19126603932254713,15898.323699999999,19629.96905
2003-03-14,23.595044,37790000.0,0.0,891656716.26,0.0,0.0,-0.19126603932254713,15898.323699999999,19629.96905
2003-03-17,23.627354,37790000.0,0.0,892877694.75,0.0,0.0,-0.19126603932254713,15898.323699999999,14968.794875000001
2003-03-18,24.721786,37793500.0,3500.0,934322831.9,86526.251,9.260851607794259e-05,-0.1871364150172468,17305.2502,19295.107425000002
2003-03-19,25.851642,39793500.0,2000000.0,1028727299.13,51703284.0,0.050259465306039544,2.0152866228713293,10357962.0502,2604459.3074250002
2003-03-20,25.443164,40793500.0,1000000.0,1037915728.7,25443164.0,0.024513708865234966,0.8655423687210084,15446594.850200001,3876617.507425
2003-03-21,26.445036,42793500.0,2000000.0,1131675635.81,52890072.0,0.04673607023636573,1.8705536160438463,26024609.2502,6521121.107425
2003-03-24,25.721087,42797000.0,3500.0,1100785341.46,90023.8045,8.178143468062457e-05,-0.2652666690235235,26042614.0111,6523702.295325001
2003-03-25,25.398686,43797000.0,1000000.0,1112386272.08,25398686.0,0.022832613668009552,0.7658669701424916,31105045.960899998,7787635.1427
2003-03-26,25.967635,43797000.0,0.0,1137304512.66,0.0,0.0,-0.27711502347291783,20764389.1609,7787635.1427
2003-03-27,24.81175,43797000.0,0.0,1086680199.46,0.0,0.0,-0.25945694230784,15675756.3609,7787635.1427
2003-03-28,24.82644,43797000.0,0.0,1087323596.72,0.0,0.0,-0.25945694230784,5097741.960899999,7787635.1427
2003-03-31,23.962083,43799500.0,2500.0,1049527256.26,59905.2075,5.707827704586992e-05,-0.25670015508582167,5091718.2415,7790630.403074999
2003-04-01,23.895304,40299500.0,-3500000.0,962968809.87,-83633564.0,-0.08684971220541449,-4.1240944856400725,-16714731.7585,3605879.4440749995
2003-04-02,25.271688,41299500.0,1000000.0,1043708074.69,25271688.0,0.024213368290272298,0.8726807612288844,-11660394.1585,4869463.844075
2003-04-03,25.862482,41299500.0,0.0,1068107564.4,0.0,0.0,-0.21588683280578128,-11660394.1585,4869463.844075
2003-04-04,26.064634,41953825.0,654325.0,1093511088.9,17054741.64205,0.015596313393772664,0.4790849045361472,-8249445.830090001,5722200.9261775
2003-04-07,27.626192,41953825.0,0.0,1159024443.46,0.0,0.0,-0.22155807888003445,-8261426.871590001,5722200.9261775
2003-04-08,27.240684,41953825.0,0.0,1142850869.71,0.0,0.0,-0.22155807888003445,8465285.92841,5718226.345252501
2003-04-09,27.492236,41953825.0,0.0,1153404443.14,0.0,0.0,-0.22155807888003445,3410948.3284099987,5718226.345252501
2003-04-10,27.03066,41953825.0,0.0,1134039581.71,0.0,0.0,-0.20709979439649787,3410948.3284099987,5718226.345252501
2003-04-11,27.380009,41953825.0,0.0,1148696109.21,0.0,0.0,-0.20705162904112162,0.0,5718226.345252501
2003-04-14,27.201534,41958000.0,4175.0,1141321974.99,113566.40445,9.950426517547342e-05,-0.20148852312002233,22713.28088999851,5723904.665475001
2003-04-15,27.952323,41958000.0,0.0,1172823550.23,0.0,0.0,-0.2071003891360187,22713.28088999851,5719578.352925001
2003-04-16,28.293519,41958000.0,0.0,1187139488.71,0.0,0.0,-0.2071003891360187,22713.28088999851,3134414.1529250005
2003-04-17,28.276561,41958000.0,0.0,1186427932.73,0.0,0.0,-0.2071003891360187,22713.28088999851,1862255.9529250003
2003-04-22,28.231477,41958000.0,0.0,1184536326.98,0.0,0.0,-0.2070997408912305,22713.28088999851,-782247.6470749999
2003-04-23,29.255582,41958000.0,0.0,1227505723.89,0.0,0.0,-0.19891062851553465,0.0,-786748.8372999999
2003-04-24,28.844627,41958000.0,0.0,1210262874.21,0.0,0.0,-0.19891062851553465,0.0,-2056683.1373
2003-04-25,28.22837,43258000.0,1300000.0,1221102829.17,36696881.0,0.03005224467864296,1.4731816480407849,7339376.199999998,-221839.08729999996
2003-04-28,28.6221,43258000.0,0.0,1238134807.33,0.0,0.0,-0.18913592499298856,7339376.199999998,-221839.08729999996
2003-04-29,29.471702,43258000.0,0.0,1274886866.16,0.0,0.0,-0.18908675278730624,7339376.199999998,-221839.08729999996
2003-04-30,29.258696,39463000.0,-3795000.0,1154635939.42,-111036751.32000001,-0.09616602734172322,-5.44136490517087,-14867974.064000005,-5776671.913675001
2003-05-02,28.658354,39463000.0,0.0,1130944631.82,0.0,0.0,-0.09503170452448537,-14867974.064000001,-1594993.7136750005
2003-05-05,29.636845,39455300.0,-7700.0,1169330606.77,-228203.7065,-0.00019515755867398265,-0.10629041665259337,-22252991.0053,-2869988.2990000006
2003-05-06,29.66979,39455300.0,0.0,1170630462.28,0.0,0.0,-0.09493617310014461,-22252991.0053,-2869988.2990000006
2003-05-07,29.58385,39455300.0,0.0,1167239686.72,0.0,0.0,-0.09493617310014461,-22252991.0053,-3722725.381102501
2003-05-08,28.561075,39455300.0,0.0,1126885781.88,0.0,0.0,-0.09488646743811945,-45640.7413,-3722725.381102501
2003-05-09,28.636314,39705300.0,250000.0,1137013436.41,7159078.5,0.006296388653597652,0.2683106831397842,1386174.9586999998,-3364771.4561025007
2003-05-12,28.394658,40705300.0,1000000.0,1155813081.85,28394658.0,0.02456682524699528,1.3095202951194829,7110747.3,-1945038.5561025008
2003-05-13,28.519743,40708100.0,2800.0,1160984532.33,79855.28039999999,6.878238096741654e-05,-0.09996986555321821,7126718.35608,-1941045.7920825009
2003-05-14,28.764134,40708100.0,0.0,1170933249.83,0.0,0.0,-0.10394587153552834,7126718.35608,-1941045.7920825004
2003-05-15,29.197543,40708100.0,0.0,1188576487.56,0.0,0.0,-0.10390418694778357,7126718.35608,-1946724.112305001
2003-05-16,29.403261,40708100.0,0.0,1196950881.43,0.0,0.0,-0.10390418694778357,5694902.65608,-1946724.112305001
2003-05-19,28.458187,40708100.0,0.0,1158478716.51,0.0,0.0,-0.10390418694778357,15971.056079999998,-1946724.112305001
2003-05-20,28.058192,40711800.0,3700.0,1142299506.95,103815.31039999999,9.088274114482666e-05,-0.09869489942236508,20763.062079999996,-1941533.3467850008
2003-05-21,27.323026,40961800.0,250000.0,1119200335.33,6830756.5,0.006103247367224858,0.24586171107935484,1386914.3620799999,-1599995.5217850008
2003-05-22,27.739873,41961800.0,1000000.0,1164014997.86,27739873.0,0.023831198954479767,1.2506713902892228,6934888.96208,-213001.87178500052
2003-05-23,27.642372,43211800.0,1250000.0,1194476640.78,34552965.0,0.028927283983918445,1.5476252930390035,13845481.962080002,1514646.3782149996
2003-05-26,27.853016,43211800.0,0.0,1203578938.3,0.0,0.0,-0.158974480384246,13845481.962080002,-320197.67178500054
2003-05-27,27.468142,43217000.0,5200.0,1187090683.58,142834.3384,0.00012032302196934408,-0.1519364435077174,13853285.76768,-313055.95486500056
2003-05-28,28.769643,43217000.0,0.0,1243337666.53,0.0,0.0,-0.1589859287118379,12487134.46768,-313055.95486500056
2003-05-29,28.964296,42917000.0,-300000.0,1243060705.58,-8689288.8,-0.006990236889473281,-0.5672333459133109,5201302.10768,4804317.171135
2003-05-30,29.02822,42917000.0,0.0,1245804123.08,0.0,0.0,-0.155353716608113,-1709290.89232,4804317.171135
2003-06-02,29.809382,42917000.0,0.0,1279329265.28,0.0,0.0,-0.155353716608113,-1709290.89232,4815727.356459999
2003-06-03,29.681451,43820800.0,903800.0,1300664926.96,26826095.413799997,0.020624908735334103,1.0554161995265792,3627361.3227599994,6157032.127149999
2003-06-04,29.874254,43820800.0,0.0,1309113689.44,0.0,0.0,-0.13866380379236373,3627361.3227599994,6157032.127149999
2003-06-05,29.84705,43820800.0,0.0,1307921629.14,0.0,0.0,-0.15096585052582961,5365219.08276,6157032.127149999
2003-06-06,30.820107,43820800.0,0.0,1350561759.98,0.0,0.0,-0.15096585052582961,5365219.08276,5799078.202149999
2003-06-09,30.401616,43820800.0,0.0,1332223133.45,0.0,0.0,-0.15096585052582961,5365219.08276,4379345.302149999
2003-06-10,30.788796,43825500.0,4700.0,1349334380.25,144707.3412,0.00010724349969737606,-0.14447886360596804,28941.46824,4382587.90519
2003-06-11,31.058508,43825500.0,0.0,1361154629.66,0.0,0.0,-0.15102159945718435,28941.46824,4382587.90519
2003-06-12,31.714688,43825500.0,0.0,1389912041.3,0.0,0.0,-0.15097293193900596,28941.46824,4382587.90519
2003-06-13,31.516914,43825500.0,0.0,1381244527.43,0.0,0.0,-0.15097293193900596,28941.46824,4382587.90519
2003-06-16,31.555174,43825500.0,0.0,1382921270.33,0.0,0.0,-0.14352645737394462,28941.46824,4382587.90519
2003-06-17,32.255597,43829190.0,3690.0,1413736668.41,119023.15293000001,8.419046884018567e-05,-0.138420880261599,23804.630586000003,4383348.2973165
2003-06-18,32.156998,43829190.0,0.0,1409415193.87,0.0,0.0,-0.12131565268224923,23804.630586000003,4041810.4723165
2003-06-19,31.9355,43829190.0,0.0,1399707078.24,0.0,0.0,-0.12131565268224923,23804.630586000003,2654816.8223165
2003-06-20,31.855733,43829190.0,0.0,1396210967.38,0.0,0.0,-0.11607916713992822,23804.630586000003,927168.5723164998
2003-06-23,31.557157,43829190.0,0.0,1383124613.37,0.0,0.0,-0.11603020114505294,23804.630586000003,927168.5723164998
2003-06-24,31.416509,43832500.0,3310.0,1377064128.04,103988.64479,7.551474377450302e-05,-0.11123953634483322,20797.728958,925226.287636
2003-06-25,31.375459,43832500.0,0.0,1375264813.54,0.0,0.0,-0.10237597881885943,20797.728958,925226.287636
2003-06-26,31.726883,43832500.0,0.0,1390668594.95,0.0,0.0,-0.10233252720336512,20797.728958,1359690.7276359997
2003-06-27,31.796268,40832500.0,-3000000.0,1298321109.91,-95388804.0,-0.07347088734204774,-4.405903242874852,-19056963.071042,-3409749.472364
2003-06-30,31.942705,40832500.0,0.0,1304300493.65,0.0,0.0,-0.05730375633551121,-19056963.071042,-3409749.472364
2003-07-01,31.004442,40837500.0,5000.0,1266143916.61,155022.21,0.00012243648448358042,-0.05011753176071483,-19046756.358000003,-4743303.132554
2003-07-02,31.579804,40837500.0,0.0,1289640231.83,0.0,0.0,-0.057364333784035985,-19046756.358000003,-4743303.132554
2003-07-03,31.514646,40837500.0,0.0,1286979352.8,0.0,0.0,-0.05731590591518523,-19046756.358000003,-4743303.132554
2003-07-04,31.678002,40837500.0,0.0,1293650396.11,0.0,0.0,-0.05731590591518523,31004.442,-4743303.132554
2003-07-07,32.751814,40837500.0,0.0,1337502188.11,0.0,0.0,-0.05731590591518523,31004.442,-4743303.132554
2003-07-08,32.510351,40840000.0,2500.0,1327722730.9,81275.8775,6.121449577420954e-05,-0.05372302014665557,16255.175500000001,-4746474.705739
2003-07-09,32.480449,40840000.0,0.0,1326501538.86,0.0,0.0,-0.057346195933157366,16255.175500000001,-4746474.705739
2003-07-10,32.094844,40840000.0,0.0,1310753411.4,0.0,0.0,-0.057297772947717,16255.175500000001,-4746474.705739
2003-07-11,32.455822,40840000.0,0.0,1325495768.98,0.0,0.0,-0.057297772947717,16255.175500000001,-4746474.705739
2003-07-14,33.186703,40840000.0,0.0,1355344954.61,0.0,0.0,-0.057297772947717,16255.175500000001,-4746474.705739
2003-07-15,33.510302,40844250.0,4250.0,1368703132.37,142418.78350000002,0.00010405381571195244,-0.044497884279313234,28483.756700000005,-4745304.924210499
2003-07-16,33.353387,40844250.0,0.0,1362294078.22,0.0,0.0,-0.05067165386474554,28483.756700000005,-4745304.924210499
2003-07-17,32.94958,40844250.0,0.0,1345800873.03,0.0,0.0,-0.050625664985974976,28483.756700000005,-4745304.924210499
2003-07-18,33.048627,40844250.0,0.0,1349846401.85,0.0,0.0,-0.03171022300887852,28483.756700000005,-4745304.924210499
2003-07-21,32.462735,40844250.0,0.0,1325916081.1,0.0,0.0,-0.03171022300887852,28483.756700000005,-4745304.924210499
2003-07-22,32.294413,40848250.0,4000.0,1319170250.95,129177.652,9.79234120137054e-05,-0.025814313773655215,25835.5304,-4744045.47385
2003-07-23,32.373698,40848250.0,0.0,1322408904.09,0.0,0.0,-0.031759814415983294,25835.5304,-4744045.47385
2003-07-24,33.022477,41098250.0,250000.0,1357166003.46,8255619.250000001,0.006082984122025512,0.3343935453731113,1676959.3804000001,-4331264.51135
2003-07-25,33.00317,41098250.0,0.0,1356372515.54,0.0,0.0,-0.034765811168200066,1676959.3804000001,438175.6886500001
2003-07-28,33.359981,41098250.0,0.0,1371036844.14,0.0,0.0,-0.034765811168200066,1676959.3804000001,438175.6886500001
2003-07-29,33.752557,41102750.0,4500.0,1387322911.97,151886.50650000002,0.00010948172569594559,-0.028177087651074767,1681501.1513,438018.90347499994
2003-07-30,33.562452,41102750.0,0.0,1379509074.36,0.0,0.0,-0.034821240194895804,1681501.1513,438018.90347499994
2003-07-31,34.097321,37702750.0,-3400000.0,1285562769.99,-115930891.4,-0.09017909829552842,-4.879822276952305,-23155800.9787,-5358525.666525001
2003-08-01,33.72631,37702750.0,0.0,1271574642.42,0.0,0.0,0.009678550479424413,-23155800.9787,-5358525.666525001
2003-08-04,33.662124,37702750.0,0.0,1269154645.97,0.0,0.0,0.009678550479424413,-23155800.9787,-5358525.666525001
2003-08-05,33.672352,37706000.0,3250.0,1269649722.85,109435.14399999999,8.619317755951574e-05,0.014312983506486004,-23164291.2512,-5357117.7032
2003-08-06,33.096338,37706000.0,0.0,1247930512.16,0.0,0.0,0.009639601066197333,-23164291.2512,-5357117.7032
2003-08-07,32.594046,38206000.0,500000.0,1245288116.09,16297023.0,0.013086949750367791,0.711808631818555,3281291.6288,-4542266.553200001
2003-08-08,32.91263,38206000.0,0.0,1257459926.69,0.0,0.0,0.0037602617550056314,3281291.6288,-4542266.553200001
2003-08-11,32.657223,38206000.0,0.0,1247701868.9,0.0,0.0,0.0037602617550056314,3281291.6288,-4542266.553200001
2003-08-12,33.130501,38209600.0,3600.0,1265903172.58,119269.80360000001,9.421716145708027e-05,0.008815248483087618,3283258.56072,-4543424.002195001
2003-08-13,33.336405,38209600.0,0.0,1273770702.55,0.0,0.0,0.0037177818536327134,3283258.56072,-4543424.002195001
2003-08-14,33.467828,38209600.0,0.0,1278792329.73,0.0,0.0,0.003735683403387342,23853.960720000003,-4543424.002195001
2003-08-15,33.829891,38209600.0,0.0,1292626618.22,0.0,0.0,0.003794154790759305,23853.960720000003,-4543424.002195001
2003-08-18,34.041615,38209600.0,0.0,1300716491.45,0.0,0.0,0.003794154790759305,23853.960720000003,-4543424.002195001
2003-08-19,34.583682,38213250.0,3650.0,1321554904.08,126230.43930000001,9.55166061661852e-05,0.008918861189153162,25246.087860000003,-4543571.36283
2003-08-20,34.103907,38813250.0,600000.0,1323683459.44,20462344.2,0.015458638584678573,0.8307066349016061,4117714.92786,-3520454.15283
2003-08-21,34.958542,38813250.0,0.0,1356854633.73,0.0,0.0,-0.0032091930101287025,4117714.92786,-3933235.1153300004
2003-08-22,35.113571,38813250.0,0.0,1362871804.05,0.0,0.0,-0.0031794506776185697,4117714.92786,-3933235.1153300004
2003-08-25,34.375645,38813250.0,0.0,1334230493.25,0.0,0.0,-0.0031794506776185697,4117714.92786,-3933235.1153300004
2003-08-26,34.148897,38817750.0,4500.0,1325583357.04,153670.0365,0.00011592634720697006,0.0030220789476463773,4123202.8472999996,-3933145.9388300003
2003-08-27,33.940915,38817750.0,0.0,1317509945.48,0.0,0.0,-0.003231564385206261,30734.007299999997,-3933145.9388300003
2003-08-28,34.40288,38817750.0,0.0,1335442378.32,0.0,0.0,-0.003231564385206261,30734.007299999997,1863398.6311700002
2003-08-29,34.352734,37817750.0,-1000000.0,1299143092.56,-34352734.0,-0.026442609899350593,-1.4058266744947836,-6839812.7927,145761.93117000014
2003-09-01,34.843022,36217750.0,-1600000.0,1261935871.5,-55748835.199999996,-0.044177233137634914,-2.282656944266253,-17989579.8327,-2641679.8288299995
2003-09-02,35.093817,36221550.0,3800.0,1271152443.1,133356.50460000001,0.00010490992274284528,0.033125007688672915,-17993642.53908,-2640483.7607999993
2003-09-03,35.754268,36221550.0,0.0,1295074998.03,0.0,0.0,0.02763853052805976,-17993642.53908,-2640483.7607999993
2003-09-04,35.797264,36221550.0,0.0,1296632395.37,0.0,0.0,0.02763853052805976,-17993642.53908,-3455334.9107999997
2003-09-05,35.461687,36221550.0,0.0,1284477281.88,0.0,0.0,0.027678923998049037,-11123095.739079999,-3455334.9107999997
2003-09-08,35.745628,36221550.0,0.0,1294762053.16,0.0,0.0,0.051133928278888414,26671.30092,-3455334.9107999997
2003-09-09,35.276354,36224450.0,2900.0,1277866516.9,102301.42659999999,8.005642627539448e-05,0.06696924113974545,20460.28532,-3456183.3296499997
2003-09-10,34.743919,36224450.0,0.0,1258579343.54,0.0,0.0,0.08630426923913101,20460.28532,-3456183.3296499997
2003-09-11,34.744821,37224450.0,1000000.0,1293356855.5,34744821.0,0.026864063736352153,1.5618274858080894,6969424.48532,-1718942.2796499997
2003-09-12,34.06476,37224450.0,0.0,1268041968.36,0.0,0.0,0.0842257505860202,6969424.48532,-1718942.2796499997
2003-09-15,34.540226,37224450.0,0.0,1285740902.43,0.0,0.0,0.0842257505860202,6969424.48532,-1718942.2796499997
2003-09-16,34.853925,37227850.0,3400.0,1297536684.74,118503.34499999999,9.132947560842617e-05,0.08928303168254337,6972664.869,-1719328.6343649998
2003-09-17,35.270363,37227850.0,0.0,1313039773.27,0.0,0.0,0.08418293663291014,6972664.869,-2742445.844365
2003-09-18,35.201895,37227850.0,0.0,1310490876.83,0.0,0.0,0.08420969190105398,23700.668999999998,-2742445.844365
2003-09-19,35.322962,37227850.0,0.0,1314997948.23,0.0,0.0,0.04873309401994366,23700.668999999998,-2742445.844365
2003-09-22,33.969568,37231410.0,3560.0,1264734895.46,120931.66208000001,9.561819043192893e-05,0.06786034282239455,47887.001416,-2736399.261261
2003-09-23,33.658259,37231500.0,90.0,1253147473.35,3029.2433100000003,2.41730791819898e-06,0.06200739454428197,24792.181078,-2743931.3009205
2003-09-24,33.437034,38231500.0,1000000.0,1278347972.27,33437033.999999996,0.026156441536512844,1.6857623104379555,6712198.981077999,-1072079.6009205
2003-09-25,32.659789,38231500.0,0.0,1248632739.23,0.0,0.0,0.05590535340586879,6712198.981077999,-1072079.6009204998
2003-09-26,32.4424,38231500.0,0.0,1240321632.83,0.0,0.0,0.05590535340586879,6712198.981077999,645557.0990795002
2003-09-29,32.736751,38231500.0,0.0,1251575099.01,0.0,0.0,0.05590535340586879,6688012.648661999,3432998.8590794997
2003-09-30,31.848239,38234500.0,3000.0,1217701490.14,95544.717,7.846316833283595e-05,0.060753651844300656,6706515.743399999,3431108.2696995
2003-10-01,31.964519,38234500.0,0.0,1222147417.74,0.0,0.0,0.055864476299283886,19108.9434,3431108.2696995
2003-10-02,32.505763,38234500.0,0.0,1242841603.47,0.0,0.0,0.055916317185456144,19108.9434,3431108.2696995
2003-10-03,33.145911,38234500.0,0.0,1267317334.15,0.0,0.0,0.055916317185456144,19108.9434,3431108.2696995
2003-10-06,33.328779,38234500.0,0.0,1274309195.89,0.0,0.0,0.055916317185456144,19108.9434,3431108.2696995
2003-10-07,32.801723,38238250.0,3750.0,1254280476.79,123006.46125000001,9.806934216563954e-05,0.0619760943932737,24601.292250000002,3432143.5214319997
2003-10-08,33.485591,38238250.0,0.0,1280430398.73,0.0,0.0,0.05586522400703195,24601.292250000002,3432143.5214319997
2003-10-09,33.980753,38238250.0,0.0,1299364512.82,0.0,0.0,0.05586522400703195,24601.292250000002,1694902.471432
2003-10-10,33.982627,38238250.0,0.0,1299436167.64,0.0,0.0,0.05586522400703195,24601.292250000002,1694902.471432
2003-10-13,34.60311,38238250.0,0.0,1323162383.33,0.0,0.0,0.07262218519520733,24601.292250000002,1694902.471432
2003-10-14,34.505819,38241750.0,3500.0,1319562905.11,120770.3665,9.152300813573755e-05,0.0783684790821956,24154.0733,1695015.822507
2003-10-15,35.128767,38241750.0,0.0,1343385527.58,0.0,0.0,0.07257362778398674,24154.0733,1695015.822507
2003-10-16,34.698571,38241750.0,0.0,1326934089.41,0.0,0.0,0.026221961522210173,24154.0733,1695015.822507
2003-10-17,34.832566,38241750.0,0.0,1332058285.63,0.0,0.0,0.026221961522210173,24154.0733,1695015.822507
2003-10-20,34.669144,38241750.0,0.0,1325808735.22,0.0,0.0,0.026098231769447387,24154.0733,1688969.2394029996
2003-10-21,34.802571,38245500.0,3750.0,1331041725.74,130509.64125,9.805075132219649e-05,0.03349203402277592,26101.92825,1695343.2592999998
2003-10-22,34.383133,38245500.0,0.0,1315000117.3,0.0,0.0,0.026036049847172893,26101.92825,23491.559300000186
2003-10-23,34.130784,38245500.0,0.0,1305348897.95,0.0,0.0,0.026036049847172893,26101.92825,23491.559300000186
2003-10-24,33.967521,38245500.0,0.0,1299104825.37,0.0,0.0,0.030058330656343685,26101.92825,23491.559300000186
2003-10-27,34.512279,38245500.0,0.0,1319939362.27,0.0,0.0,0.04635700090359238,26101.92825,23491.559300000186
2003-10-28,35.048206,38249750.0,4250.0,1340585099.64,148954.8755,0.00011111183880829367,0.05492029818593505,29790.9751,26162.067225000188
2003-10-29,35.328807,38249750.0,0.0,1351318026.9,0.0,0.0,0.04632966035492346,29790.9751,26162.067225000188
2003-10-30,35.728793,38249750.0,0.0,1366617418.68,0.0,0.0,0.04632966035492346,29790.9751,26162.067225000188
2003-10-31,35.749993,38249750.0,0.0,1367428292.85,0.0,0.0,0.04632966035492346,29790.9751,26162.067225000188
2003-11-03,36.568873,38749750.0,500000.0,1417034681.02,18284436.5,0.01290330910379598,1.03097331136516,3686678.2751,940383.8922250003
2003-11-04,36.527373,38753400.0,3650.0,1415559911.14,133324.91144999999,9.418528343503932e-05,0.04509192306195102,3683552.2822899995,940899.8147350003
2003-11-05,36.64899,38753400.0,0.0,1420272964.74,0.0,0.0,0.041802688463012355,3683552.2822899995,940899.8147350003
2003-11-06,36.655448,38753400.0,0.0,1420523242.81,0.0,0.0,0.05797654296396575,3683552.2822899995,940899.8147350003
2003-11-07,37.134229,39753400.0,1000000.0,1476211870.8,37134229.0,0.025155080875942242,2.0392759505394755,11110398.08229,2797611.264735
2003-11-10,36.964079,39753400.0,0.0,1469447828.5,0.0,0.0,0.06076417057235249,7453510.78229,2797611.264735
2003-11-11,36.384668,39756820.0,3420.0,1446538704.12,124435.56456,8.602297622979969e-05,0.06755268586065562,7451732.912912001,2797794.5246380004
2003-11-12,36.580441,39756820.0,0.0,1454322002.97,0.0,0.0,0.06078674706409344,7451732.912912001,2797794.5246380004
2003-11-13,36.807099,39756820.0,0.0,1463333224.25,0.0,0.0,0.05626135217779633,7451732.912912001,2797794.5246380004
2003-11-14,37.228874,40506820.0,750000.0,1508023307.09,27921655.5,0.018515400503908534,1.487726900504312,5609218.212912,4193877.2996380003
2003-11-17,36.294261,40506820.0,0.0,1470165098.95,0.0,0.0,0.04369842041498075,5609218.212912,4193877.2996380003
2003-11-18,36.223377,40510770.0,3950.0,1467436911.78,143082.33914999999,9.75049339439344e-05,0.06540387156712904,5612947.56783,4194505.934533
2003-11-19,35.494914,40510770.0,0.0,1437926309.11,0.0,0.0,0.05771002139851406,5612947.56783,4194505.934533
2003-11-20,35.226868,40510770.0,0.0,1427067550.95,0.0,0.0,0.05771002139851406,5612947.56783,4194505.934533
2003-11-21,35.651455,40510770.0,0.0,1444267903.19,0.0,0.0,0.05771002139851406,28616.467829999998,4194505.934533
2003-11-24,36.403264,40510770.0,0.0,1474724248.16,0.0,0.0,0.05771002139851406,28616.467829999998,4194505.934533
2003-11-25,36.723567,40515320.0,4550.0,1487867085.87,167092.22985,0.00011230319659386526,0.06656822049900084,33418.44597,4195412.8022505
2003-11-26,36.836832,40515320.0,0.0,1492456040.4,0.0,0.0,0.0577066814906569,33418.44597,4195412.8022505
2003-11-27,36.670922,40515320.0,0.0,1485734130.93,0.0,0.0,0.0577066814906569,33418.44597,4195412.8022505
2003-11-28,36.540004,40515320.0,0.0,1480429964.0,0.0,0.0,0.0577066814906569,33418.44597,4195412.8022505
2003-12-01,37.231922,39265320.0,-1250000.0,1461923345.41,-46539902.5,-0.031834707781445114,-2.374539331974832,-9274562.05403,954195.8522505
2003-12-02,37.383673,39269250.0,3930.0,1468028798.52,146917.83489,0.00010007830571043013,0.08443509389531362,-9278596.933022,954875.4984225003
2003-12-03,37.92787,39269250.0,0.0,1489399016.36,0.0,0.0,0.0767290516776298,-9278596.933022,954875.4984225003
2003-12-04,37.779893,39269250.0,0.0,1483588070.3,0.0,0.0,0.0767290516776298,-9278596.933022,954875.4984225003
2003-12-05,37.533324,39269250.0,0.0,1473905471.04,0.0,0.0,0.0767290516776298,-9278596.933022,-901835.9515774997
2003-12-08,37.346132,39269250.0,0.0,1466554607.14,0.0,0.0,0.0767290516776298,29383.566978,-901835.9515774997
2003-12-09,37.860206,39272830.0,3580.0,1486877416.23,135539.53748,9.115717005350887e-05,0.08373805761249968,27107.907496,-901280.7529314996
2003-12-10,37.368296,35772830.0,-3500000.0,1336769701.49,-130789036.0,-0.09783961729101054,-6.11264270687201,-26130699.292504,-7440732.5529315
2003-12-11,37.664247,35772830.0,0.0,1347356699.46,0.0,0.0,0.11532215261533968,-26130699.292504,-7440732.5529315
2003-12-12,37.811238,35772830.0,0.0,1352614971.55,0.0,0.0,0.08412214248631122,-26130699.292504,-8836815.3279315
2003-12-15,38.019147,28972958.0,-6799872.0,1101527141.15,-258525333.149184,-0.23469719763716598,-9.029290272630146,-77835765.9223408,-21763081.9853907
2003-12-16,37.840218,28976500.0,3542.0,1096477076.81,134030.052156,0.0001222369851506025,0.12780937287083022,-77836067.8194056,-21763534.5997404
2003-12-17,37.677705,28976500.0,0.0,1091768015.11,0.0,0.0,0.12304257724129557,-51678260.6194056,-21763534.5997404
2003-12-18,37.884515,26576500.0,-2400000.0,1006837808.21,-90922836.0,-0.09030534536803556,-3.2181594010704737,-69862827.8194056,-26309676.399740398
2003-12-19,37.974021,27076500.0,500000.0,1028203586.06,18987010.5,0.018466197509344254,0.8253416586470492,-66065425.71940561,-25360325.8747404
2003-12-22,38.211079,27076500.0,0.0,1034622288.15,0.0,0.0,0.13943437270767275,-14360359.0895688,-25360325.8747404
2003-12-23,38.163056,27080000.0,3500.0,1033455561.21,133570.696,0.0001292466759224862,0.14421360716363366,-14360450.960800001,-25362001.9514329
2003-12-29,38.518683,27080000.0,0.0,1043085946.55,0.0,0.0,0.13941289128655138,-14360450.960800001,-25362001.9514329
2003-12-30,38.817455,27082000.0,2000.0,1051254314.2,77634.91,7.384978967632569e-05,0.1421326348539173,3839643.2211999996,-25358120.2059329
2004-01-02,39.167936,27082000.0,0.0,1060746049.35,0.0,0.0,0.1393895801110807,42241.1212,-25358120.2059329
2004-01-05,39.526981,29082000.0,2000000.0,1149523660.66,79053962.0,0.06877106118425705,2.5953359297101017,15853033.521200001,-19078426.9809329
2004-01-06,39.393831,29084750.0,2750.0,1145759727.63,108333.03525,9.455126815644541e-05,0.11810561360824132,15847985.98905,-19080356.2209149
2004-01-07,39.144684,30334750.0,1250000.0,1187444213.94,48930855.0,0.04120686633155165,1.5720481338782635,25634156.98905,-16633813.4709149
2004-01-08,39.653324,31834750.0,1500000.0,1262353655.27,59479986.0,0.04711832199454285,1.7461064010682221,37514627.20705,-13659814.1709149
2004-01-09,39.196027,32834750.0,1000000.0,1286991743.03,39196027.0,0.030455538827094352,1.143765575493319,45353832.60705,-11700012.820914898
2004-01-12,39.073159,32834750.0,0.0,1282957408.48,0.0,0.0,0.07672397617083836,29543040.207050003,-11700012.820914898
2004-01-13,39.292822,32837750.0,3000.0,1290287874.81,117878.466,9.135826841537829e-05,0.07992673765671862,29544949.293199997,-11700895.8744889
2004-01-14,39.512824,33137750.0,300000.0,1309366071.1,11853847.200000001,0.009053119262546318,0.39102441969454776,22129547.7332,-4568751.714488898
2004-01-15,39.691017,33137750.0,0.0,1315271007.62,0.0,0.0,0.07583608304752268,10233550.5332,-4568751.714488898
2004-01-16,40.148902,33137750.0,0.0,1330444286.42,0.0,0.0,0.07583608304752268,2394345.1332,-4568751.714488898
2004-01-19,40.4737,33137750.0,0.0,1341207343.54,0.0,0.0,0.07583608304752268,2394345.1332,8357514.942970301
2004-01-20,40.377831,33140750.0,3000.0,1338151598.33,121133.493,9.052299690944838e-05,0.0790122733402032,2394996.1386,8356870.115012501
2004-01-21,40.27467,33140750.0,0.0,1334732772.31,0.0,0.0,0.07584165029825037,24226.6986,8356870.115012501
2004-01-22,40.702785,33140750.0,0.0,1348920836.94,0.0,0.0,0.05164265115631179,24226.6986,12903011.915012501
2004-01-23,40.574833,33140750.0,0.0,1344680396.11,0.0,0.0,0.05164265115631179,24226.6986,11953661.3900125
2004-01-26,40.42847,33140750.0,0.0,1339829832.88,0.0,0.0,0.05164265115631179,24226.6986,11953661.3900125
2004-01-27,40.706943,33144750.0,4000.0,1349221451.44,162827.772,0.00012068276251182993,0.05604027992936216,32565.5544,11955124.2438125
2004-01-28,40.52466,33144750.0,0.0,1343179713.22,0.0,0.0,0.051632122569642794,32565.5544,11955124.2438125
2004-01-29,40.241261,33144750.0,0.0,1333786537.48,0.0,0.0,0.055681154254454794,32565.5544,11951242.4983125
2004-01-30,39.747787,33144750.0,0.0,1317430460.39,0.0,0.0,0.055681154254454794,32565.5544,11951242.4983125
2004-02-02,39.866168,32944750.0,-200000.0,1313380945.15,-7973233.600000001,-0.006070769969248629,-0.16445913875887136,-1562081.1656000002,7599882.7183125
2004-02-03,39.451606,32948400.0,3650.0,1299867292.93,143998.3619,0.00011077927930274843,0.0615710779707893,-1565847.04762,7601665.984645
2004-02-04,39.341456,32948400.0,0.0,1296238016.56,0.0,0.0,0.05752031061464457,-1565847.04762,5155123.234645
2004-02-05,39.458251,32948400.0,0.0,1300086238.1,0.0,0.0,0.05752031061464457,-1565847.04762,2181123.934645001
2004-02-06,39.300307,32948400.0,0.0,1294882246.24,0.0,0.0,0.05752031061464457,-1565847.04762,221322.58464500075
2004-02-09,40.01654,32948400.0,0.0,1318480956.1,0.0,0.0,0.05752031061464457,28799.672379999996,221322.58464500075
2004-02-10,40.035664,34450900.0,1502500.0,1379264652.73,60153585.16,0.04361279399202834,1.6206923446693515,12030717.032,3223107.9193450003
2004-02-11,40.256616,34450900.0,0.0,1386876667.76,0.0,0.0,0.048497271216947926,12030717.032,2630415.5593450004
2004-02-12,40.26288,34450900.0,0.0,1387092450.07,0.0,0.0,0.048497271216947926,12030717.032,2630415.5593450004
2004-02-13,39.990069,34450900.0,0.0,1377693874.01,0.0,0.0,0.048497271216947926,12030717.032,2630415.5593450004
2004-02-16,39.628751,34450900.0,0.0,1365246135.23,0.0,0.0,0.048497271216947926,12030717.032,2630415.5593450004
2004-02-17,40.014759,34454250.0,3350.0,1378678511.75,134049.44264999998,9.723038511701093e-05,0.052023919283735606,26809.888529999997,2631061.3568275003
2004-02-18,40.064187,34454250.0,0.0,1380381499.98,0.0,0.0,0.04850292761824124,26809.888529999997,2631061.3568275003
2004-02-19,40.476775,34454250.0,0.0,1394596930.51,0.0,0.0,0.04850292761824124,26809.888529999997,2631061.3568275003
2004-02-20,40.133621,34454250.0,0.0,1382773824.26,0.0,0.0,0.040665589764571075,26809.888529999997,2631061.3568275003
2004-02-23,39.976595,34454250.0,0.0,1377363586.56,0.0,0.0,0.027574687543232154,26809.888529999997,2631061.3568275003
2004-02-24,39.083168,34458000.0,3750.0,1346727790.18,146561.88,0.00010882813963496731,0.031569974744488354,29312.376,2630248.0622275
2004-02-25,38.989651,34458000.0,0.0,1343505394.39,0.0,0.0,0.02757348742322135,29312.376,2630248.0622275
2004-02-26,38.94046,34458000.0,0.0,1341810357.29,0.0,0.0,0.02757348742322135,29312.376,2630248.0622275
2004-02-27,39.51063,34458000.0,0.0,1361457302.28,0.0,0.0,0.02757348742322135,29312.376,2630248.0622275
2004-03-01,39.587392,34458000.0,0.0,1364102349.47,0.0,0.0,0.02757348742322135,29312.376,3028909.7422275003
2004-03-02,39.912645,34461100.0,3100.0,1375433652.73,123729.19949999999,8.995650154001884e-05,0.030873920484853493,24745.8399,3027896.2841075
2004-03-03,39.867685,34461100.0,0.0,1373884283.35,0.0,0.0,0.02757045517373273,24745.8399,3027896.2841075
2004-03-04,40.116392,34461100.0,0.0,1382455002.78,0.0,0.0,0.035948296098910426,24745.8399,3027896.2841075
2004-03-05,40.19993,34461100.0,0.0,1385333794.85,0.0,0.0,0.035948296098910426,24745.8399,3027896.2841075
2004-03-08,40.630765,34461100.0,0.0,1400180872.38,0.0,0.0,0.035948296098910426,24745.8399,3027896.2841075
2004-03-09,40.188665,33864500.0,-596600.0,1360969029.91,-23976557.539,-0.017617269028219956,-0.60745226461647,-4795311.5078,-1178610.8508424996
2004-03-10,39.525079,33864500.0,0.0,1338497031.74,0.0,0.0,0.04132680408726135,-4795311.5078,-1178610.8508424996
2004-03-11,38.439481,33864500.0,0.0,1301733817.25,0.0,0.0,0.04132680408726135,-4795311.5078,-1178610.8508424996
2004-03-12,38.243066,33864500.0,0.0,1295082313.9,0.0,0.0,0.04132680408726135,-4795311.5078,-1178610.8508424996
2004-03-15,37.798408,34364500.0,500000.0,1298923386.02,18899204.0,0.014549898942006579,0.5719207348765685,-1015470.7078000002,-233650.65084249974
2004-03-16,37.49983,35368250.0,1003750.0,1326303360.14,37640454.362500004,0.028379973612165776,1.0666594030776861,11307931.672500001,1641669.5951500006
2004-03-17,37.885869,35368250.0,0.0,1339956883.26,0.0,0.0,0.036133655539279254,11307931.672500001,1641669.5951500006
2004-03-18,37.693804,35368250.0,0.0,1333163895.19,0.0,0.0,0.036133655539279254,11307931.672500001,1641669.5951500006
2004-03-19,37.297727,35868250.0,500000.0,1337804205.85,18648863.5,0.013939904971483537,0.5434682780945479,15037704.372500002,2574112.7701500007
2004-03-22,36.311177,35868250.0,0.0,1302418364.68,0.0,0.0,0.03182491349184397,11257863.572500002,2574112.7701500007
2004-03-23,36.79812,35871250.0,3000.0,1319994549.95,110394.35999999999,8.36324362128477e-05,0.034892933967910905,3751851.5719999997,2572304.3941500005
2004-03-24,36.488207,35871250.0,0.0,1308877605.17,0.0,0.0,0.03182333064082158,3751851.5719999997,2572304.3941500005
2004-03-25,37.068901,35871250.0,0.0,1329707809.4,0.0,0.0,0.03182333064082158,3751851.5719999997,2572304.3941500005
2004-03-26,37.406129,35671250.0,-200000.0,1334323364.96,-7481225.8,-0.00560675620052885,-0.17222845200413375,-1474166.288,2198243.1041500005
2004-03-29,37.798493,35671250.0,0.0,1348319502.57,0.0,0.0,0.03353415575686953,-1474166.288,2198243.1041500005
2004-03-30,37.674431,36175250.0,504000.0,1362881959.25,18987913.224,0.013932177394474525,0.5399359476561126,2301337.4847999997,3141452.305375001
2004-03-31,38.038534,36175250.0,0.0,1376053482.61,0.0,0.0,0.02926728702380034,2301337.4847999997,3141452.305375001
2004-04-01,37.9113,36175250.0,0.0,1371450757.65,0.0,0.0,0.02926728702380034,2301337.4847999997,3141452.305375001
2004-04-02,39.061096,36175250.0,0.0,1413044895.86,0.0,0.0,0.02926728702380034,3797582.6448,3141452.305375001
2004-04-05,39.397388,36175250.0,0.0,1425210344.56,0.0,0.0,0.02926728702380034,3797582.6448,3141452.305375001
2004-04-06,39.373216,36178500.0,3250.0,1424463897.76,127962.952,8.983235882722229e-05,0.032560510433455425,25592.5904,4346678.329925002
2004-04-07,39.33555,36178500.0,0.0,1423101212.7,0.0,0.0,0.029267803927973648,25592.5904,4346678.329925001
2004-04-08,39.509418,36178500.0,0.0,1429391484.28,0.0,0.0,0.029267803927973648,25592.5904,4346678.329925001
2004-04-13,39.837755,36179000.0,500.0,1441290126.39,19918.877500000002,1.3820172035654489e-05,0.029770142062655363,29576.365899999997,4347674.273800001
2004-04-14,39.02479,36182000.0,3000.0,1411994952.65,117074.37000000001,8.291415615918278e-05,0.032277354466002633,52991.2399,3408567.7923
2004-04-15,39.332432,36182000.0,0.0,1423126045.88,0.0,0.0,0.029268206796698823,27398.649500000007,1526545.0741750004
2004-04-16,39.202553,36182000.0,0.0,1418426774.37,0.0,0.0,0.029268206796698823,27398.6495,1526545.0741750004
2004-04-19,39.174982,36182000.0,0.0,1417429191.4,0.0,0.0,0.029268206796698823,27398.6495,1526545.0741750004
2004-04-20,39.873912,36185500.0,3500.0,1442857453.69,139558.69199999998,9.672382510350489e-05,0.03278393800892288,51326.6124,601079.8337750004
2004-04-21,39.414288,36185500.0,0.0,1426225724.81,0.0,0.0,0.029238635555726655,27911.738399999995,601079.8337750004
2004-04-22,39.385022,36185500.0,0.0,1425166716.94,0.0,0.0,0.029272605895230473,27911.738399999995,595560.1157750005
2004-04-23,40.211651,36185500.0,0.0,1455078695.55,0.0,0.0,0.029272605895230473,27911.738399999995,595560.1157750005
2004-04-26,40.619003,36985500.0,800000.0,1502314144.0,32495202.4,0.02163009815875101,0.8132081196550646,6526952.2184,2220320.2357750004
2004-04-27,40.372857,36389750.0,-595750.0,1469158170.68,-24052129.55775,-0.016371368337159686,-0.5700191384505797,1688614.5684499994,1391775.0478875001
2004-04-28,40.016107,36389750.0,0.0,1456176132.23,0.0,0.0,0.031508775142469456,1688614.5684499997,1391775.0478875004
2004-04-29,39.248244,36389750.0,0.0,1428233776.08,0.0,0.0,0.03153748430346634,1688614.5684499997,442379.3866875004
2004-04-30,38.990382,37093500.0,703750.0,1446289742.57,27439481.3325,0.0189723265849491,0.7174293500372663,7176510.83495,1814353.4533125006
2004-05-03,38.840137,37093500.0,0.0,1440716626.25,0.0,0.0,0.025704390182911874,677470.3549499996,1814353.4533125006
2004-05-04,38.874227,37093500.0,0.0,1441981122.51,0.0,0.0,0.033473434422517045,5487896.2665,1814353.4533125006
2004-05-05,39.032572,37093500.0,0.0,1447854698.87,0.0,0.0,0.033473434422517045,5487896.2665,1814353.4533125006
2004-05-06,38.307412,37093500.0,0.0,1420955977.06,0.0,0.0,0.033499700792899614,5487896.2665,1807955.3057125001
2004-05-07,37.819407,37093500.0,0.0,1402854175.69,0.0,0.0,0.033499700792899614,0.0,1807955.3057125001
2004-05-10,37.122405,37093500.0,0.0,1376999913.35,0.0,0.0,0.033499700792899614,0.0,1807955.3057125001
2004-05-11,37.413368,37095750.0,2250.0,1387876952.16,84180.078,6.065384821686655e-05,0.04143640155606184,16836.0156,1811168.3657375004
2004-05-12,37.157684,37095750.0,0.0,1378392164.39,0.0,0.0,0.03921185806305496,16836.0156,1805314.6472375002
2004-05-13,36.982689,37095750.0,0.0,1371900574.08,0.0,0.0,0.03924170722783724,16836.0156,1805314.6472375002
2004-05-14,36.998141,37095750.0,0.0,1372473783.77,0.0,0.0,0.03924170722783724,16836.0156,1805314.6472375002
2004-05-17,36.288466,37095750.0,0.0,1346147848.82,0.0,0.0,0.03924170722783724,16836.0156,1805314.6472375002
2004-05-18,36.673986,37099250.0,3500.0,1360577358.79,128358.951,9.434153094694538e-05,0.04267290127002394,25671.7902,1804754.6601875003
2004-05-19,37.489555,37899250.0,800000.0,1420826022.29,29991644.000000004,0.021108597062194367,0.8047293814681455,6024000.590200001,3304336.8601875002
2004-05-20,37.313177,37899250.0,0.0,1414141431.04,0.0,0.0,0.032705793310005955,6024000.590200001,3304336.8601875002
2004-05-21,37.275101,37899250.0,0.0,1412698356.77,0.0,0.0,0.032705793310005955,6024000.590200001,3304336.8601875002
2004-05-24,37.886303,37899250.0,0.0,1435862466.02,0.0,0.0,0.032705793310005955,6024000.590200001,1679576.7401875004
2004-05-25,37.160705,35403500.0,-2495750.0,1315619006.6,-92743829.50375,-0.07049444332932762,-2.4586902919546203,-12550437.10075,-1755008.2571124993
2004-05-26,37.75964,35403500.0,0.0,1336823421.27,0.0,0.0,0.043550810794071575,-18548765.90075,-1755008.2571124993
2004-05-27,38.084208,35403500.0,0.0,1348314267.29,0.0,0.0,0.04358073046155525,-18548765.90075,-1755008.2571124993
2004-05-28,37.952692,35403500.0,0.0,1343658134.35,0.0,0.0,0.04358073046155525,-18548765.90075,-3126982.3237374993
2004-05-31,38.133582,35403500.0,0.0,1350062266.53,0.0,0.0,0.04358073046155525,-18548765.90075,-3126982.3237374993
2004-06-01,37.767307,35406660.0,3160.0,1337214182.74,119344.69012000001,8.924874688021814e-05,0.046749523705971144,23868.938024000003,-3121015.0892314995
2004-06-02,37.983109,35406660.0,0.0,1344855024.37,0.0,0.0,0.043554048647716975,23868.938024000003,-3121015.0892314995
2004-06-03,37.928856,35406660.0,0.0,1342934102.22,0.0,0.0,0.04358130104581328,23868.938024000003,-3121015.0892314995
2004-06-04,38.493131,35406660.0,0.0,1362913214.6,0.0,0.0,0.015179346964488282,23868.938024000003,-3121015.0892314995
2004-06-07,39.038454,35406660.0,0.0,1382221276.61,0.0,0.0,0.015179346964488282,23868.938024000003,-3121015.0892314995
2004-06-08,38.983954,35410750.0,4090.0,1380451054.82,159444.37185999998,0.00011550164803256301,0.019505550712134636,31888.874372,-3117251.874538499
2004-06-09,39.065138,35410750.0,0.0,1383325846.91,0.0,0.0,-0.10125733487834056,31888.874372,-3117251.874538499
2004-06-10,39.058143,35410750.0,0.0,1383078121.97,0.0,0.0,-0.10119034081700912,31888.874372,-3117251.874538499
2004-06-11,38.991395,35410750.0,0.0,1380714537.75,0.0,0.0,-0.10119034081700912,31888.874372,-3117251.874538499
2004-06-14,38.375552,35410750.0,0.0,1358907064.13,0.0,0.0,-0.17991159429738035,31888.874372,-3117251.874538499
2004-06-15,38.627385,35413500.0,2750.0,1367930904.25,106225.30875,7.765400168968366e-05,-0.16298368513245792,21245.06175,-3118358.556650999
2004-06-16,38.900041,35413500.0,0.0,1377586615.72,0.0,0.0,-0.16908158297699996,21245.06175,-4617940.756650999
2004-06-17,38.787874,35413500.0,0.0,1373614364.16,0.0,0.0,-0.16899464230991137,21245.06175,-4617940.756650999
2004-06-18,38.789904,35414000.0,500.0,1373705648.5,19394.952,1.411871023547007e-05,-0.16789546721879023,25124.05215,-4616971.009050999
2004-06-21,38.895869,35414000.0,0.0,1377458304.48,0.0,0.0,-0.16895445331525952,25124.05215,-4616971.009050999
2004-06-22,38.523859,35417000.0,3000.0,1364399512.32,115571.577,8.470508524551157e-05,-0.1623599270546428,26993.305800000002,25999.044986500747
2004-06-23,38.391442,35417000.0,0.0,1359709713.59,0.0,0.0,-0.14148419751580413,26993.305800000002,25999.044986500747
2004-06-24,38.906618,35417000.0,0.0,1377955697.13,0.0,0.0,-0.14141222481767543,26993.305800000002,25999.044986500747
2004-06-25,38.980069,35417000.0,0.0,1380557096.5,0.0,0.0,-0.1170701117312988,23114.3154,25999.044986500747
2004-06-28,39.541654,35417000.0,0.0,1400446764.6,0.0,0.0,-0.0871364724472781,23114.3154,25999.044986500747
2004-06-29,39.596474,35421000.0,4000.0,1402546711.84,158385.896,0.0001129273589698939,-0.05138451594783094,31677.179200000002,27951.105280500742
2004-06-30,39.655144,35421000.0,0.0,1404624847.51,0.0,0.0,-0.06355966034958557,31677.179200000002,27951.105280500742
2004-07-01,39.533603,35421000.0,0.0,1400319739.95,0.0,0.0,-0.06347727169913372,31677.179200000002,27951.105280500742
2004-07-02,38.904007,35421000.0,0.0,1378018843.83,0.0,0.0,-0.055539133615719986,31677.179200000002,27951.105280500742
2004-07-05,38.871748,35421000.0,0.0,1376876193.57,0.0,0.0,-0.05553913361572,31677.179200000002,27951.105280500742
2004-07-06,38.407689,35423500.0,2500.0,1360534764.73,96019.22249999999,7.057461888454952e-05,-0.047967141916609404,19203.8445,24779.847812500746
2004-07-07,38.316949,35423500.0,0.0,1357320430.77,0.0,0.0,-0.05560294978318652,19203.8445,24779.847812500746
2004-07-08,38.109871,35423500.0,0.0,1349985017.4,0.0,0.0,-0.05552110060751615,19203.8445,24779.847812500746
2004-07-09,38.166161,35423500.0,0.0,1351979017.77,0.0,0.0,-0.05552110060751615,19203.8445,24779.847812500746
2004-07-12,37.864903,35423500.0,0.0,1341307409.0,0.0,0.0,-0.05552110060751615,19203.8445,24779.847812500746
2004-07-13,38.038251,35426800.0,3300.0,1347573500.48,125526.2283,9.314981947573775e-05,-0.04552699562505015,25105.24566,25744.893790000744
2004-07-14,37.648588,35426800.0,0.0,1333769006.02,0.0,0.0,-0.055605324252861944,25105.24566,25744.893790000748
2004-07-15,37.686554,35426800.0,0.0,1335114024.42,0.0,0.0,-0.0554962153196161,25105.24566,25744.893790000748
2004-07-16,37.653543,35426800.0,0.0,1333944553.22,0.0,0.0,-0.0554962153196161,25105.24566,24775.146190000745
2004-07-19,37.260193,35426800.0,0.0,1320009409.28,0.0,0.0,-0.0554962153196161,25105.24566,24775.146190000745
2004-07-20,37.18884,35430250.0,3450.0,1317609893.23,128301.49799999999,9.737441913515132e-05,-0.045048858629869404,25660.2996,25411.642240000743
2004-07-21,37.803754,35430250.0,0.0,1339396461.57,0.0,0.0,-0.061188553784272154,25660.2996,25411.642240000743
2004-07-22,37.1003,35430250.0,0.0,1314472905.26,0.0,0.0,-0.06108811883026248,25660.2996,25411.642240000743
2004-07-23,36.918157,35430250.0,0.0,1308019521.64,0.0,0.0,-0.06108811883026248,25660.2996,25411.642240000743
2004-07-26,36.820098,35430250.0,0.0,1304545286.09,0.0,0.0,-0.06108811883026248,25660.2996,25411.642240000743
2004-07-27,36.875981,35434250.0,4000.0,1306672731.08,147503.924,0.00011288513220757585,-0.04895073031910256,29500.7848,24867.543640000746
2004-07-28,37.363599,35434250.0,0.0,1323951099.1,0.0,0.0,-0.06119046229557488,29500.7848,24867.543640000746
2004-07-29,37.754156,35434250.0,0.0,1337790185.45,0.0,0.0,-0.02412432396550959,29500.7848,24867.543640000746
2004-07-30,37.761691,35434250.0,0.0,1338057189.7,0.0,0.0,-0.02412432396550959,29500.7848,24867.543640000746
2004-08-02,37.519591,35434250.0,0.0,1329478575.08,0.0,0.0,-0.02412432396550959,29500.7848,24867.543640000746
2004-08-03,37.684449,36437650.0,1003400.0,1373132761.37,37812576.1266,0.02753745099554226,3.117943451037312,7562515.225319999,1910695.3888450009
2004-08-04,37.160781,36437650.0,0.0,1354051532.48,0.0,0.0,-0.04950474287753167,7562515.225319999,1910695.3888450009
2004-08-05,37.400853,36437650.0,0.0,1362799202.71,0.0,0.0,-0.04941134118525696,7562515.225319999,1910695.3888450009
2004-08-06,36.266597,36437650.0,0.0,1321469562.73,0.0,0.0,-0.04941134118525696,7562515.225319999,1910695.3888450009
2004-08-09,35.785484,36437650.0,0.0,1303938955.39,0.0,0.0,-0.04941134118525696,7562515.225319999,1910695.3888450009
2004-08-10,36.014064,36441650.0,4000.0,1312411920.28,144056.256,0.00010976451354485255,-0.03689129858899148,28811.2512,1911621.8902300007
2004-08-11,35.528574,36441650.0,0.0,1294719861.93,0.0,0.0,-0.04951677974347044,28811.2512,1911621.8902300007
2004-08-12,35.551337,36441650.0,0.0,1295549371.23,0.0,0.0,-0.04941224036918382,28811.2512,1911621.8902300007
2004-08-13,35.50521,36441650.0,0.0,1293868442.33,0.0,0.0,-0.04941224036918382,28811.2512,1911621.8902300007
2004-08-16,35.615863,36441650.0,0.0,1297900801.51,0.0,0.0,-0.04941224036918382,28811.2512,1911621.8902300007
2004-08-17,36.22325,36444500.0,2850.0,1320138219.24,103236.2625,7.820110121456285e-05,-0.04049242443803656,20647.2525,1910368.6284550007
2004-08-18,35.879758,36444500.0,0.0,1307619835.01,0.0,0.0,-0.049487366111667604,20647.2525,1910368.6284550007
2004-08-19,36.229841,36444500.0,0.0,1320378428.45,0.0,0.0,-0.049400950237457594,20647.2525,1910368.6284550007
2004-08-20,36.070273,36444500.0,0.0,1314563053.61,0.0,0.0,-0.049400950237457594,20647.2525,1910368.6284550007
2004-08-23,36.545758,36444500.0,0.0,1331891871.84,0.0,0.0,-0.049400950237457594,20647.2525,1910368.6284550007
2004-08-24,36.878634,36447800.0,3300.0,1344145086.43,121699.4922,9.054044346003554e-05,-0.03907367427224544,24339.898439999997,1909078.4068650007
2004-08-25,36.740947,36447800.0,0.0,1339126671.06,0.0,0.0,-0.04948792692796735,24339.898439999997,1909078.4068650007
2004-08-26,37.252109,36447800.0,0.0,1357757412.14,0.0,0.0,-0.0676193691511671,24339.898439999997,1909078.4068650007
2004-08-27,37.301467,36447800.0,0.0,1359556401.96,0.0,0.0,-0.0676193691511671,24339.898439999997,1909078.4068650007
2004-08-30,37.22474,36447800.0,0.0,1356759860.68,0.0,0.0,-0.0676193691511671,24339.898439999997,1909078.4068650007
2004-08-31,37.113669,36451950.0,4150.0,1352865612.87,154021.72635,0.00011384850415648811,-0.054390100240449726,30804.34527,26150.686852500745
2004-09-01,36.924631,36451950.0,0.0,1345974812.38,0.0,0.0,-0.054140654438998945,30804.34527,26150.686852500745
2004-09-02,37.165854,36451950.0,0.0,1354767867.88,0.0,0.0,-0.027410658357937545,30804.34527,26150.686852500745
2004-09-03,37.643993,36451950.0,0.0,1372196947.24,0.0,0.0,-0.027410658357937545,30804.34527,26150.686852500745
2004-09-06,37.74177,36451950.0,0.0,1375761115.89,0.0,0.0,-0.027410658357937545,30804.34527,26150.686852500745
2004-09-07,37.829478,36455250.0,3300.0,1379083090.7,124837.2774,9.052194044133674e-05,-0.0018045448992621566,24967.45548,25189.737922500746
2004-09-08,37.716446,36455250.0,0.0,1374962469.04,0.0,0.0,-0.013211838293848348,24967.45548,25189.737922500746
2004-09-09,37.473924,36455250.0,0.0,1366121268.28,0.0,0.0,-0.0131240032843093,24967.45548,25189.737922500746
2004-09-10,37.674161,36455250.0,0.0,1373420946.47,0.0,0.0,-0.0131240032843093,24967.45548,25189.737922500746
2004-09-13,38.176392,36455250.0,0.0,1391729923.31,0.0,0.0,-0.0131240032843093,24967.45548,25189.737922500746
2004-09-14,38.307854,36458850.0,3600.0,1396660312.1,137908.2744,9.874145717840506e-05,-0.006687181534365748,27581.65488,26923.338517500746
2004-09-15,38.277264,36458850.0,0.0,1395545022.25,0.0,0.0,-0.0191576575966435,27581.65488,26923.338517500746
2004-09-16,38.400817,36458850.0,0.0,1400049633.25,0.0,0.0,-0.004553529416889507,27581.65488,26923.338517500746
2004-09-17,38.654847,36458850.0,0.0,1409311251.88,0.0,0.0,-0.004553529416889507,27581.65488,26923.338517500746
2004-09-20,38.432118,36462750.0,3900.0,1401340701.53,149885.26020000002,0.00010695847200923626,0.00901743458725288,57558.706920000004,34417.601527500745
2004-09-21,38.681779,36462750.0,0.0,1410444034.26,0.0,0.0,-0.0046675699526122875,29977.052040000002,28332.626917500747
2004-09-22,38.378284,35062750.0,-1400000.0,1345648182.37,-53729597.6,-0.03992841390783857,-4.594867834297151,-10715942.46796,-2658147.2530824994
2004-09-23,37.890058,35062750.0,0.0,1328529635.73,0.0,0.0,0.034434229447951215,-10715942.46796,-2658147.2530824994
2004-09-24,37.941909,35062750.0,0.0,1330347660.81,0.0,0.0,0.034434229447951215,-10715942.46796,-2658147.2530824994
2004-09-27,37.543655,35062750.0,0.0,1316383773.55,0.0,0.0,0.034434229447951215,-10745919.52,-2658147.2530824994
2004-09-28,37.691601,35066500.0,3750.0,1321712527.63,141343.50375,0.00010693967167236208,0.046742486747933264,-10717650.81925,-2658781.1642124997
2004-09-29,38.089894,35066500.0,0.0,1335679267.6,0.0,0.0,0.03442434925139169,28268.70075,-2658781.1642124997
2004-09-30,37.975237,35066500.0,0.0,1331658649.81,0.0,0.0,0.03442434925139169,28268.70075,-2658781.1642124997
2004-10-01,38.46895,35066500.0,0.0,1348971426.06,0.0,0.0,0.03442434925139169,28268.70075,-2658781.1642124997
2004-10-05,39.259056,37069750.0,2003250.0,1455323407.73,78645703.932,0.05404001853764644,5.415773548595899,15757409.487149999,1273504.0323875002
2004-10-06,39.255429,37069750.0,0.0,1455188938.45,0.0,0.0,-0.015337535394239012,15729140.7864,1267262.1685175004
2004-10-07,39.291979,37069750.0,0.0,1456543836.18,0.0,0.0,-0.015337535394239012,15729140.7864,1267262.1685175004
2004-10-08,39.231319,37069750.0,0.0,1454295187.01,0.0,0.0,-0.015337535394239012,15729140.7864,1267262.1685175004
2004-10-11,39.027882,37069750.0,0.0,1446753816.45,0.0,0.0,-0.015337535394239012,15729140.7864,1267262.1685175004
2004-10-12,38.366196,37072825.0,3075.0,1422343266.12,117976.0527,8.29448527019965e-05,0.011269684041987457,23595.21054,1273160.9711525005
2004-10-13,38.964193,37072825.0,0.0,1444512719.74,0.0,0.0,-0.011362594845258369,23595.21054,1266265.5574325004
2004-10-14,38.242577,37072825.0,0.0,1417760374.99,0.0,0.0,-0.011362594845258369,23595.21054,1266265.5574325004
2004-10-15,37.894513,37072825.0,0.0,1404856632.96,0.0,0.0,-0.011362594845258369,23595.21054,1266265.5574325004
2004-10-18,38.0704,37072825.0,0.0,1411377295.19,0.0,0.0,0.0051310038021014906,23595.21054,1266265.5574325004
2004-10-19,38.564197,37073325.0,500.0,1429702997.37,19282.0985,1.3486786091566045e-05,0.006542248328001343,3856.4197,1259735.3993475004
2004-10-20,37.992194,37526325.0,453000.0,1425707418.67,17210463.882,0.012071525795983532,1.2597163936763902,3445949.1960999994,2120258.5934475004
2004-10-21,38.130146,37526325.0,0.0,1430884241.37,0.0,0.0,-0.00545851508993662,3445949.1960999994,4806738.4734475
2004-10-22,38.424331,37526325.0,0.0,1441923923.98,0.0,0.0,-0.00545851508993662,3445949.1960999994,4806738.4734475
2004-10-25,37.39533,37526325.0,0.0,1403309323.01,0.0,0.0,-0.00545851508993662,3445949.1960999994,4806738.4734475
2004-10-26,37.398169,37530675.0,4350.0,1403578532.84,162682.03515,0.00011590518901769556,0.006587876725540228,3474629.1834299997,4814872.575205
2004-10-27,37.565711,37530675.0,0.0,1409866496.51,0.0,0.0,-0.0055067699308274515,32536.407030000002,4807805.4000175
2004-10-28,38.48825,37530675.0,0.0,1444490010.55,0.0,0.0,-0.0055067699308274515,32536.407030000002,4807805.4000175
2004-10-29,38.679403,37530675.0,0.0,1451664098.58,0.0,0.0,-0.0055067699308274515,32536.407030000002,4807805.4000175
2004-11-01,38.759216,37530675.0,0.0,1454659543.86,0.0,0.0,-0.0055067699308274515,32536.407030000002,4807805.4000175
2004-11-02,39.095479,37534275.0,3600.0,1467420456.26,140743.72439999998,9.591233637202531e-05,0.0044617003419467,28148.744879999995,882557.3896375004
2004-11-03,39.34067,37534275.0,0.0,1476623541.87,0.0,0.0,-0.005508141818979923,28148.744879999995,882557.3896375004
2004-11-04,39.105658,37534275.0,0.0,1467802503.74,0.0,0.0,0.013203144341477752,28148.744879999995,882557.3896375004
2004-11-05,39.78868,37534275.0,0.0,1493439238.27,0.0,0.0,0.013203144341477752,28148.744879999995,882557.3896375004
2004-11-08,39.476103,37534275.0,0.0,1481706912.07,0.0,0.0,0.013203144341477752,28148.744879999995,882557.3896375004
2004-11-09,39.647174,37537500.0,3225.0,1488255779.82,127862.13615,8.59140867341127e-05,0.022322583076561077,25572.42723,883051.6938100003
2004-11-10,39.680395,37537500.0,0.0,1489502842.43,0.0,0.0,-0.06904730017478804,25572.42723,883051.6938100003
2004-11-11,40.01156,37537500.0,0.0,1501933924.99,0.0,0.0,-0.06904730017478804,25572.42723,883051.6938100003
2004-11-12,40.192666,37537500.0,0.0,1508732198.35,0.0,0.0,-0.06904730017478804,25572.42723,883051.6938100003
2004-11-15,40.214828,37537500.0,0.0,1509564100.71,0.0,0.0,-0.06904730017478804,25572.42723,883051.6938100003
2004-11-16,39.961949,37541250.0,3750.0,1500221515.78,149857.30875,9.989012100795375e-05,-0.05433306096573128,29971.46175,889580.4543225004
2004-11-17,40.235088,37541250.0,0.0,1510475496.23,0.0,0.0,-0.06906052344330668,29971.46175,29057.260222500372
2004-11-18,40.470339,37541250.0,0.0,1519307119.94,0.0,0.0,-0.06906052344330668,29971.46175,29057.260222500372
2004-11-19,40.599658,37541250.0,0.0,1524161926.71,0.0,0.0,-0.06906052344330668,29971.46175,29057.260222500372
2004-11-22,39.86852,37541250.0,0.0,1496714093.72,0.0,0.0,-0.06906052344330668,29971.46175,29057.260222500372
2004-11-23,40.153938,37545000.0,3750.0,1507579609.67,150577.2675,9.988014333316727e-05,-0.054347743445394336,30115.453499999996,28452.021840000372
2004-11-24,40.02083,37545000.0,0.0,1502582047.26,0.0,0.0,-0.0690411143604871,30115.453499999996,28452.021840000372
2004-11-25,40.300755,37545000.0,0.0,1513091831.22,0.0,0.0,-0.0690411143604871,30115.453499999996,28452.021840000372
2004-11-26,40.25011,37545000.0,0.0,1511190395.61,0.0,0.0,-0.0690411143604871,30115.453499999996,28452.021840000372
2004-11-29,40.752931,37545000.0,0.0,1530068779.48,0.0,0.0,-0.0690411143604871,30115.453499999996,28452.021840000372
2004-11-30,40.301708,37549000.0,4000.0,1513288824.67,161206.832,0.00010652747140662593,-0.05334915842410458,32241.3664,29475.177220000372
2004-12-01,40.38733,37549000.0,0.0,1516503841.79,0.0,0.0,-0.06907699429114371,32241.3664,29475.177220000372
2004-12-02,40.711118,37549000.0,0.0,1528661755.01,0.0,0.0,-0.06907699429114371,32241.3664,29475.177220000372
2004-12-03,40.891128,37549000.0,0.0,1535420968.92,0.0,0.0,-0.06907699429114371,32241.3664,29475.177220000372
2004-12-06,40.690988,38399000.0,850000.0,1562493261.58,34587339.8,0.02213599293543521,3.0623727157173546,6949709.3264,1758842.1672200002
2004-12-07,40.994304,38402500.0,3500.0,1574283749.98,143480.064,9.113990028914598e-05,-0.07967024478455416,6946163.9728,1759623.0636125002
2004-12-08,40.815737,38402500.0,0.0,1567426342.96,0.0,0.0,-0.0925586266058963,6946163.9728,1759623.0636125002
2004-12-09,40.30893,42152500.0,3750000.0,1699122172.0,151158487.5,0.08896269496741051,8.194286074592656,37177861.4728,9317547.4386125
2004-12-10,40.459899,42152500.0,0.0,1705485885.55,0.0,0.0,-0.13013793540906907,37177861.4728,9317547.4386125
2004-12-13,40.976533,42152500.0,0.0,1727263288.23,0.0,0.0,-0.13013793540906907,30260393.5128,9317547.4386125
2004-12-14,41.114595,42156750.0,4250.0,1733257689.53,174737.02875,0.00010081422387768705,-0.12078435214727533,30266644.90575,9318791.4246125
2004-12-15,41.035049,42156750.0,0.0,1729904286.13,0.0,0.0,-0.13012834108401689,30266644.90575,9318791.4246125
2004-12-16,41.004582,42156750.0,0.0,1728619903.25,0.0,0.0,-0.13012834108401689,34947.40575,9318791.4246125
2004-12-17,40.655202,43356750.0,1200000.0,1762677429.8,48786242.400000006,0.027677351269843786,2.3790959831952487,9792195.885750001,11758103.5446125
2004-12-20,40.95405,43356750.0,0.0,1775634499.9,0.0,0.0,-0.14803784656853475,9792195.885750001,11758103.5446125
2004-12-21,40.884338,43361250.0,4500.0,1772795981.97,183979.521,0.00010377929715045653,-0.1386426252890565,9794044.384200001,11759773.6572875
2004-12-22,41.098319,43361250.0,0.0,1782074476.28,0.0,0.0,-0.14806364017338047,9794044.384200001,11759773.6572875
2004-12-23,41.206747,43361250.0,0.0,1786776049.15,0.0,0.0,-0.14806364017338047,9794044.384200001,11759773.6572875
2004-12-27,41.307801,43361250.0,0.0,1791157890.82,0.0,0.0,-0.14806364017338047,36795.904200000004,11759773.6572875
2004-12-28,41.219973,43565800.0,204550.0,1795781101.6,8431545.47715,0.004695196686075874,0.2770049528447982,1723104.99963,12181350.931145001
2004-12-29,41.164844,43565800.0,0.0,1793379381.16,0.0,0.0,-0.15160096170501872,1686309.0954300002,12173290.589545
2004-12-30,41.285663,43565800.0,0.0,1798642957.23,0.0,0.0,-0.15152850600006207,1686309.0954300002,12173290.589545
2005-01-03,41.719502,43565800.0,0.0,1817543463.26,0.0,0.0,-0.15152850600006207,1686309.0954300002,12173290.589545
2005-01-04,41.663823,43569750.0,3950.0,1815282369.39,164572.10085000002,9.065922945381887e-05,-0.14332310576999457,1719223.5156,12181519.1945875
2005-01-05,41.380347,43569750.0,0.0,1802931357.02,0.0,0.0,-0.15159902559161395,32914.420170000005,10452152.2045875
2005-01-06,41.618445,43569750.0,0.0,1813305240.13,0.0,0.0,-0.15159902559161395,32914.420170000005,10444978.2013875
2005-01-07,41.808096,43569750.0,0.0,1821568294.22,0.0,0.0,-0.15152328612287758,32914.420170000005,10444978.2013875
2005-01-10,41.707034,43570250.0,500.0,1817185895.98,20853.517,1.1475720258523025e-05,-0.15048465457322222,37085.12357,2888096.5022375
2005-01-11,41.289328,43574000.0,3750.0,1799141167.37,154834.97999999998,8.606049531195993e-05,-0.14374304145420988,35137.6994,2895838.2512375005
2005-01-12,40.851572,43574000.0,0.0,1780066399.89,0.0,0.0,-0.15159916184231573,35137.6994,2895838.2512375005
2005-01-13,40.88832,43574000.0,0.0,1781667643.47,0.0,0.0,-0.15159916184231573,35137.6994,2887101.3998000002
2005-01-14,40.967289,43574000.0,0.0,1785108638.94,0.0,0.0,-0.15151136738873586,35137.6994,2887101.3998000002
2005-01-17,41.178743,43574000.0,0.0,1794322561.29,0.0,0.0,-0.15151136738873586,30966.995999999996,2887101.3998000002
2005-01-18,40.872978,41578000.0,-1996000.0,1699416661.84,-81582464.088,-0.04800615759508246,-4.1555724111551156,-16316492.8176,-3631333.9246
2005-01-19,41.217242,41578000.0,0.0,1713730494.08,0.0,0.0,-0.10625669892599421,-16316492.8176,-3631333.9246
2005-01-20,40.794784,41578000.0,0.0,1696165525.95,0.0,0.0,-0.10625669892599421,-16316492.8176,-3640532.9006499997
2005-01-21,40.874837,41578000.0,0.0,1699493960.9,0.0,0.0,-0.08876467332524936,-16316492.8176,-3640532.9006499997
2005-01-24,40.531157,41578000.0,0.0,1685204448.72,0.0,0.0,-0.08876467332524936,-16316492.8176,-3640532.9006499997
2005-01-25,40.936779,41582800.0,4800.0,1702265873.13,196496.5392,0.00011543234362015185,-0.07890249063088695,39299.30784,-3630708.07369
2005-01-26,41.067003,41582800.0,0.0,1707680964.78,0.0,0.0,-0.08884817597295785,39299.30784,-4052285.3475475004
2005-01-27,40.70986,41582800.0,0.0,1692829957.58,0.0,0.0,-0.08884817597295785,39299.30784,-4052285.3475475004
2005-01-28,40.87406,41582800.0,0.0,1699657851.14,0.0,0.0,-0.08876877161472191,39299.30784,-4052285.3475475004
2005-01-31,41.260109,41582800.0,0.0,1715710867.46,0.0,0.0,-0.08876877161472191,39299.30784,-4052285.3475475004
2005-02-01,41.343796,41586750.0,3950.0,1719354102.97,163307.9942,9.498217610782032e-05,-0.08065380036317356,32661.59884,-4052348.5528800003
2005-02-02,41.571016,41582250.0,-4500.0,1728616372.15,-187069.57200000001,-0.0001082192527005449,-0.09808326151412179,-4752.3155600000055,-4061702.0314800004
2005-02-03,41.572419,41582250.0,0.0,1728674723.87,0.0,0.0,-0.08875913451572984,-4752.3155600000055,-4061702.0314800004
2005-02-04,41.804494,41582250.0,0.0,1738324919.57,0.0,0.0,-0.08870255767244833,-4752.3155600000055,-4061702.0314800004
2005-02-07,42.380833,41582250.0,0.0,1762290391.17,0.0,0.0,-0.08870255767244833,-4752.3155600000055,-4062744.7073299997
2005-02-08,42.33526,41583500.0,1250.0,1760448272.47,52919.075,3.0059999959982803e-05,-0.08613435951705697,-26830.099400000006,-4067840.5025799996
2005-02-09,42.40769,41583500.0,0.0,1763460192.33,0.0,0.0,-0.08872430935327001,10583.814999999999,-4067840.5025799996
2005-02-10,42.287465,41583500.0,0.0,1758460801.38,0.0,0.0,-0.08872430935327001,10583.814999999999,-4067840.5025799996
2005-02-11,42.273298,41583500.0,0.0,1757871691.68,0.0,0.0,-0.08865880901127716,10583.814999999999,-4067840.5025799996
2005-02-14,42.505553,41583500.0,0.0,1767529673.09,0.0,0.0,-0.08865880901127716,10583.814999999999,-4067840.5025799996
2005-02-15,42.588011,41584600.0,1100.0,1771005400.65,46846.8121,2.6452100079879e-05,-0.0863988633170525,9369.362420000001,13625.042424999998
2005-02-16,42.28243,41584600.0,0.0,1758297956.06,0.0,0.0,-0.08867795002382613,9369.362420000001,13625.042424999998
2005-02-17,42.48734,41584600.0,0.0,1766819050.01,0.0,0.0,-0.08867795002382613,9369.362420000001,13625.042424999998
2005-02-18,42.300229,41584600.0,0.0,1759038118.35,0.0,0.0,-0.08859559625355222,9369.362420000001,13625.042424999998
2005-02-21,42.253974,41584600.0,0.0,1757114595.1,0.0,0.0,-0.08859559625355222,9369.362420000001,13625.042424999998
2005-02-22,41.850599,41585750.0,1150.0,1740388560.72,48128.188850000006,2.7653703279967168e-05,-0.08623300296947087,9625.637770000001,6206.624907499999
2005-02-23,41.682009,41585750.0,0.0,1733377626.59,0.0,0.0,-0.08861560634153537,9625.637770000001,6206.624907499999
2005-02-24,41.660833,41585750.0,0.0,1732496984.96,0.0,0.0,-0.08861560634153537,9625.637770000001,6206.624907499999
2005-02-25,42.027473,41586450.0,700.0,1747773399.9,29419.2311,1.683240579224014e-05,-0.08711205198234946,15509.483990000002,7677.586462499999
2005-02-28,42.266285,41586450.0,0.0,1757704745.73,0.0,0.0,-0.0885623014023315,15509.483990000002,7677.586462499999
2005-03-01,42.37932,40837700.0,-748750.0,1730673959.31,-31731515.85,-0.01833477396438726,-1.6362604403734455,-6340419.32378,-1587063.6057475
2005-03-02,42.390498,40837700.0,0.0,1731130426.38,0.0,0.0,-0.07454047263927306,-6340419.32378,-1577710.1271475
2005-03-03,42.580267,40837700.0,0.0,1738880174.96,0.0,0.0,-0.07454047263927306,-6340419.32378,-1577710.1271475
2005-03-04,42.78474,40837700.0,0.0,1747230392.84,0.0,0.0,-0.07447001426801338,-6346303.17,-1577710.1271475
2005-03-07,42.890268,40837700.0,0.0,1751539880.23,0.0,0.0,-0.07447001426801338,-6346303.17,-1577710.1271475
2005-03-08,42.733711,37338600.0,-3499100.0,1595616933.38,-149529528.1601,-0.09371267315605078,-6.436667156268791,-29905905.632020004,-9056832.4889025
2005-03-09,42.417518,37338600.0,0.0,1583810736.28,0.0,0.0,-0.00640551515078344,-29905905.632020004,-9056832.4889025
2005-03-10,42.296523,37338600.0,0.0,1579292946.16,0.0,0.0,-0.006344354544953344,-29905905.632020004,-9056832.4889025
2005-03-11,42.430766,37338600.0,0.0,1584305399.93,0.0,0.0,-0.006344354544953344,-29905905.632020004,-9056832.4889025
2005-03-14,42.227882,37338600.0,0.0,1576730011.56,0.0,0.0,-0.030154964837554154,-29905905.632020004,-9056832.4889025
2005-03-15,42.530701,37339500.0,900.0,1588075123.06,38277.630900000004,2.410316133297544e-05,-0.028459827888193713,7655.526180000001,-9057260.9479625
2005-03-16,41.959097,39839500.0,2500000.0,1671629461.67,104897742.5,0.06275179093529765,4.064717637657418,20987204.02618,-3812373.8229625
2005-03-17,41.732151,39839500.0,0.0,1662588036.62,0.0,0.0,-0.06237018709952751,20987204.02618,-3812373.822962501
2005-03-18,41.936277,39389500.0,-450000.0,1651848970.25,-18871324.65,-0.011424364448490655,-0.805202310737637,17212939.09618,-4755940.0554625
2005-03-21,41.970147,39389500.0,0.0,1653183092.68,0.0,0.0,-0.05589676086584975,17212939.09618,-4755940.0554625
2005-03-22,41.822433,39391000.0,1500.0,1647427443.09,62733.64949999999,3.8079764764834514e-05,-0.05342004533976586,17217830.299900003,-4755209.782430001
2005-03-23,41.681383,39391000.0,0.0,1641871344.22,0.0,0.0,-0.0559176382638783,-3761718.2000999996,-4755209.782430001
2005-03-24,42.083919,39391000.0,0.0,1657727640.01,0.0,0.0,-0.027856274607219945,-3761718.2000999996,-4755209.782430001
2005-03-29,42.022804,39392625.0,1625.0,1655388563.39,68287.0565,4.125137626912067e-05,-0.025023176922714455,26204.141200000002,-4753266.391160001
2005-03-30,41.92797,39392625.0,0.0,1651652795.12,0.0,0.0,-0.027880099981384302,26204.141200000002,-4753266.391160001
2005-03-31,42.26513,39392625.0,0.0,1664934400.64,0.0,0.0,-0.027880099981384302,13657.411300000002,-3166690.5986600006
2005-04-01,42.507456,39392625.0,0.0,1674480287.73,0.0,0.0,-0.027880099981384302,13657.411300000002,-3166690.5986600006
2005-04-04,42.000619,39392625.0,0.0,1654514653.04,0.0,0.0,-0.027832195877894834,13657.411300000002,-3166690.5986600006
2005-04-05,42.317273,39393575.0,950.0,1667028648.26,40201.40935,2.41156079662825e-05,-0.02617596488541465,8040.281870000001,-3164680.5281925006
2005-04-06,42.288877,46493575.0,7100000.0,1966161057.65,300251026.7,0.152709273501158,7.534889138592526,60058245.621869996,11847870.8068075
2005-04-07,42.293932,46493575.0,0.0,1966396122.69,0.0,0.0,-0.08354577698995869,60058245.621869996,19324347.2148125
2005-04-08,42.655094,46493575.0,0.0,1983187795.03,0.0,0.0,-0.08354577698995869,60058245.621869996,19324347.2148125
2005-04-11,42.620509,46493575.0,0.0,1981579814.58,0.0,0.0,-0.08354013072647508,60058245.621869996,19324347.2148125
2005-04-12,42.52421,46495175.0,1600.0,1977170579.82,68038.73599999999,3.4412172978112074e-05,-0.07690487420171227,60063813.0872,19327749.151612498
2005-04-13,42.617355,47445175.0,950000.0,2021987883.82,40486487.25,0.020023110709007672,0.9098958816739088,8110905.1972,21352073.5141125
2005-04-14,42.842196,47445175.0,0.0,2032655505.29,0.0,0.0,-0.08665391076373809,8110905.1972,21350159.6325675
2005-04-15,41.988197,47445175.0,0.0,1992137364.14,0.0,0.0,-0.08665391076373809,8110905.1972,16105272.5075675
2005-04-18,40.851958,47445175.0,0.0,1938228303.82,0.0,0.0,-0.08660548752265677,8110905.1972,16105272.5075675
2005-04-19,40.887322,47446100.0,925.0,1939943949.31,37820.77285,1.9495807012079967e-05,-0.08564333155493278,8104861.6045699995,17050729.77871
2005-04-20,40.40262,47446100.0,0.0,1916946761.65,0.0,0.0,-0.08661363419597194,7564.154570000001,17050729.77871
2005-04-21,40.770261,47446100.0,0.0,1934389864.4,0.0,0.0,-0.08661363419597194,7564.154570000001,17047593.096235
2005-04-22,40.892737,47446100.0,0.0,1940200879.9,0.0,0.0,-0.08661363419597194,7564.154570000001,17047593.096235
2005-04-25,41.091309,47446100.0,0.0,1949622348.37,0.0,0.0,-0.08657356227223886,7564.154570000001,17047593.096235
2005-04-26,40.861642,37448400.0,-9997700.0,1530203117.96,-408522438.22340006,-0.26697268710837835,-8.404118524936928,-81704487.64468001,-3381943.1677600057
2005-04-27,40.364111,37448400.0,0.0,1511571357.05,0.0,0.0,0.01530432730400093,-81704487.64468001,-3381943.1677600043
2005-04-28,40.423434,39648400.0,2200000.0,1602724492.0,88931554.8,0.05548773681559238,1.7283222524377078,-63918176.68468001,1064634.5722399957
2005-04-29,40.760153,31160800.0,-8487600.0,1270118981.15,-345955874.6028,-0.27238068223306305,-6.649639222194428,-133109351.60524002,-16233159.157900006
2005-05-02,40.860645,31160800.0,0.0,1273250381.82,0.0,0.0,0.05646528236201993,-133109351.60524002,-16233159.157900006
2005-05-03,40.84522,40704400.0,9543600.0,1662580190.74,389810441.59199995,0.2344611368300369,5.1033154660434255,26557224.35783999,3255352.851232493
2005-05-04,40.86215,40609400.0,-95000.0,1659387385.9,-3881904.25,-0.0023393598643601694,-0.043040041622617674,25780843.50783999,-11951293.696267506
2005-05-05,41.358166,40609400.0,0.0,1679530308.5,0.0,0.0,0.007804774777065195,7994532.54783999,-11951293.696267506
2005-05-06,41.530433,39389400.0,-1220000.0,1635858854.16,-50667128.260000005,-0.03097279947542733,-0.6585504244103169,67052281.81639999,-14484650.109267507
2005-05-09,41.385415,38989400.0,-400000.0,1613592517.73,-16554166.0,-0.010259198538729208,-0.20726825137797183,63741448.61639999,-15312358.409267506
2005-05-10,41.030638,38810500.0,-178900.0,1592419560.31,-7340381.138200001,-0.004609577350815153,-0.08388893405869943,-15688715.92964,-15682779.402977508
2005-05-11,41.077738,37460500.0,-1350000.0,1538792619.6,-55454946.3,-0.036037959627344185,-0.7572105810086623,-26003324.33964,-20479851.080477506
2005-05-12,41.111737,37460500.0,0.0,1540066231.96,0.0,0.0,0.02255159218591802,-26003324.33964,-20479851.080477506
2005-05-13,40.976838,37460500.0,0.0,1535012827.62,0.0,0.0,0.02255159218591802,-15869898.68764,-20479851.080477506
2005-05-16,41.036144,37460500.0,0.0,1537234454.8,0.0,0.0,0.02256961130235745,-12559065.487639999,-20479851.080477506
2005-05-17,40.994751,37460620.0,120.0,1535688800.18,4919.3701200000005,3.203363936380466e-06,0.02263834540538788,-11090005.385976,-20481496.150614005
2005-05-18,41.424588,37461300.0,680.0,1551818927.28,28168.71984,1.8152066162367036e-05,0.022958519545050717,6617.6179919999995,-20480087.714622006
2005-05-19,42.020261,37461300.0,0.0,1574133613.79,0.0,0.0,0.022565758702529637,6617.6179919999995,-20480087.714622006
2005-05-20,42.156043,37461300.0,0.0,1579220156.17,0.0,0.0,0.022565758702529637,6617.6179919999995,-20480087.714622006
2005-05-23,42.462882,37461300.0,0.0,1590714772.41,0.0,0.0,0.022584977097618485,6617.6179919999995,-20480087.714622006
2005-05-24,42.351797,38462440.0,1001140.0,1628953440.07,42400078.04858,0.02602903005426476,0.5802603079294019,8485649.353683999,2066038.0989769972
2005-05-25,42.401453,38462440.0,0.0,1630863357.88,0.0,0.0,0.017866165176331897,8480015.609716,2066038.0989769972
2005-05-26,42.607848,38462440.0,0.0,1638801796.72,0.0,0.0,0.017866165176331897,8480015.609716,-2380539.6410230026
2005-05-27,42.809507,38462440.0,0.0,1646558103.16,0.0,0.0,0.021874610470609072,8480015.609716,14917254.089116996
2005-05-30,43.145553,38462440.0,0.0,1659483230.76,0.0,0.0,0.02189104592993107,8480015.609716,14917254.089116996
2005-05-31,43.034318,38464250.0,1810.0,1655282750.38,77892.11558,4.7056682951670014e-05,0.02290034682791857,15578.423116,-4569373.384704
2005-06-01,43.220691,38464250.0,0.0,1662451482.08,0.0,0.0,0.03854053251556702,15578.423116,-4375278.172204001
2005-06-02,43.622019,38464250.0,0.0,1677888232.19,0.0,0.0,0.03854053251556702,15578.423116,-4375278.172204001
2005-06-03,43.573929,38464250.0,0.0,1676038481.56,0.0,0.0,0.03854053251556702,15578.423116,-1841921.7592040007
2005-06-06,43.437057,38464250.0,0.0,1670773822.29,0.0,0.0,0.038559030542130966,15578.423116,-1014213.4592040007
2005-06-07,43.89592,38464850.0,600.0,1688449962.34,26337.552,1.5598657104116456e-05,0.038899096657831776,5267.5104,-645877.5246940006
2005-06-08,43.945947,38464850.0,0.0,1690374254.58,0.0,0.0,0.03855616850404097,5267.5104,2126869.790305999
2005-06-09,43.891841,38464850.0,0.0,1688293098.58,0.0,0.0,0.043704004600742405,5267.5104,2126869.790305999
2005-06-10,44.230728,41464850.0,3000000.0,1834020495.55,132692184.0,0.07235043682552046,1.6059969407473815,26543704.3104,8761478.990306
2005-06-13,44.109866,41464850.0,0.0,1829008997.3,0.0,0.0,0.030110422154545007,26543704.3104,8761478.990306
2005-06-14,44.30555,41466000.0,1150.0,1837173931.55,50951.3825,2.773356492001439e-05,0.030709464072396674,26548627.0765,8763780.590924999
2005-06-15,44.252806,41466000.0,0.0,1834986848.52,0.0,0.0,0.03010538350163617,26548627.0765,8762372.154932998
2005-06-16,44.008645,41466000.0,0.0,1824862467.12,0.0,0.0,0.03010538350163617,26548627.0765,8762372.154932998
2005-06-17,44.530793,41466400.0,400.0,1846531667.53,17812.3172,9.646364323568044e-06,0.031168170988045175,13752.73994,8763262.770792998
2005-06-20,44.146813,41466400.0,0.0,1830609409.72,0.0,0.0,0.030958043296921894,13752.73994,8763262.770792998
2005-06-21,44.366752,42067600.0,601200.0,1866402772.44,26673291.3024,0.014291283583730037,0.3395076745732308,5338220.723920001,7976923.433483998
2005-06-22,44.604083,43067600.0,1000000.0,1920990791.72,44604083.0,0.023219311197250864,0.5290539582851823,14259037.32392,10207127.583484
2005-06-23,44.544649,43067600.0,0.0,1918431129.53,0.0,0.0,0.024125083320443847,14259037.32392,10207127.583484
2005-06-24,44.168416,43067600.0,0.0,1902227672.05,0.0,0.0,0.024125083320443847,14255474.86048,10207127.583484
2005-06-27,43.705824,44067600.0,1000000.0,1926010753.45,43705824.0,0.022692409126849986,0.512928316389707,22996639.66048,12392418.783484
2005-06-28,43.874629,44069500.0,1900.0,1933532942.77,83361.7951,4.311371854910059e-05,0.020919152659070357,17678653.75902,12392692.26746
2005-06-29,44.086154,44319500.0,250000.0,1953876310.41,11021538.5,0.005640857837969922,0.1414858369640681,10962144.85902,12943769.192459999
2005-06-30,44.389104,44319500.0,0.0,1967302906.32,0.0,0.0,0.01897757951393091,10962144.85902,12943769.192459999
2005-07-01,44.434152,44319500.0,0.0,1969299407.65,0.0,0.0,0.01897757951393091,10962144.85902,12943769.192459999
2005-07-04,44.58649,44319500.0,0.0,1976050934.51,0.0,0.0,0.01897757951393091,2220980.05902,12943769.192459999
2005-07-05,44.216278,44320750.0,1250.0,1959698598.67,55270.3475,2.8203493913559284e-05,0.019585074674246958,2215361.7695,12945215.832234997
2005-07-06,44.604901,44320750.0,0.0,1976922653.43,0.0,0.0,0.018972472613065214,11054.069500000001,12945215.832234997
2005-07-07,43.662418,44320750.0,0.0,1935151121.56,0.0,0.0,0.01032900939877699,11054.069500000001,12945215.832234997
2005-07-08,44.074305,46320750.0,2000000.0,2041554849.58,88148610.0,0.043177194097006225,0.9409639586546085,17640776.0695,10718037.132235
2005-07-11,44.801753,47055750.0,735000.0,2108180067.61,32929288.455,0.015619770322717856,0.33898454498342406,24226633.7605,12364501.554984998
2005-07-12,44.941948,47056850.0,1100.0,2114826501.54,49436.142799999994,2.337598037664129e-05,0.00014395117778228647,24225466.91956,12364425.793
2005-07-13,45.044775,49256850.0,2200000.0,2218763701.2,99098505.0,0.04466383912194138,0.9581366065481771,44045167.91956,17319351.043
2005-07-14,45.302273,49256850.0,0.0,2231447255.27,0.0,0.0,-0.008396276834666021,44045167.91956,17319351.043
2005-07-15,45.386432,49256850.0,0.0,2235592653.43,0.0,0.0,-0.008396276834666021,26415445.91956,17318460.42714
2005-07-18,45.430473,49256850.0,0.0,2237761986.28,0.0,0.0,-0.008396276834666021,19829588.22856,17318460.42714
2005-07-19,45.76352,49258100.0,1250.0,2254224062.94,57204.4,2.5376536849399515e-05,-0.007851689287181787,19831141.880000003,15987656.08202
2005-07-20,46.006455,49258100.0,0.0,2266190547.8,0.0,0.0,-0.008400853518039342,11440.880000000001,13757451.93202
2005-07-21,46.669021,49608100.0,350000.0,2315161475.65,16334157.35,0.007055299391336863,0.14301268226170985,3278272.35,14574159.79952
2005-07-22,46.649404,49608100.0,0.0,2314188309.41,0.0,0.0,-0.009674748553625354,3278272.35,14574159.79952
2005-07-25,46.553859,49608100.0,0.0,2309448516.4,0.0,0.0,-0.009674748553625354,3278272.35,12388868.599520002
2005-07-26,46.679995,49610350.0,2250.0,2315810894.47,105029.98874999999,4.535343926432185e-05,-0.008701535187778518,3287837.46775,12389952.009202499
2005-07-27,46.789136,49610350.0,0.0,2321225422.6,0.0,0.0,-0.009682927556464207,3287837.46775,11838875.0842025
2005-07-28,47.175025,49610350.0,0.0,2340369511.75,0.0,0.0,-0.009677506551231627,21005.99775,11838875.0842025
2005-07-29,47.256553,50110350.0,500000.0,2368042394.61,23628276.5,0.009977978668701752,0.20439823852535127,4746661.29775,13020288.9092025
2005-08-01,47.263226,50110350.0,0.0,2368376785.18,0.0,0.0,-0.01147473864548105,4746661.29775,13020288.9092025
2005-08-02,47.302385,50111750.0,1400.0,2370405307.54,66223.339,2.793755936562866e-05,-0.010875348716907643,4738899.967800001,13020836.5587775
2005-08-03,47.305591,51111750.0,1000000.0,2417871539.57,47305591.0,0.019564972839050388,0.4079920587239833,14200018.1678,15386116.108777499
2005-08-04,46.999058,51111750.0,0.0,2402204099.08,0.0,0.0,-0.014991821916442381,14200018.1678,15386116.108777499
2005-08-05,46.798435,51111750.0,0.0,2391949912.01,0.0,0.0,-0.014991821916442381,9474362.867800001,10978685.608777499
2005-08-08,46.796588,51111750.0,0.0,2391855505.97,0.0,0.0,-0.014991821916442381,9474362.867800001,9332221.1860275
2005-08-09,47.072953,51113000.0,1250.0,2406039843.51,58841.191249999996,2.4455617976866405e-05,-0.014467506045173736,9472886.43825,9332691.43845
2005-08-10,47.901279,51113000.0,0.0,2448378097.43,0.0,0.0,-0.014996228921546327,11768.238249999999,4377766.188449999
2005-08-11,47.763627,51113000.0,0.0,2441342261.87,0.0,0.0,-0.014991245610702883,11768.238249999999,4377766.188449999
2005-08-12,47.61225,51113000.0,0.0,2433604952.68,0.0,0.0,-0.014991245610702883,11768.238249999999,4377766.188449999
2005-08-15,47.482059,51113000.0,0.0,2426950469.81,0.0,0.0,-0.014991245610702883,11768.238249999999,4377766.188449999
2005-08-16,47.571262,51113500.0,500.0,2431533709.13,23785.630999999998,9.782151450621044e-06,-0.014778488064812096,4757.1262,4376095.249999998
2005-08-17,46.885862,51613500.0,500000.0,2419943452.25,23442931.0,0.009687387933880595,0.19267288008092226,4693343.3262,5548241.799999999
2005-08-18,46.667551,51613500.0,0.0,2408675638.7,0.0,0.0,-0.020049894282574643,4693343.3262,4731533.932499999
2005-08-19,47.322109,51613500.0,0.0,2442459683.51,0.0,0.0,-0.020049894282574643,4693343.3262,4731533.932499999
2005-08-22,47.702697,51613500.0,0.0,2462103161.41,0.0,0.0,-0.020049894282574643,4693343.3262,4731533.932499999
2005-08-23,47.429607,51615100.0,1600.0,2448083921.25,75887.3712,3.099868045424343e-05,-0.01938492363483568,4703763.67424,4730076.8016225
2005-08-24,47.128698,51615100.0,0.0,2432552467.06,0.0,0.0,-0.020055484517613117,15177.47424,4730076.8016225
2005-08-25,46.837426,51615100.0,0.0,2417518450.09,0.0,0.0,-0.037622612928822,15177.47424,4730076.8016225
2005-08-26,46.316276,51615100.0,0.0,2390619206.25,0.0,0.0,-0.037622612928822,15177.47424,3548662.9766224995
2005-08-29,46.192428,48615100.0,-3000000.0,2245649499.14,-138577284.0,-0.061709222233064395,-1.3744061968041044,-27700279.32576,-3380201.2233775007
2005-08-30,46.365591,48617600.0,2500.0,2254183753.56,115913.97750000001,5.142170744374265e-05,-0.024970315154944214,-27692274.0045,-3377716.6914525004
2005-08-31,46.436586,48617600.0,0.0,2257635365.47,0.0,0.0,-0.02609385906869354,-27692274.0045,-5742996.2414525
2005-09-01,46.886739,48617600.0,0.0,2279520709.49,0.0,0.0,-0.026089467382225694,-27692274.0045,-5742996.2414525
2005-09-02,46.714716,48617600.0,0.0,2271157390.01,0.0,0.0,-0.014777312169790975,-27692274.0045,-5742996.2414525
2005-09-05,47.113535,48617600.0,0.0,2290547001.57,0.0,0.0,-0.014777312169790975,23182.7955,-5742996.2414525
2005-09-06,47.563121,48618600.0,1000.0,2312452376.88,47563.121,2.0568259686356424e-05,-0.01642938959097732,9512.6242,-5743560.144965
2005-09-07,47.97895,48618600.0,0.0,2332669371.79,0.0,0.0,-0.016882417905068576,9512.6242,-5743560.144965
2005-09-08,47.937589,48618600.0,0.0,2330658482.11,0.0,0.0,-0.016875426532644015,9512.6242,-5743560.144965
2005-09-09,48.171905,48618600.0,0.0,2342050561.07,0.0,0.0,-0.016875426532644015,9512.6242,-5743560.144965
2005-09-12,48.247411,48618600.0,0.0,2345721582.4,0.0,0.0,-0.016875426532644015,9512.6242,-5743560.144965
2005-09-13,47.400654,48619200.0,600.0,2304581892.59,28440.3924,1.2340803549418379e-05,-0.01659830504394116,5688.07848,-5743327.4068950005
2005-09-14,47.212227,48619200.0,0.0,2295420719.65,0.0,0.0,-0.01687011862350924,5688.07848,-6915473.956895001
2005-09-15,47.284753,48619200.0,0.0,2298946851.09,0.0,0.0,-0.01687011862350924,5688.07848,-6915473.956895001
2005-09-16,47.95823,48619200.0,0.0,2331690796.15,0.0,0.0,-0.01687011862350924,5688.07848,-6915473.956895001
2005-09-19,47.61023,48619500.0,300.0,2314785573.2,14283.069,6.1703637543648745e-06,-0.016735345541897716,8544.69228,-6914759.803445001
2005-09-20,47.65938,48621250.0,1750.0,2317258643.99,83403.915,3.5992492774302466e-05,-0.016080675835657577,19537.3968,-6914383.9762550015
2005-09-21,47.104225,48621250.0,0.0,2290266314.49,0.0,0.0,0.01172616478757397,19537.3968,-6914383.9762550015
2005-09-22,46.822522,49021250.0,400000.0,2295298543.21,18729008.8,0.008159726696731692,0.199029442510379,3765339.1568000005,-5977933.536255
2005-09-23,46.880134,49021250.0,0.0,2298122783.24,0.0,0.0,0.010150209742765336,3765339.1568000005,-5977933.536255
2005-09-26,47.941294,50521250.0,1500000.0,2422054078.51,71911941.0,0.029690477036845853,0.6902928317749387,18144870.743,4546527.713745
2005-09-27,48.02166,50523150.0,1900.0,2426205534.28,91241.154,3.7606522906179374e-05,0.00528217633935763,18146438.1908,4545294.072569999
2005-09-28,48.484132,50523150.0,0.0,2449571048.69,0.0,0.0,0.008275686815654222,18146438.1908,4545294.072569999
2005-09-29,48.310502,50523150.0,0.0,2440798734.82,0.0,0.0,0.008275686815654222,14400636.4308,4545294.072569999
2005-09-30,48.544515,50523150.0,0.0,2452621837.45,0.0,0.0,0.008275686815654222,14400636.4308,4545294.072569999
2005-10-03,48.949067,50523150.0,0.0,2473061076.46,0.0,0.0,0.008275686815654222,18248.230799999998,4545294.072569999
2005-10-04,49.196053,50524500.0,1350.0,2485605980.94,66414.67155,2.6719710227315862e-05,0.008892116849732354,13282.93431,4546236.6500975
2005-10-05,49.130697,52024500.0,1500000.0,2555999951.38,73696045.5,0.028832569210422345,0.6681278941659885,14752492.034310002,8231038.9250975
2005-10-06,48.242998,52024500.0,0.0,2509817854.97,0.0,0.0,0.002713512735383269,14752492.034310002,8231038.9250975
2005-10-07,48.449539,52024500.0,0.0,2520563042.65,0.0,0.0,0.002713512735383269,14752492.034310002,8231038.9250975
2005-10-10,48.408534,52024500.0,0.0,2518429759.96,0.0,0.0,0.002713512735383269,14752492.034310002,8231038.9250975
2005-10-11,48.705657,52025800.0,1300.0,2533950754.07,63317.354100000004,2.498760246161077e-05,-0.05833987863443958,14751872.57082,8232782.773182499
2005-10-12,48.370041,52025800.0,0.0,2516490101.12,0.0,0.0,-0.05903991830182361,12663.47082,8232782.773182499
2005-10-13,47.73044,54025800.0,2000000.0,2578675225.26,95460880.0,0.03701934972845406,0.9877216147643156,19104839.470820002,13005826.7731825
2005-10-14,47.886586,54025800.0,0.0,2587111114.97,0.0,0.0,-0.16923433193369822,19104839.470820002,13005826.7731825
2005-10-17,48.053066,56025800.0,2000000.0,2692211440.69,96106132.0,0.03569783953349834,1.2412692135402874,38326065.87082,17810419.2197325
2005-10-18,47.750888,56026900.0,1100.0,2675334236.68,52525.976800000004,1.9633426014531547e-05,-0.18837889490371046,38323907.59536,17808875.3228225
2005-10-19,46.804569,56026900.0,0.0,2622314880.57,0.0,0.0,-0.19134935159210273,38323907.59536,17808875.3228225
2005-10-20,47.152145,56026900.0,0.0,2641788533.95,0.0,0.0,-0.19134935159210273,19231731.59536,16872424.882822502
2005-10-21,46.719377,56026900.0,0.0,2617541850.33,0.0,0.0,-0.21612084203322035,19231731.59536,16872424.882822502
2005-10-24,47.109656,56026900.0,0.0,2639407994.45,0.0,0.0,-0.22350935903093735,10505.195360000002,13276827.8328225
2005-10-25,47.229607,56028150.0,1250.0,2646187487.58,59037.00875,2.2310213855629225e-05,-0.22501916475115305,11807.40175,13275217.625559999
2005-10-26,47.055062,56028150.0,0.0,2636408087.36,0.0,0.0,-0.2595345958120829,11807.40175,13275217.625559999
2005-10-27,46.589012,56028150.0,0.0,2610296138.64,0.0,0.0,-0.2595345958120829,11807.40175,13275217.625559999
2005-10-28,46.436437,56028150.0,0.0,2601747657.08,0.0,0.0,-0.2595345958120829,11807.40175,13275217.625559999
2005-10-31,47.319335,57030750.0,1002600.0,2698657138.84,47442365.271000005,0.017579989909867835,1.1188314867819897,9500280.455950001,15647335.889109999
2005-11-01,47.40837,57030750.0,0.0,2703734907.85,0.0,0.0,-0.26979778158847695,9488473.054200001,15644015.1555325
2005-11-02,47.761467,59030750.0,2000000.0,2819395232.27,95522934.0,0.03388064678079594,2.3293756520025135,28593059.854199998,16735359.5805325
2005-11-03,48.302715,59030750.0,0.0,2851345468.97,0.0,0.0,-0.28538059094044427,28593059.854199998,16735359.5805325
2005-11-04,48.150644,59030750.0,0.0,2842368607.36,0.0,0.0,-0.28538059094044427,28593059.854199998,16735359.5805325
2005-11-07,48.42922,59030750.0,0.0,2858813164.8,0.0,0.0,-0.28538059094044427,19104586.8,16735359.5805325
2005-11-08,48.280806,59032250.0,1500.0,2850124614.96,72421.209,2.5409839492585273e-05,-0.2700334080570795,19119071.0418,16735814.7732775
2005-11-09,48.306114,59032250.0,0.0,2851618591.64,0.0,0.0,-0.27201896625751665,14484.2418,16735814.7732775
2005-11-10,48.346142,59032250.0,0.0,2853981564.07,0.0,0.0,-0.27201896625751665,14484.2418,11962770.773277499
2005-11-11,49.070804,59032250.0,0.0,2896759946.1,0.0,0.0,-0.27201896625751665,14484.2418,11962770.773277499
2005-11-14,49.08638,59032250.0,0.0,2897679479.81,0.0,0.0,-0.27201896625751665,14484.2418,7157464.173277499
2005-11-15,49.261391,59033000.0,750.0,2908047685.29,36946.04325,1.2704758397493617e-05,-0.271002182043978,7389.2086500000005,7156685.176599999
2005-11-16,48.980184,59033000.0,0.0,2891447207.72,0.0,0.0,-0.2719949424971868,7389.2086500000005,7156685.176599999
2005-11-17,49.155992,59033000.0,0.0,2901825692.42,0.0,0.0,-0.2719949424971868,7389.2086500000005,7156685.176599999
2005-11-18,49.38504,59033000.0,0.0,2915347062.01,0.0,0.0,-0.2719949424971868,7389.2086500000005,7156685.176599999
2005-11-21,49.838484,59033000.0,0.0,2942115218.27,0.0,0.0,-0.2719949424971868,7389.2086500000005,7156685.176599999
2005-11-22,49.877913,56534600.0,-2498400.0,2819827838.78,-124614977.8392,-0.04419240640347559,-3.500371765076536,-24922995.567840002,922984.4342024997
2005-11-23,50.083596,56534600.0,0.0,2831456061.22,0.0,0.0,-0.23030754713348267,-24922995.567840002,922984.434202499
2005-11-24,50.005252,56534600.0,0.0,2827026918.21,0.0,0.0,-0.23030754713348267,-24922995.567840002,922984.434202499
2005-11-25,50.065728,56534600.0,0.0,2830445916.13,0.0,0.0,-0.21054559590946736,-24922995.567840002,922984.434202499
2005-11-28,49.894699,56534600.0,0.0,2820776854.46,0.0,0.0,-0.21054559590946736,-24922995.567840002,-1449133.8293475013
2005-11-29,50.115114,56537100.0,2500.0,2833363214.29,125287.78499999999,4.421875189460851e-05,-0.20684770671503763,25057.556999999997,-1442869.4400975013
2005-11-30,50.055485,56537100.0,0.0,2829991980.21,0.0,0.0,-0.2105576295624902,25057.556999999997,-6219016.140097501
2005-12-01,50.760229,57437100.0,900000.0,2915520366.1,45684206.1,0.01566931468947697,1.08784125505766,9161898.776999999,-3934805.8350975006
2005-12-02,51.159843,57437100.0,0.0,2938473003.8,0.0,0.0,-0.22043389961765442,9161898.776999999,-3934805.8350975006
2005-12-05,50.762841,57437100.0,0.0,2915670371.24,0.0,0.0,-0.22043389961765442,9161898.776999999,-3934805.8350975006
2005-12-06,51.090201,57438300.0,1200.0,2934534312.39,61308.241200000004,2.0891983079273715e-05,-0.20956366298734025,9149102.86824,-3935361.4834875017
2005-12-07,50.761316,57438300.0,0.0,2915643690.7,0.0,0.0,-0.1976007779875465,9149102.86824,-3935361.4834875017
2005-12-08,50.954447,56638300.0,-800000.0,2885973263.93,-40763557.6,-0.01412471768518391,-1.375717992247003,-8140449.8717600005,-5973539.363487502
2005-12-09,50.909699,56638300.0,0.0,2883438817.98,0.0,0.0,-0.18612902141053728,-8140449.8717600005,-5973539.363487502
2005-12-12,51.092951,51638300.0,-5000000.0,2638353112.65,-255464755.0,-0.09682735558600324,-6.62683206440867,-59233400.871759996,-18746777.1134875
2005-12-13,51.18015,51639900.0,1600.0,2642937821.33,81888.23999999999,3.098379361750991e-05,-0.07995752266359081,-59229284.871999994,-18744530.003650002
2005-12-14,50.953286,47139900.0,-4500000.0,2401932800.44,-229289787.0,-0.09546053368270643,-5.565067470539716,-105087242.27199998,-30209019.353649996
2005-12-15,51.040369,47139900.0,0.0,2406037899.5,0.0,0.0,-0.021568366953794466,-96934530.752,-30209019.353649996
2005-12-16,51.597589,47139900.0,0.0,2432305200.74,0.0,0.0,-0.021568366953794466,-96934530.752,-30209019.353649996
2005-12-19,51.563222,47140700.0,800.0,2430726376.87,41250.577600000004,1.6970473514636225e-05,-0.020591088774694156,-45833329.636479996,-30206956.824769996
2005-12-20,51.624814,47142600.0,1900.0,2433727937.21,98087.14660000001,4.0303250457997404e-05,-0.01924198590607368,-45830089.85516,-23971303.575480003
2005-12-21,52.016188,47142600.0,0.0,2452178337.44,0.0,0.0,-0.021582441055578678,27867.54484,-23971303.575480003
2005-12-22,52.026035,47142600.0,0.0,2452642541.8,0.0,0.0,-0.021582441055578678,27867.54484,-23971303.575480003
2005-12-23,52.226049,47142600.0,0.0,2462071726.27,0.0,0.0,-0.0007066203279270057,27867.54484,-23971303.575480003
2005-12-27,52.47376,48642600.0,1500000.0,2552460130.16,78710640.0,0.030837167276366453,1.8122905728082157,15761745.429319998,-20035771.575480003
2005-12-28,52.495773,48643600.0,1000.0,2553583388.78,52495.773,2.055768894435062e-05,-0.00697062032645856,15752627.1546,-20039411.17608
2005-12-29,52.605699,48643600.0,0.0,2558930583.65,0.0,0.0,0.014210828432081069,15752627.1546,-20039411.17608
2005-12-30,52.119644,48643600.0,0.0,2535287124.87,0.0,0.0,0.014210828432081069,15752627.1546,-22323621.481080003
2006-01-02,52.521097,48643600.0,0.0,2554815227.04,0.0,0.0,0.014210828432081069,15752627.1546,-22323621.481080003
2006-01-03,52.624363,48645000.0,1400.0,2559912158.64,73674.1082,2.8779936042469802e-05,0.015947293188622584,25233.97624,-22319937.77567
2006-01-04,53.230629,48645000.0,0.0,2589403949.3,0.0,0.0,0.014209102428745917,14734.82164,-22323003.18773
2006-01-05,53.162137,48645000.0,0.0,2586072136.37,0.0,0.0,0.014209102428745917,14734.82164,-22323003.18773
2006-01-06,53.352602,48645000.0,0.0,2595337317.69,0.0,0.0,0.017801137079376035,14734.82164,-20284825.30773
2006-01-09,53.359514,48645000.0,0.0,2595673550.34,0.0,0.0,0.017801137079376035,14734.82164,-20284825.30773
2006-01-10,52.95075,48645700.0,700.0,2575826307.66,37065.525,1.4389761021453361e-05,0.018670079426017734,7413.1050000000005,-7509734.281480001
2006-01-11,53.318454,48645700.0,0.0,2593713515.61,0.0,0.0,0.017816855081548264,7413.1050000000005,-7513828.693480002
2006-01-12,53.407285,48645700.0,0.0,2598034763.12,0.0,0.0,0.017816855081548264,7413.1050000000005,3950660.656519999
2006-01-13,52.838152,49645700.0,1000000.0,2623187059.26,52838152.0,0.020142731267859187,1.22627595799937,10575043.504999999,6592568.256519998
2006-01-16,53.141527,49645700.0,0.0,2638248307.6,0.0,0.0,0.012597824124443182,10575043.504999999,6592568.256519998
2006-01-17,52.61634,49647000.0,1300.0,2612243425.23,68401.242,2.6184865215605808e-05,0.014171417410814183,10581310.6484,6593925.789739998
2006-01-18,51.994062,48647000.0,-1000000.0,2529355154.4,-51994062.0,-0.020556252019236006,-1.2150700154494436,182498.24839999975,3989318.332409999
2006-01-19,52.333894,48647000.0,0.0,2545886934.24,0.0,0.0,0.03285523411451388,182498.24839999943,3989318.332409999
2006-01-20,51.545315,48647000.0,0.0,2507524923.78,0.0,0.0,0.03285523411451388,-10385132.1516,3989318.332409999
2006-01-23,51.541706,48647000.0,0.0,2507349382.82,0.0,0.0,0.03285523411451388,-10385132.1516,3989318.332409999
2006-01-24,51.402546,48648100.0,1100.0,2500636179.66,56542.8006,2.261136628347426e-05,0.03421386227697572,-10387503.83988,56613.4724399984
2006-01-25,52.296454,48648100.0,0.0,2544123116.01,0.0,0.0,0.03285616638999729,11308.56012,53988.683789998395
2006-01-26,53.470135,48648100.0,0.0,2601220498.38,0.0,0.0,0.03285616638999729,11308.56012,53988.683789998395
2006-01-27,54.419156,48648100.0,0.0,2647388545.86,0.0,0.0,0.03285616638999729,11308.56012,53988.683789998395
2006-01-30,54.539967,48648100.0,0.0,2653265782.05,0.0,0.0,0.03285616638999729,11308.56012,53988.683789998395
2006-01-31,54.674783,48650400.0,2300.0,2659950047.72,125752.0009,4.727607610819213e-05,0.03569679831779667,25150.40018,56592.578424998406
2006-02-01,55.179262,47650400.0,-1000000.0,2629313919.44,-55179262.0,-0.020986182590077437,-1.2203824908570675,-11010701.99982,-2702370.5215750015
2006-02-02,54.438105,47650400.0,0.0,2593997474.81,0.0,0.0,0.04809907593495415,-11010701.99982,-2702370.5215750015
2006-02-03,54.510426,47650400.0,0.0,2597443605.88,0.0,0.0,0.04809907593495415,-11010701.99982,-2702370.5215750015
2006-02-06,54.602851,49650400.0,2000000.0,2711053369.28,109205702.0,0.040281649648602376,2.396639578784313,10830438.40018,2757914.5784249986
2006-02-07,54.661799,49651400.0,1000.0,2714034863.75,54661.799,2.014041887600273e-05,0.028343599437871715,10816220.3598,2758794.3921249984
2006-02-08,54.598789,49651400.0,0.0,2710906327.72,0.0,0.0,0.02717409511405229,21852072.7598,2758794.3921249984
2006-02-09,55.343123,49651400.0,0.0,2747863538.2,0.0,0.0,0.02717409511405229,21852072.7598,2758794.3921249984
2006-02-10,54.936575,49651400.0,0.0,2727677854.13,0.0,0.0,0.02717409511405229,21852072.7598,116886.79212499845
2006-02-13,55.464453,49651400.0,0.0,2753887755.44,0.0,0.0,0.02717409511405229,10932.35979999851,116886.79212499845
2006-02-14,55.532412,49652500.0,1100.0,2757323078.56,61085.6532,2.2153970158586465e-05,-0.0018896982316857019,12217.13063999851,116521.01268499845
2006-02-15,55.541469,49652500.0,0.0,2757772774.39,0.0,0.0,-0.0032443114964870127,12217.13063999851,2716224.112684998
2006-02-16,55.780971,49652500.0,0.0,2769664674.79,0.0,0.0,-0.0032443114964870127,12217.13063999851,2716224.112684998
2006-02-17,55.840828,50402500.0,750000.0,2814517333.83,41880621.0,0.014880214272124869,0.9135788205357752,8388341.330639998,4810255.162684998
2006-02-20,55.825355,50402500.0,0.0,2813737447.55,0.0,0.0,-0.010937117903184577,8388341.330639998,4810255.162684998
2006-02-21,55.893477,50403900.0,1400.0,2817249227.9,78250.86779999999,2.7775628448154306e-05,-0.0092257850618493,8391774.373559998,4811340.566044998
2006-02-22,56.481089,50403900.0,0.0,2846867177.83,0.0,0.0,-0.010940849940095516,8391774.373559998,4811340.566044998
2006-02-23,56.440603,50403900.0,0.0,2844826534.48,0.0,0.0,-0.010940849940095516,8391774.373559998,4811340.566044998
2006-02-24,56.564807,50403900.0,0.0,2851086882.62,0.0,0.0,-0.010940849940095516,15650.173559998508,4811340.566044998
2006-02-27,56.991496,50403900.0,0.0,2872593673.27,0.0,0.0,-0.010940849940095516,15650.173559998508,4811340.566044998
2006-02-28,55.842802,50406150.0,2250.0,2814820630.4,125646.3045,4.463741069076399e-05,-0.008190615891839429,25129.26089999851,4811335.281224999
2006-03-01,56.522502,50406150.0,0.0,2849081712.69,0.0,0.0,-0.010957573353842662,25129.26089999851,7570298.381224999
2006-03-02,55.721685,50406150.0,0.0,2808715616.44,0.0,0.0,-0.010957573353842662,25129.26089999851,7570298.381224999
2006-03-03,55.123865,50406150.0,0.0,2778581814.85,0.0,0.0,-0.010957573353842662,25129.26089999851,7570298.381224999
2006-03-06,55.437314,50406150.0,0.0,2794381564.9,0.0,0.0,-0.010957573353842662,25129.26089999851,2110013.2812249986
2006-03-07,55.294634,50407250.0,1100.0,2787250458.19,60824.0974,2.1822257566152948e-05,-0.00960984880421559,12164.81947999851,2110321.3961449983
2006-03-08,54.659391,50407250.0,0.0,2755229601.18,0.0,0.0,-0.010947040791963559,12164.81947999851,2110321.3961449983
2006-03-09,55.2262,50407250.0,0.0,2783800889.66,0.0,0.0,-0.010947040791963559,12164.81947999851,2110321.3961449983
2006-03-10,55.926352,50407250.0,0.0,2819093606.13,0.0,0.0,-0.006729321732280304,12164.81947999851,2110321.3961449983
2006-03-13,56.409979,50407250.0,0.0,2843471938.18,0.0,0.0,-0.006729321732280304,12164.81947999851,2110321.3961449983
2006-03-14,56.561201,50409250.0,2000.0,2851207736.6,113122.40199999999,3.967525780317076e-05,0.011268963609114887,22624.48039999851,2112923.2335849986
2006-03-15,56.826853,50409250.0,0.0,2864599032.03,0.0,0.0,0.008784951542943679,22624.48039999851,2112923.2335849986
2006-03-16,56.820031,50409250.0,0.0,2864255145.07,0.0,0.0,0.008784951542943679,22624.48039999851,2112923.2335849986
2006-03-17,56.671303,50409250.0,0.0,2856757891.53,0.0,0.0,0.008784951542943679,22624.48039999851,18892.183584998507
2006-03-20,56.867066,50409250.0,0.0,2866626144.78,0.0,0.0,0.008784951542943679,22624.48039999851,18892.183584998507
2006-03-21,56.954193,50410000.0,750.0,2871060880.24,42715.64475,1.4878000339174027e-05,0.009716034371921999,8543.12894999851,17115.422432498508
2006-03-22,57.150973,50410000.0,0.0,2880980523.7,0.0,0.0,0.008791179569069373,8543.12894999851,17115.422432498508
2006-03-23,57.293344,50410000.0,0.0,2888157458.64,0.0,0.0,0.02430060920666768,8543.12894999851,17115.422432498508
2006-03-24,57.543827,50410000.0,0.0,2900784316.58,0.0,0.0,0.02430060920666768,8543.12894999851,17115.422432498508
2006-03-27,56.956574,48410000.0,-2000000.0,2757267745.23,-113913148.0,-0.04131377817662674,-2.5272805257178064,-22774086.47105,-5678541.977567501
2006-03-28,56.748066,48412400.0,2400.0,2747310074.38,136195.3584,4.9574075991671936e-05,0.04813103384805139,-22755390.52832,-5678014.524872501
2006-03-29,56.980416,48412400.0,0.0,2758558676.11,0.0,0.0,0.0450573619684008,-22755390.52832,-5678014.524872501
2006-03-30,57.648804,48412400.0,0.0,2790916963.01,0.0,0.0,0.0450573619684008,-22755390.52832,-5678014.524872501
2006-03-31,57.511667,48412400.0,0.0,2784277815.61,0.0,0.0,0.065822852863911,-22755390.52832,-5678014.524872501
2006-04-03,58.030809,48412400.0,0.0,2809410718.52,0.0,0.0,0.065822852863911,27239.07168,-5678014.524872501
2006-04-04,57.932613,48413650.0,1250.0,2804729271.03,72415.76625,2.581916443700331e-05,0.08850603620896909,14483.15325,-5677434.941430001
2006-04-05,58.080302,47413650.0,-1000000.0,2753799118.14,-58080302.0,-0.021090972692020184,-1.2703415306974233,-11601577.24675,-8581450.04143
2006-04-06,58.101086,47413650.0,0.0,2754784546.98,0.0,0.0,0.09763746583553515,-11601577.24675,-8581450.04143
2006-04-07,57.344991,47413650.0,0.0,2718935345.77,0.0,0.0,0.09763746583553515,-11601577.24675,-8581450.04143
2006-04-10,57.83055,47413650.0,0.0,2741957454.61,0.0,0.0,0.09763746583553515,-11601577.24675,-8581450.04143
2006-04-11,56.917075,47415150.0,1500.0,2698731646.06,85375.61249999999,3.1635458317852275e-05,0.09967210067462966,-11598985.2775,-8582837.380905
2006-04-12,56.84729,47415150.0,0.0,2695422759.81,0.0,0.0,0.09763237615439917,17075.122499999998,-8582837.380905
2006-04-13,57.013784,47415150.0,0.0,2703317134.26,0.0,0.0,0.09763237615439917,17075.122499999998,-8582837.380905
2006-04-18,56.858581,47415150.0,0.0,2695958165.04,0.0,0.0,0.09763237615439917,17075.122499999998,-8582837.380905
2006-04-19,57.736661,47415250.0,100.0,2737598197.22,5773.6660999999995,2.1090261185381744e-06,0.0977680184464034,18229.85572,-8582548.697600001
2006-04-20,58.406056,45615250.0,-1800000.0,2664206823.81,-105130900.8,-0.03946048777461486,-2.3871087239813735,-21025025.42678,-13841229.519837502
2006-04-21,58.708956,45615250.0,0.0,2678023727.74,0.0,0.0,0.12614376965856602,-21025025.42678,-13841229.519837502
2006-04-24,58.557383,45615250.0,0.0,2671109678.94,0.0,0.0,0.14740776209230796,-21025025.42678,-13841229.519837502
2006-04-25,58.554376,44872930.0,-742320.0,2627506422.22,-43466084.39232,-0.016542712902522683,-0.9180034407568538,-29718242.305244,-16014533.7394535
2006-04-26,58.826909,46072930.0,1200000.0,2710328072.85,70592290.8,0.02604566270302837,1.807122501064797,-15600938.878464002,-6789261.799453502
2006-04-27,58.447323,46072930.0,0.0,2692839402.28,0.0,0.0,0.13979264441811448,5425241.281535998,-6796071.567373501
2006-04-28,57.890348,34188930.0,-11884000.0,1979209056.82,-687968895.6320001,-0.34759789182521295,-9.734176498755346,-132168537.84486401,-41194516.348973505
2006-05-02,58.144018,34188930.0,0.0,1987881759.55,0.0,0.0,0.14438783491859972,-132168537.84486401,-41194516.348973505
2006-05-03,57.353016,44983930.0,10795000.0,2579964072.65,619125807.7199999,0.23997458502748345,5.829285942292953,349840.5775999784,-10238225.96297351
2006-05-04,58.028777,44983930.0,0.0,2610362444.46,0.0,0.0,0.07388792493391867,-13768617.58240003,-10238225.96297351
2006-05-05,58.739087,44983930.0,0.0,2642314961.58,0.0,0.0,0.07388792493391867,-13768617.58240003,-10241846.751286011
2006-05-08,58.879464,44983930.0,0.0,2648629675.89,0.0,0.0,0.0738904781329431,123825161.54399998,-7337831.651286012
2006-05-09,59.001628,46483930.0,1500000.0,2742627534.53,88502442.0,0.032269216612807954,0.8388726865104197,141525649.94399998,-2912709.551286012
2006-05-10,58.78673,46483930.0,0.0,2732638240.81,0.0,0.0,0.06724127937215459,17700488.4,-2912709.551286012
2006-05-11,58.176572,46483930.0,0.0,2704275700.42,0.0,0.0,0.06724127937215459,17700488.4,-2912709.551286012
2006-05-12,56.846162,46483930.0,0.0,2642433024.15,0.0,0.0,0.06724127937215459,17700488.4,-2916978.3319110116
2006-05-15,56.27634,50483930.0,4000000.0,2841050795.15,225105360.0,0.07923313457974095,1.9149173723897963,62721560.4,8338289.6680889875
2006-05-16,56.226937,51983930.0,1500000.0,2922897144.44,84340405.5,0.02885507129815847,0.7169310783983776,61889153.1,12555309.943088988
2006-05-17,54.312859,51983930.0,0.0,2823395839.53,0.0,0.0,0.03639104429254251,61889153.1,12555309.943088988
2006-05-18,54.440875,51983930.0,0.0,2830050623.9,0.0,0.0,0.03639104429254251,61889153.1,12555021.259783987
2006-05-19,54.500283,53483930.0,1500000.0,2914889344.61,81750424.5,0.028045807176580097,0.6909347377459292,78239238.0,21899087.524783988
2006-05-22,53.288635,53483930.0,0.0,2850085630.28,0.0,0.0,0.030825262327274828,33218166.0,21899087.524783988
2006-05-23,54.559119,53484430.0,500.0,2918063401.65,27279.559500000003,9.348515006416567e-06,0.031043464295891044,16355540.8119,21900451.502758987
2006-05-24,53.682085,54484430.0,1000000.0,2924837813.69,53682085.0,0.018353867263591696,0.46218879962442866,27091957.8119,26757859.972374983
2006-05-25,54.823489,54484430.0,0.0,2987026534.25,0.0,0.0,0.030289940432662317,27091957.8119,23228245.432374984
2006-05-26,55.614006,55698534.0,1214104.0,3097618607.04,67521187.140624,0.02179777296894062,0.5382954733417771,24246110.3400248,26604304.789406188
2006-05-29,55.293069,56298534.0,600000.0,3112918735.7,33175841.400000002,0.010657471079963728,0.27429562861360224,30881278.6200248,62661541.64100619
2006-05-30,54.018999,56301034.0,2500.0,3041325500.06,135047.4975,4.4404157824388e-05,0.02492737411948933,30902832.2076248,62668294.015881196
2006-05-31,54.694529,56301034.0,0.0,3079358562.18,0.0,0.0,0.02112696507287082,20166415.2076248,31712003.629881192
2006-06-01,54.835823,57301034.0,1000000.0,3142149342.38,54835823.0,0.017451692146008876,0.42757849575872653,31133579.8076248,34453794.779881194
2006-06-02,54.638142,57301034.0,0.0,3130822026.35,0.0,0.0,-0.0012844111724280955,17629342.3795,34453794.779881194
2006-06-05,54.005203,57301034.0,0.0,3094553986.8,0.0,0.0,-0.001278211709620192,10994174.099499999,34453794.779881194
2006-06-06,52.867717,57302750.0,1716.0,3029465575.05,90721.002372,2.994620672344253e-05,-0.020119001599921638,10985308.8004744,30033208.72999979
2006-06-07,53.262504,57302750.0,0.0,3052087944.47,0.0,0.0,-0.020854600894495548,10985308.8004744,30033208.72999979
2006-06-08,51.718905,57302750.0,0.0,2963635478.87,0.0,0.0,-0.020854600894495548,18144.2004744,30033208.72999979
2006-06-09,52.49494,57302750.0,0.0,3008104451.45,0.0,0.0,-0.020851125527468484,18144.2004744,30033208.72999979
2006-06-12,51.835938,57602750.0,300000.0,2985892578.69,15550781.4,0.005208084681607197,0.10601765656386754,3128300.4804744003,19555479.799999796
2006-06-13,50.844502,57604850.0,2100.0,2928889899.59,106773.4542,3.6455263891943036e-05,-0.021019983248814194,3131510.97084,15343798.197709793
2006-06-14,50.97736,53604850.0,-4000000.0,2732633712.35,-203909440.0,-0.07462011431625161,-1.8137110339297482,-37650377.02916,5148326.197709794
2006-06-15,52.093653,56104850.0,2500000.0,2922706589.09,130234132.50000001,0.044559427547788535,1.0585454102214227,-11603550.529159997,11660032.822709795
2006-06-16,51.649529,56104850.0,0.0,2897789078.48,0.0,0.0,-0.0092941115926424,-11603550.529159997,7572511.597709795
2006-06-19,52.255385,56104850.0,0.0,2931780554.39,0.0,0.0,-0.009289972774911611,-14713706.809159998,7572511.597709795
2006-06-20,52.777644,56104850.0,0.0,2961081799.5,0.0,0.0,-0.009289972774911611,-14735061.499999996,7571147.619734794
2006-06-21,52.871514,57104850.0,1000000.0,3019219892.61,52871514.0,0.01751164733956976,0.4099249627835739,36621129.3,7530619.069734794
2006-06-22,53.159621,57104850.0,0.0,3035672199.91,0.0,0.0,-0.012806118576033398,10574302.8,7530619.069734794
2006-06-23,53.124061,57104850.0,0.0,3033641558.1,0.0,0.0,-0.012800328082563834,10574302.8,4154559.7127035954
2006-06-26,52.978264,58104850.0,1000000.0,3078294084.71,52978264.0,0.01721026729159666,0.39892429833092763,21169955.6,5144680.842703595
2006-06-27,52.445074,58106750.0,1900.0,3047412828.36,99645.6406,3.2698438384413254e-05,-0.015469268224278021,21189884.72812,5142910.7498585945
2006-06-28,52.422944,58106750.0,0.0,3046126894.75,0.0,0.0,-0.016258076527133104,10615581.92812,5142910.7498585945
2006-06-29,53.621642,58106750.0,0.0,3115779322.5,0.0,0.0,-0.016258076527133104,10615581.92812,2401119.5998585955
2006-06-30,54.596913,58106750.0,0.0,3172449153.63,0.0,0.0,-0.01625518297524578,10615581.92812,2401119.5998585955
2006-07-03,54.878499,56606750.0,-1500000.0,3106493474.52,-82317748.5,-0.02649860660425798,-0.6490126728591085,-16443620.571880002,-1714767.8251414045
2006-07-04,55.035166,56608550.0,1800.0,3115460969.69,99063.29879999999,3.179731659737568e-05,-0.0101493120307942,-16443737.04024,-1714350.7103200045
2006-07-05,54.041947,56608550.0,0.0,3059236236.85,0.0,0.0,-0.006879480515820238,-16443737.04024,-1714350.7103200045
2006-07-06,54.712648,56608550.0,0.0,3097203694.63,0.0,0.0,-0.006879480515820238,-16443737.04024,-1714350.7103200045
2006-07-07,54.581552,56608550.0,0.0,3089782527.44,0.0,0.0,-0.006874220690680683,-16443737.04024,-1714350.7103200045
2006-07-10,54.816,56608550.0,0.0,3103054286.15,0.0,0.0,-0.011015001438416038,19812.65976,-2491889.7803200046
2006-07-11,53.948501,56609750.0,1200.0,3054011173.1,64738.2012,2.1197761740434937e-05,-0.010507774407399735,12947.64024,-2493991.5429700045
2006-07-12,54.157503,56909750.0,300000.0,3082089982.59,16247250.9,0.005271504398566197,0.11511275317926982,3262397.82024,8513843.002029996
2006-07-13,53.098194,56909750.0,0.0,3021804934.96,0.0,0.0,-0.012078579117979354,3262397.82024,2002136.3770299945
2006-07-14,52.088679,58289750.0,1380000.0,3036236086.15,71882377.02,0.02367483126489946,0.5536739465137794,17638873.224239998,5596255.228029994
2006-07-17,52.037543,58289750.0,0.0,3033255343.29,0.0,0.0,-0.01681239959816705,17638873.224239998,5596255.228029994
2006-07-18,51.844115,57289750.0,-1000000.0,2970136377.04,-51844115.0,-0.0174551294683873,-0.4335738528768097,7257102.584000001,3004049.478029994
2006-07-19,53.212194,57289750.0,0.0,3048513287.01,0.0,0.0,-0.01329671388195837,4007652.403999999,360473.77802999393
2006-07-20,53.274636,57289750.0,0.0,3052090556.94,0.0,0.0,-0.01329671388195837,4007652.403999999,360473.77802999393
2006-07-21,52.363776,57289750.0,0.0,2999907609.86,0.0,0.0,-0.013287226488794148,-10368823.0,360473.77802999393
2006-07-24,53.583376,57289750.0,0.0,3069778190.15,0.0,0.0,-0.017517978154654747,-10368823.0,-2288439.421970006
2006-07-25,53.46516,57290100.0,350.0,3063024351.12,18712.806,6.109257993054359e-06,-0.01737194194180167,3742.5612,-2292486.0637000063
2006-07-26,53.631517,57290100.0,0.0,3072554967.45,0.0,0.0,-0.017519205731082607,3742.5612,-2292486.0637000063
2006-07-27,54.361035,57290100.0,0.0,3114349117.4,0.0,0.0,-0.009464144067743412,3742.5612,-2292486.0637000063
2006-07-28,54.80604,57290100.0,0.0,3139843508.97,0.0,0.0,-0.009460082327853279,3742.5612,-2292486.0637000063
2006-07-31,54.5792,57291100.0,1000.0,3126902380.65,54579.2,1.7454718234169634e-05,-0.009041226175383997,14658.401199999998,1826130.3212999937
2006-08-01,53.76023,56792800.0,-498300.0,3053194010.75,-26788722.609,-0.008773999462425089,-0.21996602561779424,-5346828.6818,481741.0259099938
2006-08-02,54.567948,55992800.0,-800000.0,3055412201.29,-43654358.4,-0.014287551244826821,-0.3502951387726914,-14077700.3618,-1700976.8940900061
2006-08-03,54.175992,55992800.0,0.0,3033465466.62,0.0,0.0,-0.004809677404659578,-14077700.3618,-1700976.8940900061
2006-08-04,54.972947,55992800.0,0.0,3078089234.31,0.0,0.0,-0.004805213120313543,-14077700.3618,-1700976.8940900061
2006-08-07,54.046758,55992800.0,0.0,3026229323.58,0.0,0.0,-0.004805213120313543,-14088616.2018,-1700976.8940900061
2006-08-08,54.289074,55994050.0,1250.0,3039865134.66,67861.3425,2.2323800397016656e-05,-0.004269902646233841,-8717299.4115,-1700820.7370250062
2006-08-09,54.777601,55994050.0,0.0,3067219721.56,0.0,0.0,-0.0018122081334004322,13572.2685,-2513183.282025006
2006-08-10,54.087218,55994050.0,0.0,3028562362.36,0.0,0.0,-0.0018122081334004322,13572.2685,-2513183.282025006
2006-08-11,54.064596,55994050.0,0.0,3027295692.78,0.0,0.0,-0.0018066081361406473,13572.2685,-6107302.133025005
2006-08-14,54.675068,55994050.0,0.0,3061478470.08,0.0,0.0,-0.0018066081361406473,13572.2685,-6107302.133025006
2006-08-15,55.489357,55994050.0,0.0,3107073854.01,0.0,0.0,-0.0018066081361406473,0.0,-3515096.3830250064
2006-08-16,55.836269,55994050.0,0.0,3126498833.27,0.0,0.0,-0.0018066081361406473,0.0,-3515096.3830250064
2006-08-17,56.033592,56494050.0,500000.0,3165564528.14,28016796.0,0.0088504896207129,0.2104964067542958,5603359.2,-2114256.583025006
2006-08-18,55.875003,56494050.0,0.0,3156605194.37,0.0,0.0,-0.0035813270839162637,5603359.2,-2114256.583025006
2006-08-21,55.661216,54494050.0,-2000000.0,3033205067.39,-111322432.0,-0.03670125478716488,-0.8810470694569225,-16661127.2,-7680378.183025005
2006-08-22,55.887426,54494800.0,750.0,3045574079.24,41915.5695,1.3762781140578827e-05,0.004133281262128529,-16652744.0861,-7679218.044850005
2006-08-23,55.475381,53494800.0,-1000000.0,2967644389.92,-55475381.0,-0.018693405850252656,-0.44276446844355843,-27747820.2861,-10452987.094850007
2006-08-24,55.845377,53494800.0,0.0,2987437271.75,0.0,0.0,0.007550936309699039,-33351179.4861,-10452987.094850007
2006-08-25,55.820048,53494800.0,0.0,2986082277.81,0.0,0.0,0.007555317303725814,-33351179.4861,-10452987.094850007
2006-08-28,56.237419,53494800.0,0.0,3008409499.37,0.0,0.0,0.007555317303725814,-11086693.0861,-10455716.054850006
2006-08-29,56.1606,53497275.0,2475.0,3004439066.74,138997.48500000002,4.6264038614975403e-05,0.008660508413150822,-11067276.703,-9109330.050150005
2006-08-30,56.357355,53433754.0,-63521.0,3011385044.59,-3579875.5469549997,-0.0011887804096610965,-0.02085245712053823,-688175.6123909999,-7105605.907497756
2006-08-31,56.280671,53433754.0,0.0,3007287544.58,0.0,0.0,0.007784659965499163,-688175.6123909999,-7105605.907497756
2006-09-01,56.442465,51933754.0,-1500000.0,2931269110.28,-84663697.5,-0.02888294943752632,-0.6808439042597607,-17620915.112391002,-11338790.782497758
2006-09-04,56.76076,51933754.0,0.0,2947799345.66,0.0,0.0,0.013564039830005313,-17620915.112391002,-11338790.782497758
2006-09-05,56.514151,52435354.0,501600.0,2963339503.78,28347498.141599998,0.009566064943095542,0.24157658222189793,-11979214.981071,-9924808.942542758
2006-09-06,55.83187,52535354.0,100000.0,2933147053.16,5583187.0,0.0019034800842954679,0.05701502819680414,-10146602.471680002,-9645649.592542756
2006-09-07,55.453861,52535354.0,0.0,2913288192.3,0.0,0.0,0.01126317703519625,-10146602.471680002,-9645649.592542756
2006-09-08,55.660463,52535354.0,0.0,2924142135.4,0.0,0.0,0.011266157473316746,6786137.028319998,-9645649.592542756
2006-09-11,55.69052,52535354.0,0.0,2925721188.06,0.0,0.0,0.011266157473316746,6786137.028319998,-9645649.592542756
2006-09-12,56.414356,52537454.0,2100.0,2963866629.24,118470.1476,3.997148401727454e-05,0.01221890056472756,1140331.4295199984,-9639726.085162757
2006-09-13,56.72367,52537454.0,0.0,2980117188.83,0.0,0.0,0.011258150151802327,23694.02951999851,-9639726.085162757
2006-09-14,56.737323,52537454.0,0.0,2980834508.11,0.0,0.0,0.0029952934927636025,23694.02951999851,-11040565.885162758
2006-09-15,57.030903,52537454.0,0.0,2996258436.24,0.0,0.0,0.003005264046111241,23694.02951999851,-11040565.885162758
2006-09-18,56.918828,52537454.0,0.0,2990370328.91,0.0,0.0,0.003005264046111241,23694.02951999851,-5474444.285162757
2006-09-19,56.410861,52537454.0,0.0,2963683021.46,0.0,0.0,0.003005264046111241,0.0,-5476540.063637758
2006-09-20,57.187796,53037454.0,500000.0,3033095110.94,28593898.0,0.00942730015186973,0.22858328264780994,5718779.599999999,-1273076.113637757
2006-09-21,57.260992,53037454.0,0.0,3036977211.1,0.0,0.0,0.0011089795777409536,5718779.599999999,-1273076.113637757
2006-09-22,56.504845,53037454.0,0.0,2996873116.38,0.0,0.0,0.0011141712424912347,5718779.599999999,-1273076.113637757
2006-09-25,56.680295,53037454.0,0.0,3006178519.29,0.0,0.0,-0.003130173214179208,5718779.599999999,-1273076.113637757
2006-09-26,57.246343,53038614.0,1160.0,3036266679.91,66405.75788,2.187085815596685e-05,-0.002606269462759227,5732060.751575998,-1276705.699993757
2006-09-27,57.525395,53038614.0,0.0,3051067229.43,0.0,0.0,-0.003134575806905498,13281.15157599851,-1097711.922646007
2006-09-28,57.519891,51638614.0,-1400000.0,2970247442.06,-80527847.4,-0.02711149457102144,-0.6514005281570573,-16092288.328424003,-5124104.292646008
2006-09-29,57.664386,51638614.0,0.0,2977708983.85,0.0,0.0,0.0023250818052986807,-16092288.328424003,-890919.4176460073
2006-10-02,57.6169,51638614.0,0.0,2975256841.82,0.0,0.0,0.0023250818052986807,-16092288.328424003,-890919.4176460073
2006-10-03,57.547341,51640100.0,1486.0,2971750437.74,85515.34872600001,2.8776086861127537e-05,0.0030131559602243336,-16088466.410254803,-2304018.5572897075
2006-10-04,58.067224,51640100.0,0.0,2998597259.51,0.0,0.0,0.002319299633053912,-16088466.410254803,-2583177.907289707
2006-10-05,58.34464,51640100.0,0.0,3012923041.66,0.0,0.0,0.0023197234134977747,17103.069745197023,-2583177.907289707
2006-10-06,58.445619,52140100.0,500000.0,3047360424.32,29222809.5,0.00958954814362692,0.22450027378217216,5861664.969745197,-1122037.432289707
2006-10-09,58.431255,52140100.0,0.0,3046611487.27,0.0,0.0,-0.007563484476201453,5861664.969745197,-1122037.432289707
2006-10-10,58.750828,52141400.0,1300.0,3063350440.02,76376.07639999999,2.4932203446988373e-05,-0.006965161929547619,5859837.115279997,-1124142.135849707
2006-10-11,58.767346,52141400.0,0.0,3064211670.02,0.0,0.0,-0.010912268828167584,5859837.115279997,-1124142.135849707
2006-10-12,59.159204,52141400.0,0.0,3084643700.52,0.0,0.0,-0.0056653262635254055,5859837.115279997,-1124142.135849707
2006-10-13,59.287604,52141400.0,0.0,3091338675.36,0.0,0.0,-0.0056653262635254055,15275.215279997017,-1124142.135849707
2006-10-16,59.41038,52141400.0,0.0,3097740364.9,0.0,0.0,-0.12052922292204235,15275.215279997017,-1124142.135849707
2006-10-17,58.725615,52142900.0,1500.0,3062123890.76,88088.4225,2.876709945205287e-05,-0.11943090560869912,17617.68449999702,-1119737.714724707
2006-10-18,59.375323,52142900.0,0.0,3096001517.95,0.0,0.0,-0.08012435686078961,17617.68449999702,-2549432.614724707
2006-10-19,59.32354,51142900.0,-1000000.0,3033977891.99,-59323540.0,-0.01955305612365205,-1.441385741119566,-11847090.315500002,-5515609.614724707
2006-10-20,59.567277,51142900.0,0.0,3046443307.17,0.0,0.0,-0.06797296494150974,-11847090.315500002,-5515609.614724707
2006-10-23,59.951467,51142900.0,0.0,3066091862.66,0.0,0.0,-0.06797296494150974,-11847090.315500002,-5515609.614724707
2006-10-24,59.995511,51143100.0,200.0,3068356420.09,11999.1022,3.910595953402325e-06,-0.049843262230900486,-11862308.179560002,-5518329.947508707
2006-10-25,60.162365,51143100.0,0.0,3076889843.31,0.0,0.0,-0.0501237455910671,-11862308.179560002,-5518329.947508707
2006-10-26,60.347118,51143100.0,0.0,3086338677.44,0.0,0.0,-0.0501237455910671,2399.8204399970195,-1491937.5775087066
2006-10-27,60.138967,51143100.0,0.0,3075693222.28,0.0,0.0,-0.0501237455910671,2399.8204399970195,-1491937.5775087066
2006-10-30,60.096447,51143100.0,0.0,3073518604.32,0.0,0.0,-0.003235006702242496,2399.8204399970195,-1491937.5775087066
2006-10-31,60.198229,51145500.0,2400.0,3078868516.4,144475.74959999998,4.6924949484016875e-05,0.021374139596790295,28895.149919997017,-1488989.5574650068
2006-11-01,60.418603,51145500.0,0.0,3090139673.59,0.0,0.0,0.017336804852927216,28895.149919997017,-1488989.5574650068
2006-11-02,59.760081,51245500.0,100000.0,3062435207.97,5976008.1,0.001951390868432878,0.1838056203041065,1224096.7699199968,-1190189.1524650068
2006-11-03,59.930994,51245500.0,0.0,3071193742.24,0.0,0.0,0.036976669853224356,1224096.7699199968,-2651329.627465007
2006-11-06,60.789656,49745500.0,-1500000.0,3024011847.94,-91184484.0,-0.030153481065927756,-2.530595421946763,-17012800.03008,-7210553.827465007
2006-11-07,61.09008,49746800.0,1300.0,3039035968.83,79417.104,2.6132334337120346e-05,0.0597582075511539,-17025811.7592,-7210401.776085007
2006-11-08,60.967838,49746800.0,0.0,3032954819.86,0.0,0.0,0.07145334676492926,-17025811.7592,-7210401.776085007
2006-11-09,61.058024,49746800.0,0.0,3037441332.4,0.0,0.0,0.07145334676492926,-18221013.379200004,-7210401.776085007
2006-11-10,61.049073,49746800.0,0.0,3036996037.74,0.0,0.0,0.08868158193563795,-18221013.379200004,-7210401.776085007
2006-11-13,61.393605,48996800.0,-750000.0,3008090203.2,-46045203.75,-0.015307122007517332,-1.2407877576330981,-9193157.329200003,-9512661.963585008
2006-11-14,61.333957,48998200.0,1400.0,3005253474.7,85867.5398,2.8572478335981874e-05,0.11008740166388069,-9191867.242040003,-9512773.007720007
2006-11-15,61.75151,49398200.0,400000.0,3050413438.95,24700604.0,0.008097461047280966,0.8126586850115781,-4251746.442040003,-8277742.807720007
2006-11-16,61.867728,49398200.0,0.0,3056154420.44,0.0,0.0,0.11542941856318412,-4251746.442040002,-5311565.807720006
2006-11-17,61.57301,49398200.0,0.0,3041595857.59,0.0,0.0,0.11542941856318412,-4251746.442040002,-5311565.807720006
2006-11-20,61.956045,49398200.0,0.0,3060517113.25,0.0,0.0,0.11542941856318412,4957294.307959998,-5311565.807720006
2006-11-21,62.033188,49398300.0,100.0,3064334018.59,6203.3188,2.0243611702794557e-06,0.11563023899485389,4941361.463759998,-5311855.596890006
2006-11-22,62.18406,49398300.0,0.0,3071786834.13,0.0,0.0,0.11545037367428204,1240.6637599977648,-5311855.596890006
2006-11-23,62.175354,49398300.0,0.0,3071356804.35,0.0,0.0,0.11545037367428204,1240.6637599977648,-5311855.596890006
2006-11-24,61.567438,49398300.0,0.0,3041326770.19,0.0,0.0,0.11545037367428204,1240.6637599977648,-5311855.596890006
2006-11-27,60.474071,49898300.0,500000.0,3017553357.78,30237035.5,0.010020381386808433,0.9993688323177512,6048647.763759998,-3800003.821890007
2006-11-28,60.315477,49900700.0,2400.0,3009784529.01,144757.1448,4.809551760425008e-05,0.11582344079086598,6076358.528959998,-3799989.7521300064
2006-11-29,61.103712,49900700.0,0.0,3049118004.38,0.0,0.0,0.07047347287283436,6076358.528959998,-3799989.7521300064
2006-11-30,60.578096,48700700.0,-1200000.0,2950195675.7,-72693715.2,-0.02464030294626196,-2.81754339794788,-8462384.511040002,-7733475.9171300065
2006-12-01,59.924376,49300700.0,600000.0,2954313706.34,35954625.6,0.012170212500737769,1.5806982588529972,-1271459.3910400018,-5935744.637130007
2006-12-04,60.443266,49300700.0,0.0,2979895332.27,0.0,0.0,0.13240211270618193,-7318866.491040002,-1376520.4371300067
2006-12-05,61.187773,49202100.0,-98600.0,3010566928.04,-6033114.4178,-0.0020039795035308515,-0.1040937933699439,-8554440.803560002,-1682147.0132200066
2006-12-06,61.156011,49202100.0,0.0,3009004175.51,0.0,0.0,0.15501113389525656,-8554440.803560002,-1682147.0132200066
2006-12-07,61.573516,48202100.0,-1000000.0,2967972789.4,-61573516.0,-0.020745983999552634,-2.2931505255175044,-6330400.963560002,-4760822.813220006
2006-12-08,61.711336,48202100.0,0.0,2974615976.93,0.0,0.0,0.17207706218691743,-13521326.083560001,-4760822.813220006
2006-12-11,62.11398,48202100.0,0.0,2994024266.62,0.0,0.0,0.1931553721333977,-13521326.083560001,-2458562.6257200064
2006-12-12,62.178476,48203600.0,1500.0,2997226377.15,93267.714,3.1118007872560604e-05,0.19693367197208447,-12296049.657200001,-2458192.6170100067
2006-12-13,62.606407,48203600.0,0.0,3017854190.76,0.0,0.0,0.19315703188471023,-12296049.657200001,-3693222.8170100064
2006-12-14,62.913128,48203600.0,0.0,3032639247.59,0.0,0.0,0.19315703188471023,18653.54279999851,-3693222.8170100064
2006-12-15,63.260917,48203600.0,0.0,3049403934.65,0.0,0.0,0.19315703188471023,18653.54279999851,-3693222.8170100064
2006-12-18,63.340569,48203600.0,0.0,3053243454.44,0.0,0.0,0.17317557550375112,18653.54279999851,-3693222.8170100064
2006-12-19,62.920379,48204300.0,700.0,3033032810.71,44044.2653,1.4521526158396458e-05,0.17502897280837523,8808.85305999851,-3691330.7696850062
2006-12-20,63.240815,48204300.0,0.0,3048479234.71,0.0,0.0,0.17319432340683433,8808.85305999851,-3691330.7696850062
2006-12-21,63.116227,49704300.0,1500000.0,3137147891.8,94674340.5,0.030178475406742376,3.716087880695562,18943676.953059997,1042386.2553149939
2006-12-22,62.435963,49904300.0,200000.0,3115823046.46,12487192.6,0.004007670658379382,0.6038938526196358,21441115.473059997,1666745.885314994
2006-12-27,63.449712,50656500.0,752200.0,3214140314.49,47726873.366399996,0.014849032306162094,1.8473811557475641,30986490.14634,2541237.778634994
2006-12-28,63.476803,50806500.0,150000.0,3225034183.82,9521520.45,0.002952378147732349,0.454155417431458,32881985.383279998,3010075.9438949935
2006-12-29,63.333627,50806500.0,0.0,3217759930.83,0.0,0.0,0.11486125802679611,32881985.383279998,3010075.9438949935
2007-01-02,64.141052,50806500.0,0.0,3258782358.24,0.0,0.0,0.11486125802679611,13947117.283279996,6644761.703894993
2007-01-03,64.23878,50807600.0,1100.0,3263818252.2,70662.65800000001,2.165030419582014e-05,0.14567349589799602,11463811.294879997,4850563.5567949945
2007-01-04,64.076114,50807600.0,0.0,3255553547.82,0.0,0.0,0.14304635110172864,1918436.621599997,4850563.556794994
2007-01-05,63.295218,52007600.0,1200000.0,3291832368.97,75954261.6,0.02307355086363822,2.8478799242393604,15204984.851599997,8949932.357684994
2007-01-08,63.433684,50707600.0,-1300000.0,3216569897.58,-82463789.2,-0.025637182410381314,-2.82668091887459,-1287772.9884000034,4826742.897684993
2007-01-09,63.498442,50708800.0,1200.0,3219929786.56,76198.1304,2.3664531667134887e-05,0.12398146411132722,-1272533.3623200033,7909228.604204995
2007-01-10,63.039218,50708800.0,0.0,3196643101.41,0.0,0.0,0.12126033831999826,-1286665.8939200032,7909228.604204995
2007-01-11,64.198049,50708800.0,0.0,3255406005.91,0.0,0.0,0.12126033831999826,-1286665.8939200032,7909228.604204995
2007-01-12,64.370036,50708800.0,0.0,3264127298.68,0.0,0.0,0.1212662794500147,-16477518.213920003,7904565.218504993
2007-01-15,64.624332,50708800.0,0.0,3277022328.97,0.0,0.0,0.1212662794500147,15239.626079997392,7904565.218504993
2007-01-16,64.480847,50859650.0,150850.0,3279473326.38,9726935.769949999,0.002966005453286287,0.4590961142526759,1945387.1539899972,8390912.007002493
2007-01-17,64.335447,50859650.0,0.0,3272078305.59,0.0,0.0,0.1183257335164141,1945387.1539899972,8390912.007002493
2007-01-18,64.219234,50859650.0,0.0,3266167747.56,0.0,0.0,0.11834268324681078,1945387.1539899972,8390912.007002493
2007-01-19,64.77144,50859650.0,0.0,3294252780.97,0.0,0.0,0.11030707158589313,1945387.1539899972,8388709.793737493
2007-01-22,64.195962,50859650.0,0.0,3264984137.99,0.0,0.0,0.0975593806303935,1945387.1539899972,8388709.793737493
2007-01-23,64.115239,49361250.0,-1498400.0,3164808328.32,-96070274.11760001,-0.030355795407236475,-3.2515156765120086,-19214054.823520005,-1148520.937142507
2007-01-24,64.781528,49361250.0,0.0,3197697182.04,0.0,0.0,0.1211963733673359,-19214054.823520005,-1772880.567142507
2007-01-25,64.504877,49361250.0,0.0,3184041360.23,0.0,0.0,0.1211963733673359,-19214054.823520005,-4159224.235462507
2007-01-26,64.223949,49361250.0,0.0,3170174423.18,0.0,0.0,0.12121735197396127,-19214054.823520005,-4635300.257962507
2007-01-29,64.565536,49061250.0,-300000.0,3167665922.68,-19369660.799999997,-0.006114805434915409,-0.5518355620051993,-23087986.983520005,-5603783.297962507
2007-01-30,65.162491,49063650.0,2400.0,3197109653.4,156389.9784,4.8916050856649665e-05,0.13210523026393747,-3842654.1643200023,-5595963.799042506
2007-01-31,65.169414,49063650.0,0.0,3197449328.72,0.0,0.0,0.12667705898598136,-3842654.1643200023,-5599496.931942506
2007-02-01,65.765943,49063650.0,0.0,3226717208.91,0.0,0.0,0.12667705898598136,-3842654.1643200023,-5599496.931942506
2007-02-02,66.096831,49063650.0,0.0,3242951775.86,0.0,0.0,0.12667705898598136,-3842654.1643200023,-9397210.011942506
2007-02-05,65.983769,49063650.0,0.0,3237404539.37,0.0,0.0,0.12667705898598136,31277.995679997017,-5274020.551942506
2007-02-06,65.999262,49064900.0,1250.0,3238247199.08,82499.0775,2.5476460698688584e-05,0.13837657384546978,16499.81549999702,-5273705.504587507
2007-02-07,66.381849,49064900.0,0.0,3257018778.36,0.0,0.0,0.1355348609299764,16499.81549999702,-5273705.504587507
2007-02-08,66.008824,49264900.0,200000.0,3251918093.01,13201764.8,0.004059685521716307,0.5902383421411597,2656852.775499997,-4613617.264587506
2007-02-09,66.338567,49264900.0,0.0,3268162867.33,0.0,0.0,0.10471401141077094,2656852.775499997,-4613617.264587506
2007-02-12,65.841903,48264900.0,-1000000.0,3177852855.73,-65841903.0,-0.02071899045963698,-2.360468023725478,-10511527.824500004,-7905712.414587507
2007-02-13,66.186068,48266050.0,1150.0,3194540080.86,76113.97820000001,2.38262711606077e-05,0.109059776387765,-10512804.844360003,-8388253.5041750055
2007-02-14,66.817796,48266050.0,0.0,3225031099.53,0.0,0.0,0.10622312895140569,-10512804.844360003,-8388253.5041750055
2007-02-15,66.792913,48766050.0,500000.0,3257226557.39,33396456.5,0.010253034571460826,1.3072246243590901,-6473866.504360003,-6718430.679175006
2007-02-16,66.77775,48766050.0,0.0,3256487101.88,0.0,0.0,0.09540338151563306,-6473866.504360003,-6718430.679175006
2007-02-19,67.065023,48816050.0,50000.0,3273849497.98,3353251.15,0.00102425329938624,0.21424692085567507,7365164.325639996,-6550768.121675006
2007-02-20,67.02475,48817450.0,1400.0,3271977394.69,93834.65,2.8678269645836064e-05,0.09656681692419135,7368708.459999995,-1742562.6832950055
2007-02-21,66.628475,48817450.0,0.0,3252632256.65,0.0,0.0,0.06798599309342475,7368708.459999995,-1742562.6832950055
2007-02-22,66.936076,48817450.0,0.0,3267648536.14,0.0,0.0,0.06798599309342475,689417.1599999962,-1742562.6832950055
2007-02-23,67.11667,48317450.0,-500000.0,3242906368.33,-33558335.0,-0.010348228159692918,-1.1964784699711761,-6022249.840000004,-3420479.4332950055
2007-02-26,67.451938,48317450.0,0.0,3259105622.82,0.0,0.0,0.09064449876560338,-6692900.070000003,-2451996.393295006
2007-02-27,65.455892,48319600.0,2150.0,3162802508.35,140730.16780000002,4.449540160299716e-05,0.09612604878959873,-6683520.966440002,-2452779.3838250055
2007-02-28,64.454328,48319600.0,0.0,3114407335.5,0.0,0.0,0.09059803879000262,-6683520.966440003,-2452779.3838250055
2007-03-01,63.732315,46319600.0,-2000000.0,2952055346.39,-127464630.0,-0.04317826566357353,-4.711761922748317,-32176446.966440003,-8826010.883825006
2007-03-02,63.377981,46369600.0,50000.0,2938811643.48,3168899.05,0.0010782926687494478,0.2416154500765394,-24831000.156440005,-8667565.931325005
2007-03-05,62.717435,46869600.0,500000.0,2939541069.17,31358717.5,0.010667895689191494,1.2957630993246914,-18559256.656440005,-7099630.056325005
2007-03-06,63.297109,46870700.0,1100.0,2966779801.91,69626.8199,2.3468819578444803e-05,0.11277601682132139,-18573477.326020002,-7100273.669205005
2007-03-07,63.515191,46870700.0,0.0,2977001448.96,0.0,0.0,0.11016782322438823,-18573477.326020002,-7100273.669205005
2007-03-08,64.431314,46870700.0,0.0,3019940786.87,0.0,0.0,0.11016782322438823,6919448.673979998,-7760361.909205006
2007-03-09,64.462599,46870700.0,0.0,3021407118.22,0.0,0.0,0.11016782322438823,6285668.863979997,-7760361.909205006
2007-03-12,64.451927,46870700.0,0.0,3020906958.38,0.0,0.0,0.11957258458709431,13925.36397999702,-4468266.759205005
2007-03-13,63.573893,46922500.0,51800.0,2983046011.79,3293127.6574,0.0011039479928852767,0.241881112703914,658625.531479997,-4307416.075245006
2007-03-14,61.881821,46922500.0,0.0,2903649739.32,0.0,0.0,0.11852219132191638,658625.531479997,-4307416.075245006
2007-03-15,63.203702,44922500.0,-2000000.0,2839268298.3,-126407404.0,-0.04452111978134856,-4.402156372218199,-24622855.268520005,-12297609.100245005
2007-03-16,63.149758,44922500.0,0.0,2836844993.44,0.0,0.0,0.14628334768592866,-24622855.268520005,-12297609.100245005
2007-03-19,64.027111,44922500.0,0.0,2876257909.31,0.0,0.0,0.14628334768592866,-24622855.268520005,-12465271.657745007
2007-03-20,64.303962,44923350.0,850.0,2888749408.85,54658.367699999995,1.892111774477499e-05,0.12892607161969794,-25270549.126460005,-12467230.471860005
2007-03-21,64.416693,44923350.0,0.0,2893813640.44,0.0,0.0,0.1269341993290129,-25270549.126460005,-12467230.471860005
2007-03-22,65.807051,44923350.0,0.0,2956273184.14,0.0,0.0,0.1269341993290129,10931.673539997018,-12467230.471860005
2007-03-23,66.210771,44923350.0,0.0,2974409631.12,0.0,0.0,0.1269598589201029,10931.673539997018,-10789313.721860006
2007-03-26,65.535862,44923350.0,0.0,2944090453.22,0.0,0.0,0.1269598589201029,10931.673539997018,-10789313.721860006
2007-03-27,65.818926,44925400.0,2050.0,2956941569.79,134928.79830000002,4.5631202076672274e-05,0.13172286397166066,26985.759659997024,-10789603.790335005
2007-03-28,65.420824,44925400.0,0.0,2939056671.29,0.0,0.0,0.13606776709295623,26985.759659997024,-10789603.790335005
2007-03-29,66.190095,44925400.0,0.0,2973616481.41,0.0,0.0,0.13606776709295623,26985.759659997024,-4416372.290335005
2007-03-30,66.380148,44925400.0,0.0,2982154716.93,0.0,0.0,0.13609017294346618,26985.759659997024,-4574817.242835006
2007-04-02,66.572627,45425400.0,500000.0,3024088216.03,33286313.5,0.01100705770537938,1.2824935198248966,6684248.459659997,-4478437.442835005
2007-04-03,67.612632,45426900.0,1500.0,3071432269.36,101418.948,3.3020082849208606e-05,0.1289489353570523,6677546.489599997,-4476847.836430005
2007-04-04,67.884467,45426900.0,0.0,3083780904.78,0.0,0.0,0.12547810476085305,6677546.489599997,-4476847.836430005
2007-04-05,68.133609,45426900.0,0.0,3095098653.05,0.0,0.0,0.12547810476085305,6677546.489599997,-4476847.836430005
2007-04-10,68.772856,45426900.0,0.0,3124137643.73,0.0,0.0,0.12550370801180766,6677546.489599997,-4476847.836430005
2007-04-11,68.64015,46427950.0,1001050.0,3186821473.69,68712222.1575,0.021561365368213913,2.318477423556852,13762728.221099997,-1041236.728555005
2007-04-12,68.545083,45534824.0,-893126.0,3121188286.89,-61219395.799458005,-0.019614130956661365,-1.909920809135041,1498565.271608396,-4266862.901397904
2007-04-13,69.208087,46834824.0,1300000.0,3241348558.84,89970513.10000001,0.02775712376091952,2.8297237068032364,19492667.891608395,231662.75360209495
2007-04-16,70.416161,46834824.0,0.0,3297928524.13,0.0,0.0,0.07768275588839996,19492667.891608395,6552032.953602095
2007-04-17,70.519248,46835974.0,1150.0,3302837688.79,81097.1352,2.4553775523165377e-05,0.08010002895094072,19508887.318648394,6556087.810362095
2007-04-18,69.880887,46835974.0,0.0,3272939408.98,0.0,0.0,0.07766559430244904,5766442.887148397,6556087.810362095
2007-04-19,69.50052,46835974.0,0.0,3255124529.32,0.0,0.0,0.07766559430244904,18010322.047039997,6553354.891977095
2007-04-20,70.457974,44335974.0,-2500000.0,3123822912.98,-176144934.99999997,-0.05638761860286275,-4.883128626083435,-35212767.57296,-2253891.8580229036
2007-04-23,70.390623,44135974.0,-200000.0,3106758692.12,-14078124.600000001,-0.004531450941364657,-0.28691465270213606,-38028392.49296,-2957798.088022904
2007-04-24,69.763807,44137324.0,1350.0,3079187731.66,94181.13945,3.058635837030523e-05,0.1170271030126379,-38025775.69211,-2953089.031050404
2007-04-25,70.461661,44137324.0,0.0,3109989159.16,0.0,0.0,0.11431893770828569,-38025775.69211,-2953089.031050404
2007-04-26,70.883019,43537324.0,-600000.0,3086056959.39,-42529811.400000006,-0.013781278816190932,-1.0891557878093467,-46531737.97211,-5086326.040965404
2007-04-27,70.797194,43587324.0,50000.0,3085860238.79,3539859.7,0.001147122496185381,0.22555202958927892,-10594779.032110007,-4909333.055965404
2007-04-30,71.088381,40352324.0,-3235000.0,2868581382.63,-229970912.535,-0.08016886462679189,-5.942199802691348,-53773336.61911001,-16407878.682715405
2007-05-02,71.114064,40352324.0,0.0,2869617770.96,0.0,0.0,0.13878607245314173,-53792172.847,-16407878.682715405
2007-05-03,71.311897,70052324.0,29700000.0,4995564140.04,2117963340.9,0.4239688014261071,10.287669440290216,369800495.333,87825972.6872846
2007-05-04,71.693926,79812257.0,9759933.0,5722054056.4,699727914.266958,0.12228614189415543,2.8135588678149412,518252040.46639156,122807297.4532325
2007-05-07,71.778173,77212257.0,-2600000.0,5542154712.66,-186623249.79999998,-0.03367341033870718,-0.84728508208656,480219418.5663916,113476134.96323249
2007-05-08,70.9816,76712257.0,-500000.0,5445158747.39,-35490800.0,-0.006517863233466172,-0.21203339845079378,519115441.0733916,111701594.96323249
2007-05-09,71.303545,76712257.0,0.0,5469855854.82,0.0,0.0,-0.059031484956842274,519115441.0733916,111701594.96323249
2007-05-10,70.724698,76712257.0,0.0,5425451233.72,0.0,0.0,-0.05745090556105862,95522772.89339161,108265983.85535748
2007-05-11,71.334853,76262257.0,-450000.0,5440156926.0,-32100683.849999998,-0.005900690786433391,-0.19478527384988104,-50842946.73,109721919.45283039
2007-05-14,71.146144,75012257.0,-1250000.0,5336832851.4,-88932680.00000001,-0.01666394329300954,-0.4437887091264502,-31304832.770000003,100776759.79783039
2007-05-15,71.582055,75014082.0,1825.0,5369662142.17,130637.25037499999,2.4328765370367708e-05,-0.05241961062426951,-24180545.319925003,100783291.66034915
2007-05-16,71.351929,75014082.0,0.0,5352399461.28,0.0,0.0,-0.05298977296954499,-24180545.319925003,100779236.80358914
2007-05-17,71.525619,74014082.0,-1000000.0,5293902996.28,-71525619.0,-0.0135109425031514,-0.36700313625974085,-38485669.119925,97202955.85358915
2007-05-18,72.555789,74014082.0,0.0,5370150106.99,0.0,0.0,-0.05032113725521153,-32065532.349925004,97202955.85358915
2007-05-21,72.667081,73214082.0,-800000.0,5320253644.86,-58133664.8,-0.010926859635003316,-0.30418466527439,-25905729.309924997,103103519.36358914
2007-05-22,73.049025,73416612.0,202530.0,5363011899.73,14794619.03325,0.0027586399787766338,0.01788689362726279,-22972932.95335,104547156.54525165
2007-05-23,73.778232,73416612.0,0.0,5416547818.37,0.0,0.0,-0.046748046055243755,-22972932.95335,104542447.48827915
2007-05-24,73.410681,73416612.0,0.0,5389563489.14,0.0,0.0,-0.046748046055243755,-8667809.15335,104542447.48827915
2007-05-25,73.809222,71966612.0,-1450000.0,5311799614.5,-107023371.9,-0.020148232174995954,-0.5200300775224201,-30072483.533350002,101317769.46327916
2007-05-29,74.206203,42116962.0,-29849650.0,3125339851.03,-2215029187.37895,-0.7087322636765265,-9.07778844546318,-461451588.0491401,-9610682.890668357
2007-05-30,74.052569,42120200.0,3238.0,3119109031.33,239782.218422,7.687522815441817e-05,0.052184843575290345,-464362555.4121057,1899851.847002742
2007-05-31,75.176159,42120200.0,0.0,3166434841.69,0.0,0.0,0.05097910652235478,-464362555.4121057,1899851.847002742
2007-06-01,76.175337,42420200.0,300000.0,3231373018.01,22852601.1,0.007072102469331592,0.14130267128700802,-459792035.19210565,-102855685.14299726
2007-06-04,76.068896,42420200.0,0.0,3226857793.85,0.0,0.0,0.0479987304157366,-438387360.8121058,-137842080.85634518
2007-06-05,75.52831,43671600.0,1251400.0,3298442146.17,94516127.134,0.028654777905911675,0.4137604213583017,23521702.090484306,-123785112.00964515
2007-06-06,73.718348,43671600.0,0.0,3219398194.77,0.0,0.0,0.04489045309477701,23473745.646799907,-122010572.00964515
2007-06-07,72.6554,42671600.0,-1000000.0,3100322172.29,-72655400.0,-0.02343479030965815,-0.25419846081838204,8942665.646799907,-125643342.00964515
2007-06-08,72.387041,42671600.0,0.0,3088870863.17,0.0,0.0,0.04739516883400317,4372145.426799906,-125643342.00964515
2007-06-11,73.488439,42671600.0,0.0,3135869289.17,0.0,0.0,0.04739516883400317,4372145.426799906,-124038307.81714515
2007-06-12,73.222729,42671600.0,0.0,3124531020.95,0.0,0.0,0.04739516883400317,-14531080.000000095,-119591673.81714515
2007-06-13,73.24691,43671600.0,1000000.0,3198809775.38,73246910.0,0.022898176241598702,0.3394644882929526,118301.99999990463,-115935860.1796639
2007-06-14,74.852396,43671600.0,0.0,3268923876.69,0.0,0.0,0.044919478211863054,14649381.999999905,-115935860.1796639
2007-06-15,76.582701,43921600.0,250000.0,3363634770.7,19145675.25,0.005691960202330656,0.1175209704371574,18478517.049999904,-111402295.46716389
2007-06-18,76.633095,43621600.0,-300000.0,3342858196.83,-22989928.5,-0.006877326870102096,-0.0402133564939881,13880531.349999905,-112551791.8921639
2007-06-19,76.60801,43621600.0,0.0,3341763957.65,0.0,0.0,0.04874855418944129,13880531.349999905,-109645108.65216391
2007-06-20,77.150936,43621600.0,0.0,3365447250.92,0.0,0.0,0.05035324970843971,-768850.6500000954,-110384839.6038264
2007-06-21,75.951209,43621600.0,0.0,3313113244.48,0.0,0.0,0.05067117045513009,-768850.6500000954,-110384839.6038264
2007-06-22,75.807035,43621600.0,0.0,3306824175.57,0.0,0.0,0.05067117045513009,-4597985.700000095,-110384839.6038264
2007-06-25,75.624757,42121600.0,-1500000.0,3185435764.08,-113437135.5,-0.035611182865199695,-0.40378012267635593,-22687427.100000095,-110705527.7838264
2007-06-26,74.956065,42123600.0,2000.0,3157419288.04,149912.13,4.7479322929283646e-05,0.05506350828937976,-22657444.674000096,53427.19162109667
2007-06-27,74.390482,42123600.0,0.0,3133594902.22,0.0,0.0,0.054452556779854895,-22657444.674000096,41438.080699996666
2007-06-28,75.535635,42123600.0,0.0,3181832888.54,0.0,0.0,0.056955777107675895,-22657444.674000096,41438.08069999667
2007-06-29,76.353657,41623600.0,-500000.0,3178114084.65,-38176828.5,-0.012012416006206506,-0.09918459981386762,-30292810.374000095,-3010033.3993000034
2007-07-02,75.884721,42623600.0,1000000.0,3234479983.0,75884721.0,0.02346118120960404,0.3549382671173917,7571560.925999904,784202.6506999966
2007-07-03,76.766169,42524800.0,-98800.0,3264465975.21,-7584497.4972,-0.002323350145106688,0.023311759757653046,6024679.000559903,-4320828.580860003
2007-07-04,77.000279,43524800.0,1000000.0,3351421730.63,77000279.0,0.022975407211889592,0.34630206275770276,21424734.8005599,-470814.63086000306
2007-07-05,76.159654,43524800.0,0.0,3314833715.72,0.0,0.0,0.05072663956980786,21424734.8005599,3161955.369139997
2007-07-06,76.742783,44674800.0,1150000.0,3428468473.03,88254200.45,0.02574158145079952,0.37890226795886767,46710940.5905599,7574665.391639997
2007-07-09,77.019048,45174800.0,500000.0,3479320111.96,38509524.0,0.011068117551939333,0.18935208656386318,39235901.1905599,9500141.591639997
2007-07-10,75.944836,45175800.0,1000.0,3430868738.48,75944.836,2.2135745138896316e-05,0.04734672596213294,40767989.657199904,9503938.833439996
2007-07-11,75.31318,45175800.0,0.0,3402333174.25,0.0,0.0,0.04706215718774809,25367933.8571999,5841593.3334399965
2007-07-12,76.790282,45051800.0,-124000.0,3459540447.29,-9521994.968,-0.00275238723555291,0.01197347585883158,23463534.863599904,5365493.5850399975
2007-07-13,77.165052,45051800.0,0.0,3476424499.19,0.0,0.0,0.047357436590545636,5812694.773599902,4408209.822539997
2007-07-16,77.287177,42951800.0,-2100000.0,3319623348.87,-162303071.7,-0.048892014136256746,-0.5786655320395088,-34349824.3664001,-2557447.3374600024
2007-07-17,76.643521,42952750.0,950.0,3292050009.01,72811.34495000001,2.2117326514093922e-05,0.04957944921430522,-34350451.0646101,-2553806.770212502
2007-07-18,75.264451,42952750.0,0.0,3232815133.65,0.0,0.0,0.04929537690610085,-34350451.0646101,-2553806.770212502
2007-07-19,76.194776,43452750.0,500000.0,3310872539.2,38097388.0,0.011506751633877576,0.19582532166403455,-24826574.4710101,-648937.3702125024
2007-07-20,75.08501,43452750.0,0.0,3262650182.05,0.0,0.0,0.04740182003028621,-24826574.4710101,-648937.3702125024
2007-07-23,75.745393,43452750.0,0.0,3291345638.03,0.0,0.0,0.04740706674523242,7634039.868989898,5022919.404787498
2007-07-24,74.434902,43453950.0,1200.0,3234490499.32,89321.88239999999,2.7615441263091817e-05,0.04775873825804804,7637341.976479898,5019889.892407497
2007-07-25,73.345359,43453950.0,0.0,3187145580.55,0.0,0.0,0.04740410474350611,7637341.976479898,5019889.892407497
2007-07-26,71.594706,43453950.0,0.0,3111072762.62,0.0,0.0,0.04740410474350611,17864.37647989867,5019889.892407497
2007-07-27,71.048224,43453950.0,0.0,3087325960.95,0.0,0.0,0.04740410474350611,17864.37647989867,6928731.317407498
2007-07-30,71.091504,44553950.0,1100000.0,3167407333.73,78200654.4,0.02468916882499903,0.3616224144293744,15657995.2564799,7044527.987407498
2007-07-31,72.308648,44556000.0,2050.0,3221784116.85,148232.72840000002,4.6009516163649724e-05,0.045325924898674506,15669777.425679902,7431164.498687498
2007-08-01,71.257605,45556000.0,1000000.0,3246211455.45,71257605.0,0.02195100534204789,0.32442798324034067,29921298.4256799,7144030.798687498
2007-08-02,71.831653,45056000.0,-500000.0,3236446937.85,-35915826.5,-0.011097301203973762,-0.09838030753939263,22738133.125679903,5348239.473687498
2007-08-03,70.892717,45206000.0,150000.0,3204776184.73,10633907.55,0.003318143588518928,0.08400376153252577,24864914.6356799,1467224.828687498
2007-08-06,70.975535,45206000.0,0.0,3208520025.39,0.0,0.0,0.041429522922528016,9224783.7556799,-458251.37131250184
2007-08-07,71.635089,45206950.0,950.0,3238403887.9,68053.33455,2.1014467900151386e-05,0.0416969193060086,9208747.8769099,-458645.94638500176
2007-08-08,72.514529,45206950.0,0.0,3278160697.19,0.0,0.0,0.04252868802660525,-5042773.1230901,-458645.94638500176
2007-08-09,71.06298,45706950.0,500000.0,3248072092.41,35531490.0,0.010939255345664572,0.18171867013098406,9246690.1769099,1794028.3020149984
2007-08-10,70.010895,46456950.0,750000.0,3252492661.55,52508171.25000001,0.01614397839255288,0.24682489735877325,17621542.916909903,4419436.864514999
2007-08-13,71.25962,46456950.0,0.0,3310504619.26,0.0,0.0,0.03972994468554174,17621542.916909903,12534590.449514998
2007-08-14,70.789677,46457500.0,550.0,3288711434.02,38934.32235,1.183877732392231e-05,0.03988054717986029,17615719.1144699,12532896.598384999
2007-08-15,70.988004,46457500.0,0.0,3297925193.47,0.0,0.0,0.03972867708311209,17615719.1144699,12532896.598384999
2007-08-16,69.311393,46457500.0,0.0,3220034034.39,0.0,0.0,0.038623606937180296,10509421.114469903,10628027.198384998
2007-08-17,70.342807,46457500.0,0.0,3267950973.24,0.0,0.0,0.038623606937180296,7786.8644699001625,10628027.198384998
2007-08-20,70.620671,46507500.0,50000.0,3284390864.36,3531033.5500000003,0.0010750954121558432,0.052305112719192394,713993.5744699002,10804578.875884999
2007-08-21,70.784633,46708800.0,201300.0,3306265258.52,14248946.6229,0.004309680412417462,0.09333645295255746,3555996.0345799,11512560.112909999
2007-08-22,71.506229,46708800.0,0.0,3339970140.02,0.0,0.0,0.033473147413997935,3555996.0345799,11512560.112909999
2007-08-23,71.615404,47308800.0,600000.0,3388038848.06,42969242.4,0.012682629782891745,0.19507891582474063,12149844.5145799,13661022.232909998
2007-08-24,71.570414,46808800.0,-500000.0,3350125200.95,-35785207.0,-0.010681752129697224,-0.1026571084001944,4992803.114579899,11871761.882909998
2007-08-27,71.366668,47008800.0,200000.0,3354861427.37,14273333.600000001,0.0042545225515288705,0.08869304025078914,7141263.124579901,8675395.842909997
2007-08-28,70.834927,47511000.0,502200.0,3365438201.08,35573300.33939999,0.010570183795971709,0.16864323493667285,11406133.8678799,10446649.223459998
2007-08-29,70.919821,47511000.0,0.0,3369471604.37,0.0,0.0,0.0329248476778918,11406133.8678799,6883768.973459998
2007-08-30,71.689426,47511000.0,0.0,3406036339.18,0.0,0.0,0.0329248476778918,2812285.3878798992,8679560.298459997
2007-08-31,72.814988,47711000.0,200000.0,3474075886.64,14562997.6,0.004191905437645693,0.0862969624712322,12881926.307879899,8876014.800959997
2007-09-03,72.913368,47711000.0,0.0,3478769703.12,0.0,0.0,0.03259371801970115,10027259.5878799,8876014.800959997
2007-09-04,73.61097,48712300.0,1001300.0,3585759654.1,73706664.26099999,0.020555383341636667,0.294207611809126,17653932.3721999,12557945.347282497
2007-09-05,72.33575,48712300.0,0.0,3523640738.71,0.0,0.0,0.025653307808518398,17653932.3721999,12557945.347282497
2007-09-06,72.656599,49212300.0,500000.0,3575598338.04,36328299.5,0.010160061635981663,0.15511392197250778,24919592.2721999,12597785.822282497
2007-09-07,70.891906,49212300.0,0.0,3488753768.21,0.0,0.0,0.024562838316877278,22006992.7521999,9972377.259782497
2007-09-10,70.307759,49212300.0,0.0,3460006543.52,0.0,0.0,0.024564865603553768,22006992.7521999,9972377.259782497
2007-09-11,71.094836,49213600.0,1300.0,3498832813.71,92423.2868,2.6415462447317863e-05,0.02490145918281468,7284144.557359901,9975051.708004996
2007-09-12,71.238317,49213600.0,0.0,3505894055.7,0.0,0.0,0.024562035338554698,7284144.557359901,9975051.708004996
2007-09-13,71.838422,48713600.0,-500000.0,3499508156.3,-35919211.0,-0.010264074091479492,-0.10622167721000306,-7165357.542640099,8179091.158004996
2007-09-14,71.473708,48713600.0,0.0,3481741644.97,0.0,0.0,0.025659937330431527,-7165357.542640099,8179091.158004996
2007-09-17,71.302273,48638600.0,-75000.0,3468042758.42,-5347670.475,-0.001541985162096541,0.006017200104985987,-8234891.637640099,7735155.956754997
2007-09-18,72.210922,46889800.0,-1748800.0,3385955698.59,-126282460.39359999,-0.0372959576660106,-0.44900553590241077,-33509868.3737201,708585.6059299975
2007-09-19,73.884825,46889800.0,0.0,3464444661.61,0.0,0.0,0.029798030076729553,-33509868.3737201,708585.6059299976
2007-09-20,73.734317,46889800.0,0.0,3457387400.19,0.0,0.0,0.029798030076729553,-26326026.1737201,-1439876.5140700024
2007-09-21,74.299727,46889800.0,0.0,3483899332.06,0.0,0.0,0.03097931422180408,-26326026.1737201,349383.8359299976
2007-09-24,74.236006,46889800.0,0.0,3480911489.92,0.0,0.0,0.030982850673124212,-25256492.0787201,-364282.84407000244
2007-09-25,74.059568,45391000.0,-1498800.0,3361637866.09,-111000480.5184,-0.033019761479396725,-0.3891926411804509,-22200096.1036801,-7692971.886960003
2007-09-26,74.390097,45391900.0,900.0,3376707831.97,66951.0873,1.9827326091443383e-05,0.03474609412832405,-22186705.8862201,-7689624.332595003
2007-09-27,74.863,45391900.0,0.0,3398173814.6,0.0,0.0,0.03449168378860263,-22186705.8862201,-7689624.332595003
2007-09-28,74.935,45391900.0,0.0,3401442019.64,0.0,0.0,0.036812078790343594,-22186705.8862201,-8417774.212595003
2007-10-01,75.514737,45391900.0,0.0,3427757386.1,0.0,0.0,0.03472056154268623,-22186705.8862201,-8417774.212595003
2007-10-02,75.746924,45393000.0,1100.0,3438380131.22,83321.61640000001,2.4232811155302945e-05,0.03802327615437692,30054.540739898675,-12098941.344825003
2007-10-03,75.827737,45393000.0,0.0,3442048469.07,0.0,0.0,0.03771195263068828,16664.323279898676,-12098941.344825003
2007-10-04,75.729243,45393000.0,0.0,3437577515.16,0.0,0.0,0.03771458514193324,16664.323279898676,-13915356.319825003
2007-10-05,76.273961,45393000.0,0.0,3462303928.48,0.0,0.0,0.03771458514193324,16664.323279898676,-13915356.319825003
2007-10-08,76.00802,45318000.0,-75000.0,3444531464.78,-5700601.5,-0.0016549715275613235,0.01663011158690608,-1123455.9767201014,-14200386.394825002
2007-10-09,76.067271,45319100.0,1100.0,3447300255.44,83673.99810000001,2.427232671942589e-05,0.03222858464027068,-1123385.5003801011,-14200823.859260002
2007-10-10,76.125343,45119100.0,-200000.0,3434706956.32,-15225068.6,-0.004432712541017584,-0.025156468891944613,-4168399.2203801014,-14962077.28926
2007-10-11,76.574142,45019100.0,-100000.0,3447298938.3,-7657414.199999999,-0.0022212794239933756,0.0035527459756142152,-5699882.060380101,-13548987.44926
2007-10-12,76.646002,45019100.0,0.0,3450534013.74,0.0,0.0,0.03214725339405381,-5699882.060380101,-13548987.44926
2007-10-15,75.960804,45769100.0,750000.0,3476657632.63,56970603.0,0.016386601448847075,0.23981853578743106,6834358.839619899,-10433073.775510002
2007-10-16,75.895439,45770200.0,1100.0,3473749408.36,83484.9829,2.403310460423059e-05,0.02933645603372491,6834321.0365798995,-4114776.5066850022
2007-10-17,76.112104,46020200.0,250000.0,3502694240.28,19028026.0,0.005432397090554764,0.09014819719477676,13684939.9565799,-3163375.206685002
2007-10-18,75.501791,46020200.0,0.0,3474607522.84,0.0,0.0,0.01993005338194763,15216422.796579897,-3163375.206685002
2007-10-19,75.1461,46020200.0,0.0,3458238557.05,0.0,0.0,0.07606648534298935,15216422.796579897,-3163375.206685002
2007-10-22,74.295192,46020200.0,0.0,3419079612.03,0.0,0.0,0.09278110604565001,3822302.1965798987,-3163375.206685002
2007-10-23,74.75094,46020700.0,500.0,3440090562.26,37375.47,1.086467618324729e-05,0.08873618884029798,3813080.2939998982,2388517.5927349976
2007-10-24,74.618893,46020700.0,0.0,3434013685.05,0.0,0.0,0.08774029325107459,7475.093999898672,2385170.0383699974
2007-10-25,75.604824,46020700.0,0.0,3479386904.0,0.0,0.0,0.08774029325107459,7475.093999898672,2385170.0383699974
2007-10-26,75.76391,46020700.0,0.0,3486708166.62,0.0,0.0,0.08774029325107459,7475.093999898672,2385170.0383699974
2007-10-29,76.339668,45820700.0,-200000.0,3497937002.77,-15267933.600000001,-0.004364839500513988,0.02104531765071986,-3046111.6260001017,1621773.3583699975
2007-10-30,76.036931,45822950.0,2250.0,3484236506.41,171083.09475,4.910203266490549e-05,0.08617870663674504,-3019370.1010501017,1626161.432287498
2007-10-31,76.428658,45822950.0,0.0,3502186551.52,0.0,0.0,0.08543366810479981,-3019370.1010501017,1626161.432287498
2007-11-01,75.109615,45822950.0,0.0,3441744150.36,0.0,0.0,0.08543366810479981,-3019370.1010501017,1626161.432287498
2007-11-02,74.810412,45822950.0,0.0,3428033784.89,0.0,0.0,0.08372081374304151,-3019370.1010501017,1626161.432287498
2007-11-05,74.410179,45822950.0,0.0,3409693918.56,0.0,0.0,0.08372081374304151,34216.61894989867,1911191.5072874979
2007-11-06,74.597031,46824050.0,1001100.0,3492935116.83,74679087.7341,0.02138003863119986,0.4051189267825938,14935817.5468199,5640962.194087498
2007-11-07,74.333972,46824050.0,0.0,3480617618.64,0.0,0.0,0.07991842401958738,14935817.5468199,6402215.624087498
2007-11-08,74.522888,46824050.0,0.0,3489463454.21,0.0,0.0,0.07991842401958738,14935817.5468199,6785086.334087497
2007-11-09,74.455137,46824050.0,0.0,3486291076.32,0.0,0.0,0.07991842401958738,14935817.5468199,6785086.334087497
2007-11-12,74.401296,47074050.0,250000.0,3502370348.77,18600324.0,0.005310781598677096,0.15757560772965964,18655882.3468199,4866572.384087497
2007-11-13,74.123923,47075050.0,1000.0,3489387404.56,74123.92300000001,2.1242675119172325e-05,-0.07900920982803614,3734889.5845998987,4866104.331092497
2007-11-14,74.176535,47075050.0,0.0,3491864076.15,0.0,0.0,-0.08092630264096995,3734889.5845998987,3914703.031092497
2007-11-15,73.069983,47075050.0,0.0,3439773111.29,0.0,0.0,-0.08092630264096995,3734889.5845998987,3914703.031092497
2007-11-16,72.547693,47019229.0,-55821.0,3411136607.29,-4049684.7709529996,-0.001187195130883456,-0.1852491415051659,2924952.630409299,3712218.792544847
2007-11-19,71.591083,46319229.0,-700000.0,3316043753.89,-50113758.1,-0.015112514134113075,-1.4579309899045694,-10817863.789590701,1206530.8875448473
2007-11-20,72.718565,46319500.0,271.0,3368287574.89,19706.731115,5.850667639518153e-06,-0.040897376612773303,-10828747.227967702,1205647.4506005973
2007-11-21,71.651989,47569500.0,1250000.0,3408449266.95,89564986.25,0.026277341757281282,2.3770693348306944,7084250.022032298,5683896.763100597
2007-11-22,72.067955,46494500.0,-1075000.0,3350763519.56,-77473051.625,-0.023121014411417864,-2.207217658449474,-8410360.302967701,1810244.1818505973
2007-11-23,72.514225,46494500.0,0.0,3371512612.99,0.0,0.0,-0.061040351911905294,-7600423.348777102,1810244.1818505973
2007-11-26,72.1169,47394500.0,900000.0,3417944429.69,64905210.0,0.01898954513016666,1.6669955791214852,15403370.271222899,5818901.361850597
2007-11-27,71.773396,44296600.0,-3097900.0,3179317402.89,-222346803.4684,-0.06993539030305271,-5.537411406340883,-29069931.768680103,-5306992.966306903
2007-11-28,73.605682,44296600.0,0.0,3260481463.07,0.0,0.0,-0.003378565518875869,-46982929.0186801,-5306992.966306903
2007-11-29,74.00114,44496600.0,200000.0,3292799127.8,14800228.000000002,0.004494725437408749,0.3530518509278533,-28528273.093680102,-4566981.566306903
2007-11-30,75.00332,44496600.0,0.0,3337392722.36,0.0,0.0,-0.0025811702829938005,-28528273.093680102,-4566981.566306903
2007-12-03,74.68545,44796600.0,300000.0,3345654229.46,22405635.0,0.0066969368211180465,0.5244168325081622,-37028188.0936801,-3446699.816306903
2007-12-04,74.415586,45047850.0,251250.0,3352262149.5,18696915.9825,0.005577402705599472,0.43074518345898255,11180555.796499899,-6245808.403886903
2007-12-05,75.709751,45047850.0,0.0,3410561524.29,0.0,0.0,-0.01534431761125614,11180555.796499899,-6245808.403886903
2007-12-06,75.669493,44797850.0,-250000.0,3389830597.08,-18917373.25,-0.0055806249628802766,-0.45756599613605636,4437035.546499899,-7191677.066386903
2007-12-07,76.178898,44797850.0,0.0,3412650825.88,0.0,0.0,-0.011614452295163821,4437035.546499899,-7191677.066386903
2007-12-10,76.552326,44797850.0,0.0,3429379602.11,0.0,0.0,-0.03661792832876543,-44091.45350010097,-8121693.266386902
2007-12-11,76.323888,44948950.0,151100.0,3430678622.66,11532539.4768,0.0033615913191711814,0.23946709621899714,-1476966.7546401012,-7548772.488696903
2007-12-12,76.959217,44948950.0,0.0,3459236004.84,0.0,0.0,-0.03889612600008936,-1476966.7546401012,-7548772.488696903
2007-12-13,75.550374,43307050.0,-1641900.0,3271863811.45,-124046159.0706,-0.03791299583940389,-3.027337477255422,-22502723.918760102,-13751080.442226905
2007-12-14,75.743313,43657050.0,350000.0,3306729586.57,26510159.55,0.008017032798106246,0.6135286028369478,-17200692.008760102,-12223088.226179253
2007-12-17,74.57109,42157050.0,-1500000.0,3143697176.94,-111856635.0,-0.03558123721982617,-2.7697038510660588,-39572019.00876011,-15310232.071179252
2007-12-18,74.811888,42157550.0,500.0,3153885892.28,37405.943999999996,1.1860271828971775e-05,0.012808177916554976,-41871045.7153201,-15309347.110535005
2007-12-19,74.683674,42658070.0,500520.0,3185861376.34,37380672.51048,0.011733301639578518,0.9467344674869183,-34394911.2132241,-17918562.797511004
2007-12-20,74.986123,42758070.0,100000.0,3206261891.98,7498612.300000001,0.0023387398012485175,0.20267123557132238,-8085956.939104101,-13669979.601261005
2007-12-21,76.257744,42758070.0,0.0,3260633973.97,0.0,0.0,0.0354525187549148,-13387988.8491041,-13669979.601261001
2007-12-27,76.597351,42758570.0,500.0,3275193179.45,38298.675500000005,1.1693562303531502e-05,0.04396728328814569,8990997.885995898,-16913325.167486005
2007-12-28,76.87067,42760750.0,2180.0,3287047499.16,167578.0606,5.0981332226815806e-05,0.04712077469439233,9017032.3093159,-5787606.091036003
2008-01-02,75.742854,42760750.0,0.0,3238821252.63,0.0,0.0,0.0430034390681631,1540897.8072198988,-5787606.091036003
2008-01-03,75.354956,42760750.0,0.0,3222234453.05,0.0,0.0,0.04115635507111336,41175.34721989867,-6527617.491036003
2008-01-04,74.404445,42760750.0,0.0,3181589891.49,0.0,0.0,0.04115635507111336,41175.34721989867,-6527617.491036003
2008-01-07,74.484339,42760750.0,0.0,3185006196.06,0.0,0.0,0.008838866653942594,33515.61211989867,-7647899.241036003
2008-01-08,74.796745,42761550.0,800.0,3198424741.32,59837.396,1.8708395800898198e-05,0.01046086743606908,11967.479199898673,-8579753.170361003
2008-01-09,74.155404,42561550.0,-200000.0,3156168935.76,-14831080.8,-0.004699076982844931,-0.39429684069902954,-2954248.6808001017,-9321307.210361004
2008-01-10,73.491748,42561550.0,0.0,3127922695.45,0.0,0.0,0.020607451582023126,-2954248.6808001017,-8375438.547861004
2008-01-11,73.537798,42561550.0,0.0,3129882669.27,0.0,0.0,0.020607451582023126,-2954248.6808001017,-8375438.547861004
2008-01-14,73.670906,42561550.0,0.0,3135547945.07,0.0,0.0,0.020607451582023126,-2954248.6808001017,-8375438.547861004
2008-01-15,72.094173,42637750.0,76200.0,3073933326.01,5493575.9826,0.0017871487114298353,0.17458785126145152,-1867500.9634801014,-8677386.722571004
2008-01-16,71.190478,42387750.0,-250000.0,3017604167.55,-17797619.5,-0.005897930448064674,-0.4882829885067885,-2460808.703480101,-9567267.697571004
2008-01-17,70.63728,42887750.0,500000.0,3029473995.72,35318640.0,0.011658340705316402,1.022374907837617,4602919.296519899,-1599027.7440410033
2008-01-18,69.690265,42887750.0,0.0,2988858668.55,0.0,0.0,0.015078282974661435,4602919.296519899,-2924535.7215410033
2008-01-21,64.697083,42887900.0,150.0,2774722027.02,9704.562450000001,3.4974899667418295e-06,0.03382222174136238,4604860.209009899,2668781.256581497
2008-01-22,64.49943,42887900.0,0.0,2766245089.63,0.0,0.0,0.033547782516035914,3506145.0124898986,2666910.959381497
2008-01-23,61.352599,48707900.0,5820000.0,2988356279.09,357072126.18,0.11948780293651394,7.612346996620914,78480094.1484899,18651483.6428575
2008-01-24,64.990549,53862331.0,5154431.0,3500542446.43,334989300.472619,0.09569639722959371,5.284353955428359,138414226.2430137,35026018.051488444
2008-01-25,64.949013,54112331.0,250000.0,3514542503.9,16237253.249999998,0.004620019030067761,0.18403582753485387,141661676.8930137,35837880.713988446
2008-01-28,64.968245,51112331.0,-3000000.0,3320678465.75,-194904735.0,-0.05869425089188191,-3.1868580168489555,102678788.98052369,26090729.030213445
2008-01-29,65.674093,50613631.0,-498700.0,3324004300.71,-32751670.1791,-0.009853076956640614,-0.5673933618903695,96128454.94470371,24444766.618228447
2008-01-30,65.506034,50614781.0,1150.0,3315573554.52,75331.9391,2.272063576973062e-05,-0.039505373839984405,24729096.096523706,24448533.215183444
2008-01-31,65.279401,50614781.0,0.0,3304102605.74,0.0,0.0,-0.03589184963209649,-42268763.9980001,24448533.215183444
2008-02-01,66.393073,50614781.0,0.0,3360470837.07,0.0,0.0,-0.028775190301421793,-45516214.6480001,24448533.215183444
2008-02-04,66.695379,50614781.0,0.0,3375771993.01,0.0,0.0,-0.028775190301421793,-6535267.648000098,24448533.215183444
2008-02-05,64.454263,50616281.0,1500.0,3262435063.58,96681.3945,2.9634733754334915e-05,-0.027192464184590898,34402.66671990165,24450375.41510845
2008-02-06,65.237674,50616281.0,0.0,3302088427.84,0.0,0.0,-0.028783156916995786,19336.278899901652,25191929.45510845
2008-02-07,64.153364,50616281.0,0.0,3247204677.04,0.0,0.0,-0.028783156916995786,19336.278899901652,25191929.45510845
2008-02-08,64.472758,50316281.0,-300000.0,3244029419.76,-19341827.4,-0.005962284830767948,-0.3459771838301873,-3849029.2011000984,24224838.085108448
2008-02-11,64.245855,50316281.0,0.0,3232612487.46,0.0,0.0,-0.02562242179356879,-3849029.2011000984,24224838.085108448
2008-02-12,66.382378,49317481.0,-998800.0,3273811658.29,-66302719.146400005,-0.020252453734932237,-1.0957585142226274,-17128909.309280097,20635023.328658447
2008-02-13,66.437663,49317481.0,0.0,3276538207.19,0.0,0.0,-0.01456910372963746,-17128909.309280097,21524904.30365845
2008-02-14,66.329706,48567481.0,-750000.0,3221466721.29,-49747279.5,-0.015442431601490909,-0.8256067703500215,-27078365.209280096,17271608.328658447
2008-02-15,65.092393,48642481.0,75000.0,3166255477.51,4881929.475000001,0.00154186214905161,0.07484304764640537,-22233613.834280096,17515704.80240845
2008-02-18,66.378826,48792481.0,150000.0,3238787591.73,9956823.9,0.003074244178724162,0.15721811602011404,-20242249.054280095,18013060.769285947
2008-02-19,66.709546,48793381.0,900.0,3254984312.58,60038.591400000005,1.8445124656349445e-05,-0.001293082981599687,-6969697.506720099,18016062.698855948
2008-02-20,65.731747,48793381.0,0.0,3207274185.27,0.0,0.0,-0.002279510343396169,-6969697.506720099,162456.3898559467
2008-02-21,65.780705,48143381.0,-650000.0,3166905561.81,-42757458.25,-0.013501336688285261,-0.716735772121569,-5571733.256720099,-18724881.546275
2008-02-22,64.841458,48143381.0,0.0,3121687029.43,0.0,0.0,0.005594645833610098,-6548119.151720099,-19536744.208775003
2008-02-25,65.567264,47218381.0,-925000.0,3095980067.59,-60649719.199999996,-0.019589828705587075,-1.026667490707446,-20669427.7717201,-12823993.418775002
2008-02-26,66.552124,47220381.0,2000.0,3142616662.83,133104.24800000002,4.235459245612748e-05,0.02571108231356187,-20654814.640400097,-11179754.697420001
2008-02-27,66.665043,47220381.0,0.0,3147948746.92,0.0,0.0,0.023448799388358695,-20654814.640400097,-11183521.294375
2008-02-28,65.375545,47220381.0,0.0,3087058145.21,0.0,0.0,0.02800908965553598,-12103322.990400096,-11183521.294375
2008-02-29,64.284456,47220381.0,0.0,3035536510.72,0.0,0.0,0.02800908965553598,-12103322.990400096,-11183521.294375
2008-03-03,63.72949,47220381.0,0.0,3009330776.82,0.0,0.0,0.02800908965553598,26620.849599901656,-11183521.294375
2008-03-04,62.348951,46121781.0,-1098600.0,2875644680.64,-68496557.5686,-0.023819548371099692,-1.22745442755555,-13699311.513720099,-14613183.24253
2008-03-05,63.669721,47121781.0,1000000.0,3000230637.21,63669721.0,0.021221608835782134,1.1502780036665876,-965367.3137200981,-11429697.192530002
2008-03-06,62.789217,47121781.0,0.0,2958739711.41,0.0,0.0,0.024336364076887256,-965367.3137200981,-11429697.192530002
2008-03-07,62.052463,47121781.0,0.0,2924022583.57,0.0,0.0,0.024336364076887256,-965367.3137200981,-10462605.822530001
2008-03-10,61.423856,47121781.0,0.0,2894401506.89,0.0,0.0,0.023656830577357395,-965367.3137200981,-10462605.822530001
2008-03-11,62.152158,47122981.0,1200.0,2928794945.73,74582.5896,2.5465282132071677e-05,0.008691281880783915,12748860.717919901,-7143740.735730002
2008-03-12,62.864421,47122981.0,0.0,2962358927.39,0.0,0.0,0.0073218278174646476,14916.517919901653,-7143740.735730002
2008-03-13,61.922956,47622981.0,500000.0,2948955737.7,30961478.0,0.010499132830032915,0.5664601191260592,6207212.117919901,-3108302.8607300012
2008-03-14,61.460438,47622981.0,0.0,2926929290.7,0.0,0.0,0.0026131434949925687,6207212.117919901,-3352399.334480001
2008-03-17,58.891667,47622981.0,0.0,2804596729.19,0.0,0.0,0.0026131434949925687,6207212.117919901,-3850240.5294800014
2008-03-18,60.902085,47623781.0,800.0,2900387567.61,48721.668,1.6798330176317782e-05,-0.01142247407373193,6202039.933599902,-3850806.375650001
2008-03-19,60.595445,48123781.0,500000.0,2916081942.08,30297722.5,0.010389873502110528,0.5478041631659195,12261584.4335999,-2335920.250650001
2008-03-20,60.202463,48123781.0,0.0,2897170123.58,0.0,0.0,-0.017019030453416732,6069288.833599902,-198047.33815000096
2008-03-25,62.150598,48474081.0,350300.0,3012693109.69,21771354.4794,0.0072265423947015395,0.3723441980516963,10423559.729479903,890520.3858199992
2008-03-26,61.812684,48474081.0,0.0,2996313027.2,0.0,0.0,-0.02028092716463485,10423559.729479903,3923006.3458199995
2008-03-27,62.658261,48476081.0,2000.0,3037426939.73,125316.52200000001,4.1257460504100064e-05,-0.018047079577096507,10438878.700279903,3922616.9595199986
2008-03-28,62.484987,48476081.0,0.0,3029027279.77,0.0,0.0,-0.020288638131911903,4379334.200279902,3922616.9595199986
2008-03-31,62.245739,47726081.0,-750000.0,2970745166.39,-46684304.25,-0.015714678181814563,-0.8642212856564849,-4957526.649720098,1588401.7470199987
2008-04-01,64.010991,47726681.0,600.0,3055032124.88,38406.594600000004,1.2571584530067287e-05,-0.012456768568641221,-9304116.226680098,1590322.0767499988
2008-04-02,64.554692,47726681.0,0.0,3080981189.97,0.0,0.0,-0.013885169929472163,-9304116.226680098,1590322.0767499988
2008-04-03,64.214207,47726681.0,0.0,3064730949.25,0.0,0.0,-0.013874212737704365,-9329179.531080099,5015149.955179999
2008-04-04,64.420513,47726781.0,100.0,3074583735.48,6442.0513,2.0952596690277736e-06,-0.015766646085373426,-9327891.120820098,1831986.0077449991
2008-04-07,64.968761,47227281.0,-499500.0,3068297944.62,-32451896.1195,-0.010576513984374186,-0.5843002472953224,-6481409.494720099,209391.20176999905
2008-04-08,64.501315,46728781.0,-498500.0,3014067808.42,-32153905.527500004,-0.010667943646681046,-0.5835935182289377,-12919871.919140099,-1398304.0746050011
2008-04-09,64.018878,50778781.0,4050000.0,3250800570.78,259276455.9,0.07975772436812048,3.987740081378623,38935419.2608599,11565518.720394999
2008-04-10,63.857751,50778781.0,0.0,3242618727.64,0.0,0.0,-0.033400672107611384,38935419.2608599,11561789.590914998
2008-04-11,62.897931,46728781.0,-4050000.0,2939143623.21,-254736620.55,-0.08667035477217958,-4.050608696483263,-12013193.2594001,-1175041.4365850016
2008-04-14,62.429711,46728781.0,0.0,2917264271.87,0.0,0.0,0.004914868078594516,-5522814.035500102,-2723115.3365850016
2008-04-15,62.720502,46928981.0,200200.0,2943409224.66,12556644.500400001,0.004266020638652598,0.20283385990498598,3419295.970079899,-2095283.1115650018
2008-04-16,63.842075,46693981.0,-235000.0,2981040633.9,-15002887.625,-0.005032768575640716,-0.23019022064379055,-51436572.7349201,-2845427.492815002
2008-04-17,63.641587,48193981.0,1500000.0,3067141411.08,95462380.5,0.03112421884271252,1.4361665153570171,-32344096.6349201,1925255.4487849982
2008-04-18,65.177355,89693981.0,41500000.0,5846016446.96,2704860232.5,0.4626843350580309,9.67406286921809,559575273.9750799,135653380.948785
2008-04-21,64.63808,88193981.0,-1500000.0,5700689639.35,-96957120.0,-0.0170079632700466,-0.4398182436024589,540183849.9750799,130805524.94878499
2008-04-22,64.083062,86696481.0,-1497500.0,5555775972.74,-95964385.345,-0.017272904058021663,-0.44201430145002196,518479644.0059999,124918737.957565
2008-04-23,64.718352,86696481.0,0.0,5610853377.67,0.0,0.0,-0.0790629957339294,521480221.53099996,124918737.957565
2008-04-24,64.968513,86696481.0,0.0,5632541431.04,0.0,0.0,-0.07905432455005018,502387745.43099993,124912472.131465
2008-04-25,65.684936,88946481.0,2250000.0,5842443929.39,147791105.99999997,0.025296110289830472,0.4488592965817153,-9026079.869000101,132302027.431465
2008-04-28,65.95792,88946481.0,0.0,5866724894.23,0.0,0.0,-0.08342460208150981,10365344.130999899,134636242.643965
2008-04-29,65.57652,44950181.0,-43996300.0,2947676426.35,-2885124246.876,-0.9787791567232988,-9.599573057774734,-547466628.1752001,-9621890.029565025
2008-04-30,66.179187,39031381.0,-5918800.0,2583065048.25,-391701372.01559997,-0.15164208593235917,-1.4274457072832567,-625806902.5783201,-29206958.63034501
2008-05-02,66.601607,39031381.0,0.0,2599552713.59,0.0,0.0,0.05502580915451242,-625806902.5783201,-29206958.63034501
2008-05-05,66.684661,43681381.0,4650000.0,2912878099.56,310083673.65000004,0.10645267774742762,1.0807383023246766,-593348389.04832,-13703097.050410008
2008-05-06,66.354105,45181381.0,1500000.0,2997970096.21,99531157.5,0.03319951644141687,0.3659023905915036,-573442157.54832,-7103944.3694350105
2008-05-07,66.913029,45481381.0,300000.0,3043296945.25,20073908.7,0.006596105822447429,0.10695173621743422,7597473.566879919,-4492553.6580600105
2008-05-08,66.871599,45481381.0,0.0,3041412655.5,0.0,0.0,0.04331417620071321,85937747.96999991,-17456376.45306001
2008-05-09,66.221558,45481381.0,0.0,3011847903.79,0.0,0.0,0.043315898950631856,85937747.96999991,-17456376.453060012
2008-05-12,66.53062,45481381.0,0.0,3025904468.29,0.0,0.0,0.043315898950631856,23921013.2399999,-4719545.425560011
2008-05-13,66.759543,45481381.0,0.0,3036316220.97,0.0,0.0,0.043315898950631856,4014781.7399999015,-4719545.425560011
2008-05-14,66.978289,44881381.0,-600000.0,3006078119.14,-40186973.400000006,-0.013368572541121114,-0.08555013724009805,-8037394.680000099,-7356726.320580011
2008-05-15,66.957348,47081381.0,2200000.0,3152444413.31,147306165.6,0.04672760127920277,0.49268161446143227,21423838.4399999,758726.3406699881
2008-05-16,67.670836,51581381.0,4500000.0,3490555159.08,304518762.0,0.08724078208815973,0.8758950924310667,82327590.8399999,11211545.415669989
2008-05-19,68.326017,49381381.0,-2200000.0,3374033073.89,-150317237.39999998,-0.0445512044808428,-0.39297407425542963,52264143.35999991,-131547328.07933001
2008-05-20,67.30988,48881381.0,-500000.0,3290199894.02,-33654940.0,-0.010228843560893819,-0.06215535976205394,45533155.35999991,-128382219.07933001
2008-05-21,66.575277,51081381.0,2200000.0,3400757093.32,146465609.4,0.0430685301480949,0.4493948405705042,82863671.91999991,-116260719.34208003
2008-05-22,66.85388,51131381.0,50000.0,3418331198.14,3342694.0,0.0009778730632710032,0.044168938222592116,54070977.599999905,-116093584.64208002
2008-05-23,65.659592,48931381.0,-2200000.0,3212814491.41,-144451102.4,-0.04496092220270244,-0.40221837346656386,-35722995.28000009,-123316139.76208003
2008-05-26,65.75135,48531381.0,-400000.0,3191003837.31,-26300540.0,-0.008242089743825324,-0.04632868374358881,-10919655.800000096,-132020722.06208
2008-05-27,65.796679,48531381.0,0.0,3193203712.5,0.0,0.0,0.033769545675477755,-4188667.8000000953,-132020722.06208
2008-05-28,66.507162,48031381.0,-500000.0,3194430844.59,-33253580.999999996,-0.010409860979246848,-0.06609887801620239,-40132505.8800001,10572811.231719976
2008-05-29,66.707284,49831381.0,1800000.0,3324116080.67,120073111.2,0.036121816532892675,0.3814667521001431,-16786422.440000094,36161535.392499976
2008-05-30,67.100683,49831381.0,0.0,3343719704.54,0.0,0.0,0.032667852447842004,12103798.039999906,36161535.392499976
2008-06-02,66.267659,47631381.0,-2200000.0,3156420133.96,-145788849.79999998,-0.04618803695726505,-0.40990823815936445,-11793863.920000091,13367909.219999975
2008-06-03,66.365427,47632581.0,1200.0,3161156594.01,79638.51239999999,2.519284003548103e-05,0.03615556443111677,-11777936.217520092,8395333.270619975
2008-06-04,65.858673,49832581.0,2200000.0,3281907660.29,144889080.6,0.04414782364327616,0.4585084761486173,23850596.10247991,14636091.865619976
2008-06-05,65.635278,45332581.0,-4500000.0,2975416574.17,-295358751.0,-0.09926635267278199,-0.9146944128501734,-59235776.3375201,-131845.68438002467
2008-06-06,64.330138,43132581.0,-2200000.0,2774724902.67,-141526303.60000002,-0.05100552615641834,-0.4457386066180296,-87541037.0575201,-7208160.864380026
2008-06-09,64.441025,43132581.0,0.0,2779507713.31,0.0,0.0,0.04449296794752273,-58383267.09752011,-7208160.864380026
2008-06-10,64.020649,43132581.0,0.0,2761375812.06,0.0,0.0,0.041474029718574244,-58399194.80000011,-7208160.864380026
2008-06-11,62.877842,43132581.0,0.0,2712083633.97,0.0,0.0,0.04211861606741767,-87377010.9200001,-5198812.194380025
2008-06-12,63.485174,43132581.0,0.0,2738279421.21,0.0,0.0,0.03928211822722041,-28305260.7200001,-12564120.474380026
2008-06-13,63.965141,43012581.0,-120000.0,2751305809.7,-7675816.92,-0.0027898814057449196,0.012669385888814683,-1535163.3840000953,-28173849.420380026
2008-06-16,63.629335,43512581.0,500000.0,2768676583.74,31814667.5,0.011490929524539817,0.15006504021225964,4827770.115999904,-19067254.17538003
2008-06-17,64.255741,43513381.0,800.0,2795984538.32,51404.5928,1.838514916498324e-05,0.039889741147263715,4838051.034559904,-17381936.945740025
2008-06-18,63.619616,43513381.0,0.0,2768304603.58,0.0,0.0,0.03971288103409955,4838051.034559904,-24705217.415740024
2008-06-19,63.54616,43513381.0,0.0,2765108275.58,0.0,0.0,0.039713819934378954,4838051.034559904,-24872352.115740024
2008-06-20,62.196541,43513381.0,0.0,2706381790.69,0.0,0.0,0.03971791336305297,6373214.418559904,-17649796.995740026
2008-06-23,62.29948,43513381.0,0.0,2710861002.1,0.0,0.0,0.03971791336305297,10280.918559904632,-16334769.995740026
2008-06-24,61.794306,43515381.0,2000.0,2689002763.89,123588.612,4.5960760494426805e-05,0.04015635303895582,24717.722399904633,-16328590.565140028
2008-06-25,62.567266,43265381.0,-250000.0,2706996608.77,-15641816.5,-0.005778291871265882,-0.015408243634057501,-3103645.5776000954,-15448002.340140026
2008-06-26,61.070952,42765381.0,-500000.0,2611722512.71,-30535476.0,-0.011691699961002172,-0.07135562549885836,-9210740.777600095,-22978431.700140025
2008-06-27,60.714415,42765381.0,0.0,2596475071.95,0.0,0.0,0.04111582428635405,-9210740.777600095,-22978431.700140025
2008-06-30,60.678544,42765381.0,0.0,2594941054.41,0.0,0.0,0.04073884542055453,-9210740.777600095,-15688989.210140029
2008-07-01,59.71044,42765581.0,200.0,2553551665.13,11942.088,4.6766580692590115e-06,0.04078345735443273,-9233070.082400095,-15692374.031360026
2008-07-02,59.611569,42265581.0,-500000.0,2519517584.75,-29805784.5,-0.011829956925249041,-0.07211126505867596,-12065863.682400096,-24427117.28636003
2008-07-03,60.068244,42765581.0,500000.0,2568853336.29,30034122.0,0.011691645286132217,0.15320179346358304,48055.91759990454,-8157473.636360029
2008-07-04,59.297236,42765581.0,0.0,2535880732.75,0.0,0.0,0.04088873351723642,48055.91759990454,-1081158.4563600267
2008-07-07,60.464393,42765581.0,0.0,2585794900.98,0.0,0.0,0.04041574755858229,48055.91759990454,-1081158.4563600267
2008-07-08,59.600645,42767081.0,1500.0,2548945591.49,89400.9675,3.507370569167002e-05,0.041688568558219036,63547.69349990455,-1076688.4079850267
2008-07-09,60.376841,43267081.0,500000.0,2612329687.34,30188420.5,0.011556129628775648,0.1515745807897483,12062388.693499904,432732.61701497325
2008-07-10,59.606529,43267081.0,0.0,2579000520.61,0.0,0.0,0.04042145586154914,6055564.293499905,432732.61701497325
2008-07-11,58.17214,43267081.0,0.0,2516938694.49,0.0,0.0,0.04042145586154914,6055564.293499905,816523.4630149732
2008-07-14,58.615304,43267081.0,0.0,2536113108.54,0.0,0.0,0.050301007372918316,6055564.293499905,-774209.9119850268
2008-07-15,57.49437,43267681.0,600.0,2487648052.1,34496.622,1.3867163391894991e-05,0.058386377554147044,6044583.424399905,-775055.3105250269
2008-07-16,58.190569,44267681.0,1000000.0,2575961526.53,58190569.0,0.022589843986678928,0.2761994156843509,11645013.124399904,2134473.139474973
2008-07-17,59.285922,43567681.0,-700000.0,2582950124.52,-41500145.4,-0.016066955767375546,-0.102840469530765,3344984.044399905,59465.86947497316
2008-07-18,60.338626,43642681.0,75000.0,2633339417.45,4525396.95,0.0017185012004195717,0.06915924020115517,4250063.434399905,285735.7169749732
2008-07-21,60.736697,43642681.0,0.0,2650712273.55,0.0,0.0,0.05245132209636012,4250063.434399905,285735.7169749732
2008-07-22,60.906163,44243981.0,601300.0,2694731126.35,36622875.8119,0.013590549147478585,0.183473129327406,11567739.272379905,2110700.076969973
2008-07-23,61.787853,44243981.0,0.0,2733740600.81,0.0,0.0,0.05134337058140314,-70374.5276200965,2892790.901969973
2008-07-24,60.885857,44243981.0,0.0,2693832712.2,0.0,0.0,0.05134337058140314,8229654.552379903,4419564.701969973
2008-07-25,60.847966,44243981.0,0.0,2692156245.58,0.0,0.0,0.05134577793387911,7324575.162379903,4419564.701969973
2008-07-28,60.038354,44243981.0,0.0,2656335774.7,0.0,0.0,0.05134577793387911,7324575.162379903,4419564.701969973
2008-07-29,60.488567,44595981.0,352000.0,2697546993.7,21291975.584000003,0.007893087917921896,0.12743697558121914,4258395.116799904,5483566.376769973
2008-07-30,61.067972,44595981.0,0.0,2723386127.96,0.0,0.0,0.050219820543748454,4258395.116799904,6973855.6017699735
2008-07-31,61.250374,43845981.0,-750000.0,2685582736.59,-45937780.5,-0.01710533057653222,-0.11467905582557902,-4929160.9832000965,3175260.4767699735
2008-08-01,60.464632,43845981.0,0.0,2651131100.31,0.0,0.0,0.049966553000022146,-4929160.9832000965,3175260.4767699735
2008-08-04,60.024033,43845981.0,0.0,2631812614.6,0.0,0.0,0.049966553000022146,-4929160.9832000965,3175260.4767699735
2008-08-05,61.620208,44247281.0,401300.0,2726526667.23,24728189.470399998,0.009069483811622672,0.13614794106662442,-4241918.205920097,4407199.901914974
2008-08-06,62.023459,44247281.0,0.0,2744369397.3,0.0,0.0,0.04810422814686751,-4241918.205920097,2897778.8769149734
2008-08-07,61.854016,44247281.0,0.0,2736872008.77,0.0,0.0,0.04835404918262561,4945637.894079903,2897778.8769149734
2008-08-08,62.025471,44247281.0,0.0,2744458456.21,0.0,0.0,0.04835554703193046,4945637.894079903,2897778.8769149734
2008-08-11,62.478243,44247281.0,0.0,2764492385.0,0.0,0.0,0.04835554703193046,4945637.894079903,2897778.8769149734
2008-08-12,62.254249,44247781.0,500.0,2754612384.61,31127.1245,1.1300001653193396e-05,0.047371614254442106,6225.424899903142,2897610.402039973
2008-08-13,60.706861,44247781.0,0.0,2686143882.63,0.0,0.0,0.04726175664863903,6225.424899903142,-11918.047960026885
2008-08-14,60.89588,44247781.0,0.0,2694507574.82,0.0,0.0,0.04567823312572228,6225.424899903142,2063089.222039973
2008-08-15,60.931668,44307781.0,60000.0,2699746983.85,3655900.08,0.0013541639649455109,0.05873770583349771,737405.4408999032,2019614.3785399727
2008-08-18,60.806715,44307781.0,0.0,2694210616.83,0.0,0.0,0.045571691380002645,737405.4408999032,2019614.3785399727
2008-08-19,59.38436,43308381.0,-999400.0,2571840508.3,-59348729.384,-0.023076364647211276,-0.17689931921651822,-11138565.860800099,-2778965.8812550274
2008-08-20,59.718444,43308381.0,0.0,2586309130.48,0.0,0.0,0.04743550647574982,-11138565.860800099,-2778965.8812550274
2008-08-21,58.954018,43308381.0,0.0,2553203087.99,0.0,0.0,0.04743550647574982,-11138565.860800099,-2778965.8812550274
2008-08-22,59.950619,43308381.0,0.0,2596364249.01,0.0,0.0,0.045511981462221546,-11869745.876800098,-2778965.8812550274
2008-08-25,59.520087,43308381.0,0.0,2577718621.9,0.0,0.0,0.04724366416708998,-11869745.876800098,-2778965.8812550274
2008-08-26,59.931659,42810281.0,-498100.0,2565691174.92,-29851959.347900003,-0.011635055551387944,-0.06496659788951017,-5970391.8695800975,-5336162.627850028
2008-08-27,59.747244,42810281.0,0.0,2557796306.31,0.0,0.0,0.048186206112390564,-5970391.8695800975,-5336162.627850028
2008-08-28,60.687547,42810281.0,0.0,2598050955.74,0.0,0.0,0.048186206112390564,-5970391.8695800975,-3039273.6028500274
2008-08-29,60.702823,42810281.0,0.0,2598704926.71,0.0,0.0,0.04818827474066339,-5970391.8695800975,-3039273.6028500274
2008-09-01,60.697308,42410281.0,-400000.0,2574189887.06,-24278923.2,-0.00943167530959774,-0.04277202571034442,-10826176.509580096,-4253219.7628500275
2008-09-02,61.611269,42411481.0,1200.0,2613025169.44,73933.5228,2.829422527753331e-05,0.05008081525155367,-4840997.935440097,-5485932.560230027
2008-09-03,61.129229,43211481.0,800000.0,2641484527.95,48903383.2,0.0185135981992493,0.22832068614606366,4939678.704559904,-3040763.400230027
2008-09-04,59.352882,43211481.0,0.0,2564725933.85,0.0,0.0,0.04829493171012743,4939678.704559904,-3040763.400230027
2008-09-05,57.91482,43911481.0,700000.0,2543125505.53,40540374.0,0.01594116134333338,0.2019830619567862,13047753.504559904,-1013744.700230027
2008-09-08,59.202313,43911481.0,0.0,2599661242.44,0.0,0.0,0.04784263647577165,17903538.144559905,-1013744.700230027
2008-09-09,58.916318,44911481.0,1000000.0,2646019093.27,58916318.0,0.022266021492380883,0.26246134744046473,29672015.039999902,1930514.843544973
2008-09-10,58.697807,44912281.0,800.0,2636252405.07,46958.245599999995,1.7812499861428526e-05,0.04678482849150747,19900730.0491199,1932862.755824973
2008-09-11,58.400666,44912281.0,0.0,2622907122.86,0.0,0.0,0.04661167458746829,19900730.0491199,1932862.755824973
2008-09-12,58.929612,44912281.0,0.0,2646663295.73,0.0,0.0,0.04661502411309673,11792655.249119904,1750067.7518249732
2008-09-15,57.315278,44912281.0,0.0,2574159890.89,0.0,0.0,0.04661502411309673,11792655.249119904,1750067.7518249732
2008-09-16,56.379422,43612881.0,-1299400.0,2458869000.78,-73259420.9468,-0.029793950358299164,-0.2418207397400187,-14642492.540240098,1054533.173684974
2008-09-17,55.394525,43612881.0,0.0,2415914810.03,0.0,0.0,0.047747019551787,-14651884.189360097,1054533.1736849737
2008-09-18,55.417271,43812881.0,200000.0,2427990319.27,11083454.2,0.004564867541701053,0.09174076665423177,-12435193.349360097,1608705.8836849737
2008-09-19,58.49918,43812881.0,0.0,2563017602.1,0.0,0.0,0.04737607227084095,-12435193.349360097,1608705.8836849737
2008-09-22,57.724604,45713781.0,1900900.0,2638809896.45,109728699.7436,0.041582646742085665,0.44776223253524977,9510546.599359903,7095140.870864974
2008-09-23,57.353708,46214881.0,501100.0,2650594772.04,28739943.0788,0.010842827950151216,0.1475166946267207,29910419.404479902,10024735.992199974
2008-09-24,57.205498,46914881.0,700000.0,2683789109.21,40043848.6,0.014920639055647448,0.1850170548785321,37919189.124479905,12026928.422199974
2008-09-25,58.340884,46614881.0,-300000.0,2719553384.87,-17502265.2,-0.006435713046624618,-0.01539205368861217,32202045.244479906,11151815.162199974
2008-09-26,57.305518,47114881.0,500000.0,2699942683.8,28652759.0,0.010612358244462078,0.14971323609945322,37932597.04447991,12584453.112199973
2008-09-29,54.881454,47114881.0,0.0,2585733176.78,0.0,0.0,0.039475727659275886,15986857.095759902,13798399.272199973
2008-09-30,55.106514,47117081.0,2200.0,2596458063.98,121234.3308,4.6692196759059166e-05,0.03992770365442639,10263115.346159901,13800764.312599976
2008-10-01,54.872984,48017081.0,900000.0,2634840504.5,49385685.6,0.018743330199932413,0.22121528068589602,12131482.746159902,13824879.432599973
2008-10-02,53.498396,48617081.0,600000.0,2600935865.97,32099037.6,0.012341341445583435,0.15730481067164392,22051743.306159902,15429831.312599976
2008-10-03,54.787224,47717081.0,-900000.0,2614286419.04,-49308501.6,-0.018861170390850567,-0.1431813077870643,6459491.186159903,10937387.532599974
2008-10-06,50.911796,47717081.0,0.0,2429362295.48,0.0,0.0,0.08658070933859556,6459491.186159902,10937387.532599974
2008-10-07,50.340919,47717081.0,0.0,2402121700.27,0.0,0.0,0.08505715102829642,6435244.319999902,7991571.632599974
2008-10-08,47.382736,47717081.0,0.0,2260965860.61,0.0,0.0,0.08351021853039133,-3441892.8000000985,7989223.720319973
2008-10-09,46.185912,47717081.0,0.0,2203856920.28,0.0,0.0,0.08351021853039133,-9861700.320000099,7989223.720319973
2008-10-10,42.94723,47717081.0,0.0,2049316447.22,0.0,0.0,0.08351021853039133,0.0,7989223.720319973
2008-10-13,47.843259,47717081.0,0.0,2282940648.9,0.0,0.0,0.08582067604182156,0.0,7989223.720319973
2008-10-14,49.136393,48867081.0,1150000.0,2401152112.02,56506851.949999996,0.02353322459961226,0.3367850543680512,11301370.3899999,14477537.365159974
2008-10-15,45.946157,49667081.0,800000.0,2282011524.74,36756925.6,0.016107248014090504,0.6085112335833258,18652755.5099999,16315383.645159975
2008-10-16,43.689051,48467081.0,-1200000.0,2117480767.24,-52426861.199999996,-0.024759073145365584,-1.2188395907712575,8167383.269999902,13139867.875159975
2008-10-17,45.186932,48517081.0,50000.0,2192338051.43,2259346.6,0.001030564879593406,-0.025304546296668992,8619252.589999903,13252835.205159973
2008-10-20,45.693707,48417081.0,-100000.0,2212355926.88,-4569370.7,-0.0020653867872173744,-0.14169864008485902,7705378.4499999015,7537931.682979974
2008-10-21,45.215277,48517181.0,100100.0,2193717799.85,4526049.2277,0.0020631866268348087,0.08641703974042951,-2690782.094460097,6327236.990424973
2008-10-22,43.199017,48717181.0,200000.0,2104534333.81,8639803.4,0.004105327844359137,0.19452581353775386,-8314206.534460098,4757034.730424973
2008-10-23,42.713412,48717181.0,0.0,2080877013.04,0.0,0.0,-0.020570221210723546,2171165.7055399017,5632147.990424974
2008-10-24,40.596077,48717181.0,0.0,1977726440.9,0.0,0.0,-0.020570221210723546,1719296.3855399017,4199510.040424974
2008-10-27,40.963797,48717181.0,0.0,1995640710.79,0.0,0.0,-0.020570221210723546,2633170.5255399016,4199510.040424974
2008-10-28,45.582841,46919481.0,-1797700.0,2138723228.34,-81944273.2657,-0.038314575808531426,-1.9777001080245484,-14660893.973140096,96234.6605999738
2008-10-29,45.443127,40594481.0,-6325000.0,1844740153.25,-287427778.275,-0.15580935763154477,-6.434380106178644,-73874410.30814008,-16744438.533150027
2008-10-30,46.015652,40594481.0,0.0,1867981524.31,0.0,0.0,0.06359408646472357,-73874410.30814008,-18349390.413150027
2008-10-31,47.135954,40394481.0,-200000.0,1904032387.4,-9427190.799999999,-0.004951171451906364,-0.12081940222163509,-75759848.4681401,-16355324.873150026
2008-11-03,47.499928,40394481.0,0.0,1918734952.35,0.0,0.0,0.08701292349627683,-75759848.4681401,-16355324.873150026
2008-11-04,49.87291,40408881.0,14400.0,2015308494.7,718169.904,0.0003563573050422274,0.09934956570855938,-59227359.834200084,-16319416.377950028
2008-11-05,48.821762,39998881.0,-410000.0,1952815867.72,-20016922.419999998,-0.010250286650615274,-0.37281676948902737,-5745188.663200082,-17320262.498950027
2008-11-06,45.483328,39999281.0,400.0,1819300423.05,18193.3312,1.000017972265375e-05,0.10606956016674614,-5741549.996960083,-17319352.832390025
2008-11-07,46.663177,40199281.0,200000.0,1875826169.91,9332635.4,0.0049752133484990075,0.32357522495050717,-1989584.7569600833,-16852721.062390026
2008-11-10,47.48531,39699281.0,-500000.0,1885132661.96,-23742655.0,-0.012594686559254888,-0.5075430537946698,-6738115.756960082,-18039853.812390026
2008-11-11,44.991168,39700181.0,900.0,1786157504.06,40492.0512,2.2669921945830713e-05,0.09036448056798983,-6873651.327520083,-20863171.807330023
2008-11-12,43.66078,39900181.0,200000.0,1742073004.97,8732156.0,0.005012508646358581,0.32081656394965796,-1123835.6435200828,-22264410.287330024
2008-11-13,43.934768,39900181.0,0.0,1753005186.98,0.0,0.0,0.09884473201037615,-1127474.309760083,-19643067.227330025
2008-11-14,44.508287,41200181.0,1300000.0,1833749464.19,57860773.1,0.03155325971727448,1.5855441460581714,8578153.230239917,-16862995.902330026
2008-11-17,43.062411,41200181.0,0.0,1774179121.92,0.0,0.0,0.06828755915429453,13326684.230239917,-16634527.367330026
2008-11-18,43.272044,40900181.0,-300000.0,1769834445.94,-12981613.200000001,-0.007334930806539459,-0.28416967564294354,10722263.179999916,-17509910.488715027
2008-11-19,41.142365,41400181.0,500000.0,1703301375.1,20571182.5,0.012077241761630279,0.6823309147196043,13090068.479999917,-16913341.53371503
2008-11-20,39.877094,41000181.0,-400000.0,1634968088.39,-15950837.6,-0.009756054392295354,-0.48249849351577323,9899900.959999915,-17710883.413715027
2008-11-21,39.000234,41000181.0,0.0,1599016668.27,0.0,0.0,0.03223898278514843,-1672253.660000084,-17710883.413715027
2008-11-24,43.033494,41050181.0,50000.0,1766532722.48,2151674.6999999997,0.0012180214227672536,0.10097431044841698,-1241918.720000084,-17603299.678715028
2008-11-25,43.090853,41450181.0,400000.0,1786123647.94,17236341.2,0.009650138846702625,0.5754396090650243,4801672.159999916,-12644268.955430025
2008-11-26,43.091469,42050181.0,600000.0,1812004059.18,25854881.4,0.014268666380195806,0.8287226193847295,5858411.939999916,3019864.0283199735
2008-11-27,44.08118,42050781.0,600.0,1853648031.4,26448.708000000002,1.4268462810614674e-05,0.021031418095282937,9053869.201599915,3021186.4637199733
2008-11-28,44.120432,41500781.0,-550000.0,1831032397.63,-24266237.6,-0.013252762557019224,-0.7242099361613646,4200621.681599916,2279234.1237199735
2008-12-01,41.524885,42100781.0,600000.0,1748230077.8,24914931.0,0.014251517186658486,0.8287809045643152,8753272.941599915,3524980.6737199733
2008-12-02,42.819265,42300781.0,200000.0,1811288365.86,8563853.0,0.004728045054236233,0.2885304795634373,7018775.301599915,3917264.828519973
2008-12-03,43.154081,42400981.0,100200.0,1829775374.66,4324038.9162,0.002363152863505703,0.15386943228157557,2712606.8048399156,5134312.895329973
2008-12-04,43.125428,42600981.0,200000.0,1837185546.43,8625085.6,0.004694727550388243,0.2832045147936162,4432334.183239915,5564657.508769972
2008-12-05,41.398547,44675565.0,2074584.0,1849503486.29,85884763.229448,0.046436659279690255,2.5444914034120303,26462534.349129517,9392263.900242373
2008-12-08,44.557591,44675565.0,0.0,1990635562.28,0.0,0.0,-0.003508701535343143,21479548.149129517,10579396.650242373
2008-12-09,45.154881,44676565.0,1000.0,2017364995.82,45154.881,2.2383099287219396e-05,-0.002269749930052269,19775808.525329515,10579629.791732375
2008-12-10,45.399382,44676565.0,0.0,2028288454.71,0.0,0.0,-0.006142739779512001,18911000.742089517,10143021.991732374
2008-12-11,45.043166,44676565.0,0.0,2012373913.99,0.0,0.0,-0.01151163030832247,17185983.622089516,10143021.991732374
2008-12-12,44.061981,44676565.0,0.0,1968537952.67,0.0,0.0,-0.01151163030832247,9030.976199916553,7249983.3367323745
2008-12-15,43.980617,45426565.0,750000.0,1997888365.1,32985462.75,0.01651016309329625,0.8858927222314252,6606123.526199916,8899256.474232374
2008-12-16,44.689934,45526665.0,100100.0,2034583656.03,4473462.3934,0.002198711456342319,0.10048891608756637,7491785.028679917,9772010.253902372
2008-12-17,44.48631,45526665.0,0.0,2025313328.43,0.0,0.0,-0.025466665344635618,7491785.028679917,8743451.128902372
2008-12-18,44.939873,45826665.0,300000.0,2059444498.77,13481961.9,0.006546407008322915,0.3367366666796114,10188177.408679917,10215091.103902373
2008-12-19,44.375622,45826665.0,0.0,2033586776.52,0.0,0.0,-0.02313844818973759,10188177.408679917,10215091.103902373
2008-12-22,43.82975,45827565.0,900.0,2008610711.6,39446.774999999994,1.9638835326422142e-05,-0.02206784527457577,3598974.213679916,10109479.707652373
2008-12-23,43.737991,47130265.0,1302700.0,2061383117.13,56977480.875700004,0.02764041308101329,1.4700361015381982,14099777.910139918,12096536.691437375
2008-12-29,44.449276,47230265.0,100000.0,2099351074.13,4444927.6,0.002117286458074688,0.08426629816922773,14988763.430139918,11026039.001437373
2008-12-30,45.444355,47480265.0,250000.0,2157710040.07,11361088.75,0.005265345453753102,0.25352306509018663,14564588.800139915,11592771.003537374
2008-12-31,45.444355,47480265.0,0.0,2157710040.07,0.0,0.0,-0.03361042619055087,14564588.800139915,12806082.883537373
2009-01-02,46.982735,47480265.0,0.0,2230752719.07,0.0,0.0,-0.03361042619055087,14556699.445139915,11560336.333537374
2009-01-05,47.085404,48580515.0,1100250.0,2287433192.03,51805715.750999995,0.02264796888123522,1.1840669984859342,13522346.420199916,13722429.471087372
2009-01-06,47.485049,49082015.0,501500.0,2330661881.06,23813752.0735,0.010217591949746634,0.5183138455070454,17396111.314899914,14696915.128952375
2009-01-07,46.64558,48082015.0,-1000000.0,2242813496.87,-46645580.0,-0.020797797081699886,-1.166292578942397,5794777.564899916,11933381.848952372
2009-01-08,46.101634,48082015.0,0.0,2216659448.38,0.0,0.0,-0.03522274552826017,5794777.564899916,7639143.687479973
2009-01-09,45.194339,48082015.0,0.0,2173034888.36,0.0,0.0,-0.03522274552826017,5794777.564899916,7639143.687479973
2009-01-12,44.586603,48082015.0,0.0,2143813728.12,0.0,0.0,-0.02912869914523744,-4566365.585300083,7636885.943429972
2009-01-13,43.806001,48083215.0,1200.0,2106333383.93,52567.2012,2.4956733630608865e-05,-0.02778085917337594,-9318602.559760083,7639514.303489973
2009-01-14,41.778721,47883215.0,-200000.0,2000499503.21,-8355744.199999999,-0.004176828930270854,-0.2546508178093082,-1660635.3997600833,7221727.093489973
2009-01-15,40.969652,47883215.0,0.0,1961758662.55,0.0,0.0,-0.027237017380744626,-1660635.3997600833,7221727.093489973
2009-01-16,41.248618,47883215.0,0.0,1975116431.24,0.0,0.0,-0.027237017380744626,-1660635.3997600833,5572453.955989974
2009-01-19,40.774536,47883215.0,0.0,1952415853.72,0.0,0.0,-0.02367195706300779,-1660635.3997600833,5348780.836319974
2009-01-20,40.053622,47883715.0,500.0,1917916205.84,20026.810999999998,1.044196349090692e-05,-0.023107782726439024,-1667143.4778000833,5349782.176869974
2009-01-21,40.254703,47883715.0,0.0,1927544746.0,0.0,0.0,-0.0315653080583506,4005.362199916553,4675684.081869973
2009-01-22,39.860326,47883715.0,0.0,1908660492.89,0.0,0.0,-0.0315653080583506,4005.362199916553,4675684.081869973
2009-01-23,39.47775,48383715.0,500000.0,1910080203.01,19738875.0,0.010334055590385416,0.5283284519867361,3951780.3621999165,5660655.493119973
2009-01-26,40.874732,47883715.0,-500000.0,1957234006.09,-20437366.0,-0.0104419634731506,-0.5974356964192443,-135692.8378000833,1789913.1493349732
2009-01-27,40.841957,51386315.0,3502600.0,2098717664.78,143053038.5882,0.06816211679582716,3.4710972454992137,28470909.517639916,8720318.698744973
2009-01-28,42.686586,57286315.0,5900000.0,2445357223.46,251850857.39999998,0.10299143821762352,4.711332871623275,78841080.99763992,20744807.131244972
2009-01-29,41.830502,53786315.0,-3500000.0,2249908551.06,-146406757.0,-0.0650723145751961,-2.979338142387239,49559729.59763991,13424469.281244973
2009-01-30,40.98157,52786315.0,-1000000.0,2163266048.44,-40981570.0,-0.01894430415970015,-0.9011890637739335,37415640.59763991,11375390.781244973
2009-02-02,40.345203,48886315.0,-3900000.0,1972328278.48,-157346291.7,-0.07977692832212542,-3.4081414314822887,10033855.457639914,917790.4086949736
2009-02-03,41.326708,49187815.0,301500.0,2032770485.58,12460002.462000001,0.006129566790933042,0.23397284707797736,-16084751.767600086,350102.9281199733
2009-02-04,42.439505,48187815.0,-1000000.0,2045067003.68,-42439505.0,-0.020752134244810632,-0.8957510491666246,-74942824.24760008,560406.678119973
2009-02-05,42.606509,48187815.0,0.0,2053114561.26,0.0,0.0,-0.018121672051586275,-45661472.84760008,560406.678119973
2009-02-06,43.873433,48187815.0,0.0,2114164849.4,0.0,0.0,-0.018121672051586275,-37465158.84760008,560406.678119973
2009-02-09,44.082535,48187815.0,0.0,2124241050.36,0.0,0.0,-0.02636038884297292,-5995900.507600081,560406.678119973
2009-02-10,42.558908,48189215.0,1400.0,2050880344.19,59582.4712,2.9052144055499364e-05,-0.025137523366181573,-8475984.505760081,560757.4416199732
2009-02-11,42.791512,48239215.0,50000.0,2064228961.72,2139575.6,0.0010365011050989315,0.017258106214897376,439831.6142399196,1085523.4316199732
2009-02-12,41.633896,48539215.0,300000.0,2020876613.35,12490168.8,0.006180569717858773,0.2333645305010785,2937865.3742399197,1710031.8716199729
2009-02-13,41.688817,48539215.0,0.0,2023542449.8,0.0,0.0,-0.02891693500175261,2937865.3742399197,1710031.8716199729
2009-02-16,41.24674,48539215.0,0.0,2002084369.59,0.0,0.0,-0.033069668685875464,2937865.3742399197,1710031.8716199729
2009-02-17,39.82937,48539615.0,400.0,1933302281.79,15931.748,8.240691665272935e-06,-0.032722479841697634,2929135.2295999196,1709827.1184699733
2009-02-18,39.719191,48539615.0,0.0,1927954233.02,0.0,0.0,-0.03307258946668089,2501220.1095999195,1709827.1184699733
2009-02-19,39.815866,48539615.0,0.0,1932646786.07,0.0,0.0,-0.03307258946668089,3186.349599919534,1709827.1184699733
2009-02-20,37.921407,48539615.0,0.0,1840690514.61,0.0,0.0,-0.036440691551217284,3186.349599919534,722883.368469973
2009-02-23,37.182202,48939615.0,400000.0,1819682627.75,14872880.799999999,0.008173337797036623,0.3080742543216762,2977762.5095999194,2488395.708469973
2009-02-24,36.797629,48941715.0,2100.0,1800939074.81,77275.0209,4.2908181615279e-05,-0.03101874489719754,2990031.1641799193,-4660392.469895028
2009-02-25,36.329559,48941715.0,0.0,1778030925.28,0.0,0.0,-0.03284676575406237,2990031.1641799193,-17252935.33989503
2009-02-26,37.240072,48941715.0,0.0,1822592967.51,0.0,0.0,-0.027235401859334978,2990031.1641799193,-9932597.489895027
2009-02-27,36.305307,48891715.0,-50000.0,1775028725.36,-1815265.3499999999,-0.0010226681540783738,-0.07051641370320413,2626978.0941799195,-7974282.257395026
2009-03-02,35.042295,48891715.0,0.0,1713277915.74,0.0,0.0,-0.019021146197630814,-347598.0658200804,-106967.67239502669
2009-03-03,34.859465,48493115.0,-398600.0,1690444040.58,-13894982.749,-0.008219723584717162,-0.3679434091686569,-3142049.6198000805,-1424716.9329450268
2009-03-04,36.750377,48493115.0,0.0,1782140275.1,0.0,0.0,-0.016071640041941344,-3142049.6198000805,697258.3170549732
2009-03-05,34.90419,48493115.0,0.0,1692612922.41,0.0,0.0,-0.016071640041941344,-3142049.6198000805,697258.3170549732
2009-03-06,34.629432,48693115.0,200000.0,1686214908.13,6925886.4,0.00410735687758849,0.15827514588145045,-1393819.2698000805,1043552.6370549733
2009-03-09,34.870952,48693115.0,0.0,1697975277.73,0.0,0.0,-0.028363956538830393,-1393819.2698000805,1043552.6370549733
2009-03-10,36.712821,48744415.0,51300.0,1789544970.75,1883367.7173,0.0010524282698023948,0.01662813900990603,1761850.8234599195,1134741.8993599734
2009-03-11,36.968791,48744415.0,0.0,1802022076.2,0.0,0.0,-0.027105333598826428,1761850.8234599195,1027763.1193599735
2009-03-12,37.366454,48744415.0,0.0,1821405953.68,0.0,0.0,-0.027105333598826428,1761850.8234599195,403254.67935997323
2009-03-13,37.341523,48744415.0,0.0,1820190677.98,0.0,0.0,-0.012328955933494702,376673.5434599195,403254.67935997323
2009-03-16,38.199961,49044415.0,300000.0,1873494740.42,11459988.3,0.006116904442139454,0.25683719309869163,2668671.2034599194,976254.0943599732
2009-03-17,37.663609,49045115.0,700.0,1847216033.25,26364.5263,1.427257333491965e-05,-0.004567321882176769,2297270.5652599195,976775.7332749732
2009-03-18,37.744213,49045115.0,0.0,1851169259.81,0.0,0.0,-0.00754412211162426,2297270.5652599195,976775.7332749732
2009-03-19,38.189325,49045115.0,0.0,1872999820.84,0.0,0.0,-0.0036725249462630687,2297270.5652599195,976775.7332749732
2009-03-20,38.427906,49045115.0,0.0,1884701078.81,0.0,0.0,-0.0036725249462630687,2297270.5652599195,976775.7332749732
2009-03-23,39.443715,49046115.0,1000.0,1934560985.54,39443.715,2.0388974705281753e-05,-0.0027687724461755952,13161.648259919533,235103.8790249733
2009-03-24,39.547384,49207115.0,161000.0,1946012674.75,6367128.824,0.0032718845599594933,0.14587801022557856,1281314.5077999195,549596.5691799733
2009-03-25,39.886516,49207115.0,0.0,1962700370.37,0.0,0.0,0.006527437534227071,1281314.5077999195,549596.5691799733
2009-03-26,40.227117,49207115.0,0.0,1979460379.08,0.0,0.0,-0.00039424775566022165,1281314.5077999195,549596.5691799733
2009-03-27,39.699789,49357115.0,150000.0,1959467049.34,5954968.350000001,0.0030390755241359074,0.13267598352568705,2472308.1777999196,938108.2541799734
2009-03-30,37.675182,49357115.0,0.0,1859538279.63,0.0,0.0,-0.001512455341054831,2464419.43479992,938108.2541799734
2009-03-31,38.576596,49358815.0,1700.0,1904095063.8,65580.2132,3.444166966596807e-05,-4.378329188722136e-06,1204109.7126399197,1636136.4022899733
2009-04-01,39.013702,48608815.0,-750000.0,1896409837.84,-29260276.5,-0.015429300099670064,-0.6758072145482673,-4647945.58736008,173122.5772899732
2009-04-02,41.382649,48608815.0,0.0,2011561540.81,0.0,0.0,0.004144086690667537,-4647945.58736008,173122.5772899733
2009-04-03,41.411433,48608815.0,0.0,2012960697.14,0.0,0.0,0.004144086690667537,-5838939.25736008,-173171.74271002674
2009-04-06,41.0787,48608815.0,0.0,1996786940.87,0.0,0.0,0.012845569039357959,-5838939.25736008,-173171.74271002674
2009-04-07,40.820601,48810715.0,201900.0,1992482712.01,8241679.3419,0.004136386876644899,0.20080551186617152,-4203719.431620081,144743.8385199733
2009-04-08,41.154989,53810715.0,5000000.0,2214579371.86,205774945.0,0.09291829753980411,3.8493717505109255,42803324.86837992,10433491.088519972
2009-04-09,42.41266,53810715.0,0.0,2282255579.25,0.0,0.0,-0.024271405948834698,42803324.86837992,10433491.088519972
2009-04-14,43.033967,53810715.0,0.0,2315688539.81,0.0,0.0,-0.024990222976509848,42803324.86837992,10433491.088519972
2009-04-15,42.965582,53812015.0,1300.0,2312064561.6,55855.2566,2.415817340383736e-05,-0.023274802848307425,42814495.91969992,9863284.436349971
2009-04-16,43.529612,53812015.0,0.0,2342416135.8,0.0,0.0,-0.022857685514492014,41166160.05131992,9861966.210034972
2009-04-17,44.165746,53812015.0,0.0,2376647791.39,0.0,0.0,-0.022857685514492014,11171.051319922513,9861966.210034972
2009-04-20,42.36594,53812015.0,0.0,2279796589.54,0.0,0.0,-0.022857685514492014,11171.051319922513,9861966.210034972
2009-04-21,42.510531,53812515.0,500.0,2287598591.03,21255.2655,9.291518880692148e-06,-0.022473470372711638,15422.104419922514,9863028.973309973
2009-04-22,43.386559,48812515.0,-5000000.0,2117807075.9,-216932795.0,-0.10243274633871478,-4.014429905390455,-43382307.94690008,-985582.9624400273
2009-04-23,42.855519,92252945.0,43440430.0,3953547802.0,1861662173.23317,0.47088394183356075,9.745746351534274,328950126.6997339,91779169.25801846
2009-04-24,44.140707,91652945.0,-600000.0,4045625815.74,-26484424.2,-0.006546434447041326,-0.245415537397317,323653241.85973394,90454948.04801847
2009-04-27,44.326624,91452945.0,-200000.0,4053800289.12,-8865324.8,-0.0021869170081697557,-0.1546876997481879,321880176.8997339,90011681.80801848
2009-04-28,43.508117,53856545.0,-37596400.0,2343196846.2,-1635748569.9788,-0.6980841462942048,-8.714657111018463,-5273788.1491261,7926504.891578471
2009-04-29,44.425149,52156545.0,-1700000.0,2317062261.27,-75522753.3,-0.03259418383457913,-0.39590555359089635,23008220.190873913,4150367.2265784675
2009-04-30,45.03685,36336545.0,-15820000.0,1636483520.6,-712482967.0,-0.43537436095829146,-4.822029130356075,-491820807.8557601,-31477060.13408153
2009-05-04,45.760406,36336545.0,0.0,1662775067.51,0.0,0.0,0.04956803488951045,-486523923.0157601,-30014046.309081532
2009-05-05,45.299136,51325545.0,14989000.0,2325002858.67,678988749.504,0.29203781275882396,3.1493702777722596,-348953108.1549601,3935391.1661184668
2009-05-06,45.557235,51325545.0,0.0,2338249931.67,0.0,0.0,0.020699652547176157,-21803394.159200095,3935391.1661184668
2009-05-07,44.842097,73425545.0,22100000.0,3292555377.77,991010343.7,0.3009851710895739,3.0849229455683584,191503225.2407999,53485908.35111847
2009-05-08,45.866585,72925545.0,-500000.0,3344845735.66,-22933292.5,-0.006856307977227188,-0.07529840633556903,329413160.1407999,51927159.75902347
2009-05-11,45.427449,72425545.0,-500000.0,3290107755.75,-22713724.5,-0.006903641517608067,-0.07519190279179014,324870415.2407999,40502726.28402347
2009-05-12,45.307868,72425545.0,0.0,3281447047.83,0.0,0.0,-0.0016014810178114388,189072665.3399999,40502726.28402347
2009-05-13,44.127044,67135115.0,-5290430.0,2962474176.39,-233451037.38891998,-0.07880272484717414,-0.8022067427878343,142382457.86221594,28830174.414577473
2009-05-14,44.228177,66635115.0,-500000.0,2947149628.51,-22114088.5,-0.0075035513250069664,-0.07172904597682128,-60242428.577784084,27721677.22674747
2009-05-15,44.219645,66085115.0,-550000.0,2922260351.68,-24320804.75,-0.008322600255661011,-0.07838206388546969,-60519931.02778409,26505636.98924747
2009-05-18,45.287059,47585115.0,-18500000.0,2154989926.53,-837810591.5,-0.3887770337975808,-3.7073184954746896,-223539304.42778406,-15384892.585752528
2009-05-19,46.291677,47285115.0,-300000.0,2188907269.59,-13887503.1,-0.006344491287016119,-0.02370046764228951,-226316805.0477841,-16079267.74075253
2009-05-20,47.031789,82285115.0,35000000.0,3870016204.44,1646112615.0,0.42535031587502,3.835769328292958,149595925.4299999,66225300.24597247
2009-05-22,45.909722,82335115.0,50000.0,3779982245.04,2295486.1,0.0006072743074420735,0.00929715407760513,154477840.3499999,77186714.30097246
2009-05-25,45.905996,49335115.0,-33000000.0,2264777577.51,-1514897868.0,-0.6688947661101219,-5.233727765384109,-143637572.3000001,-91641287.76068604
2009-05-26,46.532531,49555115.0,220000.0,2305924943.51,10237156.82,0.004439501315431954,0.08307250953666365,25971977.363999903,-89805208.70968604
2009-05-27,46.67387,49705115.0,150000.0,2319930054.13,7001080.5,0.0030177980959109063,0.07077480433769713,30149694.083999902,-89011888.44468604
2009-05-28,46.040111,49705115.0,0.0,2288429014.91,0.0,0.0,0.04788741374460781,-299072828.91600007,-7224459.945746037
2009-05-29,46.113074,49705115.0,0.0,2292055656.34,0.0,0.0,0.04819957625092935,-299531926.13600004,-3448322.2807460367
2009-06-01,47.995305,49705115.0,0.0,2385612143.6,0.0,0.0,0.048355535943054535,3447647.4639999405,32175826.069253962
2009-06-02,48.00911,49705315.0,200.0,2386307919.66,9601.822,4.02371459311423e-06,0.048697035118992316,1402136.4643999403,32176306.160353966
2009-06-03,47.17356,47755315.0,-1950000.0,2252788226.62,-91988442.0,-0.04083315107608497,-0.26819057428812826,-18395768.03560006,-6372553.414846035
2009-06-04,47.269201,47755315.0,0.0,2257355575.11,0.0,0.0,0.05443202101039424,-18395768.03560006,-6372553.414846035
2009-06-05,47.38313,47755315.0,0.0,2262796285.01,0.0,0.0,0.05443349916084484,-18395768.03560006,-55923070.59984604
2009-06-08,46.707698,47755315.0,0.0,2230540830.08,0.0,0.0,0.05443349916084484,-18395768.03560006,-54776405.97484603
2009-06-09,46.643509,47756415.0,1100.0,2227526750.42,51307.8599,2.303355499112453e-05,0.0546139660984066,-18387426.82802006,-53638154.356851034
2009-06-10,47.140973,47756415.0,0.0,2251283882.94,0.0,0.0,0.05443197805494615,10261.571979940396,-53638154.356851034
2009-06-11,47.664073,47756415.0,0.0,2276265273.9,0.0,0.0,0.05552635095141043,10261.571979940396,-41965602.48740504
2009-06-12,47.309756,47482415.0,-274000.0,2246381469.82,-12962873.144,-0.005770557368886549,0.01045219666402205,-2582313.0568200597,-41508041.71960504
2009-06-15,45.635874,47982415.0,500000.0,2189719468.95,22817937.0,0.010420484141259205,0.13770180548211405,1981274.3431799405,-39151104.63210504
2009-06-16,45.642983,48143415.0,161000.0,2197409075.83,7348520.263,0.003344174893891496,0.08199956288022252,3440716.8237999408,3106850.956044962
2009-06-17,44.795952,48143415.0,0.0,2156630117.29,0.0,0.0,0.05557442312310479,3440716.8237999408,3801226.111044962
2009-06-18,45.145694,48143415.0,0.0,2173467883.95,0.0,0.0,0.05557572034783214,3440716.8237999408,-78504404.63895503
2009-06-19,45.164038,48143415.0,0.0,2174351047.93,0.0,0.0,0.057413267511763476,6033291.452599941,-78619178.94395503
2009-06-22,43.799763,48144415.0,1000.0,2108713987.79,43799.763,2.0770841021405447e-05,0.057716070062886225,1478464.0051999409,-2872095.5558050284
2009-06-23,43.927972,48045215.0,-99200.0,2110528853.76,-4357654.8224,-0.0020647217471756645,0.04171592937869476,-862771.0118800591,-3601836.137925029
2009-06-24,45.130287,48045215.0,0.0,2168294325.01,0.0,0.0,0.058036707818067836,-862771.0118800591,-3951890.1629250287
2009-06-25,44.799293,48045215.0,0.0,2152391660.74,0.0,0.0,0.058036707818067836,-862771.0118800591,-3951890.1629250287
2009-06-26,44.574247,48045215.0,0.0,2141579264.44,0.0,0.0,0.059541850185450884,-862771.0118800591,-3951890.1629250287
2009-06-29,45.587378,48045215.0,0.0,2190255360.01,0.0,0.0,0.06021914853785501,-871530.9644800592,-3951890.1629250287
2009-06-30,44.872968,48047515.0,2300.0,2156034614.26,103207.8264,4.786928081645074e-05,0.05922595469742328,20641.56527994077,-3947209.862705028
2009-07-01,45.776047,47547515.0,-500000.0,2176537289.0,-22888023.5,-0.010515796635175406,-0.023609790019234668,-4556963.134720059,-492188.9377050282
2009-07-02,44.031445,47639515.0,92000.0,2097636693.95,4050892.94,0.0019311699455313582,0.0746834154529084,-3746784.546720059,-289644.2907050283
2009-07-03,43.936043,47639515.0,0.0,2093091760.73,0.0,0.0,0.05941333072091341,-3746784.546720059,-289644.2907050283
2009-07-06,43.409349,47639515.0,0.0,2068000334.58,0.0,0.0,0.05941498106022939,-3746784.546720059,-289644.2907050283
2009-07-07,42.908754,47639815.0,300.0,2044165086.34,12872.6262,6.297253722813528e-06,0.05918843153246207,-3764851.58676006,-291566.0523900282
2009-07-08,42.670176,47639815.0,0.0,2032799285.36,0.0,0.0,0.059138638678134646,812753.1132399404,-291566.0523900282
2009-07-09,43.20585,47839815.0,200000.0,2066959870.21,8641170.0,0.004180618174808624,0.09191769905011928,1730808.5252399403,140492.4476099718
2009-07-10,42.704054,48139815.0,300000.0,2055765253.68,12811216.2,0.006231847812908988,0.10772224698886197,4293051.765239941,1429196.9148099716
2009-07-13,44.066201,48840815.0,701000.0,2152229168.48,30890406.901,0.014352749862049393,0.1709675720673629,10471133.145439941,1832820.4098599716
2009-07-14,44.619775,48842215.0,1400.0,2179328660.78,62467.685,2.8663728479412684e-05,0.057722726822735125,10481052.157199942,1468517.7809599717
2009-07-15,45.988981,49192215.0,350000.0,2262299818.57,16096143.350000001,0.0071149470189032565,0.11327194200813029,13700280.827199942,2273324.9484599717
2009-07-16,46.257015,49492215.0,300000.0,2289362152.96,13877104.5,0.0060615593221272504,0.10522954655491513,14747467.727199942,2967180.173459972
2009-07-17,46.454767,49492215.0,0.0,2299149302.3,0.0,0.0,0.05661998077223824,12185224.487199942,2967180.173459972
2009-07-20,46.937059,49992415.0,500200.0,2346496939.97,23477916.911799997,0.01000551780480914,0.13974994623390627,10702726.489359941,4138886.0308999717
2009-07-21,47.53236,49993715.0,1300.0,2376319278.27,61792.068,2.6003268401283876e-05,0.06775558838963291,10702591.36595994,4359858.375419972
2009-07-22,47.789579,50293715.0,300000.0,2403515462.87,14336873.700000001,0.005964960043519157,0.11031319206393697,10350737.435959939,5076702.060419971
2009-07-23,48.962524,50293715.0,0.0,2462507216.13,0.0,0.0,0.061643913391746914,7575316.5359599395,5076702.060419972
2009-07-24,48.795056,50593715.0,300000.0,2468723178.87,14638516.8,0.005929590212986309,0.10324032218661859,10503019.89595994,5808627.900419972
2009-07-27,49.001503,51093915.0,500200.0,2503678640.79,24510551.8006,0.00978981543448645,0.13372033072894243,10709546.873719942,7034155.490449971
2009-07-28,48.284672,51096115.0,2200.0,2467159152.72,106226.2784,4.305611102667916e-05,0.05476286684078137,10718433.715799939,7034306.413049972
2009-07-29,49.176256,51096115.0,0.0,2512715655.75,0.0,0.0,0.054420144861761645,7851058.9757999405,8178707.588049972
2009-07-30,50.019012,50871115.0,-225000.0,2544522890.07,-11254277.7,-0.0044229422120429,0.019507601878789603,5600203.435799941,7413449.056049973
2009-07-31,49.751936,50871115.0,0.0,2530936442.71,0.0,0.0,0.054714127710670676,2672500.075799941,7413449.056049973
2009-08-03,50.634927,51171115.0,300000.0,2591045684.99,15190478.1,0.005862682463685941,0.100990919585062,808485.3356799409,8172972.961049972
2009-08-04,50.543119,51172615.0,1500.0,2586423594.12,75814.6785,2.9312552929209976e-05,0.05462585559494547,802403.0156999409,8176120.063664971
2009-08-05,49.945665,51822615.0,650000.0,2588314942.46,32464682.25,0.012542786705525388,0.15379976824940267,7295339.465699941,9799354.176164972
2009-08-06,50.10386,51822615.0,0.0,2596513058.2,0.0,0.0,0.053967564049078924,9546195.005699942,9367295.676164972
2009-08-07,50.933829,51822615.0,0.0,2639524212.32,0.0,0.0,0.053967564049078924,9546195.005699942,8726734.866164971
2009-08-10,50.552127,51822615.0,0.0,2619743391.11,0.0,0.0,0.053968112242066366,6508099.385699941,7182214.521114972
2009-08-11,49.317495,52024015.0,201400.0,2565694118.87,9932543.493,0.0038712890285512902,0.08452269854695031,8479445.148599941,7675718.311514972
2009-08-12,49.916995,52024015.0,0.0,2596882511.16,0.0,0.0,0.05371037525753382,1986508.6985999413,6870911.144014971
2009-08-13,50.393401,52024015.0,0.0,2621667055.77,0.0,0.0,0.05371037525753382,1986508.6985999413,6177055.919014972
2009-08-14,49.534834,52024015.0,0.0,2577000961.99,0.0,0.0,0.05425505063040578,1986508.6985999413,6177055.919014972
2009-08-17,48.531309,52024015.0,0.0,2524793538.02,0.0,0.0,0.05425790519336882,1986508.6985999413,5003160.073424972
2009-08-18,48.989469,52024815.0,800.0,2548668058.1,39191.5752,1.537727719207845e-05,0.05437927865651722,7838.315039941141,5002030.048784972
2009-08-19,48.814264,51224815.0,-800000.0,2500501647.68,-39051411.2,-0.015617430700848546,-0.06901466888399528,-7802443.924960059,2332615.803784971
2009-08-20,49.5518,51134815.0,-90000.0,2533822126.84,-4459662.0,-0.0017600533015953129,0.0413322023662631,-8694376.324960059,2109632.7037849715
2009-08-21,50.966753,51334815.0,200000.0,2616368840.58,10193350.6,0.003895991437407703,0.08609161440052375,-6655706.204960058,1887374.3937849714
2009-08-24,51.497999,51334815.0,0.0,2643640259.82,0.0,0.0,0.05453609164435726,-6655706.204960058,661846.8037549715
2009-08-25,51.846136,51661315.0,326500.0,2678439549.9,16927763.404,0.0063200095012904065,0.1044161160791733,-3277991.8392000585,1502923.6600349713
2009-08-26,51.518299,52161315.0,500000.0,2687262226.33,25759149.5,0.009585647893834063,0.12976395352255501,9684120.300799942,2790881.1350349714
2009-08-27,51.036302,52161315.0,0.0,2662120619.61,0.0,0.0,0.05374960079299513,10576052.700799942,3353595.020034971
2009-08-28,51.474755,52161315.0,0.0,2684990897.15,0.0,0.0,0.05374960079299513,8537382.580799941,3353595.020034971
2009-08-31,50.981249,52161315.0,0.0,2659249004.72,0.0,0.0,0.05381962004020586,8537382.580799941,2594071.1150349714
2009-09-01,49.699998,52363515.0,202200.0,2602466599.75,10049339.5956,0.0038614672697683677,0.08429438270835507,7161697.819119942,3092747.3608899713
2009-09-02,49.630293,52363515.0,0.0,2598816566.26,0.0,0.0,0.05356256171025302,2009867.9191199418,1469513.2483899712
2009-09-03,49.458304,52363515.0,0.0,2589810663.48,0.0,0.0,0.05356256171025302,2009867.9191199418,1469513.2483899712
2009-09-04,50.232522,51663515.0,-700000.0,2595188639.65,-35162765.4,-0.01354921367286126,-0.05296745534316485,-5022685.160880057,-288625.0216100287
2009-09-07,50.970097,51663515.0,0.0,2633294390.16,0.0,0.0,0.054869576852378484,-5022685.160880057,-288625.0216100287
2009-09-08,51.139878,51665115.0,1600.0,2642147665.95,81823.8048,3.0968672135355374e-05,0.0551139914720036,-7016188.319040058,-781161.0060200287
2009-09-09,52.002867,51808115.0,143000.0,2694170525.23,7436409.981000001,0.0027601853376987553,0.07665140457077177,-5528906.322840057,-409340.5069700287
2009-09-10,52.193958,51808115.0,0.0,2704070601.49,0.0,0.0,0.05468378711220172,-5528906.322840057,-409340.5069700287
2009-09-11,52.46662,51508115.0,-300000.0,2702456716.54,-15739986.0,-0.005824324920234861,0.008717203821148281,-1644350.442840058,-1196339.8069700287
2009-09-14,52.430688,51408115.0,-100000.0,2695362815.6,-5243068.800000001,-0.0019452181983273633,0.039937278391346524,-2692964.202840058,-1458493.2469700288
2009-09-15,52.512063,51409315.0,1200.0,2699609205.71,63014.4756,2.3342073166263014e-05,0.0556035245757737,-2696726.0686800582,-1457302.1019500287
2009-09-16,53.176749,51609315.0,200000.0,2744415615.09,10635349.8,0.003875269380308939,0.08600246221841748,-2056938.104880058,1027035.9480499715
2009-09-17,53.464591,51609315.0,0.0,2759270943.2,0.0,0.0,0.055362027354863196,-2056938.104880058,1250019.0480499715
2009-09-18,53.209583,51609315.0,0.0,2746110150.78,0.0,0.0,0.055362027354863196,1091059.095119942,740351.5180499715
2009-09-21,52.880063,51610315.0,1000.0,2729156701.49,52880.063,1.9375971695260228e-05,0.055517242598952826,2150248.867719942,742995.5211999716
2009-09-22,53.259739,51611415.0,1100.0,2748810509.74,58585.712900000006,2.131311441527536e-05,0.05450826547681195,2149363.115179942,-100463.36335502838
2009-09-23,53.191218,51335415.0,-276000.0,2730593266.28,-14680776.168,-0.005376405321617242,0.011904394464931516,-2913862.078420058,-2122459.6467550285
2009-09-24,52.287653,51335415.0,0.0,2684208349.41,0.0,0.0,0.054695876628170104,-2913862.078420058,-2122459.6467550285
2009-09-25,52.06538,50835415.0,-500000.0,2646765181.7,-26032690.0,-0.009835662861213618,-0.02293527284552515,-8120400.078420058,-3424094.1467550285
2009-09-28,53.509665,49135415.0,-1700000.0,2629219605.75,-90966430.5,-0.03459826265598354,-0.2174204361383211,-26324262.19102006,-7972415.671755028
2009-09-29,53.296861,49137715.0,2300.0,2618885987.59,122582.7803,4.680722294932946e-05,0.06461272765572512,-26311462.777540058,-8468753.512520028
2009-09-30,52.937857,49637715.0,500000.0,2627714271.55,26468928.5,0.010072985783338944,0.1439342866377487,-18081521.84394006,-7145307.087520028
2009-10-01,51.812644,49637715.0,0.0,2571861274.11,0.0,0.0,0.06356498060548836,-18081521.84394006,-7145307.087520028
2009-10-02,51.004132,49637715.0,0.0,2531728551.02,0.0,0.0,0.06356659341659397,-12874983.84394006,-5387168.817520028
2009-10-05,51.385516,49537715.0,-100000.0,2545521026.92,-5138551.600000001,-0.002018663977102356,0.04759485991781101,4290591.93605994,-5644096.397520029
2009-10-06,52.773112,49139115.0,-398600.0,2593223997.88,-21035362.4432,-0.008111664268260948,-0.0004803832438597465,59002.89135994017,-6699955.709920029
2009-10-07,52.616111,49139115.0,0.0,2585509150.33,0.0,0.0,0.06424173807745673,-5234782.80864006,-7071776.20897003
2009-10-08,53.322758,49389115.0,250000.0,2633563809.56,13330689.5,0.005061844126050324,0.10429073651911272,-2568644.9086400596,-6405241.733970029
2009-10-09,53.279079,49662355.0,273240.0,2645964551.76,14557975.545960002,0.005501954112074767,0.10086428088362402,342950.2005519405,-4890343.656672029
2009-10-12,53.94398,49662355.0,0.0,2678985095.87,0.0,0.0,0.09427138213617546,1370660.5205519407,-4628190.216672028
2009-10-13,53.300916,49963155.0,300800.0,2663081909.49,16032915.5328,0.006020436500907486,0.1448019179580394,8784316.11575194,-3829695.1638120287
2009-10-14,54.604906,50013155.0,50000.0,2730963646.26,2730245.3,0.0009997369623499074,0.10168083320593188,9330365.175751941,-4224950.388812029
2009-10-15,54.386755,50013155.0,0.0,2720053206.76,0.0,0.0,0.05163098552734251,6664227.275751941,-4224950.388812029
2009-10-16,53.571515,50113155.0,100000.0,2684637642.28,5357151.5,0.0019954840145392197,0.06898601189796073,4824062.466559941,-3957092.8138120286
2009-10-19,54.58912,50203155.0,90000.0,2740546070.96,4913020.8,0.0017927160035952224,0.03269294390832091,5806666.62655994,-3714085.7769620293
2009-10-20,54.208439,50204455.0,1300.0,2721505144.53,70470.9707,2.5894116291362085e-05,0.013088025802761543,2614177.71413994,-3713491.5140720294
2009-10-21,54.410727,49504455.0,-700000.0,2693573403.82,-38087508.9,-0.014140141436644962,-0.12133328970705073,-5549373.12586006,-4883828.150672029
2009-10-22,53.752436,49564455.0,60000.0,2664210176.62,3225146.16,0.0012105449443525669,0.057041409744751685,-4904343.893860059,-4722570.842672029
2009-10-23,53.540677,49564455.0,0.0,2653714496.94,0.0,0.0,0.07629975548714692,-5975774.19386006,-3420936.3426720286
2009-10-26,52.625079,49694455.0,130000.0,2615174612.22,6841260.27,0.0026159860370442,0.1074995681446832,-5590126.299860059,1469448.1958279714
2009-10-27,52.55827,49696755.0,2300.0,2611975483.74,120884.021,4.62806874538157e-05,0.07518032263231127,-5580043.689800059,1469363.2578629716
2009-10-28,51.263987,49696755.0,0.0,2547653826.6,0.0,0.0,0.07461112354254372,2037458.0901999404,145916.83286297147
2009-10-29,52.114229,49696755.0,0.0,2589908057.28,0.0,0.0,0.06676009255400307,1392428.8581999403,145916.83286297147
2009-10-30,50.504347,49696755.0,0.0,2509902176.93,0.0,0.0,0.06598741349965136,1392428.8581999403,145916.83286297147
2009-11-02,50.651577,49146755.0,-550000.0,2489360666.63,-27858367.35,-0.011190972735868596,-0.07181681767105993,-5547496.66580006,-990073.9546370286
2009-11-03,49.928966,49148155.0,1400.0,2453916557.78,69900.5524,2.8485301253779127e-05,0.02960558073651887,-5557693.359520061,65189.19514297133
2009-11-04,50.776286,49148155.0,0.0,2495560794.6,0.0,0.0,0.028490608562050542,-5557693.359520061,65189.19514297133
2009-11-05,51.118249,49148155.0,0.0,2512367604.58,0.0,0.0,0.09153760710072222,-5557693.359520061,-601345.2798570286
2009-11-06,51.186397,49148155.0,0.0,2515716984.48,0.0,0.0,0.09162072626431435,-5557693.359520061,-1329244.0571550287
2009-11-09,52.412289,49298155.0,150000.0,2583829162.95,7861843.350000001,0.0030427102003229988,0.4558974783384701,1586348.78047994,-936151.8896550287
2009-11-10,52.351337,49459555.0,161400.0,2589273820.13,8449505.7918,0.003263272399431194,0.490509034481714,3262269.82835994,-1315322.3767050286
2009-11-11,52.865454,48967555.0,-492000.0,2588692046.46,-26009803.368,-0.010047469108412506,-1.4588498303015196,-1939690.8452400602,-2752324.8101050286
2009-11-12,52.824259,48967555.0,0.0,2586674796.24,0.0,0.0,0.021679802935269804,-1939690.8452400602,-2752324.8101050286
2009-11-13,53.037339,48917555.0,-50000.0,2594456928.85,-2651866.95,-0.0010221279530647084,-0.1276706360970016,-2470064.23524006,-3152775.732605029
2009-11-16,54.137087,48917555.0,0.0,2648253930.75,0.0,0.0,0.022933382289845445,-4042432.9052400603,-3398426.772605029
2009-11-17,53.890714,48918655.0,1100.0,2636261248.65,59279.7854,2.248630913584779e-05,0.026223911707398302,-5720478.10652006,-3398986.3318700283
2009-11-18,53.976162,48918655.0,0.0,2640441246.52,0.0,0.0,-0.032645142080793735,-518517.4329200604,-1494610.886870029
2009-11-19,53.179207,48918655.0,0.0,2601455271.36,0.0,0.0,-0.032645142080793735,-518517.4329200604,-1655868.1948700289
2009-11-20,52.815017,47450451.0,-1468204.0,2506096365.43,-77543219.219468,-0.030941834595479736,-4.873809311893189,-15496787.88681366,-5533029.155843428
2009-11-23,54.104417,47450451.0,0.0,2567278988.44,0.0,0.0,0.011535946119456025,-15496787.88681366,-5875092.169343429
2009-11-24,53.804149,47152651.0,-297800.0,2537008238.44,-16022875.5722,-0.006315657682709153,-0.9733607128941291,-18713218.95833366,-6682280.149003428
2009-11-25,54.118346,47152651.0,0.0,2551823485.17,0.0,0.0,0.01979604624428694,-18713218.95833366,-6682280.149003428
2009-11-26,52.356982,47152651.0,0.0,2468770500.79,0.0,0.0,0.01979604624428694,-18713218.95833366,-6682280.149003428
2009-11-27,53.022923,47202651.0,50000.0,2502822540.01,2651146.15,0.0010592625356448193,0.17798965125033653,-2674345.88444006,-6549722.841503428
2009-11-30,52.465026,47202651.0,0.0,2476488321.73,0.0,0.0,0.02487050290555376,-2674345.88444006,-5156804.474003429
2009-12-01,53.869788,47303151.0,100500.0,2548210738.4,5413913.694,0.0021245941759900715,0.3659015125532431,1613011.9687999405,-4889603.816923428
2009-12-02,53.916904,47303151.0,0.0,2550439434.31,0.0,0.0,0.026512821088101098,1613011.9687999405,-4889603.816923428
2009-12-03,53.811027,47303151.0,0.0,2545431131.38,0.0,0.0,0.026512821088101098,1613011.9687999405,-4889603.816923428
2009-12-04,54.252218,47303151.0,0.0,2566300856.07,0.0,0.0,0.026512821088101098,1082782.7387999403,-4889603.816923428
2009-12-07,53.944815,47303451.0,300.0,2551775909.97,16183.4445,6.342032008676758e-06,0.027545138040365423,1086019.4276999405,-5281886.812198428
2009-12-08,53.047793,47304951.0,1500.0,2509423237.07,79571.6895,3.170915464738735e-05,0.02881773875712388,19151.026799940395,-5700383.517313428
2009-12-09,52.667684,47304951.0,0.0,2491442202.55,0.0,0.0,0.023750468256918844,19151.026799940395,-4399893.348913428
2009-12-10,53.237983,47304951.0,0.0,2518420189.03,0.0,0.0,0.023750468256918844,19151.026799940395,-4399893.348913428
2009-12-11,53.678504,47154951.0,-150000.0,2531207238.57,-8051775.6,-0.00318100212314059,-0.4798845413733166,-1591204.0932000596,-4669888.7814134285
2009-12-14,54.10654,47204951.0,50000.0,2554096547.9,2705327.0,0.0010592109379045764,0.19562111338428492,-1053375.3821000597,-4534622.431413429
2009-12-15,54.190963,47406851.0,201900.0,2569022915.65,10941155.4297,0.004258878098380734,0.6993122129377753,1118941.3659399406,-3990528.649198428
2009-12-16,55.04944,47406851.0,0.0,2609720610.11,0.0,0.0,0.00702393150988526,1118941.3659399406,-3990528.649198428
2009-12-17,54.499131,47406851.0,0.0,2583632190.57,0.0,0.0,0.009621827659323805,1118941.3659399406,-3990528.649198428
2009-12-18,54.375566,47706851.0,300000.0,2594087029.08,16312669.799999999,0.006288404982999099,1.0107247432518822,5991830.44593994,702265.8017749717
2009-12-21,55.300417,47707451.0,600.0,2638241930.04,33180.2502,1.2576651830977812e-05,0.003169377938863035,5457401.09597994,703924.8142849717
2009-12-22,55.441546,47708251.0,800.0,2645019213.58,44353.2368,1.676858775629401e-05,0.0038283534038499223,3278040.6573999403,1507286.2547349718
2009-12-23,55.550271,47893801.0,185550.0,2660513648.31,10307352.78405,0.0038741965449406333,0.6169298813081673,5339511.21420994,2022653.8939374718
2009-12-28,55.973211,47893801.0,0.0,2680769815.86,0.0,0.0,0.0015466412480610043,5339511.21420994,2022653.8939374718
2009-12-29,56.053356,48195901.0,302100.0,2701541978.44,16933718.8476,0.006268167951022676,1.0080266582064166,5463721.023729941,2736782.528817472
2009-12-30,55.548456,48195901.0,0.0,2677207906.91,0.0,0.0,0.021186993172588507,5457084.973689941,2736782.528817472
2010-01-04,56.394571,48195901.0,0.0,2717987161.6,0.0,0.0,0.021226263948180293,5448214.326329941,2466086.8441174715
2010-01-05,56.241092,48496601.0,300700.0,2727501796.09,16911696.3644,0.0062004345473369435,1.0428257244203276,6769083.04239994,3311671.6623374717
2010-01-06,56.263911,49346601.0,850000.0,2776432775.35,47824324.35,0.017225097173105955,2.7605931438489013,16333947.912399942,5702887.879837471
2010-01-07,56.1241,49196601.0,-150000.0,2761114962.58,-8418615.0,-0.0030489911192012097,-0.47589520093446785,11263481.14287994,5281957.129837471
2010-01-08,56.294274,49196601.0,0.0,2769486949.06,0.0,0.0,0.02463526600108901,11263481.14287994,5281147.957612472
2010-01-11,56.3205,49496601.0,300000.0,2787673314.42,16896150.0,0.0060610222555849925,0.9911416485044076,14642711.142879939,6121976.873137471
2010-01-12,55.411215,49497801.0,1200.0,2742733317.03,66493.458,2.4243501031300844e-05,0.028419682387719518,11273670.56159994,6125301.546037471
2010-01-13,55.598804,49647801.0,150000.0,2760358349.39,8339820.600000001,0.0030212818570614147,0.5077198969189499,3376769.81159994,6542292.576037472
2010-01-14,55.838537,49947801.0,300000.0,2789012146.23,16751561.100000001,0.006006270400307737,0.9889643467418644,8410805.03159994,7782459.411037472
2010-01-15,54.785605,49947801.0,0.0,2736420508.17,0.0,0.0,0.033837935437306954,8410805.03159994,7647193.0610374715
2010-01-18,55.181936,49947801.0,0.0,2756216374.26,0.0,0.0,0.0338965123101528,5031575.031599941,7100135.289552471
2010-01-19,55.72182,49949201.0,1400.0,2783260385.44,78010.548,2.802847638981053e-05,0.03842840036406746,5033878.44959994,7104035.816952472
2010-01-20,54.556659,49949201.0,0.0,2725061504.37,0.0,0.0,0.02790455531793386,3365914.3295999407,7104035.816952472
2010-01-21,53.581615,49949201.0,0.0,2676358843.43,0.0,0.0,0.02790455531793386,15602.109599940395,6288402.326952472
2010-01-22,53.099775,49949201.0,0.0,2652291332.19,0.0,0.0,0.036034858430691354,15602.109599940395,6286743.3144424725
2010-01-25,52.50287,49249201.0,-700000.0,2585724413.94,-36752009.0,-0.014213428469741326,-2.2278651136884484,-7334799.690400059,4446925.202602471
2010-01-26,52.852896,49304701.0,55500.0,2605896249.7,2933335.728,0.0011256533057821072,0.25493926707894965,-6763734.65440006,4078224.349799971
2010-01-27,52.612765,50604701.0,1300000.0,2662453258.3,68396594.5,0.025689312774516773,3.9469661265498943,6915584.24559994,7498054.074799972
2010-01-28,51.653472,50784701.0,180000.0,2623206150.85,9297624.96,0.003544374488824404,0.5681041035830003,8775109.237599941,7116249.380419971
2010-01-29,52.290363,50784701.0,0.0,2655550429.55,0.0,0.0,0.02888613000741082,8775109.237599941,7116249.380419971
2010-02-01,52.715662,50784701.0,0.0,2677149157.25,0.0,0.0,0.03384869440740688,16125511.03759994,7116249.380419971
2010-02-02,53.229979,50786101.0,1400.0,2703343106.26,74521.9706,2.7566597235635052e-05,0.03801422232805664,15553748.286119942,6274390.660729972
2010-02-03,52.879451,50786101.0,0.0,2685541128.75,0.0,0.0,0.03381364667856732,1874429.386119942,3883174.443229972
2010-02-04,51.584785,50786101.0,0.0,2619790121.46,0.0,0.0,0.03381364667856732,14904.394119941886,4304105.193229971
2010-02-05,50.662619,50666101.0,-120000.0,2566877360.57,-6079514.28,-0.0023684475048897486,-0.32393838547096854,-1200998.4618800583,4000129.4792299718
2010-02-08,51.132869,50666101.0,0.0,2590703093.75,0.0,0.0,0.03682451310820721,-1200998.4618800583,3155321.9792299713
2010-02-09,51.257817,50667601.0,1500.0,2597110616.84,76886.7255,2.9604717258270233e-05,0.02199042305448148,-1200525.5109000583,3155841.642604972
2010-02-10,51.612857,50588335.0,-79266.0,2611008487.82,-4091144.722962,-0.0015668829657378112,-0.22729428595703008,-2018754.455492458,2534293.3764568716
2010-02-11,51.310242,49588335.0,-1000000.0,2544389447.08,-51310242.0,-0.020166033175025473,-2.9831486823531264,-12280802.855492458,-868796.7785431284
2010-02-12,51.277051,49288335.0,-300000.0,2527360475.61,-15383115.3,-0.006086632852121007,-0.8575475106438404,-14141523.059492458,-1637952.5435431285
2010-02-15,51.37625,49288335.0,0.0,2532249837.16,0.0,0.0,0.062220901892992134,-14141523.059492458,-1637952.5435431288
2010-02-16,52.131329,49289635.0,1300.0,2569534165.33,67770.7277,2.637471360155912e-05,0.07892779305189326,-14143346.25905246,-1638464.5345581286
2010-02-17,52.655194,49289635.0,0.0,2595355299.51,0.0,0.0,0.07492228625997016,-13325117.314460058,-1638464.5345581286
2010-02-18,52.953874,49239635.0,-50000.0,2607429429.68,-2647693.6999999997,-0.0010154421323398737,-0.07800682747059912,-3592607.6544600585,-1770849.2195581284
2010-02-19,53.341883,49309635.0,70000.0,2630268768.91,3733931.81,0.0014196008613778907,0.2899077110053929,230801.767539942,-1584152.6290581285
2010-02-22,53.027873,49309635.0,0.0,2614785075.68,0.0,0.0,0.0794161943212839,230801.767539942,253447.8209418715
2010-02-23,52.241204,49381835.0,72200.0,2579766526.17,3771814.9288000003,0.0014620760795744378,0.29983272511267806,971610.6077599421,295371.78098187153
2010-02-24,52.34767,49381835.0,0.0,2585023998.69,0.0,0.0,0.07753558390863655,971610.6077599421,-3124457.9440181283
2010-02-25,51.572031,49381835.0,0.0,2546721549.92,0.0,0.0,0.06139865264382934,1501149.347759942,-3589339.192018129
2010-02-26,52.187447,49781835.0,400000.0,2597986882.34,20874978.8,0.008035059353801648,1.284504635970831,4929358.745759943,-2545590.252018129
2010-03-01,53.25925,49781835.0,0.0,2651343175.62,0.0,0.0,0.050726810719358736,4929358.745759943,-2545590.2520181285
2010-03-02,53.846754,49383235.0,-398600.0,2659126927.51,-21463316.1444,-0.00807156511498238,-1.1691308219697927,-117667.46888005808,-3622482.157768129
2010-03-03,54.231751,49533235.0,150000.0,2686274086.77,8134762.65,0.003028269784555496,0.522566446953734,1509285.0611199425,-3215744.0252681286
2010-03-04,54.021377,49533235.0,0.0,2675853577.9,0.0,0.0,0.05309426497782387,1509285.0611199425,-3215744.0252681286
2010-03-05,54.785839,49233235.0,-300000.0,2697284081.26,-16435751.700000001,-0.006093444815172104,-0.8717905070071001,-5952861.038880058,-3733555.8962681284
2010-03-08,54.771653,49233235.0,0.0,2696585673.63,0.0,0.0,0.05824221111298187,-5952861.038880058,-3733555.8962681284
2010-03-09,54.864482,48923067.0,-310168.0,2684138749.33,-17017206.652976003,-0.006339913187134512,-0.8949419442029818,-5063639.140595259,-4588260.565191929
2010-03-10,55.338023,48973067.0,50000.0,2710072729.25,2766901.15,0.0010209693341941147,0.2253525923638447,-6137211.440595259,-4245358.271543829
2010-03-11,55.262422,48673067.0,-300000.0,2689791581.03,-16578726.6,-0.006163572938856296,-0.8586969424502765,-9452956.760595258,-2508782.5015438283
2010-03-12,55.415812,48673067.0,0.0,2697257514.4,0.0,0.0,0.07741815986361468,-6165806.4205952585,-1739626.7365438282
2010-03-15,55.027759,48923067.0,250000.0,2692126762.79,13756939.75,0.005110063887089374,0.8445279563096263,-3414418.4705952583,-1051779.7490438283
2010-03-16,55.656082,48800712.0,-122355.0,2716056416.68,-6809799.91311,-0.0025072380202742733,-0.313104209353317,-1372937.122622058,-1395658.2810843284
2010-03-17,56.152542,48400712.0,-400000.0,2717823003.93,-22461016.799999997,-0.008264341264137193,-1.1692681497029642,-6418520.712622057,-2518709.121084328
2010-03-18,56.040737,48400712.0,0.0,2712411579.01,0.0,0.0,0.06545923956047553,-3102775.392622057,-2386324.4360843287
2010-03-19,55.762012,48400712.0,0.0,2698921075.25,0.0,0.0,0.02460105698122072,-3102775.392622057,-2573021.026584328
2010-03-22,55.808058,48401312.0,600.0,2701183239.12,33484.834800000004,1.2396358127451139e-05,0.026798094170427302,-5847466.375662057,-2571346.784844328
2010-03-23,56.085361,48402612.0,1300.0,2714677949.33,72910.9693,2.6858054863559377e-05,0.04439758655075785,-4470924.199180057,-2756291.982819328
2010-03-24,56.287667,48402612.0,0.0,2724470115.28,0.0,0.0,0.039682228419290276,21279.160819942634,-2756291.982819328
2010-03-25,57.163056,48402612.0,0.0,2766841219.74,0.0,0.0,0.039682228419290276,21279.160819942634,-2756291.982819328
2010-03-26,57.042624,48402612.0,0.0,2761012019.77,0.0,0.0,0.03674403810034778,21279.160819942634,-3800040.9228193285
2010-03-29,57.384853,48602612.0,200000.0,2789053730.78,11476970.6,0.004115005198121548,0.7459656122366628,2309976.3138599424,-3226192.3928193287
2010-03-30,57.250451,48255112.0,-347500.0,2762626907.24,-19894531.7225,-0.007201309619609698,-1.2346578009899303,-1683512.2245000575,-3147753.1717243283
2010-03-31,57.352482,48305112.0,50000.0,2770418081.29,2867624.1,0.0010350871297608402,0.21768121555521877,-1109987.4045000575,-3411110.099224328
2010-04-01,58.116567,48530112.0,225000.0,2820403483.21,13076227.575000001,0.00463629677556542,0.8542212702482455,1505258.1104999427,-2757298.720474328
2010-04-06,58.270634,48730112.0,200000.0,2839534520.23,11654126.8,0.004104238464780497,0.752563361018235,3836083.470499943,-1352804.795474328
2010-04-07,57.992847,48731612.0,1500.0,2826084910.02,86989.2705,3.0780841082154316e-05,0.045010911685821255,1558087.2045999428,-1348455.331949328
2010-04-08,57.521239,48471612.0,-260000.0,2788147178.03,-14955522.14,-0.005363964376718093,-0.8965113737572863,2545889.121099943,-1245371.106300528
2010-04-09,58.246745,48471612.0,0.0,2823313615.21,0.0,0.0,0.048787414450224456,1972364.301099943,-1383716.1638005278
2010-04-12,58.255288,48471612.0,0.0,2823727738.52,0.0,0.0,0.05175256059086716,-642881.2139000572,-554779.833800528
2010-04-13,58.069981,47772612.0,-699000.0,2774154670.13,-40590916.719,-0.014631814568975658,-2.4417355907628124,-11091889.917700056,-2584325.669750528
2010-04-14,58.513069,47772612.0,0.0,2795322126.9,0.0,0.0,0.07402751450059637,-11109287.771800056,-3272172.657250528
2010-04-15,58.63443,47772612.0,0.0,2801119892.11,0.0,0.0,0.05507914354750919,-8118183.343800056,-2931682.661595028
2010-04-16,57.603945,47772612.0,0.0,2751890898.79,0.0,0.0,0.05687248950403723,-8118183.343800056,-1808631.821595028
2010-04-19,57.431195,47822612.0,50000.0,2746509750.83,2871559.75,0.0010455305134570193,0.2394854898947842,-7543871.393800056,-1665053.834095028
2010-04-20,58.379591,47823912.0,1300.0,2791940427.87,75893.4683,2.7183054316778492e-05,0.06398391777173427,589490.6436599434,-1661259.1606800281
2010-04-21,58.06386,47823912.0,0.0,2776840942.97,0.0,0.0,0.05925880514826582,589490.6436599434,-1662933.4024200283
2010-04-22,57.489022,54687343.0,6863431.0,3143921846.58,394571935.754482,0.1255030993164485,9.740950492574745,79503877.79455633,18062017.836839072
2010-04-23,58.335089,93987343.0,39300000.0,5482759992.67,2292568997.7000003,0.4181414106699868,10.296817319692549,538017677.3345563,132690467.7218391
2010-04-26,59.010595,86973912.0,-7013431.0,5132382309.15,-413866736.301445,-0.080638329604481,-2.0557404935797616,454670018.1242674,111997130.90676685
2010-04-27,57.401848,47277312.0,-39696600.0,2713805085.54,-2278658199.3168,-0.8396543331200172,-9.59239750356863,-1076800.4327526093,-1935779.059073162
2010-04-28,56.701219,45577312.0,-1700000.0,2584289137.12,-96392072.3,-0.0372992599455887,-0.3852424847594607,-20355214.892752636,-7329231.204073163
2010-04-29,57.262446,81255312.0,35678000.0,4652877896.02,2043009548.388,0.43908514129192144,4.567258903118741,309332307.633951,95815972.80145183
2010-04-30,57.17606,33038312.0,-48217000.0,1889000506.51,-2756858085.02,-1.4594268638463204,-8.808808086251144,-700553108.9100491,-42170312.65454815
2010-05-03,57.090259,33038312.0,0.0,1886165799.28,0.0,0.0,0.07422952723155155,-617779761.64976,-42824124.03329816
2010-05-04,55.608584,44118312.0,11080000.0,2453356871.71,616143110.72,0.2511428801185967,1.573552405932292,-38819499.64240003,-12599674.83729816
2010-05-05,55.160231,44412312.0,294000.0,2449793375.55,16217107.914,0.006619786009650352,0.10069630342851907,-16297663.599600026,-11793168.90512316
2010-05-06,54.695399,131012312.0,86600000.0,7165770625.39,4736621553.400001,0.6610065826858933,3.760331565966084,522424737.4028001,225785684.87187687
2010-05-07,52.907135,143662312.0,12650000.0,7600761300.11,669275257.75,0.08805371348003181,0.5182617484503167,1207651405.9568,259249447.75937685
2010-05-10,55.709114,73062312.0,-70600000.0,4070236643.04,-3933063448.4,-0.9662984718899422,-4.826136075604641,421038716.27680004,62596275.33937685
2010-05-11,55.892124,72263612.0,-798700.0,4038966752.68,-44641039.4388,-0.01105258898434335,0.0043361257769692855,288881886.24504006,62393769.20338684
2010-05-12,57.241431,72380589.0,116977.0,4143168455.34,6695930.874087,0.0016161377328157691,0.0683264800994568,286977650.8370575,62728565.74709121
2010-05-13,57.875059,59730589.0,-12650000.0,3456911378.55,-732119496.35,-0.21178428260926005,-0.9975595885498559,-806770559.1129426,26122590.929591198
2010-05-14,56.067188,47835589.0,-11895000.0,2682006959.13,-666919201.26,-0.24866423220480302,-1.1660659092058623,-1074009450.9149425,-7223369.133408797
2010-05-17,56.161074,47985589.0,150000.0,2694922194.7,8424161.1,0.003125938521181604,0.09299155856261268,-285711929.0149426,-6945739.065908797
2010-05-18,56.984774,48587089.0,601500.0,2768724265.42,34276341.561000004,0.012379832108633785,0.13879240158173886,-269928452.8149826,-5235716.661273797
2010-05-19,55.436237,48637089.0,50000.0,2696257202.04,2771811.85,0.001028022047712227,0.08166036656182328,-270713276.6198,-5097126.068773797
2010-05-20,54.317865,49257089.0,620000.0,2675539919.85,33677076.3,0.012587020679507578,0.13898748108427159,-117553962.0898,-23141869.041497894
2010-05-21,53.960116,49257089.0,0.0,2657918247.69,0.0,0.0,0.07598508153439983,15829878.1622,-137770318.9264979
2010-05-24,53.741246,50418089.0,1161000.0,2709530913.93,62393586.606,0.023027449616916208,0.19030524554047867,26623763.2634,-113957302.78112566
2010-05-25,52.485503,50419589.0,1500.0,2646297495.68,78728.2545,2.9750341610692477e-05,0.07520698732265915,19784240.602099996,-20456.402560656974
2010-05-26,53.299687,51743689.0,1324100.0,2757922424.6,70574115.55669999,0.025589594155077017,0.2021194623417241,33344701.343439996,8327852.990274343
2010-05-27,54.95745,51743689.0,0.0,2843701192.82,0.0,0.0,0.07406894525458933,26609286.08344,-93822624.42912565
2010-05-28,55.040947,103593689.0,51850000.0,5701894727.86,2853873101.9500003,0.5005131168075947,2.489742487944092,597383906.47344,186713934.91937438
2010-05-31,55.207734,103593689.0,0.0,5719172784.72,0.0,0.0,0.051782678088500046,584905189.15224,186713934.91937435
2010-06-01,55.364267,61596289.0,-41997400.0,3410233393.82,-2325155266.9058,-0.6818170483930599,-3.106300321572868,119858390.12018013,39649016.038084365
2010-06-02,55.363524,61896289.0,300000.0,3426796671.81,16609057.2,0.00484681724382184,0.0985756934259516,109065378.44884011,39668613.50238435
2010-06-03,56.042909,61896289.0,0.0,3468848069.68,0.0,0.0,0.075953114530539,109065378.44884011,-197162464.16761568
2010-06-04,54.971713,52896289.0,-9000000.0,2907799629.18,-494745417.0,-0.1701442602974395,-0.7100749556436177,-560658325.3411599,-255363497.9051157
2010-06-07,54.656978,53346289.0,450000.0,2915746962.32,24595640.1,0.008435450818554485,0.12122970899568024,-555739197.32116,-57480543.480115674
2010-06-08,54.319859,53347089.0,800.0,2897806347.05,43455.8872,1.4996132244736983e-05,0.08205272222705569,-90699452.76255995,-55246318.71381567
2010-06-09,55.395173,53947089.0,600000.0,2988408310.43,33237103.8,0.011122008891488304,0.13351260046671512,-87373843.44255996,-53919260.06752002
2010-06-10,56.059921,53797089.0,-150000.0,3015860564.45,-8408988.15,-0.002788254950882831,0.06883692658389297,-89055641.07255995,-17733734.657520022
2010-06-11,55.978588,53797089.0,0.0,3011485087.75,0.0,0.0,0.08182280958772349,9893442.32744005,15612225.405479977
2010-06-14,56.692192,53797089.0,0.0,3049874883.0,0.0,0.0,0.08206882144549753,4974314.307440048,15191017.350479975
2010-06-15,57.155175,53898589.0,101500.0,3080583303.85,5801250.2625,0.0018831661702671083,0.09076642035924475,6125873.182500048,13767262.785554975
2010-06-16,57.301713,53898589.0,0.0,3088481455.23,0.0,0.0,0.08199635607168566,-521547.57749995234,13628672.193054978
2010-06-17,57.603525,53898589.0,0.0,3104748734.59,0.0,0.0,0.08214785582232603,1160250.0525000477,11944818.378054978
2010-06-18,57.542506,53898589.0,0.0,3101459888.71,0.0,0.0,0.08214785582232603,1160250.0525000477,11944818.378054976
2010-06-21,58.24449,53899589.0,1000.0,3139354052.56,58244.49,1.8553017284719534e-05,0.08247878459446119,1171898.9505000478,8828051.272254977
2010-06-22,58.022744,54244789.0,345200.0,3147431481.78,20029451.228800002,0.006363744959897439,0.11178249708882922,4017539.143760048,9825587.420969976
2010-06-23,57.425379,54244789.0,0.0,3115027575.41,0.0,0.0,0.08214338697038023,4017539.143760049,6296881.643134978
2010-06-24,56.60108,54744789.0,500000.0,3098614200.71,28300540.0,0.00913328932447136,0.12456612042384597,9677647.14376005,7711908.643134977
2010-06-25,56.185459,54744789.0,0.0,3075861116.48,0.0,0.0,0.08270381478223196,9677647.14376005,-134981746.45436504
2010-06-28,56.986458,54744789.0,0.0,3119711593.77,0.0,0.0,0.08258472322993708,9665998.245760048,-134981746.45436504
2010-06-29,55.087259,55067389.0,322600.0,3033511543.96,17771149.7534,0.0058582766196436575,0.10964145115279109,9214337.95068005,-17835425.621405043
2010-06-30,55.209233,55067389.0,0.0,3040228337.07,0.0,0.0,0.08259266508358243,9214337.95068005,-18665878.481405042
2010-07-01,54.210171,55067389.0,0.0,2985212551.54,0.0,0.0,0.08259361256837204,3554229.9506800487,-18665878.481405042
2010-07-02,53.994677,55117389.0,50000.0,2976045637.42,2699733.85,0.0009071547210346072,0.08690165831368156,4094176.720680049,6206379.061094956
2010-07-05,53.828409,55117389.0,0.0,2966881334.0,0.0,0.0,0.08291132054453429,4094176.720680049,4976597.056094955
2010-07-06,54.982979,55418789.0,301400.0,3047090097.42,16571869.8706,0.005438588732453811,0.10803053409249283,3854320.744120048,5803017.755264955
2010-07-07,55.462827,55418789.0,0.0,3073682682.77,0.0,0.0,0.08269853552487288,3854320.744120048,4141162.565264955
2010-07-08,55.858707,55468789.0,50000.0,3098414820.0,2792935.35,0.0009014078205319197,0.08686298371890412,4412907.814120049,4701258.740264956
2010-07-09,56.132214,55868789.0,400000.0,3136038840.86,22452885.599999998,0.00715963249799633,0.11573150005071424,8363538.164120048,5823903.020264955
2010-07-12,56.242164,56168789.0,300000.0,3159054265.33,16872649.2,0.005341044433827557,0.10705166667392171,11738068.004120048,6667535.480264956
2010-07-13,57.296316,56169889.0,1100.0,3218327700.05,63025.9476,1.9583446272118535e-05,0.08226571512476057,8436299.219520047,6380624.264519955
2010-07-14,57.468493,56399889.0,230000.0,3241216647.92,13217753.39,0.004078022182960922,0.10045412241456474,11079849.897520047,7041511.934019956
2010-07-15,56.909273,56399889.0,0.0,3209676682.99,0.0,0.0,0.08150514815212898,10521262.827520046,7041511.934019956
2010-07-16,55.899561,56399889.0,0.0,3152729060.25,0.0,0.0,0.08251396307445756,6030685.707520048,7041511.934019956
2010-07-19,55.61048,56399889.0,0.0,3136424925.4,0.0,0.0,0.08265258782843384,2656155.8675200483,7038599.709519955
2010-07-20,55.225087,56401589.0,1700.0,3114782664.18,93882.6479,3.014099474086922e-05,0.08279181060429922,2662327.2075800486,6041821.280474955
2010-07-21,55.436697,56401589.0,0.0,3126717816.77,0.0,0.0,0.08265140975455233,18776.529580048427,6041821.280474955
2010-07-22,56.840975,56401589.0,0.0,3205921300.38,0.0,0.0,0.08265248720644004,18776.529580048427,4626794.280474955
2010-07-23,57.064526,56401589.0,0.0,3218529916.07,0.0,0.0,0.08265248720644004,18776.529580048427,4626794.280474955
2010-07-26,57.321776,56401589.0,0.0,3233039277.41,0.0,0.0,0.08265248720644004,18776.529580048427,4626794.280474955
2010-07-27,57.44276,56411089.0,9500.0,3240408642.02,545706.22,0.00016840660555077975,0.08333783184030487,109141.24400004842,3765522.103804955
2010-07-28,57.180024,56411089.0,0.0,3225587434.33,0.0,0.0,0.0825533769501965,109141.24400004842,3765522.103804955
2010-07-29,56.770581,56411089.0,0.0,3202490277.2,0.0,0.0,0.08255453403574146,109141.24400004842,3765522.103804955
2010-07-30,56.893088,56411089.0,0.0,3209401029.89,0.0,0.0,0.08249331246932616,109141.24400004842,3630535.4113049554
2010-08-02,58.226293,56411089.0,0.0,3284608616.95,0.0,0.0,0.08170825503849763,109141.24400004842,3630535.4113049554
2010-08-03,58.372018,56411089.0,0.0,3292829078.82,0.0,0.0,0.08147068630877095,0.0,2801941.9177749553
2010-08-04,58.588494,56411089.0,0.0,3305040757.45,0.0,0.0,0.08147068630877095,0.0,2801941.9177749553
2010-08-05,58.609092,56411089.0,0.0,3306202722.03,0.0,0.0,0.08147171691714812,0.0,2662295.150274955
2010-08-06,57.924605,56411089.0,0.0,3267590061.72,0.0,0.0,0.08147171691714812,0.0,1539650.8702749552
2010-08-09,58.774819,56461089.0,50000.0,3318490259.3,2938740.95,0.0008855656399063519,0.08552226569209355,587748.1900000485,842955.4577749554
2010-08-10,58.169956,56461089.0,0.0,3284339055.45,0.0,0.0,0.08145292257406628,587748.1900000485,839804.1603949554
2010-08-11,56.946764,56380609.0,-80480.0,3210693221.89,-4583075.5667200005,-0.0014274411318631484,0.0748598231862687,-328866.92334395164,-50237.28744104472
2010-08-12,56.771598,56380609.0,0.0,3200817280.35,0.0,0.0,0.08156583351757049,-328866.92334395164,-50237.28744104472
2010-08-13,56.542242,56480609.0,100000.0,3193540238.26,5654224.2,0.0017705191662406305,0.08974349818476396,801977.9166560484,232473.9225589553
2010-08-16,56.543078,56480609.0,0.0,3193587469.01,0.0,0.0,0.08149662540346238,214229.72665604838,232473.9225589553
2010-08-17,57.42946,56480609.0,0.0,3243650884.79,0.0,0.0,0.08181109432320582,214229.72665604838,227779.79016395527
2010-08-18,57.243355,56480609.0,0.0,3233139578.59,0.0,0.0,0.08181109432320582,1130844.8400000485,227779.79016395527
2010-08-19,56.214413,56480609.0,0.0,3175024270.35,0.0,0.0,0.08149616257107964,1130844.8400000485,227779.79016395527
2010-08-20,55.566857,56830609.0,350000.0,3157898319.36,19448399.95,0.006158652997396552,0.11005989311349627,3889679.990000048,1200199.7876639552
2010-08-23,55.61993,56950609.0,120000.0,3167588874.24,6674391.6,0.002107088976817229,0.0911057589143386,5224558.310000049,1533919.3676639553
2010-08-24,54.921341,57250609.0,300000.0,3144280239.3,16476402.299999999,0.005240118897184585,0.10525532258077051,8519838.770000048,2330454.1716639553
2010-08-25,54.588597,57400609.0,150000.0,3133418686.77,8188289.55,0.0026132127138236596,0.09291777062104715,10157496.680000048,2739868.649163955
2010-08-26,54.709462,58275609.0,875000.0,3188227209.53,47870779.25,0.0150148581339838,0.14983874591315505,19731652.53000005,5133407.611663955
2010-08-27,55.066293,59146060.0,870451.0,3256954296.96,47932509.808143005,0.014716973416815398,0.14791065480246704,25428474.50162865,7530033.102071105
2010-08-30,54.706995,59146060.0,0.0,3235703229.92,0.0,0.0,0.07913385977921657,24093596.181628652,7530033.102071105
2010-08-31,54.825283,59552460.0,406400.0,3264980465.97,22280995.0112,0.006824235318841484,0.11064592023753268,25254514.72386865,8644082.852631105
2010-09-01,56.293074,59552460.0,0.0,3352391053.34,0.0,0.0,0.07906677032363991,23616856.81386865,8644082.852631105
2010-09-02,56.292324,59711205.0,158745.0,3361282500.05,8936124.97338,0.0026585462463351627,0.09124529967441233,15829925.958544647,9090889.101300105
2010-09-03,56.761776,59786205.0,75000.0,3393571188.44,4257133.2,0.0012544699856309699,0.08433547578012264,7094850.636916047,9303745.761300106
2010-09-06,56.950053,60677520.0,891315.0,3455587974.33,50760436.489695,0.014689377572433786,0.14631793784000138,17246937.934855048,11694830.538284857
2010-09-07,56.606086,60677520.0,0.0,3434716915.85,0.0,0.0,0.07791875699149446,12790738.932615047,11694830.538284857
2010-09-08,57.036572,60677520.0,0.0,3460837757.09,0.0,0.0,0.07791924095451211,12790738.932615047,11923984.316620855
2010-09-09,57.564403,60677520.0,0.0,3492865195.59,0.0,0.0,0.07792028951584433,11003513.937939048,11923984.316620855
2010-09-10,57.501715,60677520.0,0.0,3489061475.97,0.0,0.0,0.07792028951584433,10152087.297939047,11641273.106620856
2010-09-13,57.934961,60677520.0,0.0,3515349769.31,0.0,0.0,0.07792028951584433,0.0,11641273.106620856
2010-09-14,58.061753,60787520.0,110000.0,3529429957.62,6386792.83,0.0018095819740553247,0.08627565530425087,1277358.5660000476,11960612.748120856
2010-09-15,57.936265,60787520.0,0.0,3521801850.28,0.0,0.0,0.07801039279269278,1277358.5660000476,11960612.748120856
2010-09-16,57.822994,60787520.0,0.0,3514916423.88,0.0,0.0,0.0777296190561718,1277358.5660000476,11960612.748120856
2010-09-17,57.453654,60787520.0,0.0,3492465166.3,0.0,0.0,0.07777003576496755,1277358.5660000476,10988192.750620853
2010-09-20,58.237427,60787520.0,0.0,3540108784.33,0.0,0.0,0.07795119108440715,1277358.5660000476,10654473.170620855
2010-09-21,58.065109,60737520.0,-50000.0,3526730707.76,-2903255.45,-0.0008232143848159023,0.07431038989674811,-580651.0899999524,9685490.283120856
2010-09-22,57.438926,60737520.0,0.0,3488697943.26,0.0,0.0,0.07814488627510018,-580651.0899999524,9276075.805620855
2010-09-23,57.22013,60737520.0,0.0,3475408764.64,0.0,0.0,0.07793566995540646,-580651.0899999524,6882536.843120855
2010-09-24,58.270739,59937520.0,-800000.0,3492603590.67,-46616591.199999996,-0.01334723222656292,0.01630350601969863,-9903969.329999952,2155081.792713706
2010-09-27,58.090527,59937520.0,0.0,3481802132.0,0.0,0.0,0.07845552142108667,-9903969.329999952,2155081.7927137055
2010-09-29,57.794256,59945020.0,7500.0,3464477854.32,433456.92,0.00012511464590818635,0.07846347614230828,-9236626.85599995,1062704.8881537055
2010-09-30,57.628384,60045020.0,100000.0,3460297489.4,5762838.399999999,0.001665417039330699,0.08557070305901053,-8084059.175999952,1350846.8081537054
2010-10-01,57.464665,60045020.0,0.0,3450466940.88,0.0,0.0,0.0778158502842001,-8084059.175999952,904040.5594847056
2010-10-04,56.750502,61305020.0,1260000.0,3479090676.25,71505632.52,0.020552966040273953,0.17270381936359144,15540385.568000048,4266465.525484705
2010-10-05,57.505239,61655020.0,350000.0,3545486637.22,20126833.650000002,0.005676747851398296,0.10325971022645687,19565752.298000045,2734785.383499956
2010-10-06,58.012832,61655020.0,0.0,3576782310.33,0.0,0.0,0.07683065178983313,19479060.914000046,2734785.383499956
2010-10-07,58.063721,61745020.0,90000.0,3585145590.86,5225734.89,0.0014576074409146818,0.08356012681908319,19371640.21200005,2996072.127999956
2010-10-08,58.206059,61745020.0,0.0,3593934257.28,0.0,0.0,0.08179238126665753,19371640.21200005,2996072.127999956
2010-10-11,58.370486,61745020.0,0.0,3604086809.79,0.0,0.0,0.09980304442849082,5070513.708000048,2996072.127999956
2010-10-12,58.324541,61745020.0,0.0,3601249968.74,0.0,0.0,0.09664146791719894,1045146.9780000476,2996072.127999956
2010-10-13,59.526393,61745020.0,0.0,3675458323.65,0.0,0.0,0.06791470343914913,1045146.9780000476,2676732.486499956
2010-10-14,59.718101,61570850.0,-174170.0,3676894225.94,-10401101.65117,-0.002828773691065577,0.05206664192148198,-2080220.3302339525,2156677.403941456
2010-10-15,60.060456,61570850.0,0.0,3697973308.71,0.0,0.0,0.08704161004045642,-2080220.3302339525,2156677.403941456
2010-10-18,60.284758,61570850.0,0.0,3711783789.69,0.0,0.0,0.03285227508208735,-2080220.3302339525,2156677.403941456
2010-10-19,60.044337,60820850.0,-750000.0,3651947609.46,-45033252.75,-0.012331297588537668,-0.055228647154406785,-11086870.880233953,-94985.23355854377
2010-10-20,60.357298,60895850.0,75000.0,3675508958.55,4526797.35,0.0012316110234120705,0.058308005811231786,-10181511.410233952,276517.4064414561
2010-10-21,61.156804,60895850.0,0.0,3724195578.15,0.0,0.0,0.049711236773504044,-8101291.079999952,276517.4064414561
2010-10-22,61.10874,60850850.0,-45000.0,3718518784.39,-2749893.3,-0.0007395130855715451,0.09470625204817311,-8651269.739999954,139022.74144145614
2010-10-25,61.416627,61100850.0,250000.0,3752608092.88,15354156.75,0.004091596129937513,0.1403429137073611,-5580438.389999952,3237560.138941456
2010-10-26,61.181416,61109320.0,8470.0,3738754701.9,518206.59352,0.00013860406334137199,0.06028699670888619,3529853.478704048,3263470.468617456
2010-10-27,60.757538,61359320.0,250000.0,3728041213.66,15189384.5,0.004074360670784495,0.10531279972228877,5662370.908704048,4001266.847617456
2010-10-28,61.009595,61459320.0,100000.0,3749608235.43,6100959.5,0.0016270925165866963,0.0763871414831995,6882562.808704048,4018172.902617456
2010-10-29,61.06565,61459320.0,0.0,3753053351.86,0.0,0.0,0.03725350944761158,7432541.468704048,4018172.902617456
2010-11-01,61.097181,61809320.0,350000.0,3776375210.54,21384013.35,0.00566257645435137,0.08343070046673644,8638512.788704049,1512091.9441174567
2010-11-02,61.554278,62274320.0,465000.0,3833250790.68,28622739.27,0.007466962333795663,0.10573074706723071,14259419.32400005,1936887.2251174566
2010-11-03,61.216351,62324320.0,50000.0,3815267431.39,3060817.5500000003,0.0008022550463480527,0.022886059913166102,11833705.934000049,2089928.1026174563
2010-11-04,62.297223,62324320.0,0.0,3882632053.04,0.0,0.0,0.012873847730573445,10613514.034000048,1828641.3581174563
2010-11-05,62.477451,62324320.0,0.0,3893864664.2,0.0,0.0,0.014198803590706069,10613514.034000048,1828641.3581174563
2010-11-08,62.442489,63249320.0,925000.0,3949444950.07,57759302.325,0.014624663226151887,0.19713977506512992,17888571.82900005,4716606.4743674565
2010-11-09,62.787334,63249320.0,0.0,3971256191.2,0.0,0.0,0.01508563500286727,12164023.97500005,4716606.4743674565
2010-11-10,62.158415,63749320.0,500000.0,3962556665.11,31079207.5,0.007843220962276699,0.11323351982787905,17767701.96500005,6270566.8493674565
2010-11-11,62.191182,65239320.0,1490000.0,4057310443.58,92664861.17999999,0.0228389871735416,0.3027762962352135,36300674.20100005,11423864.990925957
2010-11-12,62.294514,64919320.0,-320000.0,4044117504.28,-19934244.48,-0.004929195172717668,-0.04713266757342275,32313825.305000048,10427152.766925957
2010-11-15,62.807612,65449320.0,530000.0,4110715464.74,33288034.36,0.008097868764094926,0.20799744919228938,27419571.71200005,12091554.484925957
2010-11-16,61.63334,65499320.0,50000.0,4036941867.61,3081667.0,0.000763366702088392,0.0940133834386488,28035905.11200005,14497300.472425956
2010-11-17,61.973788,65228820.0,-270500.0,4042477036.43,-16763909.654,-0.004146939983313938,-0.27425119716709506,18467281.681200046,13432765.122225959
2010-11-18,63.194716,65578820.0,350000.0,4144234892.89,22118150.6,0.005337089033719277,0.30312516277032087,4357939.565200048,14538672.652225956
2010-11-19,63.300275,65526536.0,-52284.0,4147847760.61,-3309591.5781,-0.0007979057499480832,-0.07010784284186396,7682870.145580048,14510687.738320956
2010-11-22,63.100859,65526536.0,0.0,4134780712.07,0.0,0.0,-0.36687772178818384,1025263.2735800482,13742979.900820956
2010-11-23,62.018032,65526536.0,0.0,4063826800.07,0.0,0.0,-0.3550064287320552,408929.87358004815,13717069.571144957
2010-11-24,63.116559,65976536.0,450000.0,4164211927.84,28402451.55,0.006820606645909232,1.0523718652579992,9442202.114380049,14377722.923644956
2010-11-25,63.632959,66026536.0,50000.0,4201463883.93,3181647.95,0.0007572712839849343,-0.19305061736073179,5654901.584380047,14231757.346144956
2010-11-26,63.348922,66026536.0,0.0,4182709874.56,0.0,0.0,-0.3590806825261164,6316819.900000048,14231757.346144956
2010-11-29,61.951448,66126536.0,100000.0,4096634685.66,6195144.8,0.0015122521960978597,-0.041295132810109554,7555848.860000047,13472313.918644955
2010-11-30,61.863507,66126536.0,0.0,4090819434.7,0.0,0.0,-0.3619465128030848,7555848.860000047,12041176.955144957
2010-12-01,63.510696,67019786.0,893250.0,4256473283.08,56730929.202,0.013328153480373613,2.3842968988885183,13221544.390400048,14724682.537744958
2010-12-02,64.351758,67019786.0,0.0,4312841022.69,0.0,0.0,-0.37285276330340794,12585214.800400048,14724682.537744958
2010-12-03,64.260021,66309786.0,-710000.0,4261068252.29,-45624614.91,-0.010707318495891315,-2.501789117415424,3460291.818400049,12443451.792244956
2010-12-06,64.320617,66893203.0,583417.0,4302612089.2,37525741.408289,0.00872161854945801,1.3863144137748131,9726411.14005785,11431773.746409407
2010-12-07,64.759937,66990699.0,97496.0,4338313450.42,6313834.817751999,0.0014553662131399807,-0.06848175651681221,10989178.103608249,11747465.487297008
2010-12-08,64.518791,67090699.0,100000.0,4328610796.66,6451879.1,0.00149051956922954,-0.053519280834752735,933368.0832082496,10516099.067297008
2010-12-09,64.410259,67190699.0,100000.0,4327770326.06,6441025.899999999,0.0014883012301311067,-0.056482518017914825,2221573.2632082496,6204907.303297007
2010-12-10,64.798482,67190699.0,0.0,4353855328.19,0.0,0.0,-0.3430609181546623,11346496.245208248,7201619.527297007
2010-12-13,65.0125,67190699.0,0.0,4368237394.83,0.0,0.0,-0.3430609181546623,3841347.9635504484,5537217.8092970075
2010-12-14,64.9938,67100699.0,-90000.0,4361131209.07,-5849441.999999999,-0.0013412671436793065,-0.6118384694078047,1408692.6000000485,5090662.359297007
2010-12-15,64.8914,67196699.0,96000.0,4360485426.03,6229574.4,0.001428642408208141,-0.04399493936823637,1364231.660000049,6240336.561997007
2010-12-16,64.9653,67196699.0,0.0,4365456690.23,0.0,0.0,-0.33396505226236023,76026.48000004906,5134429.031997006
2010-12-17,64.5772,67256699.0,60000.0,4343246102.26,3874632.0000000005,0.0008921051003727012,-0.15446169204019364,850952.8800000492,5493640.210902007
2010-12-20,64.9117,67256699.0,0.0,4365746303.97,0.0,0.0,-0.3339382998163136,850952.8800000492,5493640.210902007
2010-12-21,65.4606,67706699.0,450000.0,4432122504.96,29457270.0,0.006646312227839887,1.0000204360386067,7912295.280000049,6966503.710902007
2010-12-22,65.3673,67856699.0,150000.0,4435609182.8,9805095.0,0.002210540783895322,0.10879642333354636,8627399.400000049,6036635.883402007
2010-12-23,65.2724,67856699.0,0.0,4429168560.62,0.0,0.0,-0.3392425221102979,8627399.400000049,5877553.485902006
2010-12-27,64.4671,67856699.0,0.0,4374525846.57,0.0,0.0,-0.3375919574761418,7852473.000000049,5877553.485902006
2010-12-28,64.4795,68241699.0,385000.0,4400192133.22,24824607.5,0.00564170989547988,0.8100289579006338,12817394.500000048,6809026.6209020065
2010-12-29,64.6954,68241699.0,0.0,4414920797.16,0.0,0.0,-0.32745434483690117,6925940.500000049,6809026.6209020065
2010-12-30,63.9435,68321699.0,80000.0,4368727399.26,5115480.0,0.001170931379437062,-0.091156200619177,5988017.500000049,4228254.160802007
2011-01-03,64.6411,67781699.0,-540000.0,4381483705.36,-34906194.0,-0.007966751983420185,-1.9031822350002627,-993221.2999999508,2482944.4608020065
2011-01-04,64.5078,67789899.0,8200.0,4372975553.9,528963.9600000001,0.00012096202082086836,-0.2805977420874751,-887428.5079999508,4790623.404302007
2011-01-05,64.179,67879899.0,90000.0,4356461328.37,5776110.0,0.0013258719783382472,-0.04105056218946004,-4697128.007999951,3203141.8338875566
2011-01-06,64.563,68629899.0,750000.0,4430955542.45,48422250.0,0.010928173288153998,1.8419205245445163,4987321.992000049,5308562.592999957
2011-01-07,64.2526,68679899.0,50000.0,4412861280.48,3212630.0,0.0007280151801306007,-0.17802118887504806,4606751.992000049,5146600.1379999565
2011-01-10,63.4124,69379899.0,700000.0,4399543951.66,44388680.0,0.010089382101354306,1.6403009726945832,20465726.792000048,7043982.842999956
2011-01-11,64.1935,69829899.0,450000.0,4482628750.26,28887075.0,0.006444226503996009,0.913309389842157,26137349.000000052,8488336.592999956
2011-01-12,65.3696,69829899.0,0.0,4564754107.29,0.0,0.0,-0.34450804567973836,24982127.000000052,8488336.592999956
2011-01-13,65.4279,69529899.0,-300000.0,4549193267.54,-19628370.0,-0.0043146924840619365,-1.1733428282012832,11372003.000000048,7799390.192999956
2011-01-14,65.4331,69529899.0,0.0,4549555826.13,0.0,0.0,-0.33538257029809654,10729477.000000048,7487911.472999957
2011-01-17,65.4541,69529899.0,0.0,4551016251.01,0.0,0.0,-0.33538257029809654,1851741.0000000491,7487911.472999957
2011-01-18,66.0585,69529899.0,0.0,4593042134.76,0.0,0.0,-0.33538257029809654,-3925673.9999999506,7294179.872999957
2011-01-19,65.497,69429899.0,-100000.0,4547451167.39,-6549700.0,-0.0014403013378061597,-0.6119683250766941,-5235613.999999951,6966694.872999957
2011-01-20,64.9559,69429899.0,0.0,4509884029.99,0.0,0.0,-0.33268228503905733,-1309939.9999999509,5493831.372999957
2011-01-21,65.3085,69358899.0,-71000.0,4529722517.12,-4636903.5,-0.001023661710507633,-0.5291440386036091,-2237320.699999951,4771731.447999956
2011-01-24,65.3571,69393329.0,34430.0,4535349298.88,2250244.953,0.0004961569230303157,-0.23550568515456222,-1787271.709399951,4884243.695649956
2011-01-25,65.276,71443329.0,2050000.0,4663534564.83,133815799.99999999,0.028694072733838092,4.679822250384244,24975888.290600047,11575033.695649955
2011-01-26,65.8978,73446329.0,2003000.0,4839954380.15,131993293.4,0.027271598662446335,4.072842463842336,52684486.970600046,16933467.990649957
2011-01-27,66.1607,68566329.0,-4880000.0,4536398049.5,-322864216.0,-0.07117193255022804,-7.995119532219878,-11888356.229399955,790257.1906499565
2011-01-28,65.6724,68566329.0,0.0,4502917969.53,0.0,0.0,-0.17333145669992991,-10960975.529399956,534483.1906499567
2011-01-31,65.4375,68566329.0,0.0,4486808736.39,0.0,0.0,-0.17469689629965346,-11411024.519999955,2279792.8906499567
2011-02-01,66.4245,68697079.0,130750.0,4563170495.12,8685003.375,0.0019032826812603253,0.03280373831998569,-36437183.844999954,2687594.8613999565
2011-02-02,66.4187,68797079.0,100000.0,4569410517.8,6641870.0,0.0014535507313529386,-0.016353962682180135,-61507468.524999954,2730882.8613999565
2011-02-03,66.511,68797079.0,0.0,4575762382.28,0.0,0.0,-0.17617220480578816,3065374.675000048,309770.3613999564
2011-02-04,66.719,68997079.0,200000.0,4603414958.21,13343799.999999998,0.002898674162797747,0.13988857836088012,5734134.675000047,816328.8613999563
2011-02-07,67.3414,69097529.0,100450.0,4653123822.53,6764443.629999999,0.0014537424508772325,-0.02032449965744867,7087023.401000047,-1064882.9571000435
2011-02-08,67.7074,69097529.0,0.0,4678413509.52,0.0,0.0,-0.18019297515528745,5350022.726000046,-2509236.7071000435
2011-02-09,67.6855,69318529.0,221000.0,4691857077.82,14958495.500000002,0.0031881822595820077,0.17329402549875675,7013347.826000047,-1761311.9321000434
2011-02-10,67.8644,69218529.0,-100000.0,4697471951.76,-6786440.0,-0.0014447004835137604,-0.3332440625038393,5656059.826000048,-1119215.4321000434
2011-02-11,68.1499,68868529.0,-350000.0,4693382328.39,-23852465.0,-0.005082148295423922,-0.7228674234087725,-1783193.1739999522,-2311838.6821000436
2011-02-14,68.3842,68868529.0,0.0,4709517011.3,0.0,0.0,-0.16218005678049421,-3136081.899999952,-2311838.6821000436
2011-02-15,68.4154,69518529.0,650000.0,4756138977.84,44470010.0,0.009350023245156736,0.8754935346692859,5757920.100000048,-88338.18210004344
2011-02-16,68.5471,69518529.0,0.0,4765291939.39,0.0,0.0,-0.14574063124241796,2766221.0000000475,239146.81789995654
2011-02-17,68.4656,69618529.0,100000.0,4766473037.79,6846559.999999999,0.0014363996073655423,0.013148450493449142,5492821.0000000475,581474.8178999566
2011-02-18,68.6621,70088529.0,470000.0,4812428533.31,32271186.999999996,0.006705800777430724,0.6011265883918552,16717551.400000047,2426879.3428999567
2011-02-21,67.6906,70188529.0,100000.0,4751101040.84,6769060.0,0.0014247350123295257,0.010634525294144534,18071363.400000047,2652820.095249956
2011-02-22,67.6583,70188529.0,0.0,4748838447.11,0.0,0.0,-0.1458554389545603,9177361.400000047,-4037969.904750043
2011-02-23,66.5141,70199629.0,11100.0,4669268121.11,738306.51,0.0001581203929288358,-0.12718542815651063,9325022.702000048,-10600719.249250043
2011-02-24,65.9214,70106419.0,-93210.0,4621510555.21,-6144533.694,-0.0013295509380743574,-0.28084054839189687,6726803.963200048,5235264.8660499565
2011-02-25,66.4264,68815653.0,-1290766.0,4571174709.79,-85740938.6224,-0.01875687193464083,-2.1803901886846457,-16875621.161279954,948217.9349299564
2011-02-28,67.2311,68740653.0,-75000.0,4621511370.74,-5042332.5,-0.0010910570364327846,-0.2305502779972232,-19237899.661279954,696101.3099299564
2011-03-01,66.7778,69050653.0,310000.0,4611047647.79,20701118.0,0.004489460873370438,0.38061522449128105,-15097676.061279953,1296907.0411799564
2011-03-02,66.3876,69350653.0,300000.0,4604023208.9,19916280.0,0.0043258426589813884,0.3584298256803086,-11262081.363279954,1960627.5411799564
2011-03-03,66.8018,71061103.0,1710450.0,4747013023.61,114261138.81,0.02407011277232749,2.447318956684897,12819053.137520049,7673684.481679956
2011-03-04,66.3666,74161103.0,3100000.0,4921817447.46,205736460.00000003,0.04180091240608169,4.0102709035478314,71114532.86200006,17293317.481679957
2011-03-07,66.2089,77052253.0,2891150.0,5101541831.9,191419861.235,0.0375219624855469,3.3765709381212625,110406971.60900006,26526088.36192996
2011-03-08,66.2347,78975543.0,1923290.0,5230918252.6,127388536.163,0.02435299693312588,2.0700340678920313,131744455.24160007,32895515.170079958
2011-03-09,65.9297,81275543.0,2300000.0,5358469647.69,151638310.0,0.02829880916939975,2.358276410101027,158088861.24160007,39729505.895079955
2011-03-10,65.2943,83595455.0,2319912.0,5458306537.36,151477030.10160002,0.027751653203204742,2.238838250227436,165532039.49992007,47642679.40015996
2011-03-11,64.5395,86295455.0,2700000.0,5569466601.11,174256650.0,0.031287852586326756,2.4646591886607396,159236077.49992007,57548135.150159955
2011-03-14,63.4766,87796850.0,1501395.0,5573049735.12,95303449.857,0.017100771460269035,1.2150842165709173,140012795.22432005,62313307.64300996
2011-03-15,61.4523,87985941.0,189091.0,5406941477.48,11620076.8593,0.0021491035010639216,-0.07482672157512499,116859103.36358006,60670810.98597495
2011-03-16,60.2149,87974941.0,-11000.0,5297398819.66,-662363.9,-0.00012503568686235184,-0.2826288528404655,86398968.58358005,60637692.79097496
2011-03-17,61.5364,89174941.0,1200000.0,5487502043.22,73843680.0,0.013456702051024552,0.8851538387421115,70872298.56326005,63987548.79097496
2011-03-18,61.6051,89174941.0,0.0,5493632535.24,0.0,0.0,-0.28056260396807264,36020968.56326004,62373989.440974966
2011-03-21,63.0067,89624941.0,450000.0,5646971760.01,28353015.0,0.005020923816334047,0.1519860245192941,22630881.59186005,63453187.190974966
2011-03-22,62.6811,90834941.0,1210000.0,5693630629.01,75844131.0,0.013320873084664373,0.8589932525335686,35475692.42000005,67245393.74097496
2011-03-23,62.8979,90884941.0,50000.0,5716472121.12,3144895.0,0.0005501461274307476,-0.23197418306485845,36237144.20000005,67365723.16547497
2011-03-24,64.0912,91004941.0,120000.0,5832618755.98,7690944.0,0.001318609071116592,-0.16182226328151306,23006597.00000005,68057497.05017497
2011-03-25,64.2091,90604941.0,-400000.0,5817664988.47,-25683640.000000004,-0.004414767789293862,-0.6575334496588413,17869869.00000005,71060361.98129496
2011-03-28,64.1368,90604941.0,0.0,5811113373.83,0.0,0.0,-0.27205738047516337,12199266.000000048,71312478.60629496
2011-03-29,64.0979,90830241.0,225300.0,5822025573.49,14441256.87,0.002480452325004684,-0.057969325727164685,-81308.82599995323,70999485.54979496
2011-03-30,65.2316,90237241.0,-593000.0,5886323201.16,-38682338.8,-0.0065715621582547465,-0.8390997464956252,-8446755.585999953,68069554.60979496
2011-03-31,65.085,90237241.0,0.0,5873091216.91,0.0,0.0,-0.2684516472670514,-9984944.385999952,62356497.66929495
2011-04-01,66.3648,90557241.0,320000.0,6009812435.98,21236736.0,0.003533677003438294,0.035852357733407274,-600869.1859999516,53131511.46929496
2011-04-04,66.3226,91096807.0,539566.0,6041775400.15,35785419.9916,0.0059229974008486895,0.23727074005457124,6556214.812320048,45349789.40712496
2011-04-05,66.3221,91146807.0,50000.0,6045046794.39,3316105.0000000005,0.0005485656460223688,-0.23040196580134498,4331184.438320048,39146167.84897496
2011-04-06,66.6897,91146807.0,0.0,6078552092.19,0.0,0.0,-0.2780989882155989,12067652.198320048,31564252.348974954
2011-04-07,66.3537,93395307.0,2248500.0,6197119485.27,149196294.45000002,0.02407510373240766,1.7784757624739413,41906911.088320054,31450215.566394962
2011-04-08,66.7068,94381973.0,986666.0,6295914980.37,65817331.5288,0.01045397400282747,0.5935507543734476,50823030.194080055,26028249.642834958
2011-04-11,66.595,95731973.0,1350000.0,6375265970.55,89903250.0,0.014101882245431081,0.8956363161787662,61646596.19576006,25758239.649984956
2011-04-12,65.6523,98081973.0,2350000.0,6439302775.88,154282905.0,0.023959566799359823,1.7060200382289838,91839956.19576006,32891381.05701996
2011-04-13,66.3457,103429973.0,5348000.0,6862137395.36,354816803.59999996,0.05170645575238962,3.7802909280681067,162803316.91576004,50665339.43201996
2011-04-14,66.0496,106429973.0,3000000.0,7029651798.39,198148800.0,0.0281875696951849,1.85928784328879,172593818.02576002,56880595.43201995
2011-04-15,66.3425,99129973.0,-7300000.0,6576526076.58,-484300250.0,-0.07364074047005853,-5.314540770669167,62570301.72000003,32665582.932019956
2011-04-18,64.942,99784973.0,655000.0,6480238886.47,42537009.99999999,0.0065641114078081935,0.18083719027805978,53097053.720000036,33374782.682019956
2011-04-19,65.057,100784973.0,1000000.0,6556766684.26,65057000.0,0.009922116057015434,0.4052009904556241,35251872.720000036,32835426.132019956
2011-04-20,66.9964,104679973.0,3895000.0,7013180582.12,260950977.99999997,0.037208649477141746,2.209865215835652,16478707.600000035,45725730.28201996
2011-04-21,67.4123,110892223.0,6212250.0,7475501096.24,418782060.675,0.056020600530128674,3.284306729868554,60605359.73500004,66280286.11576996
2011-04-26,67.9744,98719723.0,-12172500.0,6710410512.27,-827418384.0,-0.12330369095706792,-6.505068487571377,-8018267.064999962,26193548.915769953
2011-04-27,68.4217,98719723.0,0.0,6754572544.22,0.0,0.0,-0.1866279179214533,-16525669.064999962,26193548.915769953
2011-04-28,69.0706,85945020.0,-12774703.0,5936275091.99,-882356401.0318,-0.1486380579333985,-6.304128634130031,-206008349.27135998,-18646333.97932005
2011-04-29,69.4328,81417035.0,-4527985.0,5653016442.31,-314390676.908,-0.05561467583128594,-2.343264261501692,-321076680.25295997,-32431750.88472005
2011-05-02,69.1603,81417035.0,0.0,5630823631.11,0.0,0.0,-0.07417654942575098,-404833092.38795996,-32431750.88472005
2011-05-03,68.9125,87711035.0,6294000.0,6044383959.78,433735274.99999994,0.07175839223419996,2.7409250495267807,-152602360.58795995,-11806823.93472005
2011-05-04,67.7443,99049035.0,11338000.0,6710011939.05,768084873.4,0.11446848088749377,4.0858527976473145,1014614.0920400142,24808148.735699948
2011-05-05,67.7589,107677035.0,8628000.0,7296077050.0,584623789.1999999,0.08012851086872773,2.7121651590592477,294410652.13839996,53873532.945699945
2011-05-06,68.7993,118362035.0,10685000.0,8143228934.08,735120520.5,0.09027383688348337,2.935317137820929,504312891.62,90629558.97069995
2011-05-09,68.0391,121738535.0,3376500.0,8282981779.71,229734021.15,0.027735666606530113,0.785267579098592,550259695.85,94656445.30569994
2011-05-10,68.8741,115699635.0,-6038900.0,7968713435.61,-415923802.49,-0.05219459902163759,-1.900663021631556,380327880.352,70569388.60475995
2011-05-11,68.8145,114074635.0,-1625000.0,7849987185.86,-111823562.49999999,-0.014245063062195208,-0.6181574861780393,204346193.17200002,60483047.97975995
2011-05-12,68.3449,116229635.0,2155000.0,7943703098.96,147283259.5,0.018540881710355277,0.4766456300486528,116878087.23200004,60133065.70475994
2011-05-13,67.9688,118674035.0,2444400.0,8066134678.76,166142934.72,0.02059758996554977,0.5392558181179621,3082570.076000041,50699372.26075995
2011-05-16,67.8231,116379035.0,-2295000.0,7893187373.23,-155654014.5,-0.019720045545593614,-0.8038689727719409,-73995037.05399996,33009231.53575995
2011-05-17,66.6213,112929035.0,-3450000.0,7523475670.23,-229843485.00000003,-0.03055017322771159,-1.1488989330844077,-36778973.555999964,45732069.78575995
2011-05-18,67.0513,112929035.0,0.0,7572041514.78,0.0,0.0,-0.13356593254995303,-14414261.055999968,43605219.28575995
2011-05-19,67.5532,112993997.0,64962.0,7633105845.45,4388390.9784,0.0005749155150279838,-0.11462462595602592,-42993234.76031997,40571788.83467995
2011-05-20,66.7138,113093997.0,100000.0,7544927391.69,6671380.000000001,0.0008842205701472852,-0.10417149406166291,-74887545.70431998,27857808.934679948
2011-05-23,65.3787,113430137.0,336140.0,7415917866.87,21976396.218,0.0029634087934249827,-0.03590890944626532,-39361463.56071997,8017525.711829943
2011-05-24,65.6459,113430137.0,0.0,7446223268.43,0.0,0.0,-0.13073418664196837,6607233.439280036,49388444.91182994
2011-05-25,65.8327,114530137.0,1100000.0,7539830526.61,72415970.0,0.009604455928342876,0.18584902516812146,21090427.439280037,53009243.41182994
2011-05-26,65.3079,116520137.0,1990000.0,7609680086.73,129962721.0,0.01707860508178696,0.4266830723135773,46205293.443600036,103625199.51341994
2011-05-27,65.7608,117670137.0,1150000.0,7738084226.17,75624920.0,0.009773080492486562,0.1835019808543404,59996001.443600036,123125979.35881993
2011-05-30,65.7309,112810137.0,-4860000.0,7415112327.19,-319452174.0,-0.043081231936112595,-1.5454543331454864,-8289712.599999964,107153370.65881994
2011-05-31,66.9538,112635137.0,-175000.0,7541355920.05,-11716915.0,-0.0015536881065178947,-0.1780275410832844,-10633095.599999964,84880761.15881994
2011-06-01,66.2522,112635137.0,0.0,7462325228.32,0.0,0.0,-0.12649147012725193,-25116289.599999964,46476517.48881994
2011-06-02,64.939,112715137.0,80000.0,7319605699.1,5195119.999999999,0.0007097540787803334,-0.10333559384980426,-50069809.79999997,17505084.02881995
2011-06-03,65.2518,112777803.0,62666.0,7358956624.38,4089069.2988,0.0005556588396312919,-0.10856017583869598,-64376979.940239966,-19046488.531240053
2011-06-06,65.0351,113449803.0,672000.0,7378215015.89,43703587.2,0.005923327946648115,0.06607272222165013,8254172.299760036,-28348010.228740048
2011-06-07,65.2062,113449803.0,0.0,7397633988.42,0.0,0.0,-0.1284520043762936,10597555.299760036,-7551820.10424005
2011-06-08,64.8111,114097803.0,648000.0,7394808912.29,41997592.8,0.005679334422043141,0.056878679544420586,18997073.859760035,139237.6607599493
2011-06-09,65.7236,114397803.0,300000.0,7518629776.37,19717080.0,0.0026224299621678436,-0.04419388390631167,21901465.859760035,-6239071.3142400505
2011-06-10,64.8993,114397803.0,0.0,7424342906.41,0.0,0.0,-0.13049572071315188,21083652.000000037,-14546218.050240051
2011-06-13,65.0384,112074803.0,-2323000.0,7289168952.62,-151084203.2,-0.020727219273151114,-0.8029273651181872,-17873906.079999965,-14317727.485240048
2011-06-14,66.1364,112174803.0,100000.0,7418837031.75,6613639.999999999,0.0008914658688007241,-0.0930351090462215,-16551178.079999965,-2494871.2352400483
2011-06-15,65.3127,112024803.0,-150000.0,7316640816.84,-9796905.000000002,-0.0013389894686987257,-0.16586211033385814,-26910077.639999967,-2984716.4852400483
2011-06-16,65.2677,112074803.0,50000.0,7314859027.35,3263385.0000000005,0.000446130949044721,-0.10740230827088697,-30200816.639999967,-3040966.7841600482
2011-06-17,65.7616,112474803.0,400000.0,7396526906.91,26304640.0,0.0035563502074771906,-0.004760779488594662,-24939888.639999963,-2059303.7841600485
2011-06-20,65.6335,112494803.0,20000.0,7383423048.44,1312670.0,0.00017778610156671794,-0.11568978336132853,5539486.000000032,-3092490.095060048
2011-06-21,66.8748,112494803.0,0.0,7523072862.28,0.0,0.0,-0.12120027056228799,4216758.000000032,-3092490.095060048
2011-06-22,66.8074,112544803.0,50000.0,7518820893.96,3340370.0,0.0004442677977185728,-0.1089828277894431,6844213.000000033,-6546270.095060048
2011-06-23,65.6255,112544803.0,0.0,7385813654.02,0.0,0.0,-0.12353739258284636,6191536.000000033,-13044406.145060048
2011-06-24,65.3678,111944803.0,-600000.0,7317584609.83,-39220680.0,-0.005359784968842494,-0.29759975053063115,-6913527.999999967,-18786686.145060048
2011-06-27,65.2433,111190803.0,-754000.0,7254449678.07,-49193448.2,-0.006781141283357501,-0.3393265279694623,-17014751.639999967,-5273749.8550600475
2011-06-28,65.8167,111001077.0,-189726.0,7305723776.18,-12487139.2242,-0.0017092268482574967,-0.1722014122736906,-19512179.48483997,-5312261.066270048
2011-06-29,66.9517,110701077.0,-300000.0,7411626649.16,-20085510.0,-0.002710000240267958,-0.2015453285953748,-24197355.48483997,-6316536.566270048
2011-06-30,67.7049,110701077.0,0.0,7495004024.95,0.0,0.0,-0.11085462446300595,-24197355.48483997,-6576292.566270048
2011-07-01,68.1011,110701077.0,0.0,7538863899.06,0.0,0.0,-0.11085462446300595,-16353219.484839967,-6780746.031210047
2011-07-04,68.3161,110840263.0,139186.0,7572174962.4,9508644.694600001,0.0012557349429741964,-0.07118967802603528,-4612800.905919967,-8490493.156480048
2011-07-05,68.2836,110840263.0,0.0,7568568612.33,0.0,0.0,-0.11240580577558586,-2115373.061079967,-8490493.156480048
2011-07-06,68.2075,111340263.0,500000.0,7594246098.79,34103750.0,0.004490735427369649,0.033763868364028136,8722478.938920032,-8885185.296480048
2011-07-07,68.5768,111340263.0,0.0,7635356373.15,0.0,0.0,-0.11363964349251307,8722478.938920032,-9871039.296480048
2011-07-08,67.9459,111040263.0,-300000.0,7544733751.97,-20383770.0,-0.002701721580920945,-0.20196292983294162,4645724.938920033,-10890227.796480048
2011-07-11,66.3622,111090263.0,50000.0,7372197273.55,3318110.0,0.000450084266180007,-0.0986392600574108,3407618.0000000326,-3170112.1364800474
2011-07-12,65.847,111170263.0,80000.0,7320229961.69,5267760.0,0.0007196167371200792,-0.0902745611923641,4461170.000000033,-3237406.1364800474
2011-07-13,66.6963,112266013.0,1095750.0,7487729303.28,73082470.725,0.009760298184522538,0.20391632018397343,12256914.145000031,906562.6497699522
2011-07-14,66.2212,116414613.0,4148600.0,7709119813.19,274725270.32,0.035636399093182586,1.0493796203225831,67201968.20900002,14479656.915769953
2011-07-15,66.2658,118494613.0,2080000.0,7852137591.13,137832864.0,0.01755354671264293,0.4603836639591324,98845295.00900003,20056068.115769953
2011-07-18,65.2349,122559613.0,4065000.0,7995158367.75,265179868.49999997,0.03316755670152247,0.9653874881395111,151217646.70900002,33249428.040769953
2011-07-19,66.0141,128019613.0,5460000.0,8451105851.3,360436986.0,0.04264968305237301,1.2630851654188502,222251491.909,51271277.340769954
2011-07-20,66.2777,128750568.0,730955.0,8533286572.54,48446016.203499995,0.005677298634197827,0.02936800978344047,217324201.0047,53526559.650944956
2011-07-21,66.9085,136800568.0,8050000.0,9153118612.49,538613425.0,0.05884479900271679,1.7620209784132972,270101831.94070005,80457230.90094495
2011-07-22,67.241,140680568.0,3880000.0,9459500231.9,260895080.0,0.027580218151503508,0.7250153179822992,294714275.14070004,95463018.90094495
2011-07-25,67.4059,144058568.0,3378000.0,9710401502.76,227697130.20000002,0.02344878634887356,0.5822579859232744,287217727.4807,109307547.82094495
2011-07-26,67.451,149058568.0,5000000.0,10054151068.74,337254999.99999994,0.033543856432452154,0.9016695617356963,282581330.2807,126794654.78215495
2011-07-27,66.5624,151508568.0,2450000.0,10084769842.79,163077880.0,0.01617070915273201,0.3300708888849622,305507703.04,135952824.28215495
2011-07-28,65.9876,154368568.0,2860000.0,10186410482.44,188724536.0,0.018527089235735757,0.40176085552149493,235529925.24,145389051.08215493
2011-07-29,65.6999,157265568.0,2897000.0,10332339642.01,190332610.3,0.018421056304240273,0.39391492822427127,221417431.3,154905681.59715495
2011-08-01,63.8198,157445568.0,180000.0,10048150076.49,11487564.0,0.0011432516346345032,-0.17032103742611684,178175518.06,155004627.56242496
2011-08-02,62.3767,157165568.0,-280000.0,9803473139.86,-17465476.0,-0.0017815600400828372,-0.2667010853715941,107231422.86000003,154131353.76242498
2011-08-03,60.9436,155905568.0,-1260000.0,9501441171.31,-76788936.0,-0.008081819864534595,-0.46972079317635046,59258059.660000026,148586719.46242496
2011-08-04,58.871,155905568.0,0.0,9178322345.92,0.0,0.0,-0.20365048207901554,21513152.460000027,148586719.46242496
2011-08-05,57.2319,155674068.0,-231500.0,8909521777.43,-13249184.850000001,-0.001487081482146823,-0.25170194874778706,-19203206.569999974,148943448.71992496
2011-08-08,54.3601,156874068.0,1200000.0,8527686637.35,65232120.0,0.007649450873850478,0.044437566235444405,-8454295.369999977,152039149.21992496
2011-08-09,54.303,156782068.0,-92000.0,8513742053.23,-4995876.0,-0.0005868014286508283,-0.22203726568578785,-5960375.369999977,151525967.41992494
2011-08-10,51.5164,157714368.0,932300.0,8124880526.48,48028739.72,0.0059113164265577,-0.011462191783370056,19003159.774000026,150273280.86967495
2011-08-11,53.2068,160324368.0,2610000.0,8530344230.7,138869748.0,0.01627950106634845,0.3219988458321615,46777109.37400003,143480504.75367495
2011-08-12,55.0426,162614368.0,2290000.0,8950710788.66,126047554.0,0.014082407193816886,0.24659810953357938,74636457.14400002,142891239.25367495
2011-08-15,55.2667,163164368.0,550000.0,9017556018.31,30396685.0,0.0033708340639392793,-0.10374283205679348,67669370.14400002,131152080.07867496
2011-08-16,55.0156,165314368.0,2150000.0,9094871261.12,118283540.0,0.013005521090293454,0.20220168090106788,92325253.34400003,119044407.77867496
2011-08-17,54.5937,165314368.0,0.0,9025118521.59,0.0,0.0,-0.22315324913496004,82719505.40000002,116622106.96849994
2011-08-18,51.4172,166304258.0,989890.0,8550899923.5,50897372.108,0.005952282515682515,-0.029007929672281753,65125030.22160003,92236304.32389995
2011-08-19,50.2901,168104258.0,1800000.0,8453986662.59,90522180.0,0.010707632222862678,0.12467630823655164,58019955.42160003,83717659.32389995
2011-08-22,50.2325,168801088.0,696830.0,8479297330.87,35003512.975,0.004128114820029379,-0.08504472809657028,58941321.01660003,74082978.46264996
2011-08-23,50.7699,173511088.0,4710000.0,8809146824.5,239126229.0,0.027145220049567355,0.6746937044020601,83109858.81660002,69176539.91264996
2011-08-24,52.1343,173461088.0,-50000.0,9043268891.12,-2606715.0,-0.0002882491974290019,-0.21696811408595543,82588515.81660002,60892310.16264995
2011-08-25,51.2439,173986338.0,525250.0,8915743804.74,26915858.474999998,0.003018913403578325,-0.10216714565713492,77792213.09000003,52801876.28639995
2011-08-26,50.8156,175986338.0,2000000.0,8942850610.43,101631200.0,0.011364519483470746,0.17855811152936968,80014017.09000003,48366805.77139995
2011-08-29,52.0316,178934938.0,2948600.0,9310276030.76,153420375.76,0.016478606569033834,0.35155625359546233,103697389.64700003,55463446.35939995
2011-08-30,51.7914,180569938.0,1635000.0,9351974592.23,84678939.0,0.009054658795839192,0.11185440256422705,72807931.64700003,60570667.10939995
2011-08-31,53.0844,183609938.0,3040000.0,9746828788.53,161376576.0,0.016556828841592746,0.3615345936214187,105604589.84700003,72478942.70939995
2011-09-01,52.5867,183409938.0,-200000.0,9644925090.56,-10517340.0,-0.0010904532592268528,-0.22448357368202973,98117950.15200002,71953075.70939995
2011-09-02,50.8219,183409938.0,0.0,9321243176.52,0.0,0.0,-0.18825647962723266,77791710.15200002,72615534.95189996
2011-09-05,48.1404,184592379.0,1182441.0,8886356889.73,56923182.7164,0.006405682713709862,0.026727315450570242,58492271.54328003,72200088.08771995
2011-09-06,47.6612,184617779.0,25400.0,8799111821.09,1210594.48,0.00013758144056067196,-0.18181780388405033,41798602.63928002,72510411.61171995
2011-09-07,49.6021,186652779.0,2035000.0,9258369457.77,100940273.5,0.010902597261906287,0.17462562606207507,29711342.13928002,75155988.30071995
2011-09-08,49.6288,186517779.0,-135000.0,9256657421.94,-6699888.0,-0.0007237912882159837,-0.2082009494784595,30474832.53928002,67877506.50071995
2011-09-09,47.6236,187067779.0,550000.0,8908843987.46,26192980.0,0.0029401098545298334,-0.08699616810687666,35713428.53928002,62884777.800719954
2011-09-12,46.544,187067779.0,0.0,8706883065.23,0.0,0.0,-0.18442652284234465,24328791.996000025,61364943.550719954
2011-09-13,47.4066,187032779.0,-35000.0,8866580974.06,-1659231.0,-0.00018713312435246837,-0.1918826350101663,23754826.900000025,55367805.00071995
2011-09-14,49.0012,186634670.0,-398109.0,9145323260.11,-19507818.7308,-0.0021330923113334933,-0.2560086814485464,-334791.546159976,54392414.06417996
2011-09-15,50.5429,186351670.0,-283000.0,9418750798.73,-14303640.700000001,-0.0015186345838907498,-0.23441255152349155,-1855542.0861599762,51132363.42377995
2011-09-16,51.1415,185051670.0,-1300000.0,9463817014.91,-66483950.0,-0.007025067147352517,-0.4174315263969202,-20390928.086159974,43282056.92377995
2011-09-19,49.6949,185051670.0,0.0,9196126601.08,0.0,0.0,-0.18376131622224753,-20390928.086159974,41531881.27502995
2011-09-20,51.1239,184751670.0,-300000.0,9445219628.03,-15337170.0,-0.0016238023681826115,-0.23629168234660713,-23126515.886159975,28808711.32502995
2011-09-21,49.8586,184751670.0,0.0,9211461383.03,0.0,0.0,-0.180625758228886,-19224952.139999975,28939047.07502995
2011-09-22,47.3849,184831670.0,80000.0,8758235693.45,3790792.0,0.00043282598604134505,-0.166201113135016,-15606065.599999975,27782793.75127995
2011-09-23,47.6816,184551670.0,-280000.0,8799715341.71,-13350848.0,-0.001517190895564311,-0.2305993657152416,-4979445.199999976,22033691.35127995
2011-09-26,49.048,184851670.0,300000.0,9066611845.93,14714400.0,0.0016229215775466655,-0.12016668825848022,-2036565.1999999762,15098392.563279951
2011-09-27,51.6432,185019406.0,167736.0,9554992866.5,8662423.7952,0.0009065861080410258,-0.1413772421448197,2763353.559040024,11297566.803039953
2011-09-28,51.1841,186024506.0,1005100.0,9521497163.48,51445138.910000004,0.005403051434738588,0.010778485106592368,13052381.341040025,5800994.948539953
2011-09-29,51.745,186024506.0,0.0,9625836538.69,0.0,0.0,-0.16282060554949776,12294222.941040024,6326861.948539953
2011-09-30,50.4827,186274506.0,250000.0,9403642085.15,12620675.0,0.001342104993546092,-0.1051243326424421,17488527.541040026,6957895.698539953
2011-10-03,49.3323,185974506.0,-300000.0,9174546714.99,-14799689.999999998,-0.001613124927013479,-0.1968892762453155,11585709.541040024,3371752.0627199532
2011-10-04,47.8642,185974506.0,0.0,8901521477.45,0.0,0.0,-0.16809359833540855,9853224.782000024,3311222.338719953
2011-10-05,50.2157,185974506.0,0.0,9338849000.75,0.0,0.0,-0.1661712500579627,-435802.9999999758,-1735791.3362800472
2011-10-06,51.7956,185974506.0,0.0,9632662197.16,0.0,0.0,-0.163295091589703,-435802.9999999758,-1400796.936280047
2011-10-07,52.0748,185974506.0,0.0,9684576146.74,0.0,0.0,-0.15331529402908664,-2959937.999999976,-2710445.936280047
2011-10-10,53.648,184444506.0,-1530000.0,9895076110.27,-82081440.0,-0.008295180257866687,-0.430714355234466,-16416287.999999976,-6814517.9362800475
2011-10-11,53.8103,184471506.0,27000.0,9926464158.42,1452878.0999999999,0.00014636411080652662,-0.18427977598499948,-16125712.379999977,-6658912.481280047
2011-10-12,54.9977,185091506.0,620000.0,10179610522.78,34098574.0,0.003349693382049734,-0.060428961861461336,-9305997.579999976,-3978592.8447400467
2011-10-13,54.2669,188571506.0,3480000.0,10233199043.76,188848812.0,0.01845452347720689,0.5679953910359805,28463764.820000023,6179029.790259953
2011-10-14,54.7471,188821506.0,250000.0,10337422362.24,13686775.0,0.0013240026885226574,-0.26353735146147556,31201119.820000023,10187566.040259954
2011-10-17,53.7577,188346506.0,-475000.0,10125082947.49,-25534907.5,-0.0025219455121925777,-0.4485991640865168,42510426.32000002,8910820.665259954
2011-10-18,53.9225,188346506.0,0.0,10156111875.4,0.0,0.0,-0.3107690468226537,42219850.700000025,9677679.165259954
2011-10-19,54.2536,187846506.0,-500000.0,10191352284.14,-27126800.0,-0.002661746865743745,-0.4581229419253782,29974775.900000025,8321339.165259953
2011-10-20,52.904,187846506.0,0.0,9937830518.33,0.0,0.0,-0.28776277798576483,-7794986.499999976,8131799.565259953
2011-10-21,54.7795,187696506.0,-150000.0,10281925998.06,-8216925.0,-0.0007991620443047708,-0.3361210724133653,-12175726.499999976,8388495.7152599525
2011-10-24,55.5523,188146506.0,450000.0,10451976022.74,24998535.0,0.0023917520424474336,-0.08555977879757735,-2069037.9999999763,8902702.465259952
2011-10-25,55.4739,188536506.0,390000.0,10458854652.54,21634821.0,0.0020685650311380744,-0.15567238579444084,2257926.200000024,9551322.325499954
2011-10-26,55.1922,188936506.0,400000.0,10427826268.1,22076880.0,0.002117112371495475,-0.16432065898261045,12098662.200000023,8082909.379999953
2011-10-27,58.1438,189242506.0,306000.0,11003283629.94,17792002.8,0.0016169721147229045,-0.19489107200058742,15657062.760000024,8972509.519999955
2011-10-28,58.2202,190942506.0,1700000.0,11116714121.75,98974340.0,0.008903200974319864,0.4170571302954131,37095315.76000003,13290192.769999955
2011-10-31,56.3402,190942506.0,0.0,10757744671.17,0.0,0.0,-0.34164045414694105,32095608.760000028,14030177.269999955
2011-11-01,53.5253,191692506.0,750000.0,10260398112.33,40143975.0,0.003912516313744071,-0.0369628335131023,35797439.560000025,16037376.019999955
2011-11-02,54.7279,191692506.0,0.0,10490921648.95,0.0,0.0,-0.3798681119346725,31382063.560000025,16037376.019999955
2011-11-03,56.2647,191842506.0,150000.0,10793960327.05,8439705.0,0.0007818914230071643,-0.3115070654095386,29511604.000000022,16459361.269999955
2011-11-04,54.7323,191922506.0,80000.0,10504362715.28,4378584.0,0.00041683480651622624,-0.34312383376899336,10592452.800000023,16678290.469999954
2011-11-07,54.3879,191677506.0,-245000.0,10424933138.65,-13325035.5,-0.001278189061049993,-0.48811043163961526,7927445.7000000235,20116110.694999956
2011-11-08,54.6881,191487506.0,-190000.0,10472086751.91,-10390739.0,-0.0009922319444216634,-0.4622081854150944,-2179497.0999999763,19523929.83999995
2011-11-09,53.4781,192313506.0,826000.0,10284563004.8,44172910.6,0.004295069278041631,0.004454067510080213,6655085.020000024,20027646.66999995
2011-11-10,53.8289,192563506.0,250000.0,10365473460.6,13457225.0,0.0012982740297538744,-0.2478358252692809,7658589.020000024,11258067.319999952
2011-11-11,55.5643,192613506.0,50000.0,10702431937.99,2778215.0,0.0002595872616707124,-0.33251412029987326,7338515.220000024,10712639.319999952
2011-11-14,54.9031,192713506.0,100000.0,10580568749.81,5490310.0,0.0005189049974367959,-0.36952697581738453,11101584.320000025,12263900.194999952
2011-11-15,54.427,194113506.0,1400000.0,10565014767.85,76197800.0,0.00721227576812052,0.2616113645180847,28419292.120000023,16073790.194999952
2011-11-16,54.2453,194683506.0,570000.0,10560671874.64,30919821.0,0.0029278270707614445,-0.14952563269692953,25768674.200000025,18976121.244999953
2011-11-17,53.6655,194433506.0,-250000.0,10434379599.01,-13416375.0,-0.0012857855968047135,-0.5497603713422579,20393954.200000025,18305302.494999953
2011-11-18,53.2073,195233506.0,800000.0,10387854520.43,42565840.0,0.004097654613499343,-0.039080858826658814,28351479.200000025,20844440.744999953
2011-11-21,51.425,195783506.0,550000.0,10068170295.15,28283750.0,0.002809224434118356,-0.1595726287149003,32910167.200000025,21008701.494999953
2011-11-22,50.7955,195608506.0,-175000.0,9936031418.79,-8889212.5,-0.0008946441617716341,-0.5121912610411162,15892764.700000023,19482499.819999952
2011-11-23,50.0645,196083506.0,475000.0,9816819804.35,23780637.5,0.0024224380169902268,-0.19310139709624027,14464928.000000024,19567687.694999952
2011-11-24,49.7922,196228506.0,145000.0,9770658737.61,7219869.0,0.0007389336987288997,-0.3520698718096609,18592176.800000023,19039081.004999954
2011-11-25,50.386,196228506.0,0.0,9887164808.21,0.0,0.0,-0.4225358861109643,10079008.800000023,14090364.004999954
2011-11-28,52.7011,196942506.0,714000.0,10379085923.38,37628585.4,0.00362542382612303,-0.09859217596831159,11947975.880000023,15971793.274999952
2011-11-29,53.2016,196942506.0,0.0,10477654246.72,0.0,0.0,-0.4521953510021794,13725818.380000025,13964594.524999952
2011-11-30,55.8515,197625506.0,683000.0,11037686777.83,38146574.5,0.003456029806591376,-0.11846294312018193,16599005.780000025,15871923.249999952
2011-12-01,55.3655,196825506.0,-800000.0,10897352256.53,-44292400.0,-0.004064510255090519,-0.848891322042547,6296551.980000024,13235317.999999952
2011-12-02,55.7763,196125506.0,-700000.0,10939147512.74,-39043410.0,-0.0035691455805426414,-0.7926394193256387,-1512130.0199999765,11064218.299999952
2011-12-05,56.0086,195986959.0,-138547.0,10976954023.5,-7759823.5042,-0.0007069195596143876,-0.5129842871810553,-10589811.800839975,11342478.899789952
2011-12-06,55.2996,195986959.0,0.0,10838009611.54,0.0,0.0,-0.44415831384009846,-10589811.800839975,11862015.849789953
2011-12-07,54.9867,195986959.0,0.0,10776680898.15,0.0,0.0,-0.4437297486540227,-18219126.700839974,9653370.319789952
2011-12-08,53.8821,196036959.0,50000.0,10562876749.73,2694105.0,0.000255054097840237,-0.41914602296964154,-8821825.700839976,9115214.319789952
2011-12-09,54.9105,196411959.0,375000.0,10785076931.24,20591437.5,0.0019092527231173424,-0.2649707388622173,3105143.7991600237,10005875.444789952
2011-12-12,53.0636,196926959.0,515000.0,10449652697.99,27327754.0,0.002615182991225777,-0.20468708611920103,10122659.300000023,11097747.644789953
2011-12-13,52.9609,197439109.0,512150.0,10456559991.86,27123924.935000002,0.002593962541802931,-0.2106073711504783,15547444.287000025,8644053.891539952
2011-12-14,52.0517,197439109.0,0.0,10277047885.86,0.0,0.0,-0.46859985553919603,15547444.287000025,7098062.841539952
2011-12-15,52.5603,197060739.0,-378370.0,10357572113.72,-19887240.711,-0.0019200678008948324,-0.6555496157683309,11031175.144800026,6774519.555989953
2011-12-16,52.2956,197060739.0,0.0,10305405491.2,0.0,0.0,-0.46660710846579906,6912887.644800025,4646227.555989953
2011-12-19,52.01,196810739.0,-250000.0,10236134506.43,-13002500.0,-0.0012702548986467754,-0.5889606200313265,-1153163.1551999755,2581915.0559899523
2011-12-20,53.6267,197080739.0,270000.0,10568798421.63,14479209.0,0.0013699957575467607,-0.33067293763987987,-3682106.342199976,3750336.1309899525
2011-12-21,53.1171,197500739.0,420000.0,10490663538.6,22309182.0,0.0021265749223501646,-0.25425466002899805,779730.057800024,3676763.3559899526
2011-12-22,53.673,198050739.0,550000.0,10629979442.1,29520150.0,0.002777065577670408,-0.19271513735423773,10661208.200000023,4791777.405989952
2011-12-23,53.9181,198550739.0,500000.0,10705486711.04,26959050.0,0.0025182460851778518,-0.2229229323692233,16053018.200000023,6139729.905989952
2011-12-27,54.0166,199150739.0,600000.0,10757446053.2,32409959.999999996,0.003012793170397453,-0.17637771474855193,25135510.200000025,5878798.635989952
2011-12-28,52.9297,199425739.0,275000.0,10555547322.23,14555667.5,0.001378959049271253,-0.33819296668723753,25150801.900000025,6606582.010989952
2011-12-29,53.6403,199425739.0,0.0,10697255513.58,0.0,0.0,-0.4662936039675366,20688965.500000022,4699253.285989952
2011-12-30,54.0946,199425739.0,0.0,10787864662.48,0.0,0.0,-0.45490927312530055,14784935.500000024,6913873.285989952
2012-01-02,55.7188,199425739.0,0.0,11111762944.54,0.0,0.0,-0.4429406827954181,9393125.500000024,8866043.785989951
2012-01-03,56.5535,199425739.0,0.0,11278232784.81,0.0,0.0,-0.43063609324220725,2911133.5000000237,9254034.961199952
2012-01-04,56.0487,198725739.0,-700000.0,11138323160.55,-39234090.0,-0.0035224413436809156,-0.828813822612803,-7846817.999999976,7292330.461199952
2012-01-05,55.9058,199325739.0,600000.0,11143473274.73,33543480.0,0.0030101458650299263,-0.06822025666217432,-1138121.9999999763,8969504.461199952
2012-01-06,55.5564,198899039.0,-426700.0,11050121841.5,-23705915.88,-0.0021453080988636446,-0.7509088238168556,-5879305.175999976,7649503.4171999525
2012-01-09,55.1827,198899039.0,0.0,10975789510.05,0.0,0.0,-0.43316524292417247,-5879305.175999976,6619931.5421999525
2012-01-10,56.5189,198720798.0,-178241.0,11231486651.39,-10073985.254900001,-0.0008969413905374008,-0.5611931811484214,-7894102.2269799765,4749844.579454953
2012-01-11,56.4211,198895798.0,175000.0,11221925562.08,9873692.5,0.000879857244229474,-0.2658704199298815,1927454.273020024,3887332.9577049525
2012-01-12,56.6673,198895798.0,0.0,11270894917.3,0.0,0.0,-0.40760374401829436,-4781241.7269799765,3887332.9577049525
2012-01-13,56.3357,199520798.0,625000.0,11240150398.66,35209812.5,0.00313250368110711,0.19022493427068043,7001903.949020023,6642185.618254952
2012-01-16,57.0404,199170798.0,-350000.0,11360790811.99,-19964140.0,-0.0017572843590192824,-0.7263586108167811,3009075.9490200235,5643978.618254952
2012-01-17,58.0757,199170798.0,0.0,11566979314.1,0.0,0.0,-0.38033150030588075,5023873.000000024,6294103.618254952
2012-01-18,58.2739,198820798.0,-350000.0,11586064433.83,-20395865.0,-0.0017603790412598066,-0.7247851226680527,-1030038.4999999761,4550349.918254952
2012-01-19,58.8393,198220798.0,-600000.0,11663177036.12,-35303580.0,-0.003026926530452844,-0.9930367153474916,-8090754.499999976,1669711.818254952
2012-01-20,58.7302,197370798.0,-850000.0,11591619394.99,-49920670.0,-0.004306617418923895,-1.2322206212328077,-25116850.999999978,-2302329.1817450477
2012-01-23,59.025,196770798.0,-600000.0,11614394809.95,-35415000.0,-0.0030492333504678285,-0.979937830500152,-28207022.999999978,-5421031.681745048
2012-01-24,58.8647,196720798.0,-50000.0,11579903205.71,-2943235.0,-0.0002541674958516669,-0.419666273345629,-28795669.999999978,-7188691.431745048
2012-01-25,58.8885,196720798.0,0.0,11584583792.38,0.0,0.0,-0.3706078863572356,-24716496.999999978,-7916474.806745048
2012-01-26,59.9703,196235798.0,-485000.0,11768313939.59,-29085595.5,-0.002471517640445724,-0.8446633340629588,-23472900.099999975,-9370754.581745047
2012-01-27,59.7144,196010798.0,-225000.0,11704672432.95,-13435740.0,-0.0011478954303904179,-0.574098953850906,-16175914.099999975,-10042541.581745047
2012-01-30,59.0945,196000798.0,-10000.0,11582566853.59,-590945.0,-5.102021058629482e-05,-0.3349921890883337,-9211103.099999975,-10072088.831745047
2012-01-31,59.2269,196150798.0,150000.0,11617396621.73,8884035.0,0.0007647182315685661,-0.15914395684429855,-6845649.099999976,-9627887.081745047
2012-02-01,60.6729,196150798.0,0.0,11901030087.8,0.0,0.0,-0.30459436558462016,-6845649.099999976,-7666182.581745048
2012-02-02,61.0302,195900798.0,-250000.0,11955865958.75,-15257550.0,-0.0012761559934379855,-0.5767142204003157,-4080039.9999999763,-10106234.081745047
2012-02-03,62.0481,195900798.0,0.0,12155264118.2,0.0,0.0,-0.2924023547090785,-1392891.9999999763,-8920938.287745047
2012-02-06,62.0304,195900798.0,0.0,12151813111.83,0.0,0.0,-0.27788519983088505,-1274702.9999999763,-8920938.287745047
2012-02-07,61.9328,195771798.0,-129000.0,12124697900.95,-7989331.2,-0.0006589303309053182,-0.41437043292267056,-4649376.239999976,-8816705.585000047
2012-02-08,61.8827,195755798.0,-16000.0,12113895801.03,-990123.2,-8.173449865036922e-05,-0.2788910068356814,-4847400.879999976,-9359896.370000048
2012-02-09,62.2495,195755798.0,0.0,12185697536.11,0.0,0.0,-0.258433233135416,-1795890.8799999761,-9359896.370000048
2012-02-10,61.3706,195755798.0,0.0,12013648988.54,0.0,0.0,-0.252152817319309,-1795890.8799999761,-11120386.995000048
2012-02-13,61.7871,195755798.0,0.0,12095179684.73,0.0,0.0,-0.234901827021196,-1795890.8799999761,-10122179.995000048
2012-02-14,61.6926,195755798.0,0.0,12076680079.64,0.0,0.0,-0.2145968067444477,-198024.63999997615,-10122179.995000048
2012-02-15,61.965,195755798.0,0.0,12130016389.5,0.0,0.0,-0.1976500677361843,0.0,-9102386.745000048
2012-02-16,61.91,195755798.0,0.0,12119232807.03,0.0,0.0,-0.17393276534263344,0.0,-7337207.745000048
2012-02-17,62.7905,195280798.0,-475000.0,12261785492.43,-29825487.5,-0.002432393513849449,-0.967272585149652,-5965097.499999976,-6332448.620000048
2012-02-20,63.7086,194880798.0,-400000.0,12415585765.67,-25483440.0,-0.0020525362621603865,-0.8347508439061961,-11061785.499999976,-5835870.620000048
2012-02-21,63.341,194880798.0,0.0,12343935309.26,0.0,0.0,-0.1486105524145322,-11061785.499999976,-5688708.870000048
2012-02-22,62.7505,195105798.0,225000.0,12242995973.26,14118862.5,0.0011532195657694483,0.23162276169449625,-8238012.999999976,-4982765.745000048
2012-02-23,62.4348,195035798.0,-70000.0,12177029981.46,-4370436.0,-0.00035890820722739113,-0.2525952591718878,-9112100.199999977,-3747007.770000048
2012-02-24,62.9386,194584291.0,-451507.0,12246856308.73,-28417218.470200002,-0.002320368407518849,-0.9323347025201976,-8830446.394039977,-4496081.693510048
2012-02-27,62.8018,194584291.0,0.0,12220247443.91,0.0,0.0,-0.11362917657817255,-3733758.3940399764,-4466534.443510048
2012-02-28,63.1502,194184291.0,-400000.0,12262784779.22,-25260080.0,-0.0020598975236689036,-0.8272702198206979,-8785774.394039977,-6173740.193510048
2012-02-29,62.8607,194184291.0,0.0,12206553514.15,0.0,0.0,-0.10785906665299508,-11609546.894039977,-6173740.193510048
2012-03-01,63.6461,193659291.0,-525000.0,12325667043.32,-33414202.5,-0.0027109447612499895,-1.0520625485271398,-17418300.194039978,-7081572.818510048
2012-03-02,63.4588,193659291.0,0.0,12289394706.26,0.0,0.0,-0.11060482056041519,-11734856.499999976,-7081572.818510048
2012-03-05,62.9546,193659291.0,0.0,12191736172.18,0.0,0.0,-0.134876267205816,-11734856.499999976,-7081572.818510048
2012-03-06,60.8149,193709291.0,50000.0,11780415673.03,3040745.0,0.0002581186508521478,-0.04280426327641528,-6074691.499999976,-6530069.008510048
2012-03-07,61.1631,193709291.0,0.0,11847855130.53,0.0,0.0,-0.14082495331537337,-6074691.499999976,-6480562.848510047
2012-03-08,62.661,193909291.0,200000.0,12150547934.33,12532200.0,0.0010314102761235719,0.2278691952589303,3114589.0000000237,-5853952.848510047
2012-03-09,63.0793,193699291.0,-210000.0,12218421496.63,-13246653.0,-0.0010841542013961133,-0.5295021731830776,465258.40000002383,-6516285.498510048
2012-03-12,63.2724,194199291.0,500000.0,12287454973.6,31636200.0,0.0025746747449306153,0.7750520245729533,6792498.400000024,-4934475.498510048
2012-03-13,64.1389,194199291.0,0.0,12455738359.16,0.0,0.0,-0.1466103052614328,6184349.400000024,-4934475.498510048
2012-03-14,64.9042,194199291.0,0.0,12604349974.75,0.0,0.0,-0.14389707160344503,6184349.400000024,-4934475.498510048
2012-03-15,65.5001,194199291.0,0.0,12720072235.05,0.0,0.0,-0.1294677578225053,3677909.4000000237,-4934475.498510048
2012-03-16,65.6224,194279291.0,80000.0,12749072062.88,5249792.0,0.0004117783611314908,0.019630987532591387,7377198.400000024,-3180711.5235100472
2012-03-19,65.5884,194349291.0,70000.0,12747059691.38,4591187.999999999,0.00036017623759185177,0.0037784810399312356,1968196.0000000237,-1676980.1235100478
2012-03-20,64.678,194599291.0,250000.0,12586300761.95,16169500.0,0.0012846904190373766,0.3332972025122153,5202096.000000024,-868505.1235100478
2012-03-21,64.828,195759291.0,1160000.0,12690676023.51,75200480.0,0.0059256480790060365,1.9801255789046446,20242192.000000022,2185575.751489952
2012-03-22,64.0021,196481111.0,721820.0,12575195465.67,46197995.822,0.0036737397798801206,1.1522829025629509,29481791.164400022,4713997.342589952
2012-03-23,64.1335,196821111.0,340000.0,12622817881.82,21805390.0,0.0017274581796355621,0.45026234385036656,32792910.764400024,7225127.766099952
2012-03-26,64.8991,196821111.0,0.0,12773516982.56,0.0,0.0,-0.16749519335700847,31874673.164400022,7225127.766099952
2012-03-27,64.8952,197911111.0,1090000.0,12843485233.55,70735768.0,0.00550752126184742,1.8133123572812928,42787926.76440002,12024920.166099953
2012-03-28,64.1607,198161111.0,250000.0,12714155569.93,16040175.000000002,0.0012615997115794544,0.2462904488029434,30955865.764400024,12826928.916099953
2012-03-29,63.0269,198775111.0,614000.0,12528187135.7,38698516.6,0.003088915912640361,0.9206207519302503,29455969.920000024,16432564.871099954
2012-03-30,63.6838,198975111.0,200000.0,12671488949.61,12736760.0,0.0010051510166366052,0.2593463198967474,27642243.920000024,17069402.871099956
2012-04-02,64.6897,199055111.0,80000.0,12876818988.07,5175176.0,0.0004018986369843865,-0.016460930722063102,28677279.120000023,17328161.671099953
2012-04-03,64.0077,199505111.0,450000.0,12769870680.38,28803465.0,0.0022555800071064527,0.8283223459233484,20290818.520000022,18616297.671099953
2012-04-04,62.1904,200055111.0,550000.0,12441501818.88,34204720.0,0.002749243660286597,1.0429697601369639,23923727.520000022,20326533.671099953
2012-04-05,62.1095,200455111.0,400000.0,12450170723.53,24843800.0,0.001995458580583707,0.6803213524685705,21152784.200000025,20942113.671099953
2012-04-10,60.5605,200070111.0,-385000.0,12116348894.96,-23315792.5,-0.0019243249515288059,-1.1371121248348388,13942273.700000023,20438656.696099956
2012-04-11,61.1863,199343111.0,-727000.0,12197062591.36,-44482440.1,-0.00364697973522821,-1.8998657407993098,4010750.4800000237,16632724.691099953
2012-04-12,61.814,199623111.0,280000.0,12339508194.18,17307920.0,0.0014026426116531435,0.4187871902361026,1711641.4800000235,17498120.691099953
2012-04-13,60.3533,200493111.0,870000.0,12100417290.51,52507371.0,0.00433930250002039,1.7402028932830194,5372171.680000024,20123489.241099954
2012-04-16,60.731,200493111.0,0.0,12176140938.29,0.0,0.0,-0.22413954164715347,403411.68000002357,20123489.241099954
2012-04-17,62.3422,200563111.0,70000.0,12503547804.72,4363954.0,0.0003490172603932972,-0.060465320757045124,5939360.980000024,20079197.341099955
2012-04-18,61.7098,198663111.0,-1900000.0,12259452629.93,-117248620.0,-0.009563935971639664,-4.406006884836818,-8613874.999999976,13987206.941099953
2012-04-19,61.1515,198263111.0,-400000.0,12124092188.45,-24460600.0,-0.0020175201260266198,-1.0325560095596613,-16967578.999999978,11955701.941099953
2012-04-20,61.8744,198263111.0,0.0,12267412429.08,0.0,0.0,-0.12478027652144334,-27469053.199999977,8195677.941099952
2012-04-23,59.7919,197548111.0,-715000.0,11811786730.55,-42751208.5,-0.003619368472800842,-1.7122271781367358,-36019294.899999976,3748217.724999952
2012-04-24,60.4096,173543111.0,-24005000.0,10483662389.21,-1450132448.0,-0.13832307777218256,-10.694079880804034,-326918575.3,-69848674.17500004
2012-04-25,61.455,156163111.0,-17380000.0,9597003974.13,-1068087900.0,-0.11129388951793424,-6.703285301779043,-517086431.3,-123253069.17500004
2012-04-26,61.7792,156163111.0,0.0,9647631785.65,0.0,0.0,0.11215049864807546,-512194311.3,-126789857.57500005
2012-04-27,62.3418,139978985.0,-16184126.0,8726548571.5,-1008947546.2668,-0.11561816656380253,-5.8304212209111,-713983820.55336,-178039243.63834006
2012-04-30,61.9732,135877564.0,-4101421.0,8420771367.74,-254178183.9172,-0.030184667510503537,-1.3901850696953157,-756269215.6368,-192683078.66420004
2012-05-02,60.8379,135877564.0,0.0,8266508626.19,0.0,0.0,0.15819165300399626,-466242726.0368,-193319916.66420004
2012-05-03,60.6897,180727564.0,44850000.0,10968297339.34,2721933045.0,0.2481636812704959,8.277155833273016,291761462.9632,-57482023.21420004
2012-05-04,59.4839,181177564.0,450000.0,10777153700.91,26767755.0,0.0024837499531754647,0.11579562005094553,297115013.9632,-57583808.71420004
2012-05-07,59.5558,182813006.0,1635442.0,10887581052.4,97400056.6636,0.008945977641390752,0.3299152103794215,518384534.54928,-54424041.88102005
2012-05-08,58.4248,183365006.0,552000.0,10713067007.85,32250489.599999998,0.003010388115407889,0.13276578661441443,575670269.25272,-54053707.401020035
2012-05-09,58.7017,183565006.0,200000.0,10775576259.35,11740340.0,0.0010895324498133333,0.06831395884280217,578018337.25272,-52300900.77602005
2012-05-10,59.0884,184315006.0,750000.0,10890884723.95,44316300.0,0.00406911845302564,0.16727454835357303,42494988.25272,-47860963.77102005
2012-05-11,59.6497,184145006.0,-170000.0,10984186060.43,-10140449.0,-0.0009231862009812887,0.002512307636210628,35113347.45272,-49233382.22102005
2012-05-14,58.4889,184195006.0,50000.0,10773366650.02,2924445.0,0.00027145135731499224,0.04186603628443301,16218225.12,-51712528.52102005
2012-05-15,58.0272,184395006.0,200000.0,10699921903.85,11605440.0,0.0010846284771316116,0.06924602167462203,12089215.2,-51132256.52102005
2012-05-16,57.8747,197805006.0,13410000.0,11447899532.88,776099727.0,0.06779407215890837,2.2185900043787097,164961092.6,-12545467.871020049
2012-05-17,57.1918,197915006.0,110000.0,11319121629.2,6291098.0,0.000555793833310424,0.032273968644909695,157356052.2,-6368481.9710200485
2012-05-18,56.8495,197915006.0,0.0,11251367694.72,0.0,0.0,0.015186521455053137,159384142.0,-5145451.9710200485
2012-05-21,57.3911,197915006.0,0.0,11358554275.59,0.0,0.0,0.015186521455053137,158799253.0,-5145451.9710200485
2012-05-22,58.3387,197515006.0,-400000.0,11522767134.17,-23335480.0,-0.0020251628561337655,-0.04918125797520012,151811069.0,-4174665.5460200487
2012-05-23,56.98,197221853.0,-293153.0,11237707684.14,-16703857.94,-0.0014864115004143137,-0.032362517449573615,-6749647.988,67496763.95697995
2012-05-24,57.253,197081853.0,-140000.0,11283521862.9,-8015420.0,-0.000710365087903498,-0.00790088123861496,-9610951.588,120500387.95697995
2012-05-25,57.4703,197281853.0,200000.0,11337839340.98,11494060.0,0.0010137786975385468,0.0477031125859891,-7312139.5879999995,121075090.95697995
2012-05-28,57.3177,197181853.0,-100000.0,11302019730.62,-5731770.0,-0.0005071456373829538,-0.0016208636079341053,-8458493.588,171235879.77031994
2012-05-29,57.9851,197181853.0,0.0,11433601040.88,0.0,0.0,0.014871845770817176,-3791397.5879999995,183944788.96617994
2012-05-30,56.9331,197181853.0,0.0,11226168118.11,0.0,0.0,0.014940986670785458,-450626.0,183944788.96617994
2012-05-31,56.7841,196181853.0,-1000000.0,11140002129.42,-56784100.0,-0.005097315004100133,-0.14891819595438535,-10204362.0,45008931.716179945
2012-06-01,54.8433,196361853.0,180000.0,10769131883.67,9871794.0,0.0009166750028355863,0.047109412420340974,-10528815.2,44164133.66617994
2012-06-04,54.1895,196175853.0,-186000.0,10630667331.71,-10079247.0,-0.0009481292834679175,-0.012573899174144709,-11398310.6,38790168.48299994
2012-06-05,54.1092,195485853.0,-690000.0,10577583257.21,-37335348.0,-0.0035296671358791814,-0.0955679298068155,-18865380.2,35310876.60299995
2012-06-06,55.2382,194719359.0,-766494.0,10755953820.49,-42339748.870799996,-0.003936401139073611,-0.10824388879135269,-27333329.974159997,32606872.15945995
2012-06-07,55.6933,192719359.0,-2000000.0,10733183214.89,-111386600.0,-0.010377778685961018,-0.31476336647892816,-38253829.97416,24821727.15945995
2012-06-08,55.5716,192719359.0,0.0,10709723831.74,0.0,0.0,0.022220361285474985,-40228188.77416,25328749.609459948
2012-06-11,55.6636,192719359.0,0.0,10727455425.13,0.0,0.0,0.022591834261786205,-38212339.37416,25182527.359459948
2012-06-12,55.8464,192168359.0,-551000.0,10731912197.05,-30771366.400000002,-0.0028672771296487567,-0.0692583288855151,-36899543.05416,23063687.039459947
2012-06-13,55.7668,191617359.0,-551000.0,10685895809.22,-30727506.8,-0.0028755199703040064,-0.06799751207151011,-34577094.64,-17277674.650540054
2012-06-14,55.6408,191517359.0,-100000.0,10656184122.02,-5564080.0,-0.0005221456326474646,0.009327698073536011,-13412590.64,-17870433.550540052
2012-06-15,56.4636,191250000.0,-267359.0,10798658994.6,-15096051.6324,-0.0013979561388084356,-0.017949910510189074,-16431800.966480002,-18625236.132160053
2012-06-18,56.633,191400000.0,150000.0,10839563084.94,8494950.0,0.0007836985617808249,0.05313893026183768,-14732810.966480002,-18200488.632160053
2012-06-19,57.6766,199500000.0,8100000.0,11506477933.18,467180460.0,0.04060151705091631,1.3266548512582834,84857554.31352,6325308.367839947
2012-06-20,57.937,200150000.0,650000.0,11596095342.89,37659050.0,0.0032475629844739224,0.1204465045328118,98534865.67352,9043453.764839947
2012-06-21,57.4927,200200000.0,50000.0,11510033059.45,2874635.0,0.00024975036866986745,0.02365250438912493,100222608.67352,9587956.514839947
2012-06-22,56.7685,200350000.0,150000.0,11373563790.1,8515275.0,0.0007486901341699101,0.039549642359701404,104944874.0,9439017.264839947
2012-06-25,55.5813,200350000.0,0.0,11135710114.36,0.0,0.0,0.014446190272295165,103245884.0,9725605.764839947
2012-06-26,55.62,200500000.0,150000.0,11151809588.69,8343000.0,0.0007481297034035934,0.039196037993955324,11478392.0,10142755.764839947
2012-06-27,56.4563,200100000.0,-400000.0,11296911262.24,-22582520.0,-0.0019989995031192485,-0.04948875435733677,-569922.0,9013629.764839947
2012-06-28,55.7394,200100000.0,0.0,11153445762.55,0.0,0.0,0.015015809207954969,-1144849.0,11852834.764839947
2012-06-29,58.1533,199900000.0,-200000.0,11624853937.54,-11630660.0,-0.0010004994525084955,-0.01724087667513433,-5174036.0,10777712.064839948
2012-07-02,58.8758,198900000.0,-1000000.0,11710397068.34,-58875800.0,-0.005027651893988758,-0.14559021972879813,-16949196.0,8337884.414839948
2012-07-03,59.6199,198900000.0,0.0,11858403258.98,0.0,0.0,0.016630838285150433,-18617796.0,10204651.814839948
2012-07-04,59.4982,198900000.0,0.0,11834192068.54,0.0,0.0,0.017474113453919266,-14101292.0,12321639.258379947
2012-07-05,59.233,199000000.0,100000.0,11787359950.38,5923300.0,0.0005025128633497822,0.033081418577703116,-12916632.0,18187134.258379947
2012-07-06,58.0957,197700000.0,-1300000.0,11485520945.72,-75524410.0,-0.006575619021281194,-0.19351485138340327,-25695382.0,14410913.758379947
2012-07-09,57.8907,197400000.0,-300000.0,11427621058.75,-17367210.0,-0.0015197572540001337,-0.030464358321817746,-17393664.0,13542553.258379947
2012-07-10,58.3504,197450000.0,50000.0,11521293297.9,2917520.0,0.00025322851563303056,0.025855627068726274,-16810160.0,15226997.578379948
2012-07-11,58.4908,197100000.0,-350000.0,11528545614.97,-20471780.0,-0.0017757469748323734,-0.04028878467924397,-20904516.0,15739783.918379948
2012-07-12,58.178,199650000.0,2550000.0,11615241769.44,148353900.0,0.012772347140489398,0.42454204461222805,7581604.0,23435682.918379948
2012-07-13,59.426,199800000.0,150000.0,11873321913.52,8913900.0,0.0007507503009625179,0.036677746608097826,24469266.0,24636180.499999948
2012-07-16,59.5034,200000000.0,200000.0,11900678268.89,11900680.0,0.0010000001454631376,0.04444486551689976,30322844.0,24806466.999999948
2012-07-17,59.6111,200000000.0,0.0,11922222542.41,0.0,0.0,0.011539988957120053,29739340.0,1447443.9999999464
2012-07-18,60.5786,200100000.0,100000.0,12121770154.16,6057860.0,0.0004997504426299519,0.027210069892173776,35045268.0,-132615.50000005364
2012-07-19,61.2485,200100000.0,0.0,12255833656.61,0.0,0.0,0.011083584685916711,5374488.0,-276347.25000005367
2012-07-20,60.085,200300000.0,200000.0,12035029978.12,12017000.0,0.0009985018750968814,0.043214000275276006,5995108.0,-101261.00000005364
2012-07-23,58.1751,200300000.0,0.0,11652481503.83,0.0,0.0,0.01102074406390708,3614972.0,-101261.00000005364
2012-07-24,57.9128,199850000.0,-450000.0,11573876073.06,-26060760.0,-0.00225168818427739,-0.06131434476186605,-1597180.0,-1821449.0000000536
2012-07-25,58.058,199700000.0,-150000.0,11594181631.75,-8708700.0,-0.0007511267527629312,-0.012732678907273521,-4550492.0,-1127758.0000000536
2012-07-26,59.6566,199600000.0,-100000.0,11907454031.31,-5965660.0,-0.0005010021440614949,-0.004533765148890593,-5743624.0,-1426041.0000000536
2012-07-27,60.6209,199250000.0,-350000.0,12078722822.08,-21217315.0,-0.001756585966292279,-0.04471999219044891,-12390487.0,-1905373.7500000536
2012-07-30,61.3873,199250000.0,0.0,12231421300.4,0.0,0.0,0.011891989867388724,-12390487.0,1038416.2499999463
2012-07-31,61.3707,198950000.0,-300000.0,12209708506.9,-18411210.0,-0.0015079156058144536,-0.0363192634099591,-10860577.0,117855.74999994636
2012-08-01,61.2092,198850000.0,-100000.0,12171446876.69,-6120920.0,-0.0005028917319371788,-0.0037814287842369973,-10343021.0,-188190.25000005364
2012-08-02,59.8644,198850000.0,0.0,11904032174.79,0.0,0.0,0.012432187212820918,-9149889.0,-484355.25000005367
2012-08-03,62.2164,198850000.0,0.0,12371722313.72,0.0,0.0,0.012432187212820918,-4906426.0,3291865.2499999464
2012-08-06,62.6964,198350000.0,-500000.0,12435831802.84,-31348200.0,-0.0025207963968152847,-0.06816165900553807,-11176066.0,2592815.7499999464
2012-08-07,63.1423,198350000.0,0.0,12524278730.11,0.0,0.0,0.013109207846583634,-7493824.0,2446939.7499999464
2012-08-08,63.1257,198350000.0,0.0,12520982360.29,0.0,0.0,0.01245591857841516,-6269640.0,3470528.7499999464
2012-08-09,63.1149,197650000.0,-700000.0,12474666027.17,-44180430.0,-0.0035416122486785933,-0.10132495537549033,-15105726.0,-6156187.750000054
2012-08-10,62.9296,197650000.0,0.0,12438032396.43,0.0,0.0,0.012855590489372466,-15105726.0,-6601882.750000054
2012-08-13,62.6127,197300000.0,-350000.0,12353492098.7,-21914445.0,-0.0017739473846675412,-0.04354964268073302,-13218975.0,-8292639.000000054
2012-08-14,63.1988,197300000.0,0.0,12469132305.86,0.0,0.0,0.013545614312125963,-13218975.0,-8292639.000000054
2012-08-15,62.9486,197300000.0,0.0,12419762358.65,0.0,0.0,0.012922409525662877,-13218975.0,-8595532.000000054
2012-08-16,63.3968,197300000.0,0.0,12508179482.79,0.0,0.0,0.012922409525662877,-4382889.0,-8595532.000000054
2012-08-17,63.8005,198150000.0,850000.0,12642073030.73,54230425.0,0.004289678193455946,0.14950445432140422,6463196.0,-6484860.750000054
2012-08-20,63.7344,198150000.0,0.0,12628976572.94,0.0,0.0,0.011215550276209234,10846085.0,-6484860.750000054
2012-08-21,64.2384,198150000.0,0.0,12728830802.24,0.0,0.0,0.010487517122158889,10846085.0,-5181822.750000054
2012-08-22,63.5896,198150000.0,0.0,12600281819.38,0.0,0.0,0.010487517122158889,10846085.0,-4746387.750000054
2012-08-23,62.971,198150000.0,0.0,12477698075.25,0.0,0.0,0.010487517122158889,10846085.0,-4448104.750000054
2012-08-24,63.1655,198150000.0,0.0,12516250040.16,0.0,0.0,0.010556872336245823,0.0,-3387239.0000000536
2012-08-27,63.8568,198150000.0,0.0,12653231483.31,0.0,0.0,0.010556872336245823,0.0,-3387239.0000000536
2012-08-28,63.4509,198150000.0,0.0,12572801076.7,0.0,0.0,0.01083404689373679,0.0,-2466678.5000000536
2012-08-29,63.5221,198050000.0,-100000.0,12580555005.06,-6352210.0,-0.0005049228748211101,-0.005599612088890263,-1270442.0,-2478243.0000000536
2012-08-30,62.4792,198050000.0,0.0,12374002832.03,0.0,0.0,0.011370576704866553,-1270442.0,-2478243.0000000536
2012-08-31,63.1612,198050000.0,0.0,12509072367.46,0.0,0.0,0.011370576704866553,-1270442.0,-2478243.0000000536
2012-09-03,63.5595,197950000.0,-100000.0,12581594185.81,-6355950.0,-0.0005051784301840288,-0.004780606988722836,-2541632.0,-1228630.5000000536
2012-09-04,62.814,197500000.0,-450000.0,12405757250.26,-28266300.0,-0.0022784824360002364,-0.06133869527357215,-8194892.0,-2641945.5000000536
2012-09-05,63.1046,197500000.0,0.0,12463157779.51,0.0,0.0,0.01222892532954695,-6924450.0,-2641945.5000000536
2012-09-06,64.9402,197500000.0,0.0,12825690530.28,0.0,0.0,0.012325712908118966,-6924450.0,-432924.00000005367
2012-09-07,65.3672,197300000.0,-200000.0,12896951407.1,-13073440.0,-0.001013684520265994,-0.01973774122410236,-9539138.0,-1086596.0000000536
2012-09-10,65.3592,196900000.0,-400000.0,12869233951.54,-26143680.0,-0.0020314868855788814,-0.050422116862465303,-13496684.0,-1298057.7500000536
2012-09-11,66.2323,196500000.0,-400000.0,13014655826.95,-26492919.999999996,-0.002035622021224717,-0.0490244965972673,-13142008.0,-2622703.7500000536
2012-09-12,66.5349,196500000.0,0.0,13074104914.28,0.0,0.0,0.017083469075555763,-13142008.0,-2622703.7500000536
2012-09-13,66.2338,196200000.0,-300000.0,12995063230.33,-19870140.0,-0.0015290529678704313,-0.031814446471711534,-17116036.0,-3616210.7500000536
2012-09-14,67.1558,196200000.0,0.0,13175964571.52,0.0,0.0,0.018977405910153664,-14501348.0,-6327732.000000054
2012-09-17,67.0786,196200000.0,0.0,13160813220.22,0.0,0.0,0.019316753936181888,-9272612.0,-6327732.000000054
2012-09-18,66.5709,196300000.0,100000.0,13067870165.59,6657089.999999999,0.0005094242531984507,0.03644276399007322,-2642610.0,-5994877.500000054
2012-09-19,66.9608,196050000.0,-250000.0,13127671593.19,-16740200.000000002,-0.00127518424582498,-0.020507501201885173,-5990650.000000001,-6831887.500000054
2012-09-20,66.949,196050000.0,0.0,13125352481.53,0.0,0.0,0.02073238834752927,-2016622.0000000007,-6831887.500000054
2012-09-21,67.5116,196050000.0,0.0,13235654866.4,0.0,0.0,0.021339431096806465,-2016622.0000000007,-6831887.500000054
2012-09-24,67.1625,196050000.0,0.0,13167207411.0,0.0,0.0,0.022079532976932836,-2016622.0000000007,-6831887.500000054
2012-09-25,67.2705,195700000.0,-350000.0,13164838227.35,-23544675.0,-0.0017884515246899008,-0.03459676204826433,-8056975.0,-8009121.250000054
2012-09-26,65.924,195800000.0,100000.0,12907924175.82,6592400.000000001,0.0005107250329490882,0.03891833611973241,-3390455.0,-7361890.750000054
2012-09-27,66.0461,195800000.0,0.0,12931833935.52,0.0,0.0,0.021463106302579433,-3390455.0,-7361890.750000054
2012-09-28,65.3767,195350000.0,-450000.0,12771338307.99,-29419515.0,-0.0023035577235938206,-0.05185466584500207,-9274358.0,-8832866.500000054
2012-10-01,66.377,195350000.0,0.0,12966748728.99,0.0,0.0,0.023628796659586875,-9274358.0,-8515069.000000054
2012-10-02,66.1877,195350000.0,0.0,12929768004.86,0.0,0.0,0.023628796659586875,-4565423.0,-7101754.000000054
2012-10-03,66.3343,195350000.0,0.0,12958409258.69,0.0,0.0,0.023722702124573378,-5883903.0,-7101754.000000054
2012-10-04,66.1812,195350000.0,0.0,12928505010.99,0.0,0.0,0.021158490982003925,-5883903.0,-7101754.000000054
2012-10-05,67.0204,195450000.0,100000.0,13099139060.3,6702039.999999999,0.0005116397321341597,0.036991671103838074,1340407.9999999998,-6112980.000000054
2012-10-08,66.0533,195500000.0,50000.0,12913420997.0,3302664.9999999995,0.0002557544589282161,0.028664034761585917,2000940.9999999995,-4640662.750000054
2012-10-09,65.5396,195500000.0,0.0,12812994029.35,0.0,0.0,0.019436736196084617,2000940.9999999995,-3316016.7500000536
2012-10-10,65.2739,195550000.0,50000.0,12764320151.03,3263695.0,0.00025568890167147995,-0.010503867549709575,2653679.9999999995,-3152832.0000000536
2012-10-11,65.9664,195600000.0,50000.0,12903027892.11,3298319.9999999995,0.0002556237208490319,-0.04658808350414677,3313343.9999999995,-1994409.0000000536
2012-10-12,65.5204,195600000.0,0.0,12815788635.9,0.0,0.0,-0.05629716847174944,1972936.0,-1994409.0000000536
2012-10-15,65.7801,195600000.0,0.0,12866583932.89,0.0,0.0,-0.10181284158089707,1312403.0,-1994409.0000000536
2012-10-16,66.8216,195650000.0,50000.0,13073653272.39,3341080.0,0.00025555825371749484,-0.10253442681301875,1980619.0,-2160209.5000000536
2012-10-17,66.9869,195650000.0,0.0,13105995308.55,0.0,0.0,-0.11325685810759635,1327880.0,-1323199.5000000536
2012-10-18,67.3733,195800000.0,150000.0,13191693639.72,10105995.0,0.000766087757645538,0.016932385655491905,2689415.0,-817899.7500000538
2012-10-19,66.8604,195800000.0,0.0,13091270398.52,0.0,0.0,-0.08140320006837116,2689415.0,-817899.7500000538
2012-10-22,66.3826,195800000.0,0.0,12997715400.92,0.0,0.0,-0.07193522934745922,2689415.0,-817899.7500000538
2012-10-23,64.9841,195700000.0,-100000.0,12717397572.51,-6498410.0,-0.0005109858336148113,-0.13585542929972305,721517.0,34413.49999994626
2012-10-24,65.1574,194950000.0,-750000.0,12702432807.41,-48868050.0,-0.0038471409958171702,-0.5721819504757694,-9052093.0,-2738609.0000000536
2012-10-25,65.224,194350000.0,-600000.0,12676288877.07,-39134400.0,-0.0030872126991985634,-0.4636329191075079,-18900172.0,-4695329.000000054
2012-10-26,65.5102,194350000.0,0.0,12731898615.39,0.0,0.0,-0.05565504249859245,-18900172.0,-3224353.2500000536
2012-10-29,65.2495,194350000.0,0.0,12681235754.36,0.0,0.0,-0.05535468942636382,-18900172.0,-3224353.2500000536
2012-10-30,65.9851,194350000.0,0.0,12824204610.26,0.0,0.0,-0.05415821967487652,-17600490.0,-3224353.2500000536
2012-10-31,65.7695,194350000.0,0.0,12782302485.12,0.0,0.0,0.036336513285977215,-7826880.0,-3224353.2500000536
2012-11-01,66.449,194350000.0,0.0,12914360436.09,0.0,0.0,0.03741801478733551,0.0,-3224353.2500000536
2012-11-02,66.7039,194350000.0,0.0,12963898208.74,0.0,0.0,0.03741801478733551,0.0,-3559455.2500000536
2012-11-05,66.3645,194350000.0,0.0,12897942199.37,0.0,0.0,0.03741801478733551,0.0,-3724588.5000000536
2012-11-06,66.8288,194350000.0,0.0,12988169978.54,0.0,0.0,0.033518485777329195,0.0,-3724588.5000000536
2012-11-07,65.5159,193000000.0,-1350000.0,12644568513.97,-88446465.0,-0.006994818755759233,-1.5684003006027465,-17689293.0,-8310096.500000054
2012-11-08,65.2632,193000000.0,0.0,12595793675.45,0.0,0.0,0.04239871207636023,-17689293.0,-8475012.500000054
2012-11-09,64.8874,193000000.0,0.0,12523273629.52,0.0,0.0,0.04435989816184261,-17689293.0,-8475012.500000054
2012-11-12,64.9342,193000000.0,0.0,12532307426.94,0.0,0.0,0.04338610681090544,-17689293.0,-8475012.500000054
2012-11-13,64.9373,192900000.0,-100000.0,12526399804.86,-6493729.999999999,-0.0005184035398168082,-0.07514363142821331,-18988039.0,-8966753.000000054
2012-11-14,64.3284,192900000.0,0.0,12408941957.54,0.0,0.0,0.044381457238169886,-1298745.9999999998,-8966753.000000054
2012-11-15,63.7983,192100000.0,-800000.0,12255647837.47,-51038640.0,-0.004164499557824777,-0.9192969790054009,-11506474.0,-12023984.750000054
2012-11-16,62.9566,191800000.0,-300000.0,12075083653.13,-18886980.0,-0.0015641282944739087,-0.3138122724378311,-15283870.0,-12968333.750000054
2012-11-19,64.5256,191800000.0,0.0,12376009962.12,0.0,0.0,0.04561728696926008,-15283870.0,-12968333.750000054
2012-11-20,64.9705,191100000.0,-700000.0,12415859079.5,-45479350.0,-0.0036630046868920733,-0.8000645089699564,-23080994.0,-14917380.750000054
2012-11-21,65.0763,191100000.0,0.0,12436084021.77,0.0,0.0,0.038410287244416814,-23080994.0,-12473978.250000054
2012-11-22,65.622,191100000.0,0.0,12540365644.77,0.0,0.0,0.018827017759779876,-12873266.0,-10517258.250000054
2012-11-23,66.2027,191200000.0,100000.0,12657951599.38,6620269.999999999,0.0005230127440465381,0.14192642284003715,-7771816.0,-10186244.750000054
2012-11-26,66.0464,191200000.0,0.0,12628063375.62,0.0,0.0,0.0177909771024884,-7771816.0,-10186244.750000054
2012-11-27,66.4111,191050000.0,-150000.0,12687841689.39,-9961665.0,-0.000785134717461858,-0.1729768765048685,-668279.0,-10684328.000000054
2012-11-28,66.5112,191750000.0,700000.0,12753514284.5,46557840.0,0.003650589081676423,0.8676056022244827,8643289.0,-8356436.000000054
2012-11-29,67.032,191750000.0,0.0,12853389361.02,0.0,0.0,-0.0002680866550617958,8643289.0,-8356436.000000054
2012-11-30,67.0728,191900000.0,150000.0,12871276357.35,10060920.0,0.0007816567464387339,0.18109631235527662,9331419.0,-7853390.000000054
2012-12-03,67.3411,192000000.0,100000.0,12929483213.88,6734110.0,0.000520833655035093,0.11966874229048789,10678241.0,-7516684.500000054
2012-12-04,67.3399,192000000.0,0.0,12929263867.46,0.0,0.0,0.1656173098269869,12670574.0,-7516684.500000054
2012-12-05,67.5156,192000000.0,0.0,12962994870.15,0.0,0.0,0.18217638839128703,3359006.0,-3094361.2500000536
2012-12-06,68.2397,192100000.0,100000.0,13108846315.72,6823970.0,0.0005205622093392584,0.45306109779028203,4723800.0,-2753162.7500000536
2012-12-07,68.0878,192100000.0,0.0,13079669835.93,0.0,0.0,0.18440489211346384,2711616.0,-2753162.7500000536
2012-12-10,68.2058,192650000.0,550000.0,13139846558.51,37513190.0,0.0028549184218368702,1.6473169227396507,8867432.0,-877503.2500000537
2012-12-11,68.7383,192650000.0,0.0,13242424452.43,0.0,0.0,0.17341976438512324,8867432.0,-552816.7500000537
2012-12-12,68.9647,192650000.0,0.0,13286040229.82,0.0,0.0,0.1652917567724437,8867432.0,-552816.7500000537
2012-12-13,68.6672,192750000.0,100000.0,13235611908.1,6866719.999999999,0.0005188063874702814,0.4323570522131661,8875982.0,2342451.2499999464
2012-12-14,68.7983,192850000.0,100000.0,13267742687.58,6879830.0,0.0005185380936306704,0.4255466160138374,10251948.0,3630791.7499999464
2012-12-17,68.8741,193000000.0,150000.0,13292698329.33,10331115.0,0.0007772022462290187,0.5482178463471288,4815533.0,4147347.4999999464
2012-12-18,69.3143,193250000.0,250000.0,13394979620.99,17328575.0,0.001293661915905123,0.815144442537547,8281248.0,7287743.749999946
2012-12-19,69.4491,193250000.0,0.0,13421037242.08,0.0,0.0,0.1284283632033306,8281248.0,7287743.749999946
2012-12-20,69.4814,194700000.0,1450000.0,13528022231.28,100748029.99999999,0.007447358400036231,3.797873609693491,27057510.0,12325145.249999946
2012-12-21,69.1562,195700000.0,1000000.0,13533877901.83,69156200.0,0.005109858423552717,2.624545345914084,39512784.0,15451941.749999946
2012-12-27,69.3325,195900000.0,200000.0,13582240019.86,13866500.0,0.0010209287996475068,0.5492326150090209,40219861.0,16145266.749999946
2012-12-28,68.9384,196400000.0,500000.0,13539500521.83,34469200.0,0.0025458250800629344,1.3011690295999958,43647986.0,18366809.999999948
2013-01-02,70.4437,196400000.0,0.0,13835137682.66,0.0,0.0,0.015917645155142168,43647986.0,16038917.999999946
2013-01-03,70.2411,196750000.0,350000.0,13819937696.9,24584385.0,0.0017789070789743584,1.1830484242541524,28415257.0,17268137.249999948
2013-01-04,70.4212,197100000.0,350000.0,13880026504.99,24647420.0,0.001775747329527002,1.1703927994316525,19513501.0,17997462.249999948
2013-01-07,70.0246,197100000.0,0.0,13801846724.15,0.0,0.0,0.0763121101423375,16740201.0,17660756.749999948
2013-01-08,69.6908,197150000.0,50000.0,13739543144.7,3484540.0,0.00025361396396532686,0.23228383465379293,10543269.0,17834983.749999948
2013-01-09,69.9136,197150000.0,0.0,13783467082.27,0.0,0.0,0.0776154807453784,10543269.0,17834983.749999948
2013-01-10,69.804,197150000.0,0.0,13761868214.66,0.0,0.0,0.0776154807453784,5626392.0,17493785.249999948
2013-01-11,69.8677,197050000.0,-100000.0,13767439679.02,-6986770.0,-0.0005074850635188935,-0.2299643037369966,-700446.0,17144446.749999948
2013-01-14,69.9936,196900000.0,-150000.0,13781732548.85,-10499040.0,-0.0007618084274082129,-0.3839130744776123,-2800254.0,14743835.249999946
2013-01-15,69.5078,196900000.0,0.0,13686079176.44,0.0,0.0,0.07836527054727062,-3497162.0,14743835.249999946
2013-01-16,69.6453,195950000.0,-950000.0,13647001201.83,-66163035.00000001,-0.004848173897070358,-2.8349924108216817,-16729769.0,11435683.499999944
2013-01-17,70.0464,195950000.0,0.0,13725595827.38,0.0,0.0,0.09383118885906623,-16729769.0,11092347.499999944
2013-01-18,69.7452,195600000.0,-350000.0,13642167770.87,-24410820.0,-0.001789365180812701,-0.9878955945904904,-20214579.0,9527814.999999944
2013-01-21,70.1666,195800000.0,200000.0,13738614827.8,14033320.0,0.0010214508650176048,0.7049561819667819,-15308107.0,9712925.249999944
2013-01-22,69.6896,195900000.0,100000.0,13652192633.46,6968960.0,0.0005104645229602063,0.3873600116424879,-13914315.0,9194944.499999944
2013-01-23,69.7918,196000000.0,100000.0,13679200960.18,6979179.999999999,0.0005102037772759032,0.3819430998972171,714127.9999999998,9543903.499999944
2013-01-24,70.1593,195900000.0,-100000.0,13744201741.09,-7015930.0,-0.000510464713205206,-0.23239678615012627,-689058.0000000002,4155705.4999999455
2013-01-25,71.1535,195400000.0,-500000.0,13903385556.56,-35576750.0,-0.0025588551691435985,-1.4445291904949145,-2922244.0,-1080942.000000054
2013-01-28,70.9265,195000000.0,-400000.0,13830673096.45,-28370600.0,-0.002051281221250327,-1.1463207593367002,-11403028.0,-3192797.000000054
2013-01-29,71.0672,195000000.0,0.0,13858105199.84,0.0,0.0,0.08611458160989231,-12796820.0,-4916257.000000054
2013-01-30,70.7295,195050000.0,50000.0,13795792102.58,3536475.0,0.0002563444689296696,0.23879586676153003,-13485361.0,-4739433.250000054
2013-01-31,70.4099,195050000.0,0.0,13733459209.66,0.0,0.0,0.06830191438136221,-12082175.0,-5968652.500000054
2013-02-01,70.9288,194950000.0,-100000.0,13827578165.14,-7092880.0,-0.0005129517197654682,-0.24274041347173314,-6385401.0,-7555667.500000054
2013-02-04,69.1609,194950000.0,0.0,13482925883.09,0.0,0.0,0.06213112107632554,-711281.0,-7555667.500000054
2013-02-05,69.3994,195050000.0,100000.0,13536348811.99,6939940.0,0.0005126892115732757,0.37414005376172743,676707.0,-7382897.500000054
2013-02-06,68.6432,195050000.0,0.0,13388856805.72,0.0,0.0,0.05947305094974929,-30588.0,-7382897.500000054
2013-02-07,68.7305,194850000.0,-200000.0,13392134421.74,-13746100.000000002,-0.0010264308561363747,-0.5645018119598658,-2779808.0000000005,-8070202.500000054
2013-02-08,69.2851,195000000.0,150000.0,13510592600.64,10392765.0,0.0007692308773715591,0.5711844987109072,717320.9999999997,-7201225.750000054
2013-02-11,69.1177,195000000.0,0.0,13477943999.86,0.0,0.0,0.08516419679772237,717320.9999999997,-6676273.750000054
2013-02-12,69.3569,195000000.0,0.0,13524596992.24,0.0,0.0,0.08516419679772237,-670667.0000000003,-6676273.750000054
2013-02-13,69.8247,195000000.0,0.0,13615814461.0,0.0,0.0,0.08516419679772237,-670667.0000000003,-3368122.0000000536
2013-02-14,69.0937,195000000.0,0.0,13473273281.46,0.0,0.0,0.08516419679772237,2078553.0,-3368122.0000000536
2013-02-15,68.7523,194900000.0,-100000.0,13399820319.51,-6875230.000000001,-0.0005130837456073748,-0.2362654736039412,-1375046.0000000002,-2491342.5000000536
2013-02-18,69.0703,194900000.0,0.0,13461795392.61,0.0,0.0,0.0878476108543044,-1375046.0000000002,-3193008.5000000536
2013-02-19,70.19,194900000.0,0.0,13680031304.59,0.0,0.0,0.0878476108543044,-1375046.0000000002,-3541456.5000000536
2013-02-20,69.9765,194950000.0,50000.0,13641922374.91,3498825.0,0.0002564759499317326,0.24584707802199737,-675281.0000000002,-3715474.2500000536
2013-02-21,68.6606,194950000.0,0.0,13385389157.3,0.0,0.0,0.08383700625772783,-675281.0000000002,-3364677.7500000536
2013-02-22,69.3695,194950000.0,0.0,13523585533.75,0.0,0.0,0.08383700625772783,699765.0,-1585840.2500000538
2013-02-25,70.376,194950000.0,0.0,13719804387.11,0.0,0.0,0.08119453514255656,699765.0,-167310.25000005378
2013-02-26,68.7818,194950000.0,0.0,13409009656.85,0.0,0.0,0.06974415189988559,699765.0,-167310.25000005378
2013-02-27,69.4942,194950000.0,0.0,13547884550.68,0.0,0.0,0.06974415189988559,0.0,-344134.0000000538
2013-02-28,70.0901,194950000.0,0.0,13664074219.49,0.0,0.0,0.06974415189988559,0.0,-344134.0000000538
2013-03-01,69.7862,194950000.0,0.0,13604827766.51,0.0,0.0,0.06445438693245395,0.0,10509.999999946216
2013-03-04,69.6361,194800000.0,-150000.0,13565115280.38,-10445415.0,-0.0007700203635650484,-0.43573205420931227,-2089083.0,-511760.75000005384
2013-03-05,71.2529,194900000.0,100000.0,13887196622.2,7125290.0,0.0005130833957236227,0.3757579144361892,-664025.0,-502493.25000005384
2013-03-06,71.6958,194900000.0,0.0,13973503226.55,0.0,0.0,0.04472720647900958,-664025.0,-502493.25000005384
2013-03-07,71.8805,194900000.0,0.0,14009518439.83,0.0,0.0,0.03664402599021128,-664025.0,184811.74999994627
2013-03-08,72.303,195100000.0,200000.0,14106319365.41,14460600.0,0.0010251150300381493,0.6935763459512644,2228095.0,388203.4999999463
2013-03-11,72.2824,195100000.0,0.0,14102294399.47,0.0,0.0,0.031048403850716267,4317178.0,388203.4999999463
2013-03-12,72.1176,195100000.0,0.0,14070140292.56,0.0,0.0,0.0338104987332172,2892120.0,388203.4999999463
2013-03-13,72.1607,195100000.0,0.0,14078549184.25,0.0,0.0,0.02701044009368999,2892120.0,388203.4999999463
2013-03-14,72.9521,195100000.0,0.0,14232947995.21,0.0,0.0,0.02701044009368999,2892120.0,388203.4999999463
2013-03-15,72.8113,195050000.0,-50000.0,14201836634.33,-3640565.0,-0.00025634466116866093,-0.13779926898255443,-728113.0,549936.7499999463
2013-03-18,72.5195,195050000.0,0.0,14144921469.7,0.0,0.0,0.028393288354287602,-728113.0,549936.7499999463
2013-03-19,71.9497,194950000.0,-100000.0,14026588714.47,-7194970.000000001,-0.0005129522328246199,-0.31262375061799463,-2167107.0,190188.2499999463
2013-03-20,72.4398,194750000.0,-200000.0,14107651912.17,-14487960.000000002,-0.0010269575752363104,-0.6384299957562978,-5064699.000000001,-709151.0000000538
2013-03-21,71.8108,194750000.0,0.0,13985157920.34,0.0,0.0,0.029924413930249184,-5064699.000000001,-709151.0000000538
2013-03-22,71.619,194750000.0,0.0,13947802169.79,0.0,0.0,0.017592889724621277,-4336586.000000001,-709151.0000000538
2013-03-25,71.252,194750000.0,0.0,13876323412.57,0.0,0.0,0.017592889724621277,-4336586.000000001,-709151.0000000538
2013-03-26,71.3311,194750000.0,0.0,13891723241.17,0.0,0.0,0.017592889724621277,-2897592.000000001,-709151.0000000538
2013-03-27,70.5109,194750000.0,0.0,13731999591.09,0.0,0.0,0.017592889724621277,0.0,-709151.0000000538
2013-03-28,70.567,195100000.0,350000.0,13767616693.62,24698449.999999996,0.0017939524719224214,1.1791153877964111,4939689.999999999,525771.499999946
2013-04-02,71.9102,195100000.0,0.0,14029675680.01,0.0,0.0,0.010516629397971688,4939689.999999999,525771.499999946
2013-04-03,71.2843,195100000.0,0.0,13907558703.26,0.0,0.0,0.011910558518329046,4939689.999999999,1048042.249999946
2013-04-04,70.7641,194200000.0,-900000.0,13742389732.16,-63687690.0,-0.004634397018369941,-2.8835636391899224,-7797848.0,-2492606.750000054
2013-04-05,69.3279,194050000.0,-150000.0,13453086112.53,-10399185.0,-0.0007729962413839272,-0.4454252586670633,-9877685.0,-3012566.000000054
2013-04-08,69.3623,193350000.0,-700000.0,13411198626.81,-48553610.0,-0.003620378114670352,-2.1731003562076587,-24528097.0,-5440246.500000054
2013-04-09,69.1346,193350000.0,0.0,13367171052.3,0.0,0.0,0.06028375370525087,-24528097.0,-6163276.500000054
2013-04-10,70.7012,193350000.0,0.0,13670078595.18,0.0,0.0,0.06028375370525087,-24528097.0,-6163276.500000054
2013-04-11,71.2532,193250000.0,-100000.0,13769686358.99,-7125320.000000001,-0.000517464219172138,-0.2549431981382872,-13215623.0,-6519542.500000054
2013-04-12,70.1048,193050000.0,-200000.0,13533727815.89,-14020960.0,-0.0010360013287350096,-0.5687047053279107,-13939978.0,-7220590.500000054
2013-04-15,69.813,193050000.0,0.0,13477401521.81,0.0,0.0,0.0735064966248002,-4229256.0,-7220590.500000054
2013-04-16,69.5407,192550000.0,-500000.0,13390061979.64,-34770350.0,-0.0025967280848191283,-1.500235624786805,-11183326.0,-8777079.750000054
2013-04-17,67.9153,192350000.0,-200000.0,13063509015.69,-13583060.0,-0.0010397711659008303,-0.5431840720936727,-13899938.0,-9456232.750000054
2013-04-18,67.6498,192350000.0,0.0,13012442047.85,0.0,0.0,0.08862157495310152,-12474874.0,-9096484.250000054
2013-04-19,67.5249,192450000.0,100000.0,12995169893.0,6752490.0,0.0005196153690639557,0.391815629204139,-8320184.0,-8034461.750000054
2013-04-22,67.6884,192200000.0,-250000.0,13009705914.09,-16922100.0,-0.0013007288644144314,-0.7617386567528555,-11704604.0,-8880566.750000054
2013-04-23,69.3182,191700000.0,-500000.0,13288308403.04,-34659100.0,-0.0026082401874471055,-1.5571177594987755,-11682354.0,-10613521.750000054
2013-04-24,70.2305,192400000.0,700000.0,13512339794.46,49161350.00000001,0.003638255901480212,2.274657945270562,866528.0000000015,-8155454.250000054
2013-04-25,70.8984,192400000.0,0.0,13640857664.45,0.0,0.0,0.052147970230753064,866528.0000000015,-8155454.250000054
2013-04-26,70.7338,192400000.0,0.0,13609178118.45,0.0,0.0,0.052147970230753064,-483969.9999999985,-8155454.250000054
2013-04-29,71.2649,191450000.0,-950000.0,13643666603.28,-67701655.0,-0.004962130559810382,-2.8503587544147955,-10639880.999999998,-12775459.500000054
2013-04-30,71.6285,187450000.0,-4000000.0,13426756262.28,-286514000.0,-0.021339033375090626,-8.170952569486653,-61010861.0,-27101159.500000052
2013-05-02,71.4818,187450000.0,0.0,13399268928.2,0.0,0.0,0.11830115058909911,-70843131.0,-27101159.500000052
2013-05-03,72.923,191600000.0,4150000.0,13972039911.42,302630450.0,0.021659718403226575,6.67591466856879,-10317041.0,-8785252.500000054
2013-05-06,72.8306,193700000.0,2100000.0,14107287373.21,152944260.0,0.010841507368060282,3.2265756551309672,20271811.0,-618080.2500000537
2013-05-07,73.4559,193450000.0,-250000.0,14210048535.53,-18363975.0,-0.0012923231721611475,-0.38935938664219455,30139347.0,891401.4999999467
2013-05-08,74.0657,193600000.0,150000.0,14339113231.1,11109855.000000002,0.000774793728241431,0.22487153390233489,89664118.0,1446894.2499999467
2013-05-09,74.1806,193600000.0,0.0,14361366194.97,0.0,0.0,-0.006043599762978162,89664118.0,1446894.2499999467
2013-05-10,74.3243,193150000.0,-450000.0,14355742783.47,-33445934.999999996,-0.0023297948078668217,-0.6945556418644646,22448841.0,130863.4999999471
2013-05-13,74.3297,193150000.0,0.0,14356776895.34,0.0,0.0,-0.0015418008243817465,-8140010.999999998,831911.4999999471
2013-05-14,74.8664,193150000.0,0.0,14460440343.84,0.0,0.0,-0.011942889541997685,-4467215.999999998,831911.4999999471
2013-05-15,75.0764,193150000.0,0.0,14501004354.27,0.0,0.0,-0.015861074369180213,-6689186.999999998,2570428.999999947
2013-05-16,75.1423,193150000.0,0.0,14513736668.24,0.0,0.0,-0.015861074369180213,-6689186.999999998,3249581.999999947
2013-05-17,75.3947,192900000.0,-250000.0,14543631485.81,-18848675.0,-0.0012960088419725407,-0.4120724376076783,-3769735.0,2307148.249999947
2013-05-20,75.912,192900000.0,0.0,14643420476.91,0.0,0.0,-0.021872371922978064,-3769735.0,1969523.7499999471
2013-05-21,76.0569,192900000.0,0.0,14671377840.87,0.0,0.0,-0.021872371922978064,-3769735.0,2815628.749999947
2013-05-22,76.5833,192900000.0,0.0,14772923486.61,0.0,0.0,-0.020561705629287275,-3769735.0,4548583.749999947
2013-05-23,74.9803,192900000.0,0.0,14463697213.17,0.0,0.0,-0.020561705629287275,-3769735.0,2090516.2499999467
2013-05-24,74.5543,192900000.0,0.0,14381528372.0,0.0,0.0,-0.022538005080738898,0.0,2090516.2499999467
2013-05-27,75.2488,192900000.0,0.0,14515487760.89,0.0,0.0,-0.01344169833152216,0.0,2090516.2499999467
2013-05-28,76.1333,192900000.0,0.0,14686115975.06,0.0,0.0,-0.01344169833152216,0.0,5475598.999999946
2013-05-29,74.8397,191350000.0,-1550000.0,14320580195.91,-116001534.99999999,-0.00810033765483401,-2.383777350742535,-23200306.999999996,14001222.249999946
2013-05-30,75.4098,191350000.0,0.0,14429662359.08,0.0,0.0,0.01002782691130401,-23200306.999999996,14001222.249999946
2013-05-31,74.949,191350000.0,0.0,14341500518.03,0.0,0.0,0.01002782691130401,-23200306.999999996,-1130300.2500000529
2013-06-03,74.3832,191350000.0,0.0,14233216434.14,0.0,0.0,0.01002782691130401,-23200306.999999996,-8777513.250000054
2013-06-04,74.4738,191400000.0,50000.0,14254292490.77,3723690.0,0.00026123288843772353,0.08783987162256601,-22455568.999999996,-7673130.000000054
2013-06-05,73.5792,191400000.0,0.0,14083064594.94,0.0,0.0,0.010667059718289278,744738.0,-8228622.750000054
2013-06-06,72.7062,191450000.0,50000.0,13919608364.43,3635310.0,0.00026116467538624344,0.09449398562420774,1471800.0,-8046857.250000054
2013-06-07,74.103,191450000.0,0.0,14187019301.49,0.0,0.0,0.0171046984240911,1471800.0,-6374560.500000054
2013-06-10,74.5772,191450000.0,0.0,14277807531.69,0.0,0.0,0.0171046984240911,1471800.0,-6374560.500000054
2013-06-11,73.813,191450000.0,0.0,14131502407.55,0.0,0.0,0.01838806808762117,727062.0,-6374560.500000054
2013-06-12,73.1029,191600000.0,150000.0,14006509684.92,10965435.0,0.0007828813349414131,0.24971522654692282,2920149.0,-5826288.750000054
2013-06-13,72.6734,191750000.0,150000.0,13935132022.74,10901010.0,0.0007822681537721511,0.2495202370321705,4373289.0,-5281238.250000054
2013-06-14,72.9651,192000000.0,250000.0,14009297270.62,18241275.0,0.0013020835126580697,0.40352661870901635,8021544.0,-3426740.7500000536
2013-06-17,73.7509,192300000.0,300000.0,14182292174.1,22125270.0,0.0015600630510493665,0.4756616551798148,12446598.0,-2320477.2500000536
2013-06-18,73.8741,192450000.0,150000.0,14217071140.18,11081115.0,0.0007794231941825751,0.26655607469215126,14662821.0,-1766421.500000054
2013-06-19,73.5831,192450000.0,0.0,14161062596.52,0.0,0.0,0.0442666747930458,12469734.0,-1766421.500000054
2013-06-20,71.1753,192600000.0,150000.0,13708361267.33,10676294.999999998,0.0007788162853166065,0.2829008837297637,12424791.0,-1232606.750000054
2013-06-21,69.9269,193100000.0,500000.0,13502890229.2,34963450.0,0.002589330832623636,0.8360118330650013,15769226.0,515565.749999946
2013-06-24,69.0571,193100000.0,0.0,13334933654.18,0.0,0.0,0.04477711118687851,11344172.0,515565.749999946
2013-06-25,70.1236,193600000.0,500000.0,13575924788.16,35061800.0,0.0025826454217379373,0.8307056141368175,16140309.0,2268655.749999946
2013-06-26,71.2874,194100000.0,500000.0,13836880930.33,35643700.0,0.0025759923915996234,0.8254465880668463,23269049.0,9850917.499999944
2013-06-27,71.7337,194550000.0,450000.0,13955787437.54,32280165.0,0.0023130307153553247,0.737750509634727,27589823.0,11464925.749999946
2013-06-28,71.4504,195250000.0,700000.0,13950698500.36,50015280.0,0.003585145216829777,1.1102309231885223,30600189.0,13965689.749999946
2013-07-01,71.672,195750000.0,500000.0,14029793015.18,35836000.0,0.0025542785956447146,0.78995464959604,37767389.0,15757489.749999946
2013-07-02,71.0151,196250000.0,500000.0,13936705014.3,35507550.0,0.0025477722290575037,0.7795747335127979,37856539.0,17346682.749999948
2013-07-03,70.2838,196250000.0,0.0,13793191361.74,0.0,0.0,0.011848772129657254,30727799.0,17346682.749999948
2013-07-04,71.7644,196250000.0,0.0,14083757045.69,0.0,0.0,0.009940790289230185,24271766.0,17164917.249999948
2013-07-05,70.0738,196550000.0,300000.0,13773014146.25,21022140.0,0.0015263282079561163,0.46498662982498734,18473138.0,18216024.249999948
2013-07-08,71.5311,196550000.0,0.0,14059432556.16,0.0,0.0,-0.00609332946053997,11305938.0,18216024.249999948
2013-07-09,72.3325,196550000.0,0.0,14216952387.3,0.0,0.0,-0.00609332946053997,4204428.0,18216024.249999948
2013-07-10,72.4105,196700000.0,150000.0,14243152630.18,10861575.0,0.0007625822233334261,0.2190293948083416,6376743.0,18210831.249999948
2013-07-11,73.2388,196700000.0,0.0,14406080137.12,0.0,0.0,-0.009976912020134137,6376743.0,17665780.749999948
2013-07-12,73.723,197300000.0,600000.0,14545546200.15,44233800.0,0.0030410545875234197,0.9044267629797336,11019075.0,18965406.999999948
2013-07-15,73.9205,198950000.0,1650000.0,14706492153.36,121968825.0,0.008293536196674453,2.413446207195025,35412840.0,23957584.749999948
2013-07-16,73.6172,198950000.0,0.0,14646138643.46,0.0,0.0,-0.03633143177454701,35412840.0,23403528.999999948
2013-07-17,74.0986,198950000.0,0.0,14741923380.45,0.0,0.0,-0.04274116625161089,33240525.0,23403528.999999948
2013-07-18,74.8376,199050000.0,100000.0,14896424529.91,7483759.999999999,0.0005023863266633966,0.09986919839118376,34737277.0,23243902.249999948
2013-07-19,74.7878,199050000.0,0.0,14886507961.59,0.0,0.0,-0.0491274270040227,25890517.0,21495729.749999948
2013-07-22,74.7823,198750000.0,-300000.0,14862979272.1,-22434690.000000004,-0.001509434251995037,-0.49192436760293967,-2990186.000000001,20373995.249999948
2013-07-23,74.6309,198750000.0,0.0,14832891070.71,0.0,0.0,-0.04471755479628981,-2990186.000000001,18620905.249999948
2013-07-24,75.2129,198650000.0,-100000.0,14941050772.26,-7521290.000000001,-0.0005033976602210771,-0.19388591222824103,-4494444.000000001,16462655.749999946
2013-07-25,74.4934,198000000.0,-650000.0,14749696570.72,-48420709.99999999,-0.003282827532609802,-1.0049393034821794,-15675338.0,12427611.999999946
2013-07-26,74.0079,198000000.0,0.0,14653569210.02,0.0,0.0,-0.03522075825915822,-15675338.0,9926847.999999946
2013-07-29,74.1337,197800000.0,-200000.0,14663649537.4,-14826740.0,-0.0010111220922311348,-0.3308870753289007,-14153748.0,7393710.999999946
2013-07-30,74.241,197800000.0,0.0,14684873800.78,0.0,0.0,-0.03525884457805463,-14153748.0,5618333.499999946
2013-07-31,74.2851,196300000.0,-1500000.0,14582171958.39,-111427650.0,-0.007641361679039108,-2.2213855333282257,-34935020.0,46950.99999994561
2013-08-01,75.4944,196050000.0,-250000.0,14800669575.18,-18873600.0,-0.0012751855518516612,-0.379295814366856,-29025598.0,-896729.0000000544
2013-08-02,75.4594,195950000.0,-100000.0,14786274454.11,-7545940.0,-0.0005103340955437579,-0.15726866209290635,-30534786.0,-2325133.0000000545
2013-08-05,75.3816,195950000.0,0.0,14771031898.42,0.0,0.0,-0.009970237775960799,-27569438.0,-2325133.0000000545
2013-08-06,74.4959,195950000.0,0.0,14597469803.96,0.0,0.0,-0.009970237775960799,-27569438.0,-2325133.0000000545
2013-08-07,74.1434,195750000.0,-200000.0,14513568716.01,-14828680.0,-0.001021711495646305,-0.30355839436509235,-8249644.0,-3609645.7500000545
2013-08-08,74.6621,195750000.0,0.0,14615098810.73,0.0,0.0,-0.008744365111088899,-4474924.0,-3609645.7500000545
2013-08-09,74.8411,195750000.0,0.0,14650151833.64,0.0,0.0,-0.008744365111088899,-2965736.0,-5821335.750000054
2013-08-12,75.0281,195450000.0,-300000.0,14664248859.95,-22508430.0,-0.0015349187138710863,-0.44696563189876287,-7467422.0,-13045198.500000054
2013-08-13,75.5349,195450000.0,0.0,14763298496.78,0.0,0.0,-0.004433142206238194,-7467422.0,-13045198.500000054
2013-08-14,75.7353,195100000.0,-350000.0,14775954904.47,-26507355.0,-0.001793952077640751,-0.5167518224193346,-9803157.0,-14370566.250000054
2013-08-15,75.1801,195250000.0,150000.0,14678917070.78,11277015.0,0.0007682457054306914,0.21923100753020935,-7547754.0,-14180903.500000054
2013-08-16,75.3203,195100000.0,-150000.0,14694984741.85,-11298045.0,-0.0007688367969395831,-0.2214427851339291,-9807363.0,-14745805.750000054
2013-08-19,75.0891,195100000.0,0.0,14649889610.41,0.0,0.0,-0.00012141434413163495,-5305677.0,-13624071.250000054
2013-08-20,74.4943,195100000.0,0.0,14533836078.08,0.0,0.0,-0.00012141434413163495,-5305677.0,-13624071.250000054
2013-08-21,74.3628,194850000.0,-250000.0,14489586518.05,-18590700.0,-0.0012830386827699432,-0.3661775598293438,-3722346.0,-14177541.750000054
2013-08-22,75.3719,194750000.0,-100000.0,14678680511.91,-7537190.0,-0.0005134787145128248,-0.1454053798577461,-7485187.0,-12133365.750000054
2013-08-23,75.5429,194750000.0,0.0,14711977674.15,0.0,0.0,0.003570562701075962,-5225578.0,-12133365.750000054
2013-08-26,75.7049,194650000.0,-100000.0,14735967016.16,-7570489.999999999,-0.0005137423279855284,-0.14302035830172155,-6739676.0,-11770553.250000054
2013-08-27,73.9757,194650000.0,0.0,14399367658.01,0.0,0.0,0.004802107311087627,-6739676.0,-11770553.250000054
2013-08-28,73.2156,193750000.0,-900000.0,14185529947.31,-65894039.99999999,-0.004645158851643429,-1.3090762191144338,-16200344.0,-9493872.750000054
2013-08-29,73.5442,193750000.0,0.0,14249196537.23,0.0,0.0,0.018271199754753893,-14692906.0,-8550192.750000054
2013-08-30,72.7237,193750000.0,0.0,14090222916.99,0.0,0.0,0.018271199754753893,-14692906.0,-8172895.750000054
2013-09-02,73.9856,193750000.0,0.0,14334717736.61,0.0,0.0,0.018271199754753893,-13178807.999999998,-8172895.750000054
2013-09-03,73.4186,193750000.0,0.0,14224853311.62,0.0,0.0,0.018271199754753893,-13178807.999999998,-8172895.750000054
2013-09-04,73.5548,192750000.0,-1000000.0,14177685473.64,-73554800.0,-0.005188068259572938,-1.439674758137481,-14710960.0,-11109201.750000054
2013-09-05,73.9049,192750000.0,0.0,14245173932.73,0.0,0.0,0.02975043478300731,-14710960.0,-11109201.750000054
2013-09-06,74.2698,192450000.0,-300000.0,14293222941.33,-22280940.0,-0.0015588464611136007,-0.40902854652132375,-19167148.0,-12223248.750000054
2013-09-09,74.2747,192450000.0,0.0,14294162488.92,0.0,0.0,0.02978400655764679,-19167148.0,-11097827.250000054
2013-09-10,75.802,192350000.0,-100000.0,14580505636.0,-7580200.000000001,-0.0005198859483503855,-0.11617636319835668,-20683188.0,-11476837.250000054
2013-09-11,76.2431,192350000.0,0.0,14665350916.81,0.0,0.0,0.03100895956398596,-5972228.0,-10151469.500000054
2013-09-12,76.2272,192350000.0,0.0,14662293532.76,0.0,0.0,0.03100895956398596,-5972228.0,-10715320.250000054
2013-09-13,76.3655,192100000.0,-250000.0,14669809845.53,-19091375.0,-0.0013014057578815367,-0.3342057944579199,-5334315.0,-11104986.750000054
2013-09-16,77.2941,192100000.0,0.0,14848190911.86,0.0,0.0,0.03406331681146647,-5334315.0,-11104986.750000054
2013-09-17,77.1497,192100000.0,0.0,14820447918.09,0.0,0.0,0.038341187658386025,-3818275.0,-11104986.750000054
2013-09-18,77.5003,192100000.0,0.0,14887806887.4,0.0,0.0,0.038341187658386025,-3818275.0,-10175451.750000054
2013-09-19,78.0216,192100000.0,0.0,14987945347.81,0.0,0.0,0.038341187658386025,-3818275.0,-9798592.250000054
2013-09-20,77.8557,191800000.0,-300000.0,14932716886.52,-23356710.0,-0.0015641299689465398,-0.414635049002296,-4671342.0,-10966427.750000054
2013-09-23,77.492,191800000.0,0.0,14862971892.08,0.0,0.0,0.029453443425712243,-4671342.0,-10587903.250000054
2013-09-24,77.7547,191800000.0,0.0,14913352072.79,0.0,0.0,0.02094038566762944,-4671342.0,-10587903.250000054
2013-09-25,77.7636,191800000.0,0.0,14915063526.15,0.0,0.0,0.02094038566762944,-4671342.0,-7293201.250000054
2013-09-26,77.7496,191800000.0,0.0,14912366558.7,0.0,0.0,0.02094038566762944,-4671342.0,-7293201.250000054
2013-09-27,77.726,191900000.0,100000.0,14915622102.31,7772600.0,0.0005211046476429735,0.16767511924731346,1554520.0,-6904571.250000054
2013-09-30,77.1229,191900000.0,0.0,14799885653.44,0.0,0.0,0.015994255326044586,1554520.0,-6904571.250000054
2013-10-01,77.9726,192000000.0,100000.0,14970740057.0,7797260.0,0.0005208333035182297,0.16391763175243293,3113972.0,-6514708.250000054
2013-10-02,77.4365,192000000.0,0.0,14867802960.92,0.0,0.0,0.00857110924791614,3113972.0,-2836968.2500000536
2013-10-03,77.1528,192150000.0,150000.0,14824907472.26,11572920.0,0.0007806402853882873,0.228330192552236,5428556.0,-2258322.2500000536
2013-10-04,77.3773,192150000.0,0.0,14868050331.65,0.0,0.0,0.004217104026974278,3874036.0,-1144275.2500000536
2013-10-07,77.0947,192150000.0,0.0,14813742182.14,0.0,0.0,0.005460779074545932,3874036.0,-1144275.2500000536
2013-10-08,76.7741,192150000.0,0.0,14752151728.35,0.0,0.0,0.0023499454162642175,2314584.0,-765265.2500000537
2013-10-09,76.4224,192500000.0,350000.0,14711302857.29,26747840.0,0.0018181829481367412,0.5147255659837313,7664152.0,572126.7499999463
2013-10-10,77.9391,192900000.0,400000.0,15034455665.2,31175640.0,0.002073612819396031,0.593781237580503,11584696.0,2130908.7499999464
2013-10-11,78.2893,193150000.0,250000.0,15121576547.34,19572325.0,0.0012943309805512919,0.36561476153592853,15499161.0,4064093.7499999464
2013-10-14,78.2792,193800000.0,650000.0,15170500383.33,50881480.0,0.003353975064389489,0.9478612083288537,25675457.0,6608167.749999946
2013-10-15,79.0023,193800000.0,0.0,15310644058.51,0.0,0.0,-0.027752605648470305,25675457.0,6608167.749999946
2013-10-16,79.3749,193800000.0,0.0,15382859390.3,0.0,0.0,-0.09665325172010152,20325889.0,6608167.749999946
2013-10-17,79.0694,193800000.0,0.0,15323652681.96,0.0,0.0,-0.09665325172010152,14090761.0,6608167.749999946
2013-10-18,79.5457,193650000.0,-150000.0,15404018439.09,-11931855.0,-0.000774593658608012,-0.4231395553217906,7789925.0,7179410.499999946
2013-10-21,79.5637,193350000.0,-300000.0,15383634942.39,-23869110.0,-0.0015515910309486125,-0.8604420391076228,-7160193.0,5985954.999999946
2013-10-22,80.2833,193350000.0,0.0,15522774347.8,0.0,0.0,0.003302504481752486,-7160193.0,5985954.999999946
2013-10-23,80.0354,193200000.0,-150000.0,15462835955.55,-12005310.0,-0.0007763976824504171,-0.42562648374362394,-9561255.0,5385689.499999946
2013-10-24,80.58,192800000.0,-400000.0,15535825942.29,-32232000.0,-0.0020746885373027655,-1.1389995566465023,-16007655.0,3774089.4999999464
2013-10-25,80.626,192800000.0,0.0,15544687382.68,0.0,0.0,0.009384538563176968,-13621284.0,3385459.4999999464
2013-10-28,80.5613,192800000.0,0.0,15532225232.88,0.0,0.0,0.009384538563176968,-8847462.0,3385459.4999999464
2013-10-29,80.9503,192800000.0,0.0,15607217231.69,0.0,0.0,0.009384538563176968,-8847462.0,2995596.4999999464
2013-10-30,80.8443,192800000.0,0.0,15586789404.31,0.0,0.0,0.009384538563176968,-6446400.0,2995596.4999999464
2013-10-31,81.0566,192800000.0,0.0,15627716356.31,0.0,0.0,0.009384538563176968,0.0,2416950.4999999464
2013-11-01,80.8222,192800000.0,0.0,15582520682.51,0.0,0.0,0.003315197339052448,0.0,2416950.4999999464
2013-11-04,81.085,192800000.0,0.0,15633181356.71,0.0,0.0,0.003315197339052448,0.0,2416950.4999999464
2013-11-05,80.8324,193100000.0,300000.0,15608731745.47,24249720.000000004,0.001553599638679024,0.8692714360665074,4849944.000000001,3629436.4999999464
2013-11-06,81.117,193100000.0,0.0,15663686291.64,0.0,0.0,-0.003972466038148677,4849944.000000001,2292044.4999999464
2013-11-07,81.4768,193100000.0,0.0,15733179437.79,0.0,0.0,-0.003972466038148677,4849944.000000001,733262.4999999466
2013-11-08,81.4519,193250000.0,150000.0,15740572225.11,12217785.0,0.0007761970038490528,0.4283416151352987,7293501.0,365535.49999994657
2013-11-11,81.7162,193250000.0,0.0,15791650288.25,0.0,0.0,-0.007602242432588234,7293501.0,-2178538.5000000536
2013-11-12,81.4346,193250000.0,0.0,15737244914.55,0.0,0.0,-0.007602242432588234,2443557.0,-2178538.5000000536
2013-11-13,81.2401,193350000.0,100000.0,15707771838.33,8124010.0,0.0005171968426594945,0.26710952269152577,4068359.0,-1772338.0000000536
2013-11-14,82.0903,193350000.0,0.0,15872168640.9,0.0,0.0,-0.05279033102079632,4068359.0,-1772338.0000000536
2013-11-15,82.2607,193350000.0,0.0,15905113737.15,0.0,0.0,-0.05279033102079632,1624802.0,-1175745.2500000536
2013-11-18,82.7687,193400000.0,50000.0,16007469501.93,4138435.0,0.00025853149365682277,0.10578186174210082,2452489.0,224631.99999994636
2013-11-19,82.48,193500000.0,100000.0,15959885551.03,8248000.0,0.0005167956858855859,0.2641369593885906,4102089.0,637031.9999999463
2013-11-20,82.5585,193500000.0,0.0,15975071785.38,0.0,0.0,-0.05542451852921799,2477287.0,1237297.4999999464
2013-11-21,82.5045,193500000.0,0.0,15964612475.41,0.0,0.0,-0.05408066285832178,2477287.0,2848897.4999999464
2013-11-22,82.7101,193500000.0,0.0,16004400869.08,0.0,0.0,-0.05408066285832178,2477287.0,2848897.4999999464
2013-11-25,83.4349,193500000.0,0.0,16144645030.85,0.0,0.0,-0.05408066285832178,1649600.0,2848897.4999999464
2013-11-26,83.3459,193500000.0,0.0,16127429158.98,0.0,0.0,-0.05408066285832178,0.0,2848897.4999999464
2013-11-27,83.8925,193600000.0,100000.0,16241592575.63,8389250.0,0.0005165287801017621,0.2668282723123933,1677850.0,3268359.9999999464
2013-11-28,84.2172,193600000.0,0.0,16304453934.52,0.0,0.0,-0.04873841690921405,1677850.0,3268359.9999999464
2013-11-29,84.3777,193900000.0,300000.0,16360832506.02,25313310.0,0.0015471896060720576,0.906982423227458,6740512.0,4534025.499999946
2013-12-02,84.3467,193900000.0,0.0,16354828596.02,0.0,0.0,-0.042058393504335045,6740512.0,4534025.499999946
2013-12-03,82.7447,194050000.0,150000.0,16056600848.44,12411705.0,0.0007729970444651039,0.43777905876746587,9222853.0,3942124.7499999464
2013-12-04,82.0018,194050000.0,0.0,15912454734.22,0.0,0.0,-0.042025773804007675,7545003.0,3942124.7499999464
2013-12-05,81.5021,194050000.0,0.0,15815474435.35,0.0,0.0,-0.038028471581110404,7545003.0,3942124.7499999464
2013-12-06,82.2862,194150000.0,100000.0,15975869698.87,8228619.999999999,0.0005150655429157652,0.29567459175466504,4128065.0,3742666.4999999464
2013-12-09,82.4894,194150000.0,0.0,16015315205.61,0.0,0.0,-0.027569938382996487,4128065.0,3742666.4999999464
2013-12-10,81.7649,194250000.0,100000.0,15882833225.28,8176490.0,0.0005148004694140994,0.3095456821941872,3281022.0,4151490.9999999464
2013-12-11,81.4297,194250000.0,0.0,15817726999.56,0.0,0.0,-0.0033553800002946188,3281022.0,3745290.4999999464
2013-12-12,80.8903,194250000.0,0.0,15712932070.06,0.0,0.0,0.009091085039442408,3281022.0,3745290.4999999464
2013-12-13,80.7954,194100000.0,-150000.0,15682384899.31,-12119310.0,-0.000772797637464773,-0.4783571013908813,-788563.9999999998,3139324.9999999464
2013-12-16,82.2036,194000000.0,-100000.0,15947495936.56,-8220359.999999999,-0.000515463997150464,-0.29465715529320624,-2432635.9999999995,2521385.2499999464
2013-12-17,81.4997,194000000.0,0.0,15810935970.09,0.0,0.0,0.06601425481255996,-4067934.0,2108985.2499999464
2013-12-18,82.3662,194000000.0,0.0,15979047288.84,0.0,0.0,0.06601425481255996,-4067934.0,2108985.2499999464
2013-12-19,83.7472,194550000.0,550000.0,16293019593.19,46060960.0,0.002827036433397043,1.93895984346804,5144258.0,4412033.249999946
2013-12-20,84.3248,195100000.0,550000.0,16451775143.81,46378640.0,0.0028190660031875052,1.9058114456420994,16843848.0,6730965.249999946
2013-12-23,85.1189,195100000.0,0.0,16606695687.93,0.0,0.0,0.04155667510608971,18487920.0,6730965.249999946
2013-12-27,86.0195,195150000.0,50000.0,16786702541.67,4300975.0,0.0002562132133647806,0.20954164388913168,19348115.0,6946013.999999946
2013-12-30,85.6845,195150000.0,0.0,16721338831.02,0.0,0.0,0.044394674278861915,19348115.0,6526551.499999946
2014-01-02,84.3191,195300000.0,150000.0,16467514986.75,12647865.0,0.0007680493996924645,0.5479203678232734,12665496.0,7158944.749999946
2014-01-03,84.6337,194950000.0,-350000.0,16499348721.3,-29621795.0,-0.0017953311673302261,-1.1345442693785794,-2534591.0,4412189.499999946
2014-01-06,84.5686,194300000.0,-650000.0,16431674594.56,-54969590.0,-0.0033453431470824445,-2.4018525721568422,-13528509.0,1663709.9999999464
2014-01-07,85.2688,194300000.0,0.0,16567733820.56,0.0,0.0,0.15106361906788776,-14388704.0,1043124.7499999462
2014-01-08,85.1935,194300000.0,0.0,16553097504.96,0.0,0.0,0.15106361906788776,-14388704.0,1043124.7499999462
2014-01-09,84.5094,194450000.0,150000.0,16432861417.02,12676410.0,0.0007714061281421546,0.7372236469512221,-14382995.0,1676945.2499999462
2014-01-10,84.9722,194450000.0,0.0,16522838185.53,0.0,0.0,0.14918915633461396,-8458636.0,1265514.2499999462
2014-01-13,85.3023,194450000.0,0.0,16587041301.2,0.0,0.0,0.14018593271845012,2535282.0,1265514.2499999462
2014-01-14,85.5742,194650000.0,200000.0,16657018571.36,17114840.0,0.0010274851965061248,0.9169488143144393,5958250.0,1712431.7499999464
2014-01-15,87.3076,194750000.0,100000.0,17003160529.13,8730760.0,0.0005134786550443,0.5179403911514542,7704402.0,2148969.7499999464
2014-01-16,87.1628,194750000.0,0.0,16974957796.36,0.0,0.0,0.10835826474215621,5169120.0,2148969.7499999464
2014-01-17,87.389,194750000.0,0.0,17019002663.96,0.0,0.0,0.10835826474215621,5169120.0,2754935.2499999464
2014-01-20,87.1453,194550000.0,-200000.0,16954119868.97,-17429060.0,-0.0010280132578217318,-0.6943733955817895,1683308.0,2294500.2499999464
2014-01-21,87.2724,194550000.0,0.0,16978853202.66,0.0,0.0,0.10845992960978915,-1739660.0,2294500.2499999464
2014-01-22,87.1823,194550000.0,0.0,16961320446.99,0.0,0.0,0.06974292673578655,-3485812.0,2294500.2499999464
2014-01-23,86.3831,194550000.0,0.0,16805833459.07,0.0,0.0,0.060203727676888516,-3485812.0,-8547.750000053831
2014-01-24,84.239,194550000.0,0.0,16388688093.03,0.0,0.0,0.05627935368471103,-3485812.0,-2327479.7500000536
2014-01-27,83.854,194550000.0,0.0,16313793195.03,0.0,0.0,0.05627935368471103,0.0,-2327479.7500000536
2014-01-28,84.371,194550000.0,0.0,16414383337.32,0.0,0.0,0.05627935368471103,0.0,-2542528.5000000536
2014-01-29,83.7408,194550000.0,0.0,16291764001.35,0.0,0.0,0.04850103070238404,0.0,-2542528.5000000536
2014-01-30,84.0699,194550000.0,0.0,16355802771.58,0.0,0.0,0.04850103070238404,0.0,-3174921.7500000536
2014-01-31,83.4688,194250000.0,-300000.0,16213815237.52,-25040640.0,-0.0015444014646259232,-1.3741206960848156,-5008128.0,-2945864.0000000536
2014-02-03,82.3921,194250000.0,0.0,16004664635.3,0.0,0.0,0.048569961365327416,-5008128.0,-197384.50000005364
2014-02-04,81.8662,194250000.0,0.0,15902508974.34,0.0,0.0,0.048569961365327416,-5008128.0,-197384.50000005364
2014-02-05,81.7619,194150000.0,-100000.0,15874081360.82,-8176190.0,-0.0005150653958584503,-0.4482324783676314,-6643366.0,-606194.0000000537
2014-02-06,83.0193,194250000.0,100000.0,16126504539.49,8301930.0,0.0005148003387634645,0.5286755096750934,-4982980.0,-824918.0000000537
2014-02-07,83.4256,194250000.0,0.0,16205419048.91,0.0,0.0,0.035055984552873856,25148.0,-824918.0000000537
2014-02-10,83.3164,194750000.0,500000.0,16225868691.93,41658200.0,0.0025673941279161757,2.3913409235152416,8356788.0,1257991.9999999464
2014-02-11,85.0101,194600000.0,-150000.0,16542961247.38,-12751515.0,-0.000770812118176214,-0.6918933018189237,5806485.0,-235325.75000005364
2014-02-12,85.5588,194600000.0,0.0,16649743008.15,0.0,0.0,0.01047561512553094,7441723.0,-671863.7500000537
2014-02-13,86.0675,195150000.0,550000.0,16796075412.71,47337125.0,0.00281834439515429,2.534268111528285,15248762.0,1694992.4999999464
2014-02-14,86.6557,195000000.0,-150000.0,16897861868.0,-12998355.0,-0.000769230752478536,-0.7034082562225503,12649091.0,1045074.7499999463
2014-02-17,86.6041,195000000.0,0.0,16887796016.32,0.0,0.0,-0.012976868843413444,4317451.0,1916527.7499999464
2014-02-18,86.6308,195000000.0,0.0,16893004330.94,0.0,0.0,-0.012976868843413444,6867754.0,1916527.7499999464
2014-02-19,86.6329,195100000.0,100000.0,16902079490.05,8663290.0,0.0005125576415079546,0.44574836361002307,8600412.0,2349692.2499999464
2014-02-20,86.2631,195300000.0,200000.0,16847181091.28,17252620.0,0.0010240656823550054,0.9347968979867831,2583511.0,3212323.2499999464
2014-02-21,86.6043,195550000.0,250000.0,16935478331.64,21651075.0,0.001278444846730429,1.1658211627096124,9513397.0,4294876.999999946
2014-02-24,87.0695,195650000.0,100000.0,17035152981.91,8706950.0,0.0005111166309598804,0.41710513433446844,11254787.0,4730224.499999946
2014-02-25,86.9832,195650000.0,0.0,17018254988.89,0.0,0.0,-0.07830945666056038,11254787.0,4730224.499999946
2014-02-26,86.6454,195650000.0,0.0,16952175170.35,0.0,0.0,-0.13619467848123906,9522129.0,4730224.499999946
2014-02-27,85.9861,195650000.0,0.0,16823185501.05,0.0,0.0,-0.13619467848123906,6071605.0,4730224.499999946
2014-02-28,86.9161,195500000.0,-150000.0,16992100151.29,-13037415.0,-0.0007672633096509985,-0.9963521468653121,-866093.0,5330385.749999946
2014-03-03,83.9273,195500000.0,0.0,16407789146.73,0.0,0.0,-0.14494658674238942,-2607483.0,5330385.749999946
2014-03-04,85.9917,195300000.0,-200000.0,16794175253.36,-17198340.0,-0.0010240657692648014,-1.270699015910352,-6047151.0,4470468.749999946
2014-03-05,85.5688,195300000.0,0.0,16711581112.64,0.0,0.0,-0.13962989313786284,-6047151.0,4879278.249999946
2014-03-06,85.5761,195700000.0,400000.0,16747246976.92,34230440.0,0.002043944300049688,2.061112657427741,798937.0,6175703.749999946
2014-03-07,83.853,195600000.0,-100000.0,16401643744.95,-8385299.999999999,-0.0005112475389902185,-0.7231465593706996,1729360.0,5756438.749999946
2014-03-10,83.0876,195600000.0,0.0,16251931002.62,0.0,0.0,-0.1640734667598618,1729360.0,3673528.7499999464
2014-03-11,83.4664,195500000.0,-100000.0,16317686968.9,-8346639.999999999,-0.0005115087705695006,-0.717284150027059,3499700.0,3893772.4999999464
2014-03-12,82.3981,195500000.0,0.0,16108824688.88,0.0,0.0,-0.15908240468183885,3499700.0,3893772.4999999464
2014-03-13,80.8652,195600000.0,100000.0,15817242337.94,8086520.0,0.000511247145819046,0.39396746656108805,-1729083.9999999995,1931242.2499999464
2014-03-14,81.2113,195900000.0,300000.0,15909288635.56,24363390.0,0.0015313940527512731,1.4867621211157604,4820654.0,3799329.4999999464
2014-03-17,82.3265,196050000.0,150000.0,16140111080.68,12348975.0,0.0007651109052639633,0.6383162005941364,7290449.0,4416778.249999946
2014-03-18,82.879,196100000.0,50000.0,16252578690.9,4143950.0000000005,0.0002549718465488953,0.0773657348372706,9788567.0,4623975.749999946
2014-03-19,83.1881,197050000.0,950000.0,16392215341.11,79028695.0,0.004821111323605182,4.5682948894858235,25594306.0,8142245.999999946
2014-03-20,83.3587,197250000.0,200000.0,16442513362.66,16671740.0,0.0010139410947878906,0.7743624019474415,27311350.0,8113201.999999946
2014-03-21,83.7782,196950000.0,-300000.0,16500117569.57,-25133460.0,-0.0015232291463396518,-1.703658322969996,17411980.0,5773975.249999946
2014-03-24,82.3951,196950000.0,0.0,16227723927.59,0.0,0.0,-0.21151523896830382,14942185.0,5338627.749999946
2014-03-25,83.7362,196800000.0,-150000.0,16479289698.09,-12560430.0,-0.0007621948658051562,-0.9444501992159051,11601309.0,4710606.249999946
2014-03-26,84.7236,196800000.0,0.0,16673601697.74,0.0,0.0,-0.20035604211023866,-4204430.0,4710606.249999946
2014-03-27,84.7468,196800000.0,0.0,16678170947.31,0.0,0.0,-0.19423405016908626,-7538778.0,4710606.249999946
2014-03-28,85.9655,196700000.0,-100000.0,16909416912.91,-8596550.0,-0.0005083883166566617,-0.6857332371496112,-4231396.0,4932649.499999946
2014-03-31,85.684,196700000.0,0.0,16854041631.96,0.0,0.0,-0.18974443293104942,-4231396.0,4932649.499999946
2014-04-01,86.1121,196700000.0,0.0,16938257737.34,0.0,0.0,-0.18974443293104942,-1719310.0,5792566.499999946
2014-04-02,86.288,196700000.0,0.0,16972847311.14,0.0,0.0,-0.17682944177494486,-1719310.0,5792566.499999946
2014-04-03,86.3357,196750000.0,50000.0,16986551933.5,4316785.0,0.0002541295618380714,0.09003576294146198,-855953.0,4296883.749999946
2014-04-04,86.9355,196750000.0,0.0,17104566415.97,0.0,0.0,-0.15434844325508998,863357.0,4716148.749999946
2014-04-07,85.2768,196750000.0,0.0,16778201946.92,0.0,0.0,-0.13215584310194134,863357.0,4716148.749999946
2014-04-08,85.0966,196050000.0,-700000.0,16683191467.07,-59567620.0,-0.003570517075079857,-3.6395710663227314,-11050167.0,2155099.7499999464
2014-04-09,85.2357,195700000.0,-350000.0,16680621290.67,-29832494.999999996,-0.0017884522692620721,-1.8292275825214017,-17016666.0,663474.9999999466
2014-04-10,84.7709,194800000.0,-900000.0,16513378928.14,-76293810.0,-0.0046201210746753835,-4.206733246693741,-33138785.0,-3555541.5000000536
2014-04-11,83.5223,194600000.0,-200000.0,16253436302.89,-16704460.0,-0.0010277494364087062,-0.9619800140892023,-36479677.0,-5608934.000000054
2014-04-14,83.7353,193950000.0,-650000.0,16240461132.65,-54427945.0,-0.0033513792838417295,-2.9529004912855887,-47365266.0,-8947780.000000054
2014-04-15,82.2518,193950000.0,0.0,15952729421.77,0.0,0.0,-0.022013049037033234,-35451742.0,-9154977.500000054
2014-04-16,83.5433,193950000.0,0.0,16203217139.22,0.0,0.0,-0.02772895535754841,-29485243.0,-13106412.250000054
2014-04-17,84.3666,193950000.0,0.0,16362910469.6,0.0,0.0,-0.04351276806455052,-14226481.0,-13939999.250000054
2014-04-22,86.0716,193600000.0,-350000.0,16663458888.68,-30125060.0,-0.001807851551184543,-1.6195129648936464,-16910601.0,-14189579.250000054
2014-04-23,85.5702,193300000.0,-300000.0,16540725359.14,-25671060.0,-0.0015519911879689607,-1.3720773892242761,-11159224.0,-15473132.250000054
2014-04-24,85.6101,193000000.0,-300000.0,16522750982.31,-25683030.0,-0.0015544039868117246,-1.3522837145061852,-16295830.0,-16129262.250000054
2014-04-25,84.2908,192800000.0,-200000.0,16251262032.1,-16858160.0,-0.001037344666937327,-0.8942279040135566,-19667462.0,-16972170.250000052
2014-04-28,84.6914,192400000.0,-400000.0,16294630184.95,-33876560.0,-0.002079001463395528,-1.754466242895258,-26442774.0,-18665998.250000052
2014-04-29,85.926,187650000.0,-4750000.0,16124019602.08,-408148500.0,-0.025313073915349794,-9.68224109939137,-102047462.0,-38643595.75000005
2014-04-30,86.0972,187300000.0,-350000.0,16126003264.87,-30134020.0,-0.0018686601698541157,-0.625887565069668,-102940054.0,-40150296.75000005
2014-05-02,85.1551,187300000.0,0.0,15949552384.04,0.0,0.0,0.09941069828162627,-97803448.0,-40150296.75000005
2014-05-05,84.9178,193450000.0,6150000.0,16427342907.59,522244470.0,0.03179117115517842,8.134471876865685,10017078.0,-14038073.250000054
2014-05-06,84.3653,195100000.0,1650000.0,16459678408.98,139202745.0,0.008457197129930216,2.103914567331094,44632939.0,-7293775.250000054
2014-05-07,84.8432,195100000.0,0.0,16552906304.78,0.0,0.0,-0.017950552724234865,126262639.0,-7293775.250000054
2014-05-08,85.6101,195200000.0,100000.0,16711091103.68,8561010.0,0.0005122950947299158,0.10961885227131796,134001645.0,-6865724.750000054
2014-05-09,85.3785,195700000.0,500000.0,16708578933.86,42689250.0,0.0025549300254068927,0.6161982200063333,142539495.0,-1752881.2500000536
2014-05-12,86.4556,195500000.0,-200000.0,16902061095.63,-17291120.0,-0.0010230184296559307,-0.27750660275894434,34632377.0,-1125812.5000000538
2014-05-13,86.9182,195500000.0,0.0,16992502824.64,0.0,0.0,-0.021105101317371533,6791828.0,2688877.9999999464
2014-05-14,86.9175,196000000.0,500000.0,17035837038.48,43458750.0,0.0025510193541906263,0.6119625897803599,15483578.0,5697038.499999946
2014-05-15,86.0411,195800000.0,-200000.0,16846838564.72,-17208220.0,-0.0010214509941370716,-0.27923413836271666,10329732.0,7558024.749999946
2014-05-16,85.8006,195950000.0,150000.0,16812625159.07,12870090.0,0.0007655015131921204,0.16724821995882455,4365900.0,8201529.249999946
2014-05-19,86.0693,195800000.0,-150000.0,16852369739.18,-12910395.0,-0.0007660878084097977,-0.21421914579244236,5242045.0,7556009.499999946
2014-05-20,85.888,195400000.0,-400000.0,16782511835.01,-34355200.0,-0.0020470833173096064,-0.52968462740432,-1628995.0,5838249.499999946
2014-05-21,86.4114,195400000.0,0.0,16884794058.34,0.0,0.0,-0.0183418566973785,-10320745.0,7344502.499999946
2014-05-22,86.6163,195150000.0,-250000.0,16903173206.64,-21654075.0,-0.0012810656753782612,-0.33551407998262095,-11209916.0,7545351.749999946
2014-05-23,87.0356,195050000.0,-100000.0,16976291775.72,-8703560.0,-0.0005126891146185465,-0.14259306578452977,-15524646.0,8394325.249999946
2014-05-26,88.1384,194550000.0,-500000.0,17147329869.09,-44069200.0,-0.0025700327885707567,-0.6486657380320161,-21756407.0,7033773.249999946
2014-05-27,88.5754,194550000.0,0.0,17232343685.74,0.0,0.0,-0.008164305695076594,-14885367.0,8727601.249999946
2014-05-28,88.5603,194050000.0,-500000.0,17185130737.0,-44280150.0,-0.0025766548231526557,-0.6410203070026478,-23741397.0,26921018.749999948
2014-05-29,88.5575,194250000.0,200000.0,17202295955.81,17711500.0,0.0010296009349855429,0.254497914746956,-15868282.0,29313294.749999948
2014-05-30,88.5954,194250000.0,0.0,17209653028.79,0.0,0.0,-0.0001325512592853628,-14127570.0,29313294.749999948
2014-06-02,88.6554,194150000.0,-100000.0,17212436632.8,-8865540.0,-0.0005150659484843556,-0.1272580539407092,-7086838.0,2757794.2499999464
2014-06-03,88.384,194150000.0,0.0,17159760538.02,0.0,0.0,0.000935739447779096,-7086838.0,-4202343.000000054
2014-06-04,88.4454,194150000.0,0.0,17171670714.6,0.0,0.0,0.002004161781713975,1769192.0,-4202343.000000054
2014-06-05,88.6335,193450000.0,-700000.0,17146143094.21,-62043450.0,-0.0036185076526598662,-0.8881738984277145,-14181798.0,-7732566.000000054
2014-06-06,88.9857,193250000.0,-200000.0,17196490366.14,-17797140.0,-0.0010349286174720096,-0.2440134868681055,-17741226.0,-10756885.500000054
2014-06-09,89.1762,193150000.0,-100000.0,17224383292.08,-8917620.0,-0.000517732324506529,-0.11465710123835529,-17751642.0,-10338210.500000054
2014-06-10,89.3539,193250000.0,100000.0,17267632209.65,8935390.0,0.0005174646929882178,0.14100696936032503,-15964564.0,-9891441.000000054
2014-06-11,88.6509,193250000.0,0.0,17131789249.99,0.0,0.0,0.011082614493141954,-15964564.0,-12064378.500000054
2014-06-12,88.5503,193350000.0,100000.0,17121192311.94,8855030.0,0.0005171970408757495,0.13722491577726048,-1784868.0,-10761216.000000054
2014-06-13,88.3201,193350000.0,0.0,17076684907.06,0.0,0.0,0.008948003899049688,1774560.0,-11404720.500000054
2014-06-16,88.0523,193250000.0,-100000.0,17016107691.01,-8805230.0,-0.0005174644025467707,-0.11831871448106512,1797038.0,-11199462.250000054
2014-06-17,88.3778,193150000.0,-100000.0,17070162807.96,-8837780.0,-0.0005177326132987348,-0.11170619285066351,-1757596.0,-9923591.250000054
2014-06-18,88.4664,193050000.0,-100000.0,17078440233.11,-8846640.0,-0.0005180004660407456,-0.10508607092476718,-3526924.0,-10365923.250000054
2014-06-19,89.1323,193050000.0,0.0,17206982453.6,0.0,0.0,0.023927649847866106,-5297930.0,-9283219.500000054
2014-06-20,88.9736,192200000.0,-850000.0,17100724089.75,-75627560.0,-0.004422477060215853,-1.0627407715782782,-20423442.0,-12629419.500000054
2014-06-23,88.3826,192100000.0,-100000.0,16978295117.72,-8838260.0,-0.0005205622789991227,-0.09447760500001333,-20430048.0,-10867872.500000054
2014-06-24,88.5435,192150000.0,50000.0,17013637334.68,4427175.0,0.0002602133167007035,0.10011644474211284,-17777057.0,-10646513.750000054
2014-06-25,87.9168,192250000.0,100000.0,16902004665.16,8791680.0,0.0005201560509637201,0.15987126906266294,-14249393.0,-7992922.250000054
2014-06-26,87.3567,192250000.0,0.0,16794321815.59,0.0,0.0,0.02399186074219342,-14249393.0,-8878497.250000054
2014-06-27,87.4478,192250000.0,0.0,16811830896.3,0.0,0.0,0.02399186074219342,876119.0,-8878497.250000054
2014-06-30,87.6061,192250000.0,0.0,16842280296.81,0.0,0.0,0.02399186074219342,2643771.0,-8435220.250000054
2014-07-01,88.2234,192150000.0,-100000.0,16952125605.2,-8822340.0,-0.0005204267715721608,-0.10279262550826504,-6132.0,-8876337.250000054
2014-07-02,88.301,192150000.0,0.0,16967038439.42,0.0,0.0,0.02667359466492477,-1764468.0,-8876337.250000054
2014-07-03,89.3531,192100000.0,-50000.0,17164722311.43,-4467655.0,-0.00026028122791272803,-0.037536698299066945,-2657999.0,-5997547.500000054
2014-07-04,89.1714,192100000.0,0.0,17129822274.16,0.0,0.0,0.029352990258147672,-2657999.0,-5107690.500000054
2014-07-07,88.2528,192100000.0,0.0,16953367557.11,0.0,0.0,0.030420888718652995,-2657999.0,-4661809.500000054
2014-07-08,87.0643,192100000.0,0.0,16725054076.66,0.0,0.0,0.030420888718652995,-893531.0,-5108579.000000054
2014-07-09,87.3804,192000000.0,-100000.0,16777041526.44,-8738040.0,-0.0005208331866037984,-0.09811875164783206,-2641139.0,-5545481.000000054
2014-07-10,86.0524,192000000.0,0.0,16522052942.45,0.0,0.0,0.029374083691062893,-1747608.0,-5988232.500000054
2014-07-11,86.1162,192000000.0,0.0,16534305717.11,0.0,0.0,0.029374083691062893,-1747608.0,-5988232.500000054
2014-07-14,87.1543,191300000.0,-700000.0,16672624271.4,-61008010.00000001,-0.003659172605757832,-0.8710664568132845,-13949210.0,-8598371.500000054
2014-07-15,86.5875,191300000.0,0.0,16564182663.39,0.0,0.0,0.03684553862285869,-13949210.0,-8156482.500000054
2014-07-16,87.8328,191300000.0,0.0,16802413058.07,0.0,0.0,0.03684553862285869,-12201602.000000002,-7714150.500000054
2014-07-17,86.8938,191550000.0,250000.0,16644514596.88,21723450.0,0.0013051416953950728,0.3577858671664204,-7856912.000000002,-6627978.000000054
2014-07-18,86.5918,191550000.0,0.0,16586665497.23,0.0,0.0,0.03412861698604362,-7856912.000000002,-2846600.000000054
2014-07-21,85.6292,191550000.0,0.0,16402272510.95,0.0,0.0,0.03412861698604362,4344690.0,-2404687.000000054
2014-07-22,86.7179,191850000.0,300000.0,16636831434.48,26015370.0,0.001563721439533425,0.4183700379698455,9547764.0,-1325277.250000054
2014-07-23,86.8888,191900000.0,50000.0,16673966435.83,4344440.0,0.00026055228170931256,0.09175769533085583,10416652.0,-1547639.250000054
2014-07-24,87.2492,191900000.0,0.0,16743120166.54,0.0,0.0,0.02716033252318454,6071962.0,-1547639.250000054
2014-07-25,85.9124,192000000.0,100000.0,16495175836.04,8591240.0,0.0005208334900698155,0.15519643429401486,7790210.0,-1118077.250000054
2014-07-28,85.503,192000000.0,0.0,16416576935.49,0.0,0.0,0.025018676992533503,7790210.0,-1118077.250000054
2014-07-29,85.9967,192000000.0,0.0,16511360010.75,0.0,0.0,0.026084713457906382,2587136.0,-676960.250000054
2014-07-30,85.4623,192000000.0,0.0,16408770356.95,0.0,0.0,0.026084713457906382,1718248.0,-676960.250000054
2014-07-31,83.8028,192100000.0,100000.0,16098514757.78,8380280.000000001,0.0005205623081439873,0.15965898820138028,3394304.0,-34563.50000005397
2014-08-01,82.0443,192250000.0,150000.0,15773017068.89,12306645.000000002,0.0007802340507367536,0.2209219496209173,4137385.000000001,580768.7499999462
2014-08-04,81.545,192350000.0,100000.0,15685187770.3,8154500.0,0.0005198853924745866,0.15517416837338333,5768285.000000001,988493.749999946
2014-08-05,81.8618,192650000.0,300000.0,15770669995.13,24558540.0,0.0015572287041440665,0.41600345861882665,10679993.0,2216420.749999946
2014-08-06,81.3297,192550000.0,-100000.0,15660037758.99,-8132970.0,-0.000519345491062503,-0.10095503997712232,9053399.0,2246674.249999946
2014-08-07,80.5182,192700000.0,150000.0,15515865244.27,12077729.999999998,0.0007784116328581996,0.22015509375914247,9792889.0,2850560.749999946
2014-08-08,80.2539,192700000.0,0.0,15464928808.53,0.0,0.0,0.0265937789285701,7331560.0,2850560.749999946
2014-08-11,81.7797,192850000.0,150000.0,15771207452.8,12266955.0,0.000777806964794071,0.2194323786913395,8154051.0,6514308.999999946
2014-08-12,80.7883,194000000.0,1150000.0,15672929167.67,92906545.00000001,0.005927835441995548,1.476424700485309,21823652.000000004,11159636.249999946
2014-08-13,81.9406,196050000.0,2050000.0,16064453672.97,167978230.0,0.01045651681778881,2.5052854375452136,57045892.0,19558547.749999948
2014-08-14,82.1738,196350000.0,300000.0,16134819081.1,24652140.0,0.0015278845009720015,0.3612733141926348,59560774.0,19704982.249999948
2014-08-15,80.9933,196950000.0,600000.0,15951634745.23,48595980.0,0.0030464576688311903,0.7177110591299317,69279970.0,22134781.249999948
2014-08-18,82.3527,197500000.0,550000.0,16264651931.65,45293985.0,0.0027848112084010064,0.6484055068261706,75885376.0,24399480.499999948
2014-08-19,83.1445,198850000.0,1350000.0,16533284719.28,112245074.99999999,0.006789036595317768,1.57435390019149,79753082.0,28710965.749999948
2014-08-20,82.9686,199300000.0,450000.0,16535639922.1,37335870.0,0.0022579029403089713,0.4973042404963681,53624610.0,30360537.249999948
2014-08-21,83.7428,199550000.0,250000.0,16710876608.38,20935700.0,0.0012528187772927113,0.25748057125453677,52881322.0,31407322.249999948
2014-08-22,83.187,199700000.0,150000.0,16612445842.85,12478050.0,0.0007511266021896802,0.13561281633834027,45657736.0,31601662.749999948
2014-08-25,84.7088,199700000.0,0.0,16916345364.51,0.0,0.0,-0.0417150733402155,36598939.0,31601662.749999948
2014-08-26,85.4032,200050000.0,350000.0,17084911200.26,29891120.0,0.001749562502820917,0.37199356521722343,20128148.0,33096218.749999948
2014-08-27,85.2379,200050000.0,0.0,17051839091.76,0.0,0.0,-0.042156093003064596,12660974.0,33096218.749999948
2014-08-28,84.2832,199750000.0,-300000.0,16835559524.05,-25284959.999999996,-0.0015018782098616815,-0.39363278280702346,3416842.000000001,31412956.749999948
2014-08-29,84.3506,199400000.0,-350000.0,16819515820.34,-29522710.0,-0.0017552651524188293,-0.4506490038405154,-4983309.999999999,29321488.999999948
2014-09-01,84.4285,199400000.0,0.0,16835034749.97,0.0,0.0,-0.036701113036571024,-4983309.999999999,28913763.999999948
2014-09-02,84.6775,199100000.0,-300000.0,16859282797.07,-25403250.0,-0.0015067811784030855,-0.3878466730389124,-16042184.0,26415674.499999948
2014-09-03,85.7412,199000000.0,-100000.0,17062502936.72,-8574120.0,-0.0005025124409823687,-0.14721075111143753,-17757008.0,26393616.999999948
2014-09-04,86.6117,198750000.0,-250000.0,17214072853.2,-21652925.0,-0.0012578618194923486,-0.321219166918612,-17030601.0,24707084.249999948
2014-09-05,86.814,198750000.0,0.0,17254291010.08,0.0,0.0,-0.02424713288402652,-11126059.0,24707084.249999948
2014-09-08,86.9111,196250000.0,-2500000.0,17056300164.73,-217277750.0,-0.012738855900841816,-2.898961640033527,-54581609.0,13229848.999999946
2014-09-09,86.4891,195900000.0,-350000.0,16943209487.21,-30271184.999999996,-0.0017866263781281197,-0.39255930159498714,-55555196.0,7070962.499999946
2014-09-10,86.395,195800000.0,-100000.0,16916150432.43,-8639500.0,-0.0005107249450464327,-0.10329843372302207,-55568272.0,-1759924.0000000536
2014-09-11,86.3155,193400000.0,-2400000.0,16693411208.04,-207157200.0,-0.012409518786683183,-2.708467743026906,-92669127.0,-13350391.000000054
2014-09-12,85.9575,193400000.0,0.0,16624181305.84,0.0,0.0,0.03437192262968296,-92669127.0,-15780190.000000054
2014-09-15,86.0322,190800000.0,-2600000.0,16414939311.77,-223683720.0,-0.013626838074242047,-2.850650677939114,-93950321.0,-29229075.250000052
2014-09-16,85.794,188200000.0,-2600000.0,16146436170.76,-223064400.0,-0.01381508573414814,-2.7714454730973395,-132508964.0,-45994549.00000005
2014-09-17,86.0481,188200000.0,0.0,16194253011.03,0.0,0.0,0.07838242219868402,-130781064.0,-47861342.50000005
2014-09-18,87.2647,185350000.0,-2850000.0,16174515511.48,-248704395.0,-0.015376311879232484,-2.952546933764618,-139090503.0,-61343347.250000045
2014-09-19,87.2744,182600000.0,-2750000.0,15936305494.74,-240004600.0,-0.015060240912124637,-2.770259043725681,-187091423.0,-73967479.75000004
2014-09-22,86.8305,179100000.0,-3500000.0,15551345918.11,-303906750.0,-0.01954215098810783,-3.417106036388008,-203136029.0,-89162817.25000004
2014-09-23,85.4544,176100000.0,-3000000.0,15048526801.61,-256363200.00000003,-0.017035767246835913,-2.8328826665585543,-209795789.0,-103475533.25000006
2014-09-24,86.0501,176400000.0,300000.0,15179234353.0,25815030.0,0.0017006806403840756,0.46199485573957366,-204632783.0,-102184781.75000006
2014-09-25,84.6966,173900000.0,-2500000.0,14728745820.35,-211741500.0,-0.014376071295048554,-2.291809768816246,-197240204.0,-111507608.75000004
2014-09-26,84.5231,171500000.0,-2400000.0,14495705463.63,-202855440.0,-0.01399417506853793,-2.1684460709407616,-189810372.0,-120174245.25000004
2014-09-29,83.9197,168900000.0,-2600000.0,14174035122.41,-218191220.00000003,-0.01539372649465406,-2.3299108423872026,-172667266.0,-131083806.25000004
2014-09-30,84.3769,166400000.0,-2500000.0,14040318773.84,-210942250.00000003,-0.015024035664562603,-2.2104693534672077,-163583076.00000003,-140360756.25000006
2014-10-01,83.555,163900000.0,-2500000.0,13694662197.72,-208887500.00000003,-0.01525320573696059,-2.1829001999832154,-210523582.00000003,-150376425.25000006
2014-10-02,81.8954,160900000.0,-3000000.0,13176971987.89,-245686200.0,-0.018645118182370912,-2.620505487606843,-217312522.0,-161578089.00000006
2014-10-06,82.0172,158600000.0,-2300000.0,13007929876.92,-188639560.0,-0.014501889369399477,-1.9348072728134125,-214469346.00000003,-171010067.00000006
2014-10-07,80.919,155550000.0,-3050000.0,12586946362.19,-246802950.0,-0.019607849505212223,-2.6043111362744322,-220191692.0,-172486327.00000006
2014-10-08,80.1085,155550000.0,0.0,12460874955.81,0.0,0.0,0.27346206907654563,-178003242.0,-170972767.75000006
2014-10-09,80.1945,153450000.0,-2100000.0,12305841086.71,-168408450.0,-0.01368524498352875,-1.699363151783831,-169907432.0,-178961215.25000006
2014-10-10,78.269,151450000.0,-2000000.0,11853840825.92,-156538000.0,-0.01320567757732235,-1.5982094432211282,-152077792.0,-176430255.25000006
2014-10-13,78.4784,149750000.0,-1700000.0,11752133976.93,-133413279.99999999,-0.0113522599607779,-1.3111253823599474,-141032536.0,-183100919.25000006
2014-10-14,78.5918,149900000.0,150000.0,11780914463.14,11788770.000000002,0.0010006668019604573,0.444437493656732,-89314192.0,-171327294.75000006
2014-10-15,76.3366,151000000.0,1100000.0,11526824409.11,83970260.0,0.007284769596527882,1.317363071272564,-72520140.0,-155975561.75000006
2014-10-16,76.4338,151000000.0,0.0,11541502807.75,0.0,0.0,0.2717194510528376,-38838450.0,-155975561.75000006
2014-10-17,78.814,151200000.0,200000.0,11916682046.2,15762799.999999998,0.0013227507404232918,0.46322404711838927,-4378289.999999997,-142752202.00000006
2014-10-20,77.6332,152400000.0,1200000.0,11831299308.47,93159840.0,0.007874015995293695,1.4110775125000858,40936334.0,-126093980.00000004
2014-10-21,79.1393,153750000.0,1350000.0,12167661788.72,106838055.00000001,0.008780491836076836,1.740706694552134,59946191.0,-105556739.75000006
2014-10-22,79.6124,154300000.0,550000.0,12284200085.66,43786820.0,0.0035644828067490273,0.9078495333811443,51909503.0,-90549238.75000006
2014-10-23,80.5662,155100000.0,800000.0,12495814979.31,64452959.99999999,0.005157963694782474,1.1558573748537204,64800095.0,-88617342.25000006
2014-10-24,80.0359,155800000.0,700000.0,12469595850.5,56025130.0,0.004492938718439181,1.0379691457720828,72852561.0,-75229010.75000006
2014-10-27,79.2764,154100000.0,-1700000.0,12216495721.76,-134769880.0,-0.011031795292978177,-1.454625871631963,27266617.0,-71824732.75000006
2014-10-28,80.7503,154250000.0,150000.0,12455735079.2,12112545.0,0.0009724472239480191,0.4782975988117591,8321514.999999997,-60309544.50000006
2014-10-29,80.8804,154100000.0,-150000.0,12463667663.64,-12132060.0,-0.0009733940544156684,0.16610756622505643,-2862261.000000003,-50369035.00000005
2014-10-30,81.1651,153850000.0,-250000.0,12487256508.64,-20291275.0,-0.0016249586116822666,0.06684246334890939,-19811108.0,-40939223.75000005
2014-10-31,83.0526,153600000.0,-250000.0,12756873496.22,-20763150.0,-0.001627604914805524,0.0672374115620703,-35168764.0,-29693071.250000052
2014-11-03,82.3822,153250000.0,-350000.0,12625073055.8,-28833770.0,-0.0022838497545765624,-0.03471800893393209,-13981542.0,-21702781.750000052
2014-11-04,81.6231,153250000.0,0.0,12508745657.53,0.0,0.0,0.33348280891584536,-16404051.0,-9362634.250000052
2014-11-05,82.9495,150750000.0,-2500000.0,12504642737.35,-207373750.0,-0.016583740483892218,-2.2762941138481425,-55452389.0,-19731321.750000052
2014-11-06,83.5005,148850000.0,-1900000.0,12429045707.29,-158650950.0,-0.012764531866428534,-1.6376512183082512,-83124324.0,-19243446.750000052
2014-11-07,82.7382,146500000.0,-2350000.0,12121152278.96,-194434770.0,-0.01604094771893111,-2.0910627932593,-117858648.0,-21138285.250000052
2014-11-10,83.2719,142500000.0,-4000000.0,11866244875.39,-333087600.0,-0.028070177507528694,-3.673139572244325,-178709414.0,-31122001.250000052
2014-11-11,83.4243,142300000.0,-200000.0,11871274991.12,-16684860.0,-0.001405481720580197,0.17733256451076138,-182046386.0,-32545682.750000052
2014-11-12,82.0166,140150000.0,-2150000.0,11494631499.96,-176335690.0,-0.015340699699734927,-1.7931476937493123,-175838774.0,-45560980.25000005
2014-11-13,82.3506,139150000.0,-1000000.0,11459092789.7,-82350600.0,-0.007186485135544133,-0.6243081408576511,-160578704.0,-49678510.25000005
2014-11-14,82.3897,137150000.0,-2000000.0,11299749262.84,-164779400.0,-0.014582571362170694,-1.641347766714621,-154647630.0,-58705620.250000045
2014-11-17,82.8642,135050000.0,-2100000.0,11190814346.3,-174014820.0,-0.015549790624266252,-1.7379243610652444,-122833074.0,-72064353.25000004
2014-11-18,84.201,133050000.0,-2000000.0,11202949382.31,-168402000.0,-0.015031934382022195,-1.6312077132837124,-153176502.0,-85826356.00000004
2014-11-19,84.3456,130650000.0,-2400000.0,11019749700.36,-202429440.0,-0.01836969491179885,-2.0345585425373227,-158395252.0,-98137169.00000004
2014-11-20,84.4447,128300000.0,-2350000.0,10834257994.81,-198445045.0,-0.01831644078395238,-1.9749607642717546,-181614141.0,-111282069.25000004
2014-11-21,86.6576,125100000.0,-3200000.0,10840866767.41,-277304320.0,-0.025579533993871875,-2.8179277483576257,-204119125.0,-127948541.75000004
2014-11-24,87.1284,124600000.0,-500000.0,10856196363.8,-43564200.0,-0.00401284193285826,-0.04106703655059573,-178029001.0,-123388257.75000004
2014-11-25,87.8018,124500000.0,-100000.0,10931323291.6,-8780180.0,-0.0008032129108053174,0.3722717125928421,-146104637.0,-124432894.00000004
2014-11-26,88.2842,124050000.0,-450000.0,10951654291.22,-39727890.0,-0.0036275697665009445,0.013275320359601812,-113564327.0,-125812685.50000004
2014-11-27,88.812,123650000.0,-400000.0,10981599247.16,-35524800.0,-0.0032349386642557755,0.06740303312972466,-80980278.0,-126574361.75000004
2014-11-28,88.8648,123400000.0,-250000.0,10965915461.59,-22216200.0,-0.0020259320872768032,0.22630608705237876,-29962654.0,-126647014.25000004
2014-12-01,88.7094,123650000.0,250000.0,10968919280.76,22177350.0,0.0020218354636723523,0.7457278990618054,-16814344.0,-124096458.25000004
2014-12-02,88.447,120400000.0,-3250000.0,10649015726.62,-287452750.0,-0.026993363272197698,-2.8640588896728447,-72548858.0,-138469095.75000006
2014-12-03,88.7823,116000000.0,-4400000.0,10298745239.36,-390642120.0,-0.03793104023071026,-3.9092227828459842,-142731704.0,-147632514.25000006
2014-12-04,87.7086,112200000.0,-3800000.0,9840910470.13,-333292680.0,-0.03386807359051171,-3.251311824240277,-202285280.0,-156364600.75000006
2014-12-05,89.8071,108200000.0,-4000000.0,9717128641.97,-359228400.0,-0.0369685751044222,-3.3873598004765113,-269687720.0,-164604282.25000006
2014-12-08,89.1639,105500000.0,-2700000.0,9406786931.82,-240742530.0,-0.025592429353921996,-2.12593068584101,-322271696.0,-159987028.75000006
2014-12-09,87.1937,101300000.0,-4200000.0,8832720706.6,-366213540.0,-0.04146101208955439,-3.5336483406332864,-338023854.0,-177463462.75000006
2014-12-10,87.2469,99300000.0,-2000000.0,8663615187.33,-174493800.0,-0.020140991517627233,-1.417582845407179,-294794190.0,-177371368.25000006
2014-12-11,87.8056,97700000.0,-1600000.0,8578606871.27,-140488960.0,-0.01637666372969037,-1.0345368117494684,-256233446.0,-180278286.25000006
2014-12-12,85.4212,97200000.0,-500000.0,8302941032.56,-42710600.0,-0.005144032678602714,0.05899259209769491,-192929886.0,-174174846.25000006
2014-12-15,83.0992,97050000.0,-150000.0,8064780072.74,-12464880.0,-0.001545594534205949,0.40990487875633486,-147274356.0,-166097349.25000006
2014-12-16,85.1453,97050000.0,0.0,8263353319.28,0.0,0.0,0.5600750888451493,-74031648.0,-157677249.25000006
2014-12-17,84.9717,97150000.0,100000.0,8255001392.99,8497170.0,0.0010293359862077849,0.6583442925427562,-37433454.0,-147130918.75000006
2014-12-18,87.345,97500000.0,350000.0,8516139613.48,30570750.0,0.003589742698864433,0.9020959539000654,-3221512.0,-135680129.00000006
2014-12-19,87.1301,97800000.0,300000.0,8521328191.93,26139030.0,0.003067483074382065,0.8472322673778396,10548414.0,-120507961.50000004
2014-12-22,87.8305,97800000.0,0.0,8589825048.35,0.0,0.0,0.550604085731963,13041390.0,-118329751.50000004
2014-12-23,88.3308,99400000.0,1600000.0,8780079588.81,141329280.0,0.016096583017324896,2.0588756739553693,41307246.0,-110824278.50000004
2014-12-29,88.3733,99100000.0,-300000.0,8757797537.16,-26511990.0,-0.003027243994566855,0.24339216594843002,34305414.0,-110163483.50000004
2014-12-30,87.2907,99100000.0,0.0,8650504841.21,0.0,0.0,0.5309372942650779,28191264.0,-108387243.50000004
2015-01-02,86.9262,99350000.0,250000.0,8636113547.01,21731550.0,0.0025163576048075364,0.7673441279668863,27309768.0,-106189856.00000004
2015-01-05,84.3294,99350000.0,0.0,8378124987.87,0.0,0.0,0.52825231191678,27309768.0,-107298723.50000004
2015-01-06,84.2979,99350000.0,0.0,8374993032.6,0.0,0.0,0.5248140768957941,-956088.0,-92926086.00000004
2015-01-07,84.7295,99400000.0,50000.0,8422112544.5,4236475.0,0.0005030180940489331,0.5720354033713893,5193605.0,-73182156.25000004
2015-01-08,87.5727,98750000.0,-650000.0,8647807391.96,-56922255.0,-0.006582275994366098,-0.0952350222875462,-6190846.0,-59363635.000000045
2015-01-09,85.8889,98750000.0,0.0,8481526267.93,0.0,0.0,0.5314650906974385,-10537156.0,-41402215.00000005
2015-01-12,87.0754,98750000.0,0.0,8598697663.84,0.0,0.0,0.5314650906974385,-10537156.0,-29365088.500000052
2015-01-13,88.4913,98750000.0,0.0,8738520038.31,0.0,0.0,0.5314650906974385,-10537156.0,-11054411.500000054
2015-01-14,87.3878,98750000.0,0.0,8629548136.94,0.0,0.0,0.533107831735677,-11384451.0,-2329721.5000000536
2015-01-15,89.3062,98750000.0,0.0,8818986975.92,0.0,0.0,0.5333750142826046,0.0,4694726.499999946
2015-01-16,90.5091,98750000.0,0.0,8937769016.12,0.0,0.0,0.5333750142826046,0.0,6830256.499999946
2015-01-19,91.1718,98850000.0,100000.0,9012335042.24,9117180.0,0.001011633495344836,0.629088156861691,1823436.0,7909359.499999946
2015-01-20,91.303,99250000.0,400000.0,9061821128.61,36521200.0,0.0040302274213618264,0.9109102915027464,9127676.0,9735419.499999946
2015-01-21,91.6774,99800000.0,550000.0,9149405319.49,50422570.0,0.0055110215625260575,1.043475206389204,19212190.0,11831689.499999946
2015-01-22,92.8912,99800000.0,0.0,9270540962.85,0.0,0.0,0.5222716854278384,19212190.0,10303151.999999946
2015-01-23,94.7955,99800000.0,0.0,9460593462.54,0.0,0.0,0.5228002967586328,19212190.0,8996200.499999946
2015-01-26,96.1185,102600000.0,2800000.0,9861761409.45,269131800.0,0.027290439184840278,2.9704409565247567,71215114.0,22452790.499999948
2015-01-27,94.6071,103350000.0,750000.0,9777640496.91,70955325.0,0.007256896489743493,1.1348180417120282,78101939.0,18934092.749999948
2015-01-28,95.3402,102750000.0,-600000.0,9796202979.82,-57204120.0,-0.005839417590452081,-0.048003811978392125,56576601.0,17399486.249999948
2015-01-29,95.5792,102650000.0,-100000.0,9811207331.79,-9557920.0,-0.0009741838773532686,0.3945717008875356,54665017.0,16921590.249999948
2015-01-30,95.1904,102200000.0,-450000.0,9728460199.85,-42835680.0,-0.004403130518091699,0.08692398993970295,46097881.0,13693228.749999946
2015-02-02,96.3792,102300000.0,100000.0,9859594762.36,9637920.0,0.0009775168485416596,0.5756628252825091,-5800895.0,14175124.749999946
2015-02-03,96.939,104400000.0,2100000.0,10120432328.74,203571900.0,0.020114941080322885,2.254896930173456,20722420.0,24353719.749999948
2015-02-04,97.1199,104600000.0,200000.0,10158741448.87,19423980.0,0.001912045906253536,0.6373289110132093,36048040.0,25113094.999999948
2015-02-05,97.0669,105150000.0,550000.0,10206584596.9,53386795.0,0.005230622887916388,0.9420032213062844,48636983.0,30628547.499999948
2015-02-06,96.5412,105400000.0,250000.0,10175443619.11,24135300.0,0.002371916243010052,0.6845380417101956,62031179.0,31835312.499999948
2015-02-09,94.9122,106250000.0,850000.0,10084421405.02,80675370.0,0.007999999877022195,1.1814627448731325,76238669.0,35869080.99999995
2015-02-10,95.7157,107000000.0,750000.0,10241583257.73,71786775.0,0.007009343496360075,1.086658023716483,49881644.0,39458419.74999995
2015-02-11,95.7,107250000.0,250000.0,10263826461.52,23925000.0,0.002331001999078702,0.6749495543291771,50781848.0,40654669.74999995
2015-02-12,97.1909,107400000.0,150000.0,10438298748.25,14578635.0,0.0013966485680862635,0.5923102348769347,43020216.0,41383601.49999995
2015-02-13,97.5799,107550000.0,150000.0,10494717794.18,14636985.0,0.0013947001993819361,0.5919932937099109,41120553.0,42115450.74999995
2015-02-16,97.2212,108000000.0,450000.0,10499886886.89,43749540.0,0.004166667743309218,0.83585153499663,33735387.0,43847068.74999995
2015-02-17,96.9751,108350000.0,350000.0,10507248004.45,33941285.0,0.003230273520300014,0.7487615642595833,26166289.0,43718072.99999995
2015-02-18,97.5566,108300000.0,-50000.0,10565381106.94,-4877830.0,-0.00046168045909824657,0.42168978475946206,20405723.0,40953052.99999995
2015-02-19,97.9206,108550000.0,250000.0,10629284148.24,24480150.0,0.0023030854814482904,0.6659740790384465,22386026.0,42177060.49999995
2015-02-20,98.3536,108650000.0,100000.0,10686123148.77,9835360.0,0.0009203861740197215,0.5405188983628729,21425701.0,42668828.49999995
2015-02-23,99.067,108300000.0,-350000.0,10728957787.44,-34673450.0,-0.0032317631112866287,0.17189690940874824,5741103.0,27478565.999999948
2015-02-24,99.7326,108200000.0,-100000.0,10791062295.4,-9973260.0,-0.0009242148480832502,0.3782413182265367,-3041806.0,23432136.749999948
2015-02-25,99.7725,108250000.0,50000.0,10800370684.92,4988625.0,0.00046189386878779627,0.4999807681029747,-1068515.0,26541773.999999948
2015-02-26,100.8119,108350000.0,100000.0,10922972636.24,10081190.0,0.0009229346566842847,0.5397033147693094,-3948307.0,27523729.499999948
2015-02-27,101.4743,108450000.0,100000.0,11004889707.1,10147430.0,0.0009220837527752054,0.5376236024633254,-3885893.0,30172884.999999948
2015-03-02,101.5506,108600000.0,150000.0,11028389946.75,15232590.0,0.0013812161225301026,0.5771270034141179,6095315.0,30452618.499999948
2015-03-03,100.3933,108600000.0,0.0,10902710749.38,0.0,0.0,0.4454063702348668,8089967.0,20274023.499999948
2015-03-04,101.3719,108650000.0,50000.0,11014054062.98,5068595.0,0.00046019340117789685,0.48437923118520304,8105961.0,19556254.249999948
2015-03-05,102.3826,108500000.0,-150000.0,11108517111.25,-15357390.0,-0.0013824878555974867,0.3212259031699724,3018245.0,16119044.999999946
2015-03-06,102.8001,108150000.0,-350000.0,11117830366.86,-35980035.0,-0.003236246085139884,0.14978975911549683,-6207248.0,13113278.249999946
2015-03-09,103.0759,108100000.0,-50000.0,11142505065.42,-5153795.0,-0.0004625346786688434,0.3973549176895877,-10284525.0,8821819.999999946
2015-03-10,102.3483,109100000.0,1000000.0,11166194490.93,102348300.0,0.009165906977810102,1.2336754048668983,10185135.0,10349896.249999946
2015-03-11,105.0674,109200000.0,100000.0,11473360861.78,10506740.0,0.0009157508533528302,0.49124389271084157,11272764.0,9678983.249999946
2015-03-12,105.0082,109200000.0,0.0,11466897392.41,0.0,0.0,0.40980878879406113,14344242.0,8950051.499999946
2015-03-13,105.9173,109550000.0,350000.0,11603240406.0,37071055.0,0.0031948881263229425,0.6814717223492399,28954460.0,10071754.999999946
2015-03-16,108.2832,109800000.0,250000.0,11889496169.58,27070800.0,0.00227686687592888,0.5881736350947955,35399379.0,9237817.999999946
2015-03-17,106.6199,109650000.0,-150000.0,11690868032.3,-15992985.0,-0.0013679895244573747,0.2510477454741982,11731122.0,6741104.499999946
2015-03-18,106.1027,109400000.0,-250000.0,11607633972.72,-26525675.0,-0.002285192233175171,0.15833248593259375,4324639.0,5658712.249999946
2015-03-19,105.8942,109400000.0,0.0,11584830387.01,0.0,0.0,0.3666308565225142,4324639.0,4434704.749999946
2015-03-20,107.1394,109050000.0,-350000.0,11683551785.49,-37498790.0,-0.003209536850478155,0.06783144205306503,-10589330.0,2067997.2499999464
2015-03-23,105.8608,109050000.0,0.0,11544118211.26,0.0,0.0,0.3499887820758344,-16003490.0,3801669.7499999464
2015-03-24,106.838,109250000.0,200000.0,11672048677.69,21367600.0,0.0018306640582164565,0.5056247018591695,-8531373.0,5368712.749999946
2015-03-25,105.5884,109250000.0,0.0,11535528860.41,0.0,0.0,0.32802455836275946,-3226238.0,5119281.499999946
2015-03-26,105.3954,109700000.0,450000.0,11561871494.59,47427930.0,0.004102098005689853,0.6920515069485107,6259348.0,6986618.499999946
2015-03-27,105.6143,110350000.0,650000.0,11654532488.22,68649295.0,0.005890351678146537,0.8425129813123957,27488965.0,9911711.749999946
2015-03-30,107.55,110550000.0,200000.0,11889656636.17,21510000.0,0.0018091355081326377,0.4535796394274448,31790965.0,10225582.249999946
2015-03-31,106.4832,110550000.0,0.0,11771718685.92,0.0,0.0,0.27282560510794057,27517445.0,10225582.249999946
2015-04-01,106.796,110550000.0,0.0,11806302112.29,0.0,0.0,0.27282560510794057,27517445.0,9972152.499999946
2015-04-02,106.4932,111100000.0,550000.0,11831394839.12,58571260.0,0.004950494915978683,0.7246447691226282,29746111.0,13668584.999999946
2015-04-07,107.8804,111350000.0,250000.0,12012485378.0,26970100.0,0.0022451723478801307,0.4594309162244223,21410272.0,16816091.749999948
2015-04-08,107.0999,111500000.0,150000.0,11941639803.75,16064985.0,0.0013452913723754386,0.3653346019185484,20321269.0,17877030.749999948
2015-04-09,108.2613,111350000.0,-150000.0,12054892387.25,-16239195.0,-0.0013471041033245206,0.11246443714703729,17073430.0,11947655.999999946
2015-04-10,110.1141,107600000.0,-3750000.0,11848272121.92,-412927875.0,-0.034851315934587554,-2.9249330189878817,-65512145.0,-9224074.750000054
2015-04-13,109.7924,103900000.0,-3700000.0,11407428053.8,-406231880.0,-0.03561117178071332,-2.863229424324546,-158472773.0,-29535668.750000052
2015-04-14,108.8031,102000000.0,-1900000.0,11097918578.03,-206725890.0,-0.01862744698895566,-1.3395820917453416,-205211971.0,-41725516.00000005
2015-04-15,108.8359,98000000.0,-4000000.0,10665920455.9,-435343600.0,-0.0408163178977379,-3.125005175507808,-295493688.0,-64846236.000000045
2015-04-16,106.7669,94050000.0,-3950000.0,10041429981.75,-421729255.0,-0.04199892403437363,-3.0733373381507434,-376591700.0,-85133049.50000004
2015-04-17,104.0068,90300000.0,-3750000.0,9391815357.14,-390025500.0,-0.04152823337859687,-2.9003546332792514,-372011225.0,-103308040.75000004
2015-04-20,105.8136,90300000.0,0.0,9554969640.81,0.0,0.0,0.36128658047696227,-290764849.0,-103308040.75000004
2015-04-21,106.2373,86250000.0,-4050000.0,9162966301.37,-430261065.0,-0.04695652595990335,-3.159804203924166,-335471884.0,-122946154.50000004
2015-04-22,105.5943,81850000.0,-4400000.0,8642896935.01,-464614920.0,-0.05375685068254981,-3.4587238536909086,-341326148.0,-146176900.50000006
2015-04-23,104.3145,79850000.0,-2000000.0,8329510711.38,-208629000.0,-0.025046969411416386,-1.3804564721766384,-298706097.0,-157676730.50000006
2015-04-24,105.0905,79850000.0,0.0,8391478801.23,0.0,0.0,0.39672969114305484,-220700997.0,-157676730.50000006
2015-04-27,107.1207,77250000.0,-2600000.0,8275076295.05,-278513820.0,-0.03365694889926295,-1.9416921014563566,-276403761.0,-173973818.00000006
2015-04-28,105.0961,76400000.0,-850000.0,8029339478.15,-89331685.0,-0.011125658000025485,-0.3623721992766576,-208217885.0,-181872867.00000006
2015-04-29,101.7226,75850000.0,-550000.0,7715658470.65,-55947430.0,-0.007251154287456007,-0.08893442559165161,-126484387.0,-185745738.50000006
2015-04-30,101.9149,76000000.0,150000.0,7745530613.76,15287235.0,0.0019736846656886356,0.5539601990212405,-81701140.0,-184981376.75000006
2015-05-04,102.751,76000000.0,0.0,7809078685.77,0.0,0.0,0.4071922523469754,-81701140.0,-184981376.75000006
2015-05-05,100.1671,77300000.0,1300000.0,7742915237.88,130217230.0,0.016817597248507826,1.551419160130417,45070.0,-181399078.25000006
2015-05-06,100.3654,79200000.0,1900000.0,7948938832.14,190694260.0,0.023989901548740637,1.995182944235496,56050259.0,-173212870.25000006
2015-05-07,100.876,80700000.0,1500000.0,8140694550.48,151314000.0,0.018587357511292212,1.599020497144846,97502545.0,-166450419.50000006
2015-05-08,103.5438,81650000.0,950000.0,8454354744.64,98366610.0,0.011635022774785233,1.1117647768099657,114118420.0,-160720129.25000006
2015-05-11,103.2209,81950000.0,300000.0,8458949776.6,30966270.0,0.0036607700503982206,0.5602864976631887,120311674.0,-138525422.00000006
2015-05-12,101.4437,82150000.0,200000.0,8333599449.35,20288740.0,0.002434571054597839,0.4711643079460767,98325976.0,-117199391.00000004
2015-05-13,100.3738,81950000.0,-200000.0,8225629445.99,-20074760.0,-0.0024405135353849985,0.13365998041429691,56172172.0,-107866834.50000004
2015-05-14,102.2157,81850000.0,-100000.0,8366353238.67,-10221570.0,-0.001221747362130854,0.20889136332341002,23865058.0,-86610733.00000004
2015-05-15,101.218,82050000.0,200000.0,8304933682.85,20243600.0,0.002437539030781642,0.44901435678317175,8240456.0,-64512090.250000045
2015-05-18,102.5187,81900000.0,-150000.0,8396285366.36,-15377805.0,-0.0018315009946674387,0.148809374626401,-1028359.0,-45779705.50000005
2015-05-19,104.8089,81950000.0,50000.0,8589085489.38,5240445.0,0.0006101284015020648,0.3064378862689093,-4038018.0,-45517683.25000005
2015-05-20,104.7656,82350000.0,400000.0,8627444639.84,41906240.0,0.004857317751595236,0.5858245673296866,8358182.0,-21909318.000000052
2015-05-21,104.9077,83100000.0,750000.0,8717827826.04,78680775.0,0.00902527287416504,0.8645299925014539,26138651.0,5255466.749999946
2015-05-22,104.469,83150000.0,50000.0,8686599484.08,5223450.0,0.0006013227626729031,0.281440685147293,23134621.0,15948089.249999946
2015-05-25,104.4677,83050000.0,-100000.0,8676045781.62,-10446770.0,-0.0012040934618085162,0.1552705643195224,24120828.0,15425750.749999946
2015-05-26,102.7883,83050000.0,0.0,8536571538.6,0.0,0.0,0.2365494264299499,23072739.0,29351441.749999948
2015-05-27,104.0789,83050000.0,0.0,8643748631.39,0.0,0.0,0.2353372425627365,14691491.0,33818025.99999995
2015-05-28,103.2502,83300000.0,250000.0,8600744943.39,25812550.0,0.0030011993344643863,0.44195080663361164,4117846.0,37906024.99999995
2015-05-29,100.9177,82800000.0,-500000.0,8355982010.03,-50458850.0,-0.0060386499084646595,-0.1964956555925899,-7018614.0,34618720.74999995
2015-06-01,101.1129,82300000.0,-500000.0,8321593850.22,-50556450.0,-0.006075332551667783,-0.2231725729187646,-15040550.0,32090898.249999948
2015-06-02,100.164,82300000.0,0.0,8243500071.34,0.0,0.0,0.19579638378203373,-15040550.0,25580036.749999948
2015-06-03,100.9665,82400000.0,100000.0,8319639015.56,10096650.0,0.0012135923182624274,0.2684613913796201,-13021220.0,16550156.249999946
2015-06-04,100.2675,82400000.0,0.0,8262042873.22,0.0,0.0,0.16333880510362328,-18183730.0,8984456.249999946
2015-06-05,98.9988,82500000.0,100000.0,8167402626.58,9899880.0,0.0012121209707210742,0.23769131240014346,-6111984.0,4561119.749999946
2015-06-08,97.8286,82550000.0,50000.0,8075753180.0,4891430.0,0.0006056933503259939,0.17755910873615896,4977592.0,3257377.7499999464
2015-06-09,97.2656,82600000.0,50000.0,8034136181.59,4863280.0,0.0006053270557131047,0.16719291170081998,5950248.0,2486104.7499999464
2015-06-10,99.6001,82600000.0,0.0,8226971640.89,0.0,0.0,0.1151466717058299,3930918.0,3489842.7499999464
2015-06-11,100.1956,83050000.0,450000.0,8321245850.15,45088020.0,0.0054184218099008865,0.5452984118916847,12948522.0,6255322.249999946
2015-06-12,98.9902,84100000.0,1050000.0,8325079940.67,103939710.0,0.012485130562197936,1.0986110334456796,31756488.0,10440127.749999946
2015-06-15,97.1192,84200000.0,100000.0,8177434632.07,9711920.0,0.0011876487476784106,0.19621690565105612,32720586.0,11694613.999999946
2015-06-16,97.6407,84300000.0,100000.0,8231112742.72,9764070.0,0.0011862393706896825,0.19779743482974005,33700744.0,11920795.249999946
2015-06-17,97.0569,84550000.0,250000.0,8206158310.63,24264225.0,0.0029568312091382497,0.3393538849201313,38553589.0,11038694.499999946
2015-06-18,98.1376,84750000.0,200000.0,8317160277.82,19627520.0,0.00235988238105044,0.2899934762636905,33461489.0,8086031.749999946
2015-06-19,97.6049,84900000.0,150000.0,8286653654.41,14640735.0,0.0017667849545284758,0.25416806986630497,15601694.0,8556895.999999946
2015-06-22,101.3202,84900000.0,0.0,8602086159.22,0.0,0.0,0.10988365316174185,13659310.0,9079234.499999946
2015-06-23,102.045,85400000.0,500000.0,8714646708.59,51022500.0,0.005854798445209176,0.5765904147887932,21910996.0,11630359.499999946
2015-06-24,101.4146,85600000.0,200000.0,8681085587.66,20282920.0,0.002336449721084629,0.2938143864943259,21114735.0,12644505.499999946
2015-06-25,101.4306,86150000.0,550000.0,8738247147.37,55786830.0,0.006384212881503411,0.6140710999922013,28346597.0,14143219.499999946
2015-06-26,101.6008,86300000.0,150000.0,8768152381.05,15240120.000000002,0.0017381221650455594,0.23983808698362843,28466474.0,17428167.999999948
2015-06-29,97.9818,86500000.0,200000.0,8475427783.72,19596360.0,0.0023121381598745503,0.2846310215862487,32385746.0,20935808.499999948
2015-06-30,96.7595,87700000.0,1200000.0,8485804965.84,116111400.0,0.013683015396584272,1.1775411279258985,45403526.0,26741378.499999948
2015-07-01,98.8404,88700000.0,1000000.0,8767139803.67,98840400.0,0.011273961886478024,0.9737953794751527,61115022.0,31178565.999999948
2015-07-02,98.1224,88900000.0,200000.0,8723077564.89,19624480.0,0.002249719763926858,0.2546253577009305,53882552.0,32159789.999999948
2015-07-03,97.7598,89450000.0,550000.0,8744617920.29,53767890.0,0.006148683737827264,0.5597923986419495,61588106.0,34353190.49999995
2015-07-06,96.2755,89450000.0,0.0,8611845119.78,0.0,0.0,0.07160321847235909,57668834.0,34108618.99999995
2015-07-07,94.3846,89550000.0,100000.0,8452137968.86,9438460.0,0.0011166949752564241,0.15951324841185005,36334246.0,34337377.99999995
2015-07-08,95.0076,89950000.0,400000.0,8545935860.05,38003040.0,0.004446913787131753,0.42065222801990265,24166774.0,36237529.99999995
2015-07-09,97.2095,90300000.0,350000.0,8778015992.38,34023325.0,0.0038759698124877983,0.3732782529663064,27046543.0,35684295.24999995
2015-07-10,100.0312,89300000.0,-1000000.0,8932781857.98,-100031200.0,-0.011198213679721538,-0.8101881042021252,-3713275.0,25485749.749999948
2015-07-13,101.5217,89350000.0,50000.0,9070962518.48,5076085.0,0.0005595971750140786,0.12350947955791504,-2698058.0,25253957.999999948
2015-07-14,101.8088,89650000.0,300000.0,9127157323.76,30542640.0,0.0033463474898685905,0.3418651179241049,1522778.0,26292886.499999948
2015-07-15,102.0096,89650000.0,0.0,9145158986.93,0.0,0.0,0.07694174472442966,-6077830.0,25079675.249999948
2015-07-16,103.5748,89550000.0,-100000.0,9275125099.14,-10357480.0,-0.0011166943722365921,0.007435921870571813,-14953991.0,23580425.249999948
2015-07-17,103.1913,89550000.0,0.0,9240776748.13,0.0,0.0,0.10287192111022982,5052249.0,22848388.499999948
2015-07-20,103.7407,89550000.0,0.0,9289981462.93,0.0,0.0,0.09898085501493759,4037032.0,22848388.499999948
2015-07-21,102.583,89850000.0,300000.0,9217079764.76,30774900.0,0.0033388991725625296,0.36665548850817664,4083484.0,21836008.499999948
2015-07-22,101.8379,90000000.0,150000.0,9165411295.04,15275685.0,0.0016666666130156827,0.22702363047051524,7138621.0,21585646.749999948
2015-07-23,101.7618,90100000.0,100000.0,9168739833.61,10176180.0,0.0011098777132596794,0.1817960026751122,11245353.0,19305114.249999948
2015-07-24,100.3058,90150000.0,50000.0,9042564674.3,5015290.0,0.0005546313662819606,0.15190670087256147,12248411.0,18793872.749999948
2015-07-27,97.7316,90300000.0,150000.0,8825161124.14,14659740.0,0.0016611300115416956,0.24292461436752766,15180359.0,18547041.749999948
2015-07-28,98.77,90300000.0,0.0,8918930858.12,0.0,0.0,0.11025882874533885,9025379.0,12741471.749999946
2015-07-29,99.105,88450000.0,-1850000.0,8765836510.96,-183344250.0,-0.02091577338577592,-1.5766619881962611,-30698608.0,-1367760.7500000536
2015-07-30,99.505,88550000.0,100000.0,8811170110.94,9950500.0,0.0011293051745358317,0.2219744335236857,-30743744.0,-1851459.7500000536
2015-07-31,99.9629,88700000.0,150000.0,8866709413.4,14994435.0,0.0016910935388656527,0.27188203607460887,-28747915.0,-3790132.5000000536
2015-08-03,101.1527,88700000.0,0.0,8972247046.97,0.0,0.0,0.13537276303711585,-31679863.0,-3790132.5000000536
2015-08-04,101.2615,88700000.0,0.0,8981891535.54,0.0,0.0,0.13634911512472844,-31679863.0,-4262055.500000054
2015-08-05,102.8541,88700000.0,0.0,9123157252.59,0.0,0.0,0.13732458520651294,4988987.0,-6162207.500000054
2015-08-06,102.4011,88700000.0,0.0,9082978528.22,0.0,0.0,0.14028730955684707,2998887.0,-7863373.750000054
2015-08-07,101.5675,88900000.0,200000.0,9029347085.11,20313500.0,0.002249719698282318,0.32511478355939877,4062700.0,-1846138.7500000536
2015-08-10,102.5734,89400000.0,500000.0,9170066083.09,51286700.0,0.0055928386486303406,0.5937349188263974,14320040.0,464391.99999994633
2015-08-11,99.8229,89400000.0,0.0,8924166372.52,0.0,0.0,0.13828198718547655,14320040.0,-1062740.0000000536
2015-08-12,96.5605,89400000.0,0.0,8632509573.21,0.0,0.0,0.1389245152004,14320040.0,-1062740.0000000536
2015-08-13,97.3559,89400000.0,0.0,8703615915.91,0.0,0.0,0.13672077935278373,14320040.0,-544866.0000000537
2015-08-14,97.0947,89650000.0,250000.0,8704544186.65,24273675.0,0.0027886210328196266,0.3620003570497941,15112075.0,668817.7499999463
2015-08-17,96.6975,89950000.0,300000.0,8697943288.44,29009250.0,0.0033351850015571768,0.40447802331465965,10656585.0,2119280.2499999464
2015-08-18,96.4814,89950000.0,0.0,8678498069.15,0.0,0.0,0.13272928294162964,10656585.0,580535.2499999463
2015-08-19,94.4147,90000000.0,50000.0,8497322849.25,4720735.0,0.000555555565411601,0.17836565570064172,11600732.0,52787.749999946354
2015-08-20,92.2049,90000000.0,0.0,8298442849.2,0.0,0.0,0.13394955044615475,11600732.0,-456021.25000005367
2015-08-21,89.485,90000000.0,0.0,8053653801.56,0.0,0.0,0.13394955044615475,6745997.0,-706785.7500000537
2015-08-24,85.2758,90100000.0,100000.0,7683347231.52,8527580.0,0.0011098782526730846,0.22416390596802097,2649663.0,-1013393.7500000537
2015-08-25,89.5154,90200000.0,100000.0,8074288304.3,8951540.0,0.001108647556619054,0.2223213051551714,4439971.0,-565816.7500000537
2015-08-26,88.3599,91850000.0,1650000.0,8115856973.03,145793835.0,0.01796407150649537,1.5680848938379417,32654591.0,15891087.499999946
2015-08-27,91.1711,92000000.0,150000.0,8387742576.71,13675665.0,0.00163043451499964,0.2464370521329923,35389724.0,16077345.749999946
2015-08-28,91.0197,92650000.0,650000.0,8432971448.11,59162805.0,0.007015653422289197,0.6838181383498318,47222285.0,18285764.249999948
2015-08-31,90.6732,92900000.0,250000.0,8423544902.04,22668300.0,0.002691064185401354,0.3326650496065021,50050429.0,19419179.249999948
2015-09-01,88.5171,92900000.0,0.0,8223242786.97,0.0,0.0,0.11503162918289486,48260121.0,19419179.249999948
2015-09-02,88.8038,93100000.0,200000.0,8267632800.68,17760760.0,0.0021482279665999684,0.28953811395128864,22653506.0,20307217.249999948
2015-09-03,91.1881,93200000.0,100000.0,8498730452.9,9118810.0,0.0010729614323617491,0.20341142597239603,21742135.0,20763157.749999948
2015-09-04,88.715,93250000.0,50000.0,8272670482.52,4435750.0,0.0005361932412722903,0.15868161371577558,10796724.0,19969270.249999948
2015-09-07,89.3375,93700000.0,450000.0,8370924757.11,40201875.0,0.004802560788263422,0.4985357496764342,14303439.0,19415028.999999948
2015-09-08,90.7755,93700000.0,0.0,8505668186.42,0.0,0.0,0.11041122163388346,14303439.0,19415028.999999948
2015-09-09,91.0558,93700000.0,0.0,8531929506.27,0.0,0.0,0.10825450567749716,10751287.0,19415028.999999948
2015-09-10,90.2364,93900000.0,200000.0,8473198332.16,18047280.0,0.0021299253590585272,0.27888194312526504,12536981.0,20317392.999999948
2015-09-11,89.4682,94000000.0,100000.0,8410006636.92,8946820.0,0.001063830313845816,0.19328338828794822,13439195.0,19551050.249999948
2015-09-14,89.5393,94000000.0,0.0,8416698724.28,0.0,0.0,0.10731893388786799,5398820.0,18100587.749999948
2015-09-15,90.0374,94000000.0,0.0,8463511083.38,0.0,0.0,0.11016548548180778,5398820.0,18100587.749999948
2015-09-16,90.3824,94000000.0,0.0,8495946217.76,0.0,0.0,0.11429540142651969,5398820.0,17864550.999999948
2015-09-17,90.4029,94000000.0,0.0,8497876016.5,0.0,0.0,0.11554306607497604,1789364.0,17864550.999999948
2015-09-18,87.6327,93950000.0,-50000.0,8233088100.67,-4381635.0,-0.0005321982403714867,0.07279630471968476,-876327.0,17645469.249999948
2015-09-21,87.9175,93950000.0,0.0,8259845112.73,0.0,0.0,0.11590625741472617,-876327.0,17219090.249999948
2015-09-22,84.5778,94550000.0,600000.0,7996831956.94,50746680.0,0.006345847989960552,0.6286586112992277,9273009.0,19308847.249999948
2015-09-23,84.9483,94550000.0,0.0,8031863985.37,0.0,0.0,0.11645331856085625,9273009.0,12019155.499999946
2015-09-24,83.3131,94750000.0,200000.0,7893918629.86,16662620.000000002,0.002110817298897787,0.2868430918945941,12605533.0,12168503.249999946
2015-09-25,85.6185,94800000.0,50000.0,8116631791.64,4280925.0,0.0005274262908426231,0.15734778801968874,14338045.0,9424409.249999946
2015-09-28,83.8059,95600000.0,800000.0,8011844634.16,67044719.99999999,0.008368200216232635,0.785813574840656,27746989.0,11643230.249999946
2015-09-29,83.5126,95750000.0,150000.0,7996334768.79,12526890.0,0.001566578984273261,0.19996097230743676,20103031.0,12269574.749999946
2015-09-30,85.3677,95800000.0,50000.0,8178224327.51,4268385.0,0.0005219207530957497,0.09681576636771316,20956708.0,11594955.999999946
2015-10-01,84.0312,95950000.0,150000.0,8062789092.75,12604680.0,0.0015633151078370679,0.1658337047364806,20145120.0,11769249.499999946
2015-10-02,84.418,95950000.0,0.0,8099910952.53,0.0,0.0,-0.011527100834888653,19288935.0,11547461.999999946
2015-10-05,86.7297,95950000.0,0.0,8321717804.51,0.0,0.0,-0.04936806367441817,5879991.0,9537368.249999946
2015-10-06,87.5074,95650000.0,-300000.0,8370079074.6,-26252220.0,-0.003136436318704023,-0.38090786995883547,-1875831.0,8224757.249999946
2015-10-07,88.1041,95950000.0,300000.0,8453587705.53,26431230.0,0.0031266287073250265,0.2735782905734805,2556738.0,9546318.749999946
2015-10-08,88.304,96150000.0,200000.0,8490429334.57,17660800.0,0.002080083268356233,0.11502913365134376,3567962.0,9526994.749999946
2015-10-09,89.2185,96150000.0,0.0,8578363290.04,0.0,0.0,-0.24832472033361744,3567962.0,9079653.749999946
2015-10-12,89.4227,96150000.0,0.0,8597994080.0,0.0,0.0,-0.24832472033361744,3567962.0,9079653.749999946
2015-10-13,88.6534,96150000.0,0.0,8524025910.15,0.0,0.0,-0.34548654531236467,8818406.0,9079653.749999946
2015-10-14,87.6194,96200000.0,50000.0,8428990557.9,4380970.0,0.0005197502559655822,-0.2717777265568748,4408354.0,9298702.249999946
2015-10-15,88.9353,96200000.0,0.0,8555575838.2,0.0,0.0,-0.3906815056965995,876194.0,9298702.249999946
2015-10-16,89.2852,95900000.0,-300000.0,8562446337.38,-26785560.0,-0.0031282601892715675,-0.9996121092612532,-4480918.0,8178505.999999946
2015-10-19,89.8132,95900000.0,0.0,8613088416.05,0.0,0.0,-0.3806111166381647,-4480918.0,8178505.999999946
2015-10-20,89.6659,95900000.0,0.0,8598959542.43,0.0,0.0,-0.3664214209834802,-4480918.0,5641171.999999946
2015-10-21,90.4645,95900000.0,0.0,8675545309.4,0.0,0.0,-0.3583057745981567,-5357112.0,5641171.999999946
2015-10-22,92.7075,95750000.0,-150000.0,8876745366.46,-13906125.0,-0.0015665792388889592,-0.7199840852946995,-8138337.0,4112734.7499999464
2015-10-23,95.3808,95750000.0,0.0,9132712873.61,0.0,0.0,-0.3267391679013447,-2781225.0,3898688.4999999464
2015-10-26,95.4397,95750000.0,0.0,9138348233.25,0.0,0.0,-0.3194978165957776,-2781225.0,546452.4999999463
2015-10-27,94.4748,95750000.0,0.0,9045958958.32,0.0,0.0,-0.31444132630002564,-2781225.0,-79892.00000005364
2015-10-28,95.7095,95750000.0,0.0,9164184867.23,0.0,0.0,-0.3204975102600358,-2781225.0,-293311.25000005367
2015-10-29,95.4333,95600000.0,-150000.0,9123424351.79,-14314995.0,-0.0015690375069741683,-0.7098394730206786,-2862999.0,-1639295.0000000536
2015-10-30,95.8686,95750000.0,150000.0,9179418162.27,14380290.0,0.0015665796835693847,0.07181157440786852,13059.0,-920280.5000000537
2015-11-02,96.7557,95750000.0,0.0,9264358921.39,0.0,0.0,-0.322394945391549,13059.0,-920280.5000000537
2015-11-03,96.7596,95950000.0,200000.0,9284079832.47,19351920.0,0.002084419818571453,0.19418655935819987,3883443.0,1359926.4999999464
2015-11-04,95.8234,95950000.0,0.0,9194253964.23,0.0,0.0,-0.3162736895014615,3883443.0,38364.999999946354
2015-11-05,96.1985,95950000.0,0.0,9230249157.79,0.0,0.0,-0.3022137922207126,6746442.0,-844675.0000000537
2015-11-06,97.0843,96000000.0,50000.0,9320088460.44,4854215.0,0.00052083357584042,-0.16974325733384454,4841227.0,-601964.2500000537
2015-11-09,95.5583,96000000.0,0.0,9173594326.02,0.0,0.0,-0.3049415724421934,4841227.0,-601964.2500000537
2015-11-10,95.7087,96050000.0,50000.0,9192816087.74,4785435.0,0.0005205624646817525,-0.1737126471030509,1927930.0,-362692.50000005367
2015-11-11,96.374,95950000.0,-100000.0,9247086415.08,-9637400.0,-0.0010422093584292111,-0.5684661688083027,450.0,-1063611.0000000536
2015-11-12,95.2671,95950000.0,0.0,9140882683.4,0.0,0.0,-0.29741992259371614,450.0,-1063611.0000000536
2015-11-13,94.6109,95950000.0,0.0,9077912433.01,0.0,0.0,-0.31459383441888117,-970393.0,275666.99999994633
2015-11-16,94.6524,95950000.0,0.0,9081897394.39,0.0,0.0,-0.3325172318070508,-970393.0,275666.99999994633
2015-11-17,96.9298,95800000.0,-150000.0,9285876041.11,-14539470.0,-0.0015657618016470963,-0.7374602090540083,-4835374.0,-451306.50000005367
2015-11-18,96.8314,95600000.0,-200000.0,9257083454.37,-19366280.0,-0.002092049844366234,-0.8649721767546373,-6781150.0,-1419620.5000000536
2015-11-19,97.9398,95300000.0,-300000.0,9333659523.14,-29381940.0,-0.0031479549824113815,-1.1274306779616048,-12657538.0,-2193411.2500000536
2015-11-20,98.2433,95200000.0,-100000.0,9352758899.8,-9824330.0,-0.0010504205342244078,-0.5783202122242291,-14622404.0,-2684627.7500000536
2015-11-23,97.9989,95200000.0,0.0,9329491866.59,0.0,0.0,-0.30517827681520476,-14622404.0,-2684627.7500000536
2015-11-24,96.5997,95200000.0,0.0,9196292927.59,0.0,0.0,-0.3037832726101887,-11714510.0,-2684627.7500000536
2015-11-25,98.6805,95200000.0,0.0,9394379064.19,0.0,0.0,-0.3037832726101887,-7841254.0,-2684627.7500000536
2015-11-26,100.0162,95200000.0,0.0,9521543543.88,0.0,0.0,-0.293503070177619,-1964866.0,-1968878.0000000536
2015-11-27,99.7762,95200000.0,0.0,9498697479.4,0.0,0.0,-0.2767887936942007,0.0,-2687892.5000000536
2015-11-30,100.5567,95200000.0,0.0,9573001175.76,0.0,0.0,-0.2740331990881582,0.0,-2687892.5000000536
2015-12-01,99.4873,95200000.0,0.0,9471192451.98,0.0,0.0,-0.27128441284484034,0.0,-3655488.5000000536
2015-12-02,98.8577,95200000.0,0.0,9411252795.0,0.0,0.0,-0.26487178437903774,0.0,-3655488.5000000536
2015-12-03,95.3166,95200000.0,0.0,9074140124.19,0.0,0.0,-0.2596420830993554,0.0,-3655488.5000000536
2015-12-04,94.9881,95250000.0,50000.0,9047615090.37,4749405.0,0.000524934466438025,-0.11513880686337512,949881.0,-3660729.0000000536
2015-12-07,96.1707,95750000.0,500000.0,9208342105.15,48085350.0,0.00522193348714825,1.135490040212433,10566951.0,-1256461.5000000536
2015-12-08,94.293,96350000.0,600000.0,9085134468.6,56575800.00000001,0.006227293629559037,1.4031206910553453,21882111.0,1333056.7499999467
2015-12-09,93.5761,96450000.0,100000.0,9025415007.7,9357610.0,0.0010368066168720872,0.013338388009575715,23753633.0,2282807.249999947
2015-12-10,93.6326,96450000.0,0.0,9030866401.47,0.0,0.0,-0.2529154196587152,23753633.0,2282807.249999947
2015-12-11,91.3453,96650000.0,200000.0,8828526912.77,18269060.0,0.00206932143725753,0.306670279074016,26457564.0,3196260.249999947
2015-12-14,89.571,97900000.0,1250000.0,8768997494.59,111963750.0,0.012768135704118472,3.053449968003908,39233244.0,8794447.749999946
2015-12-15,92.3183,98050000.0,150000.0,9051812205.51,13847744.999999998,0.0015298312299906784,0.1656607429860038,30687633.0,10213808.499999946
2015-12-16,92.4848,98050000.0,0.0,9068135962.12,0.0,0.0,-0.2340181064453901,28816111.0,11182122.499999946
2015-12-17,94.8596,98350000.0,300000.0,9329441278.96,28457880.0,0.0030503305770495557,0.6249931953543074,34507687.0,14074113.499999946
2015-12-18,93.7114,98350000.0,0.0,9216512085.09,0.0,0.0,-0.22330528926532883,30853875.0,14565329.999999946
2015-12-21,92.7345,98350000.0,0.0,9120440627.32,0.0,0.0,-0.22330528926532883,8461125.0,14565329.999999946
2015-12-22,92.6545,99500000.0,1150000.0,9219119018.58,106552675.0,0.011557793622715598,2.931035785675173,27002111.0,19892963.749999948
2015-12-23,94.7646,99700000.0,200000.0,9448030401.58,18952920.0,0.002006018100537705,0.31803262393191056,30792695.0,20840609.749999948
2015-12-28,94.1113,99700000.0,0.0,9382897953.88,0.0,0.0,-0.22589766021473084,25101119.0,20840609.749999948
2015-12-29,95.9328,99800000.0,100000.0,9574091384.81,9593280.0,0.0010020042231078392,0.02375381978159144,27019775.0,21320273.749999948
2015-12-30,94.8977,99400000.0,-400000.0,9432827483.9,-37959080.0,-0.00402414653133313,-1.4101335613556931,19427959.0,19422319.749999948
2016-01-04,90.8357,99400000.0,0.0,9029065649.72,0.0,0.0,-0.24591811963898602,-1882576.0,19422319.749999948
2016-01-05,91.0708,99200000.0,-200000.0,9034219338.64,-18214160.0,-0.0020161299296881955,-0.8195318655837784,-9315992.0,18511611.749999948
2016-01-06,90.2218,99350000.0,150000.0,8963530864.73,13533270.0,0.0015098146259808355,0.18713334680793292,-6609338.0,19188275.249999948
2016-01-07,88.153,99650000.0,300000.0,8784448977.19,26445900.0,0.0030105360129781987,0.6106628620894645,-3238814.0,20273099.999999948
2016-01-08,86.9999,99700000.0,50000.0,8673885841.38,4349995.0,0.000501504755717182,-0.11111336672410203,5223001.0,18086332.249999948
2016-01-11,86.7844,99650000.0,-50000.0,8648066980.39,-4339220.0,-0.0005017560583005932,-0.39067186622787936,4355157.0,15040581.249999946
2016-01-12,88.2005,99650000.0,0.0,8789176858.76,0.0,0.0,-0.24233417400610863,7997989.0,14572700.749999946
2016-01-13,87.984,99850000.0,200000.0,8785201079.18,17596800.0,0.002003004807903892,0.3315629973212869,8810695.0,15452540.749999946
2016-01-14,86.5108,100200000.0,350000.0,8668384176.34,30278780.0,0.0034930131595510834,0.7511698432980255,9577271.0,16053026.749999946
2016-01-15,84.3118,100200000.0,0.0,8448040798.48,0.0,0.0,-0.24683264855456166,8707272.0,10454839.249999946
2016-01-18,84.1039,100400000.0,200000.0,8444035199.29,16820780.0,0.0019920310139652595,0.3197469850716865,12939272.0,10603490.999999946
2016-01-19,85.3611,102050000.0,1650000.0,8711097317.25,140845815.0,0.01616855028368154,4.729394227307573,41108435.0,17645781.749999948
2016-01-20,82.9531,102050000.0,0.0,8465363693.79,0.0,0.0,-0.3712387579944047,37589075.0,16222887.749999946
2016-01-21,84.5649,102150000.0,100000.0,8638308092.36,8456490.0,0.0009789521176582245,-0.060533045562605414,33224617.0,16645712.249999946
2016-01-22,86.2492,102250000.0,100000.0,8818982553.34,8624920.0,0.00097799490449536,-0.06344205668839252,34949601.0,17076958.249999948
2016-01-25,85.9944,102600000.0,350000.0,8823023234.77,30098040.0,0.003411306895508204,0.6947322506421798,37605053.0,13254226.499999946
2016-01-26,86.7589,103250000.0,650000.0,8957861565.18,56393285.0,0.0062953959033264905,1.5715997589240573,20714547.0,15126244.749999946
2016-01-27,87.2734,103450000.0,200000.0,9028434802.71,17454680.0,0.0019333007748763668,0.20525466316613833,24205483.0,15998978.749999946
2016-01-28,85.1416,103450000.0,0.0,8807895094.12,0.0,0.0,-0.3924620564110485,22514185.0,15519314.749999946
2016-01-29,86.5413,102950000.0,-500000.0,8909427992.13,-43270650.0,-0.004856725935517121,-1.8679273357745174,12135071.0,15253736.249999946
2016-02-01,86.1849,102800000.0,-150000.0,8859808573.78,-12927735.0,-0.0014591438282604379,-0.8093299415080558,3529916.0,14607349.499999946
2016-02-02,84.6226,102700000.0,-100000.0,8690742946.24,-8462260.0,-0.0009737096186536214,-0.6558610930804571,-9441193.0,15094944.499999946
2016-02-03,83.3308,102700000.0,0.0,8558071906.21,0.0,0.0,-0.35513226715250057,-12932129.0,14418280.999999946
2016-02-04,82.9643,102700000.0,0.0,8520429420.4,0.0,0.0,-0.3481544250699777,-12932129.0,13095985.999999946
2016-02-05,82.0178,102700000.0,0.0,8423226504.05,0.0,0.0,-0.34007102554279295,-4277999.0,12878486.249999946
2016-02-08,79.3065,102700000.0,0.0,8144781606.92,0.0,0.0,-0.34007102554279295,-1692452.0,13095447.249999946
2016-02-09,78.4234,102700000.0,0.0,8054085740.68,0.0,0.0,-0.33851431373631874,0.0,13095447.249999946
2016-02-10,79.6409,102200000.0,-500000.0,8139300793.62,-39820450.0,-0.004892367417016128,-1.8145030984728105,-7964090.0,10224584.749999946
2016-02-11,77.3052,102200000.0,0.0,7900595653.38,0.0,0.0,-0.32147894640086777,-7964090.0,8710645.749999946
2016-02-12,79.2006,102000000.0,-200000.0,8078460652.22,-15840119.999999998,-0.001960784446681319,-0.908854172352721,-11132114.0,7918639.749999946
2016-02-15,81.3133,101200000.0,-800000.0,8228908068.16,-65050640.0,-0.00790513631470736,-2.6145402181984716,-24142242.0,3825068.7499999464
2016-02-16,80.6795,101200000.0,0.0,8164763608.53,0.0,0.0,-0.2672112135643723,-24142242.0,-3217222.0000000536
2016-02-17,82.8176,99800000.0,-1400000.0,8265195051.93,-115944640.0,-0.014028058536008275,-4.461547378092363,-39367080.0,-9014454.000000054
2016-02-18,83.5805,99800000.0,0.0,8341329832.98,0.0,0.0,-0.18933587773775665,-39367080.0,-9437278.500000054
2016-02-19,82.9125,99800000.0,0.0,8274665997.5,0.0,0.0,-0.1827134068506295,-36199056.0,-9868524.500000054
2016-02-22,84.5502,99800000.0,0.0,8438105608.69,0.0,0.0,-0.1827134068506295,-23188928.0,-11373426.500000054
2016-02-23,83.1648,99800000.0,0.0,8299843468.82,0.0,0.0,-0.1773350092373932,-23188928.0,-14193090.750000054
2016-02-24,80.9656,99850000.0,50000.0,8084412011.63,4048279.9999999995,0.0005007513217011035,-0.02108932625139471,809655.9999999999,-14863410.750000054
2016-02-25,82.4108,99900000.0,50000.0,8232841410.47,4120539.9999999995,0.0005005003490969425,-0.021074931799754074,1633763.9999999998,-14657383.750000054
2016-02-26,84.0155,99800000.0,-100000.0,8384745843.5,-8401550.0,-0.001002004134271169,-0.47356922598514606,-46546.00000000019,-12913928.750000054
2016-02-29,83.8563,99800000.0,0.0,8368861743.29,0.0,0.0,-0.16186018603124216,-46546.00000000019,-12267542.000000054
2016-03-01,85.8146,99800000.0,0.0,8564292793.14,0.0,0.0,-0.16186018603124216,-46546.00000000019,-11844429.000000054
2016-03-02,86.3393,99800000.0,0.0,8616659278.99,0.0,0.0,-0.15648872046621362,-856202.0,-11844429.000000054
2016-03-03,86.1208,99800000.0,0.0,8594854504.82,0.0,0.0,-0.15373272292665882,-1680310.0,-11844429.000000054
2016-03-04,86.7584,99650000.0,-150000.0,8645473563.51,-13013760.0,-0.0015052686130378387,-0.6176186575813499,-2602752.0,-12495117.000000054
2016-03-07,86.3578,99100000.0,-550000.0,8558054949.52,-47496790.0,-0.005549951511197527,-1.8342700962470682,-12102110.0,-14869956.500000054
2016-03-08,85.597,99100000.0,0.0,8482661535.27,0.0,0.0,-0.13329037844988614,-12102110.0,-14869956.500000054
2016-03-09,85.8639,98950000.0,-150000.0,8496233335.92,-12879585.0,-0.0015159170529778483,-0.5931836538765873,-14678027.0,-13522913.250000054
2016-03-10,83.8772,98650000.0,-300000.0,8274483084.65,-25163160.0,-0.0030410552227341184,-1.0490111304602894,-19710659.0,-14781071.250000054
2016-03-11,86.8172,97900000.0,-750000.0,8499406770.94,-65112900.0,-0.007660875841667568,-2.3783767669762175,-30130487.0,-17244710.250000052
2016-03-14,88.2214,97200000.0,-700000.0,8575116936.1,-61754980.0,-0.007201648730878581,-2.1926592729831293,-32982125.0,-17079927.250000052
2016-03-15,87.7228,97050000.0,-150000.0,8513500280.69,-13158420.000000002,-0.0015455945928427857,-0.518285203153477,-35613809.0,-17737848.250000052
2016-03-16,88.16,97050000.0,0.0,8555931329.47,0.0,0.0,-0.057336329114910156,-33037892.0,-11940616.250000054
2016-03-17,87.3542,97050000.0,0.0,8477727009.8,0.0,0.0,-0.05603990939589998,-28005260.0,-11940616.250000054
2016-03-18,87.8713,96950000.0,-100000.0,8519121338.62,-8787130.0,-0.0010314596600667053,-0.3460104834360407,-16740106.0,-12379972.750000054
2016-03-21,87.8511,96950000.0,0.0,8517159383.58,0.0,0.0,-0.029806830921927627,-4389110.0,-12379972.750000054
2016-03-22,88.2159,96600000.0,-350000.0,8521653601.27,-30875565.0,-0.0036231894001650744,-1.1113801942226345,-7932539.0,-13923751.000000054
2016-03-23,88.5063,96600000.0,0.0,8549706270.03,0.0,0.0,-0.015326642910273131,-7932539.0,-14126165.000000054
2016-03-24,86.9908,96100000.0,-500000.0,8359811381.12,-43495400.0,-0.005202916431611252,-1.555720132967636,-16631619.0,-16506962.000000054
2016-03-29,87.3111,96100000.0,0.0,8390597736.72,0.0,0.0,-0.002222864005430937,-14874193.0,-16086884.500000054
2016-03-30,88.7119,96550000.0,450000.0,8565136325.08,39920355.0,0.004660796219098957,1.364262422115747,-6890122.0,-14090866.750000054
2016-03-31,87.9953,96550000.0,0.0,8495947087.37,0.0,0.0,-0.013834554591303573,-715009.0,-14090866.750000054
2016-04-01,86.486,96500000.0,-50000.0,8345902779.37,-4324300.0,-0.0005181344803930755,-0.1622074531269783,-1579869.0,-14307081.750000054
2016-04-04,86.7272,96400000.0,-100000.0,8360501615.85,-8672720.0,-0.0010373444559305018,-0.3146363189444066,5384667.0,-14740717.750000054
2016-04-05,84.4421,96400000.0,0.0,8140215428.39,0.0,0.0,-0.00479984968925433,5384667.0,-14090029.750000054
2016-04-06,84.9817,96400000.0,0.0,8192233691.99,0.0,0.0,-0.00479984968925433,-2599404.0,-11715190.250000054
2016-04-07,84.1522,97350000.0,950000.0,8192220865.29,79944590.0,0.009758597981497415,2.7903312539077634,13389514.0,-7717960.750000054
2016-04-08,84.9611,97200000.0,-150000.0,8258215757.48,-12744165.0,-0.001543210467522211,-0.46822622770150535,11705541.0,-7711189.750000054
2016-04-11,85.4962,97150000.0,-50000.0,8305957398.55,-4274810.0,-0.0005146679419215741,-0.17847923155889592,12585123.0,-6666772.250000054
2016-04-12,86.1888,97150000.0,0.0,8373237412.0,0.0,0.0,-0.029516616592839304,12585123.0,-3411127.2500000536
2016-04-13,88.5251,96750000.0,-400000.0,8564802709.41,-35410040.0,-0.004134367270491311,-1.2086266484554613,5503115.0,-2093880.2500000536
2016-04-14,89.1212,96400000.0,-350000.0,8591280891.61,-31192420.0,-0.003630706572574251,-1.0501122924518873,-16724287.0,-2995580.2500000536
2016-04-15,88.7492,95900000.0,-500000.0,8511046692.71,-44374600.0,-0.005213765310206599,-1.4819786474289505,-23050374.0,-5214310.250000054
2016-04-18,89.3551,95900000.0,0.0,8569150819.93,0.0,0.0,-0.0019524966885502736,-22195412.0,-5214310.250000054
2016-04-19,91.3792,95550000.0,-350000.0,8731284451.86,-31982720.0,-0.003663002869318593,-1.0284598781045449,-28591956.0,-6374089.750000054
2016-04-20,92.0119,94350000.0,-1200000.0,8681320872.88,-110414280.0,-0.012718603725952411,-3.3808848563875236,-43592804.0,-11894803.750000054
2016-04-21,92.139,93950000.0,-400000.0,8656455350.28,-36855600.0,-0.004257585640848696,-1.0934943352375257,-44725440.0,-12193805.500000054
2016-04-22,91.5889,93000000.0,-950000.0,8517770066.34,-87009455.0,-0.01021505092557483,-2.5906779764113623,-53252411.0,-16544278.250000054
2016-04-25,90.8889,92650000.0,-350000.0,8420860600.36,-31811115.000000004,-0.0037776560508126747,-0.9053805394035155,-59614634.0,-15960064.000000054
2016-04-26,90.5816,92500000.0,-150000.0,8378799464.29,-13587240.0,-0.001621621338224897,-0.34334831597627113,-55935538.0,-16639426.000000054
2016-04-27,90.9366,91800000.0,-700000.0,8347976371.94,-63655620.0,-0.00762527553551364,-1.8519932757930817,-46583806.0,-21818224.750000052
2016-04-28,91.1244,91600000.0,-200000.0,8346999553.84,-18224880.0,-0.0021834049328079484,-0.4566837293993044,-42857662.0,-22729468.750000052
2016-04-29,88.6322,90700000.0,-900000.0,8038936137.99,-79768980.0,-0.009922827925331036,-2.3539648840087146,-41409567.0,-26501702.750000052
2016-05-02,88.637,90700000.0,0.0,8039378369.72,0.0,0.0,0.11998092775110081,-35047344.0,-26068066.750000052
2016-05-03,86.9159,90400000.0,-300000.0,7857197222.17,-26074769.999999996,-0.003318584129010659,-0.6988989984873504,-37544850.0,-27371805.250000052
2016-05-04,86.0528,90400000.0,0.0,7779174743.46,0.0,0.0,0.12772476193741258,-24813726.0,-27371805.250000052
2016-05-05,86.2588,90400000.0,0.0,7797796281.89,0.0,0.0,0.12556466846991066,-21168750.0,-31369034.750000052
2016-05-06,86.4166,90700000.0,300000.0,7837988598.97,25924980.0,0.0033076062401273245,0.9382151109505303,-29957.999999999254,-29435577.500000052
2016-05-09,87.383,90150000.0,-550000.0,7877574375.09,-48060650.0,-0.006100945254414169,-1.3705703644613736,-9642088.0,-31624869.500000052
2016-05-10,87.9511,90400000.0,250000.0,7950776880.12,21987775.0,0.0027654876160564754,0.8021470713237159,-29579.000000000746,-30525480.750000052
2016-05-11,87.3369,90600000.0,200000.0,7912727629.65,17467380.0,0.0022075042662339974,0.6565607817650014,3463896.999999999,-27881609.750000052
2016-05-12,86.3457,91100000.0,500000.0,7866097009.51,43172850.0,0.005488471594973293,1.4329248801226533,12098467.0,-24163346.250000052
2016-05-13,87.1398,91100000.0,0.0,7938432595.46,0.0,0.0,0.0934642805248522,6913471.0,-21944616.250000052
2016-05-17,86.5893,90750000.0,-350000.0,7857982344.43,-30306254.999999996,-0.003856747657556406,-0.8370491190364602,10464350.0,-23459929.000000052
2016-05-18,87.0532,90750000.0,0.0,7900075670.57,0.0,0.0,0.09887191016752152,6066795.000000001,-21860793.000000052
2016-05-19,85.7632,90750000.0,0.0,7783008269.68,0.0,0.0,0.09887191016752152,2573319.000000001,-16340079.000000054
2016-05-20,86.8143,90700000.0,-50000.0,7874053195.55,-4340715.0,-0.0005512681832595623,-0.03379135157826317,-6929394.0,-14714334.750000054
2016-05-23,86.1677,90350000.0,-350000.0,7785255895.25,-30158695.0,-0.0038738219277288824,-0.8298773451927752,-12961133.0,-11871796.750000054
2016-05-24,88.0494,90350000.0,0.0,7955264893.56,0.0,0.0,0.10751399430883651,-6899882.0,-10281241.000000054
2016-05-25,89.3435,90350000.0,0.0,8072187455.68,0.0,0.0,0.10751399430883651,-6899882.0,-9601879.000000054
2016-05-26,89.9338,90350000.0,0.0,8125518860.21,0.0,0.0,0.10751399430883651,-6899882.0,-6419098.000000054
2016-05-27,90.0524,90100000.0,-250000.0,8113724985.41,-22513100.0,-0.002774693502735523,-0.5576052602059016,-10534359.0,-6633509.000000054
2016-05-30,90.4619,89950000.0,-150000.0,8137046820.41,-13569285.0,-0.0016675933295559294,-0.28660534724818254,-7216477.0,-3323524.2500000536
2016-05-31,89.8445,89950000.0,0.0,8081514668.09,0.0,0.0,0.11736928418174088,-7216477.0,-3323524.2500000536
2016-06-01,89.3339,89950000.0,0.0,8035580071.85,0.0,0.0,0.1289192364892412,-7216477.0,-2019785.7500000536
2016-06-02,89.3646,89600000.0,-350000.0,8007066753.57,-31277610.0,-0.003906250686127312,-0.8091998573388268,-13471999.0,-3583666.2500000536
2016-06-03,88.4474,89550000.0,-50000.0,7920462265.74,-4422370.0,-0.0005583474615022136,0.01687334977116858,-9853853.0,-3804784.7500000536
2016-06-06,88.6021,89550000.0,0.0,7934322084.85,0.0,0.0,0.15419072403184225,-7139996.0,-5101033.750000054
2016-06-07,90.06,89550000.0,0.0,8064869442.23,0.0,0.0,0.15871077315998333,-7139996.0,-2698001.2500000536
2016-06-08,89.4412,88400000.0,-1150000.0,7906604566.48,-102857380.0,-0.013009045682651592,-3.018539935640528,-27711472.0,-8940259.000000054
2016-06-09,88.319,88400000.0,0.0,7807401580.4,0.0,0.0,0.2168594899806052,-21455950.0,-9813628.000000054
2016-06-10,86.0932,88400000.0,0.0,7610635059.87,0.0,0.0,0.2168594899806052,-20571476.0,-11972270.500000054
2016-06-13,84.5412,87800000.0,-600000.0,7422717735.42,-50724720.0,-0.006833712638424859,-1.455307779753478,-30716420.0,-14508506.500000054
2016-06-14,83.3309,87800000.0,0.0,7316452530.88,0.0,0.0,0.23616409496947288,-30716420.0,-12993193.750000054
2016-06-15,84.0964,87800000.0,0.0,7383667791.34,0.0,0.0,0.23616409496947288,-10144944.0,-12993193.750000054
2016-06-16,83.6038,87800000.0,0.0,7340414668.44,0.0,0.0,0.271176098759511,-10144944.0,-12993193.750000054
2016-06-17,84.3115,87800000.0,0.0,7402550711.56,0.0,0.0,0.27613196876804624,-10144944.0,-12776158.000000054
2016-06-20,87.2046,87800000.0,0.0,7656560100.56,0.0,0.0,0.27613196876804624,0.0,-11268223.250000054
2016-06-21,87.6726,88200000.0,400000.0,7732723669.87,35069040.0,0.004535147187095794,1.431173653561344,7013808.0,-9514771.250000054
2016-06-22,88.1582,86900000.0,-1300000.0,7660945007.0,-114605659.99999999,-0.01495972884484641,-3.3836698868924575,-15907323.999999996,-15245054.250000054
2016-06-23,89.7855,87350000.0,450000.0,7842765992.54,40403475.0,0.005151686922500504,1.5116457477486271,-7826628.999999997,-13224880.500000054
2016-06-24,83.6593,87350000.0,0.0,7842765992.54,0.0,0.0,0.25907533808620054,-7826628.999999997,-12099225.500000054
2016-06-27,81.1331,87850000.0,500000.0,7127546189.52,40566550.0,0.0056915169570766295,1.6144158520365255,286681.00000000297,-9392433.750000054
2016-06-28,82.6961,87400000.0,-450000.0,7227642070.57,-37213245.0,-0.005148739331119813,-0.9712891252960987,-14169775.999999996,-11253096.000000054
2016-06-29,84.1399,87250000.0,-150000.0,7341208478.22,-12620985.0,-0.0017191971917762741,-0.1437211406610523,6227159.0,-11884145.250000054
2016-06-30,84.7333,90900000.0,3650000.0,7702257655.5,309276545.0,0.04015401182783764,7.2897286864495054,60001773.0,5143562.499999946
2016-07-01,85.5734,91050000.0,150000.0,7791461530.37,12836010.000000002,0.001647445726320675,0.4298745634447545,62568975.0,6006481.499999946
2016-07-04,84.9854,91050000.0,0.0,7737916671.43,0.0,0.0,0.1398120689858035,54455665.0,6006481.499999946
2016-07-05,83.4403,90750000.0,-300000.0,7572209752.67,-25032089.999999996,-0.003305784020466886,-0.43964695776702617,56891896.0,4754876.999999946
2016-07-06,82.0452,90750000.0,0.0,7445599406.82,0.0,0.0,0.1501507971246337,59416093.0,9897745.999999946
2016-07-07,82.4432,90850000.0,100000.0,7489967814.71,8244320.0,0.0011007150102579188,0.3480573528345811,-790351.9999999985,10309961.999999946
2016-07-08,84.2887,91100000.0,250000.0,7678701819.69,21072175.0,0.002744236655467723,0.6875274848594424,856881.0000000015,11363570.749999946
2016-07-11,86.071,91100000.0,0.0,7841067125.73,0.0,0.0,0.17830299259182383,856881.0000000012,13899806.749999946
2016-07-12,87.2142,91100000.0,0.0,7945212842.22,0.0,0.0,0.17989091892352874,5863299.0,13899806.749999946
2016-07-13,86.923,91000000.0,-100000.0,7909997302.13,-8692300.0,-0.0010989005012251194,-0.020905312059321973,4124839.000000001,13465191.749999946
2016-07-14,88.1175,91750000.0,750000.0,8084776365.49,66088125.00000001,0.008174391227702754,1.6785525314406655,15693600.000000004,16769597.999999946
2016-07-15,88.1081,91750000.0,0.0,8083913905.41,0.0,0.0,0.18524111368756715,11479165.000000002,16769597.999999946
2016-07-18,88.0817,91900000.0,150000.0,8094710322.29,13212255.0,0.001632208500854944,0.48844342643745875,14121616.0,17430210.749999948
2016-07-19,87.3605,92000000.0,100000.0,8037162769.39,8736050.0,0.001086956958651099,0.3854605411922134,15868826.0,16113561.249999946
2016-07-20,88.7699,92000000.0,0.0,8166830626.4,0.0,0.0,0.17684188814323096,17607286.0,21843844.249999948
2016-07-21,88.8924,92000000.0,0.0,8178102275.92,0.0,0.0,0.17456740163944953,4389661.0,19823670.499999948
2016-07-22,88.8154,92000000.0,0.0,8171017391.2,0.0,0.0,0.1730384766193868,4389661.0,19823670.499999948
2016-07-25,89.2587,91800000.0,-200000.0,8193948148.92,-17851740.0,-0.0021786493733613557,-0.22814135444945682,-1823138.0,16902755.999999948
2016-07-26,89.6917,91700000.0,-100000.0,8224729036.0,-8969170.0,-0.0010905125215361564,-0.024410299755724344,-5364182.0,18314959.749999948
2016-07-27,90.3197,91200000.0,-500000.0,8237155711.46,-45159850.0,-0.005482456758365153,-0.829219275743117,-14396152.0,16688016.499999946
2016-07-28,89.9287,90800000.0,-400000.0,8165528586.77,-35971480.0,-0.004405284926475172,-0.6220102541057113,-21590448.0,-574384.7500000529
2016-07-29,90.4761,90250000.0,-550000.0,8165466597.42,-49761855.0,-0.006094183890939312,-0.9217263667807655,-31542819.0,-3704278.000000053
2016-08-01,90.4137,89100000.0,-1150000.0,8055862602.59,-103975755.0,-0.012906843143845487,-2.12732431839464,-48767622.0,-8903065.750000054
2016-08-02,88.7835,88850000.0,-250000.0,7888413854.03,-22195875.0,-0.0028137310504646844,-0.2953365285295297,-51412963.0,-8761255.000000054
2016-08-03,89.0095,88300000.0,-550000.0,7859539731.0,-48955225.0,-0.006228764873712425,-0.904116148029279,-52172038.0,-11209016.250000054
2016-08-04,89.5137,87500000.0,-800000.0,7832447428.75,-71610960.0,-0.009142858685159228,-1.4245466523104657,-59299934.0,-15201780.250000054
2016-08-05,90.7329,87400000.0,-100000.0,7930053357.82,-9073290.0,-0.0011441650630323477,0.016874941454296213,-51162221.0,-16709053.500000054
2016-08-08,91.3019,87750000.0,350000.0,8011738327.93,31955665.0,0.003988605679818354,0.9316973144763212,-23975937.0,-15111270.250000054
2016-08-09,93.5817,87800000.0,50000.0,8216472546.91,4679085.0,0.0005694761314281615,0.30322508830149864,-18600945.0,-14877316.000000054
2016-08-10,93.2136,87800000.0,0.0,8184156939.25,0.0,0.0,0.1987286438505578,-8809900.0,-14442701.000000054
2016-08-11,94.018,86000000.0,-1800000.0,8085545338.41,-169232400.0,-0.020930239447928083,-3.4262015153837395,-28334188.0,-26208727.250000052
2016-08-12,93.7601,85750000.0,-250000.0,8039930857.36,-23440025.0,-0.0029154510674108945,-0.28448805335995786,-31207535.0,-27380728.500000052
2016-08-15,93.9845,83650000.0,-2100000.0,7861803454.55,-197367450.0,-0.025104602416100096,-3.8464580515504263,-77072158.0,-37909713.75000005
2016-08-16,93.4366,83650000.0,0.0,7815969936.03,0.0,0.0,0.24430995982522333,-78007975.0,-38346516.25000005
2016-08-17,92.2198,83650000.0,0.0,7714182495.46,0.0,0.0,0.242895325945966,-78007975.0,-38346516.25000005
2016-08-18,92.7915,83650000.0,0.0,7762004920.65,0.0,0.0,0.242895325945966,-44161495.0,-38346516.25000005
2016-08-19,92.2775,83250000.0,-400000.0,7682100719.31,-36911000.0,-0.0048048055276363666,-0.5328502372298329,-46855690.0,-40192066.25000005
2016-08-22,91.8386,83250000.0,0.0,7645561263.77,0.0,0.0,0.24918053589268666,-7382200.0,-39299479.25000005
2016-08-23,92.7006,83250000.0,0.0,7717323719.62,0.0,0.0,0.24918053589268666,-7382200.0,-38851020.75000005
2016-08-24,92.9635,83000000.0,-250000.0,7715972006.59,-23240875.0,-0.003012047604650536,-0.23895921141369095,-12030375.0,-37755072.00000005
2016-08-25,92.1458,82900000.0,-100000.0,7638884123.82,-9214580.0,-0.0012062730433711616,0.04907569501117906,-13873291.0,-36417227.00000005
2016-08-26,92.6546,82900000.0,0.0,7681067338.9,0.0,0.0,0.2457137768363821,-6491091.0,-33929134.25000005
2016-08-29,92.2741,82900000.0,0.0,7649525161.44,0.0,0.0,0.2435932294572185,-6491091.0,-28730346.500000052
2016-08-30,93.2645,82900000.0,0.0,7731623633.4,0.0,0.0,0.23946943271929638,-6491091.0,-27620552.750000052
2016-08-31,92.6956,82900000.0,0.0,7684466996.51,0.0,0.0,0.2300080304046498,-1842916.0,-25172791.500000052
2016-09-01,92.1843,82750000.0,-150000.0,7628250478.44,-13827644.999999998,-0.0018126889041047579,-0.07426438269107528,-2765528.9999999995,-22283625.750000052
2016-09-02,93.4923,82750000.0,0.0,7736491432.99,0.0,0.0,0.22134650090127847,-2765528.9999999995,-21829961.250000052
2016-09-05,93.3896,82750000.0,0.0,7727988976.29,0.0,0.0,0.22134650090127847,-2765528.9999999995,-23427744.500000052
2016-09-06,93.5197,82750000.0,0.0,7738758597.36,0.0,0.0,0.22134650090127847,-2765528.9999999995,-23661698.750000052
2016-09-07,94.0954,82750000.0,0.0,7786396710.55,0.0,0.0,0.21989225083922423,-2765528.9999999995,-23661698.750000052
2016-09-08,93.4152,82750000.0,0.0,7730107247.01,0.0,0.0,0.21989225083922423,0.0,-15200078.750000054
2016-09-09,92.5235,82250000.0,-500000.0,7610056632.75,-46261750.0,-0.0060790283479510284,-0.7734516089921385,-9252350.0,-16341165.000000054
2016-09-12,91.2825,82150000.0,-100000.0,7498858229.39,-9128250.0,-0.0012172853147461816,0.024990060716792294,-11078000.0,-6929205.000000054
2016-09-13,90.8872,82150000.0,0.0,7466381623.29,0.0,0.0,0.21774178538637717,-11078000.0,-6929205.000000054
2016-09-14,90.815,82150000.0,0.0,7460456171.11,0.0,0.0,0.21774178538637717,-11078000.0,-6929205.000000054
2016-09-15,91.2767,82150000.0,0.0,7498381368.85,0.0,0.0,0.22499257781098225,-11078000.0,-6929205.000000054
2016-09-16,89.9196,82150000.0,0.0,7386897537.89,0.0,0.0,0.22499257781098225,-1825650.0,-5083655.000000054
2016-09-19,90.7734,82150000.0,0.0,7457037330.86,0.0,0.0,0.22425171748783393,0.0,-5083655.000000054
2016-09-20,90.948,82050000.0,-100000.0,7462281856.28,-9094800.0,-0.001218769295392686,0.023670244402871597,-1818960.0,-5538395.000000054
2016-09-21,91.3206,81950000.0,-100000.0,7483720839.68,-9132060.0,-0.001220256633783053,0.025106099758513196,-3645372.0,-4832954.250000054
2016-09-22,93.4001,82300000.0,350000.0,7686827817.63,32690035.0,0.00425273412850803,0.9182145658555789,2892635.0,-2737723.5000000536
2016-09-23,92.9866,82200000.0,-100000.0,7643495865.1,-9298660.0,-0.001216545434721491,0.03533406529962023,1032903.0,-3202656.5000000536
2016-09-26,90.9441,82000000.0,-200000.0,7457419985.12,-18188820.0,-0.0024390231522822456,-0.16709784471458586,-2604861.0,-4112097.5000000536
2016-09-27,90.6618,82000000.0,0.0,7434264733.11,0.0,0.0,0.23850858721884446,-785901.0,-4112097.5000000536
2016-09-28,91.3874,82000000.0,0.0,7493762945.4,0.0,0.0,0.23850858721884446,1040511.0,-4112097.5000000536
2016-09-29,91.1,82150000.0,150000.0,7483866042.76,13665000.0,0.0018259279257436358,0.5342136685525638,-2764496.0,-2737465.2500000536
2016-09-30,92.0226,82150000.0,0.0,7559656163.82,0.0,0.0,0.22520090591291514,-904764.0,-2737465.2500000536
2016-10-04,92.9712,82950000.0,800000.0,7711964294.91,74376960.0,0.009644360004245584,1.78959150030795,17608392.0,981382.7499999463
2016-10-05,92.6748,83150000.0,200000.0,7705909480.01,18534960.0,0.0024052916853074618,0.5939580688545089,21315384.0,1908130.7499999464
2016-10-06,92.5258,83250000.0,100000.0,7702772612.68,9252580.0,0.0012012012382098321,0.3893828798150041,23165900.0,2370759.7499999464
2016-10-07,91.8434,83250000.0,0.0,7645961674.32,0.0,0.0,0.17719944691036904,20432900.0,2370759.7499999464
2016-10-10,93.008,82850000.0,-400000.0,7705712299.16,-37203200.0,-0.004828002727801753,-0.627692290032418,12992260.0,2823687.2499999464
2016-10-11,92.5969,82850000.0,0.0,7671655218.16,0.0,0.0,0.16532789085379024,-1883132.0,3280099.7499999464
2016-10-12,92.1231,82850000.0,0.0,7632401582.28,0.0,0.0,0.16015639371766607,-5590124.0,3280099.7499999464
2016-10-13,91.169,82950000.0,100000.0,7562472576.32,9116900.0,0.0012055448675010476,0.3593254752747708,-5617260.0,3735944.7499999464
2016-10-14,92.6239,82950000.0,0.0,7683151265.06,0.0,0.0,0.14617316193986452,-5617260.0,3735944.7499999464
2016-10-17,91.9505,82200000.0,-750000.0,7558332150.55,-68962875.0,-0.00912408632306292,-1.3793560367150828,-11969195.0,287800.99999994633
2016-10-18,93.0699,82300000.0,100000.0,7659655907.11,9306990.0,0.0012150663310294238,0.346644883973501,-10107797.0,753150.4999999463
2016-10-19,93.1931,82300000.0,0.0,7669795813.18,0.0,0.0,0.14043904600830345,-10107797.0,1207890.4999999464
2016-10-20,93.6802,81950000.0,-350000.0,7677088599.82,-32788070.0,-0.004270898996889102,-0.5826198673272363,-18488791.0,25089.999999946354
2016-10-21,93.7615,81950000.0,0.0,7683757363.14,0.0,0.0,0.14168910078012062,-18488791.0,-1609411.7500000536
2016-10-24,94.2015,81850000.0,-100000.0,7710394570.89,-9420150.0,-0.0012217468137837005,-0.06378667864544982,-6580246.0,-1615486.2500000536
2016-10-25,94.1674,81850000.0,0.0,7707601318.46,0.0,0.0,0.14839881205425812,-8441644.0,-706045.2500000537
2016-10-26,93.7501,82000000.0,150000.0,7687508209.12,14062515.0,0.0018292682905127924,0.4491645096946823,-5629141.0,-2919.5000000536443
2016-10-27,93.8144,81700000.0,-300000.0,7664640338.63,-28144320.000000004,-0.003671968775645199,-0.47923047827813076,-4700391.000000001,-1410135.5000000538
2016-10-28,93.6313,81700000.0,0.0,7649673560.86,0.0,0.0,0.15003437767908248,-4700391.000000001,-2093385.5000000536
2016-10-31,93.3572,81250000.0,-450000.0,7585275392.23,-42010740.0,-0.00553845942667208,-0.781344699845411,-11218509.0,-4193922.5000000536
2016-11-01,92.1419,81350000.0,100000.0,7495745223.24,9214190.0,0.001229256027997335,0.37447760075280484,-9375671.0,-7452061.000000054
2016-11-02,90.7832,81400000.0,50000.0,7389749691.74,4539160.0,0.0006142508460163017,0.263144471671682,-11280342.0,-8151851.000000054
2016-11-03,90.3884,81250000.0,-150000.0,7344060666.29,-13558260.0,-0.0018461530502101948,-0.15523822830518483,-8363130.0,-9292393.000000054
2016-11-04,89.8041,81350000.0,100000.0,7305559951.16,8980410.0,0.001229256902966632,0.3690901184982639,-6567047.999999999,-8843372.500000054
2016-11-07,91.5338,81650000.0,300000.0,7473731369.57,27460140.0,0.0036742209001258117,0.7792470808517349,7327128.0,-5610205.500000054
2016-11-08,91.7554,81650000.0,0.0,7491826004.02,0.0,0.0,0.14706901449972623,5484290.000000001,-5610205.500000054
2016-11-09,93.1874,82450000.0,800000.0,7683297783.19,74549920.0,0.009702854438767814,1.7665549360391892,19486442.0,-1882709.5000000536
2016-11-10,93.0479,82700000.0,250000.0,7695059413.91,23261975.0,0.003022975359741916,0.6356201358260825,26850489.0,-1175455.7500000536
2016-11-11,93.3786,82200000.0,-500000.0,7675717525.23,-46689300.0,-0.006082727751058162,-0.8848738625069664,15716547.0,-3509920.7500000536
2016-11-14,93.6024,82100000.0,-100000.0,7684760196.36,-9360240.0,-0.0012180262963096254,-0.071324236125722,8352471.0,-529789.0000000537
2016-11-15,93.9648,82100000.0,0.0,7714507118.89,0.0,0.0,0.13068635284563315,8352471.0,-995138.5000000537
2016-11-16,93.3407,82150000.0,50000.0,7667938335.06,4667035.0,0.0006086427402084059,0.23190887744745958,-5624106.0,-761786.7500000537
2016-11-17,93.5299,82150000.0,0.0,7683485150.73,0.0,0.0,0.12981524509681563,-10276501.0,877616.7499999463
2016-11-18,93.346,81900000.0,-250000.0,7645033902.7,-23336500.0,-0.0030525044489022133,-0.38361457565385365,-5605941.0,-289208.25000005367
2016-11-21,93.5247,82050000.0,150000.0,7673699679.75,14028705.0,0.0018281540307109123,0.4318372068697702,-928152.0,883234.4999999463
2016-11-22,93.7756,82050000.0,0.0,7694284374.21,0.0,0.0,0.1252560562998195,-928152.0,883234.4999999463
2016-11-23,93.3253,82050000.0,0.0,7657338308.13,0.0,0.0,0.1252560562998195,-1861559.0,180108.74999994636
2016-11-24,93.5595,82000000.0,-50000.0,7671876367.72,-4677975.0,-0.0006097563067729993,0.005776463947835191,-2797154.0,1353425.9999999464
2016-11-25,93.6467,82000000.0,0.0,7679026993.67,0.0,0.0,0.10991532217207262,1870146.0,1353425.9999999464
2016-11-28,92.6249,82000000.0,0.0,7595245714.57,0.0,0.0,0.10991532217207262,-935595.0,3453962.9999999464
2016-11-29,92.9555,81850000.0,-150000.0,7608408038.08,-13943325.0,-0.0018326205600716745,-0.21115397657430116,-3724260.0,2296087.2499999464
2016-11-30,93.1285,81850000.0,0.0,7622569014.23,0.0,0.0,0.10326838979090147,-3724260.0,2069129.2499999464
2016-12-01,92.1984,81850000.0,0.0,7546439316.3,0.0,0.0,0.10326838979090147,-2788665.0,2747042.2499999464
2016-12-02,92.0167,81850000.0,0.0,7531568063.32,0.0,0.0,0.10326838979090147,-2788665.0,2298021.7499999464
2016-12-05,93.5161,81550000.0,-300000.0,7626238772.7,-28054830.0,-0.003678724314327683,-0.5220497445349165,-8399631.0,-477726.75000005367
2016-12-06,94.3077,81250000.0,-300000.0,7662503092.28,-28292310.0,-0.003692306503406779,-0.5185383364286831,-11269428.0,-1892342.2500000536
2016-12-07,96.1571,81250000.0,0.0,7812761392.27,0.0,0.0,0.12042409145420055,-11269428.0,-5619838.250000054
2016-12-08,97.8433,81300000.0,50000.0,7954659362.87,4892165.0,0.0006150062217415847,0.20911020113375142,-10290995.0,-6538328.750000054
2016-12-09,98.0547,81750000.0,450000.0,8015974780.41,44124615.0,0.005504585057806671,1.069873628861269,-1466072.0,-1997633.0000000536
2016-12-12,97.936,81750000.0,0.0,8006266283.56,0.0,0.0,0.10013318679057455,4144894.0,-1529621.0000000536
2016-12-13,98.762,82200000.0,450000.0,8118239958.19,44442900.0,0.0054744501553152854,1.0652545321357416,18691936.0,692523.9999999463
2016-12-14,98.4132,83375000.0,1175000.0,8205200690.49,115635510.0,0.01409295328193788,2.4944405026866034,41819038.0,6240947.749999946
2016-12-15,99.4766,83475000.0,100000.0,8303807268.37,9947660.0,0.001197963738620427,0.27233143937490045,42830137.0,6738330.749999946
2016-12-16,99.8051,83325000.0,-150000.0,8316264038.41,-14970765.0,-0.0018001791346276548,-0.23878539666042203,31011061.0,7156617.499999946
2016-12-19,100.0024,83000000.0,-325000.0,8300196497.98,-32500780.0,-0.0039156639252949784,-0.7020797925574372,24510905.0,4830143.249999946
2016-12-20,100.3348,82525000.0,-475000.0,8280127184.99,-47659030.0,-0.00575583308507568,-1.0980421362885102,6090519.0,2447191.7499999464
2016-12-21,100.3685,81500000.0,-1025000.0,8180030208.62,-102877712.5,-0.0125766910239022,-2.53272231752571,-37612125.5,-2696693.8750000536
2016-12-22,100.2583,81100000.0,-400000.0,8130950747.13,-40103320.0,-0.004932180903217912,-0.8621322745223063,-47622321.5,-4467961.125000054
2016-12-23,100.2038,81300000.0,200000.0,8146571895.17,20040760.0,0.002460023707871763,0.7338770045552274,-40620016.5,-3465923.1250000536
2016-12-27,100.3973,81175000.0,-125000.0,8149750693.5,-12549662.5,-0.0015398829942134598,-0.1229752575309676,-36629793.0,-4093406.2500000536
2016-12-28,100.4209,81150000.0,-25000.0,8149158605.45,-2510522.5,-0.00030807137540813246,0.14444692436260523,-27600091.5,-3521766.1250000536
2016-12-29,100.2109,80700000.0,-450000.0,8087019440.37,-45094905.0,-0.0055762083091934304,-0.98299118616924,-16043530.0,-5776511.375000054
2016-12-30,100.4731,80625000.0,-75000.0,8100645761.7,-7535482.5,-0.0009302323199500833,0.019339694788525413,-9529962.5,-6153285.500000054
2017-01-02,101.4981,80625000.0,0.0,8183288019.65,0.0,0.0,0.23875067906328293,-13538114.5,-6153285.500000054
2017-01-03,101.3743,80625000.0,0.0,8173304962.96,0.0,0.0,0.23875067906328293,-11028182.0,-4750544.000000054
2017-01-04,101.3745,80725000.0,100000.0,8183457112.59,10137450.0,0.0012387735232831905,0.5115202684414153,-8498587.5,-2829056.0000000536
2017-01-05,101.3796,80775000.0,50000.0,8188937769.7,5068980.0,0.0006190033606990887,0.3764541911522672,1534189.5,-2575607.0000000536
2017-01-06,101.5022,80775000.0,0.0,8198842088.38,0.0,0.0,0.240511322816707,3041286.0,-2820215.2500000536
2017-01-09,101.1945,80775000.0,0.0,8173982330.45,0.0,0.0,0.240511322816707,3041286.0,-5026446.000000054
2017-01-10,101.363,80650000.0,-125000.0,8174924118.75,-12670375.0,-0.0015499073527715367,-0.09705607946092196,507211.0,-5659964.750000054
2017-01-11,101.9126,80650000.0,0.0,8219252210.37,0.0,0.0,0.23940773064567944,-1520279.0,-7882109.750000054
2017-01-12,100.8171,80550000.0,-100000.0,8120820968.24,-10081710.0,-0.0012414643838878987,-0.033014530519896335,-4550417.0,-14167970.750000054
2017-01-13,101.763,80550000.0,0.0,8197013360.42,0.0,0.0,0.23050618685950228,-4550417.0,-14665353.750000054
2017-01-16,101.11,80250000.0,-300000.0,8114078363.66,-30333000.0,-0.003738317359103956,-0.5954326065177704,-10617017.0,-15433465.500000054
2017-01-17,100.9809,79950000.0,-300000.0,8073419296.99,-30294270.0,-0.003752346915921308,-0.605096163070289,-14141796.0,-15323140.000000054
2017-01-18,101.5002,79950000.0,0.0,8114940919.28,0.0,0.0,0.20836029447509488,-14141796.0,-12940188.500000054
2017-01-19,101.478,79725000.0,-225000.0,8090331789.13,-22832550.0,-0.0028222019312826373,-0.43579721413077116,-16691964.0,-8937930.375000054
2017-01-20,101.7686,79625000.0,-100000.0,8103321592.21,-10176860.0,-0.0012558874634549075,-0.08829187707228625,-18727336.0,-7441607.375000054
2017-01-23,101.0287,79625000.0,0.0,8044407569.72,0.0,0.0,0.18549440514914867,-12660736.0,-8443645.375000054
2017-01-24,101.4588,79625000.0,0.0,8078653033.02,0.0,0.0,0.1832495721218994,-6601882.0,-7816162.250000054
2017-01-25,103.3058,79625000.0,0.0,8225727451.28,0.0,0.0,0.1919825862759163,-6601882.0,-7690636.125000054
2017-01-26,103.678,79750000.0,125000.0,8268317691.43,12959750.0,0.0015673986515337462,0.556969887985232,556578.0,-4787903.375000054
2017-01-27,103.3768,80050000.0,300000.0,8275315009.32,31013040.0,0.003747656731504703,1.0554399189378323,8794558.0,-2860477.2500000536
2017-01-30,102.217,79775000.0,-275000.0,8154359163.46,-28109675.0,-0.0034471960869666553,-0.7258408125693651,3172623.0,-4265961.000000054
2017-01-31,100.9339,79850000.0,75000.0,8059569877.88,7570042.5,0.0009392613519955278,0.39785233713554014,4686631.5,-3887458.8750000536
2017-02-01,102.0202,79825000.0,-25000.0,8143764214.8,-2550505.0,-0.000313185025097468,0.02599674786239554,4176530.5,-4521856.625000054
2017-02-02,101.7436,80625000.0,800000.0,8203078045.98,81394880.0,0.00992248026213628,3.114510303096072,17863556.5,-705561.6250000537
2017-02-03,101.9492,80325000.0,-300000.0,8189068021.86,-30584760.0,-0.003734827933820633,-1.027420821977866,5543996.5,-2234799.6250000536
2017-02-06,100.7083,80325000.0,0.0,8089392686.67,0.0,0.0,0.10405520077405334,11165931.5,-2234799.6250000536
2017-02-07,101.0544,79375000.0,-950000.0,8021190033.72,-96001680.0,-0.01196850836302617,-3.3582203827710577,-9548413.0,-6401364.875000054
2017-02-08,101.0008,79350000.0,-25000.0,8014416360.3,-2525020.0,-0.0003150597481443405,0.026347665146446937,-9543316.0,-6527615.875000054
2017-02-09,101.8708,79400000.0,50000.0,8088537629.84,5093540.0,0.0006297232247778707,0.2990791380927089,-24803584.0,-5768853.375000054
2017-02-10,102.0812,79400000.0,0.0,8105245373.91,0.0,0.0,0.10924968790351261,-18686632.0,-5768853.375000054
2017-02-13,103.02,79400000.0,0.0,8179784802.21,0.0,0.0,0.10634584947838899,-18686632.0,-4252203.375000054
2017-02-14,102.9966,79500000.0,100000.0,8188227199.48,10299660.0,0.0012578620193457858,0.4689746863218853,2573636.0,-2222506.8750000536
2017-02-15,103.1897,79325000.0,-175000.0,8185520372.97,-18058197.5,-0.002206114782834245,-0.532345427135668,-532999.5,-3125416.7500000536
2017-02-16,102.8683,79400000.0,75000.0,8167740649.35,7715122.5,0.0009445846570329066,0.38027964928337077,-8683.0,-1598033.1250000536
2017-02-17,102.8659,79400000.0,0.0,8167550015.41,0.0,0.0,0.10607803665579163,-8683.0,-1089190.1250000536
2017-02-20,103.4821,79425000.0,25000.0,8219067275.74,2587052.5,0.00031476229761935804,0.19241709790210507,508727.5,-959837.5000000537
2017-02-21,104.7053,79425000.0,0.0,8316219341.17,0.0,0.0,0.1009913096004643,-1551204.5,-959837.5000000537
2017-02-22,104.9769,79425000.0,0.0,8337792553.03,0.0,0.0,0.1009913096004643,2060435.0,-959837.5000000537
2017-02-23,104.5324,79425000.0,0.0,8302486334.73,0.0,0.0,0.1009913096004643,517410.5,-1607825.0000000536
2017-02-24,103.2739,79725000.0,300000.0,8233514240.62,30982170.0,0.0037629339179556676,1.177928719564822,6713844.5,-1609368.5000000536
2017-02-27,103.4356,79325000.0,-400000.0,8205032475.37,-41374240.0,-0.005042544331688859,-1.3422859637700044,-2078414.0,-2272596.7500000536
2017-02-28,103.5379,79325000.0,0.0,8213141431.12,0.0,0.0,0.08919183579231982,-2078414.0,-2651098.8750000536
2017-03-01,105.5739,78600000.0,-725000.0,8298105571.09,-76541077.5,-0.009223921875212529,-2.49721365492366,-17386629.5,-6350627.500000054
2017-03-02,105.5067,78600000.0,0.0,8292822722.11,0.0,0.0,0.10565685592060022,-17386629.5,-10420371.500000054
2017-03-03,105.2245,78600000.0,0.0,8270646077.81,0.0,0.0,0.10565685592060022,-23583063.5,-8891133.500000054
2017-03-06,104.6198,78225000.0,-375000.0,8183881386.7,-39232425.0,-0.004793865300120113,-1.2279732822617777,-23154700.5,-10852754.750000054
2017-03-07,104.687,78250000.0,25000.0,8191758258.67,2617175.0,0.0003194887980526076,0.20499658594571882,-22631265.5,-5921812.000000054
2017-03-08,104.6968,77975000.0,-275000.0,8163733649.9,-28791620.0,-0.003526771111690137,-0.8624103377486502,-13081374.0,-7235142.000000054
2017-03-09,104.7934,77975000.0,0.0,8171262327.65,0.0,0.0,0.12045985536901621,-13081374.0,-7489819.000000054
2017-03-10,104.66,77825000.0,-150000.0,8145164664.63,-15699000.0,-0.0019274011817308225,-0.4164338294765706,-16221174.0,-8274769.000000054
2017-03-13,104.8935,77425000.0,-400000.0,8121378766.19,-41957400.0,-0.005166290257840488,-1.299538909179145,-16766169.0,-10372639.000000054
2017-03-14,104.8821,77425000.0,0.0,8120496446.76,0.0,0.0,0.14116707460711808,-17289604.0,-10887622.000000054
2017-03-15,105.0661,77325000.0,-100000.0,8124237239.43,-10506610.0,-0.0012932426380912957,-0.2231070238161923,-13632602.0,-10510042.625000054
2017-03-16,105.7071,77000000.0,-325000.0,8139445185.45,-34354807.5,-0.004220780006162134,-1.0276200906785504,-20503563.5,-12613539.125000054
2017-03-17,105.8122,76900000.0,-100000.0,8136958158.17,-10581220.0,-0.001300390120523824,-0.21128145747947696,-19480007.5,-13142600.125000054
2017-03-20,105.4403,76900000.0,0.0,8108361904.07,0.0,0.0,0.15533724461782247,-11088527.5,-13271952.750000054
2017-03-21,104.6461,76900000.0,0.0,8047286586.73,0.0,0.0,0.15533724461782247,-11088527.5,-13271952.750000054
2017-03-22,104.1339,76900000.0,0.0,8007895262.3,0.0,0.0,0.1841614856697317,-8987205.5,-13271952.750000054
2017-03-23,105.3244,76800000.0,-100000.0,8088916503.91,-10532440.0,-0.0013020829173980045,-0.18378959165285536,-4222732.0,-13798574.750000054
2017-03-24,105.5394,76425000.0,-375000.0,8065846736.21,-39577275.0,-0.004906772505647271,-1.208044731994634,-10021943.0,-17326547.000000052
2017-03-27,104.9397,76325000.0,-100000.0,8009519835.04,-10493970.0,-0.0013101871543024393,-0.16739308168340186,-12120737.0,-15782533.500000054
2017-03-28,106.2863,76325000.0,0.0,8112298297.44,0.0,0.0,0.20013075588340606,-12120737.0,-15782533.500000054
2017-03-29,106.7584,78650000.0,2325000.0,8396547324.51,248213280.0,0.02956135068463811,6.794368550803131,37521919.0,455184.37499994633
2017-03-30,107.2277,78725000.0,75000.0,8441499169.74,8042077.5,0.00095268356227863,0.31421123336031603,41236822.5,857288.2499999463
2017-03-31,107.7244,77475000.0,-1250000.0,8345947086.27,-134655500.0,-0.016134238404353542,-3.3510941675250954,22221177.5,-5875486.750000054
2017-04-03,107.2318,77700000.0,225000.0,8331909334.46,24127155.0,0.002895753425953921,0.7419313725853199,29145402.5,-2707507.7500000536
2017-04-04,107.4365,77600000.0,-100000.0,8337072045.09,-10743650.0,-0.0012886598486728108,-0.17406658302341319,26996672.5,-3375549.0000000536
2017-04-05,106.8627,77550000.0,-50000.0,8287202720.42,-5343135.0,-0.0006447452995006748,-0.030275692029056306,-23714610.5,-2203124.7500000536
2017-04-06,107.0003,77450000.0,-100000.0,8287174150.12,-10700030.0,-0.0012911554416706764,-0.1689710467622817,-27463032.0,-2738126.2500000536
2017-04-07,106.9488,77450000.0,0.0,8283187087.26,0.0,0.0,0.10528503425070618,-531932.0,-1953176.2500000536
2017-04-10,106.7327,77350000.0,-100000.0,8255777544.51,-10673270.0,-0.0012928243212049246,-0.175226411531022,-7492017.0,-388969.75000005367
2017-04-11,106.1971,77350000.0,0.0,8214343274.41,0.0,0.0,0.10541229971967683,-5343287.0,-388969.75000005367
2017-04-12,106.3309,77250000.0,-100000.0,8214062570.1,-10633090.0,-0.0012944982959717764,-0.17545608605728785,-6401278.0,-395293.75000005367
2017-04-13,105.9306,76475000.0,-775000.0,8101045321.63,-82096215.0,-0.010134027368147292,-2.052272862063376,-20680515.0,-2782364.1250000536
2017-04-18,104.9786,75850000.0,-625000.0,7962623830.29,-65611625.0,-0.008239950347825287,-1.6213859609225438,-33802840.0,-5533884.375000054
2017-04-19,105.1182,75550000.0,-300000.0,7941681065.97,-31535460.0,-0.003970879683790002,-0.7032997052558242,-37975278.0,-7110657.375000054
2017-04-20,105.2128,75150000.0,-400000.0,7906741372.92,-42085120.0,-0.005322688325703734,-0.9915172891290457,-46392302.0,-9214913.375000054
2017-04-21,105.3982,74650000.0,-500000.0,7867975306.72,-52699100.0,-0.0066979239188752855,-1.2622710386534088,-54805504.0,-11849868.375000054
2017-04-24,108.9519,74125000.0,-525000.0,8076062947.0,-57199747.5,-0.0070826277451499905,-1.3206319572301095,-49826210.5,-14183233.750000054
2017-04-25,109.0569,74450000.0,325000.0,8119289891.5,35443492.5,0.004365343887660105,1.0668136731386886,-29615187.0,-10432195.375000054
2017-04-26,109.1069,73800000.0,-650000.0,8052088691.12,-70919485.0,-0.008807588654383724,-1.6501300568710047,-37491992.0,-13453471.125000054
2017-04-27,108.8526,73000000.0,-800000.0,7946236615.29,-87082080.0,-0.010958908501722474,-2.0402226549347082,-46491384.0,-17807575.125000052
2017-04-28,108.8016,72000000.0,-1000000.0,7833714731.78,-108801600.0,-0.013888889719025776,-2.5414933864345515,-57711884.0,-35658319.12500005
2017-05-02,108.875,72000000.0,0.0,7839001715.01,0.0,0.0,0.23074579239276907,-46271934.5,-36060423.00000005
2017-05-03,109.0482,74975000.0,2975000.0,8175885316.44,324418395.0,0.039679910180205474,6.54964197227804,11523046.0,-13106728.250000054
2017-05-04,110.0915,78750000.0,3775000.0,8669705275.83,415595412.5,0.047936509867137635,6.354879091677848,108826025.5,6466684.624999946
2017-05-05,110.6926,79250000.0,500000.0,8772390971.37,55346300.0,0.006309146523522591,0.8695393612722799,137311701.5,9771182.124999946
2017-05-08,110.4968,79250000.0,0.0,8756870535.14,0.0,0.0,0.04245583916941448,159072021.5,10038338.874999946
2017-05-09,110.9712,79250000.0,0.0,8794466789.48,0.0,0.0,0.04312313544701677,159072021.5,10573340.374999946
2017-05-10,111.0434,79250000.0,0.0,8800192838.02,0.0,0.0,0.04312313544701677,94188342.5,10573340.374999946
2017-05-11,110.6389,80000000.0,750000.0,8851110706.77,82979175.0,0.009375001369775121,1.2509126792919896,27665095.0,15255962.624999946
2017-05-12,111.1552,80000000.0,0.0,8892417930.57,0.0,0.0,0.0313598338151145,16595835.0,15255962.624999946
2017-05-15,111.4724,80000000.0,0.0,8917794930.68,0.0,0.0,0.0313598338151145,16595835.0,15787617.124999946
2017-05-16,111.4502,76550000.0,-3450000.0,8531510934.73,-384503190.0,-0.045068592532041166,-5.112178139940937,-60304803.0,667268.3749999463
2017-05-17,109.9444,76550000.0,0.0,8416240569.45,0.0,0.0,0.07027656811552245,-60304803.0,3947849.6249999464
2017-05-18,109.5821,76150000.0,-400000.0,8344680134.95,-43832840.0,-0.005252788518090111,-0.5281510144872185,-85667206.0,3332980.6249999464
2017-05-19,110.0051,75675000.0,-475000.0,8324634275.66,-52252422.5,-0.00627684301432657,-0.638681718845663,-96117690.5,2824615.4999999464
2017-05-22,109.8363,74900000.0,-775000.0,8226737600.6,-85123132.5,-0.01034713110258819,-1.091811926267737,-113142317.0,1203413.8749999464
2017-05-23,110.1812,74600000.0,-300000.0,8219518381.41,-33054360.0,-0.004021447299729715,-0.36603931759096975,-42852551.0,2410683.2499999464
2017-05-24,110.039,74600000.0,0.0,8208909985.83,0.0,0.0,0.09255791252148551,-42852551.0,638508.6249999463
2017-05-25,109.8545,74350000.0,-250000.0,8167678456.15,-27463625.0,-0.0033624762712494848,-0.2876058534911805,-39578708.0,2811301.6249999464
2017-05-26,109.6839,74375000.0,25000.0,8157740323.53,2742097.5,0.000336134443025939,0.13027752866938574,-28579804.0,7302510.499999946
2017-05-29,109.9154,74650000.0,275000.0,8205184361.74,30226735.0,0.0036838581154793318,0.5047430169594819,-5509830.5,14253927.249999946
2017-05-30,109.6515,75050000.0,400000.0,8229342461.75,43860600.0,0.005329781839055083,0.6859222841479563,9873161.5,16446957.249999946
2017-05-31,109.7935,75275000.0,225000.0,8264707245.79,24703537.5,0.0029890396314502074,0.4171449954790941,14813869.0,1461214.3749999464
2017-06-01,110.227,75350000.0,75000.0,8305600883.23,8267025.0,0.0009953554374003343,0.19515925886500396,21959999.0,-18905205.000000052
2017-06-02,111.6012,75350000.0,0.0,8409150302.16,0.0,0.0,0.08179125128676958,21411579.5,-21672520.000000052
2017-06-06,110.4435,75350000.0,0.0,8321916918.8,0.0,0.0,0.08716840496981472,15366232.5,-21672520.000000052
2017-06-07,110.2896,75350000.0,0.0,8310324497.65,0.0,0.0,0.10181606223474664,6594112.5,-21672520.000000052
2017-06-08,110.6467,75350000.0,0.0,8337230482.54,0.0,0.0,0.10299011556417935,1653405.0,-21672520.000000052
2017-06-09,111.5351,75500000.0,150000.0,8420897299.53,16730265.0,0.001986755615809942,0.32881409168224673,3346053.0,-24984965.500000052
2017-06-12,110.4434,75500000.0,0.0,8338474684.17,0.0,0.0,0.0955794313726324,3346053.0,-24984965.500000052
2017-06-13,111.0916,75500000.0,0.0,8387412742.67,0.0,0.0,0.09015667073815879,3346053.0,-24984965.500000052
2017-06-14,111.4476,75500000.0,0.0,8414290555.74,0.0,0.0,0.07864886949879539,3346053.0,-5759806.000000054
2017-06-15,110.4539,75425000.0,-75000.0,8330987545.35,-8284042.5,-0.000994365008338513,-0.04121952757875712,1689244.5,-6174008.125000054
2017-06-16,110.9835,75525000.0,100000.0,8382030470.58,11098350.0,0.001324064621210097,0.23069951423389037,562861.5,-3427448.6250000536
2017-06-19,112.1674,75525000.0,0.0,8471441388.21,0.0,0.0,0.07453183155180879,562861.5,-814827.5000000537
2017-06-20,111.5216,75525000.0,0.0,8422665502.99,0.0,0.0,0.07423066497289799,562861.5,3441329.1249999464
2017-06-21,111.1684,75525000.0,0.0,8395993972.69,0.0,0.0,0.06889836745322063,562861.5,5094047.124999946
2017-06-22,111.3397,75525000.0,0.0,8408929869.57,0.0,0.0,0.06799068686057595,2219670.0,5094047.124999946
2017-06-23,110.812,75525000.0,0.0,8369074768.41,0.0,0.0,0.06799068686057595,0.0,6467228.374999946
2017-06-26,111.1361,75525000.0,0.0,8393555827.75,0.0,0.0,0.06799068686057595,0.0,6330123.499999946
2017-06-27,110.2671,75525000.0,0.0,8327922187.06,0.0,0.0,0.06921013931917813,0.0,4818786.749999946
2017-06-28,110.0599,75525000.0,0.0,8312275533.99,0.0,0.0,0.06981814364356986,0.0,2625756.7499999464
2017-06-29,108.0487,74525000.0,-1000000.0,8052327127.02,-108048700.0,-0.01341831973485491,-1.4733892323399336,-21609740.0,-4011855.1250000536
2017-06-30,107.2557,74525000.0,0.0,7993234436.7,0.0,0.0,0.08213712537175916,-21609740.0,-4425206.375000054
2017-07-03,108.5613,74525000.0,0.0,8090529261.13,0.0,0.0,0.08064087159762316,-21609740.0,-4425206.375000054
2017-07-04,108.2283,74525000.0,0.0,8065710525.84,0.0,0.0,0.08064087159762316,-21609740.0,-4425206.375000054
2017-07-05,108.3718,74525000.0,0.0,8076406338.7,0.0,0.0,0.0794407676429665,-21609740.0,-4425206.375000054
2017-07-06,107.741,74525000.0,0.0,8029401695.96,0.0,0.0,0.0794407676429665,0.0,-4425206.375000054
2017-07-07,107.8052,74450000.0,-75000.0,8026096952.74,-8085390.0,-0.001007387531898647,-0.040000731616902284,-1617078.0,-5665989.125000054
2017-07-10,108.3019,74250000.0,-200000.0,8041414192.57,-21660380.0,-0.0026936033241532907,-0.23667534847403576,-5949154.0,-6749008.125000054
2017-07-11,108.2239,74250000.0,0.0,8035625495.74,0.0,0.0,0.07584278063269435,-5949154.0,-6749008.125000054
2017-07-12,109.8729,74425000.0,175000.0,8177288784.33,19227757.5,0.002351360947022664,0.34357132162238974,-2103602.5,-5787620.250000054
2017-07-13,110.0006,74525000.0,100000.0,8197797234.16,11000060.0,0.001341831187793112,0.22391721722966113,96409.5,-4823415.125000054
2017-07-14,109.9166,74825000.0,300000.0,8224508539.16,32974980.0,0.004009355676754864,0.5287874467558461,8308483.5,-3729583.6250000536
2017-07-17,109.5274,74825000.0,0.0,8195386307.98,0.0,0.0,0.06435041938844639,12640559.5,-3729583.6250000536
2017-07-18,108.1628,75175000.0,350000.0,8131137100.9,37856980.0,0.004655803921423214,0.5982777006276411,20211955.5,-1836734.6250000536
2017-07-19,108.3507,75300000.0,125000.0,8158811164.02,13543837.5,0.0016600258576553075,0.25167754825556554,19075171.5,-1159542.7500000536
2017-07-20,108.3085,75475000.0,175000.0,8174587032.89,18953987.5,0.002318647709509933,0.3294205889686707,20665957.0,-211843.37500005364
2017-07-21,106.5051,75475000.0,0.0,8038473397.96,0.0,0.0,0.05779058839463614,14070961.0,-211843.37500005364
2017-07-24,106.2331,76225000.0,750000.0,8097615878.52,79674825.0,0.009839294206501946,1.1815098072150623,30005926.0,3771897.8749999464
2017-07-25,106.7142,76275000.0,50000.0,8139626904.74,5335710.0,0.0006555226747423549,0.12343675388496962,23501672.0,4038683.3749999464
2017-07-26,107.0688,76400000.0,125000.0,8180054961.55,13383600.0,0.0016361259261593035,0.24567025162820036,23469624.5,4707863.374999946
2017-07-27,106.2584,76375000.0,-25000.0,8115486426.93,-2656460.0,-0.00032733219677195735,0.015084052490487847,19147535.0,9977475.374999946
2017-07-28,105.8286,76375000.0,0.0,8082660407.57,0.0,0.0,0.053001719422335995,19147535.0,9977475.374999946
2017-07-31,105.4405,76450000.0,75000.0,8060924442.54,7908037.5,0.0009810335720636248,0.15530132596931645,4794177.5,10372877.249999946
2017-08-01,106.5976,76650000.0,200000.0,8170708157.13,21319520.0,0.002609262207143693,0.34231639087072957,7990939.5,11438853.249999946
2017-08-02,105.9896,76650000.0,0.0,8124106065.47,0.0,0.0,0.03855664555248352,5314219.5,11438853.249999946
2017-08-03,105.7563,76925000.0,275000.0,8135300365.97,29082982.5,0.0035749119505967173,0.45173033436595583,11662108.0,12893002.374999946
2017-08-04,106.9996,77050000.0,125000.0,8244316648.71,13374950.0,0.0016223236648840746,0.2225222230950574,14337098.0,13966019.374999946
2017-08-07,106.6454,77050000.0,0.0,8217028098.05,0.0,0.0,0.034694697879689894,12755490.5,15049038.374999946
2017-08-08,106.9483,77075000.0,25000.0,8243041961.04,2673707.5,0.0003243593217937066,0.07005368800034313,9026328.0,15182723.749999946
2017-08-09,105.747,77200000.0,125000.0,8163669699.95,13218375.0,0.0016191707266256692,0.2203082163437385,11670003.0,14882254.624999946
2017-08-10,104.5314,77200000.0,0.0,8069826606.32,0.0,0.0,0.031584016222209,5853406.5,14332251.624999946
2017-08-11,104.5288,77525000.0,325000.0,8103596601.76,33971860.0,0.004192195350965735,0.5158712758668962,9972788.5,14382095.624999946
2017-08-14,105.8415,77725000.0,200000.0,8226531156.59,21168300.0,0.002573174476224135,0.32473303774992474,14206448.5,15440510.624999946
2017-08-15,105.9448,78000000.0,275000.0,8263690525.56,29134820.0,0.003525642678641531,0.4318172092497923,19498671.0,15004402.624999946
2017-08-16,106.6995,79000000.0,1000000.0,8429257306.36,106699500.0,0.012658232643995059,1.4679355236985756,38194896.0,19662185.749999948
2017-08-17,106.1736,79100000.0,100000.0,8398334413.41,10617360.0,0.0012642221037360434,0.1576627557141044,40318368.0,19245354.374999948
2017-08-18,105.8403,79725000.0,625000.0,8438115102.57,66150187.5,0.007839450718070035,0.9015392016889783,46754033.5,22552863.749999948
2017-08-21,104.976,79875000.0,150000.0,8384954096.78,15746400.0,0.001877935146484219,0.2137561022017295,45669653.5,19356442.499999948
2017-08-22,106.3964,80125000.0,250000.0,8525014006.29,26599100.0,0.003120123905998796,0.3463107872774166,45162509.5,20419611.999999948
2017-08-23,105.9172,80250000.0,125000.0,8499852973.36,13239650.0,0.0015576328251200742,0.16426901864434446,26470539.5,20412414.499999948
2017-08-24,105.9735,79925000.0,-325000.0,8469928704.81,-34441387.5,-0.004066313743637657,-0.4810372181997213,17458790.0,18823168.124999948
2017-08-25,105.8609,79925000.0,0.0,8460930537.27,0.0,0.0,-0.016379207699277445,4228752.5,18823168.124999948
2017-08-28,105.4726,79825000.0,-100000.0,8419353925.13,-10547260.0,-0.001252739829420717,-0.15962180530940404,-1029979.5,17900403.249999948
2017-08-29,103.9273,79825000.0,0.0,8296000713.26,0.0,0.0,-0.01827337818739915,-6349799.5,16834427.249999948
2017-08-30,104.4192,79850000.0,25000.0,8337870671.58,2610480.0,0.000313087130134788,0.01763051115677852,-8475633.5,16964951.249999948
2017-08-31,104.883,79750000.0,-100000.0,8364422470.24,-10488300.0,-0.0012539180125485771,-0.1642498320567221,-3685016.0,14986387.124999946
2017-09-01,105.6376,79750000.0,0.0,8424602101.51,0.0,0.0,-0.024244979235428836,-3685016.0,14317639.624999946
2017-09-04,105.2844,79850000.0,100000.0,8406959003.11,10528440.0,0.001252348202971514,0.11961435064198153,530124.0,14844061.624999946
2017-09-05,105.4709,79850000.0,0.0,8421852257.3,0.0,0.0,-0.02670422012342125,530124.0,14710376.249999946
2017-09-06,106.2606,79850000.0,0.0,8484906017.15,0.0,0.0,-0.030813666403866215,8028.0,14049457.499999946
2017-09-07,106.9742,79850000.0,0.0,8541887503.62,0.0,0.0,-0.03207484677777472,2105688.0,14049457.499999946
2017-09-08,107.0377,79750000.0,-100000.0,8536255951.12,-10703770.0,-0.001253918586941575,-0.17629056569847476,-35066.0,11815675.999999946
2017-09-11,108.526,79475000.0,-275000.0,8625103867.06,-29844650.0,-0.0034602076056126398,-0.42850356886148017,-8109684.0,9265028.499999946
2017-09-12,108.9563,79375000.0,-100000.0,8648406572.38,-10895630.0,-0.0012598424818274444,-0.17226102782163333,-10288810.0,7263505.999999946
2017-09-13,109.2063,79375000.0,0.0,8668251137.7,0.0,0.0,-0.027534179766114233,-10288810.0,1928530.9999999464
2017-09-14,109.0917,79375000.0,0.0,8659154482.78,0.0,0.0,-0.032321582443291634,-10288810.0,1397662.9999999464
2017-09-15,108.9029,79375000.0,0.0,8644171569.49,0.0,0.0,-0.03359351021231958,-8148056.0,-1909846.3750000536
2017-09-18,109.2545,79250000.0,-125000.0,8658419504.63,-13656812.5,-0.0015772869970896147,-0.21512341949645072,-4910488.5,-3380007.0000000536
2017-09-19,109.2749,78975000.0,-275000.0,8629984543.18,-30050597.5,-0.00348211486934215,-0.4252836255369066,-8741482.0,-6212491.875000054
2017-09-20,109.3387,78975000.0,0.0,8635021838.31,0.0,0.0,0.0008613869369438154,-8741482.0,-6874474.375000054
2017-09-21,109.6066,78975000.0,0.0,8656182297.18,0.0,0.0,-0.015818577780703065,-8741482.0,-5152405.000000054
2017-09-22,109.5394,78975000.0,0.0,8650873578.94,0.0,0.0,-0.012828688571999938,-8741482.0,-5152405.000000054
2017-09-25,109.5593,78975000.0,0.0,8652445780.46,0.0,0.0,-0.014164544911840578,-6010119.5,-4625042.000000054
2017-09-26,109.6492,78975000.0,0.0,8659545579.74,0.0,0.0,-0.014832640519735733,0.0,-4625042.000000054
2017-09-27,110.1029,78750000.0,-225000.0,8670601014.47,-24773152.5,-0.0028571436349864483,-0.36804536631535323,-4954630.5,-5994223.625000054
2017-09-28,110.5133,78375000.0,-375000.0,8661479378.62,-41442487.5,-0.00478468927632578,-0.6015589883337505,-13243128.0,-7541933.000000054
2017-09-29,111.5933,78550000.0,175000.0,8765656351.21,19528827.5,0.0022278796609798953,0.26433948772031773,-9337362.5,-6565491.625000054
2017-10-02,112.2337,78425000.0,-125000.0,8801924169.34,-14029212.5,-0.0015938801823433524,-0.20780415538288816,-12143205.0,-7793374.250000054
2017-10-04,112.8231,78125000.0,-300000.0,8814300955.19,-33846930.0,-0.003840001626001934,-0.4831828955136584,-18912591.0,-9485720.750000054
2017-10-05,112.8008,78950000.0,825000.0,8905622723.24,93060660.0,0.010449652190761471,1.2653346787671251,4654171.5,-4832687.750000054
2017-10-06,112.6951,78950000.0,0.0,8897275607.21,0.0,0.0,-0.037515082488830946,12942669.0,-4832687.750000054
2017-10-09,112.8714,78875000.0,-75000.0,8902734956.97,-8465355.0,-0.0009508712817932907,-0.15913642733213726,7343832.5,-4720767.000000054
2017-10-10,112.6348,78800000.0,-75000.0,8875621979.18,-8447610.0,-0.0009517766777152058,-0.16411241620303116,8460153.0,-3650915.0000000536
2017-10-11,112.8206,78750000.0,-50000.0,8884622775.55,-5641030.0,-0.0006349205973633241,-0.1312940268269864,14101333.0,-3388185.0000000536
2017-10-12,112.9264,78750000.0,0.0,8892950764.92,0.0,0.0,-0.059403132542815436,-4510799.0,-3388185.0000000536
2017-10-13,113.004,78700000.0,-50000.0,8893411341.8,-5650200.0,-0.0006353242622933054,-0.13414217815571647,-5640839.0,-3670695.0000000536
2017-10-16,113.1053,78350000.0,-350000.0,8861798056.93,-39586855.0,-0.004467135760224501,-0.6233011025474183,-11865139.0,-5650037.750000054
2017-10-17,113.0297,78350000.0,0.0,8855876344.3,0.0,0.0,-0.0711743525959934,-10175617.0,-4967197.125000054
2017-10-18,113.4464,78000000.0,-350000.0,8848818512.41,-39706240.0,-0.004487179835851995,-0.6614007922146189,-16988659.0,-5449979.250000054
2017-10-19,112.9856,77850000.0,-150000.0,8795929813.33,-16947840.0,-0.0019267820866778627,-0.32869252506046565,-20378227.0,-6297371.250000054
2017-10-20,112.9954,77450000.0,-400000.0,8751491926.67,-45198160.0,-0.0051646234012122545,-0.786115290196603,-28287819.0,-8557279.250000054
2017-10-23,113.0973,77350000.0,-100000.0,8748075238.91,-11309730.0,-0.0012928249576199553,-0.21298930623289222,-22632394.0,-9122765.750000054
2017-10-24,113.1759,77300000.0,-50000.0,8748493971.64,-5658795.0,-0.0006468307594820458,-0.08076744671890553,-23764153.0,-9405705.500000054
2017-10-25,112.6629,77000000.0,-300000.0,8675045281.85,-33798870.0,-0.003896103006022835,-0.6897493976745773,-22582679.0,-11095649.000000054
2017-10-26,114.2272,77000000.0,0.0,8795493319.31,0.0,0.0,0.04802899742248238,-19193111.0,-9856991.375000054
2017-10-27,114.9595,77000000.0,0.0,8851883852.83,0.0,0.0,0.04802899742248238,-10153479.0,-7784867.000000054
2017-10-30,115.0627,77600000.0,600000.0,8928861928.55,69037620.0,0.007731961872907061,1.5214242435649685,5915991.0,-5309427.375000054
2017-11-01,117.1138,77700000.0,100000.0,9099739499.77,11711380.0,0.0012870016773882385,0.2934815510141478,9390026.0,-4022397.7500000536
2017-11-02,116.8994,77975000.0,275000.0,9115230453.7,32147335.0,0.0035267715021896065,0.7122074300481828,22579267.0,-722684.5000000537
2017-11-03,117.2287,78200000.0,225000.0,9167287410.87,26376457.5,0.0028772368878414822,0.8228665312241648,27854558.5,-4056894.6250000536
2017-11-06,117.1396,78250000.0,50000.0,9166177173.13,5856980.0,0.0006389773936695576,0.14032825194677553,29025954.5,-3764045.6250000536
2017-11-07,116.3605,78225000.0,-25000.0,9102303952.27,-2909012.5,-0.00031959078879963446,-0.16567294022220566,14636628.0,-3486228.5000000536
2017-11-08,116.3874,78225000.0,0.0,9104406066.91,0.0,0.0,-0.08486701831015225,12294352.0,-3063848.0000000536
2017-11-09,114.6485,78225000.0,0.0,8968381141.9,0.0,0.0,-0.11749174418677305,5864885.0,-2781796.5000000536
2017-11-10,114.1689,78275000.0,50000.0,8936574194.6,5708445.0,0.0006387733012331924,0.08049248919311412,1731282.5,-2496374.2500000536
2017-11-13,113.706,76675000.0,-1600000.0,8718406295.44,-181929600.0,-0.020867300035690567,-5.882315157701509,-35826033.5,-11310344.250000054
2017-11-14,113.3494,76725000.0,50000.0,8696733560.5,5667470.0,0.0006516780076765006,0.11091235184667139,-34110737.0,-9047628.000000054
2017-11-15,112.8522,76725000.0,0.0,8658584629.69,0.0,0.0,-0.07083366106792383,-34110737.0,-9047628.000000054
2017-11-16,113.4679,76500000.0,-225000.0,8680296398.1,-25530277.5,-0.002941175776623046,-0.8797253872498846,-39216792.5,-8338829.875000054
2017-11-17,113.0022,76250000.0,-250000.0,8616414684.94,-28250550.0,-0.0032786896908962686,-0.9589323397526387,-46008591.5,-8903965.375000054
2017-11-20,113.5654,75450000.0,-800000.0,8568507666.81,-90852320.0,-0.010603050558257098,-2.890180277816286,-27793135.5,-11186673.375000054
2017-11-21,114.5118,75325000.0,-125000.0,8625604911.88,-14313975.0,-0.0016594749175545289,-0.44898140935834635,-31789424.5,-11336885.625000054
2017-11-22,113.185,75325000.0,0.0,8525659884.48,0.0,0.0,0.002568872352555898,-31789424.5,-11053945.875000054
2017-11-23,113.128,75175000.0,-150000.0,8504398704.53,-16969200.0,-0.0019953438907986632,-0.5351975905984846,-30077209.0,-10212462.375000054
2017-11-24,113.5737,75275000.0,100000.0,8549257748.97,11357370.0,0.0013284626962344556,0.36491158334643625,-22155625.0,-9644593.875000054
2017-11-27,113.0535,75325000.0,50000.0,8515751788.49,5652675.0,0.0006637904838466791,0.1828445551805365,-2854626.0,-9361960.125000054
2017-11-28,113.5688,75525000.0,200000.0,8577286078.99,22713760.0,0.002648128999175764,0.7195733515190508,4550921.0,-11678153.125000054
2017-11-29,113.5886,75525000.0,0.0,8578780153.6,0.0,0.0,0.0010731054853457074,4550921.0,-12263722.125000054
2017-11-30,113.2587,75525000.0,0.0,8553863432.71,0.0,0.0,0.0010731054853457074,7944761.0,-13871088.875000054
2017-12-01,111.8453,75700000.0,175000.0,8466692736.67,19572927.5,0.0023117559723441843,0.6220580194713368,9587872.5,-14211265.375000054
2017-12-04,113.5572,76050000.0,350000.0,8636027945.47,39745020.0,0.004602233833767076,1.2224416281897057,16406341.5,-12516863.375000054
2017-12-05,113.4697,76050000.0,0.0,8629368994.67,0.0,0.0,-0.01371495790574681,11863589.5,-12371412.750000054
2017-12-06,113.0371,76175000.0,125000.0,8610603907.09,14129637.5,0.0016409577832706495,0.4243106093747603,14689517.0,-11664930.875000054
2017-12-07,113.4393,76175000.0,0.0,8641235266.61,0.0,0.0,-0.01738530197555952,14689517.0,-11664930.875000054
2017-12-08,114.3826,76075000.0,-100000.0,8701655859.19,-11438260.0,-0.0013144923431923378,-0.3680471914537229,8487279.5,-12522266.125000054
2017-12-11,114.1198,75725000.0,-350000.0,8641722391.6,-39941930.0,-0.004621987167607315,-1.239309312136775,-7450110.5,-5422882.625000054
2017-12-12,114.64,75725000.0,0.0,8681112926.65,0.0,0.0,-0.004040424584957638,-7450110.5,-5706256.125000054
2017-12-13,114.1361,75800000.0,75000.0,8651519116.83,8560207.5,0.0009894455972879526,0.25812154320544534,-8563996.5,-5278245.750000054
2017-12-14,113.635,75800000.0,0.0,8613535221.76,0.0,0.0,-0.006242316266663278,-8563996.5,-4001731.8750000536
2017-12-15,113.943,75575000.0,-225000.0,8611242226.77,-25637175.0,-0.002977174991118125,-0.7929457387050808,-11403779.5,-3871063.1250000536
2017-12-18,115.7567,75575000.0,0.0,8748312933.74,0.0,0.0,-0.031146213986191693,-3415393.5,671552.8749999463
2017-12-19,114.917,75850000.0,275000.0,8716456361.06,31602175.0,0.003625576001410382,0.9794305994857267,2905041.5,2967360.3749999464
2017-12-20,113.6417,75775000.0,-75000.0,8611197201.56,-8523127.5,-0.00098977265303551,-0.31523014822777917,-511625.5,2541203.9999999464
2017-12-21,113.9939,76075000.0,300000.0,8672087284.66,34198170.0,0.003943476221750319,1.056391857160076,6328008.5,5099572.499999946
2017-12-22,113.6721,75425000.0,-650000.0,8573720750.09,-73886865.0,-0.008617829662719583,-2.376639834508412,-3321929.5,837360.7499999463
2017-12-27,113.6454,73175000.0,-2250000.0,8316005666.92,-255702150.0,-0.030748193332425233,-6.617506411981711,-54462359.5,-12230380.500000054
2017-12-28,112.8617,73175000.0,0.0,8258656834.69,0.0,0.0,0.033422775657813694,-60782794.5,-13366068.500000054
2017-12-29,112.3218,73850000.0,675000.0,8294961415.16,75817215.0,0.009140152823548436,1.959793280138931,-43914726.0,-9575207.750000054
2018-01-02,111.4571,73850000.0,0.0,8231105026.1,0.0,0.0,0.0119003644138863,-50754360.0,-9575207.750000054
2018-01-03,112.3814,74425000.0,575000.0,8363987477.45,64619305.0,0.007725896909126057,1.63195930333208,-23053126.0,-7322888.875000054
2018-01-04,114.0233,74450000.0,25000.0,8489032265.05,2850582.5,0.000335795931856222,0.074953413124141,28657420.5,-9167610.750000054
2018-01-05,115.3368,74650000.0,200000.0,8609889031.75,23067360.0,0.002679170418449801,0.572701578825693,33270892.5,-8014242.750000054
2018-01-08,115.752,74650000.0,0.0,8640888576.38,0.0,0.0,0.006450731869197686,18107449.5,-8720724.625000054
2018-01-09,115.9057,74775000.0,125000.0,8666851739.23,14488212.5,0.0016716811289640447,0.36633979436220443,21005092.0,-7996314.000000054
2018-01-10,115.0025,74775000.0,0.0,8599310149.07,0.0,0.0,0.014691425386927881,8081231.0,-7424401.000000054
2018-01-11,114.3228,74675000.0,-100000.0,8537057145.94,-11432280.0,-0.0013391359346161683,-0.26326056764756095,5224658.5,-5998918.500000054
2018-01-12,114.6871,74425000.0,-250000.0,8535587398.07,-28671775.0,-0.0033590863361651056,-0.6849962118485691,-5123168.5,-7432507.250000054
2018-01-15,114.3001,74475000.0,50000.0,8512501364.99,5715005.0,0.0006713661184836372,0.18916629754024897,-3980167.5,-7574767.375000054
2018-01-16,114.6963,74525000.0,50000.0,8547741815.94,5734815.0,0.0006709157954801118,0.18904028604390655,-5730847.0,-7288026.625000054
2018-01-17,114.1558,74525000.0,0.0,8507459904.69,0.0,0.0,0.04704936347758952,-5730847.0,-6006167.875000054
2018-01-18,114.9993,74300000.0,-225000.0,8544446174.44,-25874842.5,-0.0030282644388822345,-0.6019238040001484,-8619359.5,-7299910.000000054
2018-01-19,116.3237,74300000.0,0.0,8642848922.58,0.0,0.0,0.05183630763732156,-2885004.5,-8880018.750000054
2018-01-22,116.5741,73875000.0,-425000.0,8611914326.78,-49543992.5,-0.005752959286408104,-1.1715074400899554,-13936804.0,-10931062.000000054
2018-01-23,117.404,72850000.0,-1025000.0,8552884687.6,-120339100.0,-0.014070001455119349,-2.830790533200837,-39151587.0,-18657925.500000052
2018-01-24,116.1492,72800000.0,-50000.0,8455661494.6,-5807460.0,-0.0006868132083703672,-0.051047546085658715,-40313079.0,-15253955.250000054
2018-01-25,115.141,72800000.0,0.0,8382265380.24,0.0,0.0,0.09801916943488577,-35138110.5,-2468847.7500000536
2018-01-26,115.5025,72800000.0,0.0,8408579163.76,0.0,0.0,0.1009111490816958,-35138110.5,-2468847.7500000536
2018-01-29,115.3651,72625000.0,-175000.0,8378391588.85,-20188892.5,-0.002409638208706724,-0.3967886981384818,-29267090.5,-7269153.125000054
2018-01-30,114.267,72525000.0,-100000.0,8287211382.28,-11426700.0,-0.0013788353491782487,-0.17916149380394503,-7484610.5,-7840488.125000054
2018-01-31,114.1952,72250000.0,-275000.0,8250606799.4,-31403680.0,-0.003806226713201717,-0.6745206145219517,-12603854.5,-12641637.375000054
2018-02-01,112.5394,72150000.0,-100000.0,8119716547.96,-11253940.0,-0.0013860015843567153,-0.16863851153293533,-14854642.5,-13346863.500000054
2018-02-02,110.6462,72150000.0,0.0,7983120415.54,0.0,0.0,0.12745782351487847,-14854642.5,-14500231.500000054
2018-02-05,109.8001,72450000.0,300000.0,7955015243.32,32940030.0,0.004140787791407498,0.9873729668486746,-4228858.0,-12853230.000000054
2018-02-06,107.2482,72450000.0,0.0,7770132297.58,0.0,0.0,0.1309698651716904,-1943518.0,-13577640.625000054
2018-02-07,108.9595,73000000.0,550000.0,7954045907.97,59927725.0,0.0075342442944605174,1.7505804403567062,16322763.0,-10581254.375000054
2018-02-08,106.1026,73850000.0,850000.0,7835677252.69,90187210.0,0.01150981684053393,2.5125619205448557,36610993.0,-5500279.875000054
2018-02-09,104.7809,74025000.0,175000.0,7756408746.89,18336657.5,0.0023640653939688574,0.6291089424060632,40278324.5,-3149858.2500000536
2018-02-12,106.2961,74125000.0,100000.0,7879202027.06,10629610.0,0.0013490718937646368,0.41691344938197844,35816240.5,-2904128.0000000536
2018-02-13,105.5491,74250000.0,125000.0,7837021500.46,13193637.5,0.0016835015061813458,0.49054027043147874,38454968.0,-2531186.8750000536
2018-02-14,106.7829,74350000.0,100000.0,7939305682.12,10678290.0,0.0013449904094319518,0.41969641622906023,28605081.0,-1997272.3750000536
2018-02-15,106.8425,74375000.0,25000.0,7946410854.0,2671062.5,0.000336134457313576,0.19988546606437838,11101851.5,-569977.1250000537
2018-02-16,107.7572,74650000.0,275000.0,8044075190.14,29633230.0,0.003683857907783214,0.8969430666599174,13361166.0,911684.3749999463
2018-02-19,107.1814,74600000.0,-50000.0,7995733511.2,-5359070.0,-0.0006702411970700748,-0.01995119805059697,10163430.0,3120930.4999999464
2018-02-20,108.0657,74700000.0,100000.0,8072509700.68,10806570.0,0.0013386877688223394,0.40006255159026083,9686016.5,9678213.999999946
2018-02-21,107.9153,74700000.0,0.0,8061271575.8,0.0,0.0,0.11918232144200963,7550358.5,9968586.999999946
2018-02-22,107.841,74800000.0,100000.0,8066505215.3,10784100.0,0.001336898658361424,0.39550177668439285,9172966.0,10507791.999999946
2018-02-23,108.0298,74825000.0,25000.0,8083332596.07,2700745.0,0.00033411281397886105,0.18418344469729023,3786469.0,10642829.249999946
2018-02-26,108.4029,74725000.0,-100000.0,8100404494.02,-10840290.0,-0.0013382405789738867,-0.1627438175578787,2690225.0,11110259.374999946
2018-02-27,108.089,74725000.0,0.0,8076950232.96,0.0,0.0,0.11857610168185999,528911.0,11681594.374999946
2018-02-28,107.614,74550000.0,-175000.0,8022626703.09,-18832450.0,-0.0023474169616724758,-0.37058315409081277,-3237579.0,12310155.874999946
2018-03-01,105.4943,74550000.0,0.0,7864598187.57,0.0,0.0,0.12262420710961672,-5394399.0,12872852.874999946
2018-03-02,103.0958,73700000.0,-850000.0,7598163518.92,-87631430.0,-0.011533238233395627,-2.2339851412152076,-23460834.0,8491281.374999946
2018-03-05,104.6276,73575000.0,-125000.0,7697978399.85,-13078450.0,-0.0016989460505961982,-0.2150074486680577,-23908466.0,6190357.374999946
2018-03-06,104.8263,73675000.0,100000.0,7723081221.87,10482630.0,0.0013573118939000134,0.4094609374907621,-21811940.0,6714488.874999946
2018-03-07,105.9641,73550000.0,-125000.0,7793658279.58,-13245512.5,-0.001699524411367161,-0.21653365155009688,-20694552.5,3055826.9999999464
2018-03-08,106.9172,74675000.0,1125000.0,7984039425.78,120281850.0,0.015065287580070922,3.0755541865047196,3361817.5,4560558.999999946
2018-03-09,106.8395,74525000.0,-150000.0,7962213564.39,-16025925.0,-0.0020127474439613044,-0.2908660112317979,17682918.5,2842429.8749999464
2018-03-12,107.4582,74800000.0,275000.0,8037875180.43,29551005.0,0.003676469755582733,0.820532149147546,26208809.5,3788499.6249999464
2018-03-13,105.75,74850000.0,50000.0,7915384609.55,5287500.0,0.0006680029159442957,0.22215587861004032,25169783.5,3393192.7499999464
2018-03-14,105.8938,74775000.0,-75000.0,7918205791.16,-7942035.0,-0.001003009420248537,-0.10534578911242941,26230479.0,2462176.4999999464
2018-03-15,106.8262,74425000.0,-350000.0,7950540698.88,-37389170.0,-0.0047027204080933825,-0.8240207737497162,-5303725.0,459164.87499994633
2018-03-16,107.2062,74475000.0,50000.0,7984183864.02,5360310.0,0.0006713660520965393,0.2303796538582015,-1026478.0,-754481.1250000537
2018-03-19,105.7118,74475000.0,0.0,7872884749.66,0.0,0.0,0.09853861905141258,-6936679.0,-486527.62500005367
2018-03-20,106.4928,74250000.0,-225000.0,7907087977.97,-23960880.0,-0.0030303039585189385,-0.4911027904971172,-12786355.0,-2224900.1250000536
2018-03-21,106.5081,73875000.0,-375000.0,7868285215.32,-39940537.5,-0.005076142565629611,-0.8866567464987585,-19186055.5,-4221927.000000054
2018-03-22,104.6984,73850000.0,-25000.0,7731975246.53,-2617460.0,-0.0003385241049723586,0.03335722143882256,-12231713.5,-4892005.000000054
2018-03-23,102.8481,72950000.0,-900000.0,7502766590.84,-92563290.0,-0.012337221060962892,-2.250760898554276,-31816433.5,-9655206.750000054
2018-03-26,101.9896,72950000.0,0.0,7440138095.21,0.0,0.0,0.11854649187942981,-31816433.5,-9113192.250000054
2018-03-27,103.5776,72600000.0,-350000.0,7519733408.27,-36252160.0,-0.004820936864614223,-0.8058839524494936,-34274689.5,-10925800.250000054
2018-03-28,103.3162,72200000.0,-400000.0,7459433014.53,-41326480.0,-0.0055401636987022235,-0.9330857778923622,-34551878.0,-12050501.750000054
2018-03-29,104.6659,72150000.0,-50000.0,7551646228.17,-5233295.0,-0.0006930005513868187,0.013808936736818819,-35075045.0,-12312166.500000054
2018-04-03,103.8477,71525000.0,-625000.0,7427708390.87,-64904812.5,-0.008738201486178399,-1.5280941807756752,-29543349.5,-11175835.625000054
2018-04-04,103.4618,71350000.0,-175000.0,7382001314.44,-18105815.0,-0.0024526973416521955,-0.31121439751484503,-33164512.5,-11427203.875000054
2018-04-05,106.466,71075000.0,-275000.0,7567068498.55,-29278150.0,-0.003869153557366406,-0.5787328367428388,-31769710.5,-13415242.875000054
2018-04-06,105.8587,70650000.0,-425000.0,7478916568.99,-44989947.5,-0.006015570181186782,-0.9791057501711711,-32502404.0,-15002464.625000054
2018-04-09,106.035,70900000.0,250000.0,7517883784.48,26508750.0,0.003526092017373952,0.8444664834848289,-26153995.0,-19691119.625000052
2018-04-10,107.2012,70900000.0,0.0,7600568521.53,0.0,0.0,0.1623844790349013,-13173032.5,-18889823.375000052
2018-04-11,106.3073,70650000.0,-250000.0,7510613228.75,-26576825.0,-0.003538569247350687,-0.510379792596382,-14867234.5,-21696214.875000052
2018-04-12,107.3537,70650000.0,0.0,7584541299.53,0.0,0.0,0.16101764293744175,-9011604.5,-21960589.875000052
2018-04-13,107.5899,70550000.0,-100000.0,7590470805.72,-10758990.0,-0.0014174338160805886,-0.1120222270389214,-2165413.0,-22101437.625000052
2018-04-16,107.1416,70100000.0,-450000.0,7510627786.84,-48213720.0,-0.0064193994654453915,-1.068682282411626,-17109907.0,-22642665.125000052
2018-04-17,108.8196,70100000.0,0.0,7628253093.39,0.0,0.0,0.15984276757850344,-17109907.0,-22910680.625000052
2018-04-18,108.8654,70100000.0,0.0,7631467939.98,0.0,0.0,0.1587934290764548,-11794542.0,-22910680.625000052
2018-04-19,108.6626,70225000.0,125000.0,7630827901.52,13582825.0,0.0017799936226178563,0.49111036443236344,-9077977.0,-21033495.375000052
2018-04-20,108.4295,70225000.0,0.0,7614462059.4,0.0,0.0,0.14979393225744853,-6926179.0,-19036468.500000052
2018-04-23,108.7039,70225000.0,0.0,7633729398.87,0.0,0.0,0.14979393225744853,2716565.0,-18905595.500000052
2018-04-24,108.5172,70125000.0,-100000.0,7609768293.54,-10851720.0,-0.001426025022235187,-0.11026108108060527,546221.0,-14820017.000000054
2018-04-25,107.4052,69725000.0,-400000.0,7488824313.98,-42962080.0,-0.005736825728412293,-0.9321971544654406,-8046195.0,-16968121.000000052
2018-04-26,108.0587,69650000.0,-75000.0,7526287422.84,-8104402.5,-0.0010768127822763712,-0.023745402470148565,-12383640.5,-15560733.125000054
2018-04-27,108.7393,69725000.0,75000.0,7581844911.76,8155447.5,0.0010756547509103358,0.39736237090425025,-10752551.0,-13086636.750000054
2018-04-30,108.9975,69725000.0,0.0,7599849241.04,0.0,0.0,0.1894438513936409,-10752551.0,-12824972.000000054
2018-05-02,110.6389,69500000.0,-225000.0,7689403879.39,-24893752.5,-0.0032374099332619292,-0.4347144513843794,-13560957.5,-10824419.000000054
2018-05-03,109.669,68950000.0,-550000.0,7561674631.25,-60317950.0,-0.007976797857808516,-1.3323267929580014,-17032131.5,-12935025.750000054
2018-05-04,110.7553,68200000.0,-750000.0,7553509250.2,-83066475.0,-0.010997070665902817,-1.8689461374720262,-32024546.0,-15624442.000000054
2018-05-07,111.8137,68200000.0,0.0,7625695026.23,0.0,0.0,0.22086156796122336,-33655635.5,-13374944.625000054
2018-05-08,111.5028,68200000.0,0.0,7604492114.77,0.0,0.0,0.20004631436546133,-33655635.5,-14700382.125000054
2018-05-09,111.763,67550000.0,-650000.0,7549587567.97,-72645950.0,-0.009622505778753909,-1.7090354741498488,-43206075.0,-18332679.625000052
2018-05-11,112.1816,67500000.0,-50000.0,7572259872.34,-5609080.0,-0.0007407405575829329,0.06791673631244347,-32264301.0,-17284292.375000052
2018-05-14,111.9777,67300000.0,-200000.0,7536101808.51,-22395540.0,-0.0029717671773900746,-0.3781462992714572,-20130114.0,-18404069.375000052
2018-05-15,111.9084,67150000.0,-150000.0,7514651823.41,-16786260.0,-0.0022338040929197342,-0.23246257934187398,-23487366.0,-18705432.875000052
2018-05-16,112.1356,66800000.0,-350000.0,7490657570.48,-39247460.0,-0.005239521314479876,-0.8534260672593155,-31336858.0,-18257119.875000052
2018-05-17,113.1472,66575000.0,-225000.0,7532771702.51,-25458120.0,-0.0033796484223087607,-0.4732867752723949,-21899292.0,-19530025.875000052
2018-05-18,112.7795,66400000.0,-175000.0,7488560111.07,-19736412.5,-0.0026355417072535152,-0.3181378768866237,-24724758.5,-20516846.500000052
2018-05-22,113.5675,66475000.0,75000.0,7549397971.41,8517562.5,0.0011282439384248247,0.43800830016501785,-18542138.0,-20770109.625000052
2018-05-23,111.9045,66475000.0,0.0,7438848925.36,0.0,0.0,0.21223318075046896,-15184886.0,-20770109.625000052
2018-05-24,110.8545,66025000.0,-450000.0,7319166447.74,-49884525.0,-0.006815601934480294,-1.1487467575993853,-17312299.0,-23264335.875000052
2018-05-25,111.5665,64850000.0,-1175000.0,7235090259.88,-131090637.5,-0.01811872869464026,-3.2432660666908304,-38438802.5,-29276281.750000052
2018-05-28,110.8845,64775000.0,-75000.0,7182545023.26,-8316337.5,-0.0011578538628116244,0.02616092606440749,-36154787.5,-27543994.625000052
2018-05-29,109.189,64675000.0,-100000.0,7061800509.52,-10918900.0,-0.0015461920774001263,-0.04620152832687692,-40042080.0,-27684719.500000052
2018-05-30,110.1989,64600000.0,-75000.0,7118847343.77,-8264917.5,-0.0011609909723984983,0.033693972129962266,-41695063.5,-28505737.750000052
2018-06-01,109.6865,64900000.0,300000.0,7118653478.14,32905950.0,0.00462249638938709,1.1506917543024733,-25136968.5,-26860440.250000052
2018-06-04,110.0862,64975000.0,75000.0,7152852644.44,8256465.0,0.001154289821197121,0.47864887079873375,2732452.0,-25202929.375000052
2018-06-05,110.2279,65100000.0,125000.0,7175836678.79,13778487.5,0.0019201227838317174,0.6258422280614204,7151417.0,-21498107.500000052
2018-06-06,110.6023,65100000.0,0.0,7200210005.44,0.0,0.0,0.2553429930787337,9335197.0,-17344783.750000052
2018-06-07,110.4346,65050000.0,-50000.0,7183769437.19,-5521730.0,-0.0007686396463970978,0.10614657288068423,9883834.5,-17620870.250000052
2018-06-08,110.0476,65050000.0,0.0,7158599004.39,0.0,0.0,0.2473835662836273,3302644.5,-17620870.250000052
2018-06-11,110.7093,65050000.0,0.0,7201641674.19,0.0,0.0,0.2473835662836273,1651351.5,-13988572.750000054
2018-06-12,110.7025,65150000.0,100000.0,7212267984.61,11070250.0,0.0015349193934033525,0.5428611533076724,1109704.0,-13154606.250000054
2018-06-13,111.1242,65150000.0,0.0,7239738941.98,0.0,0.0,0.24639812125658536,1109704.0,-12034829.250000054
2018-06-14,112.9996,65000000.0,-150000.0,7344976838.88,-16949940.0,-0.002307691415754636,-0.2004576703183024,-1175938.0,-12043013.250000054
2018-06-15,112.165,64725000.0,-275000.0,7259879592.43,-30845375.0,-0.004248744708130283,-0.5679981056586778,-7345013.0,-11622909.000000054
2018-06-18,110.6454,65450000.0,725000.0,7241741056.82,80217915.0,0.011077158706807637,2.3312706394671117,8698570.0,-6339107.250000054
2018-06-19,109.2864,66050000.0,600000.0,7218365054.68,65571840.0,0.009084029347821185,1.9081349875430618,19598888.0,-2073694.6250000536
2018-06-20,109.434,66850000.0,800000.0,7315665134.56,87547200.0,0.01196708684579034,2.3826312713089677,37108328.0,1877787.2499999464
2018-06-21,107.8535,66925000.0,75000.0,7218098357.07,8089012.5,0.0011206570068523596,0.39187809466912904,42116118.5,2282237.8749999464
2018-06-22,108.4375,66950000.0,25000.0,7259893279.45,2710937.5,0.0003734128582404419,0.23931565022216664,48827381.0,4912010.999999946
2018-06-25,105.7693,66950000.0,0.0,7081251333.07,0.0,0.0,0.15991966510371933,32783798.0,11466542.874999946
2018-06-26,105.4586,66950000.0,0.0,7060450604.94,0.0,0.0,0.17948713941622405,19669430.0,11882359.749999946
2018-06-27,106.4431,66725000.0,-225000.0,7102412762.42,-23949697.5,-0.0033720509214448468,-0.544516202954043,-2629949.5,11230819.874999946
2018-06-28,104.9651,66400000.0,-325000.0,6969685444.34,-34113657.5,-0.004894576343858288,-0.8613111995985786,-11070483.5,9938382.874999946
2018-06-29,106.0749,66550000.0,150000.0,7059287560.45,15911235.0,0.0022539434558727237,0.6994674941410058,-8430424.0,9088647.124999946
2018-07-02,105.4887,66550000.0,0.0,7020274777.71,0.0,0.0,0.2121253489420943,-8430424.0,8675823.874999946
2018-07-03,106.4446,66550000.0,0.0,7083885760.16,0.0,0.0,0.2121253489420943,-8430424.0,7986899.499999946
2018-07-04,106.1724,66550000.0,0.0,7065770249.67,0.0,0.0,0.2154417395778496,-3640484.5,7986899.499999946
2018-07-05,107.4363,66550000.0,0.0,7149888580.61,0.0,0.0,0.2154417395778496,3182247.0,8262985.999999946
2018-07-06,107.7106,66700000.0,150000.0,7184297075.65,16156590.0,0.0022488755447989646,0.7008981650341801,3231318.0,9070815.499999946
2018-07-09,108.1206,66700000.0,0.0,7211646847.58,0.0,0.0,0.2025248326284806,3231318.0,9070815.499999946
2018-07-10,108.6888,66700000.0,0.0,7249539948.69,0.0,0.0,0.20382092597240006,3231318.0,8517302.999999946
2018-07-11,107.0269,66700000.0,0.0,7138695949.31,0.0,0.0,0.2051173595562066,3231318.0,8517302.999999946
2018-07-12,107.6802,66550000.0,-150000.0,7166116075.54,-16152030.0,-0.0022539447909770104,-0.2851076831595746,912.0,8557198.499999946
2018-07-13,108.0915,66550000.0,0.0,7193487024.19,0.0,0.0,0.20381108294296862,-3230406.0,10099467.249999946
2018-07-16,108.265,66550000.0,0.0,7205034462.71,0.0,0.0,0.20381108294296862,-3230406.0,6088571.499999946
2018-07-17,109.131,66550000.0,0.0,7262669874.89,0.0,0.0,0.19418332567654914,-3230406.0,2809979.4999999464
2018-07-18,110.0305,66550000.0,0.0,7322527127.37,0.0,0.0,0.1746855994567034,-3230406.0,-1567380.5000000536
2018-07-19,109.3434,66550000.0,0.0,7276801228.25,0.0,0.0,0.1733542316330635,0.0,-1971831.1250000536
2018-07-20,108.2665,66425000.0,-125000.0,7191602905.65,-13533312.5,-0.0018818214350194043,-0.25352559229191773,-2706662.5,-2784043.6250000536
2018-07-23,108.1542,66425000.0,0.0,7184145128.06,0.0,0.0,0.17691610031973462,-2706662.5,-2784043.6250000536
2018-07-24,109.3677,66575000.0,150000.0,7281155289.24,16405155.0,0.0022530978049930253,0.682449751208317,574368.5,-1963785.8750000536
2018-07-25,108.4184,66225000.0,-350000.0,7180005537.59,-37946440.0,-0.0052850154225280565,-1.0274427098710661,-7014919.5,-2663623.0000000536
2018-07-26,110.3998,66275000.0,50000.0,7316748151.23,5519990.0,0.000754432144705165,0.33791113162110853,-5910921.5,-681940.6250000537
2018-07-27,110.8404,66825000.0,550000.0,7406910584.06,60962220.0,0.008230451725877911,1.9884796464880339,8988185.0,1570608.6249999464
2018-07-30,110.3029,66825000.0,0.0,7370988095.03,0.0,0.0,0.14533844932588616,8988185.0,1570608.6249999464
2018-07-31,110.3653,66825000.0,0.0,7375159087.91,0.0,0.0,0.15380216235492847,5707154.0,1570608.6249999464
2018-08-01,109.7749,66875000.0,50000.0,7341194579.98,5488745.0,0.0007476637405808897,0.32053113212355167,14394191.0,1845045.8749999464
2018-08-02,108.1306,66875000.0,0.0,7231236709.91,0.0,0.0,0.1689118371379096,13290193.0,1845045.8749999464
2018-08-03,108.7286,66875000.0,0.0,7271222259.8,0.0,0.0,0.197422869280711,1097749.0,1037216.3749999463
2018-08-06,108.5758,66975000.0,100000.0,7271866644.69,10857580.0,0.0014930939372943988,0.5523675146358064,3269265.0,1580095.3749999464
2018-08-07,109.0062,66850000.0,-125000.0,7287062988.83,-13625775.0,-0.0018698582708680186,-0.23659091314941053,544110.0,898806.6249999463
2018-08-08,108.8794,66850000.0,0.0,7278586678.37,0.0,0.0,0.2094952998503211,-553639.0,898806.6249999463
2018-08-09,109.2458,66850000.0,0.0,7303081291.6,0.0,0.0,0.2123618721168999,-553639.0,1706408.1249999464
2018-08-10,107.0755,66850000.0,0.0,7157996275.56,0.0,0.0,0.21306234556792386,-553639.0,1706408.1249999464
2018-08-13,106.5086,66850000.0,0.0,7120102949.99,0.0,0.0,0.22141072635462367,-2725155.0,1706408.1249999464
2018-08-14,106.5093,66850000.0,0.0,7120146611.99,0.0,0.0,0.22003765865370287,0.0,1706408.1249999464
2018-08-15,104.8208,66800000.0,-50000.0,7002030041.21,-5241040.0,-0.0007485029297438306,0.04584167910621093,-1048208.0,1444356.1249999464
2018-08-16,105.4596,66800000.0,0.0,7044701725.48,0.0,0.0,0.22445772131488,-1048208.0,1444356.1249999464
2018-08-17,105.2297,67225000.0,425000.0,7074064403.08,44722622.5,0.006322054755470995,1.7039854473638547,7896316.5,4357152.874999946
2018-08-20,106.2689,67225000.0,0.0,7143926281.18,0.0,0.0,0.21284664982267607,7896316.5,4357152.874999946
2018-08-21,106.7268,67375000.0,150000.0,7190719830.78,16009020.0,0.0022263445630954937,0.729661145149826,11098120.5,4337346.124999946
2018-08-22,106.7368,67275000.0,-100000.0,7180719261.19,-10673680.0,-0.0014864360535146645,-0.1417560573550417,10011592.5,5700984.124999946
2018-08-23,106.5629,67325000.0,50000.0,7174348721.05,5328145.0,0.0007426660185010077,0.3771210504179016,11077221.5,5691391.874999946
2018-08-24,106.8119,67325000.0,0.0,7191110572.35,0.0,0.0,0.2022320626273355,2132697.0,2643280.8749999464
2018-08-27,108.0496,67325000.0,0.0,7274441933.6,0.0,0.0,0.18458301175200453,2132697.0,2643280.8749999464
2018-08-28,107.9553,67725000.0,400000.0,7311274874.29,43182120.0,0.005906236701871154,1.5819891225267444,7567317.0,4802386.874999946
2018-08-29,108.2501,67750000.0,25000.0,7333943489.58,2706252.5,0.00036900372955491395,0.25801614513528076,10243303.5,4663262.249999946
2018-08-30,107.6685,67750000.0,0.0,7294539367.88,0.0,0.0,0.16620161113174567,9177674.5,4663262.249999946
2018-08-31,106.5462,67750000.0,0.0,7218501976.61,0.0,0.0,0.20932081548654663,9177674.5,4663262.249999946
2018-09-03,106.3927,67750000.0,0.0,7208102830.2,0.0,0.0,0.20507789551639866,9177674.5,4120383.2499999464
2018-09-04,105.2185,67725000.0,-25000.0,7125922505.59,-2630462.5,-0.00036913992510254046,0.11998223747883224,15158.0,4670148.874999946
2018-09-05,103.7551,67300000.0,-425000.0,6982718292.24,-44095917.5,-0.0063150073731321026,-1.3831622401710006,-9345276.0,2465352.9999999464
2018-09-06,103.0204,67375000.0,75000.0,6940998420.18,7726530.0,0.0011131727069028246,0.5070903301059487,-7799970.0,2851679.4999999464
2018-09-07,103.0577,67375000.0,0.0,6943511651.53,0.0,0.0,0.21420757620140773,-7799970.0,2851679.4999999464
2018-09-10,103.2865,67375000.0,0.0,6958930372.73,0.0,0.0,0.21573271630973337,-7799970.0,2851679.4999999464
2018-09-11,103.1475,67525000.0,150000.0,6965037628.77,15472124.999999998,0.002221398623331245,0.7777538023358156,-4179452.5,3625285.7499999464
2018-09-12,103.6816,67625000.0,100000.0,7011470376.38,10368160.0,0.0014787426093858858,0.5784703368046329,6713363.0,4405745.749999946
2018-09-13,103.8815,67625000.0,0.0,7024985014.47,0.0,0.0,0.19102705337685463,5168057.0,4405745.749999946
2018-09-14,104.4737,67625000.0,0.0,7065034292.24,0.0,0.0,0.19028269568609316,5168057.0,2169614.6249999464
2018-09-17,104.2317,67850000.0,225000.0,7072121400.19,23452132.5,0.003316138280568817,1.0429012213419817,9858483.5,3342221.2499999464
2018-09-18,104.7591,67850000.0,0.0,7107905809.14,0.0,0.0,0.16229412986807135,6764058.5,2541770.2499999464
2018-09-19,105.2872,67850000.0,0.0,7143734721.44,0.0,0.0,0.15242002229911947,4690426.5,3075454.2499999464
2018-09-20,106.2127,68075000.0,225000.0,7230428814.8,23897857.5,0.0033051784495939382,1.0181888878271208,9469998.0,4003939.8749999464
2018-09-21,107.1117,68225000.0,150000.0,7307697480.58,16066755.0,0.002198607022621961,0.7138896648524752,12683349.0,4807277.624999946
2018-09-24,106.4208,68225000.0,0.0,7260557482.81,0.0,0.0,0.10924969019424922,7992922.5,4807277.624999946
2018-09-25,106.6257,68325000.0,100000.0,7285201931.89,10662570.0,0.0014635929243534103,0.4998657137393404,10125436.5,3181300.1249999464
2018-09-26,106.722,68550000.0,225000.0,7315790234.67,24012450.0,0.003282276996708224,0.979822058077671,14927926.5,4246609.999999946
2018-09-27,107.1498,68550000.0,0.0,7345115669.41,0.0,0.0,0.07114077573507856,10148355.0,4246609.999999946
2018-09-28,105.522,68550000.0,0.0,7233530878.47,0.0,0.0,0.07960921761903283,6935004.0,4246609.999999946
2018-10-01,106.3159,68550000.0,0.0,7287954523.28,0.0,0.0,0.07960921761903283,6935004.0,4246609.999999946
2018-10-02,105.8721,68675000.0,125000.0,7270764703.84,13234012.5,0.0018201678969215652,0.5726330485993155,7449292.5,5039833.749999946
2018-10-04,105.4968,68675000.0,0.0,7244991838.78,0.0,0.0,0.06737718620719274,2646802.5,7244629.624999946
2018-10-05,104.3569,68775000.0,100000.0,7177146699.02,10435690.0,0.0014540165385535362,0.46413680816254027,4733940.5,7380087.624999946
2018-10-08,102.936,68775000.0,0.0,7079425004.72,0.0,0.0,0.04644988385205414,4733940.5,7380087.624999946
2018-10-09,103.1946,68775000.0,0.0,7097205906.21,0.0,0.0,0.04644988385205414,4733940.5,7380087.624999946
2018-10-10,100.9138,69075000.0,300000.0,6970623474.96,30274140.0,0.004343103613148998,1.2483897898334955,8141966.0,8120188.374999946
2018-10-11,99.422,69450000.0,375000.0,6904855771.25,37283250.0,0.00539956969923074,1.521576939028126,15598616.0,9465942.874999946
2018-10-12,99.2877,69450000.0,0.0,6895529778.83,0.0,0.0,0.02738048750256623,13511478.0,9465942.874999946
2018-10-15,100.0646,69450000.0,0.0,6949487909.43,0.0,0.0,0.02738048750256623,13511478.0,9465942.874999946
2018-10-16,101.463,69600000.0,150000.0,7061823195.77,15219450.0,0.002155172903382285,0.6148771952933008,16555368.0,9054308.749999946
2018-10-17,100.9326,69600000.0,0.0,7024909578.18,0.0,0.0,0.005948844883500733,10500540.0,9054308.749999946
2018-10-18,99.8483,69600000.0,0.0,6949443166.74,0.0,0.0,0.0034432904446962905,3043890.0,9054308.749999946
2018-10-19,99.5432,69600000.0,0.0,6928203481.23,0.0,0.0,0.005950670849208241,3043890.0,7859415.874999946
2018-10-22,99.2878,69600000.0,0.0,6910430014.42,0.0,0.0,0.005950670849208241,3043890.0,7056078.124999946
2018-10-23,97.1334,69600000.0,0.0,6760486539.99,0.0,0.0,-0.0015972400592418913,0.0,7056078.124999946
2018-10-24,96.4211,69600000.0,0.0,6710909704.41,0.0,0.0,-0.020689697205617166,0.0,6522949.624999946
2018-10-25,97.4155,69600000.0,0.0,6780117161.25,0.0,0.0,-0.04910438222607605,0.0,5322327.124999946
2018-10-26,96.4977,69600000.0,0.0,6716238053.68,0.0,0.0,-0.04910438222607605,0.0,5322327.124999946
2018-10-29,97.6581,69850000.0,250000.0,6821417256.97,24414525.0,0.0035790986066793792,1.0104569709493025,4882905.0,6543053.374999946
2018-10-30,97.2433,70125000.0,275000.0,6819188301.26,26741907.5,0.0039215675412657,1.1145941165309412,10231286.5,7880148.749999946
2018-10-31,98.6222,70125000.0,0.0,6915880398.33,0.0,0.0,-0.09644253877246321,10231286.5,7218448.124999946
2018-11-01,98.8029,70125000.0,0.0,6928555759.94,0.0,0.0,-0.10453177579968348,10231286.5,7218448.124999946
2018-11-02,99.237,70275000.0,150000.0,6973878507.35,14885550.0,0.0021344722286618027,0.5461867196104743,13208396.5,7440941.124999946
2018-11-05,99.0286,70575000.0,300000.0,6988946950.03,29708580.0,0.004250794892622912,1.186478137136436,14267207.5,8926370.124999946
2018-11-06,98.9368,70575000.0,0.0,6982463990.93,0.0,0.0,-0.15120284385505314,8918826.0,8926370.124999946
2018-11-07,99.7526,70575000.0,0.0,7040037407.36,0.0,0.0,-0.15873531450895198,8918826.0,7412663.124999946
2018-11-08,99.3061,70650000.0,75000.0,7015974493.52,7447957.5,0.0010615713479116809,0.17641712495393022,10408417.5,5920898.499999946
2018-11-09,99.3215,70375000.0,-275000.0,6989748055.81,-27313412.5,-0.003907639056789267,-1.3704674253001405,1968625.0,4555227.874999946
2018-11-12,97.5654,70300000.0,-75000.0,6858847610.29,-7317405.0,-0.0010668563315245623,-0.5068722626731179,-5436572.0,4189357.6249999464
2018-11-13,98.8293,70500000.0,200000.0,6967464825.2,19765860.0,0.0028368797684504457,0.8181248362381748,-1483400.0,4416678.124999946
2018-11-14,98.3147,70500000.0,0.0,6931187221.91,0.0,0.0,-0.2683552652214541,-1483400.0,4416678.124999946
2018-11-15,97.8073,70300000.0,-200000.0,6875850043.72,-19561460.0,-0.002844951515175392,-1.3453890044933245,-6885283.5,3438605.1249999464
2018-11-16,97.6977,70300000.0,0.0,6868145042.64,0.0,0.0,-0.26717161590606764,-1422601.0,3438605.1249999464
2018-11-19,96.8655,70300000.0,0.0,6809647122.8,0.0,0.0,-0.2548439087441759,40880.0,3438605.1249999464
2018-11-20,95.3307,69925000.0,-375000.0,6665998787.67,-35749012.5,-0.0053628891391526235,-2.2476783968475966,-11062094.5,1651154.4999999464
2018-11-21,96.8615,69925000.0,0.0,6773040527.37,0.0,0.0,-0.22308350628242904,-11062094.5,1651154.4999999464
2018-11-22,95.9507,69925000.0,0.0,6709352771.93,0.0,0.0,-0.22308350628242904,-7149802.5,1651154.4999999464
2018-11-23,96.4172,69925000.0,0.0,6741973332.47,0.0,0.0,-0.225699452859702,-7149802.5,1651154.4999999464
2018-11-26,97.8116,69925000.0,0.0,6839478588.59,0.0,0.0,-0.225699452859702,-7149802.5,430428.24999994633
2018-11-27,97.4183,69725000.0,-200000.0,6792488973.38,-19483660.0,-0.002868412459167345,-1.289405794671843,-3896732.0,-1880850.1250000536
2018-11-28,97.3297,69725000.0,0.0,6786314139.11,0.0,0.0,-0.21048630425218595,-3896732.0,-1880850.1250000536
2018-11-29,97.3237,69725000.0,0.0,6785898310.43,0.0,0.0,-0.21048630425218595,-3896732.0,-1880850.1250000536
2018-11-30,96.9702,69725000.0,0.0,6761246047.78,0.0,0.0,-0.21872019277446664,-3896732.0,-2625127.6250000536
2018-12-03,98.7624,69725000.0,0.0,6886211513.45,0.0,0.0,-0.23531116644507544,-3896732.0,-4110556.6250000536
2018-12-04,97.641,69775000.0,50000.0,6812902096.32,4882050.0,0.0007165888972097584,0.07651702267650277,976410.0,-3866454.1250000536
2018-12-05,96.477,69775000.0,0.0,6731682280.62,0.0,0.0,-0.1970560557495647,976410.0,-3866454.1250000536
2018-12-06,93.1236,69550000.0,-225000.0,6476743746.53,-20952810.0,-0.0032350839897326094,-1.7175659181452059,-3214152.0,-5286492.500000054
2018-12-07,92.9261,69550000.0,0.0,6463007362.04,0.0,0.0,-0.15358577698847864,-3214152.0,-3920821.8750000536
2018-12-10,91.4948,69650000.0,100000.0,6372609586.12,9149480.0,0.0014357509080625656,0.5340008818077316,-1384256.0,-3097477.6250000536
2018-12-11,92.8591,69750000.0,100000.0,6476924318.47,9285910.0,0.001433691292874879,0.5266884626080754,-503484.0,-3621475.1250000536
2018-12-12,94.1414,70275000.0,525000.0,6615788729.81,49424235.0,0.007470648930686065,3.2467615727057755,9381363.0,-1150263.3750000536
2018-12-13,94.1003,70500000.0,225000.0,6634069430.23,21172567.5,0.003191490189041624,1.2639444350903597,17806438.5,886437.9999999463
2018-12-14,93.5922,70500000.0,0.0,6598251831.55,0.0,0.0,-0.235774561479126,17806438.5,886437.9999999463
2018-12-17,92.785,70500000.0,0.0,6541341206.04,0.0,0.0,-0.2274843998406717,15976542.5,886437.9999999463
2018-12-18,92.5148,70500000.0,0.0,6522293396.14,0.0,0.0,-0.2274843998406717,14119360.5,2673888.6249999464
2018-12-19,92.7324,70500000.0,0.0,6537631383.52,0.0,0.0,-0.2274843998406717,4234513.5,2673888.6249999464
2018-12-20,91.3959,70450000.0,-50000.0,6438842090.86,-4569795.0,-0.0007097231047934643,-0.56167546890853,-913959.0,2445398.8749999464
2018-12-21,91.5912,73350000.0,2900000.0,6718217830.0,265614480.0,0.03953644950509144,9.355882244645207,52208937.0,15726122.874999946
2018-12-27,89.4155,73350000.0,0.0,6558628428.91,0.0,0.0,-0.1891928969135282,52208937.0,15726122.874999946
2018-12-28,90.9431,73050000.0,-300000.0,6643394194.62,-27282930.0,-0.004106775723484007,-1.1666189763625308,46752351.0,15336159.374999946
2019-01-02,91.1241,73000000.0,-50000.0,6652056970.16,-4556205.0,-0.0006849317467421527,-0.34297437561814703,45841110.0,15108349.124999946
2019-01-03,89.7152,73000000.0,0.0,6549211304.45,0.0,0.0,-0.17846875416394659,46755069.0,15108349.124999946
2019-01-04,92.7375,73000000.0,0.0,6769836846.06,0.0,0.0,-0.18335689606695066,-6367827.0,15108349.124999946
2019-01-07,92.565,73000000.0,0.0,6757244308.37,0.0,0.0,-0.18335689606695066,-6367827.0,15108349.124999946
2019-01-08,93.0482,73000000.0,0.0,6792518788.27,0.0,0.0,-0.18335689606695066,-911241.0,14864246.624999946
2019-01-09,93.8167,73125000.0,125000.0,6860346841.56,11727087.5,0.0017094015464287128,0.22460523420196016,2345417.5,15450600.999999946
2019-01-10,94.0597,73125000.0,0.0,6878115037.17,0.0,0.0,-0.18677196200443452,2345417.5,16498241.499999946
2019-01-11,93.7655,73125000.0,0.0,6856599789.26,0.0,0.0,-0.18677196200443452,2345417.5,16498241.499999946
2019-01-14,93.4927,73125000.0,0.0,6836652992.77,0.0,0.0,-0.19084760763636027,2345417.5,16040767.499999946
2019-01-15,93.8012,73125000.0,0.0,6859214069.85,0.0,0.0,-0.19084760763636027,2345417.5,15576471.999999946
2019-01-16,94.1405,72825000.0,-300000.0,6855778292.79,-28242150.0,-0.004119466644611503,-1.164851182918816,-5648430.0,11693152.749999946
2019-01-17,94.0316,72825000.0,0.0,6847851305.39,0.0,0.0,-0.18932635515024573,-5648430.0,10634524.374999946
2019-01-18,96.5012,72825000.0,0.0,7027698381.36,0.0,0.0,-0.18777762291778735,-5648430.0,10634524.374999946
2019-01-21,95.903,72525000.0,-300000.0,6955363392.97,-28770900.0,-0.004136505653907261,-1.172721480188521,-11402610.0,9195979.374999946
2019-01-22,95.5058,72775000.0,250000.0,6950436367.73,23876450.0,0.003435244743891959,0.6652329171112439,-6627320.0,10389801.874999946
2019-01-23,95.3454,72775000.0,0.0,6938764245.49,0.0,0.0,-0.17085598532195734,-978890.0,10389801.874999946
2019-01-24,95.8499,72775000.0,0.0,6975478520.2,0.0,0.0,-0.1693190818054776,-978890.0,10618291.624999946
2019-01-25,97.1545,72775000.0,0.0,7070422233.4,0.0,0.0,-0.1693190818054776,-978890.0,-2662432.3750000536
2019-01-28,96.5378,72750000.0,-25000.0,7023125778.22,-2413445.0,-0.0003436425711589183,-0.2522123455497925,4292601.0,-2783104.6250000536
2019-01-29,96.6108,72525000.0,-225000.0,7006696231.55,-21737430.0,-0.003102379392747174,-0.9110759240772985,-4830175.0,-2505829.6250000536
2019-01-30,96.2904,72350000.0,-175000.0,6966607200.15,-16850820.0,-0.002418798636965951,-0.7436331123472092,-8200339.0,-3120560.3750000536
2019-01-31,96.1672,72150000.0,-200000.0,6938464576.72,-19233440.0,-0.002772002333849511,-0.8213519405606067,-12047027.0,-4082232.3750000536
2019-02-01,96.2321,72150000.0,0.0,6943148162.19,0.0,0.0,-0.15149819838266432,-12047027.0,-4082232.3750000536
2019-02-04,96.1951,72150000.0,0.0,6940472873.23,0.0,0.0,-0.15149819838266432,-11564338.0,-4082232.3750000536
2019-02-05,97.8422,72150000.0,0.0,7059314051.95,0.0,0.0,-0.15149819838266432,-7216852.0,-4082232.3750000536
2019-02-06,97.47,72150000.0,0.0,7032462418.01,0.0,0.0,-0.15149819838266432,-3846688.0,-4668586.750000054
2019-02-07,94.8648,72150000.0,0.0,6844492697.4,0.0,0.0,-0.15306196656397766,0.0,-4668586.750000054
2019-02-08,93.8729,71425000.0,-725000.0,6704874357.97,-68057852.5,-0.010150503777762887,-2.5162931348021007,-13611570.5,-8071479.375000054
2019-02-11,94.7998,71300000.0,-125000.0,6759225410.68,-11849975.0,-0.0017531557656408818,-0.5290394996586811,-15981565.5,-8663978.125000054
2019-02-12,95.7598,70975000.0,-325000.0,6796551018.23,-31121935.0,-0.004579077669912786,-1.18208961792918,-22205952.5,-10220074.875000054
2019-02-13,96.1139,70550000.0,-425000.0,6780836943.77,-40848407.5,-0.006024095231714739,-1.4928504460827217,-30375634.0,-10850387.750000054
2019-02-14,95.4464,70500000.0,-50000.0,6728970051.93,-4772320.0,-0.0007092199791602884,-0.2544624991213271,-31330098.0,-11089003.750000054
2019-02-15,97.2529,70450000.0,-50000.0,6851467605.03,-4862645.0,-0.0007097231250761651,-0.25169464202210956,-18691056.5,-11332136.000000054
2019-02-18,97.2469,70450000.0,0.0,6851047241.03,0.0,0.0,-0.08605913607825609,-16321061.5,-9893591.000000054
2019-02-19,97.3325,70425000.0,-25000.0,6854643437.6,-2433312.5,-0.00035498746538039765,-0.16820099228870974,-10583337.0,-11209079.125000054
2019-02-20,98.1306,70375000.0,-50000.0,6905943017.74,-4906530.0,-0.0007104793635563016,-0.23993855582416876,-3394961.5,-11454405.625000054
2019-02-21,98.3139,70275000.0,-100000.0,6909011960.6,-9831390.0,-0.0014229806021563481,-0.4035697857293424,-4406775.5,-11945975.125000054
2019-02-22,98.6038,69975000.0,-300000.0,6899804193.04,-29581140.000000004,-0.004287243401753229,-1.0626420742463965,-9350474.5,-13425032.125000054
2019-02-25,99.0124,70000000.0,25000.0,6930866607.64,2475310.0,0.0003571429288902239,0.02200781280563481,-8855412.5,-13180594.375000054
2019-02-26,99.3157,69575000.0,-425000.0,6909890396.76,-42209172.5,-0.006108515486698832,-1.4636296197632621,-16810584.5,-14204181.500000054
2019-02-27,98.8562,69425000.0,-150000.0,6863090032.06,-14828430.0,-0.002160605489762044,-0.545325507039818,-18794964.5,-14103062.000000054
2019-02-28,99.1002,69375000.0,-50000.0,6875077053.01,-4955010.0,-0.0007207206496443019,-0.2252022243683447,-17819688.5,-13389140.500000054
2019-03-01,99.84,69375000.0,0.0,6926398443.01,0.0,0.0,-0.05475886929132329,-11903460.5,-13389140.500000054
2019-03-04,99.7604,69225000.0,-150000.0,6905912438.34,-14964060.0,-0.0021668476299993413,-0.5558545060068776,-15391334.5,-14137343.500000054
2019-03-05,100.0019,69225000.0,0.0,6922632700.01,0.0,0.0,-0.05047634647495438,-6949500.0,-14137343.500000054
2019-03-06,99.7165,68950000.0,-275000.0,6875453052.78,-27422037.5,-0.003988397170265348,-0.9656890278093418,-9468221.5,-15508445.375000054
2019-03-07,99.1157,69675000.0,725000.0,6905889170.38,71858882.5,0.010405449715035889,2.3107450949476296,5894557.0,-11915501.250000054
2019-03-08,98.6002,69675000.0,0.0,6869966912.2,0.0,0.0,-0.054337064435598,5894557.0,-8512608.625000054
2019-03-11,99.3358,68875000.0,-800000.0,6841755253.55,-79468640.0,-0.01161524156520593,-2.595055869971058,-7006359.0,-11893541.875000054
2019-03-12,99.1687,69025000.0,150000.0,6845118278.3,14875305.0,0.002173126072511681,0.45089294499713445,-4031298.0,-9593679.875000054
2019-03-13,99.5838,69075000.0,50000.0,6878747729.62,4979190.0,0.0007238512292810982,0.12928399096324833,2448947.5,-7302300.000000054
2019-03-14,99.7123,69075000.0,0.0,6887624734.09,0.0,0.0,-0.030665162155087675,-11922829.0,-7063684.000000054
2019-03-15,100.5564,69450000.0,375000.0,6983644919.41,37708650.0,0.005399565761883802,1.1544542536617237,-4381099.0,-4935119.250000054
2019-03-18,100.3086,69450000.0,0.0,6966433434.37,0.0,0.0,-0.0303896582640072,11512629.0,-4935119.250000054
2019-03-19,101.4387,70175000.0,725000.0,7118457435.72,73543057.5,0.010331319413524238,2.181903405140435,23246179.5,-1136300.7500000536
2019-03-20,99.8504,70175000.0,0.0,7007004208.41,0.0,0.0,-0.045736515343308845,22250341.5,-890974.2500000537
2019-03-21,99.3859,70175000.0,0.0,6974405417.86,0.0,0.0,-0.03990426032885451,22250341.5,-399404.75000005367
2019-03-22,97.7868,70175000.0,0.0,6862188785.89,0.0,0.0,-0.03990426032885451,14708611.5,1079652.2499999464
2019-03-25,97.6347,69675000.0,-500000.0,6802697949.94,-48817350.0,-0.00717617485874565,-1.56302990916124,4945141.5,-1484980.7500000536
2019-03-26,98.2611,69600000.0,-75000.0,6838974762.0,-7369582.5,-0.001077585859937408,-0.25539389256066347,-11237386.5,256998.74999994654
2019-03-27,98.257,69350000.0,-250000.0,6814119585.62,-24564250.0,-0.0036049044475002356,-0.7850282468362341,-16150236.5,-229792.25000005346
2019-03-28,98.335,69200000.0,-150000.0,6804784846.92,-14750249.999999998,-0.0021676291509313914,-0.47372912098304376,-19100286.5,-719554.2500000533
2019-03-29,99.1767,69200000.0,0.0,6863024946.19,0.0,0.0,-0.008598923517559953,-19100286.5,-719554.2500000533
2019-04-01,100.5174,69200000.0,0.0,6955802727.68,0.0,0.0,-0.008598923517559953,-9336816.5,28648.749999946634
2019-04-02,101.1433,69200000.0,0.0,6999117626.86,0.0,0.0,-0.008598923517559953,-7862900.0,28648.749999946634
2019-04-03,102.8607,68825000.0,-375000.0,7079385039.58,-38572762.5,-0.005448603555865979,-1.15190931937105,-10664602.5,-528887.5000000533
2019-04-04,103.1494,68750000.0,-75000.0,7091518470.33,-7736205.0,-0.001090909518513882,-0.21324820579882825,-9261793.5,-4508641.875000054
2019-04-05,103.3364,68750000.0,0.0,7104379131.98,0.0,0.0,0.02043639126786491,-9261793.5,-4508641.875000054
2019-04-08,102.9361,68550000.0,-200000.0,7056271030.74,-20587220.0,-0.0029175778410882544,-0.5984231391454836,-13379237.5,-1564570.8750000536
2019-04-09,101.9601,68300000.0,-250000.0,6963871870.42,-25490025.0,-0.003660323663947979,-0.7459063111284857,-18477242.5,-3582837.3750000536
2019-04-10,102.4358,68250000.0,-50000.0,6991245130.59,-5121790.0,-0.0007326005460157232,-0.1192473914907457,-11787048.0,-4087886.3750000536
2019-04-11,102.6873,67850000.0,-400000.0,6967336506.01,-41074920.0,-0.005895354697533113,-1.2039786253991516,-18454791.0,-6141632.375000054
2019-04-12,103.2446,67800000.0,-50000.0,6999985583.67,-5162230.0,-0.0007374629473584589,-0.10780843177066948,-19487237.0,-8285176.375000054
2019-04-15,103.4118,67425000.0,-375000.0,6972542368.06,-38779425.0,-0.005561733863051414,-1.1160483010131543,-23125678.0,-10224147.625000054
2019-04-16,104.1087,67425000.0,0.0,7019530271.0,0.0,0.0,0.05825451291996917,-18027673.0,-13901300.500000054
2019-04-17,104.5536,67725000.0,300000.0,7080889619.56,31366080.0,0.004429680687770565,0.9817225124264248,-10730099.0,-12332996.500000054
2019-04-18,105.1487,67725000.0,0.0,7121193259.51,0.0,0.0,0.050254744437949424,-2515115.0,-12332996.500000054
2019-04-23,105.2594,67725000.0,0.0,7128692146.59,0.0,0.0,0.050254744437949424,-1482669.0,-12332996.500000054
2019-04-24,105.9273,67725000.0,0.0,7173925531.67,0.0,0.0,0.05668072555758721,6273216.0,-9892129.000000054
2019-04-25,105.6641,67275000.0,-450000.0,7108552912.12,-47548845.0,-0.006688962660590142,-1.3294297582059067,-3236553.0,-11901092.125000054
2019-04-26,105.9439,67125000.0,-150000.0,7111482519.66,-15891585.0,-0.002234637427015679,-0.390032701080396,-12688086.0,-11467458.875000054
2019-04-29,105.9986,66850000.0,-275000.0,7086008258.78,-29149615.0,-0.004113686286476146,-0.7751651805971297,-18518009.0,-12187427.125000054
2019-04-30,106.1368,66850000.0,0.0,7095246590.17,0.0,0.0,0.08967161436670142,-18518009.0,-12187427.125000054
2019-05-02,106.1229,66750000.0,-100000.0,7083703728.3,-10612290.0,-0.0014981273084026647,-0.21505524985111238,-20640467.0,-12718041.625000054
2019-05-03,106.7019,66875000.0,125000.0,7135687806.94,13337737.5,0.0018691593383651168,0.4895530389235854,-8463150.5,-12051154.750000054
2019-05-06,105.5656,66525000.0,-350000.0,7022754621.95,-36947960.0,-0.005261177698636536,-0.9955838845478483,-12674425.5,-11969914.625000054
2019-05-07,103.9,66525000.0,0.0,6911944580.08,0.0,0.0,0.10739605926175491,-6844502.5,-11583104.375000054
2019-05-08,104.644,66675000.0,150000.0,6977140467.46,15696600.0,0.0022497182152496184,0.5681167581902969,-3705182.5,-10798274.375000054
2019-05-09,102.806,67025000.0,350000.0,6890575144.66,35982100.0,0.005221929845418652,1.1730904506043154,5613695.5,-7969808.375000054
2019-05-10,103.5296,66825000.0,-200000.0,6918368498.68,-20705920.0,-0.0029928905932013615,-0.528510266857955,-1195036.0,-7730603.125000054
2019-05-13,101.9567,66825000.0,0.0,6813259626.87,0.0,0.0,0.09544422333175032,6194556.0,-7474513.625000054
2019-05-14,102.9449,66250000.0,-575000.0,6820100145.78,-59193317.5,-0.008679244620275322,-1.6850061364809126,-5644107.5,-8380433.500000054
2019-05-15,103.8414,65625000.0,-625000.0,6814590573.22,-64900874.99999999,-0.009523811343127152,-1.8168960815807298,-21763602.5,-11367365.750000054
2019-05-16,105.6264,65550000.0,-75000.0,6923809988.85,-7921980.0,-0.0011441648474983337,-0.1115662494348575,-30544418.5,-9824493.500000054
2019-05-17,104.9917,65425000.0,-125000.0,6869082659.3,-13123962.5,-0.0019105844478711526,-0.27421770484432956,-29028027.0,-10480691.625000054
2019-05-20,103.2909,65575000.0,150000.0,6773301777.72,15493634.999999998,0.0022874567690110213,0.5776239882325007,-25929300.0,-11274313.875000054
2019-05-21,104.1667,65500000.0,-75000.0,6822915801.61,-7812502.5,-0.0011450386795270856,-0.1198036798628177,-15653137.0,-11664939.000000054
2019-05-22,104.3848,65500000.0,0.0,6837203437.65,0.0,0.0,0.11349668953683353,-2672962.0000000005,-11664939.000000054
2019-05-23,102.4811,65500000.0,0.0,6712509549.02,0.0,0.0,0.11349668953683353,-1088566.0000000005,-11664939.000000054
2019-05-24,102.9807,65675000.0,175000.0,6763256236.25,18021622.5,0.0026646369545200595,0.6464799549806453,5140551.0,-8386415.625000054
2019-05-27,103.4945,65525000.0,-150000.0,6781473906.05,-15524175.0,-0.0022892036768216886,-0.35795713423449876,-1063010.9999999995,-8368045.125000054
2019-05-28,103.115,65525000.0,0.0,6756611097.17,0.0,0.0,0.10784533349388908,499489.50000000035,-6910564.375000054
2019-05-29,101.4904,65400000.0,-125000.0,6637474823.72,-12686300.0,-0.0019113142176695912,-0.27774690740840274,-2037770.4999999995,-7544879.375000054
2019-05-30,102.0409,63225000.0,-2175000.0,6451538704.93,-221938957.5,-0.03440093404855549,-5.781430267529748,-46425562.0,-18111212.750000052
2019-05-31,100.5387,63225000.0,0.0,6356559072.82,0.0,0.0,0.14445901375109937,-50029886.5,-18778099.625000052
2019-06-03,101.1031,62900000.0,-325000.0,6359387814.84,-32858507.5,-0.005166929342368894,-0.7365734882902358,-53496753.0,-18573627.000000052
2019-06-04,102.6278,62850000.0,-50000.0,6450158741.96,-5131390.0,-0.0007955447618085647,0.01131216153507396,-54523031.0,-18830196.500000052
2019-06-05,102.7131,62950000.0,100000.0,6465790273.73,10271310.0,0.0015885621966013233,0.41883711067008395,-49931509.0,-19101461.000000052
2019-06-06,102.4762,62950000.0,0.0,6450878533.29,0.0,0.0,0.1479162341761107,-5543717.5,-20900566.000000052
2019-06-07,103.2668,62900000.0,-50000.0,6495483379.5,-5163340.0,-0.0007949123565300318,0.014404490361518708,-6576385.5,-20123437.000000052
2019-06-11,104.2107,62900000.0,0.0,6554850604.79,0.0,0.0,0.16334113523153884,-4684.0,-20123437.000000052
2019-06-12,103.8676,61275000.0,-1625000.0,6364484208.87,-168784850.0,-0.026519800263589213,-4.084005787111364,-32735376.0,-25603013.625000052
2019-06-13,104.3254,61300000.0,25000.0,6395148030.24,2608135.0,0.0004078302781526264,0.25677959717661336,-34268011.0,-22227563.125000052
2019-06-14,103.7037,61300000.0,0.0,6357034124.69,0.0,0.0,0.1910359424169019,-34268011.0,-21831464.125000052
2019-06-17,103.6133,61300000.0,0.0,6351494946.01,0.0,0.0,0.1910359424169019,-33235343.0,-21175266.000000052
2019-06-18,105.7199,61275000.0,-25000.0,6477985357.69,-2642997.5,-0.0004079968314319366,0.12582454393996798,-33763942.5,-22082097.625000052
2019-06-19,105.5155,60750000.0,-525000.0,6410065802.04,-55395637.5,-0.008641976418146966,-1.1839166676380857,-11086100.0,-24461254.375000052
2019-06-20,105.917,60750000.0,0.0,6434456695.77,0.0,0.0,0.31771947170764403,-11607727.0,-24461254.375000052
2019-06-21,105.7825,60825000.0,75000.0,6434221799.9,7933687.5,0.0012330453855543657,0.5624635505405928,-10020989.5,-24064570.000000052
2019-06-24,105.2207,60800000.0,-25000.0,6397420873.79,-2630517.5,-0.00041118406181108613,0.22699861615712147,-10547093.0,-25097177.000000052
2019-06-25,104.8251,60675000.0,-125000.0,6360263314.01,-13103137.5,-0.002060156451563445,-0.10144263100253628,-12639121.0,-24976125.125000052
2019-06-26,104.9692,60625000.0,-50000.0,6363757651.74,-5248460.0,-0.000824742280775722,0.14778831298439188,-2609685.5,-25238548.125000052
2019-06-27,105.1892,60200000.0,-425000.0,6332391563.84,-44705410.0,-0.007059798742592344,-1.0864431338966314,-11550767.5,-26839503.625000052
2019-06-28,106.2839,60200000.0,0.0,6398290162.96,0.0,0.0,0.32358106653367813,-13137505.0,-15742555.750000054
2019-07-01,107.3332,60225000.0,25000.0,6464141458.76,2683330.0,0.0004151100369815756,0.40569529689264383,-12074735.5,-15608389.250000054
2019-07-02,107.3785,60050000.0,-175000.0,6448076321.51,-18791237.5,-0.0029142393115470285,-0.25180281192755144,-13212355.5,-14905025.750000054
2019-07-03,108.1453,60050000.0,0.0,6494125310.82,0.0,0.0,0.33103212474372795,-12162663.5,-14648456.250000054
2019-07-04,108.2619,60175000.0,125000.0,6514662320.24,13532737.5,0.0020772738224598348,0.7416265102888033,-515034.0,-14485384.875000054
2019-07-05,107.7355,60175000.0,0.0,6482980857.96,0.0,0.0,0.3269576634938925,-515034.0,-14485384.875000054
2019-07-08,107.5195,60175000.0,0.0,6469988623.19,0.0,0.0,0.3269576634938925,-1051700.0,-14227217.875000054
2019-07-09,106.6022,60175000.0,0.0,6414785997.21,0.0,0.0,0.32029890512772574,2706547.5,-14227217.875000054
2019-07-10,106.0605,60125000.0,-50000.0,6376885251.4,-5303025.0,-0.0008316011329882028,0.1556285984720509,1645942.5,-6053126.625000054
2019-07-11,105.7061,60025000.0,-100000.0,6345008798.01,-10570610.0,-0.001665972473247836,-0.008316008992086302,-3174727.0,-6712063.875000054
2019-07-12,105.6302,59875000.0,-150000.0,6324608111.46,-15844530.0,-0.0025052192516545314,-0.17896312345671334,-6343633.0,-7504290.375000054
2019-07-15,106.1794,60100000.0,225000.0,6381384519.92,23890365.0,0.0037437588857753864,1.0702622860232134,-1565560.0,-6309772.125000054
2019-07-16,106.5529,60100000.0,0.0,6403828440.94,0.0,0.0,0.32160191974121144,-1565560.0,-6177622.250000054
2019-07-17,105.7815,60100000.0,0.0,6357465799.96,0.0,0.0,0.32160191974121144,-504955.0,-3407840.3750000536
2019-07-18,104.8108,60150000.0,50000.0,6304368695.56,5240540.0,0.0008312553172359309,0.4861731206350594,2657275.0,-3145813.3750000536
2019-07-19,105.0866,60200000.0,50000.0,6326211993.38,5254330.0,0.0008305649582243434,0.48372881160350945,6877047.0,-3279781.2500000536
2019-07-22,105.3366,60200000.0,0.0,6341263297.85,0.0,0.0,0.31267776362355565,2098974.0,-3148255.3750000536
2019-07-23,107.062,60200000.0,0.0,6445134385.74,0.0,0.0,0.30856564812164045,2098974.0,-2493098.5000000536
2019-07-24,107.3371,60200000.0,0.0,6461693035.04,0.0,0.0,0.3039118389401847,2098974.0,-2230675.5000000536
2019-07-25,105.9584,60300000.0,100000.0,6389290075.89,10595840.0,0.0016583751675297112,0.6313909994605514,3170034.0,534386.9999999463
2019-07-26,106.4533,60225000.0,-75000.0,6411147516.81,-7983997.5,-0.0012453304933424155,0.054569985156397466,522368.5,135187.12499994636
2019-07-29,106.431,60175000.0,-50000.0,6404486304.97,-5321550.0,-0.0008309097321154982,0.1386471029020706,-541941.5,-265056.87500005367
2019-07-30,104.1148,60075000.0,-100000.0,6254695560.6,-10411480.0,-0.0016645862135296714,-0.02491759822493795,-2624237.5,153930.99999994636
2019-07-31,104.4726,60075000.0,0.0,6276189665.49,0.0,0.0,0.3073048617443864,-2624237.5,153930.99999994636
2019-08-01,105.0215,60075000.0,0.0,6309166963.59,0.0,0.0,0.29401884987777394,-4743405.5,-522705.87500005367
2019-08-02,101.7586,59950000.0,-125000.0,6100425614.97,-12719825.0,-0.00208507173151763,-0.12671260455576722,-5690571.0,-1158697.1250000536
2019-08-05,99.9239,59950000.0,0.0,5990440500.88,0.0,0.0,0.2872365270526866,-4626261.0,-1158697.1250000536
2019-08-06,99.1476,59800000.0,-150000.0,5929024036.52,-14872140.0,-0.0025083622377636877,-0.22695382296478597,-5518393.0,-1902304.1250000536
2019-08-07,99.8514,59800000.0,0.0,5971114596.72,0.0,0.0,0.281016389602643,-5518393.0,-1637152.8750000536
2019-08-08,101.5243,59800000.0,0.0,6071152295.73,0.0,0.0,0.2797454166850817,-5518393.0,-1108622.3750000536
2019-08-09,100.2246,60075000.0,275000.0,6020994301.61,27561765.0,0.0045776102117602155,1.1939900657597566,2537925.0,1061692.3749999464
2019-08-12,100.1023,60075000.0,0.0,6013646505.65,0.0,0.0,0.2698117000417928,2537925.0,-132825.87500005364
2019-08-13,100.7055,60125000.0,50000.0,6054920079.86,5035275.0,0.0008316005716984499,0.4346542464559505,6519408.0,118937.87499994636
2019-08-14,98.4988,60125000.0,0.0,5922237887.17,0.0,0.0,0.26455515974728655,6519408.0,118937.87499994636
2019-08-15,97.8129,60225000.0,100000.0,5890781528.21,9781290.0,0.0016604401221058673,0.589203684139108,8475666.0,345975.37499994633
2019-08-16,99.0984,60175000.0,-50000.0,5963245786.15,-4954920.0,-0.0008309099067336957,0.08916207272702731,1972329.0,-164487.12500005364
2019-08-19,100.4051,60100000.0,-75000.0,6034346668.71,-7530382.5,-0.0012479201002897993,-0.0030905990967568624,466252.5,-541006.2500000537
2019-08-20,99.8545,60100000.0,0.0,6001257132.37,0.0,0.0,0.24585242228961207,-540802.5,-541006.2500000537
2019-08-21,101.1538,60100000.0,0.0,6079345626.05,0.0,0.0,0.24458511151535292,-540802.5,-541006.2500000537
2019-08-22,100.6751,60100000.0,0.0,6050573454.13,0.0,0.0,0.24458511151535292,-2497060.5,-1070798.2500000536
2019-08-23,99.5133,60100000.0,0.0,5980746462.14,0.0,0.0,0.2409101466029174,-1506076.5,-671598.3750000537
2019-08-26,99.9107,59875000.0,-225000.0,5982153406.61,-22479907.5,-0.0037578286566775023,-0.5126897561179449,-4495981.5,-1529516.2500000536
2019-08-27,100.5271,59875000.0,0.0,6019057170.5,0.0,0.0,0.2405725773454402,-4495981.5,-1008942.2500000537
2019-08-28,100.2781,59875000.0,0.0,6004154155.04,0.0,0.0,0.2642850832941784,-4495981.5,-1008942.2500000537
2019-08-29,101.459,59800000.0,-75000.0,6067250397.41,-7609425.0,-0.001254180147773088,0.006559747456464156,-6017866.5,-1389413.5000000536
2019-08-30,102.3192,59800000.0,0.0,6118688450.91,0.0,0.0,0.25133021909533315,-6017866.5,-753422.2500000537
2019-09-02,102.4423,59800000.0,0.0,6126052081.55,0.0,0.0,0.25563502943742095,-1521885.0,-753422.2500000537
2019-09-03,102.074,59700000.0,-100000.0,6093818075.92,-10207400.0,-0.0016750418002032268,-0.09491675073988624,-3563365.0,-520185.25000005367
2019-09-04,103.0517,59750000.0,50000.0,6157339280.85,5152585.0,0.0008368200557057338,0.4356705031963877,-2532848.0,-262556.00000005367
2019-09-05,103.9231,59750000.0,0.0,6209403448.82,0.0,0.0,0.27013795693981646,-1010963.0,-262556.00000005367
2019-09-06,104.4792,59800000.0,50000.0,6247858792.7,5223960.0,0.0008361200490164209,0.446939378310907,33829.0,-1379446.2500000536
2019-09-09,104.7722,59800000.0,0.0,6265380156.47,0.0,0.0,0.2945080937392309,33829.0,-1379446.2500000536
2019-09-10,105.1369,60000000.0,200000.0,6308213885.32,21027380.0,0.003333333393931575,1.014615704089098,6280785.0,-579841.0000000537
2019-09-11,105.9111,59975000.0,-25000.0,6352015694.46,-2647777.5,-0.00041684051604426865,0.19710526292562847,4720712.5,-712229.8750000537
2019-09-12,106.3491,59975000.0,0.0,6378288786.13,0.0,0.0,0.28807858839753975,4720712.5,-1201294.3750000536
2019-09-13,106.8479,59975000.0,0.0,6408204863.26,0.0,0.0,0.27686075468845506,3675920.5,-953548.3750000537
2019-09-16,106.0908,59975000.0,0.0,6362796487.12,0.0,0.0,0.27480178180023696,3675920.5,-577029.2500000537
2019-09-17,106.0242,59975000.0,0.0,6358803218.54,0.0,0.0,0.26842608434579607,-529555.5,-577029.2500000537
2019-09-18,106.1695,59975000.0,0.0,6367516395.1,0.0,0.0,0.2644256147862135,0.0,-577029.2500000537
2019-09-19,106.7525,59850000.0,-125000.0,6389134436.43,-13344062.5,-0.00208855559900476,-0.19081611370884338,-2668812.5,-1244232.3750000536
2019-09-20,106.8406,59975000.0,125000.0,6407762867.32,13355075.0,0.002084202439530298,0.7212449519849564,2202.5,-576478.6250000537
2019-09-23,105.7621,59975000.0,0.0,6343084296.16,0.0,0.0,0.2639681145587117,2202.5,547516.7499999463
2019-09-24,105.4602,59975000.0,0.0,6324973303.16,0.0,0.0,0.25487494418611856,2202.5,547516.7499999463
2019-09-25,104.8344,59975000.0,0.0,6287445276.01,0.0,0.0,0.25280531112167226,2202.5,547516.7499999463
2019-09-26,105.2998,59975000.0,0.0,6315356341.59,0.0,0.0,0.25280531112167226,2671015.0,927987.9999999463
2019-09-27,106.0912,59925000.0,-50000.0,6357512341.83,-5304560.0,-0.0008343766735768681,0.06538542099116026,-1060912.0,662759.9999999463
2019-09-30,106.4937,59750000.0,-175000.0,6362995769.36,-18636397.5,-0.0029288715843157754,-0.39748402850086795,-4788191.5,-269059.87500005367
2019-10-01,105.0857,59700000.0,-50000.0,6273615994.48,-5254285.0,-0.0008375209774750505,0.0635851157808241,-5839048.5,-21404.125000053646
2019-10-02,102.1837,59675000.0,-25000.0,6097814694.15,-2554592.5,-0.00041893573815071395,0.14644759198666826,-6349967.0,-406763.00000005367
2019-10-04,102.9332,59825000.0,150000.0,6157977918.96,15439980.0,0.0025073133101795216,0.7862669086200827,-3261971.0,365235.99999994633
2019-10-07,103.6581,59775000.0,-50000.0,6196164502.49,-5182905.0,-0.0008364698835734897,0.03936695328924103,-3237640.0,-155107.25000005364
2019-10-08,102.5674,59775000.0,0.0,6130964773.72,0.0,0.0,0.22485454236854288,489639.5,-155107.25000005364
2019-10-09,103.6301,60000000.0,225000.0,6217803639.2,23316772.5,0.003750001423814664,1.059195349952591,6203851.0,-40637.625000053646
2019-10-10,104.229,59850000.0,-150000.0,6238104809.4,-15634350.0,-0.0025062660018858774,-0.32541554420941493,3587899.5,-689966.2500000537
2019-10-11,107.206,59850000.0,0.0,6416276868.68,0.0,0.0,0.2310200632270743,499903.5,-689966.2500000537
2019-10-14,106.9895,60100000.0,250000.0,6430069049.12,26747375.0,0.004159733712915659,1.1407755848948564,6885959.5,647402.4999999463
2019-10-15,108.2164,59975000.0,-125000.0,6490279582.02,-13527050.0,-0.0020842014321654093,-0.24820797477699957,4180549.5,-28950.000000053646
2019-10-16,108.5615,59975000.0,0.0,6510974191.45,0.0,0.0,0.21094136089644192,-482805.0,-28950.000000053646
2019-10-17,108.4311,59975000.0,0.0,6503156047.03,0.0,0.0,0.20371255460930607,2644065.0,-28950.000000053646
2019-10-18,108.2477,59975000.0,0.0,6492154313.06,0.0,0.0,0.20371255460930607,2644065.0,638253.1249999463
2019-10-21,109.2262,59575000.0,-400000.0,6507150562.37,-43690480.0,-0.006714226078101885,-1.2733334759408577,-11443506.0,-2214024.6250000536
2019-10-22,109.2834,59825000.0,250000.0,6537878173.86,27320850.0,0.004178855780646891,1.1278489108666796,-3273926.0,-847982.1250000537
2019-10-23,109.6557,59825000.0,0.0,6560154521.1,0.0,0.0,0.1979688955964105,-3273926.0,-847982.1250000537
2019-10-24,110.2884,59900000.0,75000.0,6606277820.51,8271630.0,0.0012520863071062058,0.47225172583591607,-1619600.0,-434400.62500005367
2019-10-25,110.48,59900000.0,0.0,6617750132.64,0.0,0.0,0.20002539949189962,-1619600.0,-434400.62500005367
2019-10-28,110.8829,59850000.0,-50000.0,6636339153.14,-5544145.0,-0.000835422191672765,0.02641474672261997,6009667.0,-446379.87500005367
2019-10-29,110.8645,59975000.0,125000.0,6649101213.04,13858062.5,0.0020842008650465453,0.6679092320426259,3317109.5,1178343.1249999464
2019-10-30,110.6122,59900000.0,-75000.0,6625668909.55,-8295915.0,-0.001252087164820833,-0.073629013782023,1657926.5,1026261.6249999463
2019-10-31,110.2396,60200000.0,300000.0,6636423637.43,33071880.0,0.004983388916504931,1.2987541347362543,6617976.5,2807585.2499999464
2019-11-01,111.0467,60325000.0,125000.0,6698893888.14,13880837.5,0.0020721088782396165,0.6334927716791895,9394144.0,2729628.1249999464
2019-11-04,112.5466,60150000.0,-175000.0,6769676097.09,-19695655.0,-0.0029093939972203893,-0.4963850026028893,6563842.0,2003990.6249999464
2019-11-05,112.6508,60625000.0,475000.0,6829452431.89,53509130.0,0.007835054205830635,1.8988908834928668,14494055.5,4679447.124999946
2019-11-06,112.9192,60850000.0,225000.0,6871132338.59,25406820.0,0.0036976176193418567,0.9676907086645365,21234602.5,4783949.499999946
2019-11-07,113.8575,60850000.0,0.0,6928228173.37,0.0,0.0,0.13934023864141423,14620226.5,5565666.999999946
2019-11-08,113.3351,59450000.0,-1400000.0,6737774449.91,-158669140.0,-0.02354919138056327,-4.600986846097388,-19889769.0,-2367790.0000000536
2019-11-11,113.075,59425000.0,-25000.0,6719483290.14,-2826875.0,-0.00042069827067627133,0.08151710261005984,-16516013.0,-3846502.5000000536
2019-11-12,113.8039,59450000.0,25000.0,6765644305.91,2845097.5,0.00042052129425644195,0.2560725259104767,-26648819.5,-3027895.1250000536
2019-11-13,113.3455,59450000.0,0.0,6738390178.47,0.0,0.0,0.16695639661306347,-31730183.5,-3027895.1250000536
2019-11-14,112.918,58525000.0,-925000.0,6608523459.76,-104449150.0,-0.0158052174038576,-2.903408361506552,-52620013.5,-8250352.625000054
2019-11-15,113.4448,58400000.0,-125000.0,6625174745.33,-14180600.0,-0.0021404114676364908,-0.23142573923076745,-23722305.5,-8959382.625000054
2019-11-18,113.1457,58400000.0,0.0,6607706308.2,0.0,0.0,0.16397837252524208,-23156930.5,-6774858.625000054
2019-11-19,113.266,58575000.0,175000.0,6634557599.95,19821550.0,0.0029876219629398322,0.886294915849322,-19761640.0,-7149823.625000054
2019-11-20,112.7259,59425000.0,850000.0,6698737734.21,95817015.0,0.014303741809545549,3.4397633259510765,-598237.0,-2358972.8750000536
2019-11-21,112.5503,59150000.0,-275000.0,6657350642.12,-30951332.499999996,-0.004649196679558356,-0.958029394350472,14101326.5,-4320121.000000054
2019-11-22,112.7741,58700000.0,-450000.0,6619840021.14,-50748345.0,-0.007666098400858431,-1.6225026734028853,6787777.5,-6857538.250000054
2019-11-25,113.48,58150000.0,-550000.0,6598864086.23,-62414000.0,-0.009458294516209345,-1.9818119449872487,-5695022.5,-9701031.000000054
2019-11-26,113.3936,57900000.0,-250000.0,6565489340.44,-28348400.0,-0.004317789357358118,-0.8135779924094304,-15329012.5,-11811354.125000054
2019-11-27,113.827,57625000.0,-275000.0,6559282043.88,-31302425.0,-0.004772233422895128,-0.9037873407228515,-40752900.5,-12961679.625000054
2019-11-28,113.4711,57425000.0,-200000.0,6516076892.12,-22694220.0,-0.003482804205003243,-0.774835588890514,-39101478.0,-15749984.625000054
2019-11-29,113.3918,56950000.0,-475000.0,6457661355.14,-53861105.0,-0.008340651830113241,-2.0037030360366868,-39724030.0,-19137081.750000052
2019-12-02,111.0622,56750000.0,-200000.0,6302778486.63,-22212440.0,-0.0035242298372247976,-0.7442824093608998,-31683718.0,-19262921.000000052
2019-12-03,111.2723,56475000.0,-275000.0,6284103428.18,-30599882.5,-0.004869411022546191,-1.0769387683719005,-32134014.5,-23468371.625000052
2019-12-04,112.5678,56175000.0,-300000.0,6323497287.15,-33770340.0,-0.005340452990882881,-1.1807360416433874,-32627597.5,-26427229.625000052
2019-12-05,111.8325,55875000.0,-300000.0,6248641271.01,-33549750.0,-0.00536912723021099,-1.2088706948880612,-34798703.5,-28104717.125000052
2019-12-06,112.7898,55975000.0,100000.0,6313407412.95,11278980.0,0.0017865123002936047,0.6407452302421212,-21770686.5,-19607311.125000052
2019-12-09,112.2658,55675000.0,-300000.0,6250400166.99,-33679740.0,-0.005388413397572771,-1.1954585189582898,-24064146.5,-21149954.375000052
2019-12-10,111.9664,55525000.0,-150000.0,6216932402.12,-16794960.0,-0.00270148666797034,-0.4982852971786582,-21303162.0,-22131957.250000052
2019-12-11,112.6171,55525000.0,0.0,6253066160.66,0.0,0.0,0.19214805028440324,-14549094.0,-22131957.250000052
2019-12-12,113.2582,55500000.0,-25000.0,6285828530.97,-2831455.0,-0.00045045056288913165,0.07545726111095459,-8405435.0,-17051072.500000052
2019-12-13,113.7808,55400000.0,-100000.0,6303456090.8,-11378080.0,-0.0018050542172581322,-0.28743096078414165,-12936847.0,-16910946.500000052
2019-12-16,114.8496,55400000.0,0.0,6362670420.08,0.0,0.0,0.1820610361154257,-6200899.0,-16910946.500000052
2019-12-17,113.8225,55350000.0,-50000.0,6300073415.99,-5691125.0,-0.0009033426476516213,-0.050056664948054386,-3980132.0,-18186580.250000052
2019-12-18,113.2595,55400000.0,50000.0,6274574314.86,5662975.0,0.0009025273613523779,0.4118123737125467,-2847537.0,-22694282.250000052
2019-12-19,113.1717,55250000.0,-150000.0,6252736736.01,-16975755.0,-0.002714931991656597,-0.5236144745371017,-5676397.0,-21995503.375000052
2019-12-20,114.0875,55175000.0,-75000.0,6294780295.9,-8556562.5,-0.001359310746011767,-0.1639185795384937,-5112093.5,-19885914.250000052
2019-12-23,113.9326,55175000.0,0.0,6286228964.12,0.0,0.0,0.1903778199282829,-5112093.5,-16765214.250000054
2019-12-27,114.24,55175000.0,0.0,6303192302.97,0.0,0.0,0.1903778199282829,-3973868.5,-15347794.250000054
2019-12-30,113.4839,55175000.0,0.0,6261472646.36,0.0,0.0,0.1903778199282829,-5106463.5,-13782673.000000054
2020-01-02,114.6552,55175000.0,0.0,6326102648.29,0.0,0.0,0.18854370445029014,-1711312.5,-12647962.000000054
2020-01-03,113.226,55475000.0,300000.0,6281212583.96,33967800.0,0.005407841168557449,1.5663588251091387,6793560.0,-8256516.750000054
2020-01-06,112.4352,55475000.0,0.0,6237343598.68,0.0,0.0,0.16616971522406582,6793560.0,-7145894.750000054
2020-01-07,113.2899,55550000.0,75000.0,6293251222.62,8496742.5,0.0013501355975524913,0.5221219078358038,8492908.5,-5191063.500000054
2020-01-08,114.0889,54475000.0,-1075000.0,6214994471.91,-122645567.5,-0.019733817633197093,-4.468522784131876,-16036205.0,-9634824.875000054
2020-01-09,115.5864,54500000.0,25000.0,6299456452.7,2889660.0,0.00045871576725662857,0.3031652371585049,-15458273.0,-7812854.375000054
2020-01-10,115.4852,54525000.0,25000.0,6296830443.41,2887130.0,0.0004585052791157097,0.30392770750017917,-21674407.0,-8232446.875000054
2020-01-13,115.2114,54275000.0,-250000.0,6253097669.78,-28802850.0,-0.004606173055507921,-0.8801467310034359,-27434977.0,-7988602.375000054
2020-01-14,115.2534,54275000.0,0.0,6255377700.09,0.0,0.0,0.20571776308814835,-29134325.5,-7148854.375000054
2020-01-15,115.0458,54275000.0,0.0,6244108696.48,0.0,0.0,0.20571776308814835,-4605212.0,-7148854.375000054
2020-01-16,115.0206,54275000.0,0.0,6242743727.71,0.0,0.0,0.20571776308814835,-5183144.0,-7007281.625000054
2020-01-17,115.8484,54075000.0,-200000.0,6264503457.63,-23169680.0,-0.003698566080569393,-0.6554575074898391,-10394506.0,-7596861.625000054
2020-01-20,116.0423,53175000.0,-900000.0,6170547347.62,-104438070.0,-0.016925252188573207,-3.5378579110506414,-25521550.0,-12818765.125000054
2020-01-21,116.1011,53175000.0,0.0,6173673821.65,0.0,0.0,0.2319158165737894,-25521550.0,-12534208.875000054
2020-01-22,115.7569,51875000.0,-1300000.0,6004891530.2,-150483970.0,-0.025060231187054922,-4.7690579338305845,-55618344.0,-20341556.125000052
2020-01-23,114.6658,51800000.0,-75000.0,5939687459.37,-8599935.0,-0.001447876686917827,-0.040009772999227394,-57338331.0,-19922765.125000052
2020-01-24,116.2779,51700000.0,-100000.0,6011565466.79,-11627790.0,-0.001934236608456815,-0.13419017611855916,-55029953.0,-20076326.500000052
2020-01-27,113.0906,51450000.0,-250000.0,5818513399.35,-28272650.0,-0.00485908479701334,-0.7138410950797843,-39796869.0,-21489959.000000052
2020-01-28,114.1088,51450000.0,0.0,5870895478.81,0.0,0.0,0.2572714428038332,-39796869.0,-21489959.000000052
2020-01-29,114.2908,51650000.0,200000.0,5903121135.41,22858160.0,0.003872215981285702,1.0163072228316454,-5128443.0,-20347051.000000052
2020-01-30,112.681,51650000.0,0.0,5819975384.25,0.0,0.0,0.24562507558914742,-3408456.0,-20347051.000000052
2020-01-31,111.1803,51650000.0,0.0,5742460489.74,0.0,0.0,0.24562507558914742,-1082898.0,-22045441.000000052
2020-02-03,111.7204,51650000.0,0.0,5770357896.79,0.0,0.0,0.25459521379106975,4571632.0,-22045441.000000052
2020-02-04,113.746,51650000.0,0.0,5874982048.13,0.0,0.0,0.25459521379106975,4571632.0,-22470278.125000052
2020-02-05,115.4294,51600000.0,-50000.0,5956159558.96,-5771470.0,-0.0009689918382589051,0.06373807160659542,-1154294.0,-16626573.250000054
2020-02-06,116.2068,51500000.0,-100000.0,5984650927.51,-11620680.0,-0.0019417473367715618,-0.12785139465749196,-3478430.0,-17352090.250000052
2020-02-07,115.684,51575000.0,75000.0,5966401402.17,8676300.0,0.0014541931417561683,0.5528139412049202,-1743170.0,-17062631.750000052
2020-02-10,115.513,51475000.0,-100000.0,5946032651.54,-11551300.0,-0.0019426903074621121,-0.1258616658801728,-4053430.0,-16200054.250000054
2020-02-11,116.6578,51475000.0,0.0,6004958366.84,0.0,0.0,0.26116914296225296,-4053430.0,-16200054.250000054
2020-02-12,117.7017,51400000.0,-75000.0,6049866252.83,-8827627.5,-0.0014591442407293916,-0.02863760318913934,-4664661.5,-16641435.625000054
2020-02-13,117.6658,50950000.0,-450000.0,5995072190.29,-52949610.0,-0.008832188891029628,-1.4775493453255355,-12930447.5,-19288916.125000052
2020-02-14,117.6552,51200000.0,250000.0,6023948051.01,29413800.0,0.004882811032055357,1.2296766399173102,-8782947.5,-16659742.125000054
2020-02-17,117.9926,50950000.0,-250000.0,6011723900.11,-29498150.0,-0.004906770585299211,-0.6927224637738431,-12372317.5,-12912746.125000054
2020-02-18,117.1132,50950000.0,0.0,5966919244.84,0.0,0.0,0.26779418905759345,-12372317.5,-12912746.125000054
2020-02-19,118.0361,50575000.0,-375000.0,5969675764.61,-44263537.5,-0.0074147305892905135,-1.1748869161958062,-19459499.5,-7601724.500000054
2020-02-20,116.9654,50425000.0,-150000.0,5897979146.29,-17544810.0,-0.0029747155025185525,-0.29976061720873026,-12378539.5,-8048968.250000054
2020-02-21,116.235,50425000.0,0.0,5861147939.7,0.0,0.0,0.28111816463313294,-18261299.5,-7467578.750000054
2020-02-24,111.5769,50050000.0,-375000.0,5584424422.77,-41841337.5,-0.007492506717325356,-1.1682144097372813,-20729937.0,-8146013.125000054
2020-02-25,109.4812,49875000.0,-175000.0,5460376372.56,-19159210.0,-0.0035087709514458883,-0.386155922019425,-24561779.0,-9103973.625000054
2020-02-26,109.3475,49525000.0,-350000.0,5415436854.0,-38271625.0,-0.007067135308157358,-1.06542653000578,-23363396.5,-12160462.875000054
2020-02-27,105.8592,49525000.0,0.0,5242676460.45,0.0,0.0,0.3061565309009264,-19854434.5,-12160462.875000054
2020-02-28,101.7751,49600000.0,75000.0,5048045282.39,7633132.5,0.0015120966776245098,0.5963461162221171,-18327808.0,-11778806.250000054
2020-03-02,101.4969,50100000.0,500000.0,5084992985.21,50748450.0,0.009980043266058546,2.179092384812702,190149.5,-9241383.750000054
2020-03-03,102.5882,50000000.0,-100000.0,5129411397.3,-10258820.0,-0.0019999994551811538,-0.09383285197893873,1970227.5,-9754324.750000054
2020-03-04,103.8067,50200000.0,200000.0,5211098357.19,20761340.0,0.003984062202808856,1.0413184300599716,13776820.5,-8427684.250000054
2020-03-05,102.2407,50200000.0,0.0,5132485287.82,0.0,0.0,0.284230985793168,13776820.5,-7846650.250000054
2020-03-06,98.7918,50325000.0,125000.0,4971698835.6,12348975.0,0.002483854193173325,0.7502512161147044,14719989.0,-7663016.500000054
2020-03-09,90.9424,50325000.0,0.0,4576675222.98,0.0,0.0,0.27972839688339335,4570299.0,-7085451.500000054
2020-03-10,89.6619,50525000.0,200000.0,4530165790.31,17932380.0,0.003958437909349203,1.019160926867227,10208539.0,-6188832.500000054
2020-03-11,89.3467,50625000.0,100000.0,4523176237.09,8934670.0,0.001975308838673098,0.641002121618443,7843205.0,-5300717.625000054
2020-03-12,78.4132,50675000.0,50000.0,3973590390.97,3920660.0,0.0009866794546588686,0.4529497789103006,8627337.0,-2457204.1250000536
2020-03-13,79.0205,51200000.0,525000.0,4045849544.75,41485762.5,0.010253906390027037,2.1360677049852974,14454694.5,-1853606.0000000536
2020-03-16,74.827,51750000.0,550000.0,3872296333.99,41154850.0,0.010628021837779701,2.1521416271806753,22685664.5,1679043.9999999464
2020-03-17,76.5122,52700000.0,950000.0,4032191223.13,72686590.0,0.018026573140441694,3.302651603220419,33636506.5,5313373.499999946
2020-03-18,72.2583,53050000.0,350000.0,3833304947.72,25290405.000000004,0.006597545810969829,1.3096971989746644,36907653.5,8791070.624999946
2020-03-19,73.7036,53225000.0,175000.0,3922872348.85,12898129.999999998,0.003287930081074679,0.7358470642087087,38703147.5,10313217.624999946
2020-03-20,76.4265,53225000.0,0.0,4067802115.89,0.0,0.0,0.1732283115600286,30405995.0,10313217.624999946
2020-03-23,74.8167,53225000.0,0.0,3982117136.14,0.0,0.0,0.17201762107198937,22175025.0,12405284.499999946
2020-03-24,83.0279,53875000.0,650000.0,4473126234.01,53968135.0,0.012064970263899633,2.1712086633534224,18431334.0,16061651.749999946
2020-03-25,84.514,54150000.0,275000.0,4576435085.45,23241350.0,0.0050784834846433055,0.9870642220844075,18021523.0,19137300.499999948
2020-03-26,85.598,54375000.0,225000.0,4654393184.1,19259550.0,0.004137929314994933,0.8212833349641052,19293807.0,20100277.999999948
2020-03-27,82.4442,54400000.0,25000.0,4484963714.4,2061104.9999999998,0.0004595589019778135,0.21171696260907427,19706028.0,19821676.624999948
2020-03-30,84.0132,54275000.0,-125000.0,4559818393.71,-10501650.0,-0.002303085143585193,-0.2468078841515694,17605698.0,16759171.624999946
2020-03-31,85.0388,54325000.0,50000.0,4619734698.18,4251940.0,0.0009203861861753885,0.28915732580384523,7662459.0,17484709.624999948
2020-04-01,81.6912,53925000.0,-400000.0,4405198146.54,-32676479.999999996,-0.00741770946799868,-1.08209717164359,-3521106.999999999,14812818.624999946
2020-04-02,81.9138,53925000.0,0.0,4417203217.0,0.0,0.0,0.14746505832905177,-7373017.0,14812818.624999946
2020-04-03,81.5278,54050000.0,125000.0,4406579434.0,10190975.0,0.0023126724827355056,0.528186068716384,-5747042.999999998,14704918.624999946
2020-04-06,86.229,54050000.0,0.0,4660679541.36,0.0,0.0,0.15029074230228387,-3646712.999999999,14704918.624999946
2020-04-07,88.6383,54050000.0,0.0,4790898759.87,0.0,0.0,0.14740860321206997,-4497100.999999999,13808299.624999946
2020-04-08,88.4341,54000000.0,-50000.0,4775438915.99,-4421705.0,-0.0009259264075589862,-0.005534677773075807,1153854.0,13140480.874999946
2020-04-09,90.4181,54000000.0,0.0,4882575994.1,0.0,0.0,0.14870750894742835,1153854.0,12944447.874999946
2020-04-14,91.5442,54050000.0,50000.0,4947966637.29,4577210.0,0.0009250688890066843,0.3014348283102759,31101.0,11099020.249999946
2020-04-15,87.9766,54050000.0,0.0,4755132870.73,0.0,0.0,0.13860585920378155,31101.0,9041277.749999946
2020-04-16,88.1625,54250000.0,200000.0,4782817954.01,17632500.0,0.00368663414948014,0.7560701774823431,3557601.0,6288573.249999946
2020-04-17,90.9373,54250000.0,0.0,4933347966.35,0.0,0.0,0.13936842311743958,4441942.0,5024052.999999946
2020-04-20,91.365,54250000.0,0.0,4956552683.29,0.0,0.0,0.14117471791588004,4441942.0,4379146.499999946
2020-04-21,87.7181,54275000.0,25000.0,4760901897.21,2192952.5,0.0004606170316773638,0.21759251390241194,3965090.5,4488794.124999946
2020-04-22,89.1315,54425000.0,150000.0,4850984483.14,13369725.0,0.0027560848826599198,0.5957941453256669,6639035.5,5157280.374999946
2020-04-23,89.9764,54475000.0,50000.0,4901466153.64,4498820.0,0.0009178518955310992,0.2904678480846325,4012299.5,2683814.6249999464
2020-04-24,88.4551,54475000.0,0.0,4818590194.24,0.0,0.0,0.13526276980762353,4012299.5,1521747.1249999464
2020-04-27,91.2262,54475000.0,0.0,4969546353.47,0.0,0.0,0.14276145543758548,4012299.5,558769.6249999466
2020-04-28,92.3866,54475000.0,0.0,5032761870.09,0.0,0.0,0.1457950959810606,3573709.0,455714.37499994657
2020-04-29,95.0081,54425000.0,-50000.0,5170814972.07,-4750405.0,-0.0009186956071062625,-0.011327132919476166,-50317.0,743276.6249999466
2020-04-30,92.8799,54225000.0,-200000.0,5036410284.19,-18575980.0,-0.003688337318012517,-0.4644781467131689,-4665277.0,-398119.37500005343
2020-05-04,89.5033,53725000.0,-500000.0,4808566559.26,-44751650.0,-0.009306650838350238,-1.3903230489091771,-13615607.0,-1001877.8750000537
2020-05-05,91.7491,53725000.0,0.0,4929221816.91,0.0,0.0,0.17788993112009727,-13615607.0,-1001877.8750000537
2020-05-06,90.6954,53725000.0,0.0,4872609553.32,0.0,0.0,0.15451782496317604,-13615607.0,-1511426.6250000536
2020-05-07,91.9314,53725000.0,0.0,4939015008.32,0.0,0.0,0.15387614597923488,-12665526.0,-1511426.6250000536
2020-05-08,93.1747,54025000.0,300000.0,5033764737.54,27952410.0,0.0055529829973063735,1.13841348834557,-3359848.0,-113806.12500005364
2020-05-11,92.4945,54025000.0,0.0,4997015865.96,0.0,0.0,0.1454146877853502,5590482.0,107279.12499994636
2020-05-12,92.4507,53975000.0,-50000.0,4990028272.51,-4622535.0,-0.0009263544708685287,-0.043764041616601516,4665975.0,-123847.62500005364
2020-05-13,90.0851,53975000.0,0.0,4862344684.24,0.0,0.0,0.1239132198263393,4665975.0,-352708.12500005367
2020-05-14,88.3306,53975000.0,0.0,4767644496.03,0.0,0.0,0.1239132198263393,4665975.0,-352708.12500005367
2020-05-15,89.4075,54125000.0,150000.0,4839180869.08,13411125.0,0.0027713626257887015,0.6359040356864224,1757718.0,-563776.8750000537
2020-05-18,94.4777,54150000.0,25000.0,5115965756.29,2361942.5,0.0004616806703790049,0.23860328046769208,2230106.5,-445679.75000005367
2020-05-19,94.6159,54050000.0,-100000.0,5113990190.15,-9461590.0,-0.0018501384727377585,-0.20750955978326296,1262295.5,-918759.2500000537
2020-05-20,95.8786,53900000.0,-150000.0,5167855273.04,-14381790.0,-0.0027829320366280085,-0.39637307436955915,-1614062.5,-1747496.3750000536
2020-05-21,94.5111,53725000.0,-175000.0,5077607796.01,-16539442.5,-0.0032573296647678746,-0.5032058546603482,-4921951.0,-3242954.7500000536
2020-05-22,94.5781,53725000.0,0.0,5081210983.85,0.0,0.0,0.12424793058026791,-7604176.0,-3467895.7500000536
2020-05-25,97.2835,53725000.0,0.0,5226558273.17,0.0,0.0,0.11680479602328704,-8076564.5,-3467895.7500000536
2020-05-26,98.2499,53725000.0,0.0,5278473473.24,0.0,0.0,0.11127139518116748,-6184246.5,-3467895.7500000536
2020-05-27,99.553,53125000.0,-600000.0,5288755671.2,-59731800.0,-0.011294112209658395,-2.0780823466676432,-15254248.5,-6454485.750000054
2020-05-28,100.6112,53075000.0,-50000.0,5339937718.91,-5030560.0,-0.000942063421860817,-0.07212764021523653,-12952472.0,-6468493.500000054
2020-05-29,98.934,52975000.0,-100000.0,5241027685.24,-9893400.0,-0.001887683216759607,-0.26153434765249334,-14931152.0,-6034364.500000054
2020-06-02,102.636,53175000.0,200000.0,5457669246.99,20527200.0,0.003761165997980019,0.825716307585222,-10825712.0,-2770422.0000000536
2020-06-03,106.6063,53025000.0,-150000.0,5652797256.27,-15990945.0,-0.002828855215400318,-0.46571054849376525,-14023901.0,-3569969.2500000536
2020-06-04,106.1237,53025000.0,0.0,5627208968.59,0.0,0.0,0.09091072539272409,-2077541.0,-3569969.2500000536
2020-06-05,109.6807,52800000.0,-225000.0,5791140637.84,-24678157.5,-0.004261363873422446,-0.7467565246024324,-6007060.5,-4803877.125000054
2020-06-08,109.4358,52925000.0,125000.0,5791891642.87,13679475.0,0.002361831996087127,0.544030670639353,-1292485.5,-5517523.875000054
2020-06-09,107.7152,53625000.0,700000.0,5776228075.48,75400640.0,0.013053611979082782,2.546343036652732,9682202.5,-1747491.8750000536
2020-06-10,106.9653,53575000.0,-50000.0,5730666593.71,-5348265.0,-0.0009332710100200689,-0.11922541975216852,11810738.5,-1783778.3750000536
2020-06-11,102.185,53500000.0,-75000.0,5466896340.95,-7663875.0,-0.0014018694560921972,-0.209223899774827,10277963.5,-2166972.1250000536
2020-06-12,102.0039,53475000.0,-25000.0,5454656147.98,-2550097.5,-0.0004675083874800004,-0.030344370352881206,14703575.5,-2294477.0000000536
2020-06-15,101.6793,53450000.0,-25000.0,5434757485.7,-2541982.5,-0.0004677269421291558,-0.031079701965904732,11459284.0,-3092132.3750000536
2020-06-16,105.1286,53450000.0,0.0,5619121474.83,0.0,0.0,0.05954489716198397,-3620844.0,-3210229.5000000536
2020-06-17,105.6968,53450000.0,0.0,5649491569.99,0.0,0.0,0.05527883485519933,-2551191.0,-2737150.0000000536
2020-06-18,104.8308,53525000.0,75000.0,5611069561.09,7862310.0,0.0014012141383028366,0.31825753203534385,554046.0,-1624945.0000000536
2020-06-19,105.1955,53375000.0,-150000.0,5614807997.14,-15779325.0,-0.0028103053582664754,-0.480458559070257,-2091799.5,-1586939.1250000536
2020-06-22,104.6149,53375000.0,0.0,5583820188.72,0.0,0.0,0.05529047825827344,-1583403.0,-1586939.1250000536
2020-06-23,106.8387,53675000.0,300000.0,5734565926.19,32051610.0,0.00558919548794774,1.1061551817276905,4826919.0,15641.374999946356
2020-06-24,103.1722,53675000.0,0.0,5537767398.75,0.0,0.0,0.046170596906825484,4826919.0,15641.374999946356
2020-06-25,103.8879,53825000.0,150000.0,5591767298.63,15583185.0,0.0027868085647659063,0.580833777505712,6371094.0,3781390.6249999464
2020-06-26,103.1321,53825000.0,0.0,5551086744.45,0.0,0.0,0.0504872437834343,9526959.0,4032918.6249999464
2020-06-29,104.3293,53450000.0,-375000.0,5576400392.86,-39123487.5,-0.007015903583626017,-1.2632936882334003,1702261.5,2571414.2499999464
2020-06-30,104.9851,53400000.0,-50000.0,5606206680.73,-5249255.0,-0.0009363291970742114,-0.15225200087747012,-5757911.5,1282591.4999999464
2020-07-01,104.5606,53200000.0,-200000.0,5562623159.72,-20912120.0,-0.0037593990100621218,-0.7107842339586697,-9940335.5,1036532.7499999463
2020-07-02,107.5376,53200000.0,0.0,5721001379.9,0.0,0.0,0.043569169126819525,-13056972.5,1036532.7499999463
2020-07-03,106.8514,53425000.0,225000.0,5708537694.81,24041565.0,0.004211510247511852,0.8731520839309536,-8248659.5,3472518.8749999464
2020-07-06,108.6053,53225000.0,-200000.0,5780517479.47,-21721060.0,-0.0037576324398540775,-0.7166399936360501,-4768174.0,1702492.1249999464
2020-07-07,107.6062,53325000.0,100000.0,5738098714.17,10760620.0,0.0018752936357520462,0.4067679857540471,-1566199.0,-1529508.8750000536
2020-07-08,106.5673,53250000.0,-75000.0,5674707670.86,-7992547.5,-0.0014084509658607194,-0.24724979776332803,1017715.5,-1661723.0000000536
2020-07-09,106.5105,53200000.0,-50000.0,5666358925.87,-5325525.0,-0.0009398495700097803,-0.15851100217719316,-47389.5,-1544805.5000000536
2020-07-10,107.7408,53200000.0,0.0,5731810076.35,0.0,0.0,0.0015261590362785613,-4855702.5,-1417300.6250000536
2020-07-13,109.1565,53200000.0,0.0,5807125541.55,0.0,0.0,0.0015261590362785613,-511490.5,-1290201.5000000536
2020-07-14,108.281,53200000.0,0.0,5760549144.65,0.0,0.0,-0.04855963101123083,-2663614.5,-1290201.5000000536
2020-07-15,110.2683,53200000.0,0.0,5866276022.18,0.0,0.0,-0.05149995516147334,-1065105.0,-1290201.5000000536
2020-07-16,109.7906,53125000.0,-75000.0,5832625557.12,-8234295.0,-0.0014117647223124473,-0.39303696544752753,-1646859.0,-2095031.7500000536
2020-07-17,110.1704,53125000.0,0.0,5852804515.3,0.0,0.0,-0.06273869591353032,-1646859.0,-1306065.5000000536
2020-07-20,111.2575,53225000.0,100000.0,5921678269.39,11125750.0,0.0018788170335951192,0.38921274705890785,578291.0,-749778.0000000537
2020-07-21,112.3196,53125000.0,-100000.0,5966980746.8,-11231960.0,-0.0018823523112628656,-0.5125198958910069,-1668101.0,-2913956.5000000536
2020-07-22,111.7432,53125000.0,0.0,5936355204.03,0.0,0.0,-0.05498216983437104,-1668101.0,-2913956.5000000536
2020-07-23,111.7349,53125000.0,0.0,5935918673.48,0.0,0.0,-0.05498216983437104,-21242.0,-3693115.7500000536
2020-07-24,109.4731,53125000.0,0.0,5815760244.81,0.0,0.0,-0.05498216983437104,-21242.0,-3693115.7500000536
2020-07-27,109.4755,53000000.0,-125000.0,5802203429.74,-13684437.5,-0.00235848978163339,-0.6224595471342002,-4983279.5,-2421163.2500000536
2020-07-28,109.4456,52625000.0,-375000.0,5759575651.22,-41042100.0,-0.007125889559468919,-1.744584535390412,-10945307.5,-4210805.500000054
2020-07-29,109.333,52625000.0,0.0,5753647750.32,0.0,0.0,-0.041116878882670314,-10945307.5,-3165199.5000000536
2020-07-30,105.56,52625000.0,0.0,5555096557.24,0.0,0.0,-0.03822530610649807,-10945307.5,-3165199.5000000536
2020-07-31,104.9926,52725000.0,100000.0,5535732657.32,10499260.0,0.001896634221689994,0.4093520520441879,-8845455.5,-3842314.7500000536
2020-08-03,107.8343,53525000.0,800000.0,5771830665.34,86267440.0,0.014946287408956455,3.3416578172088287,11144920.0,1557110.2499999464
2020-08-04,107.4396,53725000.0,200000.0,5772192135.01,21487920.0,0.0037226619449601487,0.766885782582109,23650924.0,2093475.2499999464
2020-08-05,107.9451,54100000.0,375000.0,5839829065.51,40479412.5,0.0069316091354576104,1.4826595112186698,31746806.5,4517073.249999946
2020-08-06,107.3602,53900000.0,-200000.0,5786717001.08,-21472040.0,-0.003710573714939331,-0.9509880905519652,27452398.5,3709747.4999999464
2020-08-07,108.0697,53925000.0,25000.0,5827660706.64,2701742.5,0.0004636066916046865,1.588247545217268e-05,25892895.0,3844834.6249999464
2020-08-10,108.176,53925000.0,0.0,5833393347.33,0.0,0.0,-0.10743943007041552,8639407.0,3844834.6249999464
2020-08-11,110.387,53925000.0,0.0,5952616722.92,0.0,0.0,-0.12351062600010362,4341823.0,3844834.6249999464
2020-08-12,111.3392,53925000.0,0.0,6003966618.74,0.0,0.0,-0.12970232859797448,-3754059.5,3844834.6249999464
2020-08-13,110.7859,53925000.0,0.0,5974130788.93,0.0,0.0,-0.12970232859797448,540348.5,4256549.374999946
2020-08-14,109.9979,53825000.0,-100000.0,5920635475.58,-10999790.0,-0.0018578732038763853,-0.5869742211063428,-2199958.0,3706559.8749999464
2020-08-17,110.1621,53750000.0,-75000.0,5921212489.42,-8262157.5,-0.0013953489280722135,-0.4820953449231182,-3852389.5,2737164.4999999464
2020-08-18,109.829,53750000.0,0.0,5903311320.5,0.0,0.0,-0.16390999735189749,-3852389.5,3298762.4999999464
2020-08-19,110.644,53750000.0,0.0,5947115666.16,0.0,0.0,-0.16390999735189749,-3852389.5,3298762.4999999464
2020-08-20,109.388,53750000.0,0.0,5879603389.56,0.0,0.0,-0.16085442797848531,-3852389.5,3298762.4999999464
2020-08-21,108.8316,53800000.0,50000.0,5855142042.44,5441580.0,0.0009293677182479322,0.08555275730258775,-564115.5,3570841.4999999464
2020-08-24,111.399,53800000.0,0.0,5993267214.22,0.0,0.0,-0.15010232945138652,1088316.0,4255063.374999946
2020-08-25,111.3571,53025000.0,-775000.0,5904710044.92,-86301752.5,-0.014615747740949278,-3.558049835329725,-16172034.5,1992080.7499999464
2020-08-26,112.4519,53025000.0,0.0,5962762898.35,0.0,0.0,-0.1056390625039314,-16172034.5,1992080.7499999464
2020-08-27,111.6518,52775000.0,-250000.0,5892424607.96,-27912950.0,-0.00473709073210589,-1.2041043015771555,-21754624.5,596433.2499999463
2020-08-28,111.0919,52775000.0,0.0,5862876469.6,0.0,0.0,-0.09095099327830032,-22842940.5,71470.24999994636
2020-08-31,110.3355,52775000.0,0.0,5822957305.55,0.0,0.0,-0.08344642463386343,-22842940.5,-4241901.750000054
2020-09-01,110.5816,52775000.0,0.0,5835946315.25,0.0,0.0,-0.07961397850654373,-5582590.0,-5316297.750000054
2020-09-02,112.8755,52775000.0,0.0,5957006016.64,0.0,0.0,-0.07768068424378516,-5582590.0,-7340268.375000054
2020-09-03,111.292,52775000.0,0.0,5873435619.13,0.0,0.0,-0.05891110572861533,0.0,-6266666.375000054
2020-09-04,109.4576,52775000.0,0.0,5776627054.11,0.0,0.0,-0.03856276039602058,0.0,-6401753.500000054
2020-09-07,111.6522,52925000.0,150000.0,5909191203.3,16747829.999999998,0.002834200049348063,0.7609731194737888,3349565.9999999995,-5564362.000000054
2020-09-08,110.5264,52925000.0,0.0,5849607530.35,0.0,0.0,0.007210208549451196,3349565.9999999995,-5564362.000000054
2020-09-09,112.8177,52925000.0,0.0,5970878319.25,0.0,0.0,0.01479644591266473,3349565.9999999995,-5564362.000000054
2020-09-10,112.5755,52925000.0,0.0,5958059477.89,0.0,0.0,0.01479644591266473,3349565.9999999995,-5564362.000000054
2020-09-11,112.5237,52625000.0,-300000.0,5921561658.51,-33757110.0,-0.005700710715641532,-1.5297819315936951,-3401856.0,-6702228.000000054
2020-09-14,112.444,52625000.0,0.0,5917363326.44,0.0,0.0,0.05786933197789682,-6751422.0,-6289120.125000054
2020-09-15,112.6482,52625000.0,0.0,5928109065.85,0.0,0.0,0.07070299656080659,-6751422.0,-6289120.125000054
2020-09-16,112.9679,52450000.0,-175000.0,5925166525.43,-19769382.5,-0.0033365108668511724,-0.8812467430409484,-10705298.5,-7277589.250000054
2020-09-17,112.565,52450000.0,0.0,5904036682.87,0.0,0.0,0.09020014349054255,-10705298.5,-7277589.250000054
2020-09-18,111.7821,52450000.0,0.0,5862972313.9,0.0,0.0,0.08473583587181935,-3953876.5,-7549668.250000054
2020-09-21,106.8914,52450000.0,0.0,5606455331.0,0.0,0.0,0.08701299921572463,-3953876.5,-7549668.250000054
2020-09-22,107.334,52600000.0,150000.0,5645767136.43,16100100.0,0.0028517116648527963,0.9066909579468635,-733856.5,-2429575.6250000536
2020-09-23,107.747,52875000.0,275000.0,5697122635.42,29630425.0,0.005200945616965046,1.5721835622935827,9146105.0,-948054.3750000537
2020-09-24,107.4362,52875000.0,0.0,5680687978.44,0.0,0.0,0.0554321787085856,9146105.0,447593.12499994633
2020-09-25,106.2649,53450000.0,575000.0,5679860545.73,61102317.5,0.010757714385423679,3.0566936837255727,21366568.5,3502708.9999999464
2020-09-28,109.6864,53450000.0,0.0,5862738481.24,0.0,0.0,0.027953687521052595,21366568.5,3502708.9999999464
2020-09-29,109.2962,53450000.0,0.0,5841882281.63,0.0,0.0,0.02578714651170169,18146548.5,3502708.9999999464
2020-09-30,108.7433,53450000.0,0.0,5812327997.29,0.0,0.0,0.02578714651170169,12220463.5,3502708.9999999464
2020-10-01,108.4708,53425000.0,-25000.0,5795050086.53,-2711770.0,-0.00046794591237498214,-0.10275088294306409,11678109.5,3367120.4999999464
2020-10-02,108.1156,53425000.0,0.0,5776074798.58,0.0,0.0,0.029064942105423854,-542354.0,3367120.4999999464
2020-10-05,109.3005,53275000.0,-150000.0,5822985121.12,-16395075.0,-0.002815579064513658,-0.7506366304961358,-3821369.0,1709975.2499999464
2020-10-06,109.9617,53275000.0,0.0,5858211322.12,0.0,0.0,0.044437507368023176,-3821369.0,1709975.2499999464
2020-10-07,110.1529,53300000.0,25000.0,5871147972.61,2753822.5,0.00046904327958469035,0.17576247641859213,-3270604.5,1847666.3749999464
2020-10-08,111.1211,53300000.0,0.0,5922756339.79,0.0,0.0,0.0444175226944873,-2728250.5,1847666.3749999464
2020-10-09,111.1974,54500000.0,1200000.0,6060260424.07,133436880.0,0.022018340906608327,5.407330868784093,23959125.5,10207365.874999946
2020-10-12,111.9386,54350000.0,-150000.0,6083860742.64,-16790790.0,-0.0027598905876195135,-0.6700110883566361,23879982.5,9367826.374999946
2020-10-13,110.9205,54375000.0,25000.0,6031303947.97,2773012.5,0.00045976998074078704,0.11851541273191897,24434585.0,9506476.999999946
2020-10-14,110.997,54000000.0,-375000.0,5993837949.23,-41623875.0,-0.0069444445032664295,-1.6628973346029343,15559045.5,8413752.374999946
2020-10-15,108.234,54000000.0,0.0,5844637466.42,0.0,0.0,0.019738542755468824,15559045.5,8413752.374999946
2020-10-16,109.9818,54000000.0,0.0,5939016526.24,0.0,0.0,0.017886641344565617,-11128330.5,8413752.374999946
2020-10-19,109.5171,53350000.0,-650000.0,5842739484.12,-71186115.0,-0.012183688010303551,-2.8262983436874602,-22007395.5,4854446.624999946
2020-10-20,108.5139,52825000.0,-525000.0,5732246947.74,-56969797.5,-0.009938475787834116,-2.2916307064866586,-33955957.5,1200951.7499999464
2020-10-21,106.9857,52825000.0,0.0,5651518583.74,0.0,0.0,0.03508575361539633,-25631182.5,-280569.50000005367
2020-10-22,106.8608,52800000.0,-25000.0,5642252795.99,-2671520.0,-0.0004734846339920596,-0.07483755923239978,-26165486.5,-414145.50000005367
2020-10-23,107.735,53150000.0,350000.0,5726117170.11,37707250.0,0.006585134198236401,1.548814912779252,-18624036.5,-1583898.8750000536
2020-10-26,103.7415,53150000.0,0.0,5513860655.43,0.0,0.0,0.03389515334125166,-4386813.5,-1583898.8750000536
2020-10-27,102.7737,53150000.0,0.0,5462420059.57,0.0,0.0,0.03389515334125166,7007146.0,-1583898.8750000536
2020-10-28,98.4876,53775000.0,625000.0,5296169778.19,61554750.0,0.011622503163226904,2.64108295005368,19318096.0,1493838.6249999464
2020-10-29,98.807,53675000.0,-100000.0,5303467370.3,-9880700.0,-0.0018630641635193242,-0.40887737709538613,17876260.0,1135392.1249999464
2020-10-30,98.4527,54225000.0,550000.0,5338599588.81,54148984.99999999,0.010142919336655114,2.2396202711707867,21164607.0,3842841.3749999464
2020-11-02,100.4261,54275000.0,50000.0,5450626917.89,5021305.0,0.0009212343966377732,0.20139925579061055,22168868.0,4913660.374999946
2020-11-03,102.9869,54575000.0,300000.0,5620512063.47,30896070.0,0.005497020494058923,1.1993762885227581,28348082.0,6458463.874999946
2020-11-04,104.9907,54575000.0,0.0,5729869087.67,0.0,0.0,-0.015509692143767866,16037132.0,6320772.749999946
2020-11-05,107.0676,54125000.0,-450000.0,5795034354.96,-48180420.0,-0.008314087035353315,-1.8162009500675964,8377187.999999998,3911751.7499999464
2020-11-06,106.3172,54125000.0,0.0,5754420183.02,0.0,0.0,-0.011214152390360638,-2452609.0,-2760092.250000054
2020-11-09,111.5629,54125000.0,0.0,6038340425.99,0.0,0.0,-0.011214152390360638,-3456870.0,-1920552.750000054
2020-11-10,112.1329,53575000.0,-550000.0,6007518414.42,-61673095.0,-0.010265985178166827,-2.187709573895159,-21970703.0,-5142858.125000054
2020-11-11,112.5845,53450000.0,-125000.0,6017643004.0,-14073062.5,-0.0023386336628220495,-0.48806630494927594,-24785315.5,-3765317.5000000536
2020-11-12,111.193,53900000.0,450000.0,5993301791.95,50036850.0,0.008348795328012316,1.7800247984128241,-5141861.5,-1263475.000000054
2020-11-13,111.3952,53900000.0,0.0,6004201939.97,0.0,0.0,-0.025473260145425173,-5141861.5,-1263475.000000054
2020-11-16,111.9204,53900000.0,0.0,6032509716.62,0.0,0.0,-0.028895589471220413,-5141861.5,2295830.749999946
2020-11-17,111.876,53825000.0,-75000.0,6021726214.83,-8390700.0,-0.0013934044326584978,-0.3216604000610533,5514617.5,4724785.624999946
2020-11-18,112.4583,53825000.0,0.0,6053068582.76,0.0,0.0,-0.02479987810039561,8329230.0,4724785.624999946
2020-11-19,111.4721,53500000.0,-325000.0,5963755452.57,-36228432.5,-0.006074768287889445,-1.3228005831919902,-8923826.5,3046939.9999999464
2020-11-20,111.907,53500000.0,0.0,5987024941.39,0.0,0.0,-0.021437871286329797,-8923826.5,1161577.499999946
2020-11-23,111.8186,53500000.0,0.0,5982295295.96,0.0,0.0,-0.017198226151459415,-8923826.5,1161577.499999946
2020-11-24,113.2267,53575000.0,75000.0,6066123056.13,8492002.5,0.0013999060720369949,0.3175982266331424,-5547286.0,1586177.624999946
2020-11-25,113.2046,53575000.0,0.0,6064934455.86,0.0,0.0,0.002219400439429506,-5547286.0,-1491559.875000054
2020-11-26,113.1773,53575000.0,0.0,6063471885.92,0.0,0.0,-0.0003985361892758847,1698400.5,-997524.875000054
2020-11-27,113.5958,53775000.0,200000.0,6108616056.7,22719160.0,0.0037191992079910418,0.8231917831650188,6242232.5,-2569016.1250000536
2020-11-30,113.216,53775000.0,0.0,6088190343.37,0.0,0.0,-0.009068314658779494,6242232.5,-2820081.3750000536
2020-12-01,113.9908,53775000.0,0.0,6129854537.3,0.0,0.0,-0.009068314658779494,4543832.0,-4364884.875000054
2020-12-02,113.4016,53800000.0,25000.0,6101006610.14,2835040.0,0.0004646839744917018,0.09394336242326015,5110840.0,-4223132.875000054
2020-12-03,112.8865,53800000.0,0.0,6073291587.41,0.0,0.0,-0.007326207824404175,5110840.0,-1814111.8750000536
2020-12-04,113.2789,54425000.0,625000.0,6165203762.07,70799312.5,0.011483693845704909,2.47189750087198,14726870.5,1725853.7499999464
2020-12-07,113.0395,54650000.0,225000.0,6177606899.24,25433887.5,0.00411711005812445,0.8548280382978224,19813648.0,2997548.1249999464
2020-12-08,113.103,54650000.0,0.0,6181077047.03,0.0,0.0,-0.030538873422773605,19813648.0,6081202.874999946
2020-12-09,113.6283,54650000.0,0.0,6209785525.86,0.0,0.0,-0.030538873422773605,19246640.0,6784855.999999946
2020-12-10,113.2487,54625000.0,-25000.0,6186208244.33,-2831217.5,-0.00045766605134816895,-0.1249059973090337,18680396.5,4141452.6249999464
2020-12-11,111.7029,54625000.0,0.0,6101773177.68,0.0,0.0,-0.02465803713394074,4520534.0,4141452.6249999464
2020-12-14,112.6292,54625000.0,0.0,6152370123.8,0.0,0.0,-0.03785738458376088,-566243.5,4141452.6249999464
2020-12-15,113.817,54625000.0,0.0,6217253009.01,0.0,0.0,-0.03959425091104806,-566243.5,4560987.624999946
2020-12-16,115.5459,54700000.0,75000.0,6320360250.91,8665942.5,0.0013711152776065708,0.2552496877383089,1166945.0,4994284.749999946
2020-12-17,116.4084,54375000.0,-325000.0,6329707215.81,-37832730.0,-0.005977011054398133,-1.3546898553336433,-5833357.5,4914069.874999946
2020-12-18,116.095,54400000.0,25000.0,6315570332.81,2902375.0,0.0004595586537801472,0.07052541043459006,-5252882.5,5059188.624999946
2020-12-21,112.8202,54400000.0,0.0,6137417508.16,0.0,0.0,-0.03810487127033626,-5252882.5,5059188.624999946
2020-12-22,114.2833,54550000.0,150000.0,6234156174.78,17142495.0,0.0027497698997899986,0.5696113256913568,-1824383.5,5491713.249999946
2020-12-23,115.723,54550000.0,0.0,6312688951.91,0.0,0.0,-0.042312826464556925,-3557572.0,5491713.249999946
2020-12-28,117.4497,54550000.0,0.0,6406880915.12,0.0,0.0,-0.04406054770357859,4008974.0,5491713.249999946
2020-12-29,117.203,54550000.0,0.0,6393424485.24,0.0,0.0,-0.04406054770357859,3428499.0,4355755.249999946
2020-12-30,116.8397,54800000.0,250000.0,6402816479.76,29209925.0,0.004562043140286115,0.9554535423785074,9270484.0,5816251.499999946
2021-01-04,116.9049,54800000.0,0.0,6406390981.63,0.0,0.0,-0.05228800173315543,5841985.0,5816251.499999946
2021-01-05,116.2611,54800000.0,0.0,6371109404.66,0.0,0.0,-0.05228800173315543,5841985.0,5674499.499999946
2021-01-06,118.3109,54800000.0,0.0,6483435214.64,0.0,0.0,-0.05491695071718473,5841985.0,5674499.499999946
2021-01-07,118.9599,54800000.0,0.0,6519003703.49,0.0,0.0,-0.05491695071718473,5841985.0,2134533.8749999464
2021-01-08,119.6515,54675000.0,-125000.0,6541945414.24,-14956437.5,-0.0022862369758457454,-0.5521356987812607,-2991287.5,115017.62499994636
2021-01-11,118.6888,54725000.0,50000.0,6495245603.46,5934440.0,0.0009136590611506268,0.14955065618041616,-1804399.5,411739.62499994633
2021-01-12,118.5895,54750000.0,25000.0,6492773735.29,2964737.5,0.00045662110230113847,0.047688704343904445,-1211452.0,559976.4999999463
2021-01-13,118.7138,54750000.0,0.0,6499579690.11,0.0,0.0,-0.05324033124417905,-1211452.0,701537.3749999463
2021-01-14,119.1304,54700000.0,-50000.0,6516434759.33,-5956520.0,-0.0009140765188313543,-0.2535330952143121,-2402756.0,403711.37499994633
2021-01-15,117.4184,55000000.0,300000.0,6458011967.89,35225520.0,0.0054545454816661,1.1347431068130973,7633635.5,2164987.3749999464
2021-01-18,117.9331,55225000.0,225000.0,6512853352.61,26534947.5,0.004074243048842214,0.8174348915324705,11753737.0,3491734.7499999464
2021-01-19,117.6491,55125000.0,-100000.0,6485406540.06,-11764910.0,-0.001814058984171431,-0.48579631939236073,8807807.5,2470192.1249999464
2021-01-20,118.5538,55075000.0,-50000.0,6529352603.16,-5927690.0,-0.0009078526402650066,-0.2830701750621588,7622269.5,4065444.1249999464
2021-01-21,118.4282,55075000.0,0.0,6522434697.53,0.0,0.0,-0.07833900531671521,8813573.5,3920325.3749999464
2021-01-22,118.1491,55075000.0,0.0,6507063719.58,0.0,0.0,-0.053126347940094264,1768469.5,3920325.3749999464
2021-01-25,116.1887,55000000.0,-75000.0,6390380703.08,-8714152.5,-0.0013636358935235268,-0.36092065033822646,-5281350.5,2627492.9999999464
2021-01-26,118.1218,54875000.0,-125000.0,6481934353.31,-14765225.0,-0.002277904124786475,-0.561106065377938,-5881413.5,1889231.7499999464
2021-01-27,115.9877,54875000.0,0.0,6364822467.82,0.0,0.0,-0.03312107772525586,-4695875.5,1889231.7499999464
2021-01-28,116.3744,54775000.0,-100000.0,6374409538.42,-11637440.0,-0.00182564987860578,-0.45876893783225264,-7023363.5,1307359.7499999464
2021-01-29,114.3892,54800000.0,25000.0,6268527698.68,2859730.0,0.0004562044131355102,0.07799911062779442,-6451417.5,-10150.000000053644
2021-02-01,115.9985,54800000.0,0.0,6356719065.02,0.0,0.0,-0.029492386245292143,-4708587.0,-10150.000000053644
2021-02-02,117.813,54650000.0,-150000.0,6438480569.33,-17671950.0,-0.002744739198900615,-0.6695492761060062,-5289932.0,-893747.5000000537
2021-02-03,118.6511,54750000.0,100000.0,6496145836.21,11865110.0,0.0018264845493250774,0.4016314783683868,-2916910.0,-300492.00000005367
2021-02-04,119.6838,54200000.0,-550000.0,6486862414.67,-65826090.0,-0.010147600764760279,-2.3420011933406024,-13754640.0,-3591796.5000000536
2021-02-05,119.6545,54150000.0,-50000.0,6479293328.09,-5982725.0,-0.0009233607273285185,-0.2241790816899436,-15523131.0,-3143110.8750000536
2021-02-08,119.6807,53625000.0,-525000.0,6417876865.88,-62832367.5,-0.009790210814738748,-2.1963277154222953,-28089604.5,-6581451.250000054
2021-02-09,119.2711,53475000.0,-150000.0,6378021357.41,-17890665.0,-0.002805049402855101,-0.6183282907262683,-28133347.5,-7624221.375000054
2021-02-10,118.598,53475000.0,0.0,6342027886.93,0.0,0.0,0.011814550929224737,-30506369.5,-7624221.375000054
2021-02-11,119.5173,53475000.0,0.0,6391186821.16,0.0,0.0,0.013557157891359124,-17341151.5,-7326395.375000054
2021-02-12,119.5922,53475000.0,0.0,6395193689.38,0.0,0.0,0.013557157891359124,-16144606.5,-9087671.375000054
2021-02-15,120.0994,53475000.0,0.0,6422313779.65,0.0,0.0,-0.014481735970441778,-3578133.0,-10414418.750000054
2021-02-16,119.7175,53350000.0,-125000.0,6386929781.64,-14964687.5,-0.0023430173826269078,-0.5612017257918576,-2992937.5,-10574407.625000054
2021-02-17,118.394,53275000.0,-75000.0,6307440492.43,-8879550.0,-0.001407789738271327,-0.34935955972633986,-4768847.5,-10722000.625000054
2021-02-18,118.2039,53125000.0,-150000.0,6279584277.04,-17730585.0,-0.0028235284722315478,-0.677239389196623,-8314964.5,-11608529.875000054
2021-02-19,119.107,53500000.0,375000.0,6372224052.85,44665125.0,0.00700934628625046,1.6114886223549554,618060.5,-9375273.625000054
2021-02-22,118.7381,53350000.0,-150000.0,6334679503.08,-17810715.0,-0.002811620539182797,-0.6738331886136608,-2944082.5,-9830101.750000054
2021-02-23,118.0128,53300000.0,-50000.0,6290083972.98,-5900640.0,-0.0009380860454879594,-0.23553903022875788,-1131273.0,-9386872.500000054
2021-02-24,118.9585,53300000.0,0.0,6340487613.55,0.0,0.0,-0.017073791752772693,644637.0,-9386872.500000054
2021-02-25,118.1352,53300000.0,0.0,6296604368.22,0.0,0.0,-0.017073791752772693,4190754.0,-8805000.500000054
2021-02-26,117.3386,53250000.0,-50000.0,6248282789.34,-5866930.0,-0.0009389667846035051,-0.22877196437210096,-5915657.0,-9241333.500000054
2021-03-01,119.2645,53275000.0,25000.0,6353818696.61,2981612.5,0.0004692630750686673,0.09876920825559825,-1757191.5,-9092252.875000054
2021-03-02,119.4945,53275000.0,0.0,6366067603.38,0.0,0.0,-0.010677824290881785,-577063.5,-8208655.375000054
2021-03-03,119.8348,53300000.0,25000.0,6387194303.14,2995870.0,0.0004690431913942565,0.09780237643284555,22110.5,-8652117.375000054
2021-03-04,119.634,53200000.0,-100000.0,6364531054.09,-11963400.0,-0.0018796985823978393,-0.46051470265854705,-2370569.5,-5958982.875000054
2021-03-05,118.4804,53200000.0,0.0,6303155998.55,0.0,0.0,-0.019144565246392492,-1197183.5,-5659846.625000054
2021-03-08,122.395,53500000.0,300000.0,6548131586.34,36718500.0,0.005607477417924548,1.2776418549834692,5550194.0,-682303.2500000537
2021-03-09,122.8794,53500000.0,0.0,6574045928.01,0.0,0.0,-0.03649221733003812,5550194.0,212229.99999994636
2021-03-10,123.7501,54675000.0,1175000.0,6766039293.68,145406367.5,0.021490618246308546,4.501937715187004,34032293.5,7482548.374999946
2021-03-11,123.9965,54575000.0,-100000.0,6767106499.08,-12399650.0,-0.001832341489185334,-0.4576026611303721,33945043.5,6862565.874999946
2021-03-12,123.4262,54575000.0,0.0,6735986346.82,0.0,0.0,-0.06801334141898585,33945043.5,6862565.874999946
2021-03-15,123.0761,54500000.0,-75000.0,6707646811.39,-9230707.5,-0.0013761469200086216,-0.3533636079819452,24755202.0,6401030.499999946
2021-03-16,123.894,54500000.0,0.0,6752223279.01,0.0,0.0,-0.05158224482393405,24755202.0,7149264.874999946
2021-03-17,124.2256,54500000.0,0.0,6770294375.98,0.0,0.0,-0.05158224482393405,-4326071.5,7593242.374999946
2021-03-18,125.7457,53850000.0,-650000.0,6771405839.15,-81734705.0,-0.01207056657680113,-2.5730597874563865,-18193082.5,4393036.374999946
2021-03-19,124.4313,54600000.0,750000.0,6793949458.19,93323475.0,0.013736262769441126,2.784421155625229,471612.5,6825953.874999946
2021-03-22,124.7368,54600000.0,0.0,6810626884.58,0.0,0.0,-0.033966196197220654,2317754.0,7716489.624999946
2021-03-23,124.7774,54225000.0,-375000.0,6766055949.68,-46791525.0,-0.006915627855872667,-1.4285723567738156,-7040551.0,5671945.374999946
2021-03-24,124.3376,54225000.0,0.0,6742206325.13,0.0,0.0,-0.02274395122744148,-7040551.0,5671945.374999946
2021-03-25,124.4307,54125000.0,-100000.0,6734809665.2,-12443070.0,-0.001847575598802091,-0.3951649846741077,6817776.0,5049791.874999946
2021-03-26,125.5159,54125000.0,0.0,6793547006.52,0.0,0.0,-0.02440490148821702,-11846919.0,5343138.374999946
2021-03-29,126.0995,54175000.0,50000.0,6831439576.86,6304975.0,0.0009229350459830923,0.16189999194332536,-10585924.0,5509306.499999946
2021-03-30,127.7234,54375000.0,200000.0,6944961847.69,25544680.0,0.0036781598747726097,0.7157514825720269,3881317.0,6786540.499999946
2021-03-31,127.7206,54375000.0,0.0,6944806835.8,0.0,0.0,-0.031343794130009955,3881317.0,6636746.999999946
2021-04-01,128.5423,54325000.0,-50000.0,6983061247.32,-6427115.000000001,-0.0009203864569377273,-0.19661315020103395,5084508.0,6913561.249999946
2021-04-06,129.4373,54325000.0,0.0,7031679936.92,0.0,0.0,0.0030851808939549147,5084508.0,6913561.249999946
2021-04-07,129.1275,54325000.0,0.0,7014851807.63,0.0,0.0,0.003939292314593339,3823513.0,5077636.249999946
2021-04-08,129.3515,54275000.0,-50000.0,7020553211.4,-6467574.999999999,-0.0009212343821421263,-0.21471553000165808,-2578938.0,4754257.499999946
2021-04-09,129.6185,54275000.0,0.0,7035045263.19,0.0,0.0,-0.007320972933561737,-2578938.0,-2516060.8750000536
2021-04-12,129.4533,54275000.0,0.0,7026080385.61,0.0,0.0,-0.007320972933561737,-1293514.9999999998,-1896078.3750000536
2021-04-13,129.6177,54275000.0,0.0,7034999411.33,0.0,0.0,-0.031194371440175724,-1293514.9999999998,-1896078.3750000536
2021-04-14,129.4026,54275000.0,0.0,7023326968.7,0.0,0.0,-0.0516841938684298,-1293514.9999999998,-1434543.0000000536
2021-04-15,129.795,54275000.0,0.0,7044626174.25,0.0,0.0,-0.0516841938684298,0.0,-1434543.0000000536
2021-04-16,131.5332,54275000.0,0.0,7138964728.49,0.0,0.0,-0.052629945266471585,0.0,-1434543.0000000536
2021-04-19,130.7455,54750000.0,475000.0,7158317395.82,62104112.5,0.008675797546538638,1.996337869768316,12420822.5,5757397.874999946
2021-04-20,128.7133,54450000.0,-300000.0,7008439604.06,-38613990.0,-0.005509641543836784,-1.3388259616631848,4698024.5,-839475.3750000537
2021-04-21,129.2781,54450000.0,0.0,7039193830.3,0.0,0.0,-0.04515803295731324,4698024.5,-839475.3750000537
2021-04-22,130.3363,54400000.0,-50000.0,7090294084.37,-6516815.0,-0.0009191177294557937,-0.2439296498241392,3394661.5,1174260.1249999464
2021-04-23,129.9877,54400000.0,0.0,7071329816.38,0.0,0.0,-0.025057140949992555,3394661.5,1174260.1249999464
2021-04-26,130.1248,54400000.0,0.0,7078786435.31,0.0,0.0,-0.004680727420723812,-9026161.0,1796413.6249999464
2021-04-27,129.7236,54225000.0,-175000.0,7034261091.8,-22701630.0,-0.0032272941967513564,-0.797071944663003,-5843689.0,661332.1249999463
2021-04-28,130.0542,54125000.0,-100000.0,7039184819.28,-13005420.0,-0.0018475747311505104,-0.4426082884550294,-8444773.0,-304187.62500005367
2021-04-29,128.8497,53825000.0,-300000.0,6935334444.88,-38654910.00000001,-0.005573618735652602,-1.3518270372942118,-14872392.0,-3514167.1250000536
2021-04-30,128.6424,53800000.0,-25000.0,6920961393.83,-3216060.0,-0.00046468399648452025,-0.10267806982106882,-15515604.0,-3674970.1250000536
2021-05-03,129.4963,53750000.0,-50000.0,6960426041.25,-6474815.0,-0.0009302325693323808,-0.21821661449482277,-16810567.0,-3677355.1250000536
2021-05-04,126.2648,53750000.0,0.0,6786731686.23,0.0,0.0,0.01659704555359024,-12270241.000000002,-3677355.1250000536
2021-05-05,128.9344,53750000.0,0.0,6930225408.28,0.0,0.0,-0.005144446887416327,-9669157.000000002,-3677355.1250000536
2021-05-06,129.0859,53750000.0,0.0,6938367980.7,0.0,0.0,-0.010224420998927525,-1938175.0,-3353976.375000054
2021-05-07,130.7831,53725000.0,-25000.0,7026319518.81,-3269577.4999999995,-0.00046533288035750266,-0.11449409874431876,-1948878.5,-3517455.2500000536
2021-05-10,130.7865,53675000.0,-50000.0,7019965987.55,-6539324.999999999,-0.0009315322911247115,-0.23617295837611502,-1961780.4999999995,-3844421.5000000536
2021-05-11,128.4044,53675000.0,0.0,6892103864.82,0.0,0.0,0.011130481376304308,-1961780.4999999995,-3844421.5000000536
2021-05-12,128.6583,53675000.0,0.0,6905731632.19,0.0,0.0,0.008052194131367575,-1961780.4999999995,-3844421.5000000536
2021-05-13,129.0274,53675000.0,0.0,6925543978.52,0.0,0.0,0.008052194131367573,-1961780.4999999995,-3844421.5000000536
2021-05-14,130.8703,53800000.0,125000.0,7040824056.47,16358787.499999998,0.0023234194419284593,0.6123818430212544,1963892.5,-3026482.125000054
2021-05-17,130.6985,53800000.0,0.0,7031577796.6,0.0,0.0,-0.010637623247162078,3271757.4999999995,-6131687.750000054
2021-05-18,130.6123,53800000.0,0.0,7026941235.5,0.0,0.0,-0.010637623247162078,3271757.4999999995,-4200988.250000054
2021-05-19,128.2942,53800000.0,0.0,6902228735.46,0.0,0.0,-0.007513678587561424,3271757.4999999995,-4200988.250000054
2021-05-20,130.4486,53800000.0,0.0,7018136182.06,0.0,0.0,-0.007513678587561424,3271757.4999999995,-3875147.5000000536
2021-05-21,131.0146,53950000.0,150000.0,7068239797.46,19652190.0,0.002780351341088073,0.730577427924643,3930438.0,-2892538.0000000536
2021-05-25,131.2434,53850000.0,-100000.0,7067459288.19,-13124340.0,-0.0018570096359707773,-0.4998837384705999,1305570.0,-3548755.0000000536
2021-05-26,131.1211,53750000.0,-100000.0,7047759753.89,-13112110.000000002,-0.001860464950264911,-0.49613038590929176,-1316852.0000000005,-3069279.000000054
2021-05-27,130.749,53700000.0,-50000.0,7021221053.23,-6537450.0,-0.0009310987291865069,-0.24470610056971262,-2624342.0000000005,-2745880.500000054
2021-05-28,131.7103,53625000.0,-75000.0,7062965574.68,-9878272.5,-0.0013986012526257501,-0.3657258069874324,-4599996.5,-1307048.6250000536
2021-05-31,130.8709,53625000.0,0.0,7017951118.64,0.0,0.0,0.009135483162211253,-8530434.5,-1146245.6250000536
2021-06-01,132.1116,53700000.0,75000.0,7094392278.64,9908370.0,0.0013966481709550237,0.4231404022161307,-3923892.5,-327086.3750000537
2021-06-02,132.4107,53700000.0,0.0,7110455813.18,0.0,0.0,0.042840371650834416,-1301470.5,-327086.3750000537
2021-06-03,132.6633,53850000.0,150000.0,7143919689.59,19899495.0,0.002785514936428696,0.8167584175286863,3985918.5,667888.3749999462
2021-06-04,133.1732,53450000.0,-400000.0,7118108366.67,-53269280.0,-0.007483628691216524,-2.0081312002851197,-4692283.0,-1995575.6250000536
2021-06-07,133.0363,53465371.0,15371.0,7112835847.1,2044900.9673000001,0.0002874944693309257,0.13022096763108001,-4283302.806539999,-1729851.7016350538
2021-06-08,132.7257,53940371.0,475000.0,7159275371.46,63044707.49999999,0.008806017959767792,2.395370851354484,6343964.693459999,1749349.923364946
2021-06-09,132.2216,53915371.0,-25000.0,7128774789.39,-3305540.0,-0.00046368977806954265,-0.09341972653076433,5682856.693459999,1584072.923364946
2021-06-10,132.1372,53915371.0,0.0,7124223469.52,0.0,0.0,0.03112262291639051,1702957.6934599988,1584072.923364946
2021-06-11,133.1724,53990371.0,75000.0,7190027365.86,9987930.0,0.0013891365765066658,0.40418361062662056,14354399.693459999,2083469.423364946
2021-06-14,133.0038,54015371.0,25000.0,7184247610.24,3325095.0000000005,0.00046283134719084674,0.1424696089280122,14610438.5,1431784.798364946
2021-06-15,133.4769,54115371.0,100000.0,7223152453.77,13347690.0,0.0018479036799276475,0.5147410498764952,4671035.000000002,2099169.2983649457
2021-06-16,133.3149,54190371.0,75000.0,7224386069.3,9998617.5,0.0013840092990723579,0.38558802235870404,7331866.500000002,2599100.1733649457
2021-06-17,133.4591,54590371.0,400000.0,7285584501.37,53383640.0,0.0073272967995857575,1.9579567384485117,18008594.5,5268282.173364947
2021-06-18,131.0871,54515371.0,-75000.0,7146261560.73,-9831532.5,-0.0013757588378832998,-0.3640973094898139,14044702.0,4776705.548364947
2021-06-21,132.4017,54515371.0,0.0,7217926231.62,0.0,0.0,0.003277658455914909,13379683.000000002,3794096.048364946
2021-06-22,132.6821,54315371.0,-200000.0,7206675664.15,-26536420.0,-0.0036821998431269586,-0.9679371472994636,5402861.000000002,3123492.0483649457
2021-06-23,131.1552,54365371.0,50000.0,7130303587.94,6557760.0,0.0009197027755019598,0.26572982250890026,4714689.500000002,4106985.548364946
2021-06-24,132.2812,54465371.0,100000.0,7204744958.58,13228120.000000002,0.0018360289054016928,0.5062935277792762,-3316414.499999998,5095264.048364947
2021-06-25,132.4396,54565371.0,100000.0,7226616328.42,13243960.000000002,0.0018326640571626432,0.5007792403881937,1298684.0000000023,6251375.673364947
2021-06-28,131.9817,54715371.0,150000.0,7221428314.16,19797255.0,0.002741459741583383,0.7356575802093441,5258135.000000002,7241238.423364947
2021-06-29,133.1383,54415371.0,-300000.0,7244770733.08,-39941489.99999999,-0.0055131475475994115,-1.4384495104350836,2577121.0000000047,4748745.423364947
2021-06-30,131.7842,53715371.0,-700000.0,7078839027.37,-92248940.0,-0.013031648218489471,-3.2492576828429507,-17184218.999999996,136298.423364947
2021-07-01,132.4007,53815371.0,100000.0,7125192083.21,13240070.0,0.0018582053431512769,0.5057390792859829,-17181828.999999996,-196672.82663505338
2021-07-02,132.7927,53815371.0,0.0,7146288770.77,0.0,0.0,0.038157707252978776,-19830620.999999996,2466791.1733649466
2021-07-05,132.8917,53815371.0,0.0,7151615269.74,0.0,0.0,0.038157707252978776,-23790071.999999996,2364546.124999947
2021-07-06,131.6132,53715371.0,-100000.0,7069652804.89,-13161320.0,-0.0018616642660155053,-0.42904308018820003,-18434038.0,-1445755.2500000529
2021-07-07,133.1512,53690371.0,-25000.0,7148937324.53,-3328779.9999999995,-0.00046563284148233136,-0.06534466731917422,-650005.9999999999,-1446917.2500000529
2021-07-08,130.8424,53690371.0,0.0,7024974757.25,0.0,0.0,0.06194814117254491,-3298020.0,-1446917.2500000529
2021-07-09,133.1094,53715371.0,25000.0,7150018323.68,3327735.0,0.00046541628977074675,0.17608647274057498,-2632473.0,-1779927.0000000529
2021-07-12,133.9781,53565371.0,-150000.0,7176588641.86,-20096715.0,-0.00280031586076688,-0.6534956902812081,-6651816.0,-2951017.500000053
2021-07-13,133.9701,53490371.0,-75000.0,7166108809.39,-10047757.5,-0.0014021218163522825,-0.2936372175993703,-6029103.5,-4120789.875000053
2021-07-14,133.9639,53490371.0,0.0,7165780970.61,0.0,0.0,0.06401425324187343,-5363347.5,-4620720.750000053
2021-07-15,132.6116,53715371.0,225000.0,7123282701.5,29837610.000000004,0.004188744326224325,1.115131900281145,604174.5000000007,-5798022.250000054
2021-07-16,131.8529,54065371.0,350000.0,7128677374.71,46148515.0,0.006473643366680956,1.6588537061404494,9168330.5,-2999019.875000053
2021-07-19,128.3975,54065371.0,0.0,6941858307.7,0.0,0.0,0.033089512843033075,13187673.5,-2999019.875000053
2021-07-20,129.1021,54165371.0,100000.0,6992861534.45,12910210.0,0.001846198431986457,0.4889311884953847,17779267.0,-1026688.3750000529
2021-07-21,130.8507,54465371.0,300000.0,7126834622.43,39255210.0,0.005508084876342388,1.386449778589541,25630309.0,608184.1249999471
2021-07-22,131.631,54465371.0,0.0,7169330761.34,0.0,0.0,0.014708795129627463,19662787.0,-53221.87500005299
2021-07-23,132.9278,54490371.0,25000.0,7243282472.91,3323194.9999999995,0.0004587968248413348,0.12254445373777756,11097723.0,-549260.1250000531
2021-07-26,132.4993,54390371.0,-100000.0,7206684665.75,-13249930.0,-0.0018385610880091254,-0.4430588958634426,8447737.0,-2201619.375000053
2021-07-27,131.6524,54390371.0,0.0,7160624821.79,0.0,0.0,-0.005554594437863483,5865695.0,-204544.87500005346
2021-07-28,132.0861,54386528.0,-3843.0,7183706619.15,-507606.88229999994,-7.066085924874e-05,-0.025507632457862056,-2086868.3764600002,4382521.780884946
2021-07-29,132.6798,53786528.0,-600000.0,7136387424.38,-79607880.0,-0.011155207146971316,-2.843970390606659,-18008444.37646,-259875.71911505386
2021-07-30,131.8645,53686528.0,-100000.0,7079347055.27,-13186450.0,-0.001862664719931163,-0.4811456640419529,-21310373.37646,-919198.2191150539
2021-08-02,132.0695,53686528.0,0.0,7090350735.48,0.0,0.0,-0.0064325495908274626,-18660387.37646,-919198.2191150539
2021-08-03,131.953,53511528.0,-175000.0,7061008747.05,-23091775.0,-0.00327032238979274,-0.8305138122033211,-23278742.37646,-1415720.9691150538
2021-08-04,133.1149,53486528.0,-25000.0,7119851705.81,-3327872.5,-0.00046740755812152125,-0.11726536179976343,-23842795.5,-1415675.5941150538
2021-08-05,133.5599,53111528.0,-375000.0,7093571782.91,-50084962.5,-0.007060612626866746,-1.7542914314532712,-17938212.0,-3919923.719115054
2021-08-06,133.7016,53061528.0,-50000.0,7094409814.74,-6685080.000000001,-0.0009423024852765712,-0.2232458688836297,-16637938.0,-4420564.469115054
2021-08-09,133.5639,52261528.0,-800000.0,6980253215.71,-106851119.99999999,-0.015307628061331235,-3.589002168195918,-38008162.0,-8758284.719115052
2021-08-10,133.7779,52261528.0,0.0,6991438718.22,0.0,0.0,0.03452279676217419,-33389807.0,-8255896.844115053
2021-08-11,134.2471,52536528.0,275000.0,7052878039.92,36917952.5,0.005234452133021537,1.2878858710519454,-25340641.999999996,-6409999.219115053
2021-08-12,135.1915,52586528.0,50000.0,7109254133.55,6759574.999999999,0.0009508135274135447,0.2581108424998517,-13971734.499999996,-7563900.969115053
2021-08-13,135.5297,52461528.0,-125000.0,7110093975.94,-16941212.5,-0.0023826988162642766,-0.5354010750898336,-16022960.999999996,-10718387.344115052
2021-08-16,135.0896,52436528.0,-25000.0,7083630448.47,-3377239.9999999995,-0.00047676682522723257,-0.07927309661893034,4671815.0,-10887249.344115052
2021-08-17,135.0574,52436528.0,0.0,7081940929.91,0.0,0.0,0.03458655074264985,4671815.0,-11532759.844115052
2021-08-18,135.4306,52136528.0,-300000.0,7060880100.92,-40629180.0,-0.005754124049593507,-1.3203493987205137,-10837611.5,-15526979.344115054
2021-08-19,133.7322,52136528.0,0.0,6972331341.32,0.0,0.0,0.04477987746027214,-12189526.5,-15526979.344115054
2021-08-20,134.0901,52011528.0,-125000.0,6974233501.91,-16761262.5,-0.002403312492392128,-0.5197149710450881,-12153536.5,-16531202.219115052
2021-08-23,134.4682,52011528.0,0.0,6993894333.42,0.0,0.0,0.05040288358850991,-11478088.5,-15868705.719115054
2021-08-24,134.917,52136528.0,125000.0,7034103398.22,16864625.0,0.002397551478169576,0.6092816632186261,-8105163.5,-15025474.469115054
2021-08-25,134.533,52236528.0,100000.0,7027535068.18,13453299.999999998,0.0019143696715104618,0.4906681193530684,2711332.4999999995,-14327429.125000054
2021-08-26,133.9637,52211528.0,-25000.0,6994447186.23,-3349092.4999999995,-0.0004788216153227053,-0.06359788703279794,2041513.9999999995,-10514489.750000054
2021-08-27,134.4558,52161528.0,-50000.0,7013421934.18,-6722790.000000001,-0.0009585606089427471,-0.17598670496582963,4049208.5,-10191306.750000054
2021-08-30,134.7559,52161528.0,0.0,7029075877.42,0.0,0.0,0.10809912608844743,4049208.5,-10191306.750000054
2021-08-31,134.3123,52136528.0,-25000.0,7002575914.75,-3357807.5,-0.0004795103317519518,-0.024883436534958416,4722.0,-9204608.375000054
2021-09-01,134.22,51836528.0,-300000.0,6957497619.65,-40266000.0,-0.0057874256235858545,-1.4380820994147478,-10739138.0,-11051514.750000054
2021-09-02,134.3571,51836528.0,0.0,6964607901.59,0.0,0.0,0.11409461022725637,-10069319.5,-8547266.625000054
2021-09-03,133.853,51832685.0,-3843.0,6937962326.65,-514397.079,-7.414238572961192e-05,0.09433402008392155,-8827640.915800001,-8238732.478950052
2021-09-06,135.1316,51832685.0,0.0,7004234074.61,0.0,0.0,0.11426267358143616,-8827640.915800001,-2896176.478950054
2021-09-07,134.3759,51832685.0,0.0,6965061104.79,0.0,0.0,0.09108591193622124,-8156079.415800001,-2896176.478950054
2021-09-08,132.4012,51657685.0,-175000.0,6839536911.31,-23170209.999999996,-0.003387686958993562,-0.8769790779061373,-4736921.4158,-5900584.603950053
2021-09-09,132.5098,51832685.0,175000.0,6868338356.6,23189215.000000004,0.0033762481980400346,1.1394661918984956,-99078.41579999849,-5079102.6039500525
2021-09-10,132.3957,51482685.0,-350000.0,6816087873.9,-46338495.0,-0.006798400469195571,-1.900607320892746,-9263897.999999998,-6548966.728950053
2021-09-13,133.1712,51482685.0,0.0,6856009732.31,0.0,0.0,0.1309149212762132,-9263897.999999998,-6380104.728950053
2021-09-14,133.3535,51532685.0,50000.0,6872062519.55,6667675.0,0.0009702581984711943,0.41384473460133125,-7930362.999999998,-6046720.978950053
2021-09-15,132.4456,51532685.0,0.0,6825275396.01,0.0,0.0,0.12390118391810832,-3296320.999999999,-4015261.9789500535
2021-09-16,132.749,51532685.0,0.0,6840913656.54,0.0,0.0,0.12627651367390152,-7934164.0,-4015261.9789500535
2021-09-17,131.3852,51432685.0,-100000.0,6757495472.11,-13138520.0,-0.001944288391198515,-0.4435487089465179,-1294169.0,-3834124.8539500535
2021-09-20,128.3457,51432685.0,0.0,6601164643.24,0.0,0.0,0.14107086554808684,-1294169.0,-3834124.8539500535
2021-09-21,130.1815,51457685.0,25000.0,6698838048.62,3254537.5,0.00048583612208246384,0.28355668856075783,-1976796.5,-4514629.228950053
2021-09-22,131.5248,51457685.0,0.0,6767961448.3,0.0,0.0,0.13751113352278016,-1976796.5,-5187294.228950053
2021-09-23,132.6828,51457685.0,0.0,6827548026.86,0.0,0.0,0.13751113352278016,-1976796.5,-5019839.603950053
2021-09-24,131.7302,51457685.0,0.0,6778533069.49,0.0,0.0,0.13520405360981533,650907.5,-4683700.103950053
2021-09-27,132.0861,51657685.0,200000.0,6823260944.62,26417219.999999996,0.0038716414650431076,1.2804629371600236,5934351.499999999,-3362839.1039500535
2021-09-28,129.3264,52082685.0,425000.0,6735665632.65,54963720.0,0.008160102207801508,2.473833954719328,16276188.0,-446762.72895005345
2021-09-29,130.3154,52132685.0,50000.0,6793691624.49,6515770.000000001,0.0009590912217021828,0.3778868968046686,17579342.0,1892325.7710499465
2021-09-30,129.4286,52132685.0,0.0,6747461492.81,0.0,0.0,0.09922532997967118,17579342.0,1892325.7710499465
2021-10-01,128.5435,52132685.0,0.0,6701315412.0,0.0,0.0,0.09922532997967118,17579342.0,1918045.6249999467
2021-10-04,127.5251,52132685.0,0.0,6648224710.83,0.0,0.0,0.09922532997967118,12295898.0,1918045.6249999467
2021-10-05,128.8635,52107685.0,-25000.0,6714776372.64,-3221587.4999999995,-0.000479775843783371,-0.018552224041181346,658836.5000000002,1756966.2499999467
2021-10-06,126.9871,52007685.0,-100000.0,6604306974.73,-12698710.0,-0.0019227922094761736,-0.46368733596316764,-3184059.5,2280541.2499999464
2021-10-07,129.3406,52382685.0,375000.0,6775205798.44,48502725.0,0.007158856342218832,2.214498946544112,6516485.5,3546216.7499999464
2021-10-08,128.9605,52407685.0,25000.0,6758520883.78,3224012.5,0.00047702930203817454,0.23471861649191839,7161288.0,6024342.124999946
2021-10-11,128.8996,52407685.0,0.0,6755329689.63,0.0,0.0,0.09364014892158969,7161288.0,6024342.124999946
2021-10-12,128.4559,52407685.0,0.0,6732077634.03,0.0,0.0,0.09364014892158969,7805605.5,5690958.374999946
2021-10-13,129.3247,52082685.0,-325000.0,6735579720.11,-42030527.5,-0.006240075724218968,-1.7276299536477968,1939242.0,3589431.9999999464
2021-10-14,131.1334,52082685.0,0.0,6829781458.08,0.0,0.0,0.09565925860429994,-7761303.0,3589431.9999999464
2021-10-15,132.1902,52082685.0,0.0,6884820334.77,0.0,0.0,0.08287683819205036,-8406105.5,4246357.999999946
2021-10-18,131.2317,52081160.0,-1525.0,6834698229.94,-200128.34249999997,-2.928122585183353e-05,0.07313138511965417,-8446131.1685,4236351.582874946
2021-10-19,131.5818,52306160.0,225000.0,6882539993.89,29605904.999999996,0.004301595780959172,1.3326777397107439,-2524950.168500001,5553919.957874946
2021-10-20,131.6417,52306160.0,0.0,6885673891.71,0.0,0.0,0.06838246283007154,5881155.331499999,5553919.957874946
2021-10-21,131.2139,52306160.0,0.0,6863296066.68,0.0,0.0,0.06838246283007154,5881155.331499999,5553919.957874946
2021-10-22,131.8104,52306160.0,0.0,6894494105.88,0.0,0.0,0.06838246283007154,5881155.331499999,5553919.957874946
2021-10-25,132.2856,52281160.0,-25000.0,6916044978.14,-3307139.9999999995,-0.00047818370332366187,-0.07213034749585116,5259752.999999999,4067701.9578749463
2021-10-26,133.6233,52231160.0,-50000.0,6979298210.76,-6681165.0,-0.0009572832107531431,-0.21287774430486614,-1997661.0,985457.7078749461
2021-10-27,133.1877,51556160.0,-675000.0,6866648009.43,-89901697.5,-0.013092515791771701,-3.542654738048758,-19978000.5,-3835415.6671250537
2021-10-28,133.1063,51556160.0,0.0,6862447599.21,0.0,0.0,0.09504781538090912,-19978000.5,-3835415.6671250537
2021-10-29,133.0447,51556160.0,0.0,6859271976.73,0.0,0.0,0.09504781538090912,-19978000.5,-3835415.6671250537
2021-11-01,134.0395,51506160.0,-50000.0,6903857529.9,-6701975.0,-0.0009707580104274076,-0.16741576792994378,-20656967.5,-4170514.4171250537
2021-11-02,135.2948,51331160.0,-175000.0,6944839456.91,-23676590.0,-0.0034092350365914053,-0.8360752935652277,-24056052.5,-5193264.542125054
2021-11-03,135.3412,51281160.0,-50000.0,6940455330.46,-6767059.999999999,-0.00097501672120862,-0.15795660227080766,-7429125.0,-4896682.042125054
2021-11-04,135.9316,51175441.0,-105719.0,6956357912.07,-14370552.8204,-0.002065815618179393,-0.45564141457044255,-10303235.56408,-8040345.933145054
2021-11-05,136.1401,51175441.0,0.0,6967031664.57,0.0,0.0,0.11742195980182481,-10303235.56408,-8201546.558145054
2021-11-08,136.0719,51175441.0,0.0,6963538965.72,0.0,0.0,0.12425767562020038,-8962840.56408,-8201546.558145054
2021-11-09,136.0203,51150441.0,-25000.0,6957498062.63,-3400507.5,-0.0004887543581599757,-0.014954490982563694,-4907624.06408,-8371571.933145054
2021-11-10,136.2518,51100441.0,-50000.0,6962526553.68,-6812590.0,-0.000978465209069723,-0.15347282755991914,-4916730.06408,-6610675.058145054
2021-11-11,136.381,50825441.0,-275000.0,6931622687.35,-37504775.0,-0.005410677512560669,-1.3672948086266985,-9543574.5,-8485913.808145054
2021-11-12,136.4737,50850441.0,25000.0,6939746250.38,3411842.5,0.0004916379327000865,0.2601309424299273,-8861206.0,-8315321.683145054
2021-11-15,136.9345,50850441.0,0.0,6963180788.64,0.0,0.0,0.1242110232459448,-8861206.0,-8305315.266020054
2021-11-16,137.7757,50750441.0,-100000.0,6992176429.48,-13777570.0,-0.0019704265387114413,-0.4129402049968474,-10936618.5,-10474489.016020054
2021-11-17,137.8029,50675441.0,-75000.0,6983222304.15,-10335217.5,-0.0014800069437654838,-0.273827510623294,-11641144.0,-10991249.891020054
2021-11-18,137.5529,50775441.0,100000.0,6984310573.38,13755290.0,0.0019694556614402157,0.6828630228830221,-1389131.0,-10303485.391020054
2021-11-19,137.0288,50625441.0,-150000.0,6937145942.99,-20554320.0,-0.0029629360790326435,-0.7032303773488784,-6182363.5,-11331201.391020054
2021-11-22,136.6511,50700441.0,75000.0,6928271426.13,10248832.500000002,0.0014792769898342166,0.5409082982319519,-4132597.0,-10653402.766020054
2021-11-23,135.1357,50724297.0,23856.0,6854662791.72,3223797.2592,0.00047030719922417535,0.28552569565168934,-732323.5481599995,-10158154.653060053
2021-11-24,134.6328,50674297.0,-50000.0,6822424180.9,-6731640.0,-0.000986693266426594,-0.1339943052064247,-11608.048159999587,-5999651.7780600535
2021-11-25,134.9702,50849297.0,175000.0,6863142154.61,23619785.0,0.0034415409834013854,1.1304615585730386,1961290.9518400007,-4818662.5280600535
2021-11-26,129.3499,50499297.0,-350000.0,6532076556.95,-45272465.0,-0.006930792161618344,-1.8057958461892847,-2982338.0481599993,-7082285.7780600535
2021-11-29,129.5422,50149297.0,-350000.0,6496450846.2,-45339770.0,-0.006979160017276327,-1.7782568407847494,-14100058.548159998,-9014175.528060053
2021-11-30,128.005,50349297.0,200000.0,6444961424.33,25601000.0,0.003972250307558886,1.2755210811722208,-9624617.999999998,-6550296.0280600535
2021-12-01,131.1754,50149297.0,-200000.0,6578354982.14,-26235080.0,-0.003988091258563472,-0.926813912941472,-13525306.0,-7523697.0280600535
2021-12-02,129.3881,50199297.0,50000.0,6495192787.7,6469405.0,0.0009960297117356032,0.4823725468512268,-16955382.0,-6481699.1370400535
2021-12-03,128.5969,50399297.0,200000.0,6481192712.48,25719380.0,0.003968309714117202,1.3032398691539049,-2757013.0,-5195730.1370400535
2021-12-06,130.3917,50399297.0,0.0,6571649482.28,0.0,0.0,0.18600172263520443,6310941.0,-5195730.1370400535
2021-12-07,134.0625,48047772.0,-2351525.0,6441402172.71,-315251320.3125,-0.048941412422300094,-8.470320329456614,-61859523.0625,-20788270.777665056
2021-12-08,132.9864,48272772.0,225000.0,6419622371.68,29921940.0,0.004661012481357139,0.9984204748692391,-50628119.0625,-18951544.277665056
2021-12-09,132.5804,48147772.0,-125000.0,6383451366.64,-16572550.0,-0.002596173926632912,-0.27371168888414565,-55236510.0625,-17904933.027665056
2021-12-10,132.4448,48197772.0,50000.0,6383545564.73,6622239.999999999,0.0010373921409112862,0.3682175640024205,-59055938.0625,-17744413.152665056
2021-12-13,132.4356,48097772.0,-100000.0,6369857151.97,-13243560.0,-0.0020790984293743817,-0.17470358831335173,-61704650.0625,-18406591.152665056
2021-12-14,131.0094,48172772.0,75000.0,6311086376.79,9825705.0,0.0015568959785015074,0.45813171447990775,3310755.0,-17226427.402665056
2021-12-15,131.203,48197772.0,25000.0,6323692053.68,3280075.0,0.0005186961939570093,0.2593192378373751,-2017618.0,-16545662.777665054
2021-12-16,132.5564,48197772.0,0.0,6388921899.17,0.0,0.0,0.1686843294291908,1296892.0,-17233427.277665056
2021-12-17,131.6684,47847772.0,-350000.0,6300040535.34,-46083940.0,-0.007314864045952197,-1.1352570193119664,-9244344.0,-18509908.277665056
2021-12-20,129.1916,47847772.0,0.0,6181530924.11,0.0,0.0,0.17873079897920635,-6595632.0,-19022349.902665056
2021-12-21,130.9521,47847772.0,0.0,6265767706.28,0.0,0.0,0.17593899457387804,-8560773.0,-19183539.765625052
2021-12-22,132.1889,47772772.0,-75000.0,6315030834.02,-9914167.5,-0.0015699317644802177,-0.10440977940037935,-11199621.5,-19342666.140625052
2021-12-23,133.5685,47747772.0,-25000.0,6377598792.87,-3339212.5,-0.0005235845979733247,0.08433347467134279,-11867464.0,-20690616.015625052
2021-12-27,134.2353,47697772.0,-50000.0,6402725492.46,-6711765.0,-0.0010482668682116596,-0.007658859857678686,-3993029.0,-18762581.015625052
2021-12-28,135.3234,47647772.0,-50000.0,6447858318.24,-6766170.0,-0.0010493670403488155,-0.01048316682954399,-5346263.0,-16833901.015625052
2021-12-29,134.378,47572772.0,-75000.0,6392736328.72,-10078349.999999998,-0.001576531469743561,-0.10499071495079162,-7361933.0,-18617868.515625052
2021-12-30,134.6541,47572772.0,0.0,6405868262.55,0.0,0.0,0.17842452423340707,-5379099.5,-17306114.515625052
2022-01-03,135.8033,47547772.0,-25000.0,6457142863.65,-3395082.5,-0.000525787112302,0.09129887953244588,-5390273.5,-17799338.890625052
2022-01-04,136.9201,47547772.0,0.0,6510243511.6,0.0,0.0,0.19740754911346145,-4047920.5,-19085307.890625052
2022-01-05,137.9293,47647772.0,100000.0,6572021825.5,13792930.000000002,0.002098734661300464,0.5751028211869916,63899.50000000074,-18395661.390625052
2022-01-06,136.0664,48072772.0,425000.0,6541089169.35,57828219.99999999,0.008840763136354932,1.7670958787934195,13645213.5,258315.62499994636
2022-01-07,135.1819,48072772.0,0.0,6498568441.66,0.0,0.0,0.19048648716553507,13645213.5,-1237781.3750000536
2022-01-10,133.6592,48072772.0,0.0,6425370422.64,0.0,0.0,0.19048648716553507,14324230.0,-409153.87500005367
2022-01-11,135.1292,48047772.0,-25000.0,6492655554.88,-3378230.0,-0.0005203156045234618,0.09811651851316032,13648584.0,-909177.3750000537
2022-01-12,135.7092,48072772.0,25000.0,6523917130.13,3392730.0000000005,0.0005200449258208763,0.28223861694306923,11568543.999999998,-77362.87500005362
2022-01-13,135.8889,48397772.0,325000.0,6576717627.19,44163892.5,0.006715187575853044,1.3787856921813835,8835678.5,1639546.4999999464
2022-01-14,134.6312,48397772.0,0.0,6515847856.49,0.0,0.0,0.17679653101229437,8835678.5,1475542.7499999464
2022-01-17,135.0571,48197772.0,-200000.0,6509451575.28,-27011420.0,-0.004149569235997907,-0.5837419654624908,3433394.5,124971.74999994636
2022-01-18,133.6907,48197772.0,0.0,6443595202.13,0.0,0.0,0.1656752312309291,4109040.5,2429168.7499999464
2022-01-19,134.0052,48197772.0,0.0,6458751522.4,0.0,0.0,0.1656752312309291,3430494.5,2429168.7499999464
2022-01-20,134.874,48022772.0,-175000.0,6477022252.26,-23602950.0,-0.0036441051274394374,-0.49423387687048953,-10122874.0,1249021.2499999464
2022-01-21,132.2588,48022772.0,0.0,6351432090.83,0.0,0.0,0.16547583698269397,-10122874.0,1744729.6249999464
2022-01-24,127.2329,48022772.0,0.0,6110077463.43,0.0,0.0,0.15561790347689924,-4720590.0,1911690.2499999464
2022-01-25,128.188,48347772.0,325000.0,6197604064.4,41661099.99999999,0.006722129966208687,1.3577458665411495,3611629.9999999986,4330333.499999946
2022-01-26,131.0315,48347772.0,0.0,6335082205.16,0.0,0.0,0.12344679994467449,3611629.9999999986,4668641.999999946
2022-01-27,131.5809,48347772.0,0.0,6361642830.67,0.0,0.0,0.12344679994467449,8332219.999999998,5172559.499999946
2022-01-28,129.8404,48196819.0,-150953.0,6257893302.93,-19599797.901199996,-0.003132012156874455,-0.4487671577899403,4412260.419759999,4192569.6049399464
2022-01-31,131.1289,48121819.0,-75000.0,6310162325.9,-9834667.499999998,-0.0015585442960213086,-0.15061745129340415,2445326.9197599995,3870590.3549399464
2022-02-01,132.3842,48171819.0,50000.0,6377186457.65,6619210.0,0.001037951460876555,0.3298101112778024,-4563051.080239999,4201550.854939947
2022-02-02,132.3359,48171819.0,0.0,6374863004.11,0.0,0.0,0.13487860114134587,-4563051.080239999,3511904.3549399464
2022-02-03,130.2561,47696819.0,-475000.0,6212800196.8,-61871647.5,-0.009958737693169009,-1.691777748969246,-16937380.58024,-2473089.020060054
2022-02-04,127.9765,47696819.0,0.0,6104073291.19,0.0,0.0,0.14020458779857567,-13017421.0,-2473089.020060054
2022-02-07,128.8822,47746819.0,50000.0,6153714577.78,6444110.000000001,0.0010471902650910343,0.3326505132582698,-9761665.5,-2150883.520060054
2022-02-08,129.1849,47746819.0,0.0,6168167559.05,0.0,0.0,0.13486381219621518,-11085507.5,-1981972.0200600538
2022-02-09,131.215,47896819.0,150000.0,6284782764.75,19682250.0,0.0031317311571043512,0.7092787241421397,-7149057.5,-1167496.0200600538
2022-02-10,131.2863,47896819.0,0.0,6288194673.6,0.0,0.0,0.13363045678877833,5225272.0,-3375690.6450600536
2022-02-11,130.6871,47671819.0,-225000.0,6230090629.55,-29404597.499999996,-0.004719770425253652,-0.7297518228323762,-655647.4999999993,-4845920.520060053
2022-02-14,128.0491,47746819.0,75000.0,6113936311.85,9603682.5,0.001570785498924186,0.43089130336002723,-23732.999999999254,-3015165.3950600536
2022-02-15,130.5786,47545675.0,-201144.0,6208447197.76,-26265101.918399997,-0.004230542852627693,-0.6357484283355778,-5276753.383679999,-4328420.490980053
2022-02-16,130.2156,47345675.0,-200000.0,6165143513.85,-26043120.0,-0.004224252029412472,-0.6270973885237113,-14421827.383679997,-5630576.490980053
2022-02-17,129.3465,47294150.0,-51525.0,6117334166.18,-6664578.4125,-0.0010894579618268146,-0.04838485912811041,-15754743.066179996,-4783657.911605054
2022-02-18,127.4347,47144150.0,-150000.0,6007799673.22,-19115205.0,-0.0031817314224385287,-0.439218237856533,-13696864.56618,-5739418.161605054
2022-02-21,124.7955,47269150.0,125000.0,5898976980.6,15599437.5,0.002644430983762432,0.632467490327313,-12497713.56618,-4959446.286605054
2022-02-22,124.4725,47269150.0,0.0,5883711565.18,0.0,0.0,0.14439869795636384,-7244693.1825,-7042501.286605053
2022-02-23,123.9506,47294150.0,25000.0,5862137383.23,3098765.0,0.0005286066834367844,0.24108518025366157,-1416316.1825000003,-6887563.036605053
2022-02-24,119.0441,47219150.0,-75000.0,5621161554.5,-8928307.5,-0.0015883385334926866,-0.14702480061733075,-1869062.0000000005,-7333978.411605053
2022-02-25,123.4054,47819150.0,600000.0,5901143141.41,74043240.0,0.012547270626332978,2.379475897749827,16762627.0,-2651826.5165450526
2022-02-28,122.5054,48119150.0,300000.0,5894855904.93,36751620.0,0.0062345238955313215,1.2325054046250314,20993063.5,-322512.1415450532
2022-03-01,117.7938,48119150.0,0.0,5668138100.16,0.0,0.0,0.10426792474002768,20993063.5,-653472.6415450533
2022-03-02,118.5992,47744150.0,-375000.0,5662419031.14,-44474700.0,-0.007854363966251015,-1.2913050893986024,11478370.5,-2877207.641545053
2022-03-03,116.0427,47467434.0,-276716.0,5508247442.31,-32110871.773199998,-0.005829598635411633,-0.9156178185953056,6841857.64536,-1389168.855205053
2022-03-04,110.9295,47467434.0,0.0,5265538918.33,0.0,0.0,0.12500041145772117,-7966790.35464,-1389168.855205053
2022-03-07,108.7246,47517434.0,50000.0,5166313512.93,5436230.0,0.0010522454718232771,0.3111601390807432,-14229868.354640001,-1439562.855205053
2022-03-08,108.6983,47342434.0,-175000.0,5146042030.52,-19022202.5,-0.0036964724320523736,-0.5330871316532796,-18034308.85464,-2390672.980205053
2022-03-09,117.3047,47742434.0,400000.0,5600413682.08,46921880.0,0.008378288223625146,1.5898059063226848,245007.14536000043,-1028691.4802050531
2022-03-10,113.8674,47967434.0,225000.0,5461926929.82,25620165.0,0.004690682487919025,0.9300087861780035,11791214.5,252316.76979494691
2022-03-11,115.4409,48317434.0,350000.0,5577807152.82,40404315.0,0.007243763345165598,1.3574238113537056,19872077.5,3742762.394794947
2022-03-14,117.9891,48302182.0,-15252.0,5699130479.41,-1799569.7532,-0.00031576216050879037,0.03971221728264149,18424917.54936,3172599.782134947
2022-03-15,117.8891,48601038.0,298856.0,5729532195.02,35231864.8696,0.006149169543060227,1.1516339465334589,29275731.023280002,6247448.121534946
2022-03-16,122.3202,48101038.0,-500000.0,5883728508.47,-61160100.0,-0.010394786216249808,-1.680166488057799,7659335.023279999,4491599.121534946
2022-03-17,121.8738,48101038.0,0.0,5862255995.81,0.0,0.0,0.11776157029703055,2535302.0232799994,4824828.042159947
2022-03-18,122.0843,47939599.0,-161439.0,5852670774.14,-19709167.3077,-0.003367550998218603,-0.4596555547779055,-9487394.43826,4795129.926774946
2022-03-21,121.3523,48014599.0,75000.0,5826681632.4,9101422.5,0.0015620250211355962,0.39215937875388096,-7307195.987620001,4470229.176774946
2022-03-22,122.5909,48014599.0,0.0,5886151818.22,0.0,0.0,0.12161754043388727,-14353568.961540002,4470229.176774946
2022-03-23,120.9847,48103160.0,88561.0,5819747636.3,10714526.0167,0.0018410636828767948,0.4375036484904624,21356.241799999774,4851017.227609945
2022-03-24,120.9011,48095534.0,-7626.0,5814804024.44,-921991.7886,-0.00015855939163638336,0.09096341197678726,-163042.11592000021,5251333.013179946
2022-03-25,121.1712,48095534.0,0.0,5827793203.65,0.0,0.0,0.11564733836683387,3778791.34562,1549171.0131799462
2022-03-28,122.1147,47970534.0,-125000.0,5857909618.16,-15264337.5,-0.002605765280618073,-0.3236804964585044,-1094360.6543800004,-1051626.8618200538
2022-03-29,125.5258,48020534.0,50000.0,6027818212.68,6276290.0,0.0010412208494936558,0.3113679611715352,160897.34561999963,-737812.3618200538
2022-03-30,123.7106,47920534.0,-100000.0,5928277695.43,-12371060.0,-0.0020867882099275853,-0.23088660535012123,-4456219.857720001,867369.6381799463
2022-03-31,122.09,47670534.0,-250000.0,5820094410.93,-30522500.0,-0.005244330735027161,-0.7717573184456521,-10376321.5,946788.2268399462
2022-04-01,122.3578,47495534.0,-175000.0,5811448425.99,-21412615.0,-0.0036845573479131906,-0.5056155222532013,-14658844.5,-123842.5231600538
2022-04-04,122.9635,47495534.0,0.0,5840216084.18,0.0,0.0,0.1367986631979085,-11605977.0,-395654.02316005377
2022-04-05,122.1633,47495534.0,0.0,5802212756.05,0.0,0.0,0.1367986631979085,-12861235.0,555456.1018399462
2022-04-06,119.8536,47670534.0,175000.0,5713483527.18,20974380.0,0.0036710318495225117,0.7695964023875191,-6192147.0,-741918.8981600538
2022-04-07,119.2301,47520534.0,-150000.0,5665876232.15,-17884515.0,-0.003156531181976324,-0.4081488561730339,-3664550.0,-2917152.898160054
2022-04-08,120.9698,47420534.0,-100000.0,5736454496.0,-12096980.0,-0.0021087903701554962,-0.2223548718912145,-1801423.0,-5542217.648160053
2022-04-11,120.1987,47420534.0,0.0,5699885799.75,0.0,0.0,0.14532454965259436,-1801423.0,-5452239.160500054
2022-04-12,119.6239,47420534.0,0.0,5672629090.06,0.0,0.0,0.14532454965259436,-1801423.0,-7213832.403980054
2022-04-13,119.2123,47420534.0,0.0,5653109372.68,0.0,0.0,0.1446193009055836,-5996299.0,-4155827.403980054
2022-04-14,119.9521,47420534.0,0.0,5688190865.17,0.0,0.0,0.14321635746755884,-2419396.0,-4155827.403980054
2022-04-19,119.849,47245534.0,-175000.0,5662331237.73,-20973575.0,-0.003704052998568166,-0.5258345761548379,-4194715.0,-4219047.788595053
2022-04-20,121.6144,47245534.0,0.0,5745737673.88,0.0,0.0,0.13201034626078703,-4194715.0,-4674118.913595053
2022-04-21,122.8025,47195534.0,-50000.0,5795729142.69,-6140125.0,-0.0010594223520166359,-0.0545799090045612,-5422740.0,-4981125.163595053
2022-04-22,119.7412,46845534.0,-350000.0,5609341535.83,-41909420.0,-0.007471361786815994,-1.1768378443193215,-13804624.0,-7612322.464430054
2022-04-25,117.891,47045534.0,200000.0,5546244812.98,23578200.0,0.004251200730414823,0.8796132162162277,-9088984.0,-6387312.875000054
2022-04-26,116.4702,47070534.0,25000.0,5482312588.72,2911755.0,0.0005311180186972576,0.22207982966013895,-4311918.0,-6241725.125000054
2022-04-27,116.7874,46970534.0,-100000.0,5485566089.99,-11678740.0,-0.0021289944936241376,-0.2462955069944078,-6647666.0,-6062445.250000054
2022-04-28,118.3605,47070534.0,100000.0,5571292106.65,11836050.0,0.002124471266884798,0.4991568553490339,-3052431.0,-5784457.250000054
2022-04-29,119.3281,46970534.0,-100000.0,5604902722.68,-11932810.0,-0.0021289950228242844,-0.24599936616031756,2942891.0,-5762544.750000054
2022-05-02,117.8373,46720534.0,-250000.0,5505419441.53,-29459325.0,-0.005350968316378274,-0.8034152696102087,-7664614.0,-5709386.000000054
2022-05-03,118.6856,46720534.0,0.0,5545056781.78,0.0,0.0,0.13380665916859494,-8246965.0,-4638755.250000054
2022-05-04,118.1008,46795534.0,75000.0,5526590411.79,8857560.0,0.0016027169267156052,0.4055438997355988,-4139705.0,-4195877.250000054
2022-05-05,117.4561,46795534.0,0.0,5496419821.32,0.0,0.0,0.12455338399030366,-6506915.0,-4195877.250000054
2022-05-06,115.5205,46720534.0,-75000.0,5397177545.86,-8664037.5,-0.0016052904367850384,-0.1553016875986124,-5853160.5,-5677798.125000054
2022-05-09,113.015,46670534.0,-50000.0,5274468674.98,-5650750.0,-0.0010713401383545854,-0.06276472468422231,-1091445.5,-5066109.875000054
2022-05-10,114.3103,46845534.0,175000.0,5354926514.67,20004302.5,0.0037356819827867936,0.7728983006606442,2909415.0,-3461045.7500000536
2022-05-11,116.7881,46770534.0,-75000.0,5462242056.74,-8759107.5,-0.0016035736624289496,-0.1584902689846293,-613918.5,-3899001.1250000536
2022-05-12,116.0075,46220534.0,-550000.0,5361928170.76,-63804124.99999999,-0.011899474026515425,-1.9231687948011362,-13374743.499999998,-7089207.375000054
2022-05-13,118.3904,46317484.0,96950.0,5483545567.62,11477949.28,0.0020931620132376735,0.49479439641569833,-9346346.143999998,-6515309.911000053
2022-05-16,117.8397,46167484.0,-150000.0,5440364161.79,-17675955.0,-0.003249038938265526,-0.4228051250570773,-11751387.143999998,-7399107.661000053
2022-05-17,119.7068,46142484.0,-25000.0,5523569348.59,-2992670.0,-0.0005418000229804189,0.04413304013523708,-16350781.644,-6500062.411000053
2022-05-18,118.199,46142484.0,0.0,5453997677.45,0.0,0.0,0.1429752894288889,-14598960.144,-6500062.411000053
2022-05-19,117.1008,46142484.0,0.0,5403323116.24,0.0,0.0,0.1336015906397338,-1838135.1439999999,-6193056.161000053
2022-05-20,117.9352,46067484.0,-75000.0,5432979089.38,-8845140.0,-0.0016280460230906923,-0.15804299357540816,-5902753.0,-4539842.161000053
2022-05-23,119.565,46142484.0,75000.0,5517028214.23,8967375.0,0.0016253995179634148,0.4148016681936939,-574087.0,-5270383.411000053
2022-05-24,117.4065,46092484.0,-50000.0,5411558463.91,-5870325.0,-0.0010847753081020082,-0.06413921764447338,-1149618.0,-5709487.411000053
2022-05-25,118.1493,46092484.0,0.0,5445795862.08,0.0,0.0,0.12758396778198058,-1149618.0,-5125550.411000053
2022-05-26,120.0322,46092484.0,0.0,5532583844.67,0.0,0.0,0.13375981093377742,-1149618.0,-5717352.911000053
2022-05-27,121.9852,46042484.0,-50000.0,5616500087.95,-6099260.0,-0.0010859538688667955,-0.05568135450778109,-600442.0,-5425675.411000053
2022-05-30,122.9442,46267484.0,225000.0,5688319639.53,27662445.0,0.004863025770873457,1.444728621733281,3138572.0,-2569586.9110000534
2022-05-31,121.3593,46067484.0,-200000.0,5590717521.85,-24271860.0,-0.004341457050036809,-1.102878007804791,-541735.0,-3783179.9110000534
2022-06-01,120.9508,46067484.0,0.0,5571898939.07,0.0,0.0,0.1048374957518538,-541735.0,-4226057.911000053
2022-06-02,122.173,46017484.0,-50000.0,5622095683.71,-6108650.0,-0.0010865432293690393,-0.19450807722845065,-1763465.0,-4531490.411000053
2022-06-03,121.9614,46017484.0,0.0,5612356778.13,0.0,0.0,0.10508936997732839,-543613.0,-4098288.5360000534
2022-06-07,122.774,46017484.0,0.0,5649748715.25,0.0,0.0,0.10885679267884421,-6076102.0,-3815751.0360000534
2022-06-08,121.8387,45742484.0,-275000.0,5573202498.51,-33505642.5,-0.006011919091215106,-1.5478928276048112,-7922858.5,-6491248.286000053
2022-06-09,119.7507,45742484.0,0.0,5477696580.23,0.0,0.0,0.12290016063786931,-7922858.5,-6053292.911000053
2022-06-10,116.0624,45742484.0,0.0,5308984125.17,0.0,0.0,0.1076308395634889,-6701128.5,-2863086.6610000534
2022-06-13,113.2351,45742484.0,0.0,5179655062.34,0.0,0.0,0.1076308395634889,-6701128.5,-3436984.1250000536
2022-06-14,112.2662,45767484.0,25000.0,5138141971.9,2806655.0,0.0005462392855918198,0.2604856709970785,-6139797.5,-2412853.6250000536
2022-06-15,113.7887,45817484.0,50000.0,5213512181.57,5689435.0,0.0010912864115120722,0.407963671075717,1699218.0,-1978748.3750000536
2022-06-16,110.0171,45817484.0,0.0,5040704491.88,0.0,0.0,0.09880470588710799,1699218.0,-1978748.3750000536
2022-06-17,110.7598,46092484.0,275000.0,5105195068.02,30458945.0,0.005966264676310048,1.7431447422161046,7791007.0,-455801.12500005367
2022-06-20,111.9327,46092484.0,0.0,5159256575.36,0.0,0.0,0.07883506470764991,7791007.0,-13544.125000053644
2022-06-21,112.1579,46492484.0,400000.0,5214500314.49,44863160.0,0.008603539609602614,2.3931572988284864,16202308.0,1781245.1249999464
2022-06-22,110.9076,46217484.0,-275000.0,5125871995.12,-30499590.0,-0.005950127125499158,-1.5349330813700588,8964503.0,549781.8749999463
2022-06-23,108.9529,46215591.0,-1893.0,5035324740.46,-206247.8397,-4.096018634960142e-05,0.05456908919760367,8923253.43206,539469.4830149463
2022-06-24,110.6867,46215591.0,0.0,5115452903.15,0.0,0.0,0.06559459420854148,2831464.43206,539469.4830149463
2022-06-27,111.2585,46115591.0,-100000.0,5130750529.55,-11125850.0,-0.002168464425608276,-0.5088320602232161,606294.4320599999,288139.98301494645
2022-06-28,111.6434,46115591.0,0.0,5148502453.04,0.0,0.0,0.09757686676741925,-8366337.5679399995,-1094982.2669850537
2022-06-29,109.716,46115591.0,0.0,5059618426.75,0.0,0.0,0.09757686676741925,-2266419.5679399995,118610.73301494643
2022-06-30,107.863,45915591.0,-200000.0,4952591973.1,-21572600.0,-0.004355820167938639,-1.0912020342375386,-6539690.0,-960019.2669850535
2022-07-01,108.1088,46265591.0,350000.0,5001718302.07,37838080.0,0.0075650162033996235,2.1276440811761663,1027926.0,1237317.2330149463
2022-07-04,107.7731,46265591.0,0.0,4986186918.36,0.0,0.0,0.08800858221704273,3253096.0,1237317.2330149463
2022-07-05,104.633,46265591.0,0.0,4840908208.26,0.0,0.0,0.10471692883485746,3253096.0,1237317.2330149463
2022-07-06,106.2632,46265591.0,0.0,4916329733.24,0.0,0.0,0.10471692883485746,3253096.0,2912599.3580149463
2022-07-07,108.3611,46265591.0,0.0,5013389701.22,0.0,0.0,0.09567030200113238,7567616.0,2912599.3580149463
2022-07-08,109.8116,46265591.0,0.0,5080497185.06,0.0,0.0,0.09567030200113238,0.0,2912599.3580149463
2022-07-11,108.2683,46040591.0,-225000.0,4984737565.54,-24360367.5,-0.004886990975895242,-1.2304270801595307,-4872073.5,1694580.9830149463
2022-07-12,108.8839,46038696.0,-1895.0,5012873740.07,-206334.99049999999,-4.11610188484657e-05,0.08701721256843584,-4913340.4980999995,1543931.4834899465
2022-07-13,107.6251,46038696.0,0.0,4954919974.58,0.0,0.0,0.09831267335474551,-4913340.4980999995,1259459.7334899465
2022-07-14,105.6284,45963696.0,-75000.0,4855071577.87,-7922130.0,-0.0016317225962455468,-0.34557445640742046,-6497766.4980999995,863353.2334899465
2022-07-15,108.5384,45963696.0,0.0,4988828038.67,0.0,0.0,0.11928414116031047,-6497766.4980999995,-659594.0165100535
2022-07-18,109.3398,45963696.0,0.0,5025659229.88,0.0,0.0,0.11928414116031047,-1625692.9981,-659594.0165100535
2022-07-19,112.2801,45961801.0,-1895.0,5160594269.25,-212770.7895,-4.1229900743761135e-05,0.10788679275230213,-1626980.1579,-2913390.5559850535
2022-07-20,112.0568,45936801.0,-25000.0,5147533193.67,-2801420.0,-0.0005442257280526037,-0.03844741329692827,-2187264.1579,-1528482.0559850538
2022-07-21,111.7579,45936801.0,0.0,5133801717.83,0.0,0.0,0.11005547596457914,-602838.1579,-1518169.664000054
2022-07-22,111.817,45936801.0,0.0,5136515578.17,0.0,0.0,0.11254401250656668,-602838.1579,-1518169.664000054
2022-07-25,111.4498,45836801.0,-100000.0,5108500602.72,-11144980.0,-0.0021816538485022203,-0.49219568003452846,-2831834.1579,-1519126.1640000537
2022-07-26,110.4921,45787571.0,-49230.0,5059165588.48,-5439526.083,-0.0010751824560528522,-0.21004101689380134,-3877185.2166,-1791102.4681500536
2022-07-27,111.0779,45787571.0,0.0,5085988752.1,0.0,0.0,0.09986131250386457,-3316901.2166,-1791102.4681500536
2022-07-28,112.054,45787571.0,0.0,5130678362.43,0.0,0.0,0.1024421055263093,-3316901.2166,-712472.4681500538
2022-07-29,113.7573,45787571.0,0.0,5208668763.31,0.0,0.0,0.1024421055263093,-3316901.2166,-2604376.468150054
2022-08-01,113.7186,45637571.0,-150000.0,5189840572.1,-17057790.0,-0.003286765703690545,-0.8312255746937831,-4499463.2166,-3457265.968150054
2022-08-02,113.4612,45633782.0,-3789.0,5177661485.14,-429904.4868,-8.303062840895163e-05,0.09425175858948474,-3497538.89736,-3478761.192490054
2022-08-03,114.6281,45608782.0,-25000.0,5228049645.88,-2865702.5,-0.0005481398789428743,-0.05045219976501402,-4070679.39736,-3622046.317490054
2022-08-04,115.2613,45608782.0,0.0,5256927555.13,0.0,0.0,0.11286109436275894,-4070679.39736,-3622046.317490054
2022-08-05,114.5121,45333782.0,-275000.0,5191268041.4,-31490827.5,-0.006066114723582533,-1.6384389172737792,-10368844.89736,-5196587.692490054
2022-08-08,115.4702,45329993.0,-3789.0,5234262294.43,-437516.58780000004,-8.358705834546732e-05,0.08285345502513025,-7044790.214920001,-4000445.146880054
2022-08-09,114.1815,45329993.0,0.0,5175846207.88,0.0,0.0,0.10453647731550245,-6958809.31756,-3990128.3973550536
2022-08-10,115.581,45329993.0,0.0,5239284610.04,0.0,0.0,0.09709827167286326,-6385668.81756,-3990128.3973550536
2022-08-11,115.5263,45304993.0,-25000.0,5233919496.19,-2888157.5,-0.0005518154228589906,-0.05626650575843899,-6963300.317559999,-3738429.7723550536
2022-08-12,116.3809,45304993.0,0.0,5272637994.02,0.0,0.0,0.1052026271263241,-665134.81756,-3738429.7723550536
2022-08-15,116.5543,45279993.0,-25000.0,5277580105.21,-2913857.5,-0.0005521199947535529,-0.05373504806242185,-1160403.0,-3884122.6473550536
2022-08-16,117.343,45279993.0,0.0,5313290231.02,0.0,0.0,0.1040447692074798,-1160403.0,-3873484.1078800536
2022-08-17,114.9511,45279993.0,0.0,5204985112.21,0.0,0.0,0.1436196508138941,-1160403.0,-3733413.1078800536
2022-08-18,115.5474,45279993.0,0.0,5231986658.72,0.0,0.0,0.16287274789130032,-582771.5,-3733413.1078800536
2022-08-19,114.2567,45279993.0,0.0,5173542444.78,0.0,0.0,0.16287274789130032,-582771.5,-3733413.1078800536
2022-08-22,111.6067,45279993.0,0.0,5053551043.99,0.0,0.0,0.14543519081521417,0.0,-3176164.1078800536
2022-08-23,111.2995,45179993.0,-100000.0,5028508524.89,-11129950.0,-0.002213370017155031,-0.5924596879170646,-2225990.0,-3460685.3037300543
2022-08-24,111.5171,45129993.0,-50000.0,5032764715.33,-5575855.0,-0.0011079109228006876,-0.22495254418586205,-3341161.0,-3739478.0537300543
2022-08-25,111.9475,45129993.0,0.0,5052191057.11,0.0,0.0,0.14326172529634915,-3341161.0,-3739478.0537300543
2022-08-26,109.4118,45129993.0,0.0,4937753610.51,0.0,0.0,0.1337467070998671,-3341161.0,-3739478.0537300543
2022-08-29,108.7485,45029993.0,-100000.0,4896943829.27,-10874850.0,-0.0022207422382504926,-0.5940934040571483,-5516131.0,-3430331.0537300543
2022-08-30,109.3225,44854993.0,-175000.0,4903660258.94,-19131437.5,-0.0039014606415933776,-1.1561198941830555,-7116428.5,-4365407.704390055
2022-08-31,108.258,44854993.0,0.0,4855912793.98,0.0,0.0,0.22298828558101932,-6001257.5,-4222122.579390055
2022-09-01,106.5306,44879993.0,25000.0,4781093483.31,2663265.0,0.0005570409801224372,0.4192492207648131,-5468604.5,-4088959.329390054
2022-09-02,110.0736,44879993.0,0.0,4940103342.7,0.0,0.0,0.24461451570740686,-5468604.5,-2514417.954390054
2022-09-05,107.6303,44804993.0,-75000.0,4822373194.63,-8072272.5,-0.00167392115338335,-0.4181211433870587,-4908089.0,-2896155.7500000536
2022-09-06,108.5635,44729993.0,-75000.0,4856045625.83,-8142262.5,-0.0016767269353257603,-0.41358669594513875,-2710254.0,-3303268.8750000536
2022-09-07,108.9385,44729993.0,0.0,4872817234.62,0.0,0.0,0.2260630751948696,-2710254.0,-3303268.8750000536
2022-09-08,108.8394,44579993.0,-150000.0,4852060626.78,-16325910.0,-0.003364737429267131,-1.0653411257209324,-6508089.0,-3975156.5000000536
2022-09-09,110.3904,44579993.0,0.0,4921202394.48,0.0,0.0,0.24158625464094083,-6508089.0,-3975156.5000000536
2022-09-12,113.0367,44579993.0,0.0,5039174076.09,0.0,0.0,0.24844603580370636,-4893634.5,-3829463.6250000536
2022-09-13,111.2379,44578098.0,-1895.0,4958772976.63,-210795.8205,-4.2509673561070664e-05,0.23147901193425677,-3307341.1640999997,-3840003.4160250537
2022-09-14,109.8805,44578098.0,0.0,4898263656.59,0.0,0.0,0.24804932258353105,-3307341.1640999997,-3840003.4160250537
2022-09-15,109.2782,44378098.0,-200000.0,4849556790.79,-21855640.0,-0.004506729365765337,-1.491994516482841,-4413287.164100001,-4932785.416025054
2022-09-16,107.4609,44353098.0,-25000.0,4766224596.28,-2686522.5,-0.0005636583937099417,0.039516846329182294,-4950591.664100001,-5067111.541025054
2022-09-19,107.9816,44353098.0,0.0,4789319787.91,0.0,0.0,0.2516046927033884,-4950591.664100001,-5067111.541025054
2022-09-20,106.8652,44353098.0,0.0,4739801009.82,0.0,0.0,0.23781337279084583,-4908432.5,-4510614.041025054
2022-09-21,107.6766,44355098.0,2000.0,4776007493.67,215353.19999999998,4.5090632769195545e-05,0.2447913125489629,-4865361.86,-4221053.631025054
2022-09-22,105.6907,44280098.0,-75000.0,4679992539.98,-7926802.500000001,-0.0016937639178445949,-0.4375904637708058,-2079594.36,-4617393.756025054
2022-09-23,103.604,44405098.0,125000.0,4600543700.61,12950500.0,0.002814993366606398,1.3269053336171486,1047810.1399999999,-3969868.7560250536
2022-09-26,103.1283,44502313.0,97215.0,4589448693.6,10025617.6845,0.0021844928124985365,1.0915605949082843,3052933.6769,-2924845.371800054
2022-09-27,102.3833,44502313.0,0.0,4556295415.57,0.0,0.0,0.21842086349985154,3052933.6769,-1968273.4968000539
2022-09-28,102.7513,44748600.0,246287.0,4597976321.33,25306309.4231,0.005503792898128705,2.3269987207670124,8071124.921519999,-702958.0256450542
2022-09-29,100.9993,44873600.0,125000.0,4532204232.66,12624912.5,0.0027856009685137914,1.2538568801261756,12181467.92152,-204875.65064505412
2022-09-30,102.1687,45048600.0,175000.0,4602556502.4,17879522.5,0.003884693754585465,1.6464977827973837,13167272.42152,689100.4743549458
2022-10-04,106.8556,45048600.0,0.0,4813694542.97,0.0,0.0,0.16446924479070277,11162148.88462,1092714.0993549458
2022-10-05,105.5629,45048600.0,0.0,4755459245.6,0.0,0.0,0.16446924479070277,11162148.88462,1499827.2243549458
2022-10-06,105.1711,45023600.0,-25000.0,4735180003.52,-2629277.5,-0.0005552645301858574,-0.05775938466269104,5575031.500000001,1368363.3493549458
2022-10-07,103.5033,45023600.0,0.0,4660089305.28,0.0,0.0,0.15548697057245614,3050049.000000001,2184658.849354946
2022-10-10,103.5015,45023600.0,0.0,4660011866.79,0.0,0.0,0.15212224620071083,-525855.4999999993,2184658.849354946
2022-10-11,103.0569,45023600.0,0.0,4639992651.44,0.0,0.0,0.132408049424856,-525855.4999999993,2184658.849354946
2022-10-12,102.6519,45023600.0,0.0,4621759254.84,0.0,0.0,0.14854489642232604,-525855.4999999993,2195198.6403799457
2022-10-13,104.1972,44898600.0,-125000.0,4678308902.54,-13024650.0,-0.0027840508763601547,-0.9572668420772683,-2604929.999999999,1543966.140379946
2022-10-14,104.8894,44898600.0,0.0,4709386911.53,0.0,0.0,0.152309848975675,-2604929.999999999,2636748.1403799457
2022-10-17,106.6689,44898600.0,0.0,4789284580.85,0.0,0.0,0.16009339296740244,-2604929.999999999,2771074.2653799457
2022-10-18,107.6514,44823600.0,-75000.0,4825321399.7,-8073855.0,-0.001673226367989077,-0.5170194630381254,-4219700.999999999,2367381.5153799457
2022-10-19,107.4468,44823600.0,0.0,4816154308.28,0.0,0.0,0.14314221198071383,-4219700.999999999,2367381.5153799457
2022-10-20,107.6654,44818773.0,-4827.0,4825432132.48,-519700.88580000005,-0.00010770038237651125,0.09926646376468745,-1718711.1771599993,2330628.811089946
2022-10-21,107.3574,44793773.0,-25000.0,4808942349.65,-2683935.0,-0.000558113365654163,-0.07860910798095146,-2255498.1771599995,2592772.1860899464
2022-10-24,109.0469,44793773.0,0.0,4884620028.59,0.0,0.0,0.1513249798827223,-2255498.1771599995,1945247.1860899464
2022-10-25,110.0704,44768773.0,-25000.0,4927718171.19,-2751760.0,-0.0005584247930590305,-0.0824200365859685,-1191079.1771599993,1306378.301864946
2022-10-26,111.2743,44768773.0,0.0,4981614281.62,0.0,0.0,0.14424773789363984,-1191079.1771599993,1306378.3018649458
2022-10-27,111.4035,44768773.0,0.0,4987399185.89,0.0,0.0,0.15899885699671357,-1087138.9999999993,41062.83070994615
2022-10-28,111.674,44768773.0,0.0,4999506956.75,0.0,0.0,0.15357342724764045,-550351.9999999993,-590182.7942900539
2022-10-31,111.7601,44768773.0,0.0,5003363108.48,0.0,0.0,0.12510873873360606,-550351.9999999993,-1484158.919290054
2022-11-01,112.4764,44718773.0,-50000.0,5029805412.27,-5623820.0,-0.0011180989201452856,-0.38560297688444733,-1124763.9999999993,-1765349.919290054
2022-11-02,111.7846,44718773.0,0.0,4998870025.68,0.0,0.0,0.1265525555182429,-1124763.9999999993,-1765349.919290054
2022-11-03,110.7172,44718773.0,0.0,4951136125.31,0.0,0.0,0.12442075279367909,-1124763.9999999993,-1633886.044290054
2022-11-04,113.4959,44718773.0,0.0,5075399212.68,0.0,0.0,0.12442075279367909,-1124763.9999999993,-1633886.044290054
2022-11-07,114.1153,44718773.0,0.0,5103096592.39,0.0,0.0,0.12442075279367909,-1124763.9999999993,-1633886.044290054
2022-11-08,115.4236,44718773.0,0.0,5161601381.86,0.0,0.0,0.1182141813855381,0.0,-1633886.044290054
2022-11-09,115.234,44718773.0,0.0,5153125102.41,0.0,0.0,0.12503194851529842,0.0,-1633886.044290054
2022-11-10,119.2783,44743773.0,25000.0,5336961535.54,2981957.5,0.0005587369292700517,0.3837533323397813,596391.5000000007,-833555.6692900539
2022-11-11,119.9419,44768773.0,25000.0,5369650930.78,2998547.5,0.0005584250333316227,0.38118416641220826,1196101.0000000007,-683628.2942900539
2022-11-14,120.6858,44543773.0,-225000.0,5375800201.42,-27154305.0,-0.005051211723387204,-2.2128721847728334,-4234759.999999999,-2041343.544290054
2022-11-15,121.2349,44318773.0,-225000.0,5372981941.67,-27277852.5,-0.005076855421464836,-2.166227397138432,-9690330.5,-3001543.4192900537
2022-11-16,120.0165,44843773.0,525000.0,5381991927.77,63008662.5,0.011707312709795777,4.967201901710384,2911402.0,148889.70570994617
2022-11-17,120.2886,44618773.0,-225000.0,5367130009.26,-27064935.0,-0.005042720216075334,-1.9719151163465367,-3097976.5,-1178372.0000000538
2022-11-18,121.6832,44268773.0,-350000.0,5386764352.54,-42589120.0,-0.00790625266165915,-3.0056702687395624,-12215510.0,-3173631.2500000536
2022-11-21,121.2438,44293773.0,25000.0,5370346484.31,3031095.0,0.0005644133034722516,0.35158603380866466,-6178430.0,-3022076.5000000536
2022-11-22,121.6009,44293773.0,0.0,5386161872.8,0.0,0.0,0.1275524907827772,-722859.5,-2884488.5000000536
2022-11-23,121.6443,44293773.0,0.0,5388084337.93,0.0,0.0,0.1275524907827772,-13324592.0,-2884488.5000000536
2022-11-24,122.588,44118773.0,-175000.0,5408430180.93,-21452900.0,-0.003966566874736116,-1.472435580343535,-12202185.0,-3957133.5000000536
2022-11-25,122.6028,44118773.0,0.0,5409082933.41,0.0,0.0,0.122346261306413,-3684361.0,-3957133.5000000536
2022-11-28,121.269,44168773.0,50000.0,5356302653.79,6063450.0,0.0011320215439487233,0.572927375800859,-3077890.0,-3653961.0000000536
2022-11-29,121.0332,44143773.0,-25000.0,5342862309.91,-3025830.0,-0.0005663312704854207,-0.10710461571394267,-3683056.0,-3524061.5000000536
2022-11-30,121.3831,44468773.0,325000.0,5397756955.02,39449507.5,0.007308500147141921,2.92190324191735,4206845.5,-1551586.1250000536
2022-12-01,122.1681,44468773.0,0.0,5432666705.34,0.0,0.0,0.0977373243518105,8497425.5,-1551586.1250000536
2022-12-02,122.4972,44265060.0,-203713.0,5422347001.31,-24954272.103600003,-0.0046021164078158825,-1.6506676953915727,3506571.0792799992,-2799299.730180054
2022-12-05,121.8058,44265060.0,0.0,5391739477.38,0.0,0.0,0.13360362640003676,2293881.0792799992,-2799299.730180054
2022-12-06,120.9253,44265060.0,0.0,5352764366.87,0.0,0.0,0.13360362640003676,2899047.0792799992,-2799299.730180054
2022-12-07,120.2337,44265060.0,0.0,5322151352.1,0.0,0.0,0.1708923878256426,-4990854.420720001,-2799299.730180054
2022-12-08,120.2612,44165060.0,-100000.0,5311341093.36,-12026120.0,-0.0022642341714853363,-0.7967082870697053,-7396078.420720001,-3549703.6051800535
2022-12-09,121.1556,44065060.0,-100000.0,5338729885.65,-12115560.0,-0.002269371228644753,-0.7890044188702477,-4828336.0,-4305408.980180053
2022-12-12,120.6138,44065060.0,0.0,5314856016.74,0.0,0.0,0.16880198979561414,-4828336.0,-2947693.730180054
2022-12-13,122.2251,44065060.0,0.0,5385857521.49,0.0,0.0,0.16153913066347422,-4828336.0,-1583801.1051800537
2022-12-14,121.9069,44065060.0,0.0,5371834141.41,0.0,0.0,0.16153913066347422,-4828336.0,-4734234.230180053
2022-12-15,117.9106,43865060.0,-200000.0,5172156862.76,-23582120.0,-0.004559436348459075,-1.7289512883771878,-7139536.0,-4560093.480180053
2022-12-16,117.1244,44015060.0,150000.0,5155237641.61,17568660.0,0.003407924371554915,1.5732648128041993,-1202692.0,-1552204.4801800537
2022-12-19,117.476,43865060.0,-150000.0,5153093791.46,-17621400.0,-0.003419576804366182,-1.295670789066858,-4726972.0,-2584829.230180054
2022-12-20,116.9852,43865060.0,0.0,5131564660.92,0.0,0.0,0.19469299622753528,-4726972.0,-2584829.230180054
2022-12-21,118.7799,43890060.0,25000.0,5213258216.63,2969497.5,0.0005696049143561449,0.44058475018643367,-4133072.5,-2436354.355180054
2022-12-22,117.2311,44013575.0,123515.0,5159761505.56,14479799.3165,0.0028062923646561986,1.393195063579442,3479311.3633000003,-639719.3893550538
2022-12-23,117.4572,44013575.0,0.0,5169711786.88,0.0,0.0,0.18083397289248082,-34420.63669999987,-639719.3893550538
2022-12-27,117.9116,43963575.0,-50000.0,5183814364.46,-5895580.0,-0.0011373053866318658,-0.30632545236196496,2310743.3633000003,-1237670.8893550537
2022-12-28,117.3254,43988575.0,25000.0,5160978263.46,2933135.0,0.0005683292682642652,0.4170116140343617,2897370.3633000003,-939722.6393550538
2022-12-29,118.5557,44013575.0,25000.0,5218059958.36,2963892.5,0.000568006600853918,0.41438153975254893,2896249.3633000003,-2764003.3893550537
2022-12-30,117.3075,44088575.0,75000.0,5171921147.1,8798062.5,0.0017011207730677118,0.901742279158673,1759902.0,-2324100.2643550537
2023-01-02,118.5331,44088575.0,0.0,5225954725.93,0.0,0.0,0.15295130155881154,1759902.0,-1076386.6591750537
2023-01-03,119.4796,44088575.0,0.0,5267684989.01,0.0,0.0,0.15295130155881154,2939018.0,-1076386.6591750537
2023-01-04,122.0829,44038575.0,-50000.0,5376358512.14,-6104145.0,-0.0011353679235148908,-0.33929540250653334,1131562.0,-1381593.9091750537
2023-01-05,121.6235,43963575.0,-75000.0,5347002512.93,-9121762.5,-0.0017059581471940513,-0.5818742467083277,-1285569.0,-1837682.0341750537
2023-01-06,123.0862,43938575.0,-25000.0,5408234104.49,-3077155.0,-0.000568975924589747,-0.08542752259270035,-3660612.5,-1390233.7841750537
2023-01-09,124.625,43938575.0,0.0,5475846267.59,0.0,0.0,0.16296035094796624,-3660612.5,-784455.7841750536
2023-01-10,124.471,43939705.0,1130.0,5469220046.29,140652.23,2.571705449946383e-05,0.17409087093191103,-3632482.054,-777423.1726750536
2023-01-11,125.9304,43989705.0,50000.0,5539640290.16,6296520.0,0.001136629757564663,0.647545430933192,-1152349.054,-462597.1726750536
2023-01-12,126.8598,43939705.0,-50000.0,5574183264.88,-6342990.0,-0.0011379227590100683,-0.34600807018797897,-596594.5539999999,-779746.6726750536
2023-01-13,127.0968,44114705.0,175000.0,5606839454.0,22241940.0,0.003966930065053366,1.8428909269701943,4467224.446,1511456.3273249464
2023-01-16,127.4951,43864705.0,-250000.0,5592534491.85,-31873775.0,-0.005699343481287357,-2.2493097950287053,-1907530.554,-960665.4226750536
2023-01-17,127.9418,43714705.0,-150000.0,5592936326.42,-19191270.0,-0.0034313406911757566,-1.2730436350048733,-5773915.0,-1039158.9226750536
2023-01-18,127.8964,43814705.0,100000.0,5603743696.05,12789640.0,0.0022823385032786627,1.0995929783431069,-4475291.0,-399676.9226750536
2023-01-19,125.6938,43707279.0,-107426.0,5493733232.15,-13502782.1588,-0.002457851808271298,-0.8750098948806011,-5907249.43176,-1223290.9056150536
2023-01-20,126.6463,43582279.0,-125000.0,5519533923.53,-15830787.5,-0.002868138455044674,-1.0335754439991474,-13521794.931760002,-2738820.246440054
2023-01-23,127.2296,43582279.0,0.0,5544956053.24,0.0,0.0,0.158662675540646,-7147039.93176,-2738820.246440054
2023-01-24,127.146,43582279.0,0.0,5541312183.65,0.0,0.0,0.141014242429002,-3308785.93176,-2444041.246440054
2023-01-25,127.0491,43582279.0,0.0,5537090717.7,0.0,0.0,0.1407124366792442,-5866713.93176,-2590697.996440054
2023-01-26,127.4795,43582279.0,0.0,5555845187.26,0.0,0.0,0.1407124366792442,-3166157.5,-2738892.621440054
2023-01-27,127.6236,43580422.0,-1857.0,5561891600.4,-236997.0252,-4.26108673500497e-05,0.12272116217582303,-47399.40504,-3190645.5977000534
2023-01-30,127.4203,43580422.0,0.0,5553030666.08,0.0,0.0,0.13890213297007378,-47399.40504,-3190645.5977000534
2023-01-31,127.4383,43605422.0,25000.0,5557002245.45,3185957.5,0.0005733230542796019,0.38079642380638573,589792.09496,-3031347.7227000534
2023-02-01,127.8795,43605422.0,0.0,5576240976.8,0.0,0.0,0.134831741456638,589792.09496,-2726140.4727000534
2023-02-02,130.646,43605422.0,0.0,5696874891.44,0.0,0.0,0.134831741456638,589792.09496,-2270052.3477000534
2023-02-03,130.369,43601709.0,-3713.0,5684313069.33,-484060.097,-8.515718453506209e-05,0.09889637120580734,540379.4806,-2140397.6025500535
2023-02-06,129.2685,43726709.0,125000.0,5652485502.51,16158562.499999998,0.002858665005478519,1.3316093260170225,3772091.9805999994,-1332469.4775500535
2023-02-07,129.0568,43926709.0,200000.0,5669041064.65,25811360.000000004,0.004553038107441116,1.9968282095014578,8297172.480600001,-48934.08905005362
2023-02-08,129.8246,43926709.0,0.0,5702767202.9,0.0,0.0,0.10620568855170191,8297172.480600001,-363760.0890500536
2023-02-09,130.7618,43976709.0,50000.0,5750475469.9,6538090.0,0.0011369651143149206,0.5675476413874234,9604790.480600001,280293.9109499464
2023-02-10,128.8971,43901709.0,-75000.0,5658803094.53,-9667282.5,-0.0017083617044997977,-0.6129510621238283,7768146.000000002,-1315167.2140500536
2023-02-13,129.6484,43901709.0,0.0,5691785915.58,0.0,0.0,0.09673014529000849,4536433.500000002,278521.5359499464
2023-02-14,129.5071,43776709.0,-125000.0,5669394558.36,-16188387.500000002,-0.002855399696274245,-1.0743148570915926,-3863516.0,428665.66094994626
2023-02-15,130.5643,43776709.0,0.0,5715676555.18,0.0,0.0,0.09871822062156109,-3863516.0,-210816.3390500537
2023-02-16,130.79,43776709.0,0.0,5725555016.32,0.0,0.0,0.0860832578058857,-5171134.0,464322.7688899463
2023-02-17,130.349,43776709.0,0.0,5706251923.53,0.0,0.0,0.0860832578058857,-3237677.5000000005,1255862.1438899464
2023-02-20,130.3104,43784099.0,7390.0,5705522310.35,962993.8559999999,0.00016878276932737573,0.15814791605651185,-3045078.7288,1304011.8366899462
2023-02-21,129.6371,43784099.0,0.0,5676044887.52,0.0,0.0,0.08746626969466624,192598.7712,1304011.8366899462
2023-02-22,129.6556,43784099.0,0.0,5676852949.67,0.0,0.0,0.08175284065479146,192598.7712,1304011.8366899462
2023-02-23,130.292,43684099.0,-100000.0,5691687788.09,-13029200.0,-0.002289162808132928,-0.8748381429727569,-2413241.2287999997,652551.8366899464
2023-02-24,128.0555,43609099.0,-75000.0,5584383131.13,-9604162.5,-0.001719825139944615,-0.6293838593656703,-4334073.728800001,184193.56294994632
2023-02-27,129.4864,43609099.0,0.0,5646785406.03,0.0,0.0,0.07846612191757614,-4526672.5,184193.56294994632
2023-02-28,129.3465,43584099.0,-25000.0,5637450861.88,-3233662.5,-0.0005736036693225606,-0.1610855933757115,-5173405.0,-136787.43705005368
2023-03-01,128.8399,43413779.0,-170320.0,5593427044.31,-21944011.768,-0.003923178329522128,-1.5421669379913816,-9562207.3536,-1233988.0254500536
2023-03-02,129.0302,43638779.0,225000.0,5630720080.27,29031795.0,0.005155964883022188,2.1794191722357397,-1150008.3535999998,217601.72454994638
2023-03-03,131.1404,43588779.0,-50000.0,5716251350.23,-6557020.0,-0.0011470839188581466,-0.39062446762688163,-540579.8536000003,-86046.27060005363
2023-03-06,131.7713,43413779.0,-175000.0,5720690686.29,-23059977.5,-0.004030977859940008,-1.573584824996211,-5152575.3536,-2046973.2706000537
2023-03-07,130.9781,43363779.0,-50000.0,5679707487.59,-6548905.000000001,-0.0011530356121876298,-0.39352013518562096,-5815623.8536,-3664986.5206000535
2023-03-08,131.5859,43137744.0,-226035.0,5676317621.32,-29743018.9065,-0.005239844013447473,-2.011943495066882,-7375425.281299999,-5152137.465925055
2023-03-09,131.5952,43137744.0,0.0,5676720650.95,0.0,0.0,0.0943157048703923,-13181784.281299999,-5479041.965925055
2023-03-10,129.8673,43137744.0,0.0,5602181120.08,0.0,0.0,0.0944682357205534,-11870380.281299999,-4995677.840925055
2023-03-13,125.9241,43137744.0,0.0,5432081601.87,0.0,0.0,0.08892112975422077,-7258384.781299999,-4995677.840925055
2023-03-14,128.223,43167434.0,29690.0,5535055959.61,3806940.8700000006,0.0006877872414985011,0.3750842164017605,-5187215.6073,-3995911.422425054
2023-03-15,124.0359,43167434.0,0.0,5354313228.55,0.0,0.0,0.10440537211535593,761388.1740000001,-3995911.422425054
2023-03-16,125.9871,43417434.0,250000.0,5470037395.96,31496775.0,0.005758054784645995,2.36747998261042,7060743.174,-2421072.672425054
2023-03-17,124.3125,43417434.0,0.0,5397327759.68,0.0,0.0,0.10332945305032874,7060743.174000001,-2421072.672425054
2023-03-20,125.6999,43592434.0,175000.0,5479565808.53,21997482.5,0.004014457215890478,1.7171421433635816,11460239.674,-1369348.2402250539
2023-03-21,127.903,43592434.0,0.0,5575601693.0,0.0,0.0,0.11294599258486872,10698851.5,-1369348.2402250539
2023-03-22,128.0779,43592434.0,0.0,5583225238.58,0.0,0.0,0.11294599258486872,10698851.5,-1369348.2402250539
2023-03-23,128.028,43511880.0,-80554.0,5570738437.9,-10313167.512,-0.0018513106703835396,-0.6350128517124172,2336862.9976,-1233546.6158250538
2023-03-24,125.8979,43261880.0,-250000.0,5446578865.87,-31474475.0,-0.005778760534843092,-2.1722966671031014,-3958032.0024000006,-2327062.240825054
2023-03-27,127.33,43266820.0,4940.0,5509163442.67,629010.2,0.00011417526572694165,0.1791936383377442,-8231726.4624,-2295611.7308250535
2023-03-28,127.45,43266820.0,0.0,5514358195.27,0.0,0.0,0.13362882645752694,-8231726.4624,-2133928.6058250535
2023-03-29,129.021,43291820.0,25000.0,5585555730.74,3225524.9999999995,0.0005774761107920532,0.36199248490224956,-7586621.4624000015,-875451.7674250538
2023-03-30,130.6488,43041820.0,-250000.0,5623360673.58,-32662200.0,-0.005808306081709368,-2.124244012427599,-12056427.959999999,-3960151.5174250538
2023-03-31,131.5442,43041820.0,0.0,5661900499.0,0.0,0.0,0.13948558396750527,-5761532.96,-3632300.5174250538
2023-04-03,131.1391,43041820.0,0.0,5644466352.41,0.0,0.0,0.13948558396750527,-5887335.0,-2479301.6424250538
2023-04-04,131.3285,42991820.0,-50000.0,5646051233.18,-6566425.0,-0.0011630119403471337,-0.31327080693152165,-7200620.0,-2480177.6424250538
2023-04-05,130.627,42941820.0,-50000.0,5609361688.48,-6531350.000000001,-0.0011643659943364854,-0.31568653921163803,-9151995.0,-1319594.1971000538
2023-04-06,131.2808,42941820.0,0.0,5637435093.62,0.0,0.0,0.14167744409110153,-2619555.0,-1319594.1971000538
2023-04-11,131.7596,43066820.0,125000.0,5674468998.3,16469950.0,0.002902465412170582,1.263337574412638,674435.0,-496096.6971000537
2023-04-12,132.1666,42916820.0,-150000.0,5672168297.2,-19824990.0,-0.003495134305127437,-1.2155069540820513,-3290563.0,-1487346.1971000538
2023-04-13,132.3832,42891820.0,-25000.0,5678158510.47,-3309579.9999999995,-0.0005828615023510597,-0.08449849037850696,-2639194.0,-1843172.2406000537
2023-04-14,133.0379,43016820.0,125000.0,5722869251.58,16629737.500000002,0.002905839146230499,1.248695646582828,1993023.5000000007,-1011685.3656000536
2023-04-17,132.8851,43266820.0,250000.0,5749517359.72,33221275.0,0.005778098042235995,2.2843855502519856,8637278.5,-925460.3656000536
2023-04-18,133.668,43466820.0,200000.0,5810123416.97,26733600.0,0.00460121034983826,1.8015388225810167,10690008.5,411219.63439994643
2023-04-19,133.773,43466820.0,0.0,5814688062.29,0.0,0.0,0.09268807885647112,14655006.5,-688654.4906000536
2023-04-20,132.9377,43466820.0,0.0,5778377627.4,0.0,0.0,0.09268807885647112,15316922.5,-688654.4906000536
2023-04-21,133.658,43466820.0,0.0,5809689695.18,0.0,0.0,0.08926398947238348,11990975.0,-688654.4906000536
2023-04-24,133.5069,43391820.0,-75000.0,5793106667.37,-10013017.5,-0.001728436584190463,-0.5468968224040084,3344116.500000001,-673646.9900000535
2023-04-25,133.5522,43391820.0,0.0,5795074930.55,0.0,0.0,0.09449876955584882,-2002603.4999999993,900076.7599999465
2023-04-26,132.9093,43441820.0,50000.0,5773820518.14,6645465.0,0.0011509649423845953,0.5174760021767023,-673510.4999999993,1200899.4999999464
2023-04-27,132.9482,43441820.0,0.0,5775510424.48,0.0,0.0,0.09083976118813594,-673510.4999999993,1200899.4999999464
2023-04-28,133.9125,43291820.0,-150000.0,5797315355.04,-20086875.0,-0.003464858088587007,-1.1758917733623102,-4690885.499999999,35279.49999994654
2023-05-02,132.2237,43041820.0,-250000.0,5691147397.56,-33055925.000000004,-0.005808305898766963,-1.9876016809318917,-9299467.0,15593.249999946356
2023-05-03,132.962,43366820.0,325000.0,5766141120.19,43212650.0,0.007494206107563337,2.722510940241916,-656937.0,2176225.7499999464
2023-05-04,132.2034,43291820.0,-75000.0,5723324771.91,-9915255.0,-0.0017324292076982834,-0.5079984791379837,-3969081.0,1680462.9999999464
2023-05-05,133.982,43294041.0,2221.0,5800622535.56,297574.022,5.130035960377687e-05,0.10376240054289591,-3909566.1956,2023662.9510999464
2023-05-08,133.8846,42944041.0,-350000.0,5749543890.98,-46859610.0,-0.008150143887676778,-2.7412838636553194,-9264113.1956,7249.95109994635
2023-05-09,133.9047,43423071.0,479030.0,5814553286.28,64144368.44099999,0.011031693284564926,3.962520655045555,10175945.4926,3214468.373149946
2023-05-10,133.4044,43423071.0,0.0,5792827908.06,0.0,0.0,0.08171254519658525,1533415.4925999984,2390970.873149946
2023-05-11,132.8586,43248071.0,-175000.0,5745876172.17,-23250255.0,-0.004046424653669356,-1.3984920657128135,-1133584.5074000016,2219707.6231499463
2023-05-12,133.4302,43198071.0,-50000.0,5763927000.22,-6671510.000000001,-0.0011574591419609166,-0.3433409836948391,-2527401.3118000017,2051611.1231499459
2023-05-15,133.4571,43173071.0,-25000.0,5761753573.87,-3336427.5,-0.0005790645950446333,-0.1314240442323557,6177235.188199999,1053302.8731499459
2023-05-16,133.2991,43198071.0,25000.0,5758262611.84,3332477.5000000005,0.0005787296836979684,0.2873903578906462,-5985143.0,-441137.001850054
2023-05-17,133.7335,43198071.0,0.0,5777030943.43,0.0,0.0,0.06570198161201976,-5985143.0,-1777817.0018500541
2023-05-18,135.4748,43198071.0,0.0,5852251825.2,0.0,0.0,0.06570198161201976,-1335092.0,-1777817.0018500541
2023-05-19,136.4113,43073071.0,-125000.0,5875654798.2,-17051412.5,-0.0029020446376842425,-0.9813619663989946,-3411072.5,-2630387.626850054
2023-05-22,135.9776,43148071.0,75000.0,5867173206.19,10198320.0,0.0017381999204046923,0.7036982298894633,-704123.0,-2120471.626850054
2023-05-23,135.3782,43148071.0,0.0,5841306500.17,0.0,0.0,0.09587523797895625,-1370618.5,-1619820.7518500541
2023-05-24,132.7724,42898071.0,-250000.0,5695680308.69,-33193100.0,-0.005827767395820426,-2.041884277724362,-8009238.5,-3279475.751850054
2023-05-25,132.3669,42898071.0,0.0,5678285487.57,0.0,0.0,0.09900578424135817,-8009238.5,-3611749.0018500537
2023-05-26,133.9587,42898071.0,0.0,5746569444.41,0.0,0.0,0.09900578424135817,-4598956.0,-3611749.0018500537
2023-05-30,133.3284,42924271.0,26200.0,5723022363.66,3493204.0799999996,0.000610377499515137,0.32501836966906067,-5939979.184,-2432745.047850054
2023-05-31,131.2808,42920569.0,-3702.0,5634648108.52,-486001.5216,-8.625232884820794e-05,0.0651239194284896,-6037179.48832,-804248.8739300539
2023-06-01,132.8654,42920569.0,0.0,5702660269.9,0.0,0.0,0.09050151312957448,601440.5116799999,-2964881.373930054
2023-06-02,134.5115,42945569.0,25000.0,5776673085.94,3362787.5000000005,0.0005821322151992259,0.30014403754438823,1273998.01168,-2300979.248930054
2023-06-05,133.7769,42970569.0,25000.0,5748469521.01,3344422.5000000005,0.000581793551792615,0.2980944666135925,1942882.5116800002,-2148636.825030054
2023-06-06,134.0156,42966867.0,-3702.0,5758228996.86,-496125.7512,-8.615943399794289e-05,0.047889518191911166,1145016.54544,169537.38740994627
2023-06-07,133.7471,42966867.0,0.0,5746694508.87,0.0,0.0,0.08019891848361337,1242216.8497600001,-3037681.0346400533
2023-06-08,133.991,42966867.0,0.0,5757174380.21,0.0,0.0,0.06670438952031607,1242216.8497600001,-3037681.0346400533
2023-06-09,133.6577,42966867.0,0.0,5742854075.6,0.0,0.0,0.07808740240373757,569659.3497600001,-1875168.2846400533
2023-06-12,134.897,42941867.0,-25000.0,5792727164.79,-3372425.0,-0.0005821826065792723,-0.15448163152315422,-773710.15024,-1710214.0346400533
2023-06-13,136.0089,42941867.0,0.0,5840477576.54,0.0,0.0,0.06948778413029448,-674485.0,-1543392.6596400533
2023-06-14,136.6782,42691867.0,-250000.0,5835049125.28,-34169550.0,-0.005855914708920355,-2.1218142231044106,-7508395.0,-3418494.034640053
2023-06-15,136.506,42641867.0,-50000.0,5820868862.99,-6825300.0,-0.001172556908711057,-0.3434110318940885,-8873455.0,-3759759.034640053
2023-06-16,137.0697,42640696.0,-1171.0,5844749499.82,-160508.61870000002,-2.7462018467163253e-05,0.09108430039255884,-8905556.72374,-3767784.4655750534
2023-06-19,135.7569,42640696.0,0.0,5788767842.47,0.0,0.0,0.0979482312313166,-8231071.723739999,-2915213.8405750534
2023-06-20,135.0029,42640696.0,0.0,5756618494.06,0.0,0.0,0.0997830904904204,-8231071.723739999,-3425129.840575053
2023-06-21,134.2636,42590696.0,-50000.0,5718378417.74,-6713180.0,-0.0011739656786570558,-0.34040035644155353,-2739797.7237400003,-3760788.840575053
2023-06-22,133.9576,42590696.0,0.0,5705346079.86,0.0,0.0,0.11092874574504548,-1374737.72374,-2101133.8405750534
2023-06-23,132.6319,42590696.0,0.0,5648883861.75,0.0,0.0,0.11092874574504548,-1342636.0,-2101133.8405750534
2023-06-26,132.488,42590696.0,0.0,5642754147.12,0.0,0.0,0.11092874574504548,-1342636.0,-2101133.8405750534
2023-06-27,132.7706,42590696.0,0.0,5654792524.35,0.0,0.0,0.10737004255911925,-1342636.0,-2275794.0445750533
2023-06-28,133.6251,42590696.0,0.0,5691185623.19,0.0,0.0,0.10208081572643768,0.0,-2251493.9684950532
2023-06-29,133.605,42608696.0,18000.0,5692734949.74,2404890.0,0.0004224489671892834,0.2598839525038801,480978.0,-2131249.4684950532
2023-06-30,135.2895,42608696.0,0.0,5764509329.84,0.0,0.0,0.09890909605378888,480978.0,-2299388.8434950532
2023-07-03,134.7205,42558696.0,-50000.0,5733530115.13,-6736024.999999999,-0.001174847757793153,-0.3447996755913917,-866226.9999999998,-2803411.2184950532
2023-07-04,134.369,42558696.0,0.0,5718568174.14,0.0,0.0,0.10640675000427913,-866226.9999999998,-2778604.930935053
2023-07-05,133.5175,42558696.0,0.0,5682332331.53,0.0,0.0,0.10283291116962867,-866226.9999999998,-2778604.930935053
2023-07-06,130.0913,42783696.0,225000.0,5565788732.52,29270542.499999996,0.005259010700312243,2.0888989444304107,4506903.499999999,-1315077.8059350536
2023-07-07,130.7176,42758696.0,-25000.0,5589315056.31,-3267940.0,-0.0005846762916523542,-0.14207080338325687,3853315.499999999,-1478474.8059350536
2023-07-10,131.3004,42758696.0,0.0,5614233423.87,0.0,0.0,0.0727919129705747,5200520.499999999,-1309853.5559350536
2023-07-11,132.2808,42783696.0,25000.0,5659461700.2,3307020.0,0.0005843347256653638,0.30611310588801055,5861924.499999999,-1144502.5559350536
2023-07-12,134.2289,42783696.0,0.0,5742809935.73,0.0,0.0,0.07081251077197398,5861924.499999999,563974.9440649465
2023-07-13,135.2174,43033696.0,250000.0,5818904243.89,33804350.0,0.005809401320789123,2.271780710202181,6768686.0,2595457.4440649464
2023-07-14,134.9151,42883696.0,-150000.0,5785656343.72,-20237265.0,-0.0034978339185261836,-1.2806724951183432,3374821.0,1591619.6249999464
2023-07-17,134.6084,42783696.0,-100000.0,5759045587.66,-13460839.999999998,-0.0023373386779300303,-0.8284793499739067,682653.0000000003,918577.6249999467
2023-07-18,135.0838,42783696.0,0.0,5779384990.26,0.0,0.0,0.059884684286423524,21249.00000000037,918577.6249999467
2023-07-19,134.9447,42783696.0,0.0,5773434314.39,0.0,0.0,0.059884684286423524,21249.00000000037,1254236.6249999467
2023-07-20,135.7419,42708696.0,-75000.0,5797360016.54,-10180642.499999998,-0.0017560825049599117,-0.6012133321551879,-8775749.5,745204.4999999467
2023-07-21,135.5146,42708696.0,0.0,5787652800.34,0.0,0.0,0.06521217522182492,-4728296.5,745204.4999999467
2023-07-24,135.6281,42683696.0,-25000.0,5789109445.05,-3390702.4999999995,-0.0005857036444351959,-0.15343107011365797,-2714269.0,575669.3749999467
2023-07-25,135.8006,42683696.0,0.0,5796471447.9,0.0,0.0,0.06889403063022073,-2714269.0,575669.3749999467
2023-07-26,135.129,42683696.0,0.0,5767804883.23,0.0,0.0,0.06889403063022073,-2714269.0,575669.3749999467
2023-07-27,137.4278,42508696.0,-175000.0,5841878581.73,-24049865.0,-0.004116803295983247,-1.4674681037317077,-5488113.5,-747068.3750000533
2023-07-28,137.9607,42408696.0,-100000.0,5850733587.66,-13796070.0,-0.0023580068709841456,-0.7920147245672882,-8247327.5,-1436871.8750000533
2023-07-31,137.7668,42208696.0,-200000.0,5814955968.74,-27553359.999999996,-0.0047383609004300565,-1.6645837178801484,-13079859.0,-2477738.625000053
2023-08-01,136.0374,42208696.0,0.0,5741959744.17,0.0,0.0,0.12704358372590102,-13079859.0,-2477738.625000053
2023-08-02,134.1902,42333696.0,125000.0,5680768639.67,16773775.0,0.002952729826535305,1.2314234597044902,-9725104.0,-1639049.875000053
2023-08-03,133.1292,42508696.0,175000.0,5659149311.73,23297610.0,0.004116804260970794,1.6341506966438872,-255608.99999999924,-1937696.5000000529
2023-08-04,133.6181,42508696.0,0.0,5679929729.12,0.0,0.0,0.101389988990913,2503605.000000001,-1774299.5000000529
2023-08-07,133.6076,42509646.0,950.0,5679610339.11,126927.21999999999,2.234787466421325e-05,0.10117476111409111,8039662.444,-1767953.139000053
2023-08-08,132.1342,42509646.0,0.0,5616976742.06,0.0,0.0,0.09282180537940589,8039662.444,-1933304.139000053
2023-08-09,132.7837,42557852.0,48206.0,5650989983.08,6400971.042200001,0.0011327167560667368,0.5121174416489538,5965101.65244,-1613255.5868900528
2023-08-10,133.9882,42557852.0,0.0,5702249444.19,0.0,0.0,0.08919765675213613,1305579.65244,-3303473.086890053
2023-08-11,132.6117,42557852.0,0.0,5643667469.97,0.0,0.0,0.08972855523291538,1305579.65244,-2291609.836890053
2023-08-14,133.2137,42557852.0,0.0,5669287304.12,0.0,0.0,0.08972855523291538,1280194.2084400002,-1618567.836890053
2023-08-15,132.0656,42582852.0,25000.0,5623729567.66,3301639.9999999995,0.0005870908194068429,0.30700432787017884,1940522.2084400002,-1453485.836890053
2023-08-16,132.2505,42582852.0,0.0,5631603513.59,0.0,0.0,0.08094886028514695,660327.9999999999,-1453485.836890053
2023-08-17,131.3075,42582852.0,0.0,5591448578.01,0.0,0.0,0.075685918098428,660327.9999999999,-944453.7118900532
2023-08-18,130.4476,42582852.0,0.0,5554832412.39,0.0,0.0,0.075685918098428,660327.9999999999,-944453.7118900532
2023-08-21,130.6883,42582852.0,0.0,5565078644.04,0.0,0.0,0.07389933783990876,660327.9999999999,-774918.5868900532
2023-08-22,131.5449,42582852.0,0.0,5601558883.68,0.0,0.0,0.06216391915845789,0.0,-774918.5868900532
2023-08-23,131.7359,42582852.0,0.0,5609689075.26,0.0,0.0,0.07977307699644516,0.0,-774918.5868900532
2023-08-24,130.8397,42582852.0,0.0,5571526025.29,0.0,0.0,0.076138345612818,0.0,427574.6631099467
2023-08-25,130.9262,42607852.0,25000.0,5578483186.29,3273155.0,0.0005867464130830928,0.2896080466198784,654631.0,1281035.9131099465
2023-08-28,132.2712,42607852.0,0.0,5635792959.95,0.0,0.0,0.05819402174312425,654631.0,2658703.9131099465
2023-08-29,133.429,42607852.0,0.0,5685122889.41,0.0,0.0,0.04193652028510359,654631.0,2658703.9131099465
2023-08-30,133.1024,42607852.0,0.0,5671206291.41,0.0,0.0,0.04193652028510359,654631.0,1820015.1631099465
2023-08-31,133.5634,42607852.0,0.0,5690851560.51,0.0,0.0,0.04193652028510359,654631.0,655134.6631099466
2023-09-01,132.6691,42610062.0,2210.0,5653040700.64,293198.71099999995,5.1865664255133685e-05,0.06224893651042022,58639.74219999999,669794.5986599467
2023-09-04,132.5376,42610062.0,0.0,5647436254.67,0.0,0.0,0.044047005440358104,58639.74219999999,663448.2376599467
2023-09-05,132.0924,42610062.0,0.0,5628466299.98,0.0,0.0,0.044047005440358104,58639.74219999999,663448.2376599467
2023-09-06,131.8374,42610062.0,0.0,5617600885.25,0.0,0.0,0.06449065423509703,58639.74219999999,343399.6855499466
2023-09-07,131.6461,42535062.0,-75000.0,5599575757.77,-9873457.5,-0.0017632509902736004,-0.6415331819257123,-1916051.7578000003,-150273.1894500534
2023-09-08,131.8644,42610062.0,75000.0,5618748951.49,9889830.0,0.0017601480481482235,0.7960710330031215,3274.5,344218.3105499466
2023-09-11,132.3334,42610062.0,0.0,5638735103.02,0.0,0.0,0.07864457654362739,3274.4999999998486,344218.3105499466
2023-09-12,131.6166,42610062.0,0.0,5608193204.26,0.0,0.0,0.07864457654362739,3274.4999999998486,179136.31054994662
2023-09-13,131.1009,42610062.0,0.0,5586217916.17,0.0,0.0,0.07249524312134814,3274.4999999998486,179136.31054994662
2023-09-14,132.3676,42783939.0,173877.0,5663208478.8,23015681.185200002,0.0040640709716688525,1.715816929483582,6581102.23704,1329920.3698099467
2023-09-15,133.1056,42783939.0,0.0,5694782406.67,0.0,0.0,0.03978585206297952,4603136.23704,1329920.3698099467
2023-09-18,131.7101,42783939.0,0.0,5635078288.94,0.0,0.0,0.03978585206297952,4603136.23704,1329920.3698099467
2023-09-19,131.1848,42783939.0,0.0,5612604024.45,0.0,0.0,0.04178434579280887,4603136.23704,1329920.3698099467
2023-09-20,132.165,42783939.0,0.0,5654537933.77,0.0,0.0,0.022342731750834996,4603136.23704,1329920.3698099467
2023-09-21,130.4081,42783939.0,0.0,5579371297.03,0.0,0.0,0.022342731750834996,0.0,1329920.3698099467
2023-09-22,130.2855,42806773.0,22834.0,5577102265.7,2974939.1070000003,0.0005334202181115296,0.2458738636836115,594987.8214,1315009.575159947
2023-09-25,129.0127,42806773.0,0.0,5522616810.94,0.0,0.0,0.01637838595798907,594987.8214,1315009.575159947
2023-09-26,127.7591,42806773.0,0.0,5468955547.53,0.0,0.0,0.01228596827681593,594987.8214,1315009.575159947
2023-09-27,127.4365,42795220.0,-11553.0,5453671416.69,-1472273.8845,-0.00026996013731123684,-0.10105530785261167,300533.0445000001,1241395.8809349467
2023-09-28,128.3245,42819408.0,24188.0,5494780997.17,3103913.006,0.0005648838429772945,0.26228437656124093,921315.6457,1396591.5312349468
2023-09-29,128.8517,42744408.0,-75000.0,5507690939.28,-9663877.5,-0.0017546150658307132,-0.7371663856406819,-1606447.6757,898737.7206849469
2023-10-02,127.6825,42694408.0,-50000.0,5451330411.81,-6384125.0,-0.0011711131994804704,-0.48437699121108424,-2883272.6757,579531.4706849469
2023-10-04,126.4491,42744408.0,50000.0,5404992292.7,6322455.0,0.001169743573647483,0.5282292292791292,-1618781.6757,895654.2206849469
2023-10-05,126.1995,42744408.0,0.0,5394322893.68,0.0,0.0,0.04597930801657456,-1324326.8988,895654.2206849469
2023-10-06,127.5354,42769408.0,25000.0,5454614485.36,3188385.0,0.0005845298523951632,0.32573694965956596,-1307432.5,1548746.345684947
2023-10-09,126.6819,42769408.0,0.0,5418110855.92,0.0,0.0,0.061935400581469756,625343.0,1054254.845684947
2023-10-10,129.155,42769408.0,0.0,5523882444.24,0.0,0.0,0.061935400581469756,1902168.0,1054254.845684947
2023-10-11,129.4598,42769408.0,0.0,5536918101.81,0.0,0.0,0.061935400581469756,637677.0,1054254.845684947
2023-10-12,129.1665,42769408.0,0.0,5524376771.19,0.0,0.0,0.0555557556577252,637677.0,1054254.845684947
2023-10-13,127.1696,42769408.0,0.0,5438967082.94,0.0,0.0,0.0555557556577252,0.0,-96529.21357505322
2023-10-16,127.5979,42797657.0,28249.0,5460890953.31,3604513.0771,0.0006600595228723992,0.3562535482105985,720902.6154199999,83696.44027994678
2023-10-17,127.7121,42747657.0,-50000.0,5459393304.63,-6385605.0,-0.001169654693056186,-0.4671880303048182,-556218.3845800001,-235583.80972005325
2023-10-18,126.3985,42747657.0,0.0,5403240900.64,0.0,0.0,0.049227577580860896,-556218.3845800001,-235583.80972005325
2023-10-19,125.982,42647657.0,-100000.0,5372838252.68,-12598200.0,-0.002344794205132818,-1.0607152377217253,-3075858.3845800003,-865493.8097200531
2023-10-20,123.9154,42722657.0,75000.0,5293994707.3,9293655.0,0.0017555089330151359,0.9287684181499536,-1217127.38458,-400811.0597200532
2023-10-23,123.9324,42722657.0,0.0,5294722479.64,0.0,0.0,0.05556925460328663,-1938030.0,-549558.0150700533
2023-10-24,124.5952,42722657.0,0.0,5323038286.92,0.0,0.0,0.055781571777763314,-660909.0,-549558.0150700533
2023-10-25,124.6969,42722657.0,0.0,5327384016.74,0.0,0.0,0.023833370765758016,-660909.0,-549558.0150700533
2023-10-26,123.3473,42722657.0,0.0,5269725207.7,0.0,0.0,0.08652161018617975,1858731.0,-475944.32084505324
2023-10-27,122.9813,42722657.0,0.0,5254086991.0,0.0,0.0,0.08652161018617975,0.0,-631139.9711450532
2023-10-30,123.2236,42722657.0,0.0,5264438519.23,0.0,0.0,0.06694564390238812,0.0,-147946.09614505322
2023-10-31,124.0086,42722657.0,0.0,5297977515.98,0.0,0.0,0.06079897019391327,0.0,171260.15385494678
2023-11-01,124.9535,42723857.0,1200.0,5338496738.46,149944.2,2.8087345060972075e-05,0.07582012695548698,29988.840000000004,-137365.3861450532
2023-11-02,126.7982,42773857.0,50000.0,5423648942.14,6339910.0,0.0011689381203751864,0.8139570721565252,1297970.84,179630.1138549468
2023-11-03,127.1798,42848857.0,75000.0,5449510779.05,9538485.0,0.0017503378535683567,1.1754255687070145,3205667.84,497135.11385494674
2023-11-06,126.732,42848857.0,0.0,5430320025.12,0.0,0.0,0.04447347807851643,3205667.84,497135.11385494674
2023-11-07,126.871,42898063.0,49206.0,5442519625.26,6242814.426,0.0011470449085797772,0.772933745295885,4454230.725199999,809275.8351549467
2023-11-08,127.5145,43046980.0,148917.0,5489116121.4,18989076.7965,0.0034594051895657173,2.2394022287731707,8222057.244499999,1758729.6749799468
2023-11-09,128.5437,43046980.0,0.0,5533417704.57,0.0,0.0,0.013348560166653534,6954075.244499999,1758729.6749799468
2023-11-10,127.5537,43046980.0,0.0,5490802406.73,0.0,0.0,-0.019065188502930652,5046378.2445,1758729.6749799468
2023-11-13,128.4783,43071980.0,25000.0,5533814645.04,3211957.4999999995,0.0005804237593824906,0.3751590202140315,5688769.7445,1739101.8961249467
2023-11-14,130.7336,43171980.0,100000.0,5644028327.69,13073360.0,0.0023163172190084833,1.5352696510702393,7054878.8593,2712050.146124947
2023-11-15,131.8529,43146980.0,-25000.0,5689054978.24,-3296322.5,-0.0005794147732106766,-0.4212983539731531,2597799.0,2547234.021124947
2023-11-16,132.1743,43146980.0,0.0,5702922780.5,0.0,0.0,-0.028991083709512592,2597799.0,3177144.021124947
2023-11-17,133.2837,43146980.0,0.0,5750790732.64,0.0,0.0,-0.028991083709512592,2597799.0,2712461.271124947
2023-11-20,133.1326,43121980.0,-25000.0,5740940946.38,-3328315.0,-0.0005797507814635679,-0.41539294009090183,1289744.5,2546045.521124947
2023-11-21,133.1253,43121980.0,0.0,5740624831.29,0.0,0.0,-0.01914827315896932,-1324927.5,2546045.521124947
2023-11-22,133.6044,42946980.0,-175000.0,5737905051.59,-23380770.0,-0.004074792069541318,-2.675273888654169,-5341817.0,1377007.0211249467
2023-11-23,133.9127,42946980.0,0.0,5751147303.29,0.0,0.0,0.00329039252940316,-5341817.0,1377007.0211249467
2023-11-24,134.2032,42946980.0,0.0,5763624280.46,0.0,0.0,0.00329039252940316,-5341817.0,1377007.0211249467
2023-11-27,133.673,42946980.0,0.0,5740851027.63,0.0,0.0,0.00329039252940316,-4676154.0,1377007.0211249467
2023-11-28,133.8926,43096980.0,150000.0,5770365402.18,20083889.999999996,0.0034805230865297466,2.222326469407552,-659376.0000000007,2381201.5211249464
2023-11-29,135.3472,43146980.0,50000.0,5839824249.43,6767359.999999999,0.0011588293946792202,0.7197248904794988,5370249.999999999,2712072.3111249465
2023-11-30,135.7564,42821980.0,-325000.0,5813355879.73,-44120830.00000001,-0.0075895628811992145,-4.7039021266284085,-3453916.0000000023,189035.31112494617
2023-12-01,137.2807,42946980.0,125000.0,5895792593.01,17160087.5,0.0029105649883859296,1.7435337245605314,-21898.500000002234,570115.436124946
2023-12-04,137.3397,42946980.0,0.0,5898325955.34,0.0,0.0,-0.0356443962440464,-21898.500000002234,570115.436124946
2023-12-05,138.4138,42871980.0,-75000.0,5934073557.74,-10381035.0,-0.001749394391388979,-1.0905000349783316,-6114883.500000002,-261077.035175054
2023-12-06,139.4459,42846980.0,-25000.0,5974835751.78,-3486147.5,-0.0005834716877298963,-0.37825399840574286,-8165585.000000002,-1384838.250000054
2023-12-07,139.2155,42746980.0,-100000.0,5951043783.03,-13921550.0,-0.0023393459210800465,-1.4303134781588909,-2125729.0,-2080915.750000054
2023-12-08,140.3052,42522750.0,-224230.0,5966164217.36,-31460634.996000003,-0.0052731761731361106,-3.0479323898581256,-11849873.499200001,-3653947.499800054
2023-12-11,140.5984,42422750.0,-100000.0,5964570186.52,-14059840.0,-0.0023572260129951033,-1.3361469000974353,-14661841.499200001,-4517537.374800054
2023-12-12,140.5751,42397750.0,-25000.0,5960069717.9,-3514377.5,-0.0005896537568084477,-0.31642495420931305,-13288509.999200001,-5346924.249800054
2023-12-13,140.3593,42395403.0,-2347.0,5950587550.76,-329423.27709999995,-5.535978998543203e-05,-0.008947389069427734,-12657165.154620001,-5198579.288655054
2023-12-14,140.243,42070403.0,-325000.0,5900079690.95,-45578975.0,-0.007725145656915884,-4.063812985760618,-18988650.15462,-7477528.038655055
2023-12-15,140.2358,42020403.0,-50000.0,5892766609.14,-7011790.000000001,-0.0011898977959052942,-0.5711869410773732,-14098881.15542,-7828117.538655055
2023-12-18,139.389,41945403.0,-75000.0,5846727582.9,-10454175.0,-0.0017880386680876772,-0.8789912310238345,-13377748.15542,-8184410.538655055
2023-12-19,140.174,41845403.0,-100000.0,5865635556.58,-14017400.0,-0.002389749561626864,-1.1874825736515278,-15478352.65542,-8885280.538655054
2023-12-20,140.0783,41845403.0,0.0,5861632104.1,0.0,0.0,0.07537555839166564,-15412468.0,-7716242.038655055
2023-12-21,139.6957,41795403.0,-50000.0,5838637828.16,-6984784.999999999,-0.00119630386497208,-0.5508442301924548,-7693630.0,-8065481.288655055
2023-12-22,139.8525,41795403.0,0.0,5845189766.79,0.0,0.0,0.10744718073192416,-6291272.0,-8065481.288655055
2023-12-27,140.1498,41770403.0,-25000.0,5854111619.26,-3503745.0,-0.0005985101118456121,-0.219871629162557,-4901186.0,-8240668.538655055
2023-12-28,139.8099,41720403.0,-50000.0,5832927041.12,-6990495.0,-0.0011984540438650388,-0.5419244131682255,-3495805.0,-9594387.788655054
2023-12-29,140.2284,41670403.0,-50000.0,5843375709.44,-7011420.0,-0.001199892039916759,-0.5343624886038136,-4898089.0,-10283326.788655054
2024-01-02,140.3746,41670403.0,0.0,5849465462.0,0.0,0.0,0.12090900718723223,-3501132.0,-8077285.288655055
2024-01-03,138.4407,41670403.0,0.0,5768878966.13,0.0,0.0,0.15460896647110928,-3501132.0,-8935289.663655054
2024-01-04,139.1006,41498291.0,-172112.0,5772438836.81,-23940882.467199996,-0.004147446710830868,-2.2048865448929207,-7588559.493439999,-10132333.787015054
2024-01-05,138.907,41498291.0,0.0,5764404517.73,0.0,0.0,0.14647089196217616,-6190460.493439999,-9613282.037015054
2024-01-08,139.9286,41498291.0,0.0,5806796469.2,0.0,0.0,0.14647089196217616,-4788176.493439999,-9438974.662015054
2024-01-09,139.6926,41498291.0,0.0,5797004260.73,0.0,0.0,0.14647089196217616,-4788176.493439999,-8742897.162015054
2024-01-10,139.704,41423291.0,-75000.0,5787000537.12,-10477800.0,-0.0018105752596343212,-0.8900085989517976,-6883736.493439999,-7693755.412215052
2024-01-11,138.5082,41273291.0,-150000.0,5716690962.3,-20776230.0,-0.003634310501829381,-1.887910471339925,-6250806.0,-8029574.912215052
2024-01-12,139.8261,41270583.0,-2708.0,5770705690.52,-378649.0788,-6.561573213169356e-05,0.12211783876044353,-6326535.81576,-7872788.491155053
2024-01-15,139.1352,41195583.0,-75000.0,5731754254.22,-10435140.0,-0.0018205839847926374,-0.8564659435321084,-8413563.81576,-8378074.327300054
2024-01-16,138.7114,41200998.0,5415.0,5715046323.78,751122.231,0.00013142889636338044,0.24042502246238195,-8263339.3695600005,-6061569.465750053
2024-01-17,137.5391,41200998.0,0.0,5666747954.44,0.0,0.0,0.15020162227440248,-6167779.3695600005,-5710979.965750053
2024-01-18,138.6741,41209301.0,8303.0,5714663277.77,1151411.0523,0.00020148362140232846,0.2550082381772344,-1782251.1590999998,-5130700.663135054
2024-01-19,138.5712,41259301.0,50000.0,5717350415.11,6928560.0,0.0012118480584448657,0.8308988647282523,-320809.34333999996,-4083402.663135053
2024-01-22,139.6426,41259301.0,0.0,5761555669.51,0.0,0.0,0.11313315739331488,1766218.6566600003,-4083402.663135053
2024-01-23,139.1707,41259301.0,0.0,5742086556.64,0.0,0.0,0.12961625558581916,1615994.2104600002,-3734163.413135053
2024-01-24,141.37,41134301.0,-125000.0,5815157561.72,-17671250.0,-0.0030388256573349354,-1.6903740412241488,-1918255.7895399996,-4617725.913135054
2024-01-25,141.5114,41134301.0,0.0,5820972115.16,0.0,0.0,0.16835726464839795,-2148537.9999999995,-4442538.663135054
2024-01-26,141.9668,41134301.0,0.0,5839703047.07,0.0,0.0,0.16847456720623583,-3534250.0,-4093013.913135053
2024-01-29,141.7999,41084301.0,-50000.0,5825749993.44,-7089995.0,-0.0012170098284312895,-0.5690207910149706,-4952249.0,-4096942.663135053
2024-01-30,142.0557,41084301.0,0.0,5836258856.39,0.0,0.0,0.18077670354689201,-4952249.0,-4096942.663135053
2024-01-31,141.481,41084301.0,0.0,5812649783.22,0.0,0.0,0.18077670354689201,-1417999.0,-4096942.663135053
2024-02-01,141.1062,41084301.0,0.0,5797248020.97,0.0,0.0,0.18077670354689201,-1417999.0,-2899898.5397750535
2024-02-02,141.6009,41034301.0,-50000.0,5810495667.15,-7080045.0,-0.0012184924325866857,-0.5589984698861419,-2834008.0,-3253900.7897750535
2024-02-05,141.4809,40884301.0,-150000.0,5784348787.46,-21222135.0,-0.003668889235380804,-2.0046022481215227,-5660436.0,-4315007.539775053
2024-02-06,142.5617,40884301.0,0.0,5828533654.24,0.0,0.0,0.20516319073799677,-5660436.0,-4315007.539775053
2024-02-07,141.6294,40809301.0,-75000.0,5779797980.86,-10622205.0,-0.0018378159643599652,-0.8896861424985383,-7784877.0,-4322227.789775053
2024-02-08,141.9792,40759301.0,-50000.0,5786974418.84,-7098960.0,-0.001226713561561412,-0.5161701505931887,-9204669.0,-3638364.2897750535
2024-02-09,141.6039,40759301.0,0.0,5771675373.12,0.0,0.0,0.21963703464066436,-7788660.0,-3619431.8358350536
2024-02-12,142.5302,40634301.0,-125000.0,5791614948.2,-17816275.0,-0.0030762188369475763,-1.5930810198709506,-7107488.0,-3988488.585835053
2024-02-13,141.2203,40634301.0,0.0,5738389778.81,0.0,0.0,0.23252018524252513,-7107488.0,-4026044.697385053
2024-02-14,141.7598,40634301.0,0.0,5760309290.13,0.0,0.0,0.23252018524252513,-4983047.0,-4026044.697385053
2024-02-15,142.6052,40634301.0,0.0,5794661679.63,0.0,0.0,0.23570353775599645,-3563255.0,-4083615.250000053
2024-02-16,143.1953,40609301.0,-25000.0,5815060815.57,-3579882.5,-0.0006156225383601762,-0.12705155867404586,-4279231.5,-4609037.375000053
2024-02-19,142.9823,40584301.0,-25000.0,5802838466.19,-3574557.5,-0.0006160015517969375,-0.1242481193463643,-1430888.0,-4787765.250000053
2024-02-20,142.7827,40509301.0,-75000.0,5784028139.18,-10708702.5,-0.0018514264181152772,-0.8470017254117875,-3572628.5,-5323200.375000053
2024-02-21,143.1976,40584301.0,75000.0,5811574324.98,10739820.0,0.0018480052735171655,1.3268964162699983,-1424664.5,-3902646.875000053
2024-02-22,145.3074,40584301.0,0.0,5897198161.82,0.0,0.0,0.2397524658190982,-1424664.5,-3902646.875000053
2024-02-23,145.7138,40584301.0,0.0,5913692180.47,0.0,0.0,0.2397524658190982,-708688.0,-3902646.875000053
2024-02-26,145.7365,40583098.0,-1203.0,5914437152.77,-175321.00950000001,-2.9642889927047275e-05,0.22246158610718603,-28840.701900000004,-3556913.1754750526
2024-02-27,146.8495,40583098.0,0.0,5959607183.73,0.0,0.0,0.23990595799915798,2112899.7981,-3556913.1754750526
2024-02-28,147.2217,40583098.0,0.0,5974714029.93,0.0,0.0,0.23183219552973042,-35064.201900000124,-3556913.1754750526
2024-02-29,147.8632,40608098.0,25000.0,6004442162.96,3696580.0,0.0006156408704880759,0.6038654519218255,704251.7980999999,-3372084.1754750526
2024-03-01,148.3394,40608098.0,0.0,6023780404.63,0.0,0.0,0.2387292651390126,704251.7980999999,-3018081.925475053
2024-03-04,148.1798,40358098.0,-250000.0,5980256258.18,-37044950.0,-0.0061945422404480815,-3.249525043907672,-6669674.0,-3809222.6754750535
2024-03-05,148.0325,40358098.0,0.0,5974308431.74,0.0,0.0,0.25707491986815406,-6669674.0,-3809222.6754750535
2024-03-06,148.1838,40358098.0,0.0,5980416290.74,0.0,0.0,0.28413966778836725,-6669674.0,-3278112.4254750535
2024-03-07,149.2375,40333098.0,-25000.0,6019208841.42,-3730937.5000000005,-0.000619838520027132,-0.07377952935417474,-8155177.5,-3109711.3004750535
2024-03-08,148.9995,40308098.0,-25000.0,6005884541.94,-3724987.5000000005,-0.0006202229619946654,-0.07101640416207151,-8900175.0,-3295960.6754750535
2024-03-11,148.4277,40308098.0,0.0,5982836657.29,0.0,0.0,0.2903445114857911,-1491185.0000000002,-2405146.9254750535
2024-03-12,150.2567,40358098.0,50000.0,6064074272.15,7512835.0,0.001238908803360739,1.002222393464692,11381.999999999814,-2029505.1754750535
2024-03-13,150.2236,40356654.0,-1444.0,6062523247.92,-216922.87840000002,-3.5780956134794934e-05,0.26263778868154225,-32002.57568000019,-2040351.3193950534
2024-03-14,150.0611,40356654.0,0.0,6055965016.12,0.0,0.0,0.28631180136050516,714184.92432,-2040351.3193950534
2024-03-15,150.0157,40456654.0,100000.0,6069133892.05,15001570.000000002,0.002471781026226932,1.6903131728400607,4459496.42432,-1111278.6943950534
2024-03-18,149.9793,40506654.0,50000.0,6075157988.37,7498965.0,0.0012343654295667158,0.9703319661825721,5959289.42432,-557602.5693950533
2024-03-19,150.437,40656654.0,150000.0,6116264819.98,22565550.0,0.003689433120404651,2.302472741478675,8969832.424320001,1106110.0556049466
2024-03-20,150.6673,40556654.0,-100000.0,6110561115.01,-15066730.000000002,-0.002465686819331541,-1.1200987540050953,5999871.0,-184217.4443950535
2024-03-21,152.0384,40481654.0,-75000.0,6154767146.34,-11402880.0,-0.0018526907239343486,-0.778040090288722,3719295.0,-754361.4443950534
2024-03-22,152.261,40415494.0,-66160.0,6153704896.61,-10073587.76,-0.001636995587089237,-0.6550624057691199,-1295736.5520000004,-1258040.8323950535
2024-03-25,152.7218,40425064.0,9570.0,6173790235.07,1461547.626,0.0002367342540564028,0.39216588958217224,-2503220.0268,-1176197.4006200535
2024-03-26,153.7498,40425064.0,0.0,6215346432.03,0.0,0.0,0.2601678719758935,-7016330.026800001,-1176197.4006200535
2024-03-27,154.5244,40438205.0,13141.0,6248689398.92,2030605.1404000001,0.00032496496637374265,0.442844634133812,-3596862.9987200005,-1074667.1436000534
2024-03-28,154.6526,40413205.0,-25000.0,6250008503.43,-3866315.0,-0.0006186095583515077,-0.08074700379944742,-2089549.9987200003,-1452811.8936000534
2024-04-02,152.8985,40413205.0,0.0,6179119949.25,0.0,0.0,0.2644831094511657,-74832.44672000036,-1452811.8936000534
2024-04-03,153.6052,40513205.0,100000.0,6223038878.34,15360520.0,0.0024683310357362623,1.6129214543095534,2704962.0280799996,1167461.6063999466
2024-04-04,153.9006,40513205.0,0.0,6235007834.04,0.0,0.0,0.25027372781304064,2704962.0280799996,1167461.6063999466
2024-04-05,151.9932,40663205.0,150000.0,6180529709.41,22798980.0,0.0036888391565027224,2.2223228054964324,6858637.0,2307410.606399947
2024-04-08,153.1943,40713205.0,50000.0,6237030041.76,7659715.0,0.001228102951038302,0.887998000572946,9163843.0,2876943.231399947
2024-04-09,151.1683,40863205.0,150000.0,6177220309.2,22675245.0,0.003670784570566276,2.1426397061288784,13698892.0,4196954.856399947
2024-04-10,151.3398,40888205.0,25000.0,6188014340.56,3783495.0,0.0006114231143907793,0.5202184154829415,11383487.0,4386129.606399947
2024-04-11,150.1461,40813205.0,-75000.0,6127944020.32,-11260957.5,-0.0018376403998892855,-0.7785515432512876,9131295.5,3447439.981399947
2024-04-12,149.9428,40813205.0,0.0,6119646775.43,0.0,0.0,0.20390767998929848,4571499.5,3458286.1253199466
2024-04-15,150.7455,40838205.0,25000.0,6156174686.07,3768637.5,0.0006121719561544535,0.5267104072039712,3793284.0,3646718.0003199466
2024-04-16,148.5409,40588205.0,-250000.0,6029007604.92,-37135225.0,-0.0061594258016353515,-2.9360048471486873,-8168810.0,1039878.2503199466
2024-04-17,148.5717,40588205.0,0.0,6030259399.66,0.0,0.0,0.2198412496635434,-8925509.0,664930.0003199467
2024-04-18,149.1332,40388205.0,-200000.0,6023221847.04,-29826639.999999996,-0.0049519411300876694,-2.2469961155461844,-12638645.5,-1954679.499680053
2024-04-19,148.291,40388205.0,0.0,5989206222.02,0.0,0.0,0.2358210799076934,-12638645.5,-1201342.9996800532
2024-04-22,149.3213,40363205.0,-25000.0,6027087813.26,-3733032.5,-0.0006193758272091335,-0.07215073485863326,-14138979.5,-817850.6246800532
2024-04-23,151.6282,40338205.0,-25000.0,6116407945.71,-3790705.0,-0.0006197600018911051,-0.06976873986993502,-7470075.5,-503706.4866800532
2024-04-24,151.2176,42613205.0,2275000.0,6443867021.33,344020040.0,0.05338720350082504,10.067780136364023,61333932.5,16624218.132019946
2024-04-25,149.7845,44488205.0,1875000.0,6663642797.7,280845937.5,0.04214600722549772,6.382113953577965,123468448.0,30666515.00701995
2024-04-26,151.7341,46088205.0,1600000.0,6993154551.34,242774560.00000003,0.03471602954255895,4.69616544100846,172023360.0,42703712.74999995
2024-04-29,151.3652,46088205.0,0.0,6976149946.39,0.0,0.0,-0.0798171846732379,172769966.5,42897028.49999995
2024-04-30,149.8099,46088205.0,0.0,6904471397.08,0.0,0.0,-0.07850213925131871,173528107.5,42897028.49999995
2024-05-02,149.5049,46213205.0,125000.0,6909102232.49,18688112.5,0.0027048539551375135,0.29456611574024477,108461722.0,43063408.12499995
2024-05-03,150.3807,46213205.0,0.0,6949574069.01,0.0,0.0,-0.07766053122454182,52292534.50000001,43063408.12499995
2024-05-06,151.7865,46213205.0,0.0,7014538574.56,0.0,0.0,-0.07766053122454182,3737622.5,41923459.12499995
2024-05-07,153.906,46013205.0,-200000.0,7081706050.21,-30781200.0,-0.0043465797340016986,-0.6688903301441531,-2418617.5,40001413.37499995
2024-05-08,154.4751,46013205.0,0.0,7107892246.27,0.0,0.0,-0.06923878503306526,-2418617.5,38867651.12499995
2024-05-09,155.877,45988205.0,-25000.0,7168501840.4,-3896925.0000000005,-0.0005436177721316667,-0.1439659615663644,-6935625.0,38483630.12499995
2024-05-10,156.5956,45988205.0,0.0,7201549667.87,0.0,0.0,-0.06928018752398862,-6935625.0,39046677.99999995
2024-05-13,156.3371,46238205.0,250000.0,7228745433.53,39084275.0,0.005406785362603929,0.6661070584538952,881230.0,41000891.74999995
2024-05-14,156.1217,46238205.0,0.0,7218788597.76,0.0,0.0,-0.0759982434257526,7037470.0,40812459.87499995
2024-05-15,157.3796,46438205.0,200000.0,7308424550.24,31475920.000000004,0.004306799609632198,0.5091725123297273,13332654.0,44243017.12499995
2024-05-16,156.2002,46438205.0,0.0,7253659060.83,0.0,0.0,-0.08563078394100247,14112039.0,44243017.12499995
2024-05-17,155.8702,46488205.0,50000.0,7246125635.6,7793510.000000001,0.00107554166073394,0.06073401629754489,15670741.0,46124024.62499995
2024-05-21,156.0527,46063205.0,-425000.0,7188286247.98,-66322397.49999999,-0.009226454708677946,-1.3323602055404602,-5410593.499999997,42807904.74999995
2024-05-22,155.6631,43041815.0,-3021390.0,6700021871.7,-470318933.70899993,-0.07019662662528976,-7.175383778858865,-99474380.24179998,19478609.68954995
2024-05-23,155.7559,42016045.0,-1025770.0,6544244915.18,-159769729.54299998,-0.024413776014464077,-2.4096263686739787,-137723510.15039998,11679658.462399954
2024-05-24,155.7709,40891045.0,-1125000.0,6369635951.6,-175242262.5,-0.02751213159301209,-2.6158299662657383,-172771962.65039998,-14283456.662600046
2024-05-27,156.4468,40691045.0,-200000.0,6365982479.91,-31289360.0,-0.004915087356703244,-0.4302125635329582,-180588536.65039998,-29890221.537600048
2024-05-28,155.6392,40691045.0,0.0,6333119709.29,0.0,0.0,0.04871737936509585,-167324057.15039998,-42028949.53760005
2024-05-29,153.935,40716045.0,25000.0,6267622860.58,3848375.0,0.000614008705629725,0.10777645931420154,-72490595.4086,-41836530.78760005
2024-05-30,154.0979,40841045.0,125000.0,6293518580.13,19262237.5,0.0030606467995208677,0.34105929490911335,-36684202.0,-40873418.91260005
2024-05-31,154.106,40741045.0,-100000.0,6278439736.86,-15410600.0,-0.0024545270235734103,-0.19212671040757356,-4717869.5,-42578354.53760005
2024-06-03,155.0214,40741045.0,0.0,6315734787.2,0.0,0.0,0.04393259201152686,1540002.5,-42578354.53760005
2024-06-04,153.3358,40741045.0,0.0,6247060918.46,0.0,0.0,0.03970865536536955,1540002.5,-42578354.53760005
2024-06-05,154.7547,40741045.0,0.0,6304868017.22,0.0,0.0,0.037807892974796545,770327.5,-41039294.53760005
2024-06-06,155.3921,40841045.0,100000.0,6346377092.46,15539210.0,0.0024485166534560033,0.27290953360001,25722.0,-40262334.03760005
2024-06-07,154.5972,40840245.0,-800.0,6313789223.68,-123677.76,-1.958851580539685e-05,0.03340995408014634,3083106.448,-40073671.675600044
2024-06-10,154.0751,40840245.0,0.0,6292464743.01,0.0,0.0,0.02912730144959838,3083106.448,-40073671.675600044
2024-06-11,153.0332,40840245.0,0.0,6249914154.56,0.0,0.0,0.028163926445029814,3083106.448,-42027885.425600044
2024-06-12,155.1994,40815245.0,-25000.0,6334501139.45,-3879985.0,-0.000612516268382404,-0.03235175161345485,2307109.448,-42221884.675600044
2024-06-13,152.1567,40740245.0,-75000.0,6198900267.36,-11411752.5,-0.001840931779478372,-0.1522686035459264,-3083083.052,-44366268.300600044
2024-06-14,149.9611,40724993.0,-15252.0,6107164936.18,-2287206.6972,-0.00037451202335311997,-0.009348551207599148,-3515788.8394400002,-44480628.63546005
2024-06-17,150.5097,40949993.0,225000.0,6163370141.58,33864682.5,0.005494507342912668,0.555313199676584,3257147.6605599998,-43177070.01046005
2024-06-18,151.0407,40949993.0,0.0,6185116102.55,0.0,0.0,0.021624474073780812,3257147.6605599998,-39860950.13546005
2024-06-19,150.5057,40946659.0,-3334.0,6162705972.68,-501786.00379999995,-8.14229992513802e-05,0.013297271596162627,3932787.4598,-16370092.750200054
2024-06-20,152.056,40946659.0,0.0,6226186144.11,0.0,0.0,0.020236708815265805,6215137.959799999,-8381606.273050053
2024-06-21,151.3012,40946659.0,0.0,6195278188.44,0.0,0.0,0.01926616964788364,6672579.29924,380506.85194994643
2024-06-24,152.6476,40946659.0,0.0,6250408470.71,0.0,0.0,0.01926616964788364,-100357.20075999999,1944974.8519499465
2024-06-25,151.4145,40946659.0,0.0,6199919767.85,0.0,0.0,0.01926616964788364,-100357.20075999999,1944974.8519499465
2024-06-26,151.2277,40945759.0,-900.0,6192131142.21,-136104.93,-2.198030482142268e-05,0.013800089162649222,-27220.985999999997,1745750.8554499466
2024-06-27,151.6876,40945759.0,0.0,6210963282.85,0.0,0.0,0.015936565200104866,-27220.985999999997,782638.9804499464
2024-06-28,151.8943,40920759.0,-25000.0,6215630718.29,-3797357.4999999995,-0.0006109367934015072,-0.04295107844654455,-786692.4859999999,1363301.1054499464
2024-07-01,152.3521,40945759.0,25000.0,6238170408.08,3808802.5,0.0006105640357414159,0.07528119594287613,-24931.98599999994,1553741.2304499464
2024-07-02,151.2979,40945759.0,0.0,6195005555.48,0.0,0.0,0.01447143712076807,-24931.98599999994,1553741.2304499464
2024-07-03,153.0503,40945759.0,0.0,6266759666.84,0.0,0.0,0.011533033289680892,2289.000000000058,1553741.2304499464
2024-07-04,153.682,40945759.0,0.0,6292627917.84,0.0,0.0,0.011479849677038481,2289.000000000058,776780.7304499464
2024-07-05,153.8892,40945759.0,0.0,6301111687.45,0.0,0.0,0.010005509956158646,761760.5,782964.6184499464
2024-07-08,153.859,40869496.0,-76263.0,6288140568.33,-11733748.917000001,-0.0018660125023439549,-0.16985394632746026,-2346749.7834,196277.17259994632
2024-07-09,151.8942,40819496.0,-50000.0,6200243300.74,-7594710.000000001,-0.001224905158011069,-0.10650594458844591,-3865691.7834000005,-183458.3274000537
2024-07-10,153.3178,40969496.0,150000.0,6281352850.15,22997670.0,0.003661260646972063,0.36566083373437164,733842.2165999993,1160424.4225999464
2024-07-11,154.3774,40969496.0,0.0,6324762420.94,0.0,0.0,0.01078818230746265,733842.2165999993,1731012.0475999464
2024-07-12,156.1562,40869496.0,-100000.0,6382023215.14,-15615620.000000002,-0.002446813412235049,-0.22501514792963498,-2389281.783400001,1064591.3824599464
2024-07-15,154.844,40844496.0,-25000.0,6324523933.19,-3871100.0,-0.0006120776900985609,-0.04621854973263123,-816752.0000000007,-822197.7425400538
2024-07-16,154.2364,40844496.0,0.0,6299709168.83,0.0,0.0,0.010805669894986894,702189.9999999994,-822197.7425400538
2024-07-17,153.5633,40844496.0,0.0,6272216497.0,0.0,0.0,0.010805669894986894,-3897344.000000001,-797108.4423500538
2024-07-18,152.8749,41019496.0,175000.0,6270852226.14,26753107.5,0.004266263425644105,0.42176525966990713,1453277.4999999993,540546.9326499462
2024-07-19,151.3519,41019496.0,0.0,6208379874.42,0.0,0.0,0.00635918679165303,4576401.5,540546.9326499462
2024-07-22,153.3081,41019496.0,0.0,6288620678.88,0.0,0.0,0.00635918679165303,5350621.5,540546.9326499462
2024-07-23,154.5617,41019496.0,0.0,6340044506.29,0.0,0.0,0.00635918679165303,5350621.5,540546.9326499462
2024-07-24,153.1432,40792704.0,-226792.0,6247123816.22,-34731652.6144,-0.0055596228978562765,-0.5285984150577391,-1595709.0228799998,-1189230.4515700538
2024-07-25,152.4037,41192704.0,400000.0,6277919682.66,60961479.99999999,0.009710458731796035,0.9407066923970926,5245965.477119999,1858843.548429946
2024-07-26,153.3927,41241934.0,49230.0,6326212293.44,7551522.620999999,0.0011936878294189703,0.1135322105815076,6756270.001319999,2426287.554479946
2024-07-29,152.592,41241934.0,0.0,6293187856.9,0.0,0.0,-0.0019154002748955328,6756270.001319999,2235847.429479946
2024-07-30,153.3448,41291934.0,50000.0,6331902640.63,7667240.0,0.0012108903808472234,0.11274817252350396,8289718.001319999,2619209.429479946
2024-07-31,154.1558,41291934.0,0.0,6365392029.67,0.0,0.0,-0.005362001084611715,15236048.524199998,2619209.429479946
2024-08-01,150.6104,41241934.0,-50000.0,6211463503.24,-7530520.0,-0.0012123584073337884,-0.1216476990353874,1537648.5241999999,2242683.429479946
2024-08-02,147.0972,41241934.0,0.0,6066571427.32,0.0,0.0,-0.006866638607539579,27344.0,2242683.429479946
2024-08-05,144.4113,41241934.0,0.0,5955801649.72,0.0,0.0,-0.006866638607539579,27344.0,2829370.875329946
2024-08-06,144.538,41141934.0,-100000.0,5946573016.7,-14453800.000000002,-0.0024306100268858743,-0.2400354474729256,-4396864.0,2486416.375329946
2024-08-07,146.7097,41141934.0,0.0,6035922138.19,0.0,0.0,-0.004905547640169185,-4396864.0,1336532.8753299457
2024-08-08,147.2526,41166934.0,25000.0,6061937798.59,3681315.0,0.000607283532479708,0.05285570327218179,-2154497.0000000005,1520598.6253299457
2024-08-09,147.6055,41216934.0,50000.0,6083844693.02,7380275.0,0.001213093918795691,0.1099821577451409,-678442.0000000003,2670393.3753299457
2024-08-12,147.6339,41216934.0,0.0,6085018233.15,0.0,0.0,-0.008859465122007134,-678442.0000000003,2863948.3753299457
2024-08-13,148.3457,41240679.0,23745.0,6117876109.23,3522468.6465,0.0005757665869018947,0.04787624889036959,2916811.7293,3040071.8076549456
2024-08-14,148.9577,41240679.0,0.0,6143115058.05,0.0,0.0,-0.007834620406309235,2916811.7293,3040071.8076549456
2024-08-15,151.436,41340679.0,100000.0,6260466644.8,15143600.0,0.0024189251152034186,0.2242211209507276,5209268.7293,2459596.4326549456
2024-08-16,152.5942,41338528.0,-2151.0,6308018174.35,-328230.1242,-5.203379494603659e-05,-0.014798624412410264,3667567.7044599997,2443184.926444946
2024-08-19,153.419,41338528.0,0.0,6342116128.8,0.0,0.0,-0.009764934579236025,3667567.7044599997,2443184.926444946
2024-08-20,152.8839,41263528.0,-75000.0,6308530760.21,-11466292.5,-0.0018175852565103935,-0.18410442431869214,669815.4751600001,1869870.3014449459
2024-08-21,153.6446,41288528.0,25000.0,6343758530.34,3841115.0,0.000605495146391414,0.0502762316231483,1438038.47516,3798508.682164946
2024-08-22,154.0139,41288528.0,0.0,6359007355.31,0.0,0.0,-0.008290312190135376,-1590681.52484,750434.6821649461
2024-08-23,155.1768,41288528.0,0.0,6407021885.22,0.0,0.0,-0.013304180544392627,-1525035.5,372858.55111494614
2024-08-26,155.041,41288528.0,0.0,6401416332.7,0.0,0.0,-0.013304180544392627,-1525035.5,372858.55111494614
2024-08-27,155.58,41263528.0,-25000.0,6419778934.32,-3889500.0000000005,-0.000605861983690251,-0.07150738981055293,-9677.000000000093,-204978.4488850539
2024-08-28,156.4162,41263528.0,0.0,6454282953.57,0.0,0.0,-0.013315474877998796,-777900.0000000001,-204978.4488850539
2024-08-29,157.5007,41213528.0,-50000.0,6491159964.69,-7875035.0,-0.001213193796307266,-0.13036048438870557,-2352907.0,-222204.19888505386
2024-08-30,157.4525,41213528.0,0.0,6489172913.35,0.0,0.0,-0.012836135101824606,-2352907.0,-222204.19888505386
2024-09-02,157.6497,41138528.0,-75000.0,6485478622.76,-11823727.5,-0.0018231079289207836,-0.18695355398197172,-4717652.5,-813390.5738850539
2024-09-03,156.1192,41063528.0,-75000.0,6410803400.09,-11708940.0,-0.001826438789221897,-0.18580376228207318,-6281540.5,-676147.5738850537
2024-09-04,154.8253,41088528.0,25000.0,6361543750.96,3870632.5,0.0006084423296492923,0.04951840492450596,-5507414.0,-482615.94888505375
2024-09-05,154.6966,41088528.0,0.0,6356256113.55,0.0,0.0,-0.00741429852473114,-3932407.0,-666681.6988850537
2024-09-06,152.409,41088528.0,0.0,6262260470.9,0.0,0.0,-0.006418209738751108,-3932407.0,-1035695.4488850537
2024-09-09,153.5871,41088528.0,0.0,6310668119.82,0.0,0.0,-0.0034415884393869025,-1567661.5,-1035695.4488850537
2024-09-10,152.1062,41113528.0,25000.0,6253622066.73,3802655.0,0.0006080724033885209,0.05302547290323883,1534657.5,-1021686.1312100537
2024-09-11,152.6423,41113528.0,0.0,6275663019.28,0.0,0.0,-0.007423548180023275,760531.0,-1021686.1312100537
2024-09-12,154.2078,41213528.0,100000.0,6355445629.71,15420780.0,0.002426388470371298,0.2245382597414959,3844687.0,-1007827.1312100537
2024-09-13,155.7149,41213528.0,0.0,6417561590.16,0.0,0.0,-0.01051452106537196,3844687.0,-991415.6250000537
2024-09-16,155.1608,41213528.0,0.0,6394722061.99,0.0,0.0,-0.01051452106537196,3844687.0,-991415.6250000537
2024-09-17,155.9343,41207075.0,-6453.0,6425595756.71,-1006244.0379,-0.0001565993373998385,-0.02530810142260224,2882907.1924199997,-468413.2018950538
2024-09-18,155.812,41307075.0,100000.0,6436137907.87,15581200.000000002,0.0024208928122791736,0.22208810555346153,5999147.19242,118591.04810494631
2024-09-19,158.2342,41332075.0,25000.0,6540145805.53,3955854.9999999995,0.0006048573101619751,0.045563499448728735,3706162.1924199997,316383.7981049463
2024-09-20,155.8816,41357075.0,25000.0,6446807637.53,3897040.0,0.0006044914350031846,0.04704335913065967,4485570.19242,511235.7981049463
2024-09-23,156.9351,41282075.0,-75000.0,6478604662.05,-11770132.5,-0.00181676967711063,-0.18621092158231095,2131543.69242,-77270.82689505369
2024-09-24,158.1821,41207075.0,-75000.0,6518222594.74,-11863657.5,-0.0018200755386251458,-0.18214876251697884,-39938.99999999963,-475978.7018950537
2024-09-25,157.5308,41207075.0,0.0,6491381640.4,0.0,0.0,-0.004654427151905239,-3156179.0,-475978.7018950537
2024-09-26,160.1939,41107075.0,-100000.0,6585101594.25,-16019390.000000002,-0.0024326716559677475,-0.23571120875067075,-7151228.0,-883196.4518950537
2024-09-27,162.1519,40807075.0,-300000.0,6616944300.94,-48645570.0,-0.007351666840098599,-0.704978896701501,-17659750.0,-3315474.9518950535
2024-09-30,160.9117,40718075.0,-89000.0,6552016352.7,-14321141.299999999,-0.0021857609213839103,-0.2045999653862761,-18169951.759999998,-3440345.6418950534
2024-10-01,159.9798,40668075.0,-50000.0,6506069160.63,-7998990.000000001,-0.0012294658729427705,-0.11103288796678243,-17397018.259999998,-3254848.1418950534
2024-10-02,159.5768,40668075.0,0.0,6489681092.26,0.0,0.0,0.008467386448650907,-17397018.259999998,-3448379.7668950534
2024-10-04,159.2103,40622846.0,-45229.0,6467576146.05,-7200922.6587,-0.001113388152855051,-0.10352248676988797,-15633324.79174,-3808425.8998300536
2024-10-07,159.0679,40622846.0,0.0,6461791883.28,0.0,0.0,0.004403293686175767,-5904210.79174,-3808425.8998300536
2024-10-08,158.7542,40622846.0,0.0,6449046716.07,0.0,0.0,0.00040356241657200264,-3039982.53174,-3808425.8998300536
2024-10-09,160.3226,40622846.0,0.0,6512759956.3,0.0,0.0,0.00040356241657200264,-1440184.53174,-3998558.6498300536
2024-10-10,159.9553,40621963.0,-883.0,6497700169.23,-141240.5299,-2.1737003281383712e-05,-0.002188788405901067,-1468432.63772,-4005620.676325054
2024-10-11,161.311,40621963.0,0.0,6552770792.75,0.0,0.0,-0.0005807992090091567,-28248.10598,-4776659.676325054
2024-10-14,162.4288,40621963.0,0.0,6598175924.51,0.0,0.0,0.048448891846485265,-28248.10598,-4776659.676325054
2024-10-15,162.244,40646963.0,25000.0,6594725929.12,4056100.0,0.0006150520952037875,0.17140435727368666,782971.89402,-4573854.676325054
2024-10-16,161.7985,40646963.0,0.0,6576619348.24,0.0,0.0,0.14349780328270217,782971.89402,-4523542.4744300535
2024-10-17,163.0519,40646963.0,0.0,6627563430.34,0.0,0.0,0.14349780328270217,811220.0,-5302602.4744300535
2024-10-18,163.6672,40621963.0,-25000.0,6648482050.73,-4091680.0,-0.0006154307056526889,0.06198206733932045,-7116.0,-5704979.2244300535
2024-10-21,162.0316,40646963.0,25000.0,6586093622.77,4050790.0,0.0006150519916685159,0.22887703965003375,803042.0,-5697291.7244300535
2024-10-22,161.7037,40646963.0,0.0,6572762704.82,0.0,0.0,0.14664577044635915,-8178.0,-5108785.0994300535
2024-10-23,161.3343,40644666.0,-2297.0,6557378900.38,-370584.88710000005,-5.6514179328347895e-05,0.13915416119070137,-82294.97742000001,-4534131.468785053
2024-10-24,161.8776,40644666.0,0.0,6579459033.77,0.0,0.0,0.14196872987585882,-82294.97742000001,-4534131.468785053
2024-10-25,162.0482,40369666.0,-275000.0,6541832848.7,-44563255.0,-0.00681204427423664,-0.7600508244913693,-8176609.977419999,-5961324.718785053
2024-10-28,162.6128,40394666.0,25000.0,6568690438.3,4065320.0,0.0006188935280457697,0.23047978141503642,-8173703.977419999,-3325780.2187850536
2024-10-29,162.1663,40394666.0,0.0,6550653031.95,0.0,0.0,0.14788738968889872,-8173703.977419999,-2609723.1537850536
2024-10-30,160.3275,40344666.0,-50000.0,6468358435.97,-8016374.999999999,-0.001239321394965005,-0.010143570863508464,-9702861.999999998,-2610592.4037850536
2024-10-31,158.8295,40368889.0,24223.0,6411770637.87,3847326.9784999997,0.0006000412671932518,0.23541182853512613,-8933396.604299998,-2418226.0548600536
2024-11-01,160.306,40243889.0,-125000.0,6451335801.24,-20038250.0,-0.003106062157878758,-0.25293652870699496,-4028395.6042999984,-3060092.4219250535
2024-11-04,159.4124,40243889.0,0.0,6415373340.83,0.0,0.0,0.1636848478512708,-4841459.604299998,-3060092.4219250535
2024-11-05,160.3145,40243889.0,0.0,6451679898.93,0.0,0.0,0.16493432843758932,-4841459.604299998,-3060092.4219250535
2024-11-06,158.5068,40243889.0,0.0,6378929160.45,0.0,0.0,0.1553622711195849,-3238184.6042999984,-3060092.4219250535
2024-11-07,161.1978,40243889.0,0.0,6487227529.56,0.0,0.0,0.14837093483912167,-4007649.9999999986,-3053030.3954300536
2024-11-08,159.9724,40168889.0,-75000.0,6425914754.69,-11997930.0,-0.00186711627184958,-0.47455223610692204,-2399585.9999999986,-3652926.8954300536
2024-11-11,161.9117,40145691.0,-23198.0,6500055545.73,-3756027.6166,-0.0005778454645772066,-0.22313897124121956,-3150791.5233199983,-3840728.2762600533
2024-11-12,158.455,40145691.0,0.0,6361285136.61,0.0,0.0,0.06191983458256117,-3150791.5233199983,-4043533.2762600533
2024-11-13,158.2005,40145691.0,0.0,6351069671.08,0.0,0.0,0.06191983458256117,-3150791.5233199983,-4043533.2762600533
2024-11-14,160.3696,39994921.0,-150770.0,6413969437.73,-24178924.592,-0.003769728687787026,-1.933361349252728,-7986576.441719999,-5252479.505860053
2024-11-15,159.9283,39994921.0,0.0,6396318521.37,0.0,0.0,0.09530482018122008,-5586990.441719999,-5047895.505860053
2024-11-18,159.7462,39911921.0,-83000.0,6375777467.0,-13258934.6,-0.002079579262078408,-1.0333998712906518,-7487571.838399999,-5913381.735860053
2024-11-19,158.6724,39736921.0,-175000.0,6305151286.83,-27767670.0,-0.004403965699919085,-2.2252700095649534,-13041105.838399999,-7301765.2358600525
2024-11-20,158.2098,39736921.0,0.0,6286768697.08,0.0,0.0,0.1112813185877086,-13041105.838399999,-7283235.991505054
2024-11-21,159.3853,39736921.0,0.0,6333482857.04,0.0,0.0,0.1112813185877086,-8205320.919999999,-7283235.991505054
2024-11-22,160.853,39686921.0,-50000.0,6383761882.95,-8042650.0,-0.001259860588077482,-0.544679496151469,-9813850.919999998,-5457205.741505054
2024-11-25,161.5383,39486921.0,-200000.0,6378648180.51,-32307660.0,-0.005064969737430614,-2.48792445111671,-13623596.0,-7275854.741505054
2024-11-26,160.6286,39461921.0,-25000.0,6338714625.31,-4015715.0,-0.0006335219736767386,-0.17976025746927393,-8873204.999999998,-7476640.491505054
2024-11-27,160.343,39461921.0,0.0,6327440952.71,0.0,0.0,0.14980731072899864,-8873204.999999998,-7075821.741505054
2024-11-28,161.7071,39388739.0,-73182.0,6369437177.79,-11834048.9922,-0.0018579426504848665,-0.8091669048743204,-11240014.798439998,-7859890.540040053
2024-11-29,163.377,39388739.0,0.0,6435213982.6,0.0,0.0,0.14722107267897475,-9631484.798439998,-6857978.040040053
2024-12-02,165.9313,39388739.0,0.0,6535825776.77,0.0,0.0,0.14558588958346247,-3169952.7984399986,-6857978.040040053
2024-12-03,166.6227,39431585.0,42846.0,6570196500.52,7139116.2042000005,0.001086590972375784,0.7576491698069383,-938986.5575999984,-6501022.229830055
2024-12-04,168.4147,39381585.0,-50000.0,6632438834.53,-8420735.0,-0.001269628745938782,-0.5083589226122361,-2623133.557599998,-6922058.979830054
2024-12-05,169.468,39154818.0,-226767.0,6635487014.04,-38429749.956,-0.005791549267549865,-2.821793306086327,-7942273.750359999,-8843546.477630053
2024-12-06,169.682,39154818.0,0.0,6643868761.75,0.0,0.0,0.19523982138278215,-7942273.750359999,-8243649.977630054
2024-12-09,169.3582,39154818.0,0.0,6631187683.55,0.0,0.0,0.19523982138278215,-7942273.750359999,-8055848.5968000535
2024-12-10,169.2175,39036886.0,-117932.0,6605724515.26,-19956158.21,-0.0030210400333678658,-1.3549731328106793,-13361328.6332,-9053656.507300053
2024-12-11,169.7994,38898458.0,-138428.0,6604933695.68,-23504991.3432,-0.003558702089405317,-1.6002312360767312,-16378179.901839998,-10228906.074460054
2024-12-12,170.0241,38898458.0,0.0,6613673611.42,0.0,0.0,0.21961033652251616,-8692229.910639998,-9019959.844860055
2024-12-13,169.8541,38849368.0,-49090.0,6598722737.51,-8338137.768999999,-0.001263598744890797,-0.42097255768848846,-10359857.46444,-9436866.733310055
2024-12-16,169.0853,38849368.0,0.0,6568857133.54,0.0,0.0,0.2222307874478886,-10359857.46444,-8773920.003310055
2024-12-17,168.5233,38849368.0,0.0,6547024660.11,0.0,0.0,0.22505497123658044,-6368625.822439998,-7385536.503310055
2024-12-18,168.4908,38849368.0,0.0,6545761659.96,0.0,0.0,0.22505497123658044,-1667627.5537999985,-7385536.503310055
2024-12-19,166.22,38676160.0,-173208.0,6428751362.43,-28790633.76,-0.004478417679715248,-2.0117479650047896,-7425754.305799998,-8825068.191310054
2024-12-20,165.5109,38701160.0,25000.0,6405463580.74,4137772.5,0.0006459754938645641,0.5614458434498241,-4930572.251999998,-8216047.066310054
2024-12-23,165.2086,38701160.0,0.0,6393762762.14,0.0,0.0,0.23700809276034307,-4930572.251999999,-6600664.066310054
2024-12-27,166.3323,38728579.0,27419.0,6441813931.95,4560665.3337,0.0007079784330745862,0.5821878364942689,-4018439.1852599992,-6171845.049625054
2024-12-30,165.7048,38828579.0,100000.0,6434081238.43,16570480.0,0.0025754228748351045,1.491496331414707,-704343.1852599994,-5343321.049625054
2025-01-02,166.6635,38897925.0,69346.0,6482865365.69,11557447.071,0.0017827683314490506,1.1183287868880454,7365272.980940002,-4173746.2464650534
2025-01-03,165.6766,38922925.0,25000.0,6448616904.01,4141915.0,0.0006422950939176425,0.5398305935832728,7366101.480940002,-3966650.4964650534
2025-01-06,168.255,39047925.0,125000.0,6570009156.29,21031875.0,0.0032011941687881042,1.7886685103258857,11572476.480940003,-2915056.7464650534
2025-01-07,169.2891,39096988.0,49063.0,6618695838.12,8305831.113299999,0.0012549044882018963,0.8071594955085337,12321509.636860002,-2856721.001010054
2025-01-08,169.2001,38946988.0,-150000.0,6589834940.91,-25380015.0,-0.0038513885746120427,-1.6980327552709769,3931410.636860002,-3704685.001010054
2025-01-09,169.0926,38903298.0,-43690.0,6578259391.96,-7387655.694,-0.0011230411046164051,-0.3515599739093659,142390.0838600017,-2152580.2879100535
2025-01-10,168.2402,38917168.0,13870.0,6547433111.24,2333491.574,0.0003563979248591463,0.40054846188147275,-219294.60133999828,-2035905.7092100536
2025-01-13,167.5561,38917168.0,0.0,6520807521.55,0.0,0.0,0.22140848477684433,-4425669.601339998,-2035905.7092100536
2025-01-14,168.7073,38917978.0,810.0,6565748054.65,136652.913,2.0812999807877117e-05,0.23177814241768555,-6059505.241399998,-1031265.1530600532
2025-01-15,171.2315,38917978.0,0.0,6663985275.15,0.0,0.0,0.22131689733342544,-983502.2413999981,143984.41409994656
2025-01-16,171.9023,38913294.0,-4684.0,6689283734.43,-805190.3732,-0.00012037019285871434,0.1420634132988037,332990.82276000205,103724.89543994653
2025-01-17,173.9651,38988294.0,75000.0,6782602795.46,13047382.5,0.0019236542214639768,1.3949579221119048,2475769.007960002,1173000.9088899465
2025-01-20,174.6861,39294694.0,306400.0,6864235114.41,53523821.04000001,0.007797492385952536,4.405452041578808,13180533.215960003,3849191.9608899467
2025-01-21,175.1156,39367044.0,72350.0,6893784501.75,12669613.66,0.001837831405490525,1.1893573099848853,15687125.365360003,4482672.643889947
2025-01-22,176.8812,39392044.0,25000.0,6967711747.31,4422030.0,0.0006346459440873393,0.5504505161125723,16571531.365360003,4703774.143889947
2025-01-23,178.1891,39415984.0,23940.0,7023497806.0,4265847.054,0.0006073678915875495,0.532609861830582,17585738.8508,6356598.184589947
2025-01-24,178.0497,39415984.0,0.0,7018004612.63,0.0,0.0,0.20276167166025075,14976262.350800002,6149709.559589947
2025-01-27,177.1094,39415984.0,0.0,6980943245.62,0.0,0.0,0.20276167166025075,4271498.142800001,6149709.559589947
2025-01-28,178.3434,39415984.0,0.0,7029580721.96,0.0,0.0,0.20276167166025075,1737575.4108000014,5921676.292904947
2025-01-29,180.0643,39390984.0,-25000.0,7092911928.61,-4501607.5,-0.0006346628218859305,-0.1453574989690172,-47152.089199998605,4868071.917904947
2025-01-30,180.8099,39415984.0,25000.0,7126801605.49,4520247.5,0.0006342603246480036,0.5332269593935092,3728.00000000149,4516211.939354947
2025-01-31,180.8491,39340984.0,-75000.0,7114779671.71,-13563682.5,-0.0019064093514985882,-0.8181889536838058,-2709008.4999999986,3630932.0643549464
2025-02-03,178.3186,39340984.0,0.0,7015230571.7,0.0,0.0,0.2096269213356259,-2709008.4999999986,2579338.314354947
2025-02-04,178.9632,39340984.0,0.0,7040590245.32,0.0,0.0,0.2096269213356259,-2709008.4999999986,2164046.7586899465
2025-02-05,179.6303,39265984.0,-75000.0,7053360653.33,-13472272.5,-0.001910050139523141,-0.8046679623068965,-4503141.499999998,2759433.8836899465
2025-02-06,182.2622,39259977.0,-6007.0,7155610610.56,-1094849.0354,-0.00015300567554420302,0.1389946966094023,-5626160.807079999,3074074.216619947
2025-02-07,181.301,39259977.0,0.0,7117874786.07,0.0,0.0,0.23418687383240258,-2913424.3070799983,2957399.6379199466
2025-02-10,182.337,39259977.0,0.0,7158545226.1,0.0,0.0,0.23393968475105414,-2913424.3070799983,2957399.6379199466
2025-02-11,183.3848,39259977.0,0.0,7199683897.74,0.0,0.0,0.23393968475105414,-2913424.3070799983,2950566.9922699467
2025-02-12,184.3016,39263157.0,3180.0,7236263520.9,586079.088,8.099194927150846e-05,0.26981913665944357,-101753.9894799985,2979870.9466699464
2025-02-13,188.16,39263157.0,0.0,7387755522.48,0.0,0.0,0.22882447383307547,117215.8176000015,3020130.4653299465
2025-02-14,187.2702,40463157.0,1200000.0,7577541584.74,224724240.0,0.029656615867679297,9.025963476507371,45062063.8176,13603973.340329945
2025-02-17,189.635,40463157.0,0.0,7673231931.07,0.0,0.0,0.052580464828992306,45062063.8176,10927782.288329946
2025-02-18,190.0203,40538157.0,75000.0,7703073996.36,14251522.5,0.0018501084770488243,0.606772441276588,47912368.3176,11006877.730329946
2025-02-19,186.5978,40538157.0,0.0,7564332372.71,0.0,0.0,0.04631910496600526,47795152.5,10785776.230329946
2025-02-20,185.6072,40588157.0,50000.0,7533453882.07,9280360.0,0.0012318864819877275,0.4151052197941357,49651224.5,11036501.877629947
2025-02-21,185.3745,40438157.0,-150000.0,7496202102.92,-27806175.0,-0.003709368373241784,-1.0657365932290694,-854858.5,9646193.127629947
2025-02-24,186.5211,40313157.0,-125000.0,7519255873.73,-23315137.5,-0.0031007240465716858,-0.8722033240926828,-5517886.0,8480436.252629947
2025-02-25,186.3927,40291657.0,-21500.0,7510070372.74,-4007443.05,-0.0005336092541217974,-0.10636897076062675,-9169679.11,8280064.100129945
2025-02-26,189.5811,40291657.0,0.0,7638537755.65,0.0,0.0,0.049151088414675026,-9169679.11,8505144.475129945
2025-02-27,187.5564,40316657.0,25000.0,7561645562.6,4688910.0,0.0006200912170746816,0.23528225353031712,-10087969.11,8513577.600129945
2025-02-28,187.56,40327965.0,11308.0,7563913993.62,2120928.48,0.00028040092494295386,0.13259212729024417,-4102548.414,9297808.149129946
2025-03-03,192.5126,40352965.0,25000.0,7768455318.74,4812815.0,0.0006195330735043233,0.232797116830855,1523042.086,9538448.899129946
2025-03-04,185.6938,40347664.0,-5301.0,7492310536.99,-984362.8338,-0.0001313830798843881,0.007753558827589953,2127658.12924,9489230.757439945
2025-03-05,191.9636,40392010.0,44346.0,7753795408.53,8512817.8056,0.0010978904339202702,0.37533300862332986,3830221.690360001,10588485.272719946
2025-03-06,194.7765,40645897.0,253887.0,7916865291.44,49451221.255499996,0.006246313336791071,1.8757598370393656,12782683.94146,13115788.787264947
2025-03-07,191.3598,40766627.0,120730.0,7801094597.78,23102868.654,0.0029614906426816707,0.9027334549291549,16979071.97626,14270932.219964946
2025-03-10,188.1308,40966627.0,200000.0,7707085481.88,37626160.0,0.0048820218860245205,1.4447080507275656,23541740.97626,16152240.219964946
2025-03-11,185.6998,41141627.0,175000.0,7639990383.94,32497465.0,0.0042536002490674366,1.2422768832957936,30238106.54302,17777113.469964944
2025-03-12,188.5896,41295678.0,154051.0,7787936634.03,29052416.4696,0.003730438219367783,1.0755007351911214,34346026.27582,19200430.339044947
2025-03-13,187.6804,41389678.0,94000.0,7768031595.6,17641957.599999998,0.002271097559643401,0.6539423278038211,27984173.54472,20082528.219044946
2025-03-14,191.171,41739678.0,350000.0,7979416903.6,66909850.0,0.008385305694431494,2.34750343888177,36745569.81392,12191808.719044946
2025-03-17,192.5621,41964678.0,225000.0,8080804605.81,43326472.5,0.005361653277552187,1.4686611706466697,37885632.31392,14358132.344044948
2025-03-18,194.4414,42290332.0,325654.0,8222989744.57,63320619.67559999,0.007700437631873902,2.065391113453471,44050263.24903999,16811587.202824943
2025-03-19,193.6705,42665332.0,375000.0,8263016380.26,72626437.5,0.008789337229622529,2.2910284351870596,52765067.45511999,20442909.077824943
2025-03-20,191.2665,42788847.0,123515.0,8184074385.34,23624281.747500002,0.0028866162054706876,0.6933861713297007,53961532.28462,21160105.165199947
2025-03-21,190.3715,43063077.0,274230.0,8197983334.7,52205576.445,0.006368099850121302,1.595655992780272,51020677.57362,25160692.737449948
2025-03-24,190.0435,43060179.0,-2898.0,8183305064.91,-550746.063,-6.730117704661876e-05,-0.13793286634945237,42245233.86102,26298912.309299946
2025-03-25,192.1807,43103673.0,43494.0,8283694662.3,8358707.3658,0.0010090554645672046,0.1472549121206814,31252851.399060003,26917219.830089945
2025-03-26,189.9284,43119633.0,15960.0,8189644199.24,3031257.264,0.0003701329618545945,-0.030151068919139632,17333815.35186,27068782.693289947
2025-03-27,188.5948,43169633.0,50000.0,8141567302.49,9429740.0,0.0011582217096106334,0.18172167211129792,14494907.002360001,27305824.193289947
2025-03-28,186.7877,43269633.0,100000.0,8082234399.63,18678770.0,0.002311089864067182,0.4876381746955827,7789545.7133599995,28133716.269289948
2025-03-31,184.3073,43263022.0,-6611.0,7973692879.32,-1218455.5603,-0.00015280944209176896,-0.18248128189395646,7656003.8138999995,27832152.741274945
2025-04-01,187.4368,42838022.0,-425000.0,8029421036.88,-79660640.0,-0.009921093891341612,-2.7279131147837616,-9947865.659260001,23898338.882964946
2025-04-02,186.1967,42738022.0,-100000.0,7957677998.85,-18619670.0,-0.0023398370734139797,-0.7242408163873922,-14278051.11206,22541714.49268495
2025-04-03,180.5965,42613022.0,-125000.0,7695761685.98,-22574562.5,-0.00293337598292914,-0.8711016978639431,-20678911.61206,18940425.304909945
2025-04-04,171.6515,42563022.0,-50000.0,7306007884.77,-8582575.0,-0.0011747284064517797,-0.40749428771399315,-26131180.61206,17356153.122209948
2025-04-07,164.5647,42387252.0,-175770.0,6975446104.63,-28925537.319,-0.004146765222628625,-1.1698273797944383,-31672596.963800002,14028568.256259948
2025-04-08,168.6435,42512252.0,125000.0,7169416189.04,21080437.5,0.0029403283257883675,0.6687850268676052,-11524381.463800002,13457716.881259948
2025-04-09,163.5758,42762252.0,250000.0,6994869925.98,40893950.0,0.00584627740511853,1.3994785737897921,378342.53619999887,14049793.557779947
2025-04-10,170.9839,42887252.0,125000.0,7333027896.15,21372987.5,0.0029146196908948468,0.6367349750673355,9167852.536199998,14236345.052779946
2025-04-11,169.4192,43162252.0,275000.0,7312513495.26,46590280.0,0.00637130858359441,1.4970275544561884,20202423.536199998,13220366.552779946
2025-04-14,174.2419,43162252.0,0.0,7520673706.11,0.0,0.0,-0.12552070364669335,25987531.0,11054042.927779946
2025-04-15,176.7267,43271263.0,109011.0,7647187659.13,19265154.2937,0.002519246964039031,0.5106408077682051,25624474.35874,8851269.658684947
2025-04-16,177.2026,43414895.0,143632.0,7693230747.7,25451963.8432,0.003308358305879389,0.702988307902503,22536077.127379995,6492545.975844947
2025-04-17,176.3272,43438128.0,23233.0,7659325589.86,4096609.8376,0.0005348525519039698,-0.002834959095328613,19080801.594899997,5516162.380349946
2025-04-22,177.0223,43438128.0,0.0,7689518468.63,0.0,0.0,-0.1554696671589303,9762745.594899997,2905883.5580999465
2025-04-23,182.5749,43563128.0,125000.0,7953535625.86,22821862.5,0.002869398412675409,0.5789519453012604,14327118.094899997,4074513.986249946
2025-04-24,183.4264,43613128.0,50000.0,7999798135.14,9171320.0,0.0011464439283428865,0.13273847757164536,12308351.236159999,4115144.6179599464
2025-04-25,184.9063,43713128.0,100000.0,8082833320.91,18490630.0,0.0022876421257092367,0.4192010284904028,10916084.467519999,4888113.254759946
2025-04-28,185.1343,44638898.0,925770.0,8264191635.85,171391780.91099998,0.020739085982409186,4.638433695805937,44375118.68219999,12986215.300309945
2025-04-29,186.4087,44638898.0,0.0,8321076859.76,0.0,0.0,-0.1996700181888729,44375118.6822,12052276.800309945
2025-04-30,186.9978,44788898.0,150000.0,8375423585.78,28049670.0,0.003349044942350548,0.5759484761149954,45420680.1822,13515683.078324948
2025-05-02,191.836,44863898.0,75000.0,8606511400.33,14387700.000000002,0.0016717226447231957,0.18110623452884586,46463956.1822,18218100.078324948
2025-05-05,193.9088,44864698.0,800.0,8699661389.59,155127.04,1.7831388263642624e-05,-0.2050725334028723,42796855.59019999,19156839.93032495
2025-05-06,193.1185,45039698.0,175000.0,8697996703.41,33795737.5,0.0038854622107123327,0.6891075697140041,15277646.907999998,21975354.93032495
2025-05-07,192.0098,46114698.0,1075000.0,8854472865.2,206410535.0,0.023311442492668106,4.673246205438598,56559753.90799999,32725010.43032495
2025-05-08,193.9121,46189698.0,75000.0,8956743130.28,14543407.5,0.0016237383710193945,0.09848041484534077,53858501.40799999,34898457.671274945
2025-05-09,195.0184,46210698.0,21000.0,9011936088.02,4095386.4000000004,0.00045444024014375717,-0.14891222465257825,51800038.688,34049205.116274945
2025-05-12,195.5699,46115002.0,-95696.0,9018708388.39,-18715257.150399998,-0.002075159362563779,-0.6776176606932871,48025961.84992,31068744.758754946
2025-05-13,196.1689,46115002.0,0.0,9046328958.02,0.0,0.0,-0.2483779923139479,41266814.34992,30000095.383754946
2025-05-14,195.1949,46170002.0,55000.0,9012149286.79,10735719.5,0.0011912496296234692,0.001415863916984251,2131851.2499200003,28207367.358754944
2025-05-15,196.5562,46120002.0,-50000.0,9065172905.84,-9827810.0,-0.001084128245768891,-0.4820986945372463,-2742392.2500799997,27715976.858754944
2025-05-16,197.1028,45724352.0,-395650.0,9012399696.49,-77983722.82000001,-0.00865293655921317,-2.051977321795007,-19158214.09408,22853533.003069945
2025-05-19,198.4672,45674352.0,-50000.0,9064859623.97,-9923360.0,-0.0010947064170480796,-0.4688395261234343,-17399834.664,21084766.810909946
2025-05-20,199.3054,45390977.0,-283375.0,9046666076.48,-56478167.724999994,-0.006242981364354203,-1.5193548721484016,-28695468.209000003,18056027.932779945
2025-05-21,200.016,44466877.0,-924100.0,8894085152.3,-184834785.6,-0.020781764783554153,-4.157405465202293,-67809569.229,8814288.652779948
2025-05-22,198.9923,44516877.0,50000.0,8858513837.93,9949615.0,0.001123169775656744,0.02656677961730761,-63854084.228999995,8170676.277779946
2025-05-23,195.8935,44581877.0,65000.0,8733297875.19,12733077.5,0.0014579918928647535,0.08770707804714349,-45710724.165,8348764.152779946
2025-05-26,199.1784,44781877.0,200000.0,8919580673.1,39835680.0,0.004466093357968936,0.6587922515686623,-35758916.165,9416016.652779946
2025-05-27,200.8259,44984351.0,202474.0,9034023715.62,40662023.276599996,0.00450098699722191,0.6549823943271896,-16330877.964679997,2879528.771059946
2025-05-28,199.2459,44633574.0,-350777.0,8893058023.88,-69890879.0643,-0.007859037788421732,-1.6873705024800567,6657903.342460001,-615015.1821550537
2025-05-29,198.3764,44615574.0,-18000.0,8850677112.41,-3570775.1999999997,-0.0004034465560824977,-0.2710005925536647,3953825.302460001,-2196037.442155054
2025-05-30,198.9069,44592010.0,-23564.0,8869657695.44,-4687042.1916000005,-0.0005284355217010986,-0.2920697108663578,469801.36414000054,-3149774.551735054
2025-06-02,198.3512,44566056.0,-25954.0,8839730842.33,-5148007.0448,-0.0005823714699714856,-0.3035154071884583,-8526936.04482,-3414931.2559750536
2025-06-03,199.6849,44558282.0,-7774.0,8897616999.23,-1552350.4126,-0.0001744681090155196,-0.23658196654522426,-16969810.78266,-5182335.651605054
2025-06-04,201.2154,44551214.0,-7068.0,8964391718.43,-1422190.4471999998,-0.00015864885112908459,-0.2332919815343318,-3276073.0592399994,-15573971.923965055
2025-06-05,201.6048,44550444.0,-770.0,8981584436.7,-155235.696,-1.7283776275117494e-05,-0.2062392020848554,-2592965.15844,-16308904.083765054
2025-06-06,201.4449,44625444.0,75000.0,8989570169.63,15108367.5,0.0016806551609154239,0.11113711340444654,1366116.7798800003,-15758255.028765053
2025-06-10,198.8162,44673444.0,48000.0,8881802640.89,9543177.6,0.0010744640458531657,-0.012480738097696712,4304353.70884,-14345333.291245054
2025-06-11,198.4943,44687444.0,14000.0,8870204383.92,2778920.2,0.00031328705402072315,-0.1593723663144708,5170607.83136,-14206387.281245053
2025-06-12,197.0218,44731880.0,44436.0,8813155770.9,8754860.7048,0.0009933854492516197,-0.03222318710377012,7206018.061759999,-14305430.221005056
2025-06-13,194.907,44642481.0,-89399.0,8701133080.39,-17424490.893,-0.0020025542342606032,-0.6048941118753929,3752167.0223600008,-14685264.265655052
2025-06-16,196.4189,44681526.0,39045.0,8776294476.09,7669175.9505,0.0008738512559479156,-0.0533607281657361,2264328.7124600005,-10402619.327130053
2025-06-17,194.2275,44549526.0,-132000.0,8652742885.19,-25638030.0,-0.002962994548686053,-0.7844386834636122,-4771912.8075399995,-11188352.827130053
2025-06-18,193.2587,44574526.0,25000.0,8614413603.08,4831467.5,0.0005608585473853444,-0.11715448744591,-4361403.3475399995,-8122871.065880055
2025-06-19,191.0971,44583333.0,8807.0,8519745061.17,1682992.1597000002,0.0001975402019211216,-0.18644230389083927,-5775777.05656,1203017.822104945
2025-06-20,193.527,44583333.0,0.0,8628079879.25,0.0,0.0,-0.22451308106424206,-2290878.8779599997,705537.0721049451
2025-06-23,192.8473,44583333.0,0.0,8597776934.81,0.0,0.0,-0.22333616978812884,-3824714.0680600004,68883.19710494511
2025-06-24,195.9345,44592669.0,9336.0,8737242733.48,1829244.492,0.00020936175722697603,-0.17922717861829526,1668740.8303399996,-1831438.578295055
2025-06-25,194.7466,44664892.0,72223.0,8698335346.99,14065183.6918,0.0016169971759788684,0.09232743255891629,3515484.0686999997,-3161280.557535055
2025-06-26,195.9968,44714122.0,49230.0,8763826881.26,9648922.464,0.0011009941883531075,-0.007858833843258242,5108670.129559999,815709.5188799449
2025-06-27,199.178,44714122.0,0.0,8906068416.79,0.0,0.0,-0.21502148970640894,5108670.129559999,994248.2788799449
2025-06-30,198.1504,44763352.0,49230.0,8869874580.08,9754944.192,0.0010997837797963562,-0.0027026802071893714,7059658.96796,1716347.5980599448
2025-07-01,196.1909,44838352.0,75000.0,8796876404.28,14714317.5,0.0016726752569629088,0.09927293661960229,9636673.56956,2709463.8252999447
2025-07-02,197.1581,44834125.0,-4227.0,8839409848.59,-833387.2886999999,-9.428087428630045e-05,-0.2445642538068971,6656959.37346,2745411.981494945
2025-07-03,198.3507,44859125.0,25000.0,8897840274.05,4958767.5,0.0005573001253418696,-0.11869208228795705,5718928.380659999,3064459.878854945
2025-07-04,197.1345,44907786.0,48661.0,8852874564.84,9592761.9045,0.0010835759429596496,-0.018508509495431782,7637480.761559999,3551859.7588799447
2025-07-07,199.5037,44982786.0,75000.0,8974232055.38,14962777.5,0.0016673045011166056,0.09193891927044613,8679047.423159998,3544580.2588799447
2025-07-08,200.6073,44982786.0,0.0,9023876504.27,0.0,0.0,-0.23113556744256675,5736183.92316,3067421.378879945
2025-07-09,203.446,45032786.0,50000.0,9161739154.64,10172300.0,0.0011103022939534574,-0.017983840611900673,7937321.380899998,3437090.368879945
2025-07-10,202.6765,44976953.0,-55833.0,9115771683.71,-11316037.0245,-0.0012413690707855159,-0.46828380741997977,4682360.475999999,2433545.482414945
2025-07-11,201.0052,43951953.0,-1025000.0,8834569102.03,-206030330.0,-0.023320925743017678,-4.334435990447402,-38442257.9049,-6996746.472935055
2025-07-14,200.2184,43926953.0,-25000.0,8794982887.67,-5005460.0,-0.0005691267469112797,-0.2621946202803441,-42435905.4049,-7630478.270460054
2025-07-15,199.3861,43876183.0,-50770.0,8748303188.67,-10122832.297,-0.001157119509770782,-0.36445280490522586,-44460471.8643,-6854718.385310056
2025-07-16,198.9641,43726183.0,-150000.0,8699938750.33,-29844615.0,-0.0034304396681951303,-0.7627917975539792,-52463854.8643,-8588522.510310056
2025-07-17,201.9582,43726183.0,0.0,8830859291.95,0.0,0.0,-0.15129544007823906,-50200647.4594,-8672672.118295055
2025-07-18,201.2828,43726183.0,0.0,8801327709.44,0.0,0.0,-0.15129544007823906,-8994581.4594,-8672672.118295055
2025-07-21,201.431,43726183.0,0.0,8807809776.42,0.0,0.0,-0.15129544007823906,-7993489.4594,-8672672.118295055
2025-07-22,199.2268,43751183.0,25000.0,8716408248.73,4980670.0,0.0005714131162598648,-0.05124383867017791,-4972789.0,-8515100.842895055
2025-07-23,200.8774,43751183.0,0.0,8788622026.88,0.0,0.0,-0.1521743547707268,996134.0,-9218360.027485054
2025-07-24,201.3302,43826183.0,75000.0,8823533965.65,15099765.0,0.0017113058167830889,0.14769820513690343,4016087.0,-8945817.900685055
2025-07-25,200.6796,43926183.0,100000.0,8815089236.69,20067960.0,0.0022765464377233428,0.24514732261612004,8029679.0,-7942419.900685055
2025-07-28,198.6284,43976183.0,50000.0,8734919529.64,9931420.0,0.0011369789917697517,0.04012717227782244,10015963.0,-7933596.110285056
2025-07-29,200.6752,43976183.0,0.0,8824929926.35,0.0,0.0,-0.1657649070643931,9019829.0,-8669311.985285055
2025-07-30,201.0458,43851183.0,-125000.0,8816095453.47,-25130725.0,-0.0028505504656382314,-0.669745160292502,3993684.0,-9884178.870850055
2025-07-31,199.4147,43851183.0,0.0,8744569440.02,0.0,0.0,-0.161467412349064,973731.0,-10132117.245850055
2025-08-01,194.1144,43792974.0,-58209.0,8500847565.71,-11299205.1096,-0.0013291857102787936,-0.39627752739016214,-5299702.02192,-11176715.596555054
2025-08-04,196.8606,43717006.0,-75968.0,8606155942.71,-14955106.060800001,-0.0017377219469823801,-0.466122504879867,-10277007.23408,-12672609.774595056
2025-08-05,197.5919,43891231.0,174225.0,8672550812.44,34425448.7775,0.003969472133633367,0.5437215188150557,-3391917.4785799994,-10951337.335720055
2025-08-06,198.2403,43991231.0,100000.0,8720835107.72,19824030.0,0.002273180235050087,0.23862442302968165,5599033.52142,-10468750.835720055
2025-08-07,200.4612,43991231.0,0.0,8818534919.58,0.0,0.0,-0.13785734821316803,5599033.52142,-9902948.984495055
2025-08-08,200.215,44041231.0,50000.0,8817714632.85,10010750.0,0.0011352998386572185,0.08898822303952568,9861024.543340001,899105.0155049458
2025-08-11,199.5364,44041231.0,0.0,8787826608.92,0.0,0.0,-0.1366841960932268,12852045.7555,1149378.0155049458
2025-08-12,199.0671,44091231.0,50000.0,8777112490.32,9953355.0,0.0011340124683348015,0.08994885677591681,7957627.0,2153187.3803549455
2025-08-13,200.3982,44066231.0,-25000.0,8830795367.79,-5009955.0,-0.0005673277197967496,-0.24985642212153283,2990830.0,3394920.3803549455
2025-08-14,201.9882,44041231.0,-25000.0,8895807987.81,-5049705.0,-0.0005676499545538363,-0.25597269066951994,1980889.0,3142435.1303549455
2025-08-15,201.836,43885492.0,-155739.0,8857674129.58,-31433736.804,-0.0035487574214350193,-0.8571853167411099,-6308008.3608,1570748.2901549456
2025-08-18,201.4645,43788161.0,-97331.0,8821761220.82,-19608741.2495,-0.002222769440100231,-0.58581820584665,-10229756.6107,590311.2276799458
2025-08-19,202.3611,43788161.0,0.0,8861020962.47,0.0,0.0,-0.13739885931332052,-12220427.6107,341277.7276799457
2025-08-20,201.1493,43763161.0,-25000.0,8802929490.59,-5028732.5,-0.0005712567055518877,-0.2505742610032856,-12224183.1107,89841.10267994572
2025-08-21,201.2835,43713161.0,-50000.0,8798738587.32,-10064175.0,-0.0011438202078765745,-0.363464256606926,-13227077.1107,-1168355.8973200542
2025-08-22,201.8613,43686541.0,-26620.0,8818622171.02,-5373547.806,-0.000609340972069163,-0.2535917350793851,-8015039.311099999,-2440431.2876200546
2025-08-25,201.1129,43636541.0,-50000.0,8775872207.83,-10055645.0,-0.0011458285583315767,-0.35984284786876963,-6104420.0612,-3439784.537620054
2025-08-26,200.1159,43536541.0,-100000.0,8712355511.12,-20011590.0,-0.002296920732224281,-0.5851829763173204,-10106738.0612,-4440364.037620055
2025-08-27,199.2308,43336541.0,-200000.0,8633975399.93,-39846160.0,-0.004615042104512256,-1.0342127783284545,-17070223.5612,-5176135.787620055
2025-08-28,199.178,43236541.0,-100000.0,8611766247.16,-19917800.0,-0.002312858875677045,-0.5616806596620738,-19040948.5612,-6172025.787620055
2025-08-29,198.0357,43180715.0,-55826.0,8551322526.35,-11055540.9882,-0.0012928457503659245,-0.3470067228195601,-20177347.19764,-6159842.581550054
2025-09-01,199.1528,43080715.0,-100000.0,8579646258.65,-19915280.0,-0.0023212239059298527,-0.5442110908791612,-22149274.19764,-6407851.278510055
2025-09-02,194.5944,43080715.0,0.0,8383267396.11,0.0,0.0,-0.06894638102127355,-18146956.19764,-8129123.7173850555
2025-09-03,195.4838,43082315.0,1600.0,8421893586.85,312774.08,3.71382132503274e-05,-0.057693201992588386,-10115169.38164,-9104686.513385054
2025-09-04,196.9377,43072028.0,-10287.0,8482505231.38,-2025898.1199,-0.00023883252230784787,-0.10018352256600174,-6536789.005620001,-9205981.419380056
2025-09-05,195.5001,42998314.0,-73714.0,8406174510.53,-14411094.3714,-0.0017143463240440625,-0.39206475558731135,-7207899.682260001,-10427073.637950055
2025-09-08,197.2393,42998314.0,0.0,8480958014.94,0.0,0.0,-0.0263740134061099,-3224843.6822600006,-10427073.637950055
2025-09-09,196.5032,42988450.0,-9864.0,8447369315.84,-1938307.5647999998,-0.000229456945982627,-0.05926898850803093,-3612505.195220001,-11021656.766190056
2025-09-10,195.7938,42987659.0,-791.0,8416717487.91,-154872.8958,-1.8400628988969108e-05,-0.009691577291957387,-3706034.5903800004,-10778902.660980055
2025-09-11,196.3788,42991459.0,3800.0,8442612697.84,746239.4400000001,8.838963324598814e-05,0.024084328305770588,-3151607.078400001,-10489105.438980054
2025-09-12,196.3322,42991459.0,0.0,8440609453.72,0.0,0.0,0.005161638754305574,-269388.2041200007,-8917418.598780055
2025-09-15,196.7498,42968643.0,-22816.0,8454071848.2,-4489043.4368,-0.0005309918720120395,-0.10508426051040684,-1167196.8914800007,-8161433.708145055
2025-09-16,193.2732,42968643.0,0.0,8304687597.08,0.0,0.0,0.008549577357265102,-779535.3785200007,-8161433.708145055
2025-09-17,193.5204,42974643.0,6000.0,8316469286.96,1161122.4,0.00013961722937167682,0.040073254368607314,-516336.3193600007,-7851940.963145055
2025-09-18,196.1313,42994243.0,19600.0,8432516023.41,3844173.48,0.00045587502820367795,0.11078562915017708,103250.48863999927,-7156523.539145055
2025-09-19,195.8397,42994243.0,0.0,8419980721.81,0.0,0.0,0.013391456623794082,103250.48863999922,-6887846.148845056
2025-09-22,194.9054,43019243.0,25000.0,8384681846.05,4872635.0,0.0005811353477049918,0.12082762903360256,1975586.175999999,-6141432.148845054
2025-09-23,195.6024,43019243.0,0.0,8414667881.59,0.0,0.0,-0.009599334854892713,1975586.175999999,-5140852.648845054
2025-09-24,196.0609,43044243.0,25000.0,8439291047.32,4901522.5,0.0005807978978941055,0.11047571921906549,2723666.1959999995,-2903468.523845055
2025-09-25,194.9673,43019243.0,-25000.0,8387345599.46,-4874182.5,-0.0005811352879406583,-0.14364404569934036,979994.9999999991,-2151287.648845055
2025-09-26,196.6608,43048343.0,29100.0,8465920988.14,5722829.28,0.0006759842535758571,0.12183178832038079,2124560.8559999997,-1312369.1354350548
2025-09-29,196.7046,42998343.0,-50000.0,8457972067.68,-9835230.0,-0.0011628354789185037,-0.27296052310792185,-817012.1440000006,-808366.6354350548
2025-09-30,197.8274,42925357.0,-72986.0,8491812433.73,-14438630.616400002,-0.0017003002279052791,-0.37915736649804704,-3704738.2672800003,-1530298.1662550548
2025-10-01,199.756,42925357.0,0.0,8574598251.7,0.0,0.0,0.0006150490698339986,-4685042.76728,-1545936.8702550547
2025-10-02,202.3137,42875357.0,-50000.0,8674272103.02,-10115685.0,-0.0011661710492662737,-0.2447716547146338,-5733343.26728,-1950426.2142600548
2025-10-06,201.9434,42892681.0,17324.0,8661895139.59,3498467.4616,0.0004038916894306337,0.10366391978778867,-6178215.630960001,-1054948.122610055
2025-10-07,202.0043,42912715.0,20034.0,8668553656.38,4046954.1462,0.00046685459958149627,0.12163255572629607,-3401778.801720001,-852600.4153000548
2025-10-08,203.754,42919133.0,6418.0,8744943231.68,1307693.172,0.0001495370681495868,0.0569673663133898,-252514.04404000076,-690300.3784600549
2025-10-09,203.8704,42844133.0,-75000.0,8734649875.42,-15290280.0,-0.0017505315288055294,-0.36275798932615944,-3310570.044040001,-1447070.7336700547
2025-10-10,200.8068,42894133.0,50000.0,8613433447.32,10040340.0,0.0011656605999694548,0.285644539416571,720634.9559599992,-982365.705670055
2025-10-13,202.0168,42944133.0,50000.0,8675438063.68,10100840.0,0.0011643031655412873,0.28895196566960557,2041109.4636399993,-477323.7056700549
2025-10-14,200.7653,42868357.0,-75776.0,8606478391.02,-15213191.3728,-0.0017676441724031335,-0.36050718602015264,-1810919.6401600007,-1013531.1024700549
2025-10-15,200.304,42843357.0,-25000.0,8581694574.17,-5007600.0,-0.0005835211165720522,-0.09081191778735566,-3073978.2745600007,-1263911.1024700548
2025-10-16,201.0551,42943357.0,100000.0,8633981054.48,20105510.0,0.0023286488438108923,0.6576920428846819,4005179.7254399993,-316691.72247005475
2025-10-17,197.4012,42943357.0,0.0,8477069159.68,0.0,0.0,0.08181515252192571,1997111.7254399993,-508900.3964700548
2025-10-20,200.9411,42993357.0,50000.0,8639131207.79,10047055.0,0.0011629705300621501,0.37501928225111403,1986354.7254399993,-6547.646470054798
2025-10-21,201.5303,42993357.0,0.0,8664463645.22,0.0,0.0,0.09012128485111327,5028992.999999999,-250179.39647005484
2025-10-22,200.0476,43019387.0,26030.0,8605926034.77,5207239.028,0.0006050759682295093,0.23908636787394025,7071960.8056,10182.554929945152
2025-10-23,200.5156,42986920.0,-32467.0,8619549390.22,-6510139.9852,-0.0007552761392128689,-0.08941299012101322,1748830.8085599993,-560400.5693300549
2025-10-24,200.7807,42986920.0,0.0,8630945987.87,0.0,0.0,0.17568366412075967,1748830.8085599993,-316691.44433005486
2025-10-27,201.3485,42986920.0,0.0,8655351114.22,0.0,0.0,0.1800120574011671,-260580.19144000075,-602832.9083300548
2025-10-28,201.0982,42986920.0,0.0,8644591543.08,0.0,0.0,0.1811908282829861,-260580.19144000075,-111071.40833005487
2025-10-29,199.8185,42961920.0,-25000.0,8584586562.53,-4995462.5,-0.0005819106678712046,0.004168920124135227,-2301120.4970400007,361086.9974899452
2025-10-30,199.7735,42936920.0,-25000.0,8577658996.49,-4994337.5,-0.0005822494811280906,0.005514997119071846,-1997960.0000000007,111370.12248994522
2025-10-31,198.4421,42861920.0,-75000.0,8505610776.15,-14883157.5,-0.0017498046750190877,-0.3355024452197228,-4974591.500000001,-127003.50251005478
2025-11-03,199.882,42840420.0,-21500.0,8563029229.8,-4297463.0,-0.0005018624700058828,0.035369107803031416,-5834084.100000001,-516800.0255900548
2025-11-04,198.3631,42843120.0,2700.0,8498495413.62,535580.37,6.302061058262846e-05,0.18681631569382623,-5726968.026000001,-692368.7144000548
2025-11-05,199.1959,42893120.0,50000.0,8544134678.04,9959795.0,0.0011656879690343023,0.5177878116214313,-2735916.526000001,-259763.6230000548
2025-11-06,196.5796,42919825.0,26705.0,8437160656.8,5249658.218,0.0006222067389186188,0.33848610658477674,-687117.3824000008,767233.2878999452
2025-11-07,195.2202,42919825.0,0.0,8378816352.98,0.0,0.0,0.11324395466630728,2289514.117599999,265216.2878999452
2025-11-10,198.4484,42919047.0,-778.0,8517214556.33,-154392.8552,-1.8127153446575454e-05,0.11010570738613075,3118128.1465599993,-247545.3548600548
2025-11-11,199.508,42919047.0,0.0,8562691253.67,0.0,0.0,0.12182878928003409,3011012.0725599993,513114.2137799452
2025-11-12,201.937,42919047.0,0.0,8666941938.17,0.0,0.0,0.13792983658580923,1019053.0725599993,763494.2137799452
2025-11-13,199.1213,42919047.0,0.0,8546096727.97,0.0,0.0,0.15471047610804453,-30878.571040000745,-241781.28622005478
2025-11-14,197.7534,42794047.0,-125000.0,8462668537.32,-24719175.0,-0.0029209669374369936,-1.039419413670528,-4974713.571040001,-1477740.0362200546
2025-11-17,195.3824,42794047.0,0.0,8361201930.87,0.0,0.0,0.1418676065920676,-4943835.000000001,-1980092.7862200546
2025-11-18,191.9857,42794047.0,0.0,8215846654.62,0.0,0.0,0.14007622175575826,-4943835.000000001,-1980092.7862200546
2025-11-19,191.839,42744047.0,-50000.0,8199976292.03,-9591950.0,-0.001169753382009523,-0.33134966059626236,-6862225.0,-2720052.2376200547
2025-11-20,192.7962,42757747.0,13700.0,8243532516.0,2641307.94,0.00032040971936162616,0.26990637397571127,-6333963.4120000005,-2262479.841360055
2025-11-21,191.2497,42782747.0,25000.0,8182187151.6,4781242.5,0.0005843477314088377,0.3739622561919303,-433879.9120000008,-2023417.716360055
2025-11-24,192.4655,42832747.0,50000.0,8243825158.19,9623275.0,0.0011673312831531316,0.6047810569227282,1490775.087999999,-1542253.966360055
2025-11-25,194.333,42832747.0,0.0,8323814695.87,0.0,0.0,0.1395491961601837,1490775.087999999,-1542253.966360055
2025-11-26,196.4981,42857747.0,25000.0,8421467629.12,4912452.5,0.0005833249875607877,0.377642561271316,4391655.5879999995,-1046858.2163600549
2025-11-27,196.8426,42832747.0,-25000.0,8431307752.37,-4921065.0,-0.0005836656832526024,-0.09214030338147775,2879180.999999999,-1043194.5913600547
2025-11-28,197.412,42832747.0,0.0,8455697835.46,0.0,0.0,0.14791405190816387,1922932.4999999993,-299036.71636005474
2025-12-01,195.3612,42806971.0,-25776.0,8362822161.93,-5035630.2912,-0.0006021448493935043,-0.10130760130687828,-1008848.5582400007,-335945.0809200547
2025-12-02,196.366,42731971.0,-75000.0,8391105612.0,-14727450.000000002,-0.0017551262826365202,-0.560889348759453,-3954338.558240001,-1099096.5994200548
2025-12-03,196.2224,42681971.0,-50000.0,8375160661.08,-9811120.0,-0.001171454542429617,-0.33118413909584066,-6899053.058240001,-2087642.349420055
2025-12-04,197.7818,42526296.0,-155675.0,8410926314.01,-30789681.715,-0.0036606766681232146,-1.3234865840082572,-12072776.401240002,-3889609.346070055
2025-12-05,198.9911,42526296.0,0.0,8462352545.96,0.0,0.0,0.16079881509791544,-12072776.401240002,-3889609.346070055
2025-12-08,199.1363,42526296.0,0.0,8468530565.26,0.0,0.0,0.16079881509791544,-11065650.343000002,-3881889.7033100547
2025-12-09,200.1013,42526296.0,0.0,8509565536.53,0.0,0.0,0.16079881509791544,-8120160.343,-3881889.7033100547
2025-12-10,199.8309,42501296.0,-25000.0,8493073971.14,-4995772.5,-0.0005882172364182803,-0.07494895984696175,-7157090.843,-4131678.3283100547
2025-12-11,201.1926,42501296.0,0.0,8550946663.76,0.0,0.0,0.16945577051351388,-999154.5000000015,-4131678.3283100547
2025-12-12,200.2961,42498600.0,-2696.0,8512301899.77,-539998.2856,-6.343739824530783e-05,0.14783606184018594,-1107154.1571200015,-2922719.492590055
2025-12-15,200.6528,42498600.0,0.0,8527462328.62,0.0,0.0,0.17366496287769964,-1107154.1571200015,-2922719.492590055
2025-12-16,199.3849,42509504.0,10904.0,8475753856.55,2174092.9496,0.00025650732505874707,0.2813310885497045,-672335.5672000016,-2814014.845110055
2025-12-17,198.4209,42509504.0,0.0,8434773413.32,0.0,0.0,0.18298583643846494,326818.9327999985,-2334417.345110055
2025-12-18,200.398,42484504.0,-25000.0,8513810933.23,-5009950.0,-0.0005884497599595283,-0.055956538417394716,-675171.0672000016,-2716980.242110055
2025-12-19,201.134,42484504.0,0.0,8545076784.56,0.0,0.0,0.1866899519441202,-567171.4100800015,-2956042.367110055
2025-12-22,201.0937,42484504.0,0.0,8543365286.38,0.0,0.0,0.19067636640489818,-567171.4100800015,-3437206.117110055
2025-12-23,201.5571,42458734.0,-25770.0,8557859012.2,-5194126.467,-0.0006069422807264415,-0.0504454887518338,-2040815.2934000015,-3696912.4404600547
2025-12-29,201.6433,42460401.0,1667.0,8561857091.39,336139.3811,3.9260101811093e-05,0.21508651860090597,-1973587.4171800013,-3925728.0964050544
2025-12-30,202.7965,42285401.0,-175000.0,8575329793.84,-35489387.5,-0.004138544913513814,-1.4734647476026117,-8069474.917180002,-5454144.221405054
2026-01-02,203.1983,42260401.0,-25000.0,8587240145.66,-5079957.5,-0.0005915704479939828,-0.028300906254521536,-9085466.417180002,-5708142.096405054
2026-01-05,205.9224,42260401.0,0.0,8702363836.46,0.0,0.0,0.2594281915866096,-9085466.417180002,-5456360.581845054
2026-01-06,206.1162,42210401.0,-50000.0,8700247889.14,-10305810.0,-0.0011845421109051534,-0.6725140339821825,-10107803.123780001,-5235278.581845054
2026-01-07,208.0201,42185401.0,-25000.0,8775410704.11,-5200502.5,-0.0005926221205309881,-0.20907601720884533,-11215131.500000002,-5004747.706845054
2026-01-08,208.0623,42185401.0,0.0,8777191026.49,0.0,0.0,0.24334077337533885,-4117254.0000000014,-3465263.621095055
2026-01-09,209.172,42210401.0,25000.0,8829232719.68,5229300.0,0.0005922711707829496,0.7187701486176854,-2055402.5000000014,-3203798.621095055
2026-01-12,210.3585,42211718.0,1317.0,8879595175.79,277042.1445,3.1199862044989235e-05,0.26392490877646,-1999994.0711000015,-3189946.5138700544
2026-01-13,210.4845,42211718.0,0.0,8884910487.01,0.0,0.0,0.2386458785002199,61167.92889999851,-3189946.5138700544
2026-01-14,209.3706,42210941.0,-777.0,8837729722.66,-162680.9562,-1.840755050280446e-05,0.22814008253547616,1068732.2376599987,-2948291.9366800548
2026-01-15,209.9174,42212709.0,1768.0,8861182826.31,371133.9632,4.188311769147288e-05,0.27677686192292933,1142959.0302999986,-2929735.2385200546
2026-01-16,209.4589,42262709.0,50000.0,8852301230.49,10472945.0,0.0011830759852509327,1.2128566003490495,2191688.030299999,-2379088.0742400545
2026-01-19,206.658,42287709.0,25000.0,8739092896.46,5166450.0,0.0005911883603037115,0.753915019476092,3169569.6013999986,-2120765.5742400545
2026-01-20,204.5384,42235104.0,-52605.0,8638701848.04,-10759742.532,-0.0012455277102127599,-0.7562507604045241,1017621.0949999988,-2767457.3483200544
2026-01-21,203.3605,42110104.0,-125000.0,8563533382.35,-25420062.5,-0.0029684081751105685,-2.1290275673178827,-4033855.213760001,-4038460.4733200544
2026-01-22,205.8058,42185104.0,75000.0,8681937544.14,15435435.0,0.0017778790646125267,1.7253401296775588,-1020995.006400001,-3016191.2233200544
2026-01-23,206.1711,42262778.0,77674.0,8713362093.25,16014134.021399999,0.001837882306510102,1.7398050313891589,87242.79787999838,-2215484.5222500544
2026-01-26,206.4363,42312778.0,50000.0,8734891323.01,10321815.0,0.0011816764076743149,1.1871961022514508,1118315.7978799983,-1699393.7722500544
2026-01-27,206.1154,42337778.0,25000.0,8726466151.2,5152885.0,0.0005904893127089495,0.6963815410750236,4300841.304279998,-1182043.1989000547
2026-01-28,205.5213,42362778.0,25000.0,8706455267.45,5138032.5,0.000590140572961889,0.7560518470708634,10412460.304279998,-941948.5429550547
2026-01-29,201.2719,42362778.0,0.0,8526438209.94,0.0,0.0,0.274316516535207,7325373.304279998,832520.8320449453
2026-01-30,203.169,42412778.0,50000.0,8616961630.34,10158450.0,0.0011788900120237832,1.2836270922120905,6154236.499999998,1594441.2070449453
2026-02-02,205.3082,42462778.0,50000.0,8717955789.41,10265410.0,0.0011775019566478814,1.2816255462060087,6142955.499999998,2107711.707044945
2026-02-03,205.1687,42512778.0,50000.0,8722292110.43,10258435.0,0.00117611688190689,1.2636908170762968,7164065.499999998,3135923.957044945
2026-02-04,203.697,42512778.0,0.0,8659723271.37,0.0,0.0,0.2631732772779442,6136458.999999998,3395949.0820449456
2026-02-05,202.769,42584306.0,71528.0,8634779123.96,14503661.032,0.0016796794479380349,1.6786155367537174,9037191.206399998,4121132.133644946
2026-02-06,204.668,42472527.0,-111779.0,8692767303.13,-22877584.372,-0.0026317953275664567,-1.9568742595366004,2429984.3319999985,2715787.9150449457
2026-02-09,207.0934,42372527.0,-100000.0,8775069990.83,-20709340.0,-0.0023600199225352484,-1.7703139595674584,-3764965.6680000024,1666468.8078199453
2026-02-10,206.8691,42347527.0,-25000.0,8760394098.44,-5171727.5,-0.0005903532925443332,-0.2693155788729777,-6850998.168000002,1407882.4328199453
2026-02-11,205.7781,42322527.0,-25000.0,8709047085.44,-5144452.5,-0.0005907021112103783,-0.26534006767094737,-7879888.668000002,1158793.8556299452
2026-02-12,205.7486,42297527.0,-25000.0,8702657350.35,-5143715.0,-0.0005910510770360426,-0.2654896408593136,-11809363.874400001,883051.4074699453
2026-02-13,206.1914,42272527.0,-25000.0,8716232834.73,-5154785.0,-0.0005914005623462304,-0.27033185965774825,-8264804.000000002,101664.90746994522
2026-02-16,205.246,42172527.0,-100000.0,8655742438.05,-20524600.0,-0.0023712119609492293,-1.7787679856571776,-8227856.000000002,-1182887.5925300547
2026-02-17,206.8788,42174617.0,2090.0,8725032336.86,432376.69200000004,4.9555884185479765e-05,0.28685216402056507,-7107035.161600001,-623281.6313300548
2026-02-18,209.193,42149617.0,-25000.0,8817403412.42,-5229825.0,-0.0005931252949857533,-0.2803727312308412,-7124109.661600001,386230.24366994516
2026-02-19,207.2497,42149617.0,0.0,8735497411.88,0.0,0.0,0.21499006362787912,-6095366.661600001,-385541.50633005484
2026-02-20,209.0375,42148208.0,-1409.0,8810555099.78,-294533.83749999997,-3.3429657287695125e-05,0.16907843380134152,-5123316.429100001,-1200974.8992750547
2026-02-23,206.812,42148208.0,0.0,8716754210.88,0.0,0.0,0.19121663762191674,-1018396.4291000016,-1717065.6492750547
2026-02-24,206.7643,42198208.0,50000.0,8725084403.36,10338215.0,0.001184884239746585,1.2968653238511048,962771.2324999984,-1457799.1492750547
2026-02-25,208.3317,42202688.0,4480.0,8792158159.64,933326.0160000001,0.00010615437063955361,0.26574586775931697,2195401.4356999984,-1668034.4734750548
2026-02-26,209.2645,42227688.0,25000.0,8836755872.4,5231612.5,0.0005920286330801545,0.7237836039325933,3241723.9356999984,-1406453.8484750546
2026-02-27,209.2151,42226455.0,-1233.0,8834411385.56,-257962.2183,-2.91997063575332e-05,0.13014357478603444,3249038.259539998,-1927274.4593900547
2026-03-02,203.8691,42200600.0,-25855.0,8603397761.67,-5271035.5805,-0.0006126690554728976,-0.43827125601912986,2194831.1434399984,-2704096.7384150545
2026-03-03,196.8583,42200600.0,0.0,8307538794.4,0.0,0.0,0.150492003117314,127188.14343999847,-3217018.4884150545
2026-03-04,200.2858,42275600.0,75000.0,8467204452.9,15021435.0,0.001774072550575437,1.8135233415976093,2944809.9402399985,-2465946.7384150545
2026-03-05,197.0636,42295791.0,20191.0,8334959744.36,3978911.1476000003,0.00047737616852827657,0.5801731589584617,2694269.6697599986,-2992184.2326350547
2026-03-06,195.2018,42320791.0,25000.0,8261093890.5,4880045.0,0.000590726248204478,0.6822466185580651,3721871.1134199984,-1604302.764035055
2026-03-09,193.6971,42320791.0,0.0,8197412882.9,0.0,0.0,0.124289275861773,4776078.229519999,-568835.7640350547
2026-03-10,198.3237,42295791.0,-25000.0,8388258568.9,-4958092.5,-0.000591075305949967,-0.43344105335920796,3784459.729519998,-558154.0140350547
2026-03-11,195.6035,42318290.0,22499.0,8277606992.93,4400883.1465,0.0005316612820902037,0.6216466232986111,1660349.3588199983,-80887.23171005468
2026-03-12,195.1838,42318290.0,0.0,8259843389.05,0.0,0.0,0.12148662805493363,864567.1292999983,176298.51828994532
2026-03-13,194.0047,42318290.0,0.0,8209947387.82,0.0,0.0,0.1252223635015455,-111441.87070000172,434037.76828994526
2026-03-16,194.9691,42311109.0,-7181.0,8249358546.6,-1400073.1071,-0.00016971902714509174,-0.033694558278317494,-391456.4921200017,1390264.1129349454
2026-03-17,196.3485,42311109.0,0.0,8307721642.26,0.0,0.0,0.13138299730492445,600162.0078799983,1368645.2783349452
2026-03-18,194.4561,42459373.0,148264.0,8256485040.52,28830839.2104,0.0034919023130191742,3.2513369237058387,5486153.220659998,3071678.4888549456
2026-03-19,188.9712,42284373.0,-175000.0,7990527554.87,-33069960.0,-0.00413864538641692,-3.423577203404308,-1127838.779340002,1418180.4888549454
2026-03-20,185.1689,42284373.0,0.0,7829752787.92,0.0,0.0,0.12386373478696965,-1127838.779340002,1432907.1807299454
2026-03-23,187.4314,42284373.0,0.0,7925420358.78,0.0,0.0,0.12896252929448915,-847824.157920002,1432907.1807299454
2026-03-24,187.2896,42378643.0,94270.0,7937079558.42,17655790.592,0.0022244693986051794,1.9906962519241762,2683333.960479998,1798785.9603299454
2026-03-25,189.9377,42753643.0,375000.0,8120528424.83,71226637.5,0.00877118258489331,6.188048657501346,11162493.618399998,5313451.534529945
2026-03-26,187.0901,42877223.0,123580.0,8021904515.22,23120594.558000002,0.002882182717848758,1.9980547641939426,22400604.529999997,6207900.637429945
2026-03-27,184.5067,42877223.0,0.0,7911133327.78,0.0,0.0,0.00046563751391760425,22400604.529999997,6220798.748344945
2026-03-30,186.6731,42577223.0,-300000.0,7948020966.33,-56001930.0,-0.007046021926368785,-4.41982879967262,11200218.529999997,3684254.0273699453
2026-03-31,187.6409,42577223.0,0.0,7989227577.41,0.0,0.0,0.042200752986048785,7669060.411599998,3684254.0273699453
2026-04-01,192.761,42552223.0,-25000.0,8202407370.6,-4819025.0,-0.0005875134923526106,-0.325810884782703,-7540072.088400002,2692231.0273699453
2026-04-02,191.6765,42594993.0,42770.0,8164457589.14,8198003.905,0.0010041088235799795,0.6690609245346982,-10524590.219000002,2903185.6652399455
2026-04-07,189.635,42794993.0,200000.0,8115427866.47,37927000.0,0.004673444287109073,2.8804750536580426,-2939190.219000003,4555533.415239945
2026-04-08,199.2197,42766139.0,-28854.0,8519857139.17,-5748285.2238,-0.0006746926773422394,-0.39260033871435224,7111538.736239997,4268119.154049946
2026-04-09,196.9572,42765362.0,-777.0,8422944848.45,-153035.7444,-1.816891207926665e-05,0.001962502304713321,7080931.587359997,4508371.991829945
2026-04-10,196.9279,42740362.0,-25000.0,8416768253.44,-4923197.5,-0.0005849272965295023,-0.3480556709797352,7060097.087359997,4042167.9595049447
2026-04-13,196.4176,42740362.0,0.0,8394959299.55,0.0,0.0,0.02540299974068516,5420496.306359997,4042167.9595049447
2026-04-14,198.9133,42665362.0,-75000.0,8486705904.58,-14918497.5,-0.0017578666761562895,-1.0559094207065558,-5148603.193640003,3296243.084504945
2026-04-15,199.0975,42690362.0,25000.0,8499543270.9,4977437.5,0.0005856123489648344,0.4012643016176326,-3003458.648880003,3615118.614859945
2026-04-16,199.8231,42590362.0,-100000.0,8510538703.11,-19982310.0,-0.002347948901601009,-1.3975269387333848,-6969313.500000003,2616003.114859945
2026-04-17,204.3073,42595792.0,5430.0,8702629716.55,1109388.639,0.00012747740339799234,0.13024920575486681,-5762796.272200003,1229930.5862899455
2026-04-20,201.9527,42520792.0,-75000.0,8587188963.4,-15146452.5,-0.0017638429251477582,-1.0268339960055706,-8792086.772200003,2126105.961289945
2026-04-21,200.7039,42496842.0,-23950.0,8529281701.34,-4806858.405,-0.0005635713033425564,-0.286577925746892,-6769758.953200003,1885763.041039945
2026-04-22,200.0742,42497710.0,868.0,8502694642.67,173664.4056,2.0424631590140962e-05,0.07192074009995485,-7730513.572080003,1894446.2613199453
2026-04-23,199.748,42419864.0,-77846.0,8473282240.66,-15549582.807999998,-0.0018351309877751472,-1.0531198683876257,-6843968.133680003,234177.59131994555
2026-04-24,199.5042,42419864.0,0.0,8462939819.25,0.0,0.0,0.06550464635250287,-7065845.861480002,-3327154.2836800544
2026-04-27,199.1185,42360492.0,-59372.0,8434757858.6,-11822063.582,-0.00140158897032786,-0.7854266298680836,-6400968.077880003,-5074287.190680055
2026-04-28,198.5713,42201492.0,-159000.0,8380006254.33,-31572836.700000003,-0.00376763879903862,-2.182420292488387,-11754163.736880004,-6652929.025680055
2026-04-29,198.0419,42221883.0,20391.0,8361702887.11,4038272.3829,0.0004829485617248141,0.3632423752305171,-10981242.141420003,-3650918.9065350546
2026-04-30,200.7743,42204489.0,-17394.0,8473577039.17,-3492268.1742000002,-0.0004121362392832004,-0.17130956507102163,-8569779.214660004,-3825532.3152450547
2026-05-04,198.2265,42179489.0,-25000.0,8361091159.07,-4955662.5,-0.0005927052349649559,-0.27143851337503877,-9560911.714660004,-3832364.1902450547
2026-05-05,201.619,42154489.0,-25000.0,8499143829.76,-5040475.0,-0.0005930567950092373,-0.2657194014265475,-8204593.9982600035,-4494288.135495055
2026-05-06,205.8087,42154489.0,0.0,8675761103.2,0.0,0.0,0.09102486996486799,-1890026.6582600032,-6390638.135495055
2026-05-07,203.6674,42075383.0,-79106.0,8569382561.19,-16111313.3444,-0.0018801020061079733,-1.0260090539560647,-5919943.803720003,-6908789.541525054
2026-05-08,200.8556,42075383.0,0.0,8451076474.25,0.0,0.0,0.09991264785672975,-5221490.1688800035,-6901137.754305054
2026-05-11,200.9456,42114383.0,39000.0,8462700103.51,7836878.4,0.00092604940552597,0.6487345922696179,-2662981.9888800033,-6263133.9593050545
2026-05-12,197.6851,42135221.0,20838.0,8329504006.29,4119362.1138,0.0004945507092246161,0.3880799410790332,-831014.5661200029,-6057165.853615055
2026-05-13,199.1732,42060221.0,-75000.0,8377267429.39,-14937990.0,-0.0017831578287202568,-0.9858609200426799,-3818612.5661200034,-6058140.478615055
2026-05-14,201.7631,41785221.0,-275000.0,8430715581.17,-55484852.5,-0.006581274384813241,-3.6216675865090817,-11693320.397240004,-9081254.978615055
2026-05-15,197.5913,41760221.0,-25000.0,8251455510.72,-4939782.5,-0.0005986558969605313,-0.223196885555477,-12681276.897240004,-8329128.603615055
2026-05-18,200.5367,41760221.0,0.0,8374455047.31,0.0,0.0,0.11113755031887255,-14248652.577240005,-8384598.035565054
2026-05-19,201.3002,41785221.0,25000.0,8411371285.35,5032505.0,0.0005982978077266739,0.44954195515633805,-14066024.000000004,-7375650.160565054
2026-05-20,204.0755,41785221.0,0.0,8527337949.02,0.0,0.0,0.11262019008678045,-11078426.000000004,-7135307.240315055
2026-05-21,202.9821,41760221.0,-25000.0,8476579227.31,-5074552.5,-0.0005986557034293636,-0.2197729505111172,-996366.0000000044,-7397718.085595055
2026-05-22,205.2981,41840321.0,80100.0,8589737331.24,16444377.81,0.0019144214981048923,1.1955567904087852,3280466.0619999957,-5798020.054695055
2026-05-26,207.7313,41814546.0,-25775.0,8686188352.57,-5354274.2575,-0.0006164124055536766,-0.23201786795610255,2209611.2104999954,-6065733.767570054
2026-05-27,207.6707,41789546.0,-25000.0,8678466228.51,-5191767.5,-0.0005982356056124644,-0.2216468551418902,164756.71049999556,-5734218.963470055
2026-05-28,206.9648,41689546.0,-100000.0,8628268016.11,-20696480.0,-0.002398683022056943,-1.2226822661512868,-3974539.289500004,-5190401.128470054
2026-05-29,207.0318,41644755.0,-44791.0,8621790260.42,-9273161.3538,-0.0010755494014242316,-0.4751471876273721,-4814261.060260003,-5855972.815305055
2026-06-01,206.1916,41605521.0,-39234.0,8578709164.48,-8089721.2343999995,-0.0009429998242504074,-0.4053672270257585,-9721080.869140005,-6085845.468315055
2026-06-02,207.1898,41605521.0,0.0,8620239401.28,0.0,0.0,0.1210746632577812,-8650226.017640006,-5838062.343315055
2026-06-03,204.4824,41605521.0,0.0,8507595232.81,0.0,0.0,0.10555320355026576,-7611872.517640005,-5586038.593315055
2026-06-04,205.7097,41532778.0,-72743.0,8543694399.88,-14963940.7071,-0.001751460200555649,-0.8882141433433041,-6465364.659060004,-6334235.6286700545
2026-06-05,204.1762,41467723.0,-65055.0,8466724078.02,-13282682.691,-0.0015688101523802394,-0.7743356506584166,-7267268.926500005,-6192804.096000055
2026-06-08,202.9958,41467723.0,0.0,8417773691.38,0.0,0.0,0.12072902166551985,-5649324.679620004,-6192804.096000055
2026-06-09,201.4845,41491138.0,23415.0,8359822496.06,4717759.5675,0.0005643372894249236,0.43695632747319685,-4705772.7661200045,-6348760.037625054
2026-06-10,199.5234,41487318.0,-3820.0,8277688724.09,-762179.388,-9.207635288119505e-05,0.06311773035730693,-4858208.643720005,-6592837.112715054
2026-06-11,199.6416,41562318.0,75000.0,8297566672.17,14973120.0,0.0018045193960561684,1.1295724227157415,1129203.4976999958,-5097281.612715054
2026-06-12,203.1482,41562318.0,0.0,8443311348.06,0.0,0.0,0.10616868447383772,3785740.0358999954,-2323038.987715055
2026-06-15,205.2805,41562318.0,0.0,8531932763.42,0.0,0.0,0.10740453963992967,3785740.0358999954,-2076049.8627150548
2026-06-16,205.4132,41586539.0,24221.0,8542424970.96,4975313.117199999,0.0005824239761090781,0.4347088873368703,3837250.7458399953,-1827284.2068550545
2026-06-17,205.614,41586539.0,0.0,8550775723.77,0.0,0.0,0.10181116999977434,3989686.623439995,-2078909.4568550545
2026-06-18,206.371,41666412.0,79873.0,8598738125.28,16483470.883000001,0.0019169639362011913,1.1727022599460597,4291756.800039995,-1254735.9127050545
2026-06-19,206.0126,41666412.0,0.0,8583806350.82,0.0,0.0,0.09221659243806288,4291756.800039995,-1001008.2877050545
2026-06-22,207.2773,41716412.0,50000.0,8646865179.72,10363865.0,0.0011985690518578895,0.7576540227158473,6364529.800039995,-1305033.9282050547
2026-06-23,205.2479,41716412.0,0.0,8562204216.94,0.0,0.0,0.08373971620646514,5369467.176599996,-1037320.2153300546
2026-06-24,203.9835,41641412.0,-75000.0,8494161460.96,-15298762.5,-0.0018010915580442654,-0.9571903426453883,2309714.6765999957,-1542669.9653300545
2026-06-25,206.0804,41641412.0,0.0,8581480621.78,0.0,0.0,0.0712960907801393,-986979.5000000044,-507845.9653300545
2026-06-26,203.4118,41641412.0,0.0,8470353135.19,0.0,0.0,0.0712960907801393,-986979.5000000044,-44187.897640054485
2026-06-29,203.0437,41632412.0,-9000.0,8453198305.66,-1827393.3,-0.00021617773935061173,-0.05723007989543865,-3425231.160000005,268928.4990799455
2026-06-30,206.0838,41632412.0,0.0,8579764688.64,0.0,0.0,0.06396382980317158,-3425231.160000005,268928.4990799455
2026-07-01,206.4497,41574412.0,-58000.0,8583026352.48,-11974082.6,-0.0013950886445245716,-0.728250667679163,-2760295.1800000044,-329775.6309200545
2026-07-02,210.9049,41399412.0,-175000.0,8731339766.97,-36908357.5,-0.004227112732414965,-2.276621538972583,-10141966.680000003,-1426996.4705650546
2026-07-03,212.5399,41346700.0,-52712.0,8787822796.75,-11203403.2088,-0.00127487814307582,-0.6156850987440439,-12382647.321760004,-1323032.4964550545
2026-07-06,212.855,41337180.0,-9520.0,8798823418.89,-2026379.5999999999,-0.00023030120091393247,-0.030338864718470165,-12422444.581760004,-1424351.4764550547
2026-07-07,209.9462,41342423.0,5243.0,8679683099.25,1100747.9266000001,0.0001268189073279777,0.1687282695334843,-12202294.996440005,-1605202.0585000545
2026-07-08,205.2647,41342423.0,0.0,8486141143.77,0.0,0.0,0.09799433171915183,-9807478.476440003,-1567093.0891000545
2026-07-09,207.084,41380462.0,38039.0,8569229578.98,7877268.276000001,0.0009192504650969611,0.6139052984121881,-850353.3212400042,-1921885.6753000547
2026-07-10,206.6612,41455462.0,75000.0,8567235522.13,15499590.0,0.0018091705264741533,1.1015622060555723,4490245.320519996,-1146906.1753000547
2026-07-13,207.0469,41461710.0,6248.0,8584518916.83,1293629.0311999999,0.00015069324719686183,0.17096224317895825,5154247.046759996,-1082224.7237400548
2026-07-14,207.3161,41461710.0,0.0,8595680439.75,0.0,0.0,0.07382141623086697,4934097.461439995,-1330990.3796000546
2026-07-15,206.0996,41411710.0,-50000.0,8534938317.86,-10304980.0,-0.0012073877532818315,-0.5952085483893156,2873101.4614399956,-1846239.3796000548
2026-07-16,205.4056,41436710.0,25000.0,8511333783.28,5135140.0,0.000603329646181621,0.4374671291618686,2324675.806239995,-2413655.923750055
2026-07-17,204.7085,41386710.0,-50000.0,8472211321.83,-10235425.0,-0.0012081172920730624,-0.5818168742581039,-2822327.193760005,-2925427.173750055
2026-07-20,204.835,41386710.0,0.0,8477448113.09,0.0,0.0,0.10873375625422121,-3081053.0000000047,-3443620.423750055
2026-07-21,206.1915,41361710.0,-25000.0,8528434926.05,-5154787.5,-0.000604423618717517,-0.2300451806469607,-4112010.5000000047,-3701359.798750055
2026-07-22,207.3782,41361710.0,0.0,8577517326.21,0.0,0.0,0.11447481506602662,-2051014.5000000044,-2936421.673750055
2026-07-23,204.1435,41286710.0,-75000.0,8428415348.92,-15310762.5,-0.0018165647830777453,-0.9059528593586906,-6140195.000000005,-3701959.798750055
2026-07-24,206.9113,41061710.0,-225000.0,8496133274.93,-46555042.5,-0.0054795565221855075,-2.8635118671082886,-13404118.500000004,-6029711.923750055
2026-07-27,209.0687,41036710.0,-25000.0,8579491308.43,-5226717.5,-0.000609210652718344,-0.17290306057124363,-14449462.000000006,-6199678.133750055
2026-07-28,209.9165,40961710.0,-75000.0,8598540805.21,-15743737.500000002,-0.0018309778201506712,-0.8368558467564687,-16567252.000000006,-6986865.008750056
2026-07-29,209.8863,40961710.0,0.0,8597300967.74,0.0,0.0,0.18010167555438023,-16567252.000000006,-6388160.878750054
2026-07-30,211.1344,41036710.0,75000.0,8664261938.73,15835080.0,0.0018276317258156547,1.172355402317222,-10338083.500000004,-3750989.0037500546
2026-07-31,211.2756,41036710.0,0.0,8670056802.58,0.0,0.0,0.14963517487011788,-1027075.0000000049,-3190818.8433100553
2026-08-03,214.3401,40961710.0,-75000.0,8779735234.34,-16075507.5,-0.001830978619619894,-0.8621114568653964,-3196833.0000000047,-3893275.2383100553
2026-08-04,215.9966,40961710.0,0.0,8847588670.04,0.0,0.0,0.1521963313269922,-48085.50000000447,-3948312.6346400552
2026-08-05,215.3686,40969678.0,7968.0,8823580399.21,1716057.0048,0.00019448533669548062,0.2565544445352421,295125.9009599955,-3862509.7844000547
2026-08-06,215.4818,40917400.0,-52278.0,8816954420.41,-11264957.5404,-0.0012776472468002352,-0.557227038809945,-5124881.6071200045,-4819621.075220055
2026-08-07,216.9588,40866623.0,-50777.0,8866372773.01,-11016516.9876,-0.001242505505874423,-0.5454049168763614,-7328185.004640004,-6145426.424600055
2026-08-10,216.9926,40857387.0,-9236.0,8865752210.86,-2004143.6536,-0.00022605455306376007,0.022293252714448757,-4513912.235360005,-6310315.058840055
2026-08-11,217.5482,40807387.0,-50000.0,8877575080.2,-10877410.0,-0.0012252681505629064,-0.5310906468241021,-6689394.235360005,-6854185.558840054
2026-08-12,217.0498,40782387.0,-25000.0,8851808734.88,-5426245.0,-0.0006130097432650369,-0.18737365588603738,-8117854.636320005,-6610248.808840055
2026-08-13,216.7906,40657387.0,-125000.0,8814140563.03,-27098825.0,-0.003074471618215758,-1.5283322325634774,-11284628.128240004,-8221947.058840056
2026-08-14,217.9484,40658287.0,900.0,8861408655.42,196153.56,2.213570862461291e-05,0.17843651802881075,-9042094.018720005,-7700368.130840056
2026-08-17,217.107,40658287.0,0.0,8827199922.49,0.0,0.0,0.1721467005074667,-8641265.288000004,-7700368.130840056
2026-08-18,215.3731,40658287.0,0.0,8756702899.34,0.0,0.0,0.1726528053619137,-6465783.288000004,-7442628.755840056
2026-08-19,215.0668,40608287.0,-50000.0,8733494984.07,-10753340.0,-0.0012312756828296372,-0.49954670146188346,-7531202.288000004,-7980295.755840056
2026-08-20,214.1732,40583287.0,-25000.0,8691851858.27,-5354330.0,-0.0006160171718648814,-0.15675580326489053,-3182303.2880000044,-7482474.130840056
