date,nav,shares_outstanding,shares_change,total_net_assets,estimated_flow_eur,flow_pct_assets,flow_zscore,flow_5d,flow_20d
2000-04-27,10.0,9703200.0,,60000000.0,,,,,
2000-04-28,10.2394,9703155.0,-45.0,61436112.18,-460.77299999999997,-7.500035136500722e-06,,,
2000-05-02,10.3148,10835223.0,1132068.0,69109050.17,11677055.0064,0.16896564165873848,,,
2000-05-03,10.0097,10835203.0,-20.0,67064760.97,-200.19400000000002,-2.9850848210664996e-06,,,
2000-05-04,10.0334,10835235.0,32.0,67223751.39,321.0688,4.776121435671042e-06,,,
2000-05-05,10.0968,12452500.0,1617265.0,77745735.91,16329201.252,0.21003340004271112,,5601183.27204,
2000-05-08,10.0629,12452460.0,-40.0,77484451.95,-402.516,-5.1947970188876065e-06,,5601194.92344,
2000-05-09,9.9131,12452485.0,25.0,76331144.34,247.8275,3.246741577672514e-06,,3265833.48766,
2000-05-10,9.8756,12452465.0,-20.0,76042272.41,-197.512,-2.597397391480716e-06,,3265834.02406,
2000-05-11,10.1105,12452466.0,1.0,77851014.97,10.1105,1.2986985466915358e-07,,3265771.8324,
2000-05-12,10.1715,12452444.0,-22.0,78320576.93,-223.773,-2.8571418747336337e-06,,-113.17260000000002,
2000-05-15,10.1192,12452436.0,-8.0,77917812.05,-80.9536,-1.0389614116481085e-06,,-48.86012,
2000-05-16,10.2336,12452453.0,17.0,78798804.4,173.97119999999998,2.207789843065182e-06,,-63.631380000000014,
2000-05-17,10.0358,12452405.0,-48.0,77275443.51,-481.7184,-6.233783697891842e-06,,-120.47265999999999,
2000-05-18,10.0952,12452439.0,34.0,77733032.15,343.2368,4.415584861499578e-06,,-53.84739999999999,
2000-05-19,9.7915,12452443.0,4.0,75394569.13,39.166,5.194803876717904e-07,,-1.2595999999999947,
2000-05-22,9.7762,12452481.0,38.0,75276986.99,371.49559999999997,4.935048742710046e-06,,89.23024000000001,
2000-05-23,9.8586,12452454.0,-27.0,75911302.77,-266.18219999999997,-3.506489683183183e-06,,1.1995600000000195,
2000-05-24,9.9101,12452419.0,-35.0,76307639.93,-346.8535,-4.545462293397913e-06,,28.172540000000016,
2000-05-25,10.0919,12452476.0,57.0,77707851.93,575.2383000000001,7.4025762611245564e-06,,74.57284000000003,
2000-05-26,10.0688,12452441.0,-35.0,77529769.15,-352.40799999999996,-4.545454009003714e-06,-0.32285913522048454,-3.7419599999999607,1400266.27447
2000-05-30,10.3031,12452421.0,-20.0,79333749.65,-206.062,-2.5974065376853142e-06,-0.31461971852874804,-119.25347999999994,1400279.01002
2000-05-31,10.3026,12452461.0,40.0,79330156.02,412.104,5.1947962877585176e-06,-0.30687894708144264,16.403760000000034,816446.8649
2000-06-01,10.4824,12452480.0,19.0,80714739.79,199.1656,2.4675245254854337e-06,-0.29984902624494403,125.60758000000003,816466.83288
2000-06-02,10.7346,12452450.0,-30.0,82656483.23,-322.038,-3.896100915688571e-06,-0.29335269055620716,-53.84767999999999,816434.6775400001
2000-06-05,10.6094,12452454.0,4.0,81692470.97,42.4376,5.194799410044091e-07,-0.2870803368565183,25.12144,-23.263179999999995
2000-06-06,10.6109,12452470.0,16.0,81704124.16,169.7744,2.0779171399907953e-06,-0.2812381114306268,100.28872000000001,5.351340000000009
2000-06-07,10.5415,12452385.0,-85.0,81169192.93,-896.0274999999999,-1.1039009600264604e-05,-0.2760128915456928,-161.33757999999997,-51.84140999999998
2000-06-08,10.5295,12452421.0,36.0,81077025.24,379.062,4.6753318696377966e-06,-0.2705408752472389,-125.35829999999999,-23.012709999999988
2000-06-09,10.444,12452444.0,23.0,80418824.84,240.21200000000002,2.987012064375747e-06,-0.26569078720805467,-12.90829999999998,-11.507634999999983
2000-06-12,10.4263,12452500.0,56.0,80282894.32,583.8728,7.272692457657773e-06,-0.2609771751190568,95.37874000000002,28.87465500000002
2000-06-13,10.4524,12452426.0,-74.0,80483392.54,-773.4776,-9.61040005384445e-06,-0.2569270103540949,-93.27166,-5.751544999999988
2000-06-14,10.5966,12452493.0,67.0,81594165.63,709.9722,8.701261842905128e-06,-0.2523656326984904,227.92828,21.048505000000013
2000-06-15,10.5228,12452393.0,-100.0,81025256.12,-1052.28,-1.298706169396802e-05,-0.24884091561149685,-58.34012,-7.479574999999988
2000-06-16,10.5794,12452489.0,96.0,81461703.62,1015.6224,1.2467482938211597e-05,-0.24449532554275943,96.74195999999999,26.13970500000001
2000-06-19,10.5221,12452402.0,-87.0,81019920.31,-915.4227,-1.1298736119430774e-05,-0.2413829135735777,-203.11714,-21.58972999999999
2000-06-20,10.5814,12452437.0,35.0,81476760.64,370.349,4.5454556255171215e-06,-0.23755868536887786,25.648180000000014,-21.647059999999986
2000-06-21,10.5017,12452400.0,-37.0,80862832.05,-388.5629,-4.805210133621582e-06,-0.23444105144988175,-194.05883999999998,-27.76609499999999
2000-06-22,10.3981,12452500.0,100.0,80065752.65,1039.81,1.2986950919520268e-05,-0.23084754449255498,224.35915999999997,41.56708000000001
2000-06-23,10.362,12452471.0,-29.0,79787596.81,-300.498,-3.766224476162412e-06,-0.2281704981854806,-38.86492000000002,-2.2197349999999942
2000-06-26,10.3838,12452411.0,-60.0,79955075.95,-623.028,-7.792225729228389e-06,-0.22531718689870925,19.614019999999982,-15.750734999999997
2000-06-27,10.3354,12452457.0,46.0,79582685.81,475.4284,5.974018031196678e-06,-0.22215822113150882,40.629899999999964,18.323785000000004
2000-06-28,10.2354,12452427.0,-30.0,78812497.09,-307.062,-3.89610799476827e-06,-0.2196649269543227,56.930079999999975,-17.634514999999997
2000-06-29,10.1147,14878191.0,2425764.0,93054934.73,24535875.130799998,0.26367086497874753,4.426945582063646,4907023.994239999,1226766.1637449998
2000-06-30,10.2339,14878197.0,6.0,94151606.14,61.403400000000005,6.521758100302123e-07,-0.2628103636967468,4907096.374519999,1226785.3358149999
2000-07-03,10.4903,14878224.0,27.0,96510656.94,283.2381,2.934785742636558e-06,-0.2596965675328977,4907277.627739999,1226797.3758399999
2000-07-04,10.4038,14878172.0,-52.0,95714520.08,-540.9976,-5.652199891383502e-06,-0.25688347359787855,4907074.34254,1226761.8372399998
2000-07-05,10.3477,14878186.0,14.0,95198497.47,144.8678,1.5217446057449838e-06,-0.2538836356236708,4907164.728499999,1226813.882005
2000-07-06,10.4077,14878216.0,30.0,95750683.74,312.231,3.260874886782297e-06,-0.2510778719525411,52.14853999999998,1226810.5404549998
2000-07-07,10.5337,14878244.0,28.0,96910066.96,294.9436,3.043477414185867e-06,-0.24839749198081915,98.85657999999998,1226813.2770349998
2000-07-10,10.4827,14878279.0,35.0,96441092.84,366.8945,3.8043378522129985e-06,-0.24578317967284688,115.58785999999998,1226802.4281199998
2000-07-11,10.4982,14878256.0,-23.0,96583546.82,-241.45860000000002,-2.4999972350363106e-06,-0.24338253806510832,175.49566,1226829.02907
2000-07-12,10.5668,14878278.0,22.0,97214807.01,232.4696,2.391298271837201e-06,-0.24084397883144323,193.01601999999997,1226805.1539399999
2000-07-13,10.4978,14878185.0,-93.0,96579405.25,-976.2954,-1.010873278286211e-05,-0.2387131234678287,-64.68926000000002,1226808.9531699999
2000-07-14,10.4968,14878307.0,122.0,96570994.64,1280.6096,1.3260809881620165e-05,-0.2359527341948631,132.44393999999997,1226822.20253
2000-07-17,10.5812,14878304.0,-3.0,97347458.35,-31.7436,-3.260855551653959e-07,-0.2339843199788138,52.71631999999998,1226866.3864849997
2000-07-18,10.4597,14878190.0,-114.0,96228916.16,-1192.4058,-1.2391346048389287e-05,-0.2320478272707534,-137.47312000000002,1226788.2487449998
2000-07-19,10.4838,14878259.0,69.0,96451084.91,723.3822,7.499990287045492e-06,-0.22953171572146744,-39.29060000000002,1226843.8459999997
2000-07-20,10.4895,14878226.0,-33.0,96503306.37,-346.1535,-3.5869600018969793e-06,-0.22769790832660547,86.73777999999997,1226774.5478249998
2000-07-21,10.3429,14878178.0,-48.0,95154284.27,-496.4592,-5.217413002564325e-06,-0.22572587015355053,-268.67598000000004,1226764.7497649998
2000-07-24,10.347,14878252.0,74.0,95192478.23,765.678,8.043471650669725e-06,-0.22350037962385388,-109.19166000000003,1226834.1850649999
2000-07-25,10.3621,14878310.0,58.0,95331766.64,601.0018,6.30431828951156e-06,-0.2216353582664676,249.48985999999996,1226840.4637349998
2000-07-26,10.3563,14878310.0,0.0,95278406.31,0.0,0.0,-0.21991324482358804,104.81341999999998,1226855.8168349997
2000-07-27,10.3016,14878196.0,-114.0,94774440.54,-1174.3824,-1.2391340885883112e-05,-0.21836475736241787,-60.832360000000016,3.3411749999999985
2000-07-28,10.2736,14878218.0,22.0,94516981.27,226.0192,2.391307857731373e-06,-0.2162841248613739,83.66331999999998,11.571964999999999
2000-07-31,10.3239,14878264.0,46.0,94980035.85,474.8994,4.999991795644285e-06,-0.2145060230135133,25.50759999999999,21.15503
2000-08-01,10.347,14878200.0,-64.0,95192146.37,-662.208,-6.95654027409026e-06,-0.2130819562587366,-227.13436000000002,15.094510000000003
2000-08-02,10.3662,14878269.0,69.0,95369226.14,715.2678,7.4999853616301975e-06,-0.21112388646077082,-84.0808,43.61451
2000-08-03,10.2461,14878275.0,6.0,94264341.46,61.476600000000005,6.521723808582156e-07,-0.20966899888953489,163.09099999999998,31.07679
2000-08-04,10.3211,14878295.0,20.0,94954468.88,206.422,2.173905056126096e-06,-0.20806586579863356,159.17156,26.650710000000004
2000-08-07,10.3733,14878267.0,-28.0,95434530.3,-290.4524,-3.043472829875708e-06,-0.20664688526067962,6.101199999999983,-6.216634999999999
2000-08-08,10.3253,16495483.0,1617216.0,105318336.2,16698240.3648,0.158550172432367,3.09694559119402,3339786.61576,834917.8745350001
2000-08-09,10.4154,16495501.0,18.0,106237470.4,187.4772,1.764699397435954e-06,-0.23555279892594985,3339681.0576400002,834915.624915
2000-08-10,10.3721,16495404.0,-97.0,105795189.3,-1006.0937,-9.509824658917644e-06,-0.23410311539087184,3339467.5435800003,834914.135
2000-08-11,10.3674,16495496.0,92.0,105747840.8,953.8008,9.019577069227498e-06,-0.2320587164329593,3339617.01934,834897.7945600001
2000-08-14,10.4543,16495417.0,-79.0,106633714.5,-825.8897,-7.745108607278235e-06,-0.2308005195669969,3339509.93188,834858.087255
2000-08-15,10.5438,16495490.0,73.0,107547083.5,769.6973999999999,7.156841217363183e-06,-0.22889676165521985,15.798399999999992,834956.192415
2000-08-16,10.6354,16495433.0,-57.0,108481037.2,-606.2178,-5.588237498894415e-06,-0.22762173149867387,-142.94060000000002,834889.7124150001
2000-08-17,10.6131,16495447.0,14.0,108253668.9,148.58339999999998,1.3725483996044034e-06,-0.2259498453453132,87.99481999999998,834914.44926
2000-08-18,10.6537,16495397.0,-50.0,108667453.9,-532.6850000000001,-4.901973690210847e-06,-0.22459726248250228,-209.30234000000002,834912.63797
2000-08-21,10.6525,16495446.0,49.0,108655538.1,521.9725,4.803919884135202e-06,-0.22292245346189388,60.27009999999996,834900.452695
2000-08-22,10.7212,16495478.0,32.0,109356494.9,343.0784,3.1372475893061926e-06,-0.2215274867919315,-25.053700000000028,834887.5565250001
2000-08-23,10.6911,16495419.0,-59.0,109049078.3,-630.7749,-5.784321241713787e-06,-0.22032114553087012,-29.965120000000024,834856.0177800001
2000-08-24,10.6761,16495389.0,-30.0,108895884.0,-320.283,-2.941185545635499e-06,-0.21887773775773692,-123.73840000000003,834898.72275
2000-08-25,10.6869,16495415.0,26.0,109006214.4,277.8594,2.5490234802613233e-06,-0.2174004003772429,38.370479999999986,834901.3147600001
2000-08-29,10.6604,16495458.0,43.0,108736195.5,458.39719999999994,4.215681796591825e-06,-0.2160345755911597,25.65541999999998,834900.4896500001
2000-08-30,10.707,16495372.0,-86.0,109210950.8,-920.802,-8.431407228440686e-06,-0.21501888126199653,-227.12066000000004,834887.55995
2000-08-31,10.7985,16495418.0,46.0,110144555.0,496.73100000000005,4.5098098585082125e-06,-0.21344009850087683,-1.61948000000001,834876.63311
2000-09-01,10.9979,16495373.0,-45.0,112178122.7,-494.90549999999996,-4.411782690672537e-06,-0.21238791978669228,-36.54398,834848.8140049999
2000-09-04,11.0083,16495394.0,21.0,112284349.3,231.17430000000002,2.058829226345261e-06,-0.2110009625870145,-45.88099999999999,834850.05162
2000-09-05,10.9345,16495370.0,-24.0,111531426.2,-262.428,-2.3529511720706392e-06,-0.20988901744681016,-190.04603999999998,834851.45284
2000-09-06,10.841,16495390.0,20.0,110577867.0,216.82,1.9607902185344196e-06,-0.20859335462865053,37.47836000000001,-49.72440000000001
2000-09-07,10.8319,16495464.0,74.0,110485541.9,801.5605999999999,7.254891329812991e-06,-0.20729484707110646,98.44427999999998,-19.02023000000001
2000-09-08,10.6887,16495430.0,-34.0,109024671.9,-363.41580000000005,-3.333335415430863e-06,-0.20639210451088114,124.74221999999995,13.113664999999983
2000-09-11,10.6591,16495417.0,-13.0,108722671.1,-138.5683,-1.2745115494131747e-06,-0.2052071897048666,50.79369999999996,-41.50479000000002
2000-09-12,10.6165,16495411.0,-6.0,108288108.7,-63.699,-5.882363332844874e-07,-0.20407370952468085,90.53949999999996,-3.395255000000021
2000-09-13,10.4911,16495419.0,8.0,107009085.2,83.9288,7.843147134949996e-07,-0.202941784620807,63.96125999999997,-37.68368500000001
2000-09-14,10.6157,16495483.0,64.0,108280422.0,679.4048,6.274493462908743e-06,-0.20172789113578668,39.53009999999999,26.597444999999986
2000-09-15,10.3947,16495422.0,-61.0,106025821.2,-634.0767000000001,-5.980398857783146e-06,-0.20096242018647878,-14.602080000000024,-12.535560000000014
2000-09-18,10.3845,16495371.0,-51.0,105921458.8,-529.6094999999999,-5.000020826752434e-06,-0.19989015482875877,-92.81032,-12.381785000000008
2000-09-19,10.3734,16495384.0,13.0,105808318.7,134.8542,1.2745141559460388e-06,-0.19870419142484289,-53.09968,-31.737700000000007
2000-09-20,10.1729,16495411.0,27.0,103763395.4,274.6683,2.6470635327725596e-06,-0.1976550614746099,-14.951780000000008,-35.15820500000001
2000-09-21,10.0426,16495415.0,4.0,102434367.4,40.1704,3.9215744695466334e-07,-0.19671128182523853,-142.79866,-1.6109400000000065
2000-09-22,10.053,16495424.0,9.0,102540498.0,90.477,8.823538188784689e-07,-0.1957141154560199,2.1120800000000033,18.927059999999994
2000-09-25,10.1391,16495472.0,48.0,103419019.7,486.67679999999996,4.70587326597914e-06,-0.1946481794901221,205.36933999999997,29.36792999999999
2000-09-26,10.0682,16495373.0,-99.0,102695225.0,-996.7517999999999,-9.705921575224163e-06,-0.1940551697616239,-20.95185999999999,-43.38951999999999
2000-09-27,10.1586,16495410.0,37.0,103617528.4,375.8682,3.6274576879407596e-06,-0.19277488628081538,-0.7118799999999851,21.443990000000007
2000-09-28,10.1499,16495465.0,55.0,103529138.7,558.2445,5.392148597098297e-06,-0.19180206755373713,102.90294000000002,24.519665000000007
2000-09-29,10.1987,16495386.0,-79.0,104026402.3,-805.6973,-7.745123182059714e-06,-0.19122258224728933,-76.33192,8.980075
2000-10-02,10.1835,16495433.0,47.0,103871654.5,478.6245,4.6078451556771924e-06,-0.19000286258141685,-77.94237999999999,21.352585
2000-10-03,10.2807,16495450.0,17.0,104863202.9,174.7719,1.6666656669515096e-06,-0.1891895767509336,156.36236,43.21258
2000-10-04,10.2642,16495365.0,-85.0,104694366.3,-872.4570000000001,-8.333371038323006e-06,-0.18857110352906578,-93.30268000000004,-11.251270000000005
2000-10-05,10.3402,16495385.0,20.0,105469689.9,206.80399999999997,1.9607908224256564e-06,-0.1874376279713364,-163.59078000000002,-40.9891
2000-10-06,10.3546,16495441.0,56.0,105616925.1,579.8575999999999,5.490195813322347e-06,-0.18649253637497176,113.52019999999996,6.1745699999999974
2000-10-09,10.1536,16495484.0,43.0,103566996.7,436.6048,4.215675011458549e-06,-0.18568487288805577,105.11625999999997,34.93322499999999
2000-10-10,10.2,16810290.0,314806.0,106025821.2,3211021.1999999997,0.03028527545137278,0.6111537972634405,642274.40188,160589.17817499998
2000-10-11,9.9153,16495510.0,-314780.0,101136492.0,-3121138.134,-0.03086065249326623,-1.0009925401497473,18221.266479999944,4528.075034999987
2000-10-12,9.9388,16495507.0,-3.0,101376170.1,-29.8164,-2.941164572560628e-07,-0.1821603925618322,18173.94239999996,4492.613974999981
2000-10-13,10.0642,16495370.0,-137.0,102654402.6,-1378.7954,-1.3431429778736056e-05,-0.18171586717349356,17782.211799999957,4455.378039999981
2000-10-16,10.1937,16495449.0,79.0,103975794.7,805.3023,7.745093964643676e-06,-0.18036849236217561,17855.951299999957,4522.123629999981
2000-10-17,10.056,16495407.0,-42.0,102570992.7,-422.352,-4.117655380749766e-06,-0.17991411956316444,-624432.7591,4494.263319999981
2000-10-18,9.9666,16495505.0,98.0,101659721.0,976.7267999999999,9.60780523881233e-06,-0.17954819475904907,-9.786939999994184,4529.366244999981
2000-10-19,10.0808,16495473.0,-32.0,102824365.7,-322.5856,-3.1372486258867337e-06,-0.1550529932196927,-68.34077999999418,4511.228444999981
2000-10-20,10.1734,16495392.0,-81.0,103768379.3,-824.0454000000001,-7.941199482528683e-06,-0.15519316655915608,42.609220000005806,4465.502324999981
2000-10-23,10.2383,16495473.0,81.0,104430866.3,829.3023000000001,7.941160783035658e-06,-0.15472641702360118,47.409220000005824,4482.633599999981
2000-10-24,10.4362,16495390.0,-83.0,106448914.9,-866.2045999999999,-8.13727975352053e-06,-0.12461155723738819,-41.36129999999416,4489.160959999981
2000-10-25,10.3226,16495517.0,127.0,105291010.1,1310.9702,1.2450922436349578e-05,-0.1238883587346293,25.48738000000585,4535.916059999981
2000-10-26,10.2176,16495420.0,-97.0,104219396.0,-991.1071999999999,-9.509815236311673e-06,-0.12466158634707579,-108.21693999999414,4458.448474999981
2000-10-27,10.3221,16495402.0,-18.0,105285177.8,-185.79780000000002,-1.76470994191549e-06,-0.1243877868597792,19.432580000005878,4489.443449999982
2000-10-30,10.357,16495469.0,67.0,105641585.0,693.919,6.568615947971625e-06,-0.12409485276047603,-7.644079999994142,4500.208174999981
2000-10-31,10.4382,16495402.0,-67.0,106469392.6,-699.3594,-6.568642714319384e-06,-0.12455858343539541,25.72496000000583,4456.501609999981
2000-11-01,10.4685,16495372.0,-30.0,106778261.1,-314.055,-2.9411885599624175e-06,-0.12442966178477337,-299.2800799999942,4484.421709999981
2000-11-02,10.3624,16495443.0,71.0,105696497.1,735.7303999999999,6.9607831875820976e-06,-0.12408071870887535,46.08744000000579,4510.868029999981
2000-11-03,10.3518,16495516.0,73.0,105588844.5,755.6814,7.1568299054546434e-06,-0.12407779169336723,234.38328000000584,4519.659219999981
2000-11-06,10.4261,16495456.0,-60.0,106346323.3,-625.566,-5.882347227325348e-06,-0.12453607971385473,-29.51371999999419,4466.55067999998
2000-11-07,10.4842,16495422.0,-34.0,106938723.8,-356.46279999999996,-3.3333369553452627e-06,-0.12444473302266341,39.06560000000583,-156102.33246
2000-11-08,10.5014,16495481.0,59.0,107114547.1,619.5826000000001,5.784299301770563e-06,-0.12412237347769924,225.7931200000058,-14.446629999996366
2000-11-09,10.4447,16495514.0,33.0,106536418.0,344.6751,3.235279601760217e-06,-0.12421458556315149,147.58206000000587,4.277945000003632
2000-11-10,10.3765,16495406.0,-108.0,105840079.5,-1120.662,-1.0588257352924608e-05,-0.1247019010568176,-227.68661999999412,17.184615000003635
2000-11-13,10.1797,16495443.0,37.0,103832959.8,376.6489,3.6274502886702844e-06,-0.12419776914248536,-27.243639999994162,-4.248054999996361
2000-11-14,10.4025,16495501.0,58.0,106105892.7,603.345,5.686253464789897e-06,-0.12412798538318688,164.71792000000582,47.036795000003636
2000-11-15,10.4342,16495455.0,-46.0,106428933.6,-479.9732,-4.509799955376045e-06,-0.12448818480422152,-55.19323999999419,-25.798204999996358
2000-11-16,10.431,16495420.0,-35.0,106396069.5,-365.085,-3.4313767577664134e-06,-0.12444744320239484,-197.14525999999418,-27.923174999996355
2000-11-17,10.4459,16495461.0,41.0,106548314.7,428.2819,4.019602761487883e-06,-0.12418426628983054,112.64352000000584,34.693190000003646
2000-11-20,10.296,16495501.0,40.0,105019587.6,411.84,3.921554153960513e-06,-0.12419007661604194,119.68174000000582,13.820075000003644
2000-11-21,10.3562,16495505.0,4.0,105633658.5,41.4248,3.921553090959166e-07,-0.12431492098985428,7.2977000000058165,59.201545000003634
2000-11-22,10.0957,16495401.0,-104.0,102975895.0,-1049.9528,-1.019610268985766e-05,-0.12468589488046534,-106.6982199999942,-58.84460499999635
2000-11-23,10.2025,16495423.0,22.0,104065393.3,224.455,2.156864956565729e-06,-0.12425275544361414,11.209780000005816,1.9335050000036447
2000-11-24,10.2673,16495515.0,92.0,104726933.7,944.5916000000001,9.019567045721687e-06,-0.12401122981136989,114.47172000000583,58.452975000003654
2000-11-27,10.3213,16495364.0,-151.0,105276777.1,-1558.5163000000002,-1.4803989473572139e-05,-0.12484886275463108,-279.5995399999942,-54.16878999999635
2000-11-28,10.1194,16495496.0,132.0,103218227.4,1335.7608,1.2941132914669681e-05,-0.12386884082617759,-20.732339999994203,47.587220000003654
2000-11-29,9.9819,16495361.0,-135.0,101814889.4,-1347.5565,-1.3235357892555938e-05,-0.12479397094077589,-80.25307999999418,-4.087854999996341
2000-11-30,9.9449,16495413.0,52.0,101437813.7,517.1348,5.098047573554911e-06,-0.12414419209432287,-21.71711999999418,-15.017634999996336
2000-12-01,9.9899,16495471.0,58.0,101897174.5,579.4142,5.6862636559171724e-06,-0.1241289707959061,-94.75259999999419,-23.830994999996328
2000-12-04,9.9731,16495483.0,12.0,101725887.3,119.6772,1.176467496882674e-06,-0.12428516214295392,240.8861000000059,13.431165000003665
2000-12-05,10.1999,16495456.0,-27.0,104039082.6,-275.3973,-2.6470562130850623e-06,-0.1244230427088127,-81.34551999999412,17.484440000003662
2000-12-06,10.158,19729866.0,3234410.0,123927765.4,32855136.779999997,0.2651152199344022,7.011142323309547,6571215.521779999,1642743.3443099998
2000-12-07,10.0905,19729882.0,16.0,123104362.8,161.448,1.3114726101323845e-06,-0.15465420107785668,6571144.384419999,1642734.1829549999
2000-12-08,10.1825,19729767.0,-115.0,124226043.4,-1170.9875,-9.426264154847902e-06,-0.15493926230656963,6570794.304079999,1642731.6666799998
2000-12-11,10.3159,19729848.0,81.0,125854029.6,835.5879,6.639341645680608e-06,-0.15450742364919817,6570937.486219999,1642754.6136299998
2000-12-12,10.3484,19729748.0,-100.0,126249894.4,-1034.84,-8.19675933130919e-06,-0.154908336967124,6570785.59768,1642672.7043799998
2000-12-13,10.3684,19729815.0,67.0,126494322.8,694.6827999999999,5.491810103591463e-06,-0.15453823586110088,-102.82175999999997,1642731.43718
2000-12-14,10.1433,19729825.0,10.0,123748164.3,101.43299999999999,8.196727650367254e-07,-0.15466560741039048,-114.82475999999997,1642754.7630799997
2000-12-15,10.0008,19729872.0,47.0,122009959.3,470.0376,3.852452723504842e-06,-0.12412703256596773,213.38026,1642756.8508649997
2000-12-18,10.1231,19729839.0,-33.0,123501814.0,-334.06230000000005,-2.7049181641979774e-06,-0.12435713961862419,-20.549779999999988,1642719.5557499998
2000-12-19,10.1957,19729887.0,48.0,124387835.3,489.3936,3.934416889076612e-06,-0.12412344064957365,284.29694,1642741.95419
2000-12-20,10.0023,19729826.0,-61.0,122027973.7,-610.1403,-5.0000035360744505e-06,-0.12443852045263937,23.332320000000003,1642763.9448149998
2000-12-21,9.9032,19729937.0,111.0,120819636.4,1099.2552,9.098315743648439e-06,-0.1239438981628358,222.89676,1642807.684825
2000-12-22,9.8744,19729761.0,-176.0,120467199.8,-1737.8944,-1.4426287013272138e-05,-0.12476772488177036,-218.68963999999997,1642673.5605249999
2000-12-27,10.0773,19729767.0,6.0,122942605.0,60.46379999999999,4.918050988101317e-07,-0.12424118982407695,-139.78442,1642754.50953
2000-12-28,10.0953,19729911.0,144.0,123163104.1,1453.7232,1.1803236128408036e-05,-0.12384491488750238,53.08149999999996,1642760.40765
2000-12-29,10.0901,19729816.0,-95.0,123099067.4,-958.5595,-7.786894898929184e-06,-0.12453377353340565,-16.602340000000005,1642779.8574999997
2001-01-02,10.0141,19729872.0,56.0,122172215.7,560.7896,4.5901565817308815e-06,-0.12409821196025467,-124.29546000000002,1642782.0402399998
2001-01-03,9.796,19729829.0,-43.0,119511133.8,-421.22799999999995,-3.524592116286993e-06,-0.12438617254890616,139.03781999999995,1642732.0081299997
2001-01-04,10.0319,19729791.0,-38.0,122388878.0,-381.2122,-3.1147617841549296e-06,-0.12436684410836128,50.70261999999999,1642706.96366
2001-01-05,10.0509,19729931.0,140.0,122621546.6,1407.126,1.147535681139419e-05,-0.12385614918866196,41.383179999999996,1642791.089825
2001-01-08,9.9725,19729839.0,-92.0,121664496.2,-917.47,-7.5409838420881905e-06,-0.1245278089832212,49.60107999999995,-11.622675000000005
2001-01-09,9.8728,19729818.0,-21.0,120448027.9,-207.3288,-1.7213133632385525e-06,-0.12431994970543155,-104.02260000000001,-30.061515000000004
2001-01-10,9.8273,19729749.0,-69.0,119892505.1,-678.0836999999999,-5.655763881440492e-06,-0.12445799857573436,-155.39374,-5.4163250000000005
2001-01-11,9.916,19729838.0,89.0,120975185.9,882.524,7.295082817475546e-06,-0.12400529034535199,97.3535,-3.06952
2001-01-12,9.9978,19729911.0,73.0,121973598.7,729.8394,5.983585036259162e-06,-0.12405089847994666,-38.10382000000002,85.16444999999999
2001-01-15,10.0051,19729742.0,-169.0,122061615.2,-1690.8619,-1.3852527653591136e-05,-0.1247439909132586,-192.78220000000005,-34.112785
2001-01-16,9.8645,19729761.0,19.0,120346420.5,187.4255,1.5573832542863208e-06,-0.12420134801433654,-113.83134000000004,-29.813160000000003
2001-01-17,10.0483,19729919.0,158.0,122589753.0,1587.6314,1.2950767589849048e-05,-0.12380735761270259,339.3116799999999,26.06653
2001-01-18,10.069,19729774.0,-145.0,122841389.8,-1460.005,-1.18852855896295e-05,-0.12467842253522086,-129.19412000000008,-30.230605000000008
2001-01-19,10.068,19729871.0,97.0,122829795.6,976.596,7.950807010868298e-06,-0.12398019838927289,-79.84280000000008,-5.8704850000000075
2001-01-22,10.1064,19729884.0,13.0,123298353.1,131.38320000000002,1.0655714102964773e-06,-0.12422525480756186,284.60621999999995,31.205689999999993
2001-01-23,10.078,19729834.0,-50.0,122951561.9,-503.9,-4.098361925730038e-06,-0.12440379328971868,146.34111999999993,-48.952070000000006
2001-01-24,10.1587,19729775.0,-59.0,123935734.4,-599.3633,-4.836081400587561e-06,-0.12442815646245603,-291.0578200000001,7.974484999999987
2001-01-25,10.1441,19729887.0,112.0,123758313.3,1136.1392,9.18030611200969e-06,-0.12393625199788592,228.17101999999994,61.758254999999984
2001-01-26,10.2067,19729879.0,-8.0,124521983.3,-81.6536,-6.55736423690579e-07,-0.12428362619083412,16.521099999999954,-15.01058500000001
2001-01-29,10.2448,19729794.0,-85.0,124986269.6,-870.808,-6.967229302761749e-06,-0.09017005878538244,-183.91714000000005,-10.623010000000011
2001-01-30,10.2728,19729790.0,-4.0,125327839.8,-41.0912,-3.2786969013089144e-07,-0.08989861813213151,-91.35538000000005,-40.71705000000001
2001-01-31,10.2127,19729840.0,50.0,124594942.4,510.635,4.098360576793364e-06,-0.0897227976546315,130.64427999999992,5.8760999999999886
2001-02-01,10.1388,19729827.0,-13.0,123693276.3,-131.8044,-1.0655744915376617e-06,-0.08992990544912403,-122.94444000000007,18.34648999999999
2001-02-02,10.1463,19729754.0,-73.0,123784322.2,-740.6799,-5.9836325540747675e-06,-0.09013104563189898,-254.74970000000002,-89.04380500000002
2001-02-05,10.1671,19729885.0,131.0,124038904.6,1331.8900999999998,1.0737680280997902e-05,-0.0894504507302338,185.78991999999988,23.424199999999995
2001-02-06,10.2057,19729827.0,-58.0,124509458.6,-591.9306,-4.754101468721671e-06,-0.09008242317838329,75.62203999999988,4.194109999999995
2001-02-07,10.0961,19729875.0,48.0,123172638.6,484.6128,3.934419246905701e-06,-0.0897290211132742,70.4175999999999,62.32893499999999
2001-02-08,10.0642,19729906.0,31.0,122783650.8,311.99019999999996,2.5409751051318306e-06,-0.08978838932442401,159.1765199999999,33.802244999999985
2001-02-09,9.9964,19729849.0,-57.0,121956133.7,-569.7948,-4.672129090297653e-06,-0.09007926185027725,193.3535399999999,-31.17946500000001
2001-02-12,10.1209,19729833.0,-16.0,123474938.4,-161.9344,-1.3114758516858674e-06,-0.08994070521302124,-105.41136000000013,45.26690999999999
2001-02-13,10.1,19729887.0,54.0,123220292.6,545.4,4.426218997632863e-06,-0.08971024501564491,122.05475999999987,63.165634999999995
2001-02-14,10.0159,19729887.0,0.0,122194273.3,0.0,0.0,-0.0898917343436787,25.132199999999877,-16.215934999999995
2001-02-15,10.0512,19729897.0,10.0,122624994.7,100.512,8.196697601977552e-07,-0.08985771939568057,-17.163440000000115,61.80991500000001
2001-02-16,9.874,19729747.0,-150.0,120462232.6,-1481.1000000000001,-1.2295139879384903e-05,-0.09038682738839748,-199.42448000000013,-61.074884999999995
2001-02-19,9.8826,20214926.0,485179.0,123532047.4,4794829.9854,0.03881446220893769,1.466118459679976,958798.95948,239673.85522499998
2001-02-20,9.6986,20214898.0,-28.0,121231888.4,-271.56080000000003,-2.2400113005251186e-06,-0.1022260207495583,958635.5673199998,239685.472185
2001-02-21,9.7009,20214927.0,29.0,121260813.1,281.3261,2.3200083589081594e-06,-0.10204406856182237,958691.8325399999,239729.50665499998
2001-02-22,9.7504,20215017.0,90.0,121880102.5,877.5360000000001,7.199993944868893e-06,-0.10184864718602861,958847.2373400001,239716.576495
2001-02-23,9.6542,20214896.0,-121.0,120676879.1,-1168.1581999999999,-9.6800498050003e-06,-0.10252817403394952,958909.8256999999,239662.251265
2001-02-26,9.6104,20215012.0,116.0,120130071.0,1114.8064,9.27999451527836e-06,-0.10176460419787345,166.78990000000005,239761.53198499995
2001-02-27,9.6495,20214918.0,-94.0,120618263.0,-907.053,-7.520030362234614e-06,-0.10243836391590184,39.69146000000003,239718.23389499998
2001-02-28,9.6073,20214998.0,80.0,120091238.9,768.5840000000001,6.40000059155023e-06,-0.1018792519164626,137.14304000000007,239731.13134499994
2001-03-01,9.5924,20214973.0,-25.0,119904841.8,-239.81,-2.000002638759163e-06,-0.10221839809623905,-86.32615999999994,239725.731065
2001-03-02,9.5112,20215102.0,129.0,118890602.2,1226.9448,1.0319947727542085e-05,-0.10172433505305256,392.69444000000004,239824.11229999998
2001-03-05,9.6286,20215071.0,-31.0,120357921.7,-298.4866,-2.4799913107838252e-06,-0.10224039222992672,110.03584000000005,239742.59346499998
2001-03-06,9.7593,20214918.0,-153.0,121990758.1,-1493.1729,-1.2240049355017494e-05,-0.10262843708422971,-7.1881399999999305,239697.53134999998
2001-03-07,9.7522,20215085.0,167.0,121903012.5,1628.6174,1.3359943832397087e-05,-0.10160067744635008,164.81854000000004,239754.73158
2001-03-08,9.7542,20215084.0,-1.0,121928003.7,-9.7542,-7.999966950988471e-08,-0.10214537795433937,210.82970000000006,239738.64435999998
2001-03-09,9.6152,20214927.0,-157.0,120189566.1,-1509.5864,-1.256004534323716e-05,-0.10264491344770234,-336.47653999999994,239691.65477999998
2001-03-12,9.4679,20215021.0,94.0,118348873.2,889.9826,7.519992171754788e-06,-0.10183525921885578,-98.78269999999993,239744.25063
2001-03-13,9.2971,20214900.0,-121.0,116213175.0,-1124.9491,-9.680047894741711e-06,-0.10252678109846294,-25.137939999999936,239660.73317499994
2001-03-14,9.1649,20215047.0,147.0,114561514.8,1347.2403,1.1759972817677861e-05,-0.10166422123605917,-81.41335999999997,239728.09518999996
2001-03-15,9.3308,20215076.0,29.0,116635441.3,270.5932,2.319991222084912e-06,-0.10204482176131788,-25.343879999999956,239736.59924999997
2001-03-16,9.0628,20215005.0,-71.0,113285029.0,-643.4588,-5.679998545968506e-06,-0.10236942256001083,147.88164000000003,239778.48131
2001-03-19,9.0444,20214952.0,-53.0,113054728.8,-479.35319999999996,-4.240010171073887e-06,-0.10230856449014053,-125.98551999999995,13.014380000000013
2001-03-20,9.1981,20214892.0,-60.0,114975633.1,-551.886,-4.800025754326549e-06,-0.10232772345070773,-11.372899999999936,-1.0018799999999828
2001-03-21,9.0321,20214972.0,80.0,112901091.1,722.568,6.400009007530309e-06,-0.10188001101763001,-136.30735999999993,21.060215000000017
2001-03-22,8.6663,20214947.0,-25.0,108328468.0,-216.6575,-2.000005206387669e-06,-0.10221715624177678,-233.75749999999994,-33.64945999999999
2001-03-23,8.8079,20215102.0,155.0,110099303.0,1365.2245,1.2399937718043501e-05,-0.10163899385852192,167.97916000000006,93.019675
2001-03-26,9.0896,20214891.0,-211.0,113619389.7,-1917.9056000000003,-1.688009066994663e-05,-0.10281911362049012,-119.73132000000001,-58.615925000000004
2001-03-27,9.3343,20215030.0,139.0,116678925.4,1297.4677000000001,1.1119983283630757e-05,-0.10169091718646044,250.13942000000003,51.610110000000006
2001-03-28,9.1568,20215000.0,-30.0,114460002.4,-274.704,-2.3999999496767438e-06,-0.10223449300123746,50.68502000000002,-0.5542899999999946
2001-03-29,9.1155,20215046.0,46.0,113944009.3,419.31300000000005,3.6799916255009297e-06,-0.10198865528577726,177.87912,32.40186000000001
2001-03-30,9.1883,20215047.0,1.0,114854014.6,9.1883,7.999981569647283e-08,-0.09242766131407945,-93.32811999999998,-28.485964999999993
2001-04-02,9.1634,20215063.0,16.0,114542857.4,146.6144,1.2799960061062698e-06,-0.10361932753102615,319.57588000000004,-6.2309149999999915
2001-04-03,8.9124,20214930.0,-133.0,111404611.8,-1185.3491999999999,-1.0640037076095264e-05,-0.10410368346734272,-176.98749999999995,9.160270000000015
2001-04-04,9.0323,22964155.0,2749225.0,128258185.1,24831824.967499997,0.19360811123390828,6.312043551219022,4966242.946799999,1241518.9777749998
2001-04-05,9.1714,22964166.0,11.0,130233459.7,100.8854,7.746503873305302e-07,-0.13810345237840835,4966179.261279999,1241524.509755
2001-04-06,9.1383,22964266.0,100.0,129764008.0,913.8299999999999,7.042245489211461e-06,-0.13789780141723967,4966360.189619999,1241645.6805749997
2001-04-09,9.238,22964202.0,-64.0,131179382.4,-591.232,-4.507049729790464e-06,-0.1382785792992055,4966212.620339999,1241571.6198449996
2001-04-10,9.46368,22964242.0,40.0,134384265.2,378.5472,2.8169012156045185e-06,-0.1380362622421139,4966525.399619999,1241646.79466
2001-04-11,9.440592,22964246.0,4.0,134056412.5,37.762368,2.816901280272587e-07,-0.13812305124998545,167.9585936,1241581.3207633998
2001-04-12,9.405646,22964231.0,-15.0,133560176.2,-141.08469000000002,-1.0563380044417763e-06,-0.13816508248568937,119.56457559999998,1241560.7368688998
2001-04-17,9.396074,22964251.0,20.0,133424258.1,187.92148,1.4084506271652262e-06,-0.13808566773063832,-25.617128400000002,1241602.3058828998
2001-04-18,9.615809,22964238.0,-13.0,136544488.5,-125.00551700000001,-9.154929530531729e-07,-0.1381593091363114,67.62816819999999,1241620.0232670498
2001-04-19,9.585452,22964247.0,9.0,136113430.2,86.269068,6.33802761955521e-07,-0.13811056380977907,9.172541799999996,1241651.9310204498
2001-04-20,9.598565,22964229.0,-18.0,136299627.3,-172.77417000000003,-1.2676055938122144e-06,-0.13817405108556619,-32.93476580000001,1241607.1639119498
2001-04-23,9.584305,22964228.0,-1.0,136097131.9,-9.584305,-7.042253474556872e-08,-0.13813228754894244,-6.634688800000004,1241617.5175717
2001-04-24,9.534355,22964254.0,26.0,135387852.6,247.89323,1.8309857586145067e-06,-0.1380713178236658,5.3596611999999935,1241561.6510082
2001-04-25,9.517107,22964234.0,-20.0,135142927.3,-190.34213999999997,-1.408450621892071e-06,-0.13817967540932868,-7.707663400000001,1241648.0291811998
2001-04-26,9.583002,22964245.0,11.0,136078629.5,105.41302200000001,7.746478810620297e-07,-0.13810519364172805,-3.8788725999999967,1241588.4264472998
2001-04-27,9.717158,22964237.0,-8.0,137983652.4,-77.737264,-5.633802457601854e-07,-0.13814758630609977,15.128508600000007,1241598.2747840998
2001-04-30,9.741804,22964251.0,14.0,138333624.7,136.385256,9.859154366537756e-07,-0.1380979141100724,44.32242080000001,1241584.1283969
2001-05-01,9.678714,22964250.0,-1.0,137437741.4,-9.678714,-7.042253387903825e-08,-0.13813402998590363,-7.191967999999994,1241583.1850462
2001-05-02,9.644737,22964235.0,-15.0,136955278.4,-144.671055,-1.0563379278998274e-06,-0.13816494067676746,1.9422489999999981,1241568.62077345
2001-05-03,9.420723,22964249.0,14.0,133774275.9,131.89012200000002,9.859154244168105e-07,-0.13809626525065946,7.2376689999999995,1241634.4827395498
2001-05-04,9.589832,22964246.0,-3.0,136175624.1,-28.769495999999997,-2.11267590584885e-07,-0.1381390866081806,17.0312226,41.79588975
2001-05-08,9.615634,22964250.0,4.0,136542003.3,38.462536,2.816901398135558e-07,-0.13812171666574785,-2.5533214,38.674746549999995
2001-05-09,9.62741,22964241.0,-9.0,136709227.2,-86.64668999999999,-6.338027927934918e-07,-0.13815042849993892,-17.946916599999998,-11.349087949999998
2001-05-10,9.740957,22964233.0,-8.0,138321591.3,-77.927656,-5.633802739514897e-07,-0.1381491990717105,-4.5982368000000005,14.31612925
2001-05-11,9.632177,22964234.0,1.0,136776917.8,9.632177,7.042253294583306e-08,-0.13812907445688755,-29.0498258,-4.129621899999998
2001-05-14,9.298871,22964244.0,10.0,132043974.6,92.98871,7.042253179797877e-07,-0.13810702077616732,-4.698184600000005,-1.3683047999999984
2001-05-15,9.544902,22964245.0,1.0,135537612.3,9.544902,7.04225331849084e-08,-0.13812704655712632,-10.481711400000005,6.163174800000003
2001-05-16,9.619085,22964230.0,-15.0,136591017.1,-144.286275,-1.0563379500598212e-06,-0.13816417538977047,-22.009628400000004,-10.447212949999997
2001-05-17,9.652186,22964231.0,1.0,137061041.7,9.652186,7.042253495436553e-08,-0.13812954187775414,-4.4936600000000055,-3.714327799999996
2001-05-18,9.669008,22964236.0,5.0,137299917.3,48.34504,3.521126665674983e-07,-0.13811964650409136,3.2489125999999944,-5.610529199999996
2001-05-21,9.711596,22964231.0,-5.0,137904664.8,-48.55798,-3.5211267197104995e-07,-0.1381404563371737,-25.060425400000007,0.6002803000000057
2001-05-22,9.768218,22964236.0,5.0,138708701.0,48.841089999999994,3.5211266234841315e-07,-0.1381212835249875,-17.201187800000007,3.5215500500000054
2001-05-23,9.640521,22964243.0,7.0,136895403.4,67.48364699999999,4.929577277537719e-07,-0.13811306881386792,25.15279659999999,-5.498929099999994
2001-05-24,9.669932,22964245.0,2.0,137313037.0,19.339864,1.4084506775565672e-07,-0.13812858486464283,27.090332199999988,4.985171100000004
2001-05-25,9.627047,22964233.0,-12.0,136704069.9,-115.524564,-8.450704070808355e-07,-0.13815974953531773,-5.68358860000001,-6.061708199999996
2001-05-29,9.585117,22964234.0,1.0,136108671.0,9.585117,7.042253024423403e-08,-0.13812766021234332,5.94503079999999,-1.695589149999997
2001-05-30,9.37934,22964241.0,7.0,133186631.6,65.65538,4.929577331543536e-07,-0.13811338977836896,9.30788879999999,-5.232082949999997
2001-05-31,9.377896,22964230.0,-11.0,133166124.5,-103.156856,-7.746478797616431e-07,-0.1381561506856472,-24.82021180000001,-9.905990049999998
2001-06-01,9.400172,22964246.0,16.0,133482450.1,150.402752,1.126760498382551e-06,-0.10756064582588983,1.3923657999999874,4.847700300000001
2001-06-04,9.475565,22964252.0,6.0,134553023.0,56.85339,4.225352112676056e-07,-0.10759936087947473,35.867956599999985,1.0958637
2001-06-05,9.583387,22964234.0,-18.0,136084100.4,-172.500966,-1.2676055872284695e-06,-0.10769709864221769,-0.5492600000000152,-6.090709800000001
2001-06-06,9.555928,22964237.0,3.0,135694188.6,28.667783999999997,2.1126758850747128e-07,-0.10761191122644431,-7.946779200000014,-6.5804474
2001-06-07,9.631047,22964233.0,-4.0,136760868.8,-38.524188,-2.8169013796145174e-07,-0.10764301130080883,4.979754399999986,-4.174322300000002
2001-06-08,9.634333,22964250.0,17.0,136807542.7,163.783661,1.1971829752044804e-06,-0.1075588233154085,7.655936199999985,7.911243549999997
2001-06-11,9.489044,22964251.0,1.0,134744432.1,9.489044,7.042253139601158e-08,-0.10762108271004651,-1.8169330000000143,7.904086899999998
2001-06-12,9.397477,22964234.0,-17.0,133444179.0,-159.757109,-1.197183048351626e-06,-0.10768915382796594,0.731838399999981,-4.733204050000003
2001-06-13,9.425942,22964246.0,12.0,133848385.8,113.11130399999999,8.450703631870022e-07,-0.10757733556608613,17.62054239999998,0.4451160499999972
2001-06-14,9.316365,22964254.0,8.0,132292394.2,74.53092,5.6338023399383e-07,-0.10759140897839832,40.23156399999998,11.385975799999997
2001-06-15,9.268278,22964235.0,-19.0,131609549.5,-176.097282,-1.3380281496974504e-06,-0.10769877954252177,-27.74462460000002,2.0985023999999965
2001-06-18,9.184684,22964250.0,15.0,130422514.1,137.77026,1.0563380176398547e-06,-0.10756196521981179,-2.08838140000002,6.569763399999997
2001-06-19,9.198409,22964238.0,-12.0,130617413.0,-110.380908,-8.450703888921763e-07,-0.10767398285119115,7.786858799999981,3.4786169999999954
2001-06-20,9.230468,22964236.0,-2.0,131072649.5,-18.460936,-1.408450662317618e-07,-0.10763455497270526,-18.527589200000016,0.11351569999999658
2001-06-21,9.136824,22964252.0,16.0,129742914.0,146.189184,1.1267604487440448e-06,-0.10755911694608213,-4.195936400000017,4.048792549999997
2001-06-22,9.17465,22964242.0,-10.0,130280043.3,-91.7465,-7.042252802198754e-07,-0.10766417687025796,12.674219999999986,-1.5055256500000023
2001-06-26,8.997212,22964247.0,5.0,127760423.0,44.986059999999995,3.521126413302498e-07,-0.10760349428970205,-5.882620000000017,6.520005549999996
2001-06-27,9.082274,22964250.0,3.0,128968291.3,27.246822,2.1126760481473482e-07,-0.1076130707187833,21.64292599999998,7.403090799999997
2001-06-28,9.131635,22964255.0,5.0,129669230.7,45.658175,3.521126388544233e-07,-0.1076068685403113,34.466748199999984,6.403230549999998
2001-06-29,9.137876,22964230.0,-25.0,129757840.6,-228.4469,-1.7605633612863932e-06,-0.1077180626028641,-40.46046860000002,0.1387283499999981
2001-07-02,9.257823,22964248.0,18.0,131461088.6,166.640814,1.2676056145179373e-06,-0.10755392380845628,11.216994199999982,0.9506314499999988
2001-07-03,9.133558,22964237.0,-11.0,129696535.3,-100.46913800000002,-7.746478174425066e-07,-0.10766784862293638,-17.87404540000002,-6.915494950000001
2001-07-04,9.070495,22964254.0,17.0,128801035.4,154.19841499999998,1.1971830391046684e-06,-0.10756149082506872,7.5162731999999775,9.419474099999999
2001-07-05,8.988139,22964240.0,-14.0,127631587.2,-125.833946,-9.859153894467904e-07,-0.10767891919017837,-26.78215100000002,1.6943875999999976
2001-07-06,8.874043,22964248.0,8.0,126011411.8,70.992344,5.633802763251002e-07,-0.10759029079465997,33.10569779999998,7.170214199999998
2001-07-09,8.85712,22964240.0,-8.0,125771106.5,-70.85696,-5.633802704916173e-07,-0.10765912695208645,-14.393857000000022,-4.561816850000001
2001-07-10,8.855485,22964253.0,13.0,125747887.7,115.12130499999999,9.154929526502097e-07,-0.1075766500838411,28.724231599999978,0.7197961999999982
2001-07-11,8.732661,22964243.0,-10.0,124003790.5,-87.32661,-7.042253276927048e-07,-0.10766025587591774,-19.58077340000002,4.34132115
2001-07-12,8.877672,22964247.0,4.0,126062951.8,35.510688,2.816901198405859e-07,-0.10761117178966005,12.688153399999981,0.4612903500000002
2001-07-13,8.967258,22964236.0,-11.0,127335072.0,-98.639838,-7.746478362222153e-07,-0.10766578154436983,-21.238283000000017,-8.19724755
2001-07-16,8.934699,22964238.0,2.0,126872726.7,17.869398,1.4084506942341928e-07,-0.107614477413093,-3.493011400000018,1.501086450000001
2001-07-17,8.790176,22964230.0,-8.0,124820503.4,-70.321408,-5.633802627333419e-07,-0.10765526494037875,-40.58155400000002,-8.90349695
2001-07-18,8.755976,22964231.0,1.0,124334866.5,8.755976,7.042253107659065e-08,-0.1076223451536247,-21.365036800000016,-2.9466527499999993
2001-07-19,8.80908,22964242.0,11.0,125088947.9,96.89988,7.746478136299042e-07,-0.10757927603549902,-9.087198400000016,2.821388050000001
2001-07-20,8.727412,22964247.0,5.0,123929260.1,43.63706,3.5211264849631744e-07,-0.10760322706572652,19.36818119999998,-2.30621815
2001-07-23,8.756589,22964238.0,-9.0,124343567.3,-78.809301,-6.338027990612427e-07,-0.10766097821214045,0.03244139999997912,-1.6593582000000002
2001-07-24,8.618692,22964246.0,8.0,122385430.9,68.949536,5.633802609751647e-07,-0.10759487218018136,27.886630199999978,-0.4611844000000005
2001-07-25,8.546222,22964248.0,2.0,121356363.9,17.092444,1.4084505707574185e-07,-0.10761649714965486,29.55392379999998,-0.9689033000000002
2001-07-26,8.563774,24258013.0,1293765.0,128456618.2,11079511.06911,0.08625099449418637,4.271213707639271,2215912.3877698,553972.30164345
2001-07-27,8.752923,24258009.0,-4.0,131293846.5,-35.011692,-2.6666666362006534e-07,-0.1357018584311027,2215896.6580194,553981.97340385
2001-07-30,8.823114,24258012.0,3.0,132346715.9,26.469342,1.9999999108402507e-07,-0.13567344472459622,2215917.713748,553974.96483025
2001-07-31,8.956226,27007228.0,2749216.0,149568976.1,24622599.818816,0.16462371048360744,6.547863734526597,7140423.887604,1785109.97922795
2001-08-01,8.990903,27007249.0,21.0,150148080.3,188.80896299999998,1.2574850282651263e-06,-0.16415704133978581,7140458.2309078,1785111.70975535
2001-08-02,9.051549,27007238.0,-11.0,151160871.0,-99.567039,-6.586826229653043e-07,-0.16423405102292055,4924536.103677999,1785113.0231007002
2001-08-03,8.99165,27007241.0,3.0,150160559.6,26.97495,1.7964071305978272e-07,-0.1642015640611356,4924548.5010064,1785110.8222310003
2001-08-06,8.957218,27007235.0,-6.0,149585544.2,-53.743308,-3.5928142847910303e-07,-0.1642238694334604,4924532.4584764,1785111.6779136
2001-08-07,8.973948,27007236.0,1.0,149864941.7,8.973948,5.988023548538838e-08,-0.16420525542498057,14.289502799999998,1785106.3705457498
2001-08-08,8.883757,27007231.0,-5.0,148358744.0,-44.418785,-2.9940119336680283e-07,-0.16421979962686203,-32.3560468,1785108.515937
2001-08-09,8.764656,27007229.0,-2.0,146369759.8,-17.529312,-1.1976047527817286e-07,-0.1642121474120884,-15.948501400000001,1785105.8639370003
2001-08-10,8.803863,27007251.0,22.0,147024523.8,193.68498599999998,1.3173651646270455e-06,-0.16415830363122721,17.393505799999996,1785120.4801782002
2001-08-13,8.80987,27007243.0,-8.0,147124843.5,-70.47896,-4.790418689553271e-07,-0.15233258639823521,14.046375399999993,1785116.0627603002
2001-08-14,8.933726,27007229.0,-14.0,149193232.6,-125.072164,-8.383233060934428e-07,-0.15234785168707163,-12.762847000000004,1785113.3252225001
2001-08-15,8.876669,27007238.0,9.0,148240377.0,79.89002099999999,5.389221386019545e-07,-0.15229059445854523,12.098914199999992,1785116.8819247498
2001-08-16,8.760444,27007254.0,16.0,146299421.5,140.167104,9.580837884584526e-07,-0.15227116956628328,43.63819739999999,1785119.04528595
2001-08-17,8.683748,27007236.0,-18.0,145018604.3,-156.30746399999998,-1.0778442169850614e-06,-0.15235790412181713,-26.3602926,1785109.0480597499
2001-08-20,8.70808,27007241.0,5.0,145424939.9,43.540400000000005,2.9940118957546155e-07,-0.15229812222710584,-3.5564206000000014,1785115.1655448
2001-08-21,8.825833,27007249.0,8.0,147391412.0,70.606664,4.790419132425435e-07,-0.1522935405695886,35.579345,1785115.2484012
2001-08-22,8.802821,27007245.0,-4.0,147007122.4,-35.211284,-2.39520939020843e-07,-0.15232075969334033,12.559084,1785112.6332148002
2001-08-23,8.783075,27007227.0,-18.0,146677368.0,-158.09535,-1.0778441974770096e-06,-0.1523555551096682,-47.0934068,1231129.1749918
2001-08-24,8.905001,27007243.0,16.0,148713517.2,142.480016,9.580838291140895e-07,-0.15226855440162493,12.664089200000001,1231138.0495772
2001-08-28,8.845553,27815851.0,808608.0,152143518.0,7152584.920224001,0.047012091045666504,1.742059891670847,1430520.9400540001,1588765.9721213002
2001-08-29,8.773113,27815850.0,-1.0,150897547.5,-8.773113,-5.8139533381084275e-08,-0.16626163174718178,1430505.0640986,357635.5425248502
2001-08-30,8.635717,27815832.0,-18.0,148534342.4,-155.442906,-1.0465115574511068e-06,-0.16629674288470198,1430481.0177742003,357618.32993140025
2001-08-31,8.655262,27815848.0,16.0,148870512.8,138.484192,9.302325181484832e-07,-0.16621685414337756,1430540.3336826002,357630.2324929502
2001-09-03,8.601955,27815826.0,-22.0,147953637.8,-189.24301,-1.2790696654300174e-06,-0.16631045669469413,1430473.9890774002,357619.42159495025
2001-09-04,8.710959,27815840.0,14.0,149828510.1,121.95342600000001,8.13953405253811e-07,-0.16622316506443696,-18.604282199999993,357628.2064316502
2001-09-05,8.611976,27815830.0,-10.0,148126000.8,-86.11976,-5.813952954571362e-07,-0.16628296875547557,-34.07361159999999,357623.4517462502
2001-09-06,8.43138,27815843.0,13.0,145019753.0,109.60794000000001,7.558138648877717e-07,-0.16622486279884233,18.936557600000008,357631.1530825002
2001-09-07,8.214512,27815850.0,7.0,141289620.4,57.501583999999994,4.069767038598399e-07,-0.16623835766084397,2.7400360000000035,357634.9046273002
2001-09-10,8.155164,27815856.0,6.0,140268835.1,48.930983999999995,3.488371737393861e-07,-0.1662428138910828,50.3748348,357627.6669272002
2001-09-11,7.689965,27815861.0,5.0,132267412.1,38.449825,2.906976434295867e-07,-0.16624674921685123,33.6741146,357633.11336645024
2001-09-12,7.91158,27815843.0,-18.0,136079191.2,-142.40843999999998,-1.046511511011979e-06,-0.16630233436175962,22.41637860000001,357632.24655265023
2001-09-13,8.011625,28462704.0,646861.0,141004607.0,5182407.759125,0.03675346408451037,1.3038663930517544,1036482.0466156,616748.6400078502
2001-09-14,7.708013,28462733.0,29.0,135661037.9,223.532377,1.647727162199457e-06,-0.17735393805372696,1036515.2527742,616752.8082715003
2001-09-17,7.938792,28462729.0,-4.0,139722746.3,-31.755168,-2.2727271572388208e-07,-0.17742513131130985,1036499.1155438,616759.0358863003
2001-09-18,7.857919,28462719.0,-10.0,138299385.8,-78.57919,-5.681817713466663e-07,-0.17744452385587034,1036475.7097408001,616752.9299068002
2001-09-19,7.658075,28462704.0,-15.0,134782133.4,-114.871125,-8.522726425400238e-07,-0.17745182513466157,1036481.2172038,616743.6560173503
2001-09-20,7.390859,28462719.0,15.0,130079131.6,110.86288499999999,8.522726407869101e-07,-0.17738425335442373,21.837955799999996,616750.9597258002
2001-09-21,7.192384,28462736.0,17.0,126585960.0,122.270528,9.65909078700355e-07,-0.1773787329663358,1.585585999999998,616764.9780197002
2001-09-24,7.48242,28462722.0,-14.0,131690601.7,-104.75388000000001,-7.954544868633553e-07,-0.17744941832744937,-13.014156400000005,616752.6163249003
2001-09-25,7.562537,28462711.0,-11.0,133100660.1,-83.187907,-6.249999582083214e-07,-0.17744188832837782,-13.935899800000005,259119.2109183502
2001-09-26,7.620841,28462724.0,13.0,134126803.4,99.07093300000001,7.386363537237629e-07,-0.1773908723947286,28.852511800000002,259124.60312065016
2001-09-27,7.730014,28462738.0,14.0,136048262.2,108.220196,7.954544530742269e-07,-0.1577516650673213,28.323974,259137.78627575017
2001-09-28,7.955822,28462729.0,-9.0,140022475.5,-71.60239800000001,-5.113636060519442e-07,-0.15782498772077888,-10.4506112,259127.28194625018
2001-10-01,7.765296,28462707.0,-22.0,136669216.8,-170.836512,-1.2499999341475702e-06,-0.1578627741619449,-23.667137599999997,259128.20227115013
2001-10-02,7.840287,28462711.0,4.0,137989062.1,31.361148,2.272727093200527e-07,-0.1577814734961086,-0.757326599999999,259123.67265725014
2001-10-03,7.921065,28462740.0,29.0,139410751.9,229.710885,1.6477271793553821e-06,-0.15770053418934693,25.370663799999996,259139.46418950017
2001-10-04,8.138397,28462710.0,-30.0,143235788.4,-244.15191,-1.7045454402651228e-06,-0.15788925715084262,-45.1037574,259121.77619700017
2001-10-05,8.170183,28462733.0,23.0,143795235.8,187.914209,1.3068180454974432e-06,-0.1577200061773577,6.799564000000004,259128.29682825023
2001-10-08,8.164669,28462719.0,-14.0,143698186.4,-114.30536599999999,-7.954544790274401e-07,-0.15783789465785503,18.1057932,259120.13501075018
2001-10-09,8.127375,45119853.0,16657134.0,226753767.5,135378774.44325,0.5970298793084,10.328901146956513,27075766.722213604,7028056.9346819995
2001-10-10,8.359511,45119887.0,34.0,233230363.0,284.223374,1.2186379609587967e-06,-0.13606822179931197,27075777.624711405,7028078.266272699
2001-10-11,8.378304,45119903.0,16.0,233754687.0,134.052864,5.734766892609944e-07,-0.13607980440692005,27075853.265666198,6768964.58095965
2001-10-12,8.346838,45119874.0,-29.0,232876804.5,-242.058302,-1.0394264148364334e-06,-0.13610793186520298,27075767.271164007,6768941.3014257
2001-10-15,8.220042,45119895.0,21.0,229339190.4,172.620882,7.526881109980582e-07,-0.13607635847973762,27075824.656413604,6768951.5202282
2001-10-16,8.244729,45119877.0,-18.0,230027952.1,-148.405122,-6.451612538613737e-07,-0.13610097414759226,40.0867392,6768948.0289316
2001-10-17,8.441558,45119871.0,-6.0,235519475.8,-50.649348,-2.150537565012702e-07,-0.1360932877766627,-26.887805200000003,6768951.240020451
2001-10-18,5.132408,45119880.0,9.0,231573627.2,46.191672,1.9946862066510827e-07,-0.13608613536471592,-44.460043600000006,6768948.0064598
2001-10-19,5.03,45119897.0,17.0,227135819.4,85.51,3.764707839823876e-07,-0.1360829421123226,21.053616799999997,6768946.1684334
2001-10-22,5.086609,45119880.0,-17.0,229507197.9,-86.472353,-3.76774034937577e-07,-0.13609609971955244,-30.7650302,6768947.082509749
2001-10-23,5.209446,45119880.0,0.0,235049591.9,0.0,0.0,-0.13608965264727352,-1.0840058,6768951.241905099
2001-10-24,5.184079,47119880.0,2000000.0,244273165.9,10368158.0,0.04244493234367173,0.6008292874600534,2073640.6458638,7287354.188358448
2001-10-25,5.103,47119880.0,0.0,240452726.3,0.0,0.0,-0.1420828221515122,2073631.4075294002,7287348.77734865
2001-10-26,5.205002,47119880.0,0.0,245259075.8,0.0,0.0,-0.1420827802283492,2073614.3055294,7287352.357468548
2001-10-29,5.102101,47119880.0,0.0,240410372.0,0.0,0.0,-0.14208287455556987,2073631.6,7287360.899294148
2001-10-30,5.019773,47119707.0,-173.0,236530247.2,-868.4207289999999,-3.671499688856707e-06,-0.14214667409983406,2073457.9158542,7287315.9102003
2001-10-31,5.058135,47119707.0,0.0,238337843.0,0.0,0.0,-0.1420824014994411,-173.68414579999998,7287304.42465605
2001-11-01,5.089626,47119707.0,0.0,239821704.1,0.0,0.0,-0.14208229669161263,-173.68414579999998,7287316.63225155
2001-11-02,5.147894,47119707.0,0.0,242567241.4,0.0,0.0,-0.14208228621082167,-173.68414579999998,7287307.2365411
2001-11-05,5.227296,47119707.0,0.0,246308675.5,0.0,0.0,-0.1420824434229015,-173.68414579999998,7287312.951809401
2001-11-06,5.2322,47119707.0,0.0,246539723.7,0.0,0.0,-0.14208243294210962,0.0,518374.2296469
2001-11-07,5.234914,47119707.0,0.0,246667621.2,0.0,0.0,-0.14208238053817032,0.0,518360.0184782
2001-11-08,5.296673,47619707.0,500000.0,252226013.3,2648336.5,0.010499854734848635,0.040167799500726686,529667.3,650770.140835
2001-11-09,5.262758,47619707.0,0.0,250610978.6,0.0,0.0,-0.14362517207665443,529667.3,650782.2437501
2001-11-12,5.164631,47619707.0,0.0,245938201.0,0.0,0.0,-0.14362509867341863,529667.3,650773.612706
2001-11-13,5.29538,47619707.0,0.0,252164467.0,0.0,0.0,-0.1436250777010564,529667.3,650781.0329621
2001-11-14,5.265148,47619707.0,0.0,250724807.0,0.0,0.0,-0.14362520353538671,529667.3,650783.5654295001
2001-11-15,5.262631,47619707.0,0.0,250604927.3,0.0,0.0,-0.14362519304920474,0.0,650781.2558458999
2001-11-16,5.315438,47619707.0,0.0,253119586.9,0.0,0.0,-0.1436251196459675,0.0,650776.9803458999
2001-11-19,5.362049,47619707.0,0.0,255339225.4,0.0,0.0,-0.1436252349940963,0.0,650781.30396355
2001-11-20,5.323007,49219707.0,1600000.0,261996864.3,8516811.2,0.03250730203491217,0.4203736215929186,1703362.2399999998,1076621.86396355
2001-11-21,5.340435,49219707.0,0.0,262854638.2,0.0,0.0,-0.148268658272732,1703362.2399999998,558213.9639635499
2001-11-22,5.372519,49219707.0,0.0,264433823.9,0.0,0.0,-0.14826884715200725,1703362.2399999998,558213.9639635499
2001-11-23,5.319705,49219707.0,0.0,261834306.6,0.0,0.0,-0.14826881567218794,1703362.2399999998,558213.9639635499
2001-11-26,5.328773,49219707.0,0.0,262280634.0,0.0,0.0,-0.14826885764530995,1703362.2399999998,558213.9639635499
2001-11-27,5.292257,49219707.0,0.0,260483352.4,0.0,0.0,-0.14826867925990087,0.0,558257.385
2001-11-28,5.208097,50219707.0,1000000.0,261549122.4,5208097.0,0.019912500383140266,0.19713905547243504,1041619.4,818662.235
2001-11-29,5.211319,50219707.0,0.0,261710898.3,0.0,0.0,-0.15116073736089464,1041619.4,818662.235
2001-11-30,5.206318,50219707.0,0.0,261459763.0,0.0,0.0,-0.1511606113431714,1041619.4,818662.235
2001-12-03,5.167315,50219707.0,0.0,259501024.0,0.0,0.0,-0.15116052733133026,1041619.4,818662.235
2001-12-04,5.214706,50219707.0,0.0,261881010.6,0.0,0.0,-0.15116072685996657,1041619.4,818662.235
2001-12-05,5.336652,50219707.0,0.0,268005115.2,0.0,0.0,-0.1511605693378483,0.0,818662.235
2001-12-06,5.372841,50219707.0,0.0,269822518.0,0.0,0.0,-0.15116069535585047,0.0,686245.4099999999
2001-12-07,5.267777,50219707.0,0.0,264546200.4,0.0,0.0,-0.15116071635883244,0.0,686245.4099999999
2001-12-10,5.188065,51219707.0,1000000.0,265731178.4,5188065.0,0.019523734592372544,0.1874833633572165,1037613.0,945648.6599999999
2001-12-11,5.163736,51219707.0,0.0,264485049.1,0.0,0.0,-0.15399845459683964,1037613.0,945648.6599999999
2001-12-12,5.12298,51219707.0,0.0,262397556.8,0.0,0.0,-0.15399840204734394,1037613.0,945648.6599999999
2001-12-13,5.07779,51219707.0,0.0,260082915.5,0.0,0.0,-0.15399837051763823,1037613.0,945648.6599999999
2001-12-14,5.063906,51219707.0,0.0,259371801.0,0.0,0.0,-0.15399831796814492,1037613.0,945648.6599999999
2001-12-17,5.139047,51219707.0,0.0,263220481.3,0.0,0.0,-0.15399858071638528,0.0,945648.6599999999
2001-12-18,5.153754,51219707.0,0.0,263973779.6,0.0,0.0,-0.15399839153840975,0.0,519808.1
2001-12-19,5.124349,51219707.0,0.0,262467667.8,0.0,0.0,-0.15399850714747512,0.0,519808.1
2001-12-20,5.083988,51219707.0,0.0,260400360.3,0.0,0.0,-0.1539983284793821,0.0,519808.1
2001-12-21,5.162686,51219707.0,0.0,264431278.1,0.0,0.0,-0.15399847561822852,0.0,519808.1
2001-12-24,5.180977,51219707.0,0.0,265368106.2,0.0,0.0,-0.15399839153905126,0.0,519808.1
2001-12-27,5.216796,51219707.0,0.0,267202781.7,0.0,0.0,-0.15399847561835328,0.0,519808.1
2001-12-28,5.245952,51219707.0,0.0,268696121.4,0.0,0.0,-0.15399833898975518,0.0,259403.25
2001-12-31,5.220702,51219707.0,0.0,267402812.8,0.0,0.0,-0.1539984440888988,0.0,259403.25
2002-01-02,5.221943,51219707.0,0.0,267466396.3,0.0,0.0,-0.15399840204929738,0.0,259403.25
2002-01-03,5.322778,51219707.0,0.0,272631115.6,0.0,0.0,-0.1539985176583661,0.0,259403.25
2002-01-04,5.327476,51219707.0,0.0,272871771.4,0.0,0.0,-0.15399849663855927,0.0,259403.25
2002-01-07,5.297136,51219707.0,0.0,271317746.8,0.0,0.0,-0.15399858071786415,0.0,259403.25
2002-01-08,5.253888,51219707.0,0.0,269102615.9,0.0,0.0,-0.15399857020795996,0.0,259403.25
2002-01-09,5.232206,51219707.0,0.0,267992051.4,0.0,0.0,-0.15399845459912942,0.0,259403.25
2002-01-10,5.194412,51219707.0,0.0,266056256.0,0.0,0.0,-0.15399840204963264,0.0,0.0
2002-01-11,5.202216,51219707.0,0.0,266455967.1,0.0,0.0,-0.15399849663885617,0.0,0.0
2002-01-14,5.117007,51219707.0,0.0,262091577.4,0.0,0.0,-0.15399841255968036,0.0,0.0
2002-01-15,5.169437,51219707.0,0.0,264777023.1,0.0,0.0,-0.1539983915398764,0.0,0.0
2002-01-16,5.131103,51219707.0,0.0,262813576.6,0.0,0.0,-0.14252711681891023,0.0,0.0
2002-01-17,5.141899,51219707.0,0.0,263366541.1,0.0,0.0,-0.14252715679167718,0.0,0.0
2002-01-18,5.130187,51219707.0,0.0,262766660.9,0.0,0.0,-0.14252712681212026,0.0,0.0
2002-01-21,5.141608,51219707.0,0.0,263351672.4,0.0,0.0,-0.12235081006770598,0.0,0.0
2002-01-22,5.152362,51219707.0,0.0,263902471.1,0.0,0.0,-0.1223506162237859,0.0,0.0
2002-01-23,5.184749,51219707.0,0.0,265561342.8,0.0,0.0,-0.12235071776128945,0.0,0.0
2002-01-24,5.23717,51219707.0,0.0,268246325.5,0.0,0.0,-0.12235069006926874,0.0,0.0
2002-01-25,5.197037,51219707.0,0.0,266190692.6,0.0,0.0,-0.12235074545334389,0.0,0.0
2002-01-28,5.227432,51219707.0,0.0,267747531.0,0.0,0.0,-0.1223507362226693,0.0,0.0
2002-01-29,5.135161,51219707.0,0.0,263021447.0,0.0,0.0,-0.12235078237606337,0.0,0.0
2002-01-30,5.093465,51219707.0,0.0,260885777.9,0.0,0.0,-0.12235080083741721,0.0,0.0
2002-01-31,5.168787,51219707.0,0.0,264743763.8,0.0,0.0,-0.12235059776286465,0.0,0.0
2002-02-01,5.193641,51219707.0,0.0,266016791.3,0.0,0.0,-0.12235067160830027,0.0,0.0
2002-02-04,5.171103,51219707.0,0.0,264862377.5,0.0,0.0,-0.12235080083787422,0.0,0.0
2002-02-05,5.097119,51219707.0,0.0,261072936.6,0.0,0.0,-0.1223507177618435,0.0,0.0
2002-02-06,5.078074,51219707.0,0.0,260097473.8,0.0,0.0,-0.12235057007119908,0.0,0.0
2002-02-07,5.131208,51219707.0,0.0,262818964.2,0.0,0.0,-0.12235073622354231,0.0,0.0
2002-02-08,5.132206,51219707.0,0.0,262870074.9,0.0,0.0,-0.12235069007018022,0.0,0.0
2002-02-11,5.165708,51219707.0,0.0,264586048.2,0.0,0.0,-0.12235061622481563,0.0,0.0
2002-02-12,5.139589,51219707.0,0.0,263248255.4,0.0,0.0,-0.12235065314752436,0.0,0.0
2002-02-13,5.157817,51219707.0,0.0,264181877.4,0.0,0.0,-0.12235081929986961,0.0,0.0
2002-02-14,5.212563,51219707.0,0.0,266985934.2,0.0,0.0,-0.12235067160921342,0.0,0.0
2002-02-15,5.186267,51219707.0,0.0,265639067.3,0.0,0.0,-0.1154690540811836,0.0,0.0
2002-02-18,5.157923,51219707.0,0.0,264187303.6,0.0,0.0,-0.1154690630489638,0.0,0.0
2002-02-19,5.096088,51219707.0,0.0,261020150.6,0.0,0.0,-0.11546922446917275,0.0,0.0
2002-02-20,5.037894,51219707.0,0.0,258039454.1,0.0,0.0,-0.11546908098483623,0.0,0.0
2002-02-21,5.08701,51219707.0,0.0,260555148.1,0.0,0.0,-0.11546927827625085,0.0,0.0
2002-02-22,5.064468,51219707.0,0.0,259400564.2,0.0,0.0,-0.11546915272744579,0.0,0.0
2002-02-25,5.114213,51219707.0,0.0,261948511.4,0.0,0.0,-0.11546924240529535,0.0,0.0
2002-02-26,5.152389,51219707.0,0.0,263903873.4,0.0,0.0,-0.11546912582425797,0.0,0.0
2002-02-27,5.197711,51219707.0,0.0,266225216.1,0.0,0.0,-0.11546906304983108,0.0,0.0
2002-02-28,5.120585,51219707.0,0.0,262274871.9,0.0,0.0,-0.11546900924317738,0.0,0.0
2002-03-01,5.188582,51219707.0,0.0,265757636.3,0.0,0.0,-0.11546896440429753,0.0,0.0
2002-03-04,5.261246,51219707.0,0.0,269479491.9,0.0,0.0,-0.11546912582449383,0.0,0.0
2002-03-05,5.233235,51219707.0,0.0,268044771.1,0.0,0.0,-0.11001371755418937,0.0,0.0
2002-03-06,5.270051,51219707.0,0.0,269930471.3,0.0,0.0,-0.11001346339081867,0.0,0.0
2002-03-07,5.306625,51219707.0,0.0,271803787.4,0.0,0.0,-0.1100134984479005,0.0,0.0
2002-03-08,5.310007,51219707.0,0.0,271976980.3,0.0,0.0,-0.11001358609063401,0.0,0.0
2002-03-11,5.28316,51219707.0,0.0,270601896.8,0.0,0.0,-0.11001371755477417,0.0,0.0
2002-03-12,5.276641,51219707.0,0.0,270268012.2,0.0,0.0,-0.11001358609085884,0.0,0.0
2002-03-13,5.303201,51219707.0,0.0,271628392.6,0.0,0.0,-0.11001343709843207,0.0,0.0
2002-03-14,5.292604,51219707.0,0.0,271085604.8,0.0,0.0,-0.11001355979828621,0.0,0.0
2002-03-15,5.32376,51219707.0,0.0,272681403.0,0.0,0.0,-0.11001365620530215,0.0,0.0
2002-03-18,5.330819,51219707.0,0.0,273042982.7,0.0,0.0,-0.11001354226988781,0.0,0.0
2002-03-19,5.347284,51219707.0,0.0,273886344.2,0.0,0.0,-0.1100134195702352,0.0,0.0
2002-03-20,5.311903,51219707.0,0.0,272074130.8,0.0,0.0,-0.11001349844869052,0.0,0.0
2002-03-21,5.298023,51219707.0,0.0,271363191.0,0.0,0.0,-0.11001369126284503,0.0,0.0
2002-03-22,5.295155,51219707.0,0.0,271216306.1,0.0,0.0,-0.11001365620577795,0.0,0.0
2002-03-25,5.247916,51219707.0,0.0,268796726.9,0.0,0.0,-0.11001340204240975,0.0,0.0
2002-03-26,5.239669,51219707.0,0.0,268374335.5,0.0,0.0,-0.11001366497092839,0.0,0.0
2002-03-27,5.261307,51219707.0,0.0,269482625.0,0.0,0.0,-0.11001346339302305,0.0,0.0
2002-03-28,5.318273,51219707.0,0.0,272400372.5,0.0,0.0,-0.11001358609287705,0.0,0.0
2002-04-02,5.297804,51219707.0,0.0,271351950.6,0.0,0.0,-0.18878803361760452,0.0,0.0
2002-04-03,5.295568,51219707.0,0.0,271237417.6,0.0,0.0,-0.1887861252462343,0.0,0.0
2002-04-04,5.257222,51219707.0,0.0,269273389.6,0.0,0.0,-0.1887852271801532,0.0,0.0
2002-04-05,5.281293,51219707.0,0.0,270506266.9,0.0,0.0,-0.188786854968881,0.0,0.0
2002-04-08,5.225966,51219707.0,0.0,267672450.1,0.0,0.0,-0.18878567626035567,0.0,0.0
2002-04-09,5.226864,51219707.0,0.0,267718420.6,0.0,0.0,-0.18878668660546696,0.0,0.0
2002-04-10,5.277317,51219707.0,0.0,270302617.4,0.0,0.0,-0.1887870233848896,0.0,0.0
2002-04-11,5.185627,51219707.0,0.0,265606313.3,0.0,0.0,-0.1887867110143256,0.0,0.0
2002-04-12,5.209173,51219707.0,0.0,266812299.1,0.0,0.0,-0.18878612145786028,0.0,0.0
2002-04-15,5.249379,51219707.0,0.0,268871645.5,0.0,0.0,-0.1887867114966272,0.0,0.0
2002-04-16,5.307746,51219707.0,0.0,271861218.9,0.0,0.0,-0.1887867114966272,0.0,0.0
2002-04-17,5.318293,51219707.0,0.0,272401433.7,0.0,0.0,-0.1724746933556377,0.0,0.0
2002-04-18,5.283893,51219707.0,0.0,270639451.7,0.0,0.0,-0.1724746933556377,0.0,0.0
2002-04-19,5.297268,51219707.0,0.0,271324512.3,0.0,0.0,-0.1724746933556377,0.0,0.0
2002-04-22,5.275115,52219707.0,1000000.0,275464960.5,5275115.0,0.019149858444518934,4.232541856228046,1055023.0,263755.75
2002-04-23,5.244563,52219707.0,0.0,273869564.0,0.0,0.0,-0.1957747090549678,1055023.0,263755.75
2002-04-24,5.273265,52219707.0,0.0,275368341.4,0.0,0.0,-0.1957747090549678,1055023.0,263755.75
2002-04-25,5.252527,52219707.0,0.0,274285415.2,0.0,0.0,-0.1957747090549678,1055023.0,263755.75
2002-04-26,5.213866,52219707.0,0.0,272266555.2,0.0,0.0,-0.1957747090549678,1055023.0,263755.75
2002-04-29,5.208569,52219707.0,0.0,271989958.0,0.0,0.0,-0.1957747090549678,0.0,263755.75
2002-04-30,5.220163,52219707.0,0.0,272595397.3,0.0,0.0,-0.1957747090549678,0.0,263755.75
2002-05-01,5.183047,52219707.0,0.0,270657177.9,0.0,0.0,-0.1957747090549678,0.0,263755.75
2002-05-02,5.231606,52219707.0,0.0,273192943.2,0.0,0.0,-0.17934443628334173,0.0,263755.75
2002-05-03,5.260555,52219707.0,0.0,274704631.2,0.0,0.0,-0.17934443628334173,0.0,263755.75
2002-05-07,5.177082,52219707.0,0.0,270345719.7,0.0,0.0,-0.17934443628334173,0.0,263755.75
2002-05-08,5.266777,52219707.0,0.0,275029574.6,0.0,0.0,-0.17934443628334173,0.0,263755.75
2002-05-09,5.255198,52219707.0,0.0,274424894.6,0.0,0.0,-0.17934443628334173,0.0,263755.75
2002-05-10,5.228723,52219707.0,0.0,273042372.0,0.0,0.0,-0.17934443628334173,0.0,263755.75
2002-05-13,5.262194,52219707.0,0.0,274790237.1,0.0,0.0,-0.17934443628334173,0.0,263755.75
2002-05-14,5.29694,52219707.0,0.0,276604672.9,0.0,0.0,-0.17934443628334173,0.0,263755.75
2002-05-15,5.322296,52219707.0,0.0,277928712.4,0.0,0.0,-0.15943872124283623,0.0,263755.75
2002-05-16,5.311625,52219707.0,0.0,277371515.6,0.0,0.0,-0.15943872124283623,0.0,263755.75
2002-05-17,5.281012,52219707.0,0.0,275772898.9,0.0,0.0,-0.15943872124283623,0.0,263755.75
2002-05-20,5.27105,52219707.0,0.0,275252683.3,0.0,0.0,-0.15943872124283623,0.0,263755.75
2002-05-21,5.259956,52219707.0,0.0,274673386.8,0.0,0.0,-0.15943872124283623,0.0,0.0
2002-05-22,5.215235,52219707.0,0.0,272338064.4,0.0,0.0,-0.15943872124283623,0.0,0.0
2002-05-23,5.238549,52219707.0,0.0,273555500.9,0.0,0.0,-0.12963910961119915,0.0,0.0
2002-05-24,5.23229,52219707.0,0.0,273228675.0,0.0,0.0,-0.12963910961119915,0.0,0.0
2002-05-27,5.199358,52219707.0,0.0,271508965.7,0.0,0.0,-0.12963910961119915,0.0,0.0
2002-05-28,5.137211,52219707.0,0.0,268263639.9,0.0,0.0,-0.12963910961119915,0.0,0.0
2002-05-29,5.082969,52219707.0,0.0,265431186.09,0.0,0.0,-0.12963910961119915,0.0,0.0
2002-05-30,5.040683,52219707.0,0.0,263223010.9,0.0,0.0,-0.12963910961119915,0.0,0.0
2002-05-31,5.084734,52219707.0,0.0,265523345.6,0.0,0.0,-0.12963910961119915,0.0,0.0
2002-06-05,4.993409,52219707.0,0.0,260754380.2,0.0,0.0,-0.12963910961119915,0.0,0.0
2002-06-06,4.961901,52219707.0,0.0,259109020.9,0.0,0.0,-0.09128704069781003,0.0,0.0
2002-06-07,4.924404,52219707.0,0.0,257150942.8,0.0,0.0,-0.09128704069781003,0.0,0.0
2002-06-10,4.932291,52219707.0,0.0,257562795.1,0.0,0.0,-0.09128704069781003,0.0,0.0
2002-06-11,4.938757,52219707.0,0.0,257900438.0,0.0,0.0,-0.09128704069781003,0.0,0.0
2002-06-12,4.857609,52219707.0,0.0,253662944.7,0.0,0.0,-0.09128704069781003,0.0,0.0
2002-06-13,4.777897,52219707.0,0.0,249500370.5,0.0,0.0,-0.09128704069781003,0.0,0.0
2002-06-14,4.636561,52219707.0,0.0,242119837.0,0.0,0.0,-0.09128704069781003,0.0,0.0
2002-06-17,4.762457,52219707.0,0.0,248694098.4,0.0,0.0,-0.09128704069781003,0.0,0.0
2002-06-18,4.707657,52219707.0,0.0,245832449.8,0.0,0.0,-0.09128704069781003,0.0,0.0
2002-06-19,4.658439,52219707.0,0.0,243262298.2,0.0,0.0,-0.09128704069781003,0.0,0.0
2002-06-20,4.586305,52219707.0,0.0,239495485.1,0.0,0.0,-0.09128704069781003,0.0,0.0
2002-06-21,4.611147,52219707.0,0.0,240792751.1,0.0,0.0,-0.09128704069781003,0.0,0.0
2002-06-24,4.547245,52219707.0,0.0,237455817.4,0.0,0.0,-0.09128704069781003,0.0,0.0
2002-06-25,4.636257,52219707.0,0.0,242103959.9,0.0,0.0,-0.09128704069781003,0.0,0.0
2002-06-26,4.537712,52219707.0,0.0,236957987.9,0.0,0.0,-0.09128704069781003,0.0,0.0
2002-06-27,4.547283,52219707.0,0.0,237457767.4,0.0,0.0,-0.09128704069781003,0.0,0.0
2002-06-28,4.662857,52219707.0,0.0,243493043.6,0.0,0.0,-0.09128704069781003,0.0,0.0
2002-07-01,4.692061,52219707.0,0.0,245018031.4,0.0,0.0,-0.09128704069781003,0.0,0.0
2002-07-02,4.552961,52219707.0,0.0,237754287.4,0.0,0.0,-0.09128704069781003,0.0,0.0
2002-07-03,4.399933,52219707.0,0.0,229763227.2,0.0,0.0,-0.09128704069781003,0.0,0.0
2002-07-04,4.478448,52219707.0,0.0,233863242.5,0.0,0.0,-0.09128704069781003,0.0,0.0
2002-07-05,4.623064,52219707.0,0.0,241415071.1,0.0,0.0,-0.09128704069781003,0.0,0.0
2002-07-08,4.608477,52219707.0,0.0,240653339.2,0.0,0.0,-0.09128704069781003,0.0,0.0
2002-07-09,4.550142,54619707.0,2400000.0,248527401.0,10920340.8,0.04394018830945728,9.952719597616078,2184068.16,546017.04
2002-07-10,4.42773,54619707.0,0.0,241841323.3,0.0,0.0,-0.12052778883954511,2184068.16,546017.04
2002-07-11,4.237479,54619707.0,0.0,231449844.8,0.0,0.0,-0.12052778883954511,2184068.16,546017.04
2002-07-12,4.231378,54619707.0,0.0,231116630.6,0.0,0.0,-0.12052778883954511,2184068.16,546017.04
2002-07-15,4.001828,54619707.0,0.0,218578683.6,0.0,0.0,-0.12052778883954511,2184068.16,546017.04
2002-07-16,4.02915,54619690.0,-17.0,220070925.6,-68.49555,-3.112430677212547e-07,-0.12059853770439605,-13.69911,546013.6152225
2002-07-17,4.198264,55619707.0,1000017.0,233506219.9,4198335.370488,0.01797954406647478,3.72644519585283,839653.3749876,755930.3837469
2002-07-18,4.30501,55619707.0,0.0,239443404.0,0.0,0.0,-0.1454869818819764,839653.3749876,755930.3837469
2002-07-19,4.106357,55619707.0,0.0,228394398.4,0.0,0.0,-0.1454869818819764,839653.3749876,755930.3837469
2002-07-22,3.90322,55619707.0,0.0,217095968.6,0.0,0.0,-0.1454869818819764,839653.3749876,755930.3837469
2002-07-23,3.865854,55619707.0,0.0,215017666.5,0.0,0.0,-0.1454869818819764,839667.0740976001,755930.3837469
2002-07-24,3.785214,55619707.0,0.0,210532491.1,0.0,0.0,-0.1454869818819764,0.0,755930.3837469
2002-07-25,3.973882,60419707.0,4800000.0,240100759.7,19074633.6,0.0794442867395892,9.12573418995361,3814926.72,1709662.0637469
2002-07-26,4.024611,60419707.0,0.0,243165797.7,0.0,0.0,-0.1562824351775976,3814926.72,1709662.0637469
2002-07-29,4.210408,60419707.0,0.0,254391593.3,0.0,0.0,-0.1562824351775976,3814926.72,1709662.0637469
2002-07-30,4.188485,67019707.0,6600000.0,280711064.7,27644001.0,0.0984784872286511,7.8162414074825755,9343726.92,3091862.1137469
2002-07-31,4.257361,67019707.0,0.0,285327065.6,0.0,0.0,-0.1751401393791037,9343726.92,3091862.1137469
2002-08-01,4.055691,68819707.0,1800000.0,279111474.6,7300243.800000001,0.026155298023709413,1.9001345502476006,6988848.959999999,3456874.3037469
2002-08-02,4.086712,68819707.0,0.0,281246326.4,0.0,0.0,-0.18987928336679022,6988848.959999999,3456874.3037469
2002-08-05,4.007611,68819707.0,0.0,275802625.7,0.0,0.0,-0.18987928336679022,6988848.959999999,3456874.3037469
2002-08-06,4.14206,68819707.0,0.0,285055323.8,0.0,0.0,-0.18987928336679022,1460048.7600000002,2910857.2637469
2002-08-07,4.107273,68819707.0,0.0,282661326.0,0.0,0.0,-0.18987928336679022,1460048.7600000002,2910857.2637469
2002-08-08,4.253221,68819707.0,0.0,292705438.1,0.0,0.0,-0.18987928336679022,0.0,2910857.2637469
2002-08-09,4.335075,68819707.0,0.0,298338618.4,0.0,0.0,-0.18987928336679022,0.0,2910857.2637469
2002-08-12,4.234191,68819707.0,0.0,291395794.1,0.0,0.0,-0.18987928336679022,0.0,2910857.2637469
2002-08-13,4.284246,68819707.0,0.0,294840562.2,0.0,0.0,-0.18987928336679022,0.0,2910860.6885244003
2002-08-14,4.199303,68819707.0,0.0,288994772.6,0.0,0.0,-0.18987928336679022,0.0,2700943.9200000004
2002-08-15,4.355974,68819707.0,0.0,299776826.9,0.0,0.0,-0.18987928336679022,0.0,2700943.9200000004
2002-08-16,4.358446,68819707.0,0.0,299946945.4,0.0,0.0,-0.18987928336679022,0.0,2700943.9200000004
2002-08-19,4.455195,68819707.0,0.0,306605193.7,0.0,0.0,-0.18987928336679022,0.0,2700943.9200000004
2002-08-20,4.397212,68819707.0,0.0,302614816.8,0.0,0.0,-0.18987928336679022,0.0,2700943.9200000004
2002-08-21,4.400938,68819707.0,0.0,302871230.6,0.0,0.0,-0.18987928336679022,0.0,2700943.9200000004
2002-08-22,4.470806,68819707.0,0.0,307679574.4,0.0,0.0,-0.18987928336679022,0.0,1747212.2399999998
2002-08-23,4.425935,68819707.0,0.0,304591580.3,0.0,0.0,-0.18987928336679022,0.0,1747212.2399999998
2002-08-27,4.48558,68819707.0,0.0,308696323.8,0.0,0.0,-0.18987928336679022,0.0,1747212.2399999998
2002-08-28,4.280664,68819707.0,0.0,294594049.2,0.0,0.0,-0.18987928336679022,0.0,365012.19000000006
2002-08-29,4.2158,68819707.0,0.0,290130152.0,0.0,0.0,-0.18987928336679022,0.0,365012.19000000006
2002-08-30,4.233819,68819707.0,0.0,291370161.3,0.0,0.0,-0.18987928336679022,0.0,0.0
2002-09-02,4.187268,68819707.0,0.0,288166545.1,0.0,0.0,-0.18987928336679022,0.0,0.0
2002-09-03,4.035069,68819707.0,0.0,277692300.3,0.0,0.0,-0.18987928336679022,0.0,0.0
2002-09-04,4.034971,68819707.0,0.0,277685495.3,0.0,0.0,-0.18987928336679022,0.0,0.0
2002-09-05,4.018883,68819707.0,0.0,276578362.3,0.0,0.0,-0.18987928336679022,0.0,0.0
2002-09-06,4.115036,68819707.0,0.0,283195552.6,0.0,0.0,-0.18987928336679022,0.0,0.0
2002-09-09,4.070251,68819707.0,0.0,280113479.8,0.0,0.0,-0.18987928336679022,0.0,0.0
2002-09-10,4.183338,68819707.0,0.0,287896069.1,0.0,0.0,-0.18987928336679022,0.0,0.0
2002-09-11,4.220274,68819707.0,0.0,290438036.3,0.0,0.0,-0.18987928336679022,0.0,0.0
2002-09-12,4.094364,68819707.0,0.0,281772904.1,0.0,0.0,-0.18987928336679022,0.0,0.0
2002-09-13,4.017399,68819707.0,0.0,276476248.9,0.0,0.0,-0.18987928336679022,0.0,0.0
2002-09-16,4.053717,68819707.0,0.0,278975587.3,0.0,0.0,-0.18987928336679022,0.0,0.0
2002-09-17,4.034578,68819707.0,0.0,277658501.0,0.0,0.0,-0.18987928336679022,0.0,0.0
2002-09-18,3.877507,68819707.0,0.0,266848880.9,0.0,0.0,-0.18987928336679022,0.0,0.0
2002-09-19,3.825532,68819707.0,0.0,263271977.8,0.0,0.0,-0.18987928336679022,0.0,0.0
2002-09-20,3.871931,68819707.0,0.0,266465128.4,0.0,0.0,-0.18987928336679022,0.0,0.0
2002-09-23,3.751589,68819707.0,0.0,258183236.7,0.0,0.0,-0.18987928336679022,0.0,0.0
2002-09-24,3.682673,68819707.0,0.0,253440504.1,0.0,0.0,-0.18987928336679022,0.0,0.0
2002-09-25,3.709267,68819707.0,0.0,255270694.6,0.0,0.0,-0.18987928336679022,0.0,0.0
2002-09-26,3.863486,68819707.0,0.0,265883974.3,0.0,0.0,-0.18987928336679022,0.0,0.0
2002-09-27,3.920024,68819707.0,0.0,269774907.3,0.0,0.0,-0.18987928336679022,0.0,0.0
2002-09-30,3.734483,68819707.0,0.0,257006034.4,0.0,0.0,-0.18987928336679022,0.0,0.0
2002-10-01,3.810043,68819707.0,0.0,262206068.5,0.0,0.0,-0.18987928336679022,0.0,0.0
2002-10-02,3.918365,68819707.0,0.0,269660722.9,0.0,0.0,-0.18987928336679022,0.0,0.0
2002-10-03,3.893352,68819707.0,0.0,267939347.1,0.0,0.0,-0.18987928336679022,0.0,0.0
2002-10-04,3.826641,68819707.0,0.0,263348337.1,0.0,0.0,-0.18987928336679022,0.0,0.0
2002-10-07,3.793747,69819707.0,1000000.0,264878281.1,3793747.0,0.014322605025391793,0.9416585000577821,758749.4,189687.35
2002-10-08,3.743305,69819707.0,0.0,261356427.8,0.0,0.0,-0.1986964180115887,758749.4,189687.35
2002-10-09,3.755878,69819707.0,0.0,262234290.5,0.0,0.0,-0.1986964180115887,758749.4,189687.35
2002-10-10,3.790468,71019707.0,1200000.0,269197922.4,4548561.600000001,0.016896718813607013,1.1294323212736121,1668461.7200000002,417115.43000000005
2002-10-11,3.966292,71019707.0,0.0,281684908.6,0.0,0.0,-0.19757025987386417,1668461.7200000002,417115.43000000005
2002-10-14,3.944605,71019707.0,0.0,280144665.7,0.0,0.0,-0.19757025987386417,909712.3200000001,417115.43000000005
2002-10-15,4.143081,71019707.0,0.0,294240373.4,0.0,0.0,-0.19757025987386417,909712.3200000001,417115.43000000005
2002-10-16,4.072104,71019707.0,0.0,289199660.2,0.0,0.0,-0.19757025987386417,909712.3200000001,417115.43000000005
2002-10-17,4.184895,71019707.0,0.0,297209995.1,0.0,0.0,-0.19757025987386417,0.0,417115.43000000005
2002-10-18,4.144673,71019707.0,0.0,294353470.6,0.0,0.0,-0.19757025987386417,0.0,417115.43000000005
2002-10-21,4.148143,72819707.0,1800000.0,302066540.6,7466657.4,0.024718584803099505,1.7354650007678531,1493331.48,790448.3
2002-10-22,4.133326,72819707.0,0.0,300987563.2,0.0,0.0,-0.21128795005771112,1493331.48,790448.3
2002-10-23,4.022087,72819707.0,0.0,292887191.1,0.0,0.0,-0.21128795005771112,1493331.48,790448.3
2002-10-24,4.118717,75819707.0,3000000.0,312279924.9,12356151.0,0.03956754826285025,2.7833730944236956,3964561.6799999997,1408255.85
2002-10-25,4.066126,75819707.0,0.0,308292452.9,0.0,0.0,-0.22937968651858884,3964561.6799999997,1408255.85
2002-10-28,4.10532,75819707.0,0.0,311264159.2,0.0,0.0,-0.22937968651858884,2471230.2,1408255.85
2002-10-29,3.950866,75819707.0,0.0,299553481.9,0.0,0.0,-0.22937968651858884,2471230.2,1408255.85
2002-10-30,4.019621,75819707.0,0.0,304766499.2,0.0,0.0,-0.22937968651858884,2471230.2,1408255.85
2002-10-31,4.056658,75819707.0,0.0,307574619.4,0.0,0.0,-0.22937968651858884,0.0,1408255.85
2002-11-01,4.013976,75819707.0,0.0,304338513.1,0.0,0.0,-0.22937968651858884,0.0,1408255.85
2002-11-04,4.158256,75819707.0,0.0,315277717.0,0.0,0.0,-0.22937968651858884,0.0,1218568.5
2002-11-05,4.162935,75819707.0,0.0,315632527.3,0.0,0.0,-0.22937968651858884,0.0,1218568.5
2002-11-06,4.121276,75819707.0,0.0,312473941.9,0.0,0.0,-0.22937968651858884,0.0,1218568.5
2002-11-07,4.098752,75819707.0,0.0,310766203.9,0.0,0.0,-0.22937968651858884,0.0,991140.4199999999
2002-11-08,4.052061,75819707.0,0.0,307226101.1,0.0,0.0,-0.22937968651858884,0.0,991140.4199999999
2002-11-11,4.032968,76019707.0,200000.0,306585040.4,806593.6000000001,0.002630896794402106,-0.030733985598667347,161318.72000000003,1031470.1
2002-11-12,4.102324,76019707.0,0.0,311857498.2,0.0,0.0,-0.23109963461075744,161318.72000000003,1031470.1
2002-11-13,4.051987,76019707.0,0.0,308030838.2,0.0,0.0,-0.23109963461075744,161318.72000000003,1031470.1
2002-11-14,4.075687,76019707.0,0.0,309832530.8,0.0,0.0,-0.23109963461075744,161318.72000000003,1031470.1
2002-11-15,4.114044,76019707.0,0.0,312748429.6,0.0,0.0,-0.23109963461075744,161318.72000000003,1031470.1
2002-11-18,4.138269,76019707.0,0.0,314589961.7,0.0,0.0,-0.23109963461075744,0.0,658137.23
2002-11-19,4.118795,76019707.0,0.0,313109582.1,0.0,0.0,-0.23109963461075744,0.0,658137.2299999999
2002-11-20,4.119676,76019707.0,0.0,313176558.0,0.0,0.0,-0.23109963461075744,0.0,658137.2299999999
2002-11-21,4.214729,76019707.0,0.0,320402460.0,0.0,0.0,-0.23109963461075744,0.0,40329.67999999991
2002-11-22,4.199923,76019707.0,0.0,319276894.3,0.0,0.0,-0.23109963461075744,0.0,40329.67999999991
2002-11-25,4.146792,76019707.0,0.0,315237917.5,0.0,0.0,-0.23109963461075744,0.0,40329.67999999991
2002-11-26,4.095526,76419707.0,400000.0,312978913.1,1638210.4000000001,0.005234251674573919,0.16423055960393712,327642.08,122240.19999999991
2002-11-27,4.145695,76419707.0,0.0,316812775.9,0.0,0.0,-0.2344478495840527,327642.08,122240.19999999991
2002-11-28,4.186839,76419707.0,0.0,319956986.6,0.0,0.0,-0.2344478495840527,327642.08,122240.19999999991
2002-11-29,4.170786,78819707.0,2400000.0,328740135.5,10009886.399999999,0.030449237312551995,2.0295637132247424,2329619.36,622734.5199999998
2002-12-02,4.155537,78819707.0,0.0,327538231.2,0.0,0.0,-0.2493644834600812,2329619.36,622734.5199999998
2002-12-03,4.076691,78819707.0,0.0,321323565.2,0.0,0.0,-0.2493644834600812,2001977.2799999998,622734.5199999998
2002-12-04,4.05138,79419707.0,600000.0,321759398.8,2430828.0,0.007554800291975185,0.3113056467164459,2488142.88,744275.9199999998
2002-12-05,4.035187,79419707.0,0.0,320473352.4,0.0,0.0,-0.25403897396385455,2488142.88,744275.9199999998
2002-12-06,4.016167,79419707.0,0.0,318962841.0,0.0,0.0,-0.25403897396385455,486165.6,744275.9199999998
2002-12-09,3.936534,80419707.0,1000000.0,316574880.4,3936534.0,0.012434764233429053,0.6676495776126362,1273472.4,900772.9399999998
2002-12-10,3.927541,80419707.0,0.0,315851711.6,0.0,0.0,-0.26136991598633674,1273472.4,900772.9399999998
2002-12-11,3.977444,80419707.0,0.0,319864913.8,0.0,0.0,-0.26136991598633674,787306.8,900772.9399999998
2002-12-12,3.937862,80419707.0,0.0,316681747.1,0.0,0.0,-0.26136991598633674,787306.8,900772.9399999998
2002-12-13,3.880627,81619707.0,1200000.0,316735615.0,4656752.4,0.014702332732616761,0.8257530371449543,1718657.28,1133610.5599999998
2002-12-16,3.98631,81619707.0,0.0,325361493.1,0.0,0.0,-0.269818939660429,931350.4800000001,1133610.5599999998
2002-12-17,3.911065,81619707.0,0.0,319219992.8,0.0,0.0,-0.269818939660429,931350.4800000001,1133610.5599999998
2002-12-18,3.83933,81619707.0,0.0,313365005.1,0.0,0.0,-0.269818939660429,931350.4800000001,1133610.5599999998
2002-12-19,3.845271,81619707.0,0.0,313849859.0,0.0,0.0,-0.269818939660429,931350.4800000001,1133610.5599999998
2002-12-20,3.893711,83619707.0,2000000.0,325590971.7,7787422.0,0.023917806932236874,1.4840265223903202,1557484.4,1522981.6599999997
2002-12-23,3.940521,83619707.0,0.0,329505192.3,0.0,0.0,-0.2820894488372749,1557484.4,1522981.6599999997
2002-12-24,3.945746,83619707.0,0.0,329942127.6,0.0,0.0,-0.2820894488372749,1557484.4,1441071.14
2002-12-27,3.834018,83619707.0,0.0,320599459.4,0.0,0.0,-0.26502060362780694,1557484.4,1441071.14
2002-12-30,3.905152,83619707.0,0.0,326547704.0,0.0,0.0,-0.26502060362780694,1557484.4,1441071.14
2002-12-31,3.944751,83619707.0,0.0,329858897.7,0.0,0.0,-0.26502060362780694,0.0,940576.82
2003-01-02,4.014067,83619707.0,0.0,335655091.9,0.0,0.0,-0.26502060362780694,0.0,940576.82
2003-01-03,4.009491,83619707.0,0.0,335272485.2,0.0,0.0,-0.26502060362780694,0.0,940576.82
2003-01-06,4.005792,83619707.0,0.0,334963171.3,0.0,0.0,-0.26502081673046274,0.0,819035.4199999999
2003-01-07,3.961784,84019707.0,400000.0,332867948.9,1584713.6,0.004760787589303405,0.10928492520944316,316942.72000000003,898271.1
2003-01-08,3.929845,84019707.0,0.0,330184435.6,0.0,0.0,-0.2579167944824666,316942.72000000003,898271.1
2003-01-09,3.938965,84019707.0,0.0,330950726.7,0.0,0.0,-0.2579167944824666,316942.72000000003,701444.3999999999
2003-01-10,3.979037,87619707.0,3600000.0,348642023.3,14324533.2,0.04108665118568912,2.788812806426999,3181849.36,1417671.0599999998
2003-01-13,3.953046,87619707.0,0.0,346364689.5,0.0,0.0,-0.27487379833022785,3181849.36,1417671.0599999998
2003-01-14,3.950339,87619707.0,0.0,346127565.8,0.0,0.0,-0.27487379833022785,2864906.6399999997,1417671.0599999998
2003-01-15,3.892646,87619707.0,0.0,341072479.4,0.0,0.0,-0.26393450159618453,2864906.6399999997,1184833.44
2003-01-16,3.886662,87619707.0,0.0,340548227.0,0.0,0.0,-0.26393450159618453,2864906.6399999997,1184833.44
2003-01-17,3.825364,87619707.0,0.0,335177302.9,0.0,0.0,-0.26393450159618453,0.0,1184833.44
2003-01-20,3.783709,87619707.0,0.0,331527464.1,0.0,0.0,-0.29952746086040805,0.0,1184833.44
2003-01-21,3.741403,87619707.0,0.0,327820656.5,0.0,0.0,-0.29952746086040805,0.0,1184833.44
2003-01-22,3.68387,87619707.0,0.0,322779600.5,0.0,0.0,-0.28280891038630435,0.0,795462.3399999999
2003-01-23,3.628101,87619707.0,0.0,317893134.1,0.0,0.0,-0.28280891038630435,0.0,795462.3399999999
2003-01-24,3.609613,87619707.0,0.0,316273225.3,0.0,0.0,-0.28280891038630435,0.0,795462.3399999999
2003-01-27,3.486682,87619707.0,0.0,305502044.1,0.0,0.0,-0.28280891038630435,0.0,795462.3399999999
2003-01-28,3.495694,87619707.0,0.0,306291722.8,0.0,0.0,-0.28280891038630435,0.0,795462.3399999999
2003-01-29,3.489489,87619707.0,0.0,305747985.3,0.0,0.0,-0.28280891038630435,0.0,795462.3399999999
2003-01-30,3.584441,87619707.0,0.0,314067682.3,0.0,0.0,-0.28280891038630435,0.0,795462.3399999999
2003-01-31,3.573072,90619707.0,3000000.0,323790711.1,10719216.0,0.03310538453553555,4.073783232372292,2143843.2,1331423.14
2003-02-03,3.694798,90619707.0,0.0,334821542.8,0.0,0.0,-0.2986960715886875,2143843.2,1331423.14
2003-02-04,3.595724,90619707.0,0.0,325843419.9,0.0,0.0,-0.2986960715886875,2143843.2,1252187.4599999997
2003-02-05,3.684106,90619707.0,0.0,333852589.4,0.0,0.0,-0.2986960715886875,2143843.2,1252187.4599999997
2003-02-06,3.602393,90619707.0,0.0,326447825.3,0.0,0.0,-0.2986960715886875,2143843.2,1252187.4599999997
2003-02-07,3.604496,90619707.0,0.0,326638389.1,0.0,0.0,-0.2986960715886875,0.0,535960.7999999999
2003-02-10,3.584347,90619707.0,0.0,324812450.1,0.0,0.0,-0.2986960715886875,0.0,535960.7999999999
2003-02-11,3.674447,90619707.0,0.0,332977326.5,0.0,0.0,-0.2986960715886875,0.0,535960.7999999999
2003-02-12,3.621808,90619707.0,0.0,328207143.2,0.0,0.0,-0.2986960715886875,0.0,535960.7999999999
2003-02-13,3.616552,90619707.0,0.0,327730894.6,0.0,0.0,-0.2986960715886875,0.0,535960.7999999999
2003-02-14,3.617565,90619707.0,0.0,327822696.3,0.0,0.0,-0.2986960715886875,0.0,535960.7999999999
2003-02-17,3.697848,90619707.0,0.0,335097857.1,0.0,0.0,-0.2986960715886875,0.0,535960.7999999999
2003-02-18,3.734929,90619707.0,0.0,338458153.0,0.0,0.0,-0.2986960715886875,0.0,535960.7999999999
2003-02-19,3.669236,90619707.0,0.0,332505112.5,0.0,0.0,-0.2986960715886875,0.0,535960.7999999999
2003-02-20,3.698114,90619707.0,0.0,335122042.5,0.0,0.0,-0.2986960715886875,0.0,535960.7999999999
2003-02-21,3.737819,90619707.0,0.0,338720023.4,0.0,0.0,-0.2986960715886875,0.0,535960.7999999999
2003-02-24,3.712573,90619707.0,0.0,336432241.3,0.0,0.0,-0.2986960715886875,0.0,535960.7999999999
2003-02-25,3.63207,90619707.0,0.0,329137156.0,0.0,0.0,-0.2986960715886875,0.0,535960.7999999999
2003-02-26,3.610818,90619707.0,0.0,327211249.2,0.0,0.0,-0.2986960715886875,0.0,535960.7999999999
2003-02-27,3.587335,90619707.0,0.0,325083250.1,0.0,0.0,-0.2986960715886875,0.0,535960.7999999999
2003-02-28,3.672951,90619707.0,0.0,332841756.7,0.0,0.0,-0.2986960715886875,0.0,0.0
2003-03-03,3.701905,90619707.0,0.0,335465577.8,0.0,0.0,-0.2986960715886875,0.0,0.0
2003-03-04,3.642604,94019707.0,3400000.0,342476564.5,12384853.6,0.036162630917771894,4.109527749064393,2476970.7199999997,619242.6799999999
2003-03-05,3.586022,94019707.0,0.0,337156711.3,0.0,0.0,-0.3134607881196611,2476970.7199999997,619242.6799999999
2003-03-06,3.577861,94019707.0,0.0,336389420.8,0.0,0.0,-0.3134607881196611,2476970.7199999997,619242.6799999999
2003-03-07,3.513928,97019707.0,3000000.0,340920220.9,10541784.0,0.03092155687383576,3.278125296905791,4585327.5200000005,1146331.88
2003-03-10,3.458384,97019707.0,0.0,335531424.1,0.0,0.0,-0.32903209199394223,4585327.5200000005,1146331.88
2003-03-11,3.474994,97019707.0,0.0,337142919.2,0.0,0.0,-0.32903209199394223,2108356.8,1146331.88
2003-03-12,3.318748,97019707.0,0.0,321984005.0,0.0,0.0,-0.32903209199394223,2108356.8,1146331.88
2003-03-13,3.518485,97019707.0,0.0,341362384.8,0.0,0.0,-0.32903209199394223,2108356.8,1146331.88
2003-03-14,3.633452,102019707.0,5000000.0,370683679.6,18167260.0,0.04901014260893292,4.794502664727141,3633452.0,2054694.8799999997
2003-03-17,3.75396,109619707.0,7600000.0,411507967.0,28530096.0,0.06933060423590778,5.803553734507808,9339471.2,3481199.6799999997
2003-03-18,3.778712,109619707.0,0.0,414221349.7,0.0,0.0,-0.33716789888309273,9339471.2,3481199.6799999997
2003-03-19,3.80837,109619707.0,0.0,417472439.0,0.0,0.0,-0.33716789888309273,9339471.2,3481199.6799999997
2003-03-20,3.808408,112619707.0,3000000.0,428901804.7,11425224.0,0.02663832111406362,1.9703035848684423,11624516.0,4052460.88
2003-03-21,3.903737,112619707.0,0.0,439637763.3,0.0,0.0,-0.3510803416767782,7991064.0,4052460.88
2003-03-24,3.785722,112619707.0,0.0,426346864.8,0.0,0.0,-0.3510803416767782,2285044.8,4052460.88
2003-03-25,3.804429,112619707.0,0.0,428453647.9,0.0,0.0,-0.3510803416767782,2285044.8,4052460.88
2003-03-26,3.837192,112619707.0,0.0,432143436.8,0.0,0.0,-0.3510803416767782,2285044.8,4052460.88
2003-03-27,3.773192,112619707.0,0.0,424935723.6,0.0,0.0,-0.3416776060816341,0.0,4052460.88
2003-03-28,3.752688,112619707.0,0.0,422626623.1,0.0,0.0,-0.3416776060816341,0.0,4052460.88
2003-03-31,3.657205,112619707.0,0.0,411873395.0,0.0,0.0,-0.3416776060816341,0.0,4052460.88
2003-04-01,3.728058,112619707.0,0.0,419852754.7,0.0,0.0,-0.331030301645404,0.0,3433218.2
2003-04-02,3.802604,112619707.0,0.0,428248164.5,0.0,0.0,-0.331030301645404,0.0,3433218.2
2003-04-03,3.822396,112619707.0,0.0,430477110.0,0.0,0.0,-0.331030301645404,0.0,3433218.2
2003-04-04,3.863511,112619707.0,0.0,435107471.2,0.0,0.0,-0.331030301645404,0.0,2906129.0
2003-04-07,3.984802,112619707.0,0.0,448767238.4,0.0,0.0,-0.331030301645404,0.0,2906129.0
2003-04-08,3.917739,112619707.0,0.0,441214613.9,0.0,0.0,-0.331030301645404,0.0,2906129.0
2003-04-09,3.91167,112619707.0,0.0,440531131.8,0.0,0.0,-0.331030301645404,0.0,2906129.0
2003-04-10,3.853446,112619707.0,0.0,433973932.8,0.0,0.0,-0.317389956025528,0.0,2906129.0
2003-04-11,3.858196,112619707.0,0.0,434508905.4,0.0,0.0,-0.317389956025528,0.0,1997766.0
2003-04-14,3.899351,114619707.0,2000000.0,446942478.9,7798702.0,0.01744900600899227,1.2170058783633921,1559740.4,961196.2999999998
2003-04-15,3.966468,114619707.0,0.0,454635434.5,0.0,0.0,-0.3127422685363032,1559740.4,961196.2999999998
2003-04-16,3.90798,114619707.0,0.0,447931485.2,0.0,0.0,-0.3127422685363032,1559740.4,961196.2999999998
2003-04-17,3.942223,114619707.0,0.0,451856450.8,0.0,0.0,-0.3127422685363032,1559740.4,389935.0999999998
2003-04-22,3.970464,114619707.0,0.0,455093397.3,0.0,0.0,-0.3127422685363032,1559740.4,389935.0999999998
2003-04-23,4.020206,114619707.0,0.0,460794815.1,0.0,0.0,-0.3127422685363032,0.0,389935.0999999998
2003-04-24,3.95273,114619707.0,0.0,453060709.4,0.0,0.0,-0.3127422685363032,0.0,389935.0999999998
2003-04-25,3.923932,119419707.0,4800000.0,468594807.0,18834873.6,0.04019437116809534,3.226220253054973,3766974.72,1331678.7799999998
2003-04-28,3.993733,119419707.0,0.0,476930376.2,0.0,0.0,-0.3283772756756,3766974.72,1331678.7799999998
2003-04-29,3.981288,119419707.0,0.0,475444298.6,0.0,0.0,-0.3283772756756,3766974.72,1331678.7799999998
2003-04-30,3.98011,119419707.0,0.0,475303518.3,0.0,0.0,-0.3283772756756,3766974.72,1331678.7799999998
2003-05-01,3.93427,119419707.0,0.0,469829319.7,0.0,0.0,-0.3283772756756,3766974.72,1331678.7799999998
2003-05-02,4.0066,119419707.0,0.0,478466963.2,0.0,0.0,-0.3283772756756,0.0,1331678.7799999998
2003-05-06,4.060236,119419707.0,0.0,484872154.5,0.0,0.0,-0.32630377629421403,0.0,1331678.7799999998
2003-05-07,4.049799,119419707.0,0.0,483625776.3,0.0,0.0,-0.32630377629421403,0.0,1331678.7799999998
2003-05-08,3.985737,119419707.0,0.0,475975513.9,0.0,0.0,-0.32630377629421403,0.0,1331678.7799999998
2003-05-09,4.02612,119419707.0,0.0,480798124.0,0.0,0.0,-0.32630377629421403,0.0,1331678.7799999998
2003-05-12,4.043885,119419707.0,0.0,482919543.3,0.0,0.0,-0.32630377629421403,0.0,1331678.7799999998
2003-05-13,4.056271,119419707.0,0.0,484398682.7,0.0,0.0,-0.32630377629421403,0.0,1331678.7799999998
2003-05-14,4.036455,119419707.0,0.0,482032224.0,0.0,0.0,-0.32630377629421403,0.0,1331678.7799999998
2003-05-15,4.072518,119419707.0,0.0,486338854.5,0.0,0.0,-0.32630377629421403,0.0,941743.6799999999
2003-05-16,4.11022,119419707.0,0.0,490841238.5,0.0,0.0,-0.32630377629421403,0.0,941743.6799999999
2003-05-19,4.002609,119419707.0,0.0,477990386.3,0.0,0.0,-0.32630377629421403,0.0,941743.6799999999
2003-05-20,4.032855,119419707.0,0.0,481602329.3,0.0,0.0,-0.32630377629421403,0.0,941743.6799999999
2003-05-21,3.997972,119419707.0,0.0,477436659.8,0.0,0.0,-0.32233136501177506,0.0,941743.6799999999
2003-05-22,4.051745,119419707.0,0.0,483858228.7,0.0,0.0,-0.32233136501177506,0.0,941743.6799999999
2003-05-23,4.0409,119419707.0,0.0,482563053.0,0.0,0.0,-0.32233136501177506,0.0,941743.6799999999
2003-05-27,4.050894,119419707.0,0.0,483756530.0,0.0,0.0,-0.30717820767750653,0.0,0.0
2003-05-28,4.135941,119419707.0,0.0,493912840.9,0.0,0.0,-0.30717820767750653,0.0,0.0
2003-05-29,4.147597,119419707.0,0.0,495304777.7,0.0,0.0,-0.30717820767750653,0.0,0.0
2003-05-30,4.112091,119419707.0,0.0,491064739.1,0.0,0.0,-0.3015451675978962,0.0,0.0
2003-06-02,4.194097,119419707.0,0.0,500857888.9,0.0,0.0,-0.3015451675978962,0.0,0.0
2003-06-03,4.180509,119419707.0,0.0,499235214.0,0.0,0.0,-0.3015451675978962,0.0,0.0
2003-06-04,4.132655,119419707.0,0.0,493520525.02,0.0,0.0,-0.29290229238733395,0.0,0.0
2003-06-05,4.110502,119419707.0,0.0,490874952.7,0.0,0.0,-0.29290229238733395,0.0,0.0
2003-06-06,4.156975,119419707.0,0.0,496424692.1,0.0,0.0,-0.29290229238733395,0.0,0.0
2003-06-09,4.135215,119419707.0,0.0,493826193.7,0.0,0.0,-0.29290229238733395,0.0,0.0
2003-06-10,4.119017,119419707.0,0.0,491891796.4,0.0,0.0,-0.28299063769718413,0.0,0.0
2003-06-11,4.157065,119419707.0,0.0,496435534.4,0.0,0.0,-0.28299063769718413,0.0,0.0
2003-06-12,4.168095,119419707.0,0.0,497752734.3,0.0,0.0,-0.28299063769718413,0.0,0.0
2003-06-13,4.140823,119419707.0,0.0,494495902.9,0.0,0.0,-0.28299063769718413,0.0,0.0
2003-06-16,4.160496,119419707.0,0.0,496845183.9,0.0,0.0,-0.28299063769718413,0.0,0.0
2003-06-17,4.197871,119419707.0,0.0,501308504.8,0.0,0.0,-0.26887418267214797,0.0,0.0
2003-06-18,4.215749,119419707.0,0.0,503443500.3,0.0,0.0,-0.26887418267214797,0.0,0.0
2003-06-19,4.140182,119419707.0,0.0,494419361.2,0.0,0.0,-0.26887418267214797,0.0,0.0
2003-06-20,4.168845,119419707.0,0.0,497842232.7,0.0,0.0,-0.26887418267214797,0.0,0.0
2003-06-23,4.096488,119419707.0,0.0,489201349.3,0.0,0.0,-0.26887418267214797,0.0,0.0
2003-06-24,4.06947,119419707.0,0.0,485974962.5,0.0,0.0,-0.26887418267214797,0.0,0.0
2003-06-25,4.07802,122419707.0,3000000.0,499229972.1,12234060.000000002,0.024505860392431356,1.9484830806006677,2446812.0000000005,611702.9999999999
2003-06-26,4.051817,122419707.0,0.0,496022203.5,0.0,0.0,-0.2831920405518706,2446812.0000000005,611702.9999999999
2003-06-27,4.077905,122419707.0,0.0,499215980.8,0.0,0.0,-0.2831920405518706,2446812.0000000005,611702.9999999999
2003-06-30,4.041121,122419707.0,0.0,494712860.6,0.0,0.0,-0.2795133307605011,2446812.0000000005,611702.9999999999
2003-07-01,3.973883,122419707.0,0.0,486481601.2,0.0,0.0,-0.2795133307605011,2446812.0000000005,611702.9999999999
2003-07-02,4.017537,122419707.0,0.0,491825675.4,0.0,0.0,-0.2795133307605011,0.0,611702.9999999999
2003-07-03,4.035407,122419707.0,0.0,494013377.5,0.0,0.0,-0.26191889331959967,0.0,611702.9999999999
2003-07-04,4.032069,122419707.0,0.0,493604756.2,0.0,0.0,-0.26191889331959967,0.0,611702.9999999999
2003-07-07,4.085621,122419707.0,0.0,500160545.2,0.0,0.0,-0.26191889331959967,0.0,611702.9999999999
2003-07-08,4.084422,122419707.0,0.0,500013695.6,0.0,0.0,-0.26191889331959967,0.0,611702.9999999999
2003-07-09,4.066977,122419707.0,0.0,497878161.8,0.0,0.0,-0.26191889331959967,0.0,611702.9999999999
2003-07-10,4.041018,122419707.0,0.0,494700235.2,0.0,0.0,-0.26191889331959967,0.0,611702.9999999999
2003-07-11,4.070345,122419707.0,0.0,498290391.8,0.0,0.0,-0.26191889331959967,0.0,611702.9999999999
2003-07-14,4.1397,122419707.0,0.0,506780827.4,0.0,0.0,-0.26191889331959967,0.0,611702.9999999999
2003-07-15,4.114513,122419707.0,0.0,503697480.6,0.0,0.0,-0.26191889331959967,0.0,611702.9999999999
2003-07-16,4.089103,122419707.0,0.0,500586807.4,0.0,0.0,-0.26191889331959967,0.0,611702.9999999999
2003-07-17,4.06848,122419707.0,0.0,498062158.9,0.0,0.0,-0.26191889331959967,0.0,611702.9999999999
2003-07-18,4.08506,122419707.0,0.0,500091834.7,0.0,0.0,-0.26191889331959967,0.0,611702.9999999999
2003-07-21,4.056037,123219707.0,800000.0,499783653.7,3244829.6,0.006492468443051042,0.35622848969709037,648965.92,773944.4799999999
2003-07-22,4.091434,123219707.0,0.0,504145255.8,0.0,0.0,-0.26704812426171404,648965.92,773944.4799999999
2003-07-23,4.09845,126219707.0,3000000.0,517305121.6,12295350.0,0.02376808093832721,1.9633986589844517,3108035.92,777008.9799999997
2003-07-24,4.161488,126219707.0,0.0,525261748.1,0.0,0.0,-0.2645399757325557,3108035.92,777008.9799999997
2003-07-25,4.143016,126219707.0,0.0,522930220.3,0.0,0.0,-0.2645399757325557,3108035.92,777008.9799999997
2003-07-28,4.160519,126219707.0,0.0,525139530.0,0.0,0.0,-0.2645399757325557,2459070.0,777008.9799999997
2003-07-29,4.148721,126219707.0,0.0,523650381.4,0.0,0.0,-0.2645399757325557,2459070.0,777008.9799999997
2003-07-30,4.15568,126219707.0,0.0,524528772.8,0.0,0.0,-0.2645399757325557,0.0,777008.9799999997
2003-07-31,4.171461,126219707.0,0.0,526520593.9,0.0,0.0,-0.2645399757325557,0.0,777008.9799999997
2003-08-01,4.112861,126219707.0,0.0,519124100.2,0.0,0.0,-0.2645399757325557,0.0,777008.9799999997
2003-08-04,4.114324,126219707.0,0.0,519308743.1,0.0,0.0,-0.2645399757325557,0.0,777008.9799999997
2003-08-05,4.135246,126219707.0,0.0,521949571.8,0.0,0.0,-0.2645399757325557,0.0,777008.9799999997
2003-08-06,4.087455,126219707.0,0.0,515917317.2,0.0,0.0,-0.2645399757325557,0.0,777008.9799999997
2003-08-07,4.112539,126219707.0,0.0,519083503.0,0.0,0.0,-0.2645399757325557,0.0,777008.9799999997
2003-08-08,4.164717,126219707.0,0.0,525669411.6,0.0,0.0,-0.2645399757325557,0.0,777008.9799999997
2003-08-11,4.19346,126219707.0,0.0,529297309.8,0.0,0.0,-0.2645399757325557,0.0,777008.9799999997
2003-08-12,4.202319,126219707.0,0.0,530415494.7,0.0,0.0,-0.2645399757325557,0.0,777008.9799999997
2003-08-13,4.213655,126219707.0,0.0,531846257.1,0.0,0.0,-0.2645399757325557,0.0,777008.9799999997
2003-08-14,4.271052,126219707.0,0.0,539090907.8,0.0,0.0,-0.2645399757325557,0.0,777008.9799999997
2003-08-15,4.28048,126219707.0,0.0,540280948.8,0.0,0.0,-0.2645399757325557,0.0,777008.9799999997
2003-08-18,4.305139,126219707.0,0.0,543393349.1,0.0,0.0,-0.2645399757325557,0.0,614767.4999999998
2003-08-19,4.283827,126219707.0,0.0,540703375.2,0.0,0.0,-0.2645399757325557,0.0,614767.4999999998
2003-08-20,4.260805,126219707.0,0.0,537797598.6,0.0,0.0,-0.2645399757325557,0.0,0.0
2003-08-21,4.266921,126219707.0,0.0,538569497.8,0.0,0.0,-0.2645399757325557,0.0,0.0
2003-08-22,4.269328,126219707.0,0.0,538873296.7,0.0,0.0,-0.2645399757325557,0.0,0.0
2003-08-26,4.220696,126219707.0,0.0,532735052.5,0.0,0.0,-0.24645172821821074,0.0,0.0
2003-08-27,4.250171,126219707.0,0.0,536455316.1,0.0,0.0,-0.24645172821821074,0.0,0.0
2003-08-28,4.241723,126219707.0,0.0,535389013.4,0.0,0.0,-0.24645172821821074,0.0,0.0
2003-08-29,4.204799,126219707.0,0.0,530728529.5,0.0,0.0,-0.22840893697872638,0.0,0.0
2003-09-01,4.24799,126219707.0,0.0,536180068.0,0.0,0.0,-0.22840893697872638,0.0,0.0
2003-09-02,4.247892,126219707.0,0.0,536167670.1,0.0,0.0,-0.22840893697872638,0.0,0.0
2003-09-03,4.263307,126219707.0,0.0,538113383.5,0.0,0.0,-0.22840893697872638,0.0,0.0
2003-09-04,4.249912,126219707.0,0.0,536422707.2,0.0,0.0,-0.22840893697872638,0.0,0.0
2003-09-05,4.25818,126219707.0,0.0,537466217.3,0.0,0.0,-0.2081488142213411,0.0,0.0
2003-09-08,4.292893,126219707.0,0.0,541847664.0,0.0,0.0,-0.20847828553684786,0.0,0.0
2003-09-09,4.264719,126219707.0,0.0,538291559.2,0.0,0.0,-0.20847828553684786,0.0,0.0
2003-09-10,4.253764,126219707.0,0.0,536908868.4,0.0,0.0,-0.20847828553684786,0.0,0.0
2003-09-11,4.243783,126219707.0,0.0,535649085.3,0.0,0.0,-0.18587573574177593,0.0,0.0
2003-09-12,4.239388,129219707.0,3000000.0,547812465.4,12718164.0,0.023216273457219508,4.064707863952789,2543632.8,635908.1999999998
2003-09-15,4.262307,129219707.0,0.0,550774006.3,0.0,0.0,-0.2080046595652693,2543632.8,635908.1999999998
2003-09-16,4.300302,129219707.0,0.0,555683760.5,0.0,0.0,-0.2080046595652693,2543632.8,635908.1999999998
2003-09-17,4.296997,129219707.0,0.0,555256714.6,0.0,0.0,-0.2080046595652693,2543632.8,635908.1999999998
2003-09-18,4.31852,129219707.0,0.0,558037840.3,0.0,0.0,-0.2080046595652693,2543632.8,635908.1999999998
2003-09-19,4.260928,129219707.0,0.0,550595865.2,0.0,0.0,-0.2080046595652693,0.0,635908.1999999998
2003-09-22,4.231671,129219707.0,0.0,546815326.6,0.0,0.0,-0.2080046595652693,0.0,635908.1999999998
2003-09-23,4.225266,129219707.0,0.0,545987578.4,0.0,0.0,-0.2080046595652693,0.0,635908.1999999998
2003-09-24,4.242212,129219707.0,0.0,548177360.9,0.0,0.0,-0.2080046595652693,0.0,635908.1999999998
2003-09-25,4.207979,129219707.0,0.0,543753819.5,0.0,0.0,-0.2080046595652693,0.0,635908.1999999998
2003-09-26,4.162868,129219707.0,0.0,537924580.1,0.0,0.0,-0.2080046595652693,0.0,635908.1999999998
2003-09-29,4.14836,129219707.0,0.0,536049911.7,0.0,0.0,-0.2080046595652693,0.0,635908.1999999998
2003-09-30,4.096858,129219707.0,0.0,529394766.5,0.0,0.0,-0.2080046595652693,0.0,635908.1999999998
2003-10-01,4.175268,129219707.0,0.0,539526947.7,0.0,0.0,-0.2080046595652693,0.0,635908.1999999998
2003-10-02,4.215027,129219707.0,0.0,544664576.0,0.0,0.0,-0.2080046595652693,0.0,635908.1999999998
2003-10-03,4.279927,129219707.0,0.0,553050894.5,0.0,0.0,-0.2080046595652693,0.0,635908.1999999998
2003-10-06,4.275981,129219707.0,0.0,552541043.5,0.0,0.0,-0.18856610442847507,0.0,635908.1999999998
2003-10-07,4.277773,129219707.0,0.0,552772578.4,0.0,0.0,-0.18856610442847507,0.0,635908.1999999998
2003-10-08,4.274523,129219707.0,0.0,552352665.6,0.0,0.0,-0.18856610442847507,0.0,635908.1999999998
2003-10-09,4.319735,129219707.0,0.0,558194893.1,0.0,0.0,-0.18856610442847507,0.0,635908.1999999998
2003-10-10,4.31683,129219707.0,0.0,557819523.8,0.0,0.0,-0.18856610442847507,0.0,0.0
2003-10-13,4.367967,129219707.0,0.0,564427465.8,0.0,0.0,-0.18856610442847507,0.0,0.0
2003-10-14,4.339713,129219707.0,0.0,560776439.6,0.0,0.0,-0.18856610442847507,0.0,0.0
2003-10-15,4.37598,129219707.0,0.0,565462822.1,0.0,0.0,-0.17214185426980042,0.0,0.0
2003-10-16,4.346791,129219707.0,0.0,561691105.6,0.0,0.0,-0.17214185426980042,0.0,0.0
2003-10-17,4.351038,129219707.0,0.0,562239814.6,0.0,0.0,-0.17214185426980042,0.0,0.0
2003-10-20,4.354485,129219707.0,0.0,562685330.4,0.0,0.0,-0.17214185426980042,0.0,0.0
2003-10-21,4.359191,129219707.0,0.0,563293380.1,0.0,0.0,-0.17214185426980042,0.0,0.0
2003-10-22,4.292478,129219707.0,0.0,554672724.0,0.0,0.0,-0.17214185426980042,0.0,0.0
2003-10-23,4.247027,129219707.0,0.0,548799537.8,0.0,0.0,-0.17214185426980042,0.0,0.0
2003-10-24,4.245766,129219707.0,0.0,548636675.9,0.0,0.0,-0.17214185426980042,0.0,0.0
2003-10-27,4.25793,129219707.0,0.0,550208429.2,0.0,0.0,-0.17214185426980042,0.0,0.0
2003-10-28,4.279483,129219707.0,0.0,552993486.2,0.0,0.0,-0.17214185426980042,0.0,0.0
2003-10-29,4.274429,129219707.0,0.0,552340457.8,0.0,0.0,-0.17214185426980042,0.0,0.0
2003-10-30,4.309636,129219707.0,0.0,556889955.2,0.0,0.0,-0.17214185426980042,0.0,0.0
2003-10-31,4.296257,129219707.0,0.0,555161048.4,0.0,0.0,-0.17214185426980042,0.0,0.0
2003-11-03,4.341078,129219707.0,0.0,560952784.9,0.0,0.0,-0.17214185426980042,0.0,0.0
2003-11-04,4.338711,129219707.0,0.0,560646959.5,0.0,0.0,-0.17214185426980042,0.0,0.0
2003-11-05,4.312658,129219707.0,0.0,557280416.6,0.0,0.0,-0.17214185426980042,0.0,0.0
2003-11-06,4.333374,129219707.0,0.0,559957382.9,0.0,0.0,-0.17214185426980042,0.0,0.0
2003-11-07,4.385999,129219707.0,0.0,566757506.9,0.0,0.0,-0.17214185426980042,0.0,0.0
2003-11-10,4.350743,129219707.0,0.0,562201788.7,0.0,0.0,-0.17214185426980042,0.0,0.0
2003-11-11,4.354021,131219707.0,2000000.0,571333337.9,8708042.0,0.015241613647135294,3.6138228967941086,1741608.4,435402.0999999998
2003-11-12,4.385078,131219707.0,0.0,575408609.7,0.0,0.0,-0.19409036136381233,1741608.4,435402.0999999998
2003-11-13,4.387107,131219707.0,0.0,575674868.5,0.0,0.0,-0.19409036136381233,1741608.4,435402.0999999998
2003-11-14,4.411,134219707.0,3000000.0,592043117.9,13232999.999999998,0.022351412591261874,4.795492833963523,4388208.4,1097052.0999999996
2003-11-17,4.352781,134219707.0,0.0,584228972.8,0.0,0.0,-0.215944761582785,4388208.4,1097052.0999999996
2003-11-18,4.368574,134219707.0,0.0,586348753.0,0.0,0.0,-0.215944761582785,2646599.9999999995,1097052.0999999996
2003-11-19,4.341642,134219707.0,0.0,582733968.1,0.0,0.0,-0.215944761582785,2646599.9999999995,1097052.0999999996
2003-11-20,4.322228,134219707.0,0.0,580128221.5,0.0,0.0,-0.215944761582785,2646599.9999999995,1097052.0999999996
2003-11-21,4.333215,134219707.0,0.0,581602858.1,0.0,0.0,-0.215944761582785,0.0,1097052.0999999996
2003-11-24,4.396238,134219707.0,0.0,590061799.4,0.0,0.0,-0.215944761582785,0.0,1097052.0999999996
2003-11-25,4.40276,134219707.0,0.0,590937194.0,0.0,0.0,-0.215944761582785,0.0,1097052.0999999996
2003-11-26,4.391468,134219707.0,0.0,589421587.5,0.0,0.0,-0.215944761582785,0.0,1097052.0999999996
2003-11-27,4.382123,134219707.0,0.0,588167238.6,0.0,0.0,-0.215944761582785,0.0,1097052.0999999996
2003-11-28,4.363584,134219707.0,0.0,585678982.5,0.0,0.0,-0.215944761582785,0.0,1097052.0999999996
2003-12-01,4.430835,134219707.0,0.0,594705312.5,0.0,0.0,-0.215944761582785,0.0,1097052.0999999996
2003-12-02,4.399891,134219707.0,0.0,590552106.4,0.0,0.0,-0.215944761582785,0.0,1097052.0999999996
2003-12-03,4.398776,135819707.0,1600000.0,597440410.6,7038041.6,0.011780323987344287,2.347026236203088,1407608.3199999998,1448954.1799999997
2003-12-04,4.384934,135819707.0,0.0,595560476.3,0.0,0.0,-0.2323812006185119,1407608.3199999998,1448954.1799999997
2003-12-05,4.373713,135819707.0,0.0,594036470.2,0.0,0.0,-0.2323812006185119,1407608.3199999998,1448954.1799999997
2003-12-08,4.366448,135819707.0,0.0,593049711.5,0.0,0.0,-0.2323812006185119,1407608.3199999998,1448954.1799999997
2003-12-09,4.386117,135819707.0,0.0,595721108.6,0.0,0.0,-0.2323812006185119,1407608.3199999998,1013552.0799999997
2003-12-10,4.341961,135819707.0,0.0,589723820.6,0.0,0.0,-0.2323812006185119,0.0,1013552.0799999997
2003-12-11,4.337802,135819707.0,0.0,589159049.5,0.0,0.0,-0.21290095661570219,0.0,1013552.0799999997
2003-12-12,4.354061,135819707.0,0.0,591367263.5,0.0,0.0,-0.21290095661570219,0.0,351902.0799999998
2003-12-15,4.354348,135819707.0,0.0,591406216.9,0.0,0.0,-0.21290095661570219,0.0,351902.0799999998
2003-12-16,4.339432,136819707.0,1000000.0,593719874.3,4339432.0,0.007308887891139272,1.571117558764932,867886.4,568873.6799999998
2003-12-17,4.361568,139819707.0,3000000.0,609833140.5,13084704.0,0.02145620355966863,4.546610529552866,3484827.2,1223108.8799999997
2003-12-18,4.404504,140219707.0,400000.0,617598315.2,1761801.6,0.0028526658131012984,0.386661207274658,3837187.5200000005,1311198.9599999997
2003-12-19,4.419288,140219707.0,0.0,619671336.3,0.0,0.0,-0.2501469337522913,3837187.5200000005,1311198.9599999997
2003-12-22,4.43084,140219707.0,0.0,621291070.7,0.0,0.0,-0.2501469337522913,3837187.5200000005,1311198.9599999997
2003-12-23,4.44765,140219707.0,0.0,623648212.4,0.0,0.0,-0.2501469337522913,2969301.12,1311198.9599999997
2003-12-24,4.452655,140219707.0,0.0,624349926.8,0.0,0.0,-0.2501469337522913,352360.32,1311198.9599999997
2003-12-29,4.46512,140219707.0,0.0,626097771.3,0.0,0.0,-0.2501469337522913,0.0,1311198.9599999997
2003-12-30,4.477941,140219707.0,0.0,627895643.3,0.0,0.0,-0.2501469337522913,0.0,1311198.9599999997
2003-12-31,4.484691,140219707.0,0.0,628842037.9,0.0,0.0,-0.2501469337522913,0.0,1311198.9599999997
2004-01-02,4.51789,140219707.0,0.0,633497187.1,0.0,0.0,-0.2501469337522913,0.0,1311198.9599999997
2004-01-05,4.52079,140219707.0,0.0,633903864.5,0.0,0.0,-0.2501469337522913,0.0,959296.8799999997
2004-01-06,4.512694,143419707.0,3200000.0,647209256.9,14440620.799999999,0.022312135752148573,4.306143550149033,2888124.1599999997,1681327.9199999995
2004-01-07,4.481148,143419707.0,0.0,642684973.4,0.0,0.0,-0.2678318872803073,2888124.1599999997,1681327.9199999995
2004-01-08,4.50229,143419707.0,0.0,645717160.8,0.0,0.0,-0.2678318872803073,2888124.1599999997,1681327.9199999995
2004-01-09,4.474331,143419707.0,0.0,641707227.8,0.0,0.0,-0.25790627150377105,2888124.1599999997,1681327.9199999995
2004-01-12,4.457486,143419707.0,0.0,639291313.8,0.0,0.0,-0.25790627150377105,2888124.1599999997,1681327.9199999995
2004-01-13,4.447956,143419707.0,0.0,637924475.8,0.0,0.0,-0.2400275272229197,0.0,1681327.9199999995
2004-01-14,4.469285,143419707.0,0.0,640983541.6,0.0,0.0,-0.2400275272229197,0.0,1681327.9199999995
2004-01-15,4.463925,143419707.0,0.0,640214792.5,0.0,0.0,-0.2400275272229197,0.0,1681327.9199999995
2004-01-16,4.49566,143419707.0,0.0,644766307.0,0.0,0.0,-0.2400275272229197,0.0,1464356.3199999996
2004-01-19,4.52579,144219707.0,800000.0,652708150.7,3620632.0,0.005547091753208591,1.008171219573561,724126.4,991152.7199999997
2004-01-20,4.506887,144219707.0,0.0,649981907.4,0.0,0.0,-0.24953082066479437,724126.4,903062.6399999997
2004-01-21,4.519723,144219707.0,0.0,651833103.1,0.0,0.0,-0.24953082066479437,724126.4,903062.6399999997
2004-01-22,4.485318,144219707.0,0.0,646871211.3,0.0,0.0,-0.24953082066479437,724126.4,903062.6399999997
2004-01-23,4.469279,144219707.0,0.0,644558171.1,0.0,0.0,-0.24953082066479437,724126.4,903062.6399999997
2004-01-26,4.453823,144219707.0,0.0,642329075.2,0.0,0.0,-0.24953082066479437,0.0,903062.6399999997
2004-01-27,4.455289,144219707.0,0.0,642540447.6,0.0,0.0,-0.24953082066479437,0.0,903062.6399999997
2004-01-28,4.476483,144219707.0,0.0,645597012.1,0.0,0.0,-0.24953082066479437,0.0,903062.6399999997
2004-01-29,4.419869,144219707.0,0.0,637432203.6,0.0,0.0,-0.24953082066479437,0.0,903062.6399999997
2004-01-30,4.398952,144219707.0,0.0,634415550.4,0.0,0.0,-0.24953082066479437,0.0,903062.6399999997
2004-02-02,4.389485,144219707.0,0.0,633050243.8,0.0,0.0,-0.24953082066479437,0.0,903062.6399999997
2004-02-03,4.398647,144219707.0,0.0,634371627.3,0.0,0.0,-0.24953082066479437,0.0,181031.5999999998
2004-02-04,4.406488,144219707.0,0.0,635502398.6,0.0,0.0,-0.24953082066479437,0.0,181031.5999999998
2004-02-05,4.392317,144219707.0,0.0,633458620.9,0.0,0.0,-0.24953082066479437,0.0,181031.5999999998
2004-02-06,4.410635,144219707.0,0.0,636100466.1,0.0,0.0,-0.24953082066479437,0.0,181031.5999999998
2004-02-09,4.442172,144219707.0,0.0,640648792.3,0.0,0.0,-0.24953082066479437,0.0,181031.5999999998
2004-02-10,4.412662,144219707.0,0.0,636392760.8,0.0,0.0,-0.24953082066479437,0.0,181031.5999999998
2004-02-11,4.404127,144219707.0,0.0,635161878.9,0.0,0.0,-0.24953082066479437,0.0,181031.5999999998
2004-02-12,4.385785,144219707.0,0.0,632516627.1,0.0,0.0,-0.24953082066479437,0.0,181031.5999999998
2004-02-13,4.419997,144219707.0,0.0,637450639.8,0.0,0.0,-0.24953082066479437,0.0,181031.5999999998
2004-02-16,4.41596,144219707.0,0.0,636868401.0,0.0,0.0,-0.24953082066479437,0.0,0.0
2004-02-17,4.469282,144219707.0,0.0,644558488.0,0.0,0.0,-0.24953082066479437,0.0,0.0
2004-02-18,4.459937,144219707.0,0.0,643210764.4,0.0,0.0,-0.24953082066479437,0.0,0.0
2004-02-19,4.532546,144219707.0,0.0,653682492.5,0.0,0.0,-0.24953082066479437,0.0,0.0
2004-02-20,4.532016,144219707.0,0.0,653605961.8,0.0,0.0,-0.24953082066479437,0.0,0.0
2004-02-23,4.541145,144219707.0,0.0,654922634.7,0.0,0.0,-0.24953082066479437,0.0,0.0
2004-02-24,4.513535,144219707.0,0.0,650940645.0,0.0,0.0,-0.24953082066479437,0.0,0.0
2004-02-25,4.5201,144219707.0,0.0,651887493.8,0.0,0.0,-0.24953082066479437,0.0,0.0
2004-02-26,4.528321,144219707.0,0.0,653073080.9,0.0,0.0,-0.24953082066479437,0.0,0.0
2004-02-27,4.504632,144219707.0,0.0,649656705.0,0.0,0.0,-0.24953082066479437,0.0,0.0
2004-03-01,4.549461,144219707.0,0.0,656121976.6,0.0,0.0,-0.24953082066479437,0.0,0.0
2004-03-02,4.552556,144219707.0,0.0,656568285.3,0.0,0.0,-0.24953082066479437,0.0,0.0
2004-03-03,4.542092,144219707.0,0.0,655059222.4,0.0,0.0,-0.23178905729650254,0.0,0.0
2004-03-04,4.576034,144219707.0,0.0,659954251.1,0.0,0.0,-0.2317890572965025,0.0,0.0
2004-03-05,4.563985,144219707.0,0.0,658216630.6,0.0,0.0,-0.2317890572965025,0.0,0.0
2004-03-08,4.570513,144219707.0,0.0,659157980.0,0.0,0.0,-0.2317890572965025,0.0,0.0
2004-03-09,4.558758,144219707.0,0.0,657462792.2,0.0,0.0,-0.2317890572965025,0.0,0.0
2004-03-10,4.572118,144219707.0,0.0,659389476.7,0.0,0.0,-0.2317890572965025,0.0,0.0
2004-03-11,4.471678,144219707.0,0.0,644904146.4,0.0,0.0,-0.2317890572965025,0.0,0.0
2004-03-12,4.493808,144219707.0,0.0,648095683.7,0.0,0.0,-0.2317890572965025,0.0,0.0
2004-03-15,4.439044,144219707.0,0.0,640197554.5,0.0,0.0,-0.2317890572965025,0.0,0.0
2004-03-16,4.454871,144219707.0,0.0,642480165.3,0.0,0.0,-0.2317890572965025,0.0,0.0
2004-03-17,4.497325,144219707.0,0.0,648602949.5,0.0,0.0,-0.2317890572965025,0.0,0.0
2004-03-18,4.437923,144219707.0,0.0,640035923.9,0.0,0.0,-0.2317890572965025,0.0,0.0
2004-03-19,4.457639,144219707.0,0.0,642879433.1,0.0,0.0,-0.2317890572965025,0.0,0.0
2004-03-22,4.372684,144219707.0,0.0,630627168.1,0.0,0.0,-0.2317890572965025,0.0,0.0
2004-03-23,4.357325,144219707.0,0.0,628412065.3,0.0,0.0,-0.2317890572965025,0.0,0.0
2004-03-24,4.350132,144219707.0,0.0,627374765.0,0.0,0.0,-0.2317890572965025,0.0,0.0
2004-03-25,4.414981,144219707.0,0.0,636727259.8,0.0,0.0,-0.2317890572965025,0.0,0.0
2004-03-26,4.398799,144219707.0,0.0,634393517.8,0.0,0.0,-0.2317890572965025,0.0,0.0
2004-03-29,4.448424,144219707.0,0.0,641550352.5,0.0,0.0,-0.2317890572965025,0.0,0.0
2004-03-30,4.454322,144219707.0,0.0,642400952.9,0.0,0.0,-0.2317890572965025,0.0,0.0
2004-03-31,4.433659,144219707.0,0.0,639420946.6,0.0,0.0,-0.2317890572965025,0.0,0.0
2004-04-01,4.458812,144219707.0,0.0,643048558.4,0.0,0.0,-0.2317890572965025,0.0,0.0
2004-04-02,4.514316,144219707.0,0.0,651053297.5,0.0,0.0,-0.2317890572965025,0.0,0.0
2004-04-05,4.529463,144219707.0,0.0,653237818.2,0.0,0.0,-0.2317890572965025,0.0,0.0
2004-04-06,4.521446,144219707.0,0.0,652081609.4,0.0,0.0,-0.2317890572965025,0.0,0.0
2004-04-07,4.517609,144219707.0,0.0,651528205.1,0.0,0.0,-0.2317890572965025,0.0,0.0
2004-04-08,4.53864,144219707.0,0.0,654561395.0,0.0,0.0,-0.2317890572965025,0.0,0.0
2004-04-13,4.564953,144219707.0,0.0,658356209.0,0.0,0.0,-0.2317890572965025,0.0,0.0
2004-04-14,4.536164,144219707.0,0.0,654204237.8,0.0,0.0,-0.2317890572965025,0.0,0.0
2004-04-15,4.556425,144219707.0,0.0,657126319.0,0.0,0.0,-0.2317890572965025,0.0,0.0
2004-04-16,4.588435,144219707.0,0.0,661742816.4,0.0,0.0,-0.2317890572965025,0.0,0.0
2004-04-19,4.59725,144219707.0,0.0,663014104.4,0.0,0.0,-0.2317890572965025,0.0,0.0
2004-04-20,4.620274,144219707.0,0.0,666334554.3,0.0,0.0,-0.2317890572965025,0.0,0.0
2004-04-21,4.593137,144219707.0,0.0,662420811.6,0.0,0.0,-0.2317890572965025,0.0,0.0
2004-04-22,4.625323,144219707.0,0.0,667062768.0,0.0,0.0,-0.2317890572965025,0.0,0.0
2004-04-23,4.62333,144219707.0,0.0,666775334.7,0.0,0.0,-0.2317890572965025,0.0,0.0
2004-04-26,4.625159,144219707.0,0.0,667039067.1,0.0,0.0,-0.2317890572965025,0.0,0.0
2004-04-27,4.628985,144219707.0,0.0,667590823.9,0.0,0.0,-0.2317890572965025,0.0,0.0
2004-04-28,4.581413,144219707.0,0.0,660730039.9,0.0,0.0,-0.2317890572965025,0.0,0.0
2004-04-29,4.576415,144219707.0,0.0,660009246.6,0.0,0.0,-0.2317890572965025,0.0,0.0
2004-04-30,4.545983,144219707.0,0.0,655620382.6,0.0,0.0,-0.2317890572965025,0.0,0.0
2004-05-04,4.604026,144219707.0,0.0,663991212.6,0.0,0.0,-0.2317890572965025,0.0,0.0
2004-05-05,4.627235,144219707.0,0.0,667338508.1,0.0,0.0,-0.21169251414940474,0.0,0.0
2004-05-06,4.573112,144219707.0,0.0,659532902.2,0.0,0.0,-0.21169251414940474,0.0,0.0
2004-05-07,4.555094,144219707.0,0.0,656934317.4,0.0,0.0,-0.21169251414940474,0.0,0.0
2004-05-10,4.450457,144219707.0,0.0,641843575.9,0.0,0.0,-0.1912676835961423,0.0,0.0
2004-05-11,4.510687,144219707.0,0.0,650529956.6,0.0,0.0,-0.1912676835961423,0.0,0.0
2004-05-12,4.474635,144219707.0,0.0,645330497.5,0.0,0.0,-0.1912676835961423,0.0,0.0
2004-05-13,4.515977,144219707.0,0.0,651292856.8,0.0,0.0,-0.1912676835961423,0.0,0.0
2004-05-14,4.503634,144219707.0,0.0,649512770.1,0.0,0.0,-0.1912676835961423,0.0,0.0
2004-05-17,4.464332,144219707.0,0.0,643844705.5,0.0,0.0,-0.1912676835961423,0.0,0.0
2004-05-18,4.475684,144219707.0,0.0,645481790.0,0.0,0.0,-0.1912676835961423,0.0,0.0
2004-05-19,4.538541,144219707.0,0.0,654547003.9,0.0,0.0,-0.1912676835961423,0.0,0.0
2004-05-20,4.494941,144219707.0,0.0,648259013.5,0.0,0.0,-0.1912676835961423,0.0,0.0
2004-05-21,4.497594,144219707.0,0.0,648641623.0,0.0,0.0,-0.1912676835961423,0.0,0.0
2004-05-24,4.494928,144219707.0,0.0,648257162.9,0.0,0.0,-0.1912676835961423,0.0,0.0
2004-05-25,4.483842,144219707.0,0.0,646658376.7,0.0,0.0,-0.1912676835961423,0.0,0.0
2004-05-26,4.505135,144219707.0,0.0,649729311.8,0.0,0.0,-0.1912676835961423,0.0,0.0
2004-05-27,4.520656,144219707.0,0.0,651967648.1,0.0,0.0,-0.16920680576050592,0.0,0.0
2004-05-28,4.497159,144219707.0,0.0,648578980.6,0.0,0.0,-0.16920680576050592,0.0,0.0
2004-06-01,4.488967,144219707.0,0.0,647397466.7,0.0,0.0,-0.16920680576050592,0.0,0.0
2004-06-02,4.427027,144219707.0,0.0,638464609.78,0.0,0.0,-0.16920680576050592,0.0,0.0
2004-06-03,4.439637,144219707.0,0.0,640283076.5,0.0,0.0,-0.16920680576050592,0.0,0.0
2004-06-04,4.458654,144219707.0,0.0,643025786.2,0.0,0.0,-0.16920680576050592,0.0,0.0
2004-06-07,4.495701,144219707.0,0.0,648368677.0,0.0,0.0,-0.16920680576050592,0.0,0.0
2004-06-08,4.508893,144219707.0,0.0,650271264.2,0.0,0.0,-0.16920680576050592,0.0,0.0
2004-06-09,4.494956,144219707.0,0.0,648261294.1,0.0,0.0,-0.16920680576050592,0.0,0.0
2004-06-10,4.49156,144219707.0,0.0,647771409.5,0.0,0.0,-0.15192247681683863,0.0,0.0
2004-06-11,4.489388,144219707.0,0.0,647458215.6,0.0,0.0,-0.12140047655505162,0.0,0.0
2004-06-14,4.438442,144219707.0,0.0,640110850.5,0.0,0.0,-0.11083327931843859,0.0,0.0
2004-06-15,4.463809,144219707.0,0.0,643769182.6,0.0,0.0,-0.11083327931843859,0.0,0.0
2004-06-16,4.496963,144219707.0,0.0,648550691.5,0.0,0.0,-0.11083327931843859,0.0,0.0
2004-06-17,4.499058,144219707.0,0.0,648852826.4,0.0,0.0,-0.11083327931843859,0.0,0.0
2004-06-18,4.51147,144219707.0,0.0,650642950.3,0.0,0.0,-0.11083327931843859,0.0,0.0
2004-06-21,4.50771,144219707.0,0.0,650100614.1,0.0,0.0,-0.11083327931843859,0.0,0.0
2004-06-22,4.473978,144219707.0,0.0,645235838.7,0.0,0.0,-0.11083327931843859,0.0,0.0
2004-06-23,4.492917,144219707.0,0.0,647967196.6,0.0,0.0,-0.11083327931843859,0.0,0.0
2004-06-24,4.509361,144219707.0,0.0,650338694.1,0.0,0.0,-0.11083327931843859,0.0,0.0
2004-06-25,4.500137,144219707.0,0.0,649008437.9,0.0,0.0,-0.11083327931843859,0.0,0.0
2004-06-28,4.524631,144219707.0,0.0,652540890.4,0.0,0.0,-0.09128691264278495,0.0,0.0
2004-06-29,4.518313,144219707.0,0.0,651629794.5,0.0,0.0,-0.09128691264278495,0.0,0.0
2004-06-30,4.471698,144219707.0,0.0,644906984.9,0.0,0.0,-0.09128691264278495,0.0,0.0
2004-07-01,4.432272,144219707.0,0.0,639220988.3,0.0,0.0,-0.09128691264278495,0.0,0.0
2004-07-02,4.414831,144219707.0,0.0,636705653.7,0.0,0.0,-0.09128691264278495,0.0,0.0
2004-07-05,4.410542,144219707.0,0.0,636087022.2,0.0,0.0,-0.09128691264278495,0.0,0.0
2004-07-06,4.377894,144219707.0,0.0,631378560.8,0.0,0.0,-0.09128691264278495,0.0,0.0
2004-07-07,4.367181,144219707.0,0.0,629833552.9,0.0,0.0,-0.09128691264278495,0.0,0.0
2004-07-08,4.389917,144219707.0,0.0,633112511.4,0.0,0.0,-0.09128691264278495,0.0,0.0
2004-07-09,4.40184,145619707.0,1400000.0,640994627.4,6162576.0,0.009614083701444766,10.863151679507304,1232515.2,308128.7999999998
2004-07-12,4.368526,144219707.0,-1400000.0,630027486.8,-6115936.4,-0.009707412022709866,-7.750167234026603,9327.919999999925,2331.979999999795
2004-07-13,4.366224,144219707.0,0.0,629695606.8,0.0,0.0,0.000620975712857384,9327.919999999925,2331.979999999795
2004-07-14,4.381311,144219707.0,0.0,631871332.3,0.0,0.0,0.000620975712857384,9327.919999999925,2331.979999999795
2004-07-15,4.349378,144219707.0,0.0,627266015.0,0.0,0.0,0.000620975712857384,9327.919999999925,2331.979999999795
2004-07-16,4.347854,144219707.0,0.0,627046272.5,0.0,0.0,0.000620975712857384,-1223187.28,2331.979999999795
2004-07-19,4.329523,146419707.0,2200000.0,633927498.6,9524950.6,0.015025299613970712,8.022195725536605,1904990.1199999999,478579.5099999998
2004-07-20,4.347789,146419707.0,0.0,636602052.4,0.0,0.0,-0.06699118029952934,1904990.1199999999,478579.5099999998
2004-07-21,4.386391,146419707.0,0.0,642254056.2,0.0,0.0,-0.06699118029952934,1904990.1199999999,478579.5099999998
2004-07-22,4.315172,146419707.0,0.0,631826265.1,0.0,0.0,-0.06699118029952934,1904990.1199999999,478579.5099999998
2004-07-23,4.335241,146419707.0,0.0,634764759.5,0.0,0.0,-0.06699118029952934,1904990.1199999999,478579.5099999998
2004-07-26,4.29572,146419707.0,0.0,628978084.9,0.0,0.0,-0.06699118029952934,0.0,478579.5099999998
2004-07-27,4.333557,146419707.0,0.0,634518203.3,0.0,0.0,-0.06699118029952934,0.0,478579.5099999998
2004-07-28,4.365092,146419707.0,0.0,639135426.5,0.0,0.0,-0.06699118029952934,0.0,478579.5099999998
2004-07-29,4.427629,146419707.0,0.0,648292109.8,0.0,0.0,-0.06699118029952934,0.0,478579.5099999998
2004-07-30,4.421986,146419707.0,0.0,647465888.9,0.0,0.0,-0.06699118029952934,0.0,478579.5099999998
2004-08-02,4.42446,146419707.0,0.0,647828103.1,0.0,0.0,-0.06699118029952934,0.0,478579.5099999998
2004-08-03,4.4384,146419707.0,0.0,649869181.3,0.0,0.0,-0.06699118029952934,0.0,478579.5099999998
2004-08-04,4.422408,146419707.0,0.0,647527688.3,0.0,0.0,-0.06699118029952934,0.0,478579.5099999998
2004-08-05,4.427657,146419707.0,0.0,648296197.6,0.0,0.0,-0.06699118029952934,0.0,478579.5099999998
2004-08-06,4.3519,146419707.0,0.0,637203902.9,0.0,0.0,-0.06699118029952934,0.0,170450.7099999998
2004-08-09,4.328163,146419707.0,0.0,633728310.7,0.0,0.0,-0.06699118029952934,0.0,476247.5299999998
2004-08-10,4.364712,146419707.0,0.0,639079854.0,0.0,0.0,-0.06699118029952934,0.0,476247.5299999998
2004-08-11,4.342042,146419707.0,0.0,635760564.8,0.0,0.0,-0.06699118029952934,0.0,476247.5299999998
2004-08-12,4.358009,156419707.0,10000000.0,681678485.5,43580090.0,0.0639305639344547,10.349658291326486,8716018.0,2655252.03
2004-08-13,4.331242,156419707.0,0.0,677491640.9,0.0,0.0,-0.10749654137986349,8716018.0,2655252.03
2004-08-16,4.37998,156419707.0,0.0,685115251.6,0.0,0.0,-0.10749654137986349,8716018.0,2179004.4999999995
2004-08-17,4.388527,156419707.0,0.0,686452063.7,0.0,0.0,-0.10749654137986349,8716018.0,2179004.4999999995
2004-08-18,4.393029,156419707.0,0.0,687156385.2,0.0,0.0,-0.10749654137986349,8716018.0,2179004.4999999995
2004-08-19,4.400379,156419707.0,0.0,688306032.4,0.0,0.0,-0.10749654137986349,0.0,2179004.4999999995
2004-08-20,4.40699,159419707.0,3000000.0,702561125.5,13220970.000000002,0.018818248719057545,2.8424969747763456,2644194.0000000005,2840052.9999999995
2004-08-23,4.443242,159419707.0,0.0,708340295.7,0.0,0.0,-0.12851477353216614,2644194.0000000005,2840052.9999999995
2004-08-24,4.445399,159419707.0,0.0,708684254.8,0.0,0.0,-0.12851477353216614,2644194.0000000005,2840052.9999999995
2004-08-25,4.451576,159419707.0,0.0,709668994.8,0.0,0.0,-0.12851477353216614,2644194.0000000005,2840052.9999999995
2004-08-26,4.494218,159419707.0,0.0,716466989.2,0.0,0.0,-0.12851477353216614,2644194.0000000005,2840052.9999999995
2004-08-27,4.530694,159419707.0,0.0,722281919.9,0.0,0.0,-0.12851477353216614,0.0,2840052.9999999995
2004-08-31,4.499558,159419707.0,0.0,717318148.5,0.0,0.0,-0.12851477353216614,0.0,2840052.9999999995
2004-09-01,4.502646,159419707.0,0.0,717810457.9,0.0,0.0,-0.12851477353216614,0.0,2840052.9999999995
2004-09-02,4.519392,159419707.0,0.0,720480200.3,0.0,0.0,-0.12851477353216614,0.0,2840052.9999999995
2004-09-03,4.551742,159419707.0,0.0,725637316.2,0.0,0.0,-0.12851477353216614,0.0,2840052.9999999995
2004-09-06,4.564557,159419707.0,0.0,727680345.6,0.0,0.0,-0.12851477353216614,0.0,2840052.9999999995
2004-09-07,4.566375,159419707.0,0.0,727970181.1,0.0,0.0,-0.12851477353216614,0.0,2840052.9999999995
2004-09-08,4.560088,159419707.0,0.0,726967952.6,0.0,0.0,-0.12851477353216614,0.0,2840052.9999999995
2004-09-09,4.539665,159419707.0,0.0,723712083.2,0.0,0.0,-0.12851477353216614,0.0,2840052.9999999995
2004-09-10,4.5466,159419707.0,0.0,724817576.5,0.0,0.0,-0.12851477353216614,0.0,661048.4999999998
2004-09-13,4.559861,159419707.0,0.0,726931768.4,0.0,0.0,-0.12851477353216614,0.0,661048.4999999998
2004-09-14,4.546962,159419707.0,0.0,724875300.6,0.0,0.0,-0.12851477353216614,0.0,661048.4999999998
2004-09-15,4.552535,159419707.0,0.0,725763814.7,0.0,0.0,-0.12851477353216614,0.0,661048.4999999998
2004-09-16,4.560473,159419707.0,0.0,727029274.3,0.0,0.0,-0.12851477353216614,0.0,661048.4999999998
2004-09-17,4.594852,159419707.0,0.0,732509987.9,0.0,0.0,-0.12851477353216614,0.0,661048.4999999998
2004-09-20,4.583254,159419707.0,0.0,730661080.0,0.0,0.0,-0.12851477353216614,0.0,0.0
2004-09-21,4.612142,159419707.0,0.0,735266388.1,0.0,0.0,-0.12851477353216614,0.0,0.0
2004-09-22,4.596867,159419707.0,0.0,732831116.1,0.0,0.0,-0.12851477353216614,0.0,0.0
2004-09-23,4.572834,159419707.0,0.0,728999830.8,0.0,0.0,-0.12851477353216614,0.0,0.0
2004-09-24,4.58258,159419707.0,0.0,730553578.4,0.0,0.0,-0.12851477353216614,0.0,0.0
2004-09-27,4.545499,159419707.0,0.0,724642084.9,0.0,0.0,-0.12851477353216614,0.0,0.0
2004-09-28,4.571535,159419707.0,0.0,728792841.7,0.0,0.0,-0.12851477353216614,0.0,0.0
2004-09-29,4.593278,159419707.0,0.0,732259011.2,0.0,0.0,-0.12851477353216614,0.0,0.0
2004-09-30,4.575941,159419707.0,0.0,729495153.3,0.0,0.0,-0.12851477353216614,0.0,0.0
2004-10-01,4.664825,159419707.0,0.0,743665017.8,0.0,0.0,-0.12851477353216614,0.0,0.0
2004-10-04,4.686746,159419707.0,0.0,747159710.1,0.0,0.0,-0.12851477353216614,0.0,0.0
2004-10-05,4.712067,159419707.0,0.0,751196348.0,0.0,0.0,-0.12851477353216614,0.0,0.0
2004-10-06,4.71164,159419707.0,0.0,751128232.4,0.0,0.0,-0.12851477353216614,0.0,0.0
2004-10-07,4.703881,159419707.0,0.0,749891347.4,0.0,0.0,-0.12851477353216614,0.0,0.0
2004-10-08,4.704074,159419707.0,0.0,749922132.3,0.0,0.0,-0.12851477353216614,0.0,0.0
2004-10-11,4.690537,159419707.0,0.0,747764046.9,0.0,0.0,-0.12851477353216614,0.0,0.0
2004-10-12,4.6529,159419707.0,0.0,741763932.0,0.0,0.0,-0.12851477353216614,0.0,0.0
2004-10-13,4.64029,159419707.0,0.0,739753668.6,0.0,0.0,-0.12851477353216614,0.0,0.0
2004-10-14,4.634839,159419707.0,0.0,738884618.1,0.0,0.0,-0.12851477353216614,0.0,0.0
2004-10-15,4.628155,159419707.0,0.0,737819178.1,0.0,0.0,-0.12851477353216614,0.0,0.0
2004-10-18,4.631797,159419707.0,0.0,738399681.3,0.0,0.0,-0.12851477353216614,0.0,0.0
2004-10-19,4.660423,159419707.0,0.0,742963256.5,0.0,0.0,-0.12851477353216614,0.0,0.0
2004-10-20,4.623324,159419707.0,0.0,737049037.1,0.0,0.0,-0.12851477353216614,0.0,0.0
2004-10-21,4.624233,159419707.0,0.0,737193833.8,0.0,0.0,-0.12851477353216614,0.0,0.0
2004-10-22,4.622288,159419707.0,0.0,736883860.2,0.0,0.0,-0.12851477353216614,0.0,0.0
2004-10-25,4.571219,159419707.0,0.0,728742446.5,0.0,0.0,-0.12851477353216614,0.0,0.0
2004-10-26,4.590019,159419707.0,0.0,731739455.4,0.0,0.0,-0.12851477353216614,0.0,0.0
2004-10-27,4.636881,159419707.0,0.0,739210137.3,0.0,0.0,-0.12851477353216614,0.0,0.0
2004-10-28,4.64959,159419707.0,0.0,741236259.3,0.0,0.0,-0.12851477353216614,0.0,0.0
2004-10-29,4.630886,159419707.0,0.0,738254562.8,0.0,0.0,-0.12851477353216614,0.0,0.0
2004-11-01,4.680641,159419707.0,0.0,746186464.3,0.0,0.0,-0.12851477353216614,0.0,0.0
2004-11-02,4.699996,159419707.0,0.0,749271940.6,0.0,0.0,-0.12851477353216614,0.0,0.0
2004-11-03,4.728884,159419707.0,0.0,753877326.7,0.0,0.0,-0.12851477353216614,0.0,0.0
2004-11-04,4.738624,159419707.0,0.0,755430048.7,0.0,0.0,-0.12851477353216614,0.0,0.0
2004-11-05,4.750156,159419707.0,0.0,757268493.0,0.0,0.0,-0.12851477353216614,0.0,0.0
2004-11-08,4.726762,159419707.0,0.0,753538970.3,0.0,0.0,-0.12851477353216614,0.0,0.0
2004-11-09,4.72783,159419707.0,0.0,753709210.7,0.0,0.0,-0.12851477353216614,0.0,0.0
2004-11-10,4.748947,159419707.0,0.0,757075811.8,0.0,0.0,-0.12851477353216614,0.0,0.0
2004-11-11,4.791247,159419707.0,0.0,763819115.0,0.0,0.0,-0.12851477353216614,0.0,0.0
2004-11-12,4.808393,159419707.0,0.0,766552645.2,0.0,0.0,-0.12851477353216614,0.0,0.0
2004-11-15,4.81721,159419707.0,0.0,767958173.0,0.0,0.0,-0.12851477353216614,0.0,0.0
2004-11-16,4.784337,159419707.0,0.0,762717569.3,0.0,0.0,-0.12851477353216614,0.0,0.0
2004-11-17,4.810832,159419707.0,0.0,766941453.0,0.0,0.0,-0.12851477353216614,0.0,0.0
2004-11-18,4.820223,159419707.0,0.0,768438550.6,0.0,0.0,-0.12851477353216614,0.0,0.0
2004-11-19,4.775611,159419707.0,0.0,761326438.3,0.0,0.0,-0.12851477353216614,0.0,0.0
2004-11-22,4.747627,159419707.0,0.0,756865356.3,0.0,0.0,-0.12851477353216614,0.0,0.0
2004-11-23,4.756883,159419707.0,0.0,758340901.2,0.0,0.0,-0.12851477353216614,0.0,0.0
2004-11-24,4.742587,159419707.0,0.0,756061828.3,0.0,0.0,-0.12851477353216614,0.0,0.0
2004-11-25,4.776598,159419707.0,0.0,761483782.5,0.0,0.0,-0.12851477353216614,0.0,0.0
2004-11-26,4.764601,159419707.0,0.0,759571303.6,0.0,0.0,-0.12851477353216614,0.0,0.0
2004-11-29,4.77278,159419707.0,0.0,760875186.9,0.0,0.0,-0.12851477353216614,0.0,0.0
2004-11-30,4.725801,159419707.0,0.0,753385866.7,0.0,0.0,-0.12851477353216614,0.0,0.0
2004-12-01,4.744288,159419707.0,0.0,756332981.1,0.0,0.0,-0.12851477353216614,0.0,0.0
2004-12-02,4.759749,159419707.0,0.0,758797719.2,0.0,0.0,-0.12851477353216614,0.0,0.0
2004-12-03,4.756371,159419707.0,0.0,758259252.1,0.0,0.0,-0.12851477353216614,0.0,0.0
2004-12-06,4.731097,159419707.0,0.0,754230157.9,0.0,0.0,-0.12851477353216614,0.0,0.0
2004-12-07,4.736968,159419707.0,0.0,755166053.6,0.0,0.0,-0.12851477353216614,0.0,0.0
2004-12-08,4.712534,159419707.0,0.0,751270763.2,0.0,0.0,-0.12851477353216614,0.0,0.0
2004-12-09,4.696988,159419707.0,0.0,748792494.0,0.0,0.0,-0.12851477353216614,0.0,0.0
2004-12-10,4.702485,159419707.0,0.0,749668802.5,0.0,0.0,-0.12851477353216614,0.0,0.0
2004-12-13,4.745174,159419707.0,0.0,756474213.1,0.0,0.0,-0.12851477353216614,0.0,0.0
2004-12-14,4.731067,159419707.0,0.0,754225240.3,0.0,0.0,-0.12851477353216614,0.0,0.0
2004-12-15,4.736617,159419707.0,0.0,755110108.7,0.0,0.0,-0.12851477353216614,0.0,0.0
2004-12-16,4.743706,159419707.0,0.0,756240246.3,0.0,0.0,-0.12851477353216614,0.0,0.0
2004-12-17,4.705039,159419707.0,0.0,750075914.7,0.0,0.0,-0.12851477353216614,0.0,0.0
2004-12-20,4.739201,159419707.0,0.0,755522034.6,0.0,0.0,-0.12851477353216614,0.0,0.0
2004-12-21,4.741114,159419707.0,0.0,755827044.0,0.0,0.0,-0.12851477353216614,0.0,0.0
2004-12-22,4.785951,159419707.0,0.0,762974963.8,0.0,0.0,-0.12851477353216614,0.0,0.0
2004-12-23,4.796211,159419707.0,0.0,764610581.8,0.0,0.0,-0.12851477353216614,0.0,0.0
2004-12-24,4.806559,159419707.0,0.0,766260252.2,0.0,0.0,-0.12851477353216614,0.0,0.0
2004-12-29,4.829538,159419707.0,0.0,769923575.4,0.0,0.0,-0.11681855665842446,0.0,0.0
2004-12-30,4.829771,159419707.0,0.0,769960653.5,0.0,0.0,-0.13123076521636148,0.0,0.0
2004-12-31,4.823855,159419707.0,0.0,769017524.7,0.0,0.0,-0.13123076521636148,0.0,0.0
2005-01-04,4.856436,159419707.0,0.0,774211526.9,0.0,0.0,-0.13123076521636148,0.0,0.0
2005-01-05,4.816741,159419707.0,0.0,767883447.1,0.0,0.0,-0.13123076521636148,0.0,0.0
2005-01-06,4.834908,159419707.0,0.0,770779637.1,0.0,0.0,-0.13123076521636148,0.0,0.0
2005-01-07,4.864736,159419707.0,0.0,775534843.1,0.0,0.0,-0.11360819016697768,0.0,0.0
2005-01-10,4.851161,159419707.0,0.0,773370678.1,0.0,0.0,-0.11360819016697768,0.0,0.0
2005-01-11,4.829093,159419707.0,0.0,769852663.5,0.0,0.0,-0.11360819016697768,0.0,0.0
2005-01-12,4.793817,159419707.0,0.0,764228944.9,0.0,0.0,-0.11360819016697768,0.0,0.0
2005-01-13,4.810524,159419707.0,0.0,766892387.0,0.0,0.0,-0.11360819016697768,0.0,0.0
2005-01-14,4.830993,159419707.0,0.0,770155432.1,0.0,0.0,-0.11360819016697768,0.0,0.0
2005-01-17,4.856733,159419707.0,0.0,774258923.9,0.0,0.0,-0.11360819016697768,0.0,0.0
2005-01-18,4.833905,159419707.0,0.0,770619644.3,0.0,0.0,-0.11360819016697768,0.0,0.0
2005-01-19,4.829427,159419707.0,0.0,769905784.6,0.0,0.0,-0.11360819016697768,0.0,0.0
2005-01-20,4.811807,159419707.0,0.0,767096804.0,0.0,0.0,-0.11360819016697768,0.0,0.0
2005-01-21,4.814181,159419707.0,0.0,767475278.2,0.0,0.0,-0.11360819016697768,0.0,0.0
2005-01-24,4.822839,159419707.0,0.0,768855541.7,0.0,0.0,-0.11360819016697768,0.0,0.0
2005-01-25,4.853985,159419707.0,0.0,773820859.1,0.0,0.0,-0.11360819016697768,0.0,0.0
2005-01-26,4.857973,159419707.0,0.0,774456558.4,0.0,0.0,-0.11360819016697768,0.0,0.0
2005-01-27,4.864208,159419707.0,0.0,775450618.6,0.0,0.0,-0.11360819016697768,0.0,0.0
2005-01-28,4.843599,159419707.0,0.0,772165142.9,0.0,0.0,-0.11360819016697768,0.0,0.0
2005-01-31,4.862916,159419707.0,0.0,775244575.3,0.0,0.0,-0.11360819016697768,0.0,0.0
2005-02-01,4.916835,159419707.0,0.0,783840366.8,0.0,0.0,-0.11360819016697768,0.0,0.0
2005-02-02,4.926877,159419707.0,0.0,785441351.8,0.0,0.0,-0.09128703977761152,0.0,0.0
2005-02-03,4.918819,159419707.0,0.0,784156613.8,0.0,0.0,-0.09128703977761152,0.0,0.0
2005-02-04,4.952124,159419707.0,0.0,789466189.5,0.0,0.0,-0.09128703977761152,0.0,0.0
2005-02-07,4.990366,159419707.0,0.0,795562675.3,0.0,0.0,-0.09128703977761152,0.0,0.0
2005-02-08,5.005961,159419707.0,0.0,798048900.5,0.0,0.0,-0.09128703977761152,0.0,0.0
2005-02-09,5.007643,159419707.0,0.0,798316967.0,0.0,0.0,-0.09128703977761152,0.0,0.0
2005-02-10,5.017292,159419707.0,0.0,799855143.3,0.0,0.0,0.0,0.0,0.0
2005-02-11,5.061491,159419707.0,0.0,806901361.5,0.0,0.0,0.0,0.0,0.0
2005-02-14,5.058893,159419707.0,0.0,806487281.8,0.0,0.0,0.0,0.0,0.0
2005-02-15,5.075988,159419707.0,0.0,809212594.0,0.0,0.0,0.0,0.0,0.0
2005-02-16,5.078249,159419707.0,0.0,809573044.1,0.0,0.0,0.0,0.0,0.0
2005-02-17,5.082425,159419707.0,0.0,810238635.3,0.0,0.0,0.0,0.0,0.0
2005-02-18,5.082072,159419707.0,0.0,810182503.8,0.0,0.0,0.0,0.0,0.0
2005-02-21,5.085526,159419707.0,0.0,810733064.2,0.0,0.0,0.0,0.0,0.0
2005-02-22,5.057362,159419707.0,0.0,806243215.7,0.0,0.0,0.0,0.0,0.0
2005-02-23,4.999475,159419707.0,0.0,797014907.5,0.0,0.0,0.0,0.0,0.0
2005-02-24,4.982998,159419707.0,0.0,794388130.8,0.0,0.0,0.0,0.0,0.0
2005-02-25,5.017695,159419707.0,0.0,799919465.1,0.0,0.0,0.0,0.0,0.0
2005-02-28,4.979159,159419707.0,0.0,793776128.2,0.0,0.0,0.0,0.0,0.0
2005-03-01,5.011167,159419707.0,0.0,798878774.9,0.0,0.0,0.0,0.0,0.0
2005-03-02,5.006875,159419707.0,0.0,798194607.0,0.0,0.0,0.0,0.0,0.0
2005-03-03,5.028801,159419707.0,0.0,801689983.8,0.0,0.0,0.0,0.0,0.0
2005-03-04,5.050287,159419707.0,0.0,805115198.2,0.0,0.0,0.0,0.0,0.0
2005-03-07,5.040981,159419707.0,0.0,803631763.0,0.0,0.0,0.0,0.0,0.0
2005-03-08,5.024617,159419707.0,0.0,801023004.2,0.0,0.0,0.0,0.0,0.0
2005-03-09,5.0191,159419707.0,0.0,800143508.9,0.0,0.0,0.0,0.0,0.0
2005-03-10,4.985014,159419707.0,0.0,794709466.8,0.0,0.0,0.0,0.0,0.0
2005-03-11,5.00499,159419707.0,0.0,797894014.4,0.0,0.0,0.0,0.0,0.0
2005-03-14,4.997766,159419707.0,0.0,796742369.0,0.0,0.0,0.0,0.0,0.0
2005-03-15,5.023061,159419707.0,0.0,800774948.9,0.0,0.0,0.0,0.0,0.0
2005-03-16,4.979279,159419707.0,0.0,793795170.8,0.0,0.0,0.0,0.0,0.0
2005-03-17,4.963653,159419707.0,0.0,791304128.5,0.0,0.0,0.0,0.0,0.0
2005-03-18,4.964662,159419707.0,0.0,791464930.2,0.0,0.0,0.0,0.0,0.0
2005-03-21,4.974829,159419707.0,0.0,793085812.9,0.0,0.0,0.0,0.0,0.0
2005-03-22,4.978572,159419707.0,0.0,793682419.8,0.0,0.0,0.0,0.0,0.0
2005-03-23,4.951936,159419707.0,0.0,789436130.7,0.0,0.0,0.0,0.0,0.0
2005-03-24,4.964059,159419707.0,0.0,791368840.1,0.0,0.0,0.0,0.0,0.0
2005-03-25,4.964059,159419707.0,0.0,791368840.15,0.0,0.0,0.0,0.0,0.0
2005-03-28,4.964059,159419707.0,0.0,791368840.15,0.0,0.0,0.0,0.0,0.0
2005-03-29,4.960139,159419707.0,0.0,790743935.8,0.0,0.0,0.0,0.0,0.0
2005-03-30,4.944961,159419707.0,0.0,788324302.6,0.0,0.0,0.0,0.0,0.0
2005-03-31,4.93853,159419707.0,0.0,787298932.1,0.0,0.0,0.0,0.0,0.0
2005-04-01,4.958243,159419707.0,0.0,790441608.8,0.0,0.0,0.0,0.0,0.0
2005-04-04,4.940737,159419707.0,0.0,787650834.4,0.0,0.0,0.0,0.0,0.0
2005-04-05,4.987161,159419707.0,0.0,795051763.9,0.0,0.0,0.0,0.0,0.0
2005-04-06,4.993874,159419707.0,0.0,796121940.5,0.0,0.0,0.0,0.0,0.0
2005-04-07,5.023733,159419707.0,0.0,800882107.0,0.0,0.0,0.0,0.0,0.0
2005-04-08,5.030371,159419707.0,0.0,801940311.1,0.0,0.0,0.0,0.0,0.0
2005-04-11,5.019666,159419707.0,0.0,800233630.3,0.0,0.0,0.0,0.0,0.0
2005-04-12,4.992274,159419707.0,0.0,795866786.8,0.0,0.0,0.0,0.0,0.0
2005-04-13,5.007132,159419707.0,0.0,798235447.8,0.0,0.0,0.0,0.0,0.0
2005-04-14,4.991634,159419707.0,0.0,795764802.6,0.0,0.0,0.0,0.0,0.0
2005-04-15,4.937373,159419707.0,0.0,787114563.4,0.0,0.0,0.0,0.0,0.0
2005-04-18,4.871975,159419707.0,0.0,776688848.9,0.0,0.0,0.0,0.0,0.0
2005-04-19,4.900613,159419707.0,0.0,781254271.7,0.0,0.0,0.0,0.0,0.0
2005-04-20,4.870401,159419707.0,0.0,776437862.3,0.0,0.0,0.0,0.0,0.0
2005-04-21,4.867474,159419707.0,0.0,775971208.3,0.0,0.0,0.0,0.0,0.0
2005-04-22,4.89751,159419707.0,0.0,780759543.4,0.0,0.0,0.0,0.0,0.0
2005-04-25,4.913025,159419707.0,0.0,783233075.0,0.0,0.0,0.0,0.0,0.0
2005-04-26,4.89342,159419707.0,0.0,780107607.1,0.0,0.0,0.0,0.0,0.0
2005-04-27,4.839747,159419707.0,0.0,771550972.9,0.0,0.0,0.0,0.0,0.0
2005-04-28,4.840456,159419707.0,0.0,771664143.0,0.0,0.0,0.0,0.0,0.0
2005-04-29,4.851826,159419707.0,0.0,773476746.6,0.0,0.0,0.0,0.0,0.0
2005-05-02,4.851826,159419707.0,0.0,773476746.65,0.0,0.0,0.0,0.0,0.0
2005-05-03,4.911825,159419707.0,0.0,783041760.8,0.0,0.0,0.0,0.0,0.0
2005-05-04,4.934219,159419707.0,0.0,786611672.0,0.0,0.0,0.0,0.0,0.0
2005-05-05,4.954219,159419707.0,0.0,789800191.6,0.0,0.0,0.0,0.0,0.0
2005-05-06,4.970871,159419707.0,0.0,792454857.5,0.0,0.0,0.0,0.0,0.0
2005-05-09,4.961958,159419707.0,0.0,791033915.5,0.0,0.0,0.0,0.0,0.0
2005-05-10,4.943956,159419707.0,0.0,788163945.5,0.0,0.0,0.0,0.0,0.0
2005-05-11,4.934894,159419707.0,0.0,786719429.5,0.0,0.0,0.0,0.0,0.0
2005-05-12,4.952891,159419707.0,0.0,789588444.3,0.0,0.0,0.0,0.0,0.0
2005-05-13,4.946031,159419707.0,0.0,788494774.9,0.0,0.0,0.0,0.0,0.0
2005-05-16,4.943486,159419707.0,0.0,788089092.2,0.0,0.0,0.0,0.0,0.0
2005-05-17,4.958013,159419707.0,0.0,790405037.3,0.0,0.0,0.0,0.0,0.0
2005-05-18,5.014711,159419707.0,0.0,799443712.8,0.0,0.0,0.0,0.0,0.0
2005-05-19,5.028095,159419707.0,0.0,801577495.3,0.0,0.0,0.0,0.0,0.0
2005-05-20,5.037261,159419707.0,0.0,803038677.4,0.0,0.0,0.0,0.0,0.0
2005-05-23,5.055339,159419707.0,0.0,805920662.1,0.0,0.0,0.0,0.0,0.0
2005-05-24,5.047856,159419707.0,0.0,804727706.4,0.0,0.0,0.0,0.0,0.0
2005-05-25,4.974144,159419707.0,0.0,792976502.6,0.0,0.0,0.0,0.0,0.0
2005-05-26,4.997496,159419707.0,0.0,796699333.4,0.0,0.0,0.0,0.0,0.0
2005-05-27,4.988797,159419707.0,0.0,795312515.8,0.0,0.0,0.0,0.0,0.0
2005-05-30,4.988797,159419707.0,0.0,795312515.8,0.0,0.0,0.0,0.0,0.0
2005-05-31,4.966302,159419707.0,0.0,791726471.7,0.0,0.0,0.0,0.0,0.0
2005-06-01,5.021222,159419707.0,0.0,800481723.3,0.0,0.0,0.0,0.0,0.0
2005-06-02,5.015164,159419707.0,0.0,799516011.3,0.0,0.0,0.0,0.0,0.0
2005-06-03,5.009457,159419707.0,0.0,798606232.9,0.0,0.0,0.0,0.0,0.0
2005-06-06,4.990419,159419707.0,0.0,795571210.5,0.0,0.0,0.0,0.0,0.0
2005-06-07,5.035056,159419707.0,0.0,802687094.2,0.0,0.0,0.0,0.0,0.0
2005-06-08,5.017848,159419707.0,0.0,799943807.3,0.0,0.0,0.0,0.0,0.0
2005-06-09,5.023181,159419707.0,0.0,800794021.9,0.0,0.0,0.0,0.0,0.0
2005-06-10,5.044387,159419707.0,0.0,804174713.1,0.0,0.0,0.0,0.0,0.0
2005-06-13,5.064319,159419707.0,0.0,807352218.8,0.0,0.0,0.0,0.0,0.0
2005-06-14,5.060669,159419707.0,0.0,806770427.1,0.0,0.0,0.0,0.0,0.0
2005-06-15,5.033441,159419707.0,0.0,802429643.4,0.0,0.0,0.0,0.0,0.0
2005-06-16,5.058961,159419707.0,0.0,806498156.6,0.0,0.0,0.0,0.0,0.0
2005-06-17,5.091497,159419707.0,0.0,811685023.6,0.0,0.0,0.0,0.0,0.0
2005-06-20,5.085934,159419707.0,0.0,810798091.4,0.0,0.0,0.0,0.0,0.0
2005-06-21,5.096051,159419707.0,0.0,812410952.5,0.0,0.0,0.0,0.0,0.0
2005-06-22,5.114345,159419707.0,0.0,815327342.0,0.0,0.0,0.0,0.0,0.0
2005-06-23,5.129444,159419707.0,0.0,817734392.7,0.0,0.0,0.0,0.0,0.0
2005-06-24,5.093856,159419707.0,0.0,812061003.3,0.0,0.0,0.0,0.0,0.0
2005-06-27,5.058155,159419707.0,0.0,806369631.8,0.0,0.0,0.0,0.0,0.0
2005-06-28,5.105079,159419707.0,0.0,813850192.3,0.0,0.0,0.0,0.0,0.0
2005-06-29,5.124826,159419707.0,0.0,816998275.5,0.0,0.0,0.0,0.0,0.0
2005-06-30,5.128884,159419707.0,0.0,817645151.5,0.0,0.0,0.0,0.0,0.0
2005-07-01,5.176801,159419707.0,0.0,825284075.0,0.0,0.0,0.0,0.0,0.0
2005-07-04,5.200095,159419707.0,0.0,828997646.8,0.0,0.0,0.0,0.0,0.0
2005-07-05,5.205684,159419707.0,0.0,829888561.4,0.0,0.0,0.0,0.0,0.0
2005-07-06,5.247807,159419707.0,0.0,836603824.2,0.0,0.0,0.0,0.0,0.0
2005-07-07,5.17614,159419707.0,0.0,825178666.0,0.0,0.0,0.0,0.0,0.0
2005-07-08,5.250224,159419707.0,0.0,836989153.7,0.0,0.0,0.0,0.0,0.0
2005-07-11,5.260316,159419707.0,0.0,838598025.2,0.0,0.0,0.0,0.0,0.0
2005-07-12,5.235033,159419707.0,0.0,834567400.3,0.0,0.0,0.0,0.0,0.0
2005-07-13,5.264059,159419707.0,0.0,839194805.2,0.0,0.0,0.0,0.0,0.0
2005-07-14,5.277795,159419707.0,0.0,841384535.5,0.0,0.0,0.0,0.0,0.0
2005-07-15,5.248803,159419707.0,0.0,836762688.2,0.0,0.0,0.0,0.0,0.0
2005-07-18,5.231995,159419707.0,0.0,834083124.9,0.0,0.0,0.0,0.0,0.0
2005-07-19,5.218156,159419707.0,0.0,831876899.0,0.0,0.0,0.0,0.0,0.0
2005-07-20,5.233073,159419707.0,0.0,834255008.5,0.0,0.0,0.0,0.0,0.0
2005-07-21,5.240864,159419707.0,0.0,835496925.6,0.0,0.0,0.0,0.0,0.0
2005-07-22,5.259544,159419707.0,0.0,838474980.5,0.0,0.0,0.0,0.0,0.0
2005-07-25,5.289654,159419707.0,0.0,843275142.8,0.0,0.0,0.0,0.0,0.0
2005-07-26,5.27429,159419707.0,0.0,840825788.6,0.0,0.0,0.0,0.0,0.0
2005-07-27,5.280672,159419707.0,0.0,841843143.8,0.0,0.0,0.0,0.0,0.0
2005-07-28,5.288742,159419707.0,0.0,843129669.3,0.0,0.0,0.0,0.0,0.0
2005-07-29,5.300168,159419707.0,0.0,844951230.8,0.0,0.0,0.0,0.0,0.0
2005-08-01,5.30898,159419707.0,0.0,846356073.8,0.0,0.0,0.0,0.0,0.0
2005-08-02,5.344692,159419707.0,0.0,852049189.9,0.0,0.0,0.0,0.0,0.0
2005-08-03,5.359604,159419707.0,0.0,854426496.8,0.0,0.0,0.0,0.0,0.0
2005-08-04,5.342835,159419707.0,0.0,851753201.7,0.0,0.0,0.0,0.0,0.0
2005-08-05,5.343765,159419707.0,0.0,851901452.4,0.0,0.0,0.0,0.0,0.0
2005-08-08,5.372908,159419707.0,0.0,856547459.7,0.0,0.0,0.0,0.0,0.0
2005-08-09,5.391042,159419707.0,0.0,859438279.1,0.0,0.0,0.0,0.0,0.0
2005-08-10,5.419678,159419707.0,0.0,864003445.5,0.0,0.0,0.0,0.0,0.0
2005-08-11,5.399646,159419707.0,0.0,860809973.3,0.0,0.0,0.0,0.0,0.0
2005-08-12,5.38766,159419707.0,0.0,858899202.6,0.0,0.0,0.0,0.0,0.0
2005-08-15,5.385358,159419707.0,0.0,858532162.4,0.0,0.0,0.0,0.0,0.0
2005-08-16,5.363828,159419707.0,0.0,855099962.0,0.0,0.0,0.0,0.0,0.0
2005-08-17,5.343711,159419707.0,0.0,851892885.5,0.0,0.0,0.0,0.0,0.0
2005-08-18,5.321618,159419707.0,0.0,848370835.0,0.0,0.0,0.0,0.0,0.0
2005-08-19,5.363233,159419707.0,0.0,855005084.4,0.0,0.0,0.0,0.0,0.0
2005-08-22,5.368745,159419707.0,0.0,855883778.9,0.0,0.0,0.0,0.0,0.0
2005-08-23,5.351976,159419707.0,0.0,853210478.6,0.0,0.0,0.0,0.0,0.0
2005-08-24,5.327503,159419707.0,0.0,849309041.7,0.0,0.0,0.0,0.0,0.0
2005-08-25,5.307842,159419707.0,0.0,846174538.5,0.0,0.0,0.0,0.0,0.0
2005-08-26,5.279437,159419707.0,0.0,841646338.3,0.0,0.0,0.0,0.0,0.0
2005-08-29,5.279437,159419707.0,0.0,841646338.31,0.0,0.0,0.0,0.0,0.0
2005-08-30,5.30725,159419707.0,0.0,846080214.6,0.0,0.0,0.0,0.0,0.0
2005-08-31,5.292959,159419707.0,0.0,843801972.1,0.0,0.0,0.0,0.0,0.0
2005-09-01,5.324471,159419707.0,0.0,848825607.3,0.0,0.0,0.0,0.0,0.0
2005-09-02,5.322661,159419707.0,0.0,848537109.7,0.0,0.0,0.0,0.0,0.0
2005-09-05,5.333489,159419707.0,0.0,850263327.4,0.0,0.0,0.0,0.0,0.0
2005-09-06,5.354756,159419707.0,0.0,853653684.9,0.0,0.0,0.0,0.0,0.0
2005-09-07,5.364216,159419707.0,0.0,855161764.4,0.0,0.0,0.0,0.0,0.0
2005-09-08,5.338313,159419707.0,0.0,851032330.0,0.0,0.0,0.0,0.0,0.0
2005-09-09,5.35675,159419707.0,0.0,853971459.8,0.0,0.0,0.0,0.0,0.0
2005-09-12,5.372452,159419707.0,0.0,856474749.7,0.0,0.0,0.0,0.0,0.0
2005-09-13,5.335274,159419707.0,0.0,850547868.9,0.0,0.0,0.0,0.0,0.0
2005-09-14,5.347307,159419707.0,0.0,852466183.7,0.0,0.0,0.0,0.0,0.0
2005-09-15,5.383251,159419707.0,0.0,858196262.0,0.0,0.0,0.0,0.0,0.0
2005-09-16,5.407648,159419707.0,0.0,862085664.3,0.0,0.0,0.0,0.0,0.0
2005-09-19,5.429371,159419707.0,0.0,865548730.0,0.0,0.0,0.0,0.0,0.0
2005-09-20,5.416,159419707.0,0.0,863417118.2,0.0,0.0,0.0,0.0,0.0
2005-09-21,5.370114,159419707.0,0.0,856102032.7,0.0,0.0,0.0,0.0,0.0
2005-09-22,5.386134,159419707.0,0.0,858655830.8,0.0,0.0,0.0,0.0,0.0
2005-09-23,5.413925,159419707.0,0.0,863086380.0,0.0,0.0,0.0,0.0,0.0
2005-09-26,5.453277,159419707.0,0.0,869359869.9,0.0,0.0,0.0,0.0,0.0
2005-09-27,5.447486,159419707.0,0.0,868436583.2,0.0,0.0,0.0,0.0,0.0
2005-09-28,5.495921,159419707.0,0.0,876158170.8,0.0,0.0,0.0,0.0,0.0
2005-09-29,5.479398,159419707.0,0.0,873524073.6,0.0,0.0,0.0,0.0,0.0
2005-09-30,5.478557,159419707.0,0.0,873389955.8,0.0,0.0,0.0,0.0,0.0
2005-10-03,5.502428,159419707.0,0.0,877195438.8,0.0,0.0,0.0,0.0,0.0
2005-10-04,5.495114,159419707.0,0.0,876029414.3,0.0,0.0,0.0,0.0,0.0
2005-10-05,5.429236,159419707.0,0.0,865527180.6,0.0,0.0,0.0,0.0,0.0
2005-10-06,5.373613,159419707.0,0.0,856659790.7,0.0,0.0,0.0,0.0,0.0
2005-10-07,5.363482,159419707.0,0.0,855044662.0,0.0,0.0,0.0,0.0,0.0
2005-10-10,5.375697,159419707.0,0.0,856992098.7,0.0,0.0,0.0,0.0,0.0
2005-10-11,5.38171,159419707.0,0.0,857950560.7,0.0,0.0,0.0,0.0,0.0
2005-10-12,5.343844,159419707.0,0.0,851913978.7,0.0,0.0,0.0,0.0,0.0
2005-10-13,5.26682,159419707.0,0.0,839634890.8,0.0,0.0,0.0,0.0,0.0
2005-10-14,5.276615,159419707.0,0.0,841196345.7,0.0,0.0,0.0,0.0,0.0
2005-10-17,5.287871,159419707.0,0.0,842990894.5,0.0,0.0,0.0,0.0,0.0
2005-10-18,5.265181,159419707.0,0.0,839373635.7,0.0,0.0,0.0,0.0,0.0
2005-10-19,5.170402,159419707.0,0.0,824263968.4,0.0,0.0,0.0,0.0,0.0
2005-10-20,5.166508,159419707.0,0.0,823643165.4,0.0,0.0,0.0,0.0,0.0
2005-10-21,5.144375,159419707.0,0.0,820114794.8,0.0,0.0,0.0,0.0,0.0
2005-10-24,5.209869,161419707.0,2000000.0,840975507.8,10419738.0,0.01239006118889019,10.863154452711132,2083947.6,520986.8999999996
2005-10-25,5.184327,161419707.0,0.0,836852534.9,0.0,0.0,-0.09128701220765657,2083947.6,520986.8999999996
2005-10-26,5.230389,161419707.0,0.0,844287832.6,0.0,0.0,-0.09128701220765657,2083947.6,520986.8999999996
2005-10-27,5.185251,161419707.0,0.0,837001702.1,0.0,0.0,-0.09128701220765657,2083947.6,520986.8999999996
2005-10-28,5.215794,161419707.0,0.0,841931988.9,0.0,0.0,-0.09128701220765657,2083947.6,520986.8999999996
2005-10-31,5.31952,163419707.0,2000000.0,869314479.4,10639040.0,0.012238424933797324,7.60102955262207,2127808.0,1052938.8999999997
2005-11-01,5.346497,163419707.0,0.0,873722987.9,0.0,0.0,-0.12964274157458355,2127808.0,1052938.8999999997
2005-11-02,5.367061,166019707.0,2600000.0,891037854.6,13954358.6,0.01566079210659834,7.227491721455558,4918679.720000001,1750656.8299999996
2005-11-03,5.440287,166019707.0,0.0,903194856.2,0.0,0.0,-0.15834122377068394,4918679.720000001,1750656.8299999996
2005-11-04,5.4323,166019707.0,0.0,901868869.5,0.0,0.0,-0.15834122377068394,4918679.720000001,1750656.8299999996
2005-11-07,5.469299,168419707.0,2400000.0,921137760.9,13126317.600000001,0.014250113454446704,5.582102187072726,5416135.24,2406972.71
2005-11-08,5.469382,168419707.0,0.0,921151658.1,0.0,0.0,-0.18390165995776328,5416135.24,2406972.71
2005-11-09,5.453508,168419707.0,0.0,918478296.6,0.0,0.0,-0.18390165995776328,2625263.5200000005,2406972.71
2005-11-10,5.437227,168419707.0,0.0,915736122.2,0.0,0.0,-0.18390165995776328,2625263.5200000005,2406972.71
2005-11-11,5.478598,168419707.0,0.0,922703861.7,0.0,0.0,-0.18390165995776328,2625263.5200000005,2406972.71
2005-11-14,5.483353,168419707.0,0.0,923504674.1,0.0,0.0,-0.18390165995776328,0.0,2406972.71
2005-11-15,5.453096,168419707.0,0.0,918408884.6,0.0,0.0,-0.18390165995776328,0.0,2406972.71
2005-11-16,5.445129,168419707.0,0.0,917067087.5,0.0,0.0,-0.18390165995776328,0.0,2406972.71
2005-11-17,5.475069,168419707.0,0.0,922109495.5,0.0,0.0,-0.18390165995776328,0.0,2406972.71
2005-11-18,5.513942,168419707.0,0.0,928656477.6,0.0,0.0,-0.18390165995776328,0.0,2406972.71
2005-11-21,5.512895,168419707.0,0.0,928480080.4,0.0,0.0,-0.18390165995776328,0.0,1885985.8099999998
2005-11-22,5.532181,168419707.0,0.0,931728264.1,0.0,0.0,-0.18390165995776328,0.0,1885985.8099999998
2005-11-23,5.555936,168419707.0,0.0,935729065.7,0.0,0.0,-0.18390165995776328,0.0,1885985.8099999998
2005-11-24,5.535255,168419707.0,0.0,932246043.3,0.0,0.0,-0.18390165995776328,0.0,1885985.8099999998
2005-11-25,5.547998,168419707.0,0.0,934392280.2,0.0,0.0,-0.18390165995776328,0.0,1885985.8099999998
2005-11-28,5.501153,168419707.0,0.0,926502557.5,0.0,0.0,-0.18390165995776328,0.0,1354033.8099999998
2005-11-29,5.514657,168419707.0,0.0,928776866.1,0.0,0.0,-0.18390165995776328,0.0,1354033.8099999998
2005-11-30,5.419957,168419707.0,0.0,912827486.4,0.0,0.0,-0.18390165995776328,0.0,656315.8799999997
2005-12-01,5.48273,168419707.0,0.0,923399804.5,0.0,0.0,-0.18390165995776328,0.0,656315.8799999997
2005-12-02,5.524536,168419707.0,0.0,930440687.1,0.0,0.0,-0.18390165995776328,0.0,656315.8799999997
2005-12-05,5.506689,168419707.0,0.0,927434940.5,0.0,0.0,-0.18390165995776328,0.0,0.0
2005-12-06,5.535065,168419707.0,0.0,932214025.6,0.0,0.0,-0.18390165995776328,0.0,0.0
2005-12-07,5.525554,168419707.0,0.0,930612133.8,0.0,0.0,-0.18390165995776328,0.0,0.0
2005-12-08,5.527792,168419707.0,0.0,930989181.7,0.0,0.0,-0.18390165995776328,0.0,0.0
2005-12-09,5.514103,168419707.0,0.0,928683598.3,0.0,0.0,-0.18390165995776328,0.0,0.0
2005-12-12,5.497734,168419707.0,0.0,925926731.0,0.0,0.0,-0.18390165995776328,0.0,0.0
2005-12-13,5.503539,168419707.0,0.0,926904374.4,0.0,0.0,-0.18390165995776328,0.0,0.0
2005-12-14,5.517608,168419707.0,0.0,929273943.6,0.0,0.0,-0.18390165995776328,0.0,0.0
2005-12-15,5.491701,168419707.0,0.0,924910629.6,0.0,0.0,-0.18390165995776328,0.0,0.0
2005-12-16,5.527882,168419707.0,0.0,931004201.0,0.0,0.0,-0.18390165995776328,0.0,0.0
2005-12-19,5.535618,168419707.0,0.0,932307110.9,0.0,0.0,-0.18390165995776328,0.0,0.0
2005-12-20,5.543818,168419707.0,0.0,933688167.6,0.0,0.0,-0.18390165995776328,0.0,0.0
2005-12-21,5.583848,168419707.0,0.0,940430088.2,0.0,0.0,-0.18390165995776328,0.0,0.0
2005-12-22,5.592078,168419707.0,0.0,941816079.1,0.0,0.0,-0.18390165995776328,0.0,0.0
2005-12-23,5.59189,168419707.0,0.0,941784398.2,0.0,0.0,-0.18390165995776328,0.0,0.0
2005-12-26,5.592078,168419707.0,0.0,941816079.12,0.0,0.0,-0.18390165995776328,0.0,0.0
2005-12-27,5.59189,168419707.0,0.0,941784398.2,0.0,0.0,-0.18390165995776328,0.0,0.0
2005-12-28,5.620318,168419707.0,0.0,946572252.9,0.0,0.0,-0.18390165995776328,0.0,0.0
2005-12-29,5.6358,168419707.0,0.0,949179779.1,0.0,0.0,-0.18390165995776328,0.0,0.0
2005-12-30,5.616122,168419707.0,0.0,945865667.1,0.0,0.0,-0.18390165995776328,0.0,0.0
2006-01-02,5.616122,168419707.0,0.0,945865667.15,0.0,0.0,-0.18390165995776328,0.0,0.0
2006-01-03,5.678649,168419707.0,0.0,956396344.4,0.0,0.0,-0.18390165995776328,0.0,0.0
2006-01-04,5.712327,168419707.0,0.0,962068369.4,0.0,0.0,-0.18390165995776328,0.0,0.0
2006-01-05,5.688771,168419707.0,0.0,958101118.3,0.0,0.0,-0.18390165995776328,0.0,0.0
2006-01-06,5.729336,168419707.0,0.0,964933070.8,0.0,0.0,-0.18390165995776328,0.0,0.0
2006-01-09,5.728715,168419707.0,0.0,964828512.2,0.0,0.0,-0.18390165995776328,0.0,0.0
2006-01-10,5.686132,168419707.0,0.0,957656671.6,0.0,0.0,-0.18390165995776328,0.0,0.0
2006-01-11,5.728644,168419707.0,0.0,964816591.2,0.0,0.0,-0.18390165995776328,0.0,0.0
2006-01-12,5.732309,168419707.0,0.0,965433872.7,0.0,0.0,-0.18390165995776328,0.0,0.0
2006-01-13,5.708153,173619707.0,5200000.0,991047905.7,29682395.6,0.02995051543853941,8.003166722741106,5936479.12,1484119.7799999998
2006-01-16,5.737169,173619707.0,0.0,996085572.2,0.0,0.0,-0.1926693122661276,5936479.12,1484119.7799999998
2006-01-17,5.695882,173619707.0,0.0,988917298.5,0.0,0.0,-0.1926693122661276,5936479.12,1484119.7799999998
2006-01-18,5.661639,173619707.0,0.0,982972101.4,0.0,0.0,-0.1926693122661276,5936479.12,1484119.7799999998
2006-01-19,5.691086,173619707.0,0.0,988084721.2,0.0,0.0,-0.1926693122661276,5936479.12,1484119.7799999998
2006-01-20,5.67024,173619707.0,0.0,984465396.9,0.0,0.0,-0.1926693122661276,0.0,1484119.7799999998
2006-01-23,5.658634,175419707.0,1800000.0,992635860.0,10185541.200000001,0.010261105416844402,2.52145297361086,2037108.2400000002,1993396.8399999999
2006-01-24,5.631569,175419707.0,0.0,987888197.5,0.0,0.0,-0.21020067053752126,2037108.2400000002,1993396.8399999999
2006-01-25,5.701901,175419707.0,0.0,1000225852.0,0.0,0.0,-0.21020067053752126,2037108.2400000002,1993396.8399999999
2006-01-26,5.720275,175419707.0,0.0,1003448975.0,0.0,0.0,-0.21020067053752126,2037108.2400000002,1993396.8399999999
2006-01-27,5.784434,177419707.0,2000000.0,1026272667.0,11568868.0,0.011272704001577,2.6807149062214166,4350881.840000001,2571840.2399999998
2006-01-30,5.77707,177419707.0,0.0,1024966120.88,0.0,0.0,-0.22797720642429498,2313773.6,2571840.2399999998
2006-01-31,5.757436,177419707.0,0.0,1021482530.0,0.0,0.0,-0.22797720642429498,2313773.6,2571840.2399999998
2006-02-01,5.798666,177419707.0,0.0,1028797542.0,0.0,0.0,-0.22797720642429498,2313773.6,2571840.2399999998
2006-02-02,5.74463,177419707.0,0.0,1019210602.0,0.0,0.0,-0.22797720642429498,2313773.6,2571840.2399999998
2006-02-03,5.756502,177419707.0,0.0,1021316895.0,0.0,0.0,-0.22797720642429498,0.0,2571840.2399999998
2006-02-06,5.769546,179419707.0,2000000.0,1035170294.0,11539092.0,0.01114704707706769,2.5514716110464706,2307818.4,3148794.84
2006-02-07,5.744073,179419707.0,0.0,1030599874.0,0.0,0.0,-0.24495209244797006,2307818.4,3148794.84
2006-02-08,5.729706,179419707.0,0.0,1028022229.0,0.0,0.0,-0.24495209244797006,2307818.4,3148794.84
2006-02-09,5.813268,179419707.0,0.0,1043014833.0,0.0,0.0,-0.24495209244797006,2307818.4,3148794.84
2006-02-10,5.768564,179419707.0,0.0,1034994110.0,0.0,0.0,-0.24495209244797006,2307818.4,1664675.0599999998
2006-02-13,5.798227,179419707.0,0.0,1040316182.0,0.0,0.0,-0.24495209244797006,0.0,1664675.0599999998
2006-02-14,5.796482,179419707.0,0.0,1040003041.0,0.0,0.0,-0.24495209244797006,0.0,1664675.0599999998
2006-02-15,5.799654,179419707.0,0.0,1040572189.0,0.0,0.0,-0.24495209244797006,0.0,1664675.0599999998
2006-02-16,5.836894,179419707.0,0.0,1047253744.0,0.0,0.0,-0.24495209244797006,0.0,1664675.0599999998
2006-02-17,5.854237,179419707.0,0.0,1050365432.0,0.0,0.0,-0.24495209244797006,0.0,1664675.0599999998
2006-02-20,5.870518,181219707.0,1800000.0,1063853499.0,10566932.399999999,0.009932695065563721,2.1812825520740025,2113386.4799999995,1683744.6199999996
2006-02-21,5.865276,181219707.0,0.0,1062903588.0,0.0,0.0,-0.26037130215918136,2113386.4799999995,1683744.6199999996
2006-02-22,5.86662,181219707.0,0.0,1063147103.0,0.0,0.0,-0.26037130215918136,2113386.4799999995,1683744.6199999996
2006-02-23,5.830218,181219707.0,0.0,1056550444.0,0.0,0.0,-0.26037130215918136,2113386.4799999995,1683744.6199999996
2006-02-24,5.854428,181219707.0,0.0,1060937732.0,0.0,0.0,-0.26037130215918136,2113386.4799999995,1105301.2199999995
2006-02-27,5.869801,181219707.0,0.0,1063723648.0,0.0,0.0,-0.26037130215918136,0.0,1105301.2199999995
2006-02-28,5.785162,181219707.0,0.0,1048385335.0,0.0,0.0,-0.26037130215918136,0.0,1105301.2199999995
2006-03-01,5.843533,181219707.0,0.0,1058963248.0,0.0,0.0,-0.26037130215918136,0.0,1105301.2199999995
2006-03-02,5.83245,181219707.0,0.0,1056954957.0,0.0,0.0,-0.26037130215918136,0.0,1105301.2199999995
2006-03-03,5.858129,181219707.0,0.0,1061608435.0,0.0,0.0,-0.26037130215918136,0.0,1105301.2199999995
2006-03-06,5.897043,181219707.0,0.0,1068660349.0,0.0,0.0,-0.26037130215918136,0.0,528346.6199999995
2006-03-07,5.856948,181219707.0,0.0,1061394398.0,0.0,0.0,-0.26037130215918136,0.0,528346.6199999995
2006-03-08,5.832335,181219707.0,0.0,1056934080.0,0.0,0.0,-0.26037130215918136,0.0,528346.6199999995
2006-03-09,5.874967,181219707.0,0.0,1064659835.0,0.0,0.0,-0.26037130215918136,0.0,528346.6199999995
2006-03-10,5.927156,181219707.0,0.0,1074117411.0,0.0,0.0,-0.26037130215918136,0.0,528346.6199999995
2006-03-13,5.972104,181219707.0,0.0,1082262968.0,0.0,0.0,-0.26037130215918136,0.0,528346.6199999995
2006-03-14,5.969492,181219707.0,0.0,1081789595.0,0.0,0.0,-0.26037130215918136,0.0,528346.6199999995
2006-03-15,5.989513,181219707.0,0.0,1085417810.0,0.0,0.0,-0.26037130215918136,0.0,528346.6199999995
2006-03-16,6.017515,181219707.0,0.0,1090492254.0,0.0,0.0,-0.26037130215918136,0.0,528346.6199999995
2006-03-17,6.023432,181219707.0,0.0,1091564637.0,0.0,0.0,-0.26037130215918136,0.0,528346.6199999995
2006-03-20,6.01607,181219707.0,0.0,1090230531.0,0.0,0.0,-0.26037130215918136,0.0,0.0
2006-03-21,6.015441,181219707.0,0.0,1090116535.0,0.0,0.0,-0.26037130215918136,0.0,0.0
2006-03-22,6.041342,181219707.0,0.0,1094810171.0,0.0,0.0,-0.26037130215918136,0.0,0.0
2006-03-23,6.023638,181219707.0,0.0,1091601927.0,0.0,0.0,-0.26037130215918136,0.0,0.0
2006-03-24,6.071099,181219707.0,0.0,1100202816.0,0.0,0.0,-0.26037130215918136,0.0,0.0
2006-03-27,6.006362,181219707.0,0.0,1088471096.0,0.0,0.0,-0.26037130215918136,0.0,0.0
2006-03-28,5.970074,181219707.0,0.0,1081895150.0,0.0,0.0,-0.26037130215918136,0.0,0.0
2006-03-29,5.995341,181219707.0,0.0,1086474001.0,0.0,0.0,-0.26037130215918136,0.0,0.0
2006-03-30,6.051801,181219707.0,0.0,1096705515.0,0.0,0.0,-0.26037130215918136,0.0,0.0
2006-03-31,6.00034,181219707.0,0.0,1087379795.0,0.0,0.0,-0.26037130215918136,0.0,0.0
2006-04-03,6.060728,181219707.0,0.0,1098323305.0,0.0,0.0,-0.26037130215918136,0.0,0.0
2006-04-04,6.040474,181219707.0,0.0,1094652923.0,0.0,0.0,-0.26037130215918136,0.0,0.0
2006-04-05,6.083053,181219707.0,0.0,1102369071.0,0.0,0.0,-0.26037130215918136,0.0,0.0
2006-04-06,6.084536,181219707.0,0.0,1102637897.0,0.0,0.0,-0.26037130215918136,0.0,0.0
2006-04-07,6.064809,181219707.0,0.0,1099062941.0,0.0,0.0,-0.26037130215918136,0.0,0.0
2006-04-10,6.105838,181219707.0,0.0,1106498159.0,0.0,0.0,-0.24305687348677715,0.0,0.0
2006-04-11,6.054962,181219707.0,0.0,1097278516.0,0.0,0.0,-0.24305687348677715,0.0,0.0
2006-04-12,6.039134,181219707.0,0.0,1094410076.0,0.0,0.0,-0.24305687348677715,0.0,0.0
2006-04-13,6.067746,181219707.0,0.0,1099595131.0,0.0,0.0,-0.24305687348677715,0.0,0.0
2006-04-14,6.07,180298200.0,-921507.0,1094410076.0,-5593547.49,-0.00511101607401502,-1.5171140803633085,-1118709.4980000001,-279677.3745000004
2006-04-17,6.067746,181219707.0,921507.0,1099595131.48,5591470.413222,0.0050850265276239995,1.0986373853582472,-415.4153556000441,-103.85383890038356
2006-04-18,6.082764,181219707.0,0.0,1102316669.0,0.0,0.0,-0.22167080600168604,-415.4153556000441,-103.85383890038356
2006-04-19,6.132353,181219707.0,0.0,1111303170.0,0.0,0.0,-0.20074564426699965,-415.4153556000441,-103.85383890038356
2006-04-20,6.12365,181219707.0,0.0,1109726073.0,0.0,0.0,-0.20074564426699965,-415.4153556000441,-103.85383890038356
2006-04-21,6.175593,181219707.0,0.0,1119139147.0,0.0,0.0,-0.20074564426699965,1118294.0826444,-103.85383890038356
2006-04-24,6.140967,182619707.0,1400000.0,1121461556.0,8597353.799999999,0.007666204654098726,2.033345330034422,1719470.7599999998,429763.83616109955
2006-04-25,6.128906,182619707.0,0.0,1119259047.0,0.0,0.0,-0.19420647914351094,1719470.7599999998,429763.83616109955
2006-04-26,6.149123,182619707.0,0.0,1122950955.0,0.0,0.0,-0.19420647914351094,1719470.7599999998,429763.83616109955
2006-04-27,6.104865,182619707.0,0.0,1114868609.0,0.0,0.0,-0.19420647914351094,1719470.7599999998,429763.83616109955
2006-04-28,6.06719,184219707.0,1600000.0,1117695896.0,9707504.0,0.008685281957946815,2.258352296056574,3660971.5599999996,915139.0361610996
2006-05-01,6.06719,184219707.0,0.0,1117695895.9,0.0,0.0,-0.21056816223918273,1941500.8,915139.0361610996
2006-05-02,6.126218,184219707.0,0.0,1128570165.0,0.0,0.0,-0.21056816223918273,1941500.8,915139.0361610996
2006-05-03,6.056144,184219707.0,0.0,1115661156.0,0.0,0.0,-0.21056816223918273,1941500.8,915139.0361610996
2006-05-04,6.083158,184219707.0,0.0,1120637578.06,0.0,0.0,-0.21056816223918273,1941500.8,915139.0361610996
2006-05-05,6.138145,184219707.0,0.0,1130767188.86,0.0,0.0,-0.21056816223918273,0.0,915139.0361610996
2006-05-08,6.112824,184219707.0,0.0,1126102623.47,0.0,0.0,-0.21056816223918273,0.0,915139.0361610996
2006-05-09,6.151236,186219707.0,2000000.0,1145481444.63,12302472.0,0.01074000112151428,2.7272847969866785,2460494.4,1530262.6361610997
2006-05-10,6.139861,186219707.0,0.0,1143363105.48,0.0,0.0,-0.22849388090936038,2460494.4,1530262.6361610997
2006-05-11,6.098448,186219707.0,0.0,1135651140.07,0.0,0.0,-0.22849388090936038,2460494.4,1530262.6361610997
2006-05-12,5.967474,186219707.0,0.0,1111261297.71,0.0,0.0,-0.22849388090936038,2460494.4,1809940.0106610996
2006-05-15,5.894299,187219707.0,1000000.0,1103528874.48,5894299.0,0.005341318325519561,1.2217233535575192,3639354.2,1825081.4399999995
2006-05-16,5.900338,187219707.0,0.0,1104659543.12,0.0,0.0,-0.23926943065603137,1178859.8,1825081.4399999995
2006-05-17,5.73409,188219707.0,1000000.0,1079268826.32,5734090.0,0.005312939519944829,1.194848497543197,2325677.8,2111785.9399999995
2006-05-18,5.729988,189219707.0,1000000.0,1084226593.3,5729988.0,0.005284862071644965,1.16872522059213,3471675.4,2398285.3399999994
2006-05-19,5.716006,191419707.0,2200000.0,1094156183.48,12575213.200000001,0.011493069627412898,2.7317951984848676,5986718.040000001,3027045.9999999995
2006-05-22,5.589632,192419707.0,1000000.0,1075555285.96,5589632.0,0.005196973203484287,1.0672300129315468,5925784.640000001,2876659.9099999997
2006-05-23,5.736251,192419707.0,0.0,1103767716.1,0.0,0.0,-0.28725434939912825,5925784.640000001,2876659.9099999997
2006-05-24,5.644766,192419707.0,0.0,1086164157.44,0.0,0.0,-0.28725434939912825,4778966.640000001,2876659.9099999997
2006-05-25,5.736694,193419707.0,1000000.0,1109589762.85,5736694.0,0.005170103575275609,1.0445029718962067,4780307.840000001,3163494.61
2006-05-26,5.85052,197019707.0,3600000.0,1152667720.07,21061872.0,0.01827228405313627,4.083600753726565,6477639.6,3731213.0099999993
2006-05-29,5.85052,197019707.0,0.0,1152667720.07,0.0,0.0,-0.31214022079833614,5359713.2,3731213.0099999993
2006-05-30,5.709811,197019707.0,0.0,1124945378.99,0.0,0.0,-0.31214022079833614,5359713.2,3731213.0099999993
2006-05-31,5.708065,197019707.0,0.0,1124601376.88,0.0,0.0,-0.31214022079833614,5359713.2,3731213.0099999993
2006-06-01,5.733539,197019707.0,0.0,1129620163.97,0.0,0.0,-0.31214022079833614,4212374.4,3731213.0099999993
2006-06-02,5.748335,197019707.0,0.0,1132535235.5,0.0,0.0,-0.31214022079833614,0.0,3731213.0099999993
2006-06-05,5.74615,197019707.0,0.0,1132104862.41,0.0,0.0,-0.31214022079833614,0.0,3731213.0099999993
2006-06-06,5.65408,199419707.0,2400000.0,1127534917.51,13569792.000000002,0.012034919530445188,2.4917597443041997,2713958.4000000004,3794579.0100000002
2006-06-07,5.702443,199419707.0,0.0,1137179576.02,0.0,0.0,-0.32743663217139773,2713958.4000000004,3794579.0100000002
2006-06-08,5.56,204528701.0,5108994.0,1137179576.02,28406006.639999997,0.024979349998016858,4.891096286838375,8395159.728,5214879.342
2006-06-09,5.65165,201619707.0,-2908994.0,1139483981.5,-16440615.9401,-0.014428123788504525,-3.185271079703418,5107036.53998,4392848.544995
2006-06-12,5.618959,201619707.0,0.0,1132892921.07,0.0,0.0,-0.29737891984819814,5107036.53998,4098133.5949949995
2006-06-13,5.515753,201619707.0,0.0,1112084519.34,0.0,0.0,-0.29737891984819814,2393078.139979999,4098133.5949949995
2006-06-14,5.503404,203219707.0,1600000.0,1118400199.49,8805446.4,0.00787325181452521,1.2573430907691976,4154167.4199799993,4251701.414995
2006-06-15,5.61608,203219707.0,0.0,1141298178.63,0.0,0.0,-0.3085400341107544,-1527033.9080200002,3965202.014995
2006-06-16,5.597507,203219707.0,0.0,1137523817.35,0.0,0.0,-0.3085400341107544,1761089.2799999998,3336441.3549949997
2006-06-19,5.622252,203219707.0,0.0,1142552487.18,0.0,0.0,-0.3085400341107544,1761089.2799999998,3056959.7549949996
2006-06-20,5.653976,203219707.0,0.0,1148999404.52,0.0,0.0,-0.3085400341107544,1761089.2799999998,3056959.7549949996
2006-06-21,5.661778,203219707.0,0.0,1150584765.58,0.0,0.0,-0.3085400341107544,0.0,3056959.7549949996
2006-06-22,5.680701,203219707.0,0.0,1154430463.92,0.0,0.0,-0.3085400341107544,0.0,2770125.0549949994
2006-06-23,5.688538,205219707.0,2000000.0,1167400052.49,11377076.0,0.009745653150977099,1.5967049579568047,2275415.1999999997,2285885.2549949996
2006-06-26,5.677928,205219707.0,0.0,1165222748.43,0.0,0.0,-0.3212954757423649,2275415.1999999997,2285885.2549949996
2006-06-27,5.648769,205219707.0,0.0,1159238768.33,0.0,0.0,-0.3212954757423649,2275415.1999999997,2285885.2549949996
2006-06-28,5.676787,205219707.0,0.0,1164988611.14,0.0,0.0,-0.3212954757423649,2275415.1999999997,2285885.2549949996
2006-06-29,5.78934,214619707.0,9400000.0,1242506407.11,54419796.0,0.04379840271936898,6.5600990290242605,13159374.4,5006875.054994999
2006-06-30,5.830698,214619707.0,0.0,1251382727.64,0.0,0.0,-0.29974104331175855,10883959.2,5006875.054994999
2006-07-03,5.83,216534418.0,1914711.0,1262395654.84,11162765.13,0.008842524993810127,1.197075305695007,13116512.226,5565013.311495
2006-07-04,5.881312,214619707.0,-1914711.0,1262245434.51,-11261012.780832,-0.008921412962134018,-1.7947711860529882,10864309.6698336,4323473.0724534
2006-07-05,5.826834,214619707.0,0.0,1250553424.8,0.0,0.0,-0.29394297780118367,10864309.6698336,4323473.0724534
2006-07-06,5.889792,214619707.0,0.0,1264065333.79,0.0,0.0,-0.29394297780118367,-19649.53016639985,2903172.7404533997
2006-07-07,5.888526,214619707.0,0.0,1263793722.86,0.0,0.0,-0.29394297780118367,-19649.53016639985,3725203.5374584
2006-07-10,5.896607,214619707.0,0.0,1265528120.18,0.0,0.0,-0.2819249286399637,-2252202.5561664,3725203.5374584
2006-07-11,5.8571,214619707.0,0.0,1257049131.92,0.0,0.0,-0.2819249286399637,0.0,3725203.5374584
2006-07-12,5.860356,216219707.0,1600000.0,1267124530.14,9376569.6,0.007399880104099962,0.9595764905344519,1875313.92,3753759.6974584
2006-07-13,5.764835,216219707.0,0.0,1246471007.04,0.0,0.0,-0.291341820408543,1875313.92,3753759.6974584
2006-07-14,5.707221,216219707.0,0.0,1234013735.12,0.0,0.0,-0.27846292832070096,1875313.92,3753759.6974584
2006-07-17,5.700175,216219707.0,0.0,1232490217.48,0.0,0.0,-0.27846292832070096,1875313.92,3753759.6974584
2006-07-18,5.681119,216219707.0,0.0,1228369878.08,0.0,0.0,-0.27846292832070096,1875313.92,3753759.6974584
2006-07-19,5.777277,216219707.0,0.0,1249161194.61,0.0,0.0,-0.27846292832070096,0.0,3753759.6974584
2006-07-20,5.770222,216819707.0,600000.0,1251097766.57,3462133.2,0.002767276301269211,0.19052250960471273,692426.64,3926866.3574584
2006-07-21,5.719186,228819707.0,12000000.0,1308662561.38,68630232.0,0.052443031554007785,6.747220728480405,14418473.040000001,6789524.1574584
2006-07-24,5.832859,228819707.0,0.0,1334673088.0,0.0,0.0,-0.26915578412083624,14418473.040000001,6789524.1574584
2006-07-25,5.85039,228819707.0,0.0,1338684413.91,0.0,0.0,-0.2691557841208363,14418473.040000001,6789524.1574584
2006-07-26,5.876677,228819707.0,0.0,1344699611.0,0.0,0.0,-0.2691557841208363,14418473.040000001,6789524.1574584
2006-07-27,5.929152,228819707.0,0.0,1356706712.26,0.0,0.0,-0.2691557841208363,13726046.4,4068534.3574584
2006-07-28,5.97458,228819707.0,0.0,1367101705.98,0.0,0.0,-0.2691557841208363,0.0,4068534.3574584
2006-07-31,5.929369,228819707.0,0.0,1356756373.91,0.0,0.0,-0.2691557841208363,0.0,3510396.1009584004
2006-08-01,5.880424,228819707.0,0.0,1345556887.13,0.0,0.0,-0.2691557841208363,0.0,4073446.7399999998
2006-08-02,5.93971,230419707.0,1600000.0,1368626146.93,9503536.0,0.00694385097151448,0.6580669105320289,1900707.2,4548623.54
2006-08-03,5.846056,230419707.0,0.0,1347046453.05,0.0,0.0,-0.2765323030901354,1900707.2,4548623.54
2006-08-04,5.897173,230419707.0,0.0,1358824839.77,0.0,0.0,-0.2765323030901354,1900707.2,4548623.54
2006-08-07,5.836509,230419707.0,0.0,1344846786.53,0.0,0.0,-0.26658471437519426,1900707.2,4548623.54
2006-08-08,5.825592,230419707.0,0.0,1342331121.17,0.0,0.0,-0.26658471437519426,1900707.2,4548623.54
2006-08-09,5.880384,230419707.0,0.0,1354956341.84,0.0,0.0,-0.26658471437519426,0.0,4079795.06
2006-08-10,5.843091,230419707.0,0.0,1346363315.74,0.0,0.0,-0.26658471437519426,0.0,4079795.06
2006-08-11,5.839827,230419707.0,0.0,1345611327.97,0.0,0.0,-0.26658471437519426,0.0,4079795.06
2006-08-14,5.890641,230419707.0,0.0,1357319680.16,0.0,0.0,-0.26658471437519426,0.0,4079795.06
2006-08-15,5.917426,230419707.0,0.0,1363491556.83,0.0,0.0,-0.26658471437519426,0.0,4079795.06
2006-08-16,5.931357,230419707.0,0.0,1366701487.33,0.0,0.0,-0.26658471437519426,0.0,4079795.06
2006-08-17,5.935118,230419707.0,0.0,1367568199.3,0.0,0.0,-0.26658471437519426,0.0,3906688.4
2006-08-18,5.93796,230419707.0,0.0,1368222925.88,0.0,0.0,-0.26658471437519426,0.0,475176.8
2006-08-21,5.949807,230419707.0,0.0,1370952670.85,0.0,0.0,-0.26658471437519426,0.0,475176.8
2006-08-22,5.937205,230419707.0,0.0,1368049113.81,0.0,0.0,-0.26658471437519426,0.0,475176.8
2006-08-23,5.89764,230419707.0,0.0,1358932479.99,0.0,0.0,-0.26658471437519426,0.0,475176.8
2006-08-24,5.906373,230419707.0,0.0,1360944766.44,0.0,0.0,-0.26658471437519426,0.0,475176.8
2006-08-25,5.91608,230419707.0,0.0,1360944766.44,0.0,0.0,-0.26658471437519426,0.0,475176.8
2006-08-28,5.916076,230419707.0,0.0,1363180502.83,0.0,0.0,-0.26658471437519426,0.0,475176.8
2006-08-29,5.925563,230419707.0,0.0,1365366603.06,0.0,0.0,-0.26658471437519426,0.0,475176.8
2006-08-30,5.914652,230419707.0,0.0,1362852473.27,0.0,0.0,-0.26658471437519426,0.0,0.0
2006-08-31,5.890739,230419707.0,0.0,1357342316.84,0.0,0.0,-0.26658471437519426,0.0,0.0
2006-09-01,5.933595,230419707.0,0.0,1367217111.69,0.0,0.0,-0.26658471437519426,0.0,0.0
2006-09-04,5.970928,230419707.0,0.0,1375819549.67,0.0,0.0,-0.26658471437519426,0.0,0.0
2006-09-05,5.966562,230419707.0,0.0,1374813464.49,0.0,0.0,-0.26658471437519426,0.0,0.0
2006-09-06,5.916442,230419707.0,0.0,1363264797.15,0.0,0.0,-0.26658471437519426,0.0,0.0
2006-09-07,5.845674,230419707.0,0.0,1346958410.67,0.0,0.0,-0.26658471437519426,0.0,0.0
2006-09-08,5.866486,230419707.0,0.0,1351753885.05,0.0,0.0,-0.26658471437519426,0.0,0.0
2006-09-11,5.837982,230419707.0,0.0,1345186210.84,0.0,0.0,-0.26658471437519426,0.0,0.0
2006-09-12,5.882329,230419707.0,0.0,1355404559.33,0.0,0.0,-0.26658471437519426,0.0,0.0
2006-09-13,5.881499,230419707.0,0.0,1355213300.34,0.0,0.0,-0.26658471437519426,0.0,0.0
2006-09-14,5.866346,230419707.0,0.0,1351721761.59,0.0,0.0,-0.26658471437519426,0.0,0.0
2006-09-15,5.865598,230419707.0,0.0,1351549340.63,0.0,0.0,-0.26658471437519426,0.0,0.0
2006-09-18,5.879146,230419707.0,0.0,1354671087.02,0.0,0.0,-0.26658471437519426,0.0,0.0
2006-09-19,5.820293,230419707.0,0.0,1341110261.35,0.0,0.0,-0.26658471437519426,0.0,0.0
2006-09-20,5.856055,230419707.0,0.0,1349350503.59,0.0,0.0,-0.26658471437519426,0.0,0.0
2006-09-21,5.88619,230419707.0,0.0,1356294200.64,0.0,0.0,-0.26658471437519426,0.0,0.0
2006-09-22,5.811968,230419707.0,0.0,1339191986.6,0.0,0.0,-0.26658471437519426,0.0,0.0
2006-09-25,5.788014,230419707.0,0.0,1333672483.39,0.0,0.0,-0.26658471437519426,0.0,0.0
2006-09-26,5.862836,230419707.0,0.0,1350912967.54,0.0,0.0,-0.26658471437519426,0.0,0.0
2006-09-27,5.919997,230419707.0,0.0,1364083906.22,0.0,0.0,-0.26658471437519426,0.0,0.0
2006-09-28,5.961094,230419707.0,0.0,1373553485.76,0.0,0.0,-0.26658471437519426,0.0,0.0
2006-09-29,5.950635,230419707.0,0.0,1371143506.17,0.0,0.0,-0.27332084211543295,0.0,0.0
2006-10-02,5.947459,230419707.0,0.0,1370411758.96,0.0,0.0,-0.2676868953151271,0.0,0.0
2006-10-03,5.926766,230419707.0,0.0,1365643785.89,0.0,0.0,-0.2676868953151271,0.0,0.0
2006-10-04,5.956854,230419707.0,0.0,1372576440.45,0.0,0.0,-0.2676868953151271,0.0,0.0
2006-10-05,5.994566,230419707.0,0.0,1381266220.96,0.0,0.0,-0.2676868953151271,0.0,0.0
2006-10-06,5.991524,230419707.0,0.0,1380565314.87,0.0,0.0,-0.2676868953151271,0.0,0.0
2006-10-09,6.020074,230419707.0,0.0,1387143670.01,0.0,0.0,-0.2595989597144712,0.0,0.0
2006-10-10,6.061965,230419707.0,0.0,1396796290.14,0.0,0.0,-0.2595989597144712,0.0,0.0
2006-10-11,6.063953,230419707.0,0.0,1397254342.18,0.0,0.0,-0.2595989597144712,0.0,0.0
2006-10-12,6.111593,230419707.0,0.0,1408231387.32,0.0,0.0,-0.2595989597144712,0.0,0.0
2006-10-13,6.147459,230419707.0,0.0,1416495796.88,0.0,0.0,-0.25058989033808254,0.0,0.0
2006-10-16,6.162671,230419707.0,0.0,1420000834.05,0.0,0.0,-0.25058989033808254,0.0,0.0
2006-10-17,6.098867,230419707.0,0.0,1405299080.24,0.0,0.0,-0.25058989033808254,0.0,0.0
2006-10-18,6.1414,230419707.0,0.0,1415099645.76,0.0,0.0,-0.25058989033808254,0.0,0.0
2006-10-19,6.14684,230419707.0,0.0,1416352969.44,0.0,0.0,-0.25058989033808254,0.0,0.0
2006-10-20,6.145941,230419707.0,0.0,1416145872.19,0.0,0.0,-0.25058989033808254,0.0,0.0
2006-10-23,6.156769,230419707.0,0.0,1418640978.28,0.0,0.0,-0.25058989033808254,0.0,0.0
2006-10-24,6.173043,230419707.0,0.0,1422390662.72,0.0,0.0,-0.23982048969853767,0.0,0.0
2006-10-25,6.205175,230419707.0,0.0,1429794642.3,0.0,0.0,-0.23982048969853767,0.0,0.0
2006-10-26,6.175398,230419707.0,0.0,1422933449.63,0.0,0.0,-0.23982048969853767,0.0,0.0
2006-10-27,6.151468,230419707.0,0.0,1417419434.56,0.0,0.0,-0.23982048969853767,0.0,0.0
2006-10-30,6.11747,230419707.0,0.0,1409585580.11,0.0,0.0,-0.23389511885559008,0.0,0.0
2006-10-31,6.119709,230419707.0,0.0,1410101539.57,0.0,0.0,-0.23389511885559008,0.0,0.0
2006-11-01,6.146886,230819707.0,400000.0,1418822355.69,2458754.4,0.0017329543689098847,0.008399391317706043,491750.88,122937.72
2006-11-02,6.146505,230819707.0,0.0,1418734533.99,0.0,0.0,-0.2241625398989317,491750.88,122937.72
2006-11-03,6.145129,230819707.0,0.0,1418416988.76,0.0,0.0,-0.21260243675996765,491750.88,122937.72
2006-11-06,6.221478,230819707.0,0.0,1436039686.09,0.0,0.0,-0.2067820267184756,491750.88,122937.72
2006-11-07,6.241006,230819707.0,0.0,1440547111.57,0.0,0.0,-0.2067820267184756,491750.88,122937.72
2006-11-08,6.241255,230819707.0,0.0,1440604690.96,0.0,0.0,-0.2067820267184756,0.0,122937.72
2006-11-09,6.233698,230819707.0,0.0,1438860308.2,0.0,0.0,-0.2009863069622219,0.0,122937.72
2006-11-10,6.210448,230819707.0,0.0,1433493726.46,0.0,0.0,-0.1841109587710013,0.0,122937.72
2006-11-13,6.196401,230819707.0,0.0,1430251491.44,0.0,0.0,-0.1841109587710013,0.0,122937.72
2006-11-14,6.188428,230819707.0,0.0,1428411106.25,0.0,0.0,-0.1841109587710013,0.0,122937.72
2006-11-15,6.232449,230819707.0,0.0,1438571970.81,0.0,0.0,-0.1841109587710013,0.0,122937.72
2006-11-16,6.257541,230819707.0,0.0,1444363845.7,0.0,0.0,-0.1841109587710013,0.0,122937.72
2006-11-17,6.194788,230819707.0,0.0,1429879048.56,0.0,0.0,-0.1841109587710013,0.0,122937.72
2006-11-20,6.207096,230819707.0,0.0,1432720145.46,0.0,0.0,-0.1841109587710013,0.0,122937.72
2006-11-21,6.204993,230819707.0,0.0,1432234645.54,0.0,0.0,-0.17152148351382593,0.0,122937.72
2006-11-22,6.172324,230819707.0,0.0,1424694055.61,0.0,0.0,-0.17152148351382593,0.0,122937.72
2006-11-23,6.152062,230819707.0,0.0,1420017133.44,0.0,0.0,-0.14916612524519562,0.0,122937.72
2006-11-24,6.133953,232419707.0,1600000.0,1425651651.18,9814324.8,0.00688409738232812,0.8842520021583916,1962864.9600000002,613653.9600000001
2006-11-27,6.061688,234419707.0,2000000.0,1420979069.73,12123376.0,0.008531706242727108,1.1220205020393166,4387540.16,1219822.7600000002
2006-11-28,6.037299,236019707.0,1600000.0,1424921605.94,9659678.4,0.0067790946250882705,0.8414762177637579,6319475.840000001,1702806.6800000002
2006-11-29,6.070429,236019707.0,0.0,1432740853.33,0.0,0.0,-0.18851724141621448,6319475.840000001,1579868.9600000002
2006-11-30,6.03501,240219707.0,4200000.0,1449728529.0,25347042.0,0.017483991997787333,2.418754060099992,11388884.24,2847221.06
2006-12-01,6.00797,240219707.0,0.0,1443232860.19,0.0,0.0,-0.20568287284461043,9426019.280000001,2847221.06
2006-12-04,6.036171,240219707.0,0.0,1450007384.14,0.0,0.0,-0.20568287284461043,7001344.080000001,2847221.06
2006-12-05,6.072265,240219707.0,0.0,1458677787.69,0.0,0.0,-0.20568287284461043,5069408.4,2847221.06
2006-12-06,6.076763,240219707.0,0.0,1459758389.02,0.0,0.0,-0.20568287284461043,5069408.4,2847221.06
2006-12-07,6.11743,240219707.0,0.0,1469527478.26,0.0,0.0,-0.20568287284461043,0.0,2847221.06
2006-12-08,6.138145,240219707.0,0.0,1474503552.28,0.0,0.0,-0.1947698720668714,0.0,2847221.06
2006-12-11,6.145482,240219707.0,0.0,1476265897.37,0.0,0.0,-0.1947698720668714,0.0,2847221.06
2006-12-12,6.141959,240219707.0,0.0,1475419593.19,0.0,0.0,-0.1947698720668714,0.0,2847221.06
2006-12-13,6.178021,240219707.0,0.0,1484082434.07,0.0,0.0,-0.1947698720668714,0.0,2847221.06
2006-12-14,6.21334,240219707.0,0.0,1492566922.96,0.0,0.0,-0.17310341675908664,0.0,2847221.06
2006-12-15,6.245234,240219707.0,0.0,1500228413.76,0.0,0.0,-0.17310341675908664,0.0,2847221.06
2006-12-18,6.23273,240219707.0,0.0,1497224590.15,0.0,0.0,-0.1607881510454513,0.0,2847221.06
2006-12-19,6.189657,240219707.0,0.0,1486877793.84,0.0,0.0,-0.17740690763678674,0.0,2847221.06
2006-12-20,6.184201,240219707.0,0.0,1485567087.79,0.0,0.0,-0.17740690763678674,0.0,2847221.06
2006-12-21,6.169347,240219707.0,0.0,1481998859.29,0.0,0.0,-0.17740690763678674,0.0,2847221.06
2006-12-22,6.17,240219707.0,0.0,1481998859.29,0.0,0.0,-0.17740690763678674,0.0,2356504.82
2006-12-27,6.232417,240219707.0,0.0,1497149586.37,0.0,0.0,-0.17740690763678674,0.0,1750336.02
2006-12-28,6.227996,240219707.0,0.0,1496087402.48,0.0,0.0,-0.17740690763678674,0.0,1267352.1
2006-12-29,6.207447,240219707.0,0.0,1491151262.64,0.0,0.0,-0.1666500925110238,0.0,1267352.1
2007-01-01,6.207495,0.0,-240219707.0,9921359.17,-1491162630.103965,-150.29822069267604,-10.863163282728467,-298232526.020793,-74558131.50519826
2007-01-02,6.297722,240219707.0,240219707.0,1512836946.76,1512836933.607454,0.9999999913060387,0.16348787443290294,4334860.700697804,1083715.175174451
2007-01-03,6.305636,240219707.0,0.0,1514738128.05,0.0,0.0,0.09060921768753512,4334860.700697804,1083715.175174451
2007-01-04,6.273525,240219707.0,0.0,1507024466.01,0.0,0.0,0.09060921768753512,4334860.700697804,1083715.175174451
2007-01-05,6.206844,240219707.0,0.0,1491006394.56,0.0,0.0,0.09060921768753512,4334860.700697804,1083715.175174451
2007-01-08,6.180671,240219707.0,0.0,1484719138.63,0.0,0.0,0.09061091224554696,302567386.7214908,1083715.175174451
2007-01-09,6.182691,240219707.0,0.0,1485204431.95,0.0,0.0,0.09064303146362383,0.0,1083715.175174451
2007-01-10,6.147302,240219707.0,0.0,1476703251.14,0.0,0.0,0.09064303146362383,0.0,1083715.175174451
2007-01-11,6.216636,240219707.0,0.0,1493358642.25,0.0,0.0,0.09064303146362383,0.0,1083715.175174451
2007-01-12,6.225041,240219707.0,0.0,1495377644.27,0.0,0.0,0.09064303146362383,0.0,1083715.175174451
2007-01-15,6.249644,240219707.0,0.0,1501287859.87,0.0,0.0,0.09064303146362383,0.0,1083715.175174451
2007-01-16,6.20152,240219707.0,0.0,1489727523.23,0.0,0.0,0.09064303146362383,0.0,1083715.175174451
2007-01-17,6.191514,240219707.0,0.0,1487323746.4,0.0,0.0,0.09064303146362383,0.0,1083715.175174451
2007-01-18,6.197477,240219707.0,0.0,1488756130.41,0.0,0.0,0.09064303146362383,0.0,1083715.175174451
2007-01-19,6.224211,240219707.0,0.0,1495178172.17,0.0,0.0,0.09064728367135781,0.0,1083715.175174451
2007-01-22,6.205498,240219707.0,0.0,1490682912.48,0.0,0.0,0.09064728367135781,0.0,1083715.175174451
2007-01-23,6.214333,240219707.0,0.0,1492805260.7,0.0,0.0,0.09064728367135781,0.0,1083715.175174451
2007-01-24,6.301412,240219707.0,0.0,1513723545.09,0.0,0.0,0.09064728367135781,0.0,1083715.175174451
2007-01-25,6.256188,240219707.0,0.0,1502859785.27,0.0,0.0,0.09064728367135781,0.0,1083715.175174451
2007-01-26,6.214944,240219707.0,0.0,1492952217.0,0.0,0.0,0.09064728367135781,0.0,1083715.175174451
2007-01-29,6.226604,240219707.0,0.0,1495753054.11,0.0,0.0,0.09064728367135781,0.0,75641846.6803727
2007-01-30,6.228445,240219707.0,0.0,1496195434.45,0.0,0.0,0.09064728367135781,0.0,0.0
2007-01-31,6.189626,240219707.0,0.0,1486870217.79,0.0,0.0,0.09064728367135781,0.0,0.0
2007-02-01,6.268365,240219707.0,0.0,1505785002.28,0.0,0.0,0.09064728367135781,0.0,0.0
2007-02-02,6.297022,240219707.0,0.0,1512668910.46,0.0,0.0,0.09064728367135781,0.0,0.0
2007-02-05,6.303816,240219707.0,0.0,1514301072.43,0.0,0.0,0.09064728367135781,0.0,0.0
2007-02-06,6.332198,240219707.0,0.0,1521118820.46,0.0,0.0,0.09064728367135781,0.0,0.0
2007-02-07,6.363721,240219707.0,0.0,1528691262.88,0.0,0.0,0.09064728367135781,0.0,0.0
2007-02-08,6.340821,240419707.0,200000.0,1524458556.53,1268164.2,0.0008318784361620287,0.09070740065745166,253632.84,63408.21
2007-02-09,6.377131,240419707.0,0.0,1533188127.28,0.0,0.0,0.09064677426378008,253632.84,63408.21
2007-02-12,6.347622,240419707.0,0.0,1526093470.45,0.0,0.0,0.09064677426378008,253632.84,63408.21
2007-02-13,6.375685,240419707.0,0.0,1532840324.94,0.0,0.0,0.09064677426378008,253632.84,63408.21
2007-02-14,6.418394,240419707.0,0.0,1543108441.07,0.0,0.0,0.09064677426378008,253632.84,63408.21
2007-02-15,6.430689,240419707.0,0.0,1546064589.15,0.0,0.0,0.09064677426378008,0.0,63408.21
2007-02-16,6.416813,241219707.0,800000.0,1547861989.49,5133450.4,0.0033164781064824807,0.09088644464011215,1026690.0800000001,320080.73000000004
2007-02-19,6.441383,241219707.0,0.0,1553788631.27,0.0,0.0,0.0906447433752656,1026690.0800000001,320080.73000000004
2007-02-20,6.409278,241219707.0,0.0,1546044253.96,0.0,0.0,0.0906447433752656,1026690.0800000001,320080.73000000004
2007-02-21,6.358897,241219707.0,0.0,1533891459.0,0.0,0.0,0.0906447433752656,1026690.0800000001,320080.73000000004
2007-02-22,6.382502,241219707.0,0.0,1539585282.09,0.0,0.0,0.0906447433752656,1026690.0800000001,320080.73000000004
2007-02-23,6.402692,241219707.0,0.0,1544455529.86,0.0,0.0,0.0906447433752656,0.0,320080.73000000004
2007-02-26,6.43598,241619707.0,400000.0,1555059785.38,2574392.0,0.0016554939071817822,0.09076438017612894,514878.4,448800.3300000001
2007-02-27,6.287491,241619707.0,0.0,1519181862.77,0.0,0.0,0.09064372961801669,514878.4,448800.3300000001
2007-02-28,6.154166,241619707.0,0.0,1486967982.49,0.0,0.0,0.09064372961801669,514878.4,448800.3300000001
2007-03-01,6.098847,241619707.0,0.0,1473601753.63,0.0,0.0,0.09064372961801669,514878.4,448800.3300000001
2007-03-02,6.098773,241619707.0,0.0,1473583926.73,0.0,0.0,0.09064372961801669,514878.4,448800.3300000001
2007-03-05,6.041579,241619707.0,0.0,1459764676.29,0.0,0.0,0.09064372961801669,0.0,448800.3300000001
2007-03-06,6.120923,241619707.0,0.0,1478935624.42,0.0,0.0,0.09064372961801669,0.0,448800.3300000001
2007-03-07,6.167424,241619707.0,0.0,1490171368.5,0.0,0.0,0.09064372961801669,0.0,448800.3300000001
2007-03-08,6.238111,241619707.0,0.0,1507250787.51,0.0,0.0,0.09064372961801669,0.0,385392.12
2007-03-09,6.256012,243019707.0,1400000.0,1520334371.47,8758416.8,0.005760849037130925,0.0910600460101774,1751683.36,823312.9600000001
2007-03-12,6.243764,243019707.0,0.0,1517357760.71,0.0,0.0,0.09064020186232072,1751683.36,823312.9600000001
2007-03-13,6.171296,243019707.0,0.0,1499746731.35,0.0,0.0,0.09064020186232072,1751683.36,823312.9600000001
2007-03-14,6.018549,243019707.0,0.0,1462626168.97,0.0,0.0,0.09064020186232072,1751683.36,823312.9600000001
2007-03-15,6.150339,243019707.0,0.0,1494653664.92,0.0,0.0,0.09064020186232072,1751683.36,823312.9600000001
2007-03-16,6.147863,243019707.0,0.0,1494051978.71,0.0,0.0,0.09064020186232072,0.0,566640.4400000001
2007-03-19,6.206628,243019707.0,0.0,1508332949.14,0.0,0.0,0.09064020186232072,0.0,566640.4400000001
2007-03-20,6.237545,243019707.0,0.0,1515846511.47,0.0,0.0,0.09064020186232072,0.0,566640.4400000001
2007-03-21,6.283448,243019707.0,0.0,1527001753.25,0.0,0.0,0.09064020186232072,0.0,566640.4400000001
2007-03-22,6.344518,243019707.0,0.0,1541843027.23,0.0,0.0,0.09064020186232072,0.0,566640.4400000001
2007-03-23,6.36616,243019707.0,0.0,1547102362.51,0.0,0.0,0.09064020186232072,0.0,566640.4400000001
2007-03-26,6.318576,243019707.0,0.0,1535538670.82,0.0,0.0,0.09064020186232072,0.0,437920.84
2007-03-27,6.318828,243019707.0,0.0,1535599838.67,0.0,0.0,0.09064020186232072,0.0,437920.84
2007-03-28,6.295498,243019707.0,0.0,1529930195.38,0.0,0.0,0.09064020186232072,0.0,437920.84
2007-03-29,6.352754,243019707.0,0.0,1543844486.85,0.0,0.0,0.09064020186232072,0.0,437920.84
2007-03-30,6.336136,243019707.0,0.0,1539805960.1,0.0,0.0,0.09064020186232072,0.0,437920.84
2007-04-02,6.343307,243019707.0,0.0,1541548689.72,0.0,0.0,0.09064020186232072,0.0,437920.84
2007-04-03,6.393759,243019707.0,0.0,1553809533.8,0.0,0.0,0.09064020186232072,0.0,437920.84
2007-04-04,6.395227,243019707.0,0.0,1554166333.18,0.0,0.0,0.09064020186232072,0.0,437920.84
2007-04-05,6.427714,243019707.0,0.0,1562061214.12,0.0,0.0,0.09064020186232072,0.0,437920.84
2007-04-10,6.447798,243019707.0,0.0,1566942065.97,0.0,0.0,0.09064020186232072,0.0,0.0
2007-04-11,6.446018,243019707.0,0.0,1566509594.59,0.0,0.0,0.09064020186232072,0.0,0.0
2007-04-12,6.448923,243019707.0,0.0,1567215561.96,0.0,0.0,0.09064020186232072,0.0,0.0
2007-04-13,6.494971,243019707.0,0.0,1578406052.54,0.0,0.0,0.09064020186232072,0.0,0.0
2007-04-16,6.548837,245219707.0,2200000.0,1605904042.78,14407441.4,0.00897154563174217,0.09128854367897393,2881488.2800000003,720372.0700000001
2007-04-17,6.530477,245219707.0,0.0,1601401743.36,0.0,0.0,0.09063470792943766,2881488.2800000003,720372.0700000001
2007-04-18,6.484855,245219707.0,0.0,1590214339.87,0.0,0.0,0.09063470792943766,2881488.2800000003,720372.0700000001
2007-04-19,6.475708,245219707.0,0.0,1587971325.99,0.0,0.0,0.09063470792943766,2881488.2800000003,720372.0700000001
2007-04-20,6.521859,245219707.0,0.0,1599288451.37,0.0,0.0,0.09063470792943766,2881488.2800000003,720372.0700000001
2007-04-23,6.514905,240219707.0,-5000000.0,1565008702.62,-32574525.0,-0.020814277227638796,0.08913053087952125,-6514905.0,-908354.18
2007-04-24,6.464614,240219707.0,0.0,1552927786.83,0.0,0.0,0.09064851398281747,-6514905.0,-908354.18
2007-04-25,6.502429,240219707.0,0.0,1562011609.89,0.0,0.0,0.09064851398281747,-6514905.0,-908354.18
2007-04-26,6.509726,240219707.0,0.0,1563764644.35,0.0,0.0,0.09064851398281747,-6514905.0,-908354.18
2007-04-27,6.458848,240219707.0,0.0,1551542682.76,0.0,0.0,0.09064851398281747,-6514905.0,-908354.18
2007-04-30,6.489649,240219707.0,0.0,1558941692.5,0.0,0.0,0.09064851398281747,0.0,-908354.18
2007-05-01,6.459255,240219707.0,0.0,1551640387.43,0.0,0.0,0.09064851398281747,0.0,-908354.18
2007-05-02,6.527519,240219707.0,0.0,1568038738.62,0.0,0.0,0.09064851398281747,0.0,-908354.18
2007-05-03,6.581275,240219707.0,0.0,1580952087.52,0.0,0.0,0.09064851398281747,0.0,-908354.18
2007-05-04,6.645964,240219707.0,0.0,1596491546.99,0.0,0.0,0.09064851398281747,0.0,-908354.18
2007-05-07,6.645758,240219707.0,0.0,1596442264.33,0.0,0.0,0.09064851398281747,0.0,-908354.18
2007-05-08,6.592404,240219707.0,0.0,1583625502.02,0.0,0.0,0.09064851398281747,0.0,-908354.18
2007-05-09,6.601374,240219707.0,0.0,1585780295.82,0.0,0.0,0.09064851398281747,0.0,-908354.18
2007-05-10,6.575658,240219707.0,0.0,1579602841.66,0.0,0.0,0.09064851398281747,0.0,-908354.18
2007-05-11,6.618115,240219707.0,0.0,1589801812.72,0.0,0.0,0.09064851398281747,0.0,-908354.18
2007-05-14,6.607038,240219707.0,0.0,1587140966.01,0.0,0.0,0.09064851398281747,0.0,-1628726.25
2007-05-15,6.619743,240219707.0,0.0,1590192781.4,0.0,0.0,0.09064851398281747,0.0,-1628726.25
2007-05-16,6.615137,240219707.0,0.0,1589086307.82,0.0,0.0,0.09064851398281747,0.0,-1628726.25
2007-05-17,6.634953,240219707.0,0.0,1593846692.36,0.0,0.0,0.09065272960462221,0.0,-1628726.25
2007-05-18,6.696814,240219707.0,0.0,1608706699.17,0.0,0.0,0.0906579542095212,0.0,-1628726.25
2007-05-21,6.692969,240219707.0,0.0,1607783248.56,0.0,0.0,0.090662105539883,0.0,0.0
2007-05-22,6.662436,240219707.0,0.0,1600448655.09,0.0,0.0,0.090662105539883,0.0,0.0
2007-05-23,6.675429,240219707.0,0.0,1603569833.8,0.0,0.0,0.09067281265421398,0.0,0.0
2007-05-24,6.623709,240219707.0,0.0,1591145618.34,0.0,0.0,0.09067281265421398,0.0,0.0
2007-05-25,6.628795,240219707.0,0.0,1592367240.28,0.0,0.0,0.09067281265421398,0.0,0.0
2007-05-28,6.628481,240219707.0,0.0,1592291849.72,0.0,0.0,0.09067281265421398,0.0,0.0
2007-05-29,6.664436,240219707.0,0.0,1600928870.86,0.0,0.0,0.09067281265421398,0.0,0.0
2007-05-30,6.582378,240219707.0,0.0,1581216965.29,0.0,0.0,0.09067281265421398,0.0,0.0
2007-05-31,6.601189,240219707.0,0.0,1585735836.12,0.0,0.0,0.09067281265421398,0.0,0.0
2007-06-01,6.65653,240219707.0,0.0,1599029806.7,0.0,0.0,0.09067281265421398,0.0,0.0
2007-06-04,6.643937,240219707.0,0.0,1596004665.26,0.0,0.0,0.09067281265421398,0.0,0.0
2007-06-05,6.613004,240219707.0,0.0,1588574084.45,0.0,0.0,0.09067281265421398,0.0,0.0
2007-06-06,6.515125,240219707.0,0.0,1565061615.12,0.0,0.0,0.09067281265421398,0.0,0.0
2007-06-07,6.497263,240219707.0,0.0,1560770620.01,0.0,0.0,0.09067281265421398,0.0,0.0
2007-06-08,6.497041,240219707.0,0.0,1560717312.35,0.0,0.0,0.09067281265421398,0.0,0.0
2007-06-11,6.559283,240219707.0,0.0,1575669096.7,0.0,0.0,0.09067281265421398,0.0,0.0
2007-06-12,6.51259,240219707.0,0.0,1564452618.61,0.0,0.0,0.09067281265421398,0.0,0.0
2007-06-13,6.551966,240219707.0,0.0,1573911437.17,0.0,0.0,0.09067281265421398,0.0,0.0
2007-06-14,6.642091,240219707.0,0.0,1595561379.48,0.0,0.0,0.09067281265421398,0.0,0.0
2007-06-15,6.724256,240219707.0,0.0,1615298981.93,0.0,0.0,0.09067281265421398,0.0,0.0
2007-06-18,6.695624,240219707.0,0.0,1608420851.11,0.0,0.0,0.09067281265421398,0.0,0.0
2007-06-19,6.642804,240219707.0,0.0,1595732473.54,0.0,0.0,0.09067281265421398,0.0,0.0
2007-06-20,6.642786,240219707.0,0.0,1595728201.09,0.0,0.0,-0.09123567936482176,0.0,0.0
2007-06-21,6.589422,240219707.0,0.0,1582909222.85,0.0,0.0,0.0010667767032396533,0.0,0.0
2007-06-22,6.560335,240219707.0,0.0,1575921901.27,0.0,0.0,0.0010667767032396533,0.0,0.0
2007-06-25,6.589312,240219707.0,0.0,1582882715.5,0.0,0.0,0.0010667767032396533,0.0,0.0
2007-06-26,6.551516,240219707.0,0.0,1573803484.98,0.0,0.0,0.0010667767032396533,0.0,0.0
2007-06-27,6.522829,240219707.0,0.0,1566912224.93,0.0,0.0,0.0010667767032396533,0.0,0.0
2007-06-28,6.566284,241619707.0,1400000.0,1586543821.58,9192797.6,0.005794228608728323,2.5714308342540546,1838559.52,459639.88
2007-06-29,6.603167,241619707.0,0.0,1595455380.77,0.0,0.0,-0.02056349372942849,1838559.52,459639.88
2007-07-02,6.585803,241619707.0,0.0,1591259878.78,0.0,0.0,-0.02056349372942849,1838559.52,459639.88
2007-07-03,6.634175,241619707.0,0.0,1602947645.79,0.0,0.0,-0.02056349372942849,1838559.52,459639.88
2007-07-04,6.668052,241619707.0,0.0,1611132832.85,0.0,0.0,-0.02056349372942849,1838559.52,459639.88
2007-07-05,6.630339,241619707.0,0.0,1602020659.0,0.0,0.0,-0.02056349372942849,0.0,459639.88
2007-07-06,6.685168,241619707.0,0.0,1615268354.4,0.0,0.0,-0.02056349372942849,0.0,459639.88
2007-07-09,6.707415,241619707.0,0.0,1620643749.2,0.0,0.0,-0.02056349372942849,0.0,459639.88
2007-07-10,6.625867,241619707.0,0.0,1600940177.58,0.0,0.0,-0.02056349372942849,0.0,459639.88
2007-07-11,6.611424,241619707.0,0.0,1597450507.11,0.0,0.0,-0.02056349372942849,0.0,459639.88
2007-07-12,6.693798,241619707.0,0.0,1617353737.46,0.0,0.0,-0.02056349372942849,0.0,459639.88
2007-07-13,6.712606,241619707.0,0.0,1621897977.53,0.0,0.0,-0.02056349372942849,0.0,459639.88
2007-07-16,6.693504,241619707.0,0.0,1617282607.91,0.0,0.0,-0.02056349372942849,0.0,459639.88
2007-07-17,6.654803,241619707.0,0.0,1607931765.71,0.0,0.0,-0.02056349372942849,0.0,459639.88
2007-07-18,6.562995,241619707.0,0.0,1585749147.57,0.0,0.0,-0.02056349372942849,0.0,459639.88
2007-07-19,6.635734,241619707.0,0.0,1603324190.66,0.0,0.0,-0.02056349372942849,0.0,459639.88
2007-07-20,6.580632,241619707.0,0.0,1590010431.02,0.0,0.0,-0.02056349372942849,0.0,459639.88
2007-07-23,6.619773,241619707.0,0.0,1599467690.7,0.0,0.0,-0.02056349372942849,0.0,459639.88
2007-07-24,6.494208,241619707.0,0.0,1569128721.6,0.0,0.0,-0.02056349372942849,0.0,459639.88
2007-07-25,6.449417,241619707.0,0.0,1558306366.31,0.0,0.0,-0.02056349372942849,0.0,459639.88
2007-07-26,6.247007,241619707.0,0.0,1509400201.16,0.0,0.0,-0.02056349372942849,0.0,0.0
2007-07-27,6.210499,241619707.0,0.0,1500578981.95,0.0,0.0,-0.02056349372942849,0.0,0.0
2007-07-30,6.201598,241619707.0,0.0,1498428295.54,0.0,0.0,-0.01747151425063201,0.0,0.0
2007-07-31,6.354938,241619707.0,0.0,1535478450.12,0.0,0.0,-0.01747151425063201,0.0,0.0
2007-08-01,6.254286,244419707.0,2800000.0,1528670934.49,17512000.799999997,0.011455703385792708,4.59209741426528,3502400.159999999,875600.0399999998
2007-08-02,6.303821,246419707.0,2000000.0,1553385879.85,12607642.0,0.0081162331675227,3.078546497427943,6023928.56,1505982.14
2007-08-03,6.227501,247819707.0,1400000.0,1543297562.43,8718501.4,0.005649267913228787,2.0624438881313782,7767628.839999999,1941907.2099999997
2007-08-06,6.192595,247819707.0,0.0,1534647324.59,0.0,0.0,-0.09518183856208345,7767628.839999999,1941907.2099999997
2007-08-07,6.312235,247819707.0,0.0,1564296367.52,0.0,0.0,-0.08512011204986639,7767628.839999999,1941907.2099999997
2007-08-08,6.411052,247819707.0,0.0,1588785089.05,0.0,0.0,-0.08512011204986639,4265228.68,1941907.2099999997
2007-08-09,6.288489,249219707.0,1400000.0,1567215471.64,8803884.6,0.005617532980826972,2.0191729899243738,3504477.2,2382101.44
2007-08-10,6.054908,251219707.0,2000000.0,1521112367.47,12109816.0,0.007961158070223129,2.7828503472054975,4182740.12,2987592.2399999998
2007-08-13,6.236,255219707.0,4000000.0,1591550344.5,24944000.0,0.015672768433747777,4.941963861828788,9171540.120000001,4234792.24
2007-08-14,6.159992,255219707.0,0.0,1572151410.35,0.0,0.0,-0.1512208922375628,9171540.120000001,4234792.24
2007-08-15,6.138956,255219707.0,0.0,1566782728.85,0.0,0.0,-0.14681735257750472,9171540.120000001,4234792.24
2007-08-16,5.887903,255219707.0,0.0,1502708988.58,0.0,0.0,-0.14681735257750472,7410763.2,4234792.24
2007-08-17,6.094165,255219707.0,0.0,1555351240.8,0.0,0.0,-0.14681735257750472,4988800.0,4234792.24
2007-08-20,6.107746,255219707.0,0.0,1558817250.97,0.0,0.0,-0.14681735257750472,0.0,4234792.24
2007-08-21,6.115187,256219707.0,1000000.0,1566831453.75,6115187.0,0.003902900331343313,1.1059482311817421,1223037.4,4540551.59
2007-08-22,6.232815,257619707.0,1400000.0,1605696161.79,8725941.0,0.0054343662316988315,1.5702079355209373,2968225.6,4976848.64
2007-08-23,6.23399,258419707.0,800000.0,1610985990.94,4987192.0,0.0030957389003053995,0.8111293144531686,3965664.0,5226208.24
2007-08-24,6.256664,258419707.0,0.0,1616845317.16,0.0,0.0,-0.17724180651108526,3965664.0,5226208.24
2007-08-27,6.256486,258419707.0,0.0,1616799282.28,0.0,0.0,-0.17724180651108526,3965664.0,5226208.24
2007-08-28,6.13778,258419707.0,0.0,1586123447.11,0.0,0.0,-0.16382498767875767,2742626.6,5226208.24
2007-08-29,6.124548,258419707.0,0.0,1582703911.17,0.0,0.0,-0.16382498767875767,997438.4,4350608.2
2007-08-30,6.201183,258419707.0,0.0,1602508013.58,0.0,0.0,-0.16382498767875767,0.0,3720226.1
2007-08-31,6.292391,258419707.0,0.0,1626077966.18,0.0,0.0,-0.16382498767875767,0.0,3284301.0300000003
2007-09-03,6.304154,258419707.0,0.0,1629117734.92,0.0,0.0,-0.16382498767875767,0.0,3284301.0300000003
2007-09-04,6.365558,258419707.0,0.0,1644985659.3,0.0,0.0,-0.16382498767875767,0.0,3284301.0300000003
2007-09-05,6.260579,258419707.0,0.0,1617857081.05,0.0,0.0,-0.16382498767875767,0.0,3284301.0300000003
2007-09-06,6.302766,260019707.0,1600000.0,1638843419.61,10084425.6,0.006153379559836057,1.7830578529807628,2016885.1199999999,3348328.08
2007-09-07,6.180849,260019707.0,0.0,1607142666.25,0.0,0.0,-0.17796331525105386,2016885.1199999999,2742837.2800000003
2007-09-10,6.123954,260019707.0,0.0,1592348808.66,0.0,0.0,-0.17796331525105386,2016885.1199999999,1495637.28
2007-09-11,6.270173,260019707.0,0.0,1630368656.72,0.0,0.0,-0.17796331525105386,2016885.1199999999,1495637.28
2007-09-12,6.299839,260019707.0,0.0,1638082331.46,0.0,0.0,-0.17796331525105386,2016885.1199999999,1495637.28
2007-09-13,6.357757,260019707.0,0.0,1653142255.05,0.0,0.0,-0.17796331525105386,0.0,1495637.28
2007-09-14,6.283226,260019707.0,0.0,1633762604.85,0.0,0.0,-0.17796331525105386,0.0,1495637.28
2007-09-17,6.176595,260019707.0,0.0,1606036558.55,0.0,0.0,-0.17796331525105386,0.0,1495637.28
2007-09-18,6.276785,260019707.0,0.0,1632088030.27,0.0,0.0,-0.17796331525105386,0.0,1189877.9300000002
2007-09-19,6.455955,260019707.0,0.0,1678675777.5,0.0,0.0,-0.17796331525105386,0.0,753580.88
2007-09-20,6.424922,260019707.0,0.0,1670606349.39,0.0,0.0,-0.17796331525105386,0.0,504221.27999999997
2007-09-21,6.452109,262619707.0,2600000.0,1694451177.9,16775483.4,0.009900245943226594,2.8480190849008435,3355096.68,1342995.45
2007-09-24,6.461193,262619707.0,0.0,1696836678.37,0.0,0.0,-0.197137712705818,3355096.68,1342995.45
2007-09-25,6.392143,262619707.0,0.0,1678702827.48,0.0,0.0,-0.197137712705818,3355096.68,1342995.45
2007-09-26,6.42894,266019707.0,3400000.0,1710224933.21,21858396.0,0.012781006507122411,3.5040664228225515,7726775.88,2435915.25
2007-09-27,6.482163,266019707.0,0.0,1724383206.46,0.0,0.0,-0.21764522951754767,7726775.88,2435915.25
2007-09-28,6.462367,266019707.0,0.0,1719117005.01,0.0,0.0,-0.21764522951754767,4371679.2,2435915.25
2007-10-01,6.501319,266019707.0,0.0,1729479045.67,0.0,0.0,-0.2007810762810789,4371679.2,2435915.25
2007-10-02,6.496023,266019707.0,0.0,1728070385.18,0.0,0.0,-0.2007810762810789,4371679.2,2435915.25
2007-10-03,6.532212,266019707.0,0.0,1737697206.31,0.0,0.0,-0.2007810762810789,0.0,2435915.25
2007-10-04,6.544791,266019707.0,0.0,1741043552.54,0.0,0.0,-0.2007810762810789,0.0,1931693.97
2007-10-05,6.592041,266019707.0,0.0,1753612957.68,0.0,0.0,-0.2007810762810789,0.0,1931693.97
2007-10-08,6.537788,266019707.0,0.0,1739180536.43,0.0,0.0,-0.31277882652382033,0.0,1931693.97
2007-10-09,6.611839,266019707.0,0.0,1758879597.14,0.0,0.0,-0.31277882652382033,0.0,1931693.97
2007-10-10,6.631098,266019707.0,0.0,1764002905.9,0.0,0.0,-0.31277882652382033,0.0,1931693.97
2007-10-11,6.722371,266019707.0,0.0,1788283225.66,0.0,0.0,-0.31277882652382033,0.0,1931693.97
2007-10-12,6.728499,266019707.0,0.0,1789913387.71,0.0,0.0,-0.31277882652382033,0.0,1931693.97
2007-10-15,6.642119,266019707.0,0.0,1766934796.9,0.0,0.0,-0.31277882652382033,0.0,1931693.97
2007-10-16,6.611638,266019707.0,0.0,1758826230.84,0.0,0.0,-0.31277882652382033,0.0,1931693.97
2007-10-17,6.675932,266019707.0,0.0,1775929662.3,0.0,0.0,-0.31277882652382033,0.0,1931693.97
2007-10-18,6.607707,266019707.0,0.0,1757780327.69,0.0,0.0,-0.31277882652382033,0.0,1931693.97
2007-10-19,6.525777,266019707.0,0.0,1735985461.84,0.0,0.0,-0.31277882652382033,0.0,1092919.8
2007-10-22,6.457331,266019707.0,0.0,1717777484.57,0.0,0.0,-0.31277882652382033,0.0,1092919.8
2007-10-23,6.511617,266019707.0,0.0,1732218557.03,0.0,0.0,-0.31277882652382033,0.0,1092919.8
2007-10-24,6.480689,266019707.0,0.0,1723991140.29,0.0,0.0,-0.31277882652382033,0.0,0.0
2007-10-25,6.574417,266019707.0,0.0,1748924577.66,0.0,0.0,-0.31277882652382033,0.0,0.0
2007-10-26,6.659697,266019707.0,0.0,1771610791.75,0.0,0.0,-0.31277882652382033,0.0,0.0
2007-10-29,6.704079,266019707.0,0.0,1783417319.15,0.0,0.0,-0.31277882652382033,0.0,0.0
2007-10-30,6.657232,266019707.0,0.0,1770954990.11,0.0,0.0,-0.31277882652382033,0.0,0.0
2007-10-31,6.727118,266019707.0,0.0,1789546165.61,0.0,0.0,-0.31277882652382033,0.0,0.0
2007-11-01,6.59196,266019707.0,0.0,1753591289.68,0.0,0.0,-0.31277882652382033,0.0,0.0
2007-11-02,6.536301,266019707.0,0.0,1738785044.49,0.0,0.0,-0.31277882652382033,0.0,0.0
2007-11-05,6.466881,266019707.0,0.0,1720317848.11,0.0,0.0,-0.31277882652382033,0.0,0.0
2007-11-06,6.479933,266019707.0,0.0,1723790056.62,0.0,0.0,-0.31277882652382033,0.0,0.0
2007-11-07,6.396189,266019707.0,0.0,1701512351.67,0.0,0.0,-0.31277882652382033,0.0,0.0
2007-11-08,6.392938,266019707.0,0.0,1700647594.05,0.0,0.0,-0.31277882652382033,0.0,0.0
2007-11-09,6.31552,266019707.0,0.0,1680052932.5,0.0,0.0,-0.31277882652382033,0.0,0.0
2007-11-12,6.34846,266019707.0,0.0,1688815494.25,0.0,0.0,-0.31277882652382033,0.0,0.0
2007-11-13,6.372934,266019707.0,0.0,1695326283.9,0.0,0.0,-0.31277882652382033,0.0,0.0
2007-11-14,6.443608,266019707.0,0.0,1714126884.64,0.0,0.0,-0.31277882652382033,0.0,0.0
2007-11-15,6.370973,266019707.0,0.0,1694804443.34,0.0,0.0,-0.31277882652382033,0.0,0.0
2007-11-16,6.302669,266019707.0,0.0,1676634272.87,0.0,0.0,-0.31277882652382033,0.0,0.0
2007-11-19,6.131549,266019707.0,0.0,1631112930.31,0.0,0.0,-0.31277882652382033,0.0,0.0
2007-11-20,6.237293,268419707.0,2400000.0,1674212387.09,14969503.200000001,0.008941221146988976,2.8613905893910245,2993900.64,748475.16
2007-11-21,6.092196,268419707.0,0.0,1635265506.44,0.0,0.0,-0.3284403840945222,2993900.64,748475.16
2007-11-22,6.17601,268419707.0,0.0,1657762809.0,0.0,0.0,-0.3284403840945222,2993900.64,748475.16
2007-11-23,6.283075,268419707.0,0.0,1686501307.33,0.0,0.0,-0.3284403840945222,2993900.64,748475.16
2007-11-26,6.201121,268419707.0,0.0,1664503158.52,0.0,0.0,-0.3284403840945222,2993900.64,748475.16
2007-11-27,6.160952,268419707.0,0.0,1653721088.74,0.0,0.0,-0.3284403840945222,0.0,748475.16
2007-11-28,6.284762,268419707.0,0.0,1686954134.22,0.0,0.0,-0.3284403840945222,0.0,748475.16
2007-11-29,6.327019,268419707.0,0.0,1698296840.96,0.0,0.0,-0.3284403840945222,0.0,748475.16
2007-11-30,6.410469,268419707.0,0.0,1720696426.78,0.0,0.0,-0.3284403840945222,0.0,748475.16
2007-12-03,6.364179,268419707.0,0.0,1708271131.3,0.0,0.0,-0.3284403840945222,0.0,748475.16
2007-12-04,6.293121,268419707.0,0.0,1689197764.0,0.0,0.0,-0.3284403840945222,0.0,748475.16
2007-12-05,6.472042,268419707.0,0.0,1737223742.14,0.0,0.0,-0.3284403840945222,0.0,748475.16
2007-12-06,6.463733,268419707.0,0.0,1734993402.4,0.0,0.0,-0.3284403840945222,0.0,748475.16
2007-12-07,6.532532,268419707.0,0.0,1753460541.7,0.0,0.0,-0.3284403840945222,0.0,748475.16
2007-12-10,6.543027,268419707.0,0.0,1756277489.12,0.0,0.0,-0.3284403840945222,0.0,748475.16
2007-12-11,6.514621,268419707.0,0.0,1748652765.76,0.0,0.0,-0.3284403840945222,0.0,748475.16
2007-12-12,6.537227,268419707.0,0.0,1754720813.38,0.0,0.0,-0.3284403840945222,0.0,748475.16
2007-12-13,6.342629,268419707.0,0.0,1702486833.24,0.0,0.0,-0.31514610327930126,0.0,748475.16
2007-12-14,6.374904,0.0,-268419707.0,1722624826.3,-1711149863.833128,-0.9933386757861148,-10.858119309546705,-342229972.7666256,-84809018.0316564
2007-12-17,6.256445,270219707.0,270219707.0,1690614974.75,1690614734.761615,0.9999998580466939,7.730426408582741,-4107025.8143025874,-278281.2935756445
2007-12-18,6.257853,270219707.0,0.0,1690995441.19,0.0,0.0,-0.00717938400141644,-4107025.8143025874,-1026756.4535756446
2007-12-19,6.263607,270219707.0,0.0,1692550207.88,0.0,0.0,-0.00717938400141644,-4107025.8143025874,-1026756.4535756446
2007-12-20,6.324113,270219707.0,0.0,1708900145.14,0.0,0.0,-0.00717938400141644,-4107025.8143025874,-1026756.4535756446
2007-12-21,6.412213,270219707.0,0.0,1732706422.27,0.0,0.0,-0.00717938400141644,338122946.952323,-1026756.4535756446
2007-12-24,6.459047,270219707.0,0.0,1745361792.15,0.0,0.0,-0.00717938400141644,0.0,-1026756.4535756446
2007-12-27,6.477446,270219707.0,0.0,1750333610.31,0.0,0.0,-0.00717938400141644,0.0,-1026756.4535756446
2007-12-28,6.456451,270219707.0,0.0,1744660409.34,0.0,0.0,-0.00717938400141644,0.0,-1026756.4535756446
2007-12-31,6.435932,270219707.0,0.0,1739115663.14,0.0,0.0,-0.00717938400141644,0.0,-1026756.4535756446
2008-01-02,6.396147,270219707.0,0.0,1728364977.59,0.0,0.0,-0.00717938400141644,0.0,-1026756.4535756446
2008-01-03,6.458573,270219707.0,0.0,1745233914.82,0.0,0.0,-0.00717938400141644,0.0,-1026756.4535756446
2008-01-04,6.327931,270219707.0,0.0,1709931804.06,0.0,0.0,-0.00717938400141644,0.0,-1026756.4535756446
2008-01-07,6.31132,270219707.0,0.0,1705443204.56,0.0,0.0,-0.00717938400141644,0.0,-1026756.4535756446
2008-01-08,6.335569,270219707.0,0.0,1711995760.22,0.0,0.0,-0.00717938400141644,0.0,-1026756.4535756446
2008-01-09,6.252463,270219707.0,0.0,1689538768.65,0.0,0.0,-0.00717938400141644,0.0,-1026756.4535756446
2008-01-10,6.202589,270219707.0,0.0,1676061800.41,0.0,0.0,-0.00717938400141644,0.0,-1026756.4535756446
2008-01-11,6.181784,270219707.0,0.0,1670440089.05,0.0,0.0,-0.00717938400141644,0.0,-1026756.4535756446
2008-01-14,6.195145,270219707.0,0.0,1674050361.84,0.0,0.0,-0.00717938400141644,0.0,-1026756.4535756446
2008-01-15,6.005797,270219707.0,0.0,1622884835.01,0.0,0.0,-0.00717938400141644,0.0,-1026756.4535756446
2008-01-16,5.924927,270219707.0,0.0,1601032150.4,0.0,0.0,-0.00717938400141644,0.0,84530736.73808075
2008-01-17,5.884247,270219707.0,0.0,1590039740.67,0.0,0.0,-0.00717938400141644,0.0,0.0
2008-01-18,5.883593,270219707.0,0.0,1589862825.74,0.0,0.0,-0.00717938400141644,0.0,0.0
2008-01-21,5.561442,270219707.0,0.0,1502811366.79,0.0,0.0,-0.006440899550491381,0.0,0.0
2008-01-22,5.722317,270219707.0,0.0,1546283010.94,0.0,0.0,-0.005917628515647668,0.0,0.0
2008-01-23,5.592197,270219707.0,0.0,1511121859.76,0.0,0.0,-0.005553381256708237,0.0,0.0
2008-01-24,5.857568,270219707.0,0.0,1582830519.69,0.0,0.0,-0.005553381256708237,0.0,0.0
2008-01-25,5.8503,270219707.0,0.0,1580866609.35,0.0,0.0,-0.005553381256708237,0.0,0.0
2008-01-28,5.770279,270219707.0,0.0,1559243117.21,0.0,0.0,-0.005553381256708237,0.0,0.0
2008-01-29,5.866295,270219707.0,0.0,1585188600.97,0.0,0.0,-0.005191176345943737,0.0,0.0
2008-01-30,5.819225,0.0,-270219707.0,1572469286.33,-1572469274.467075,-0.9999999924558624,-6.2701623697109845,-314493854.89341503,-78623463.72335376
2008-01-31,5.861691,270219707.0,270219707.0,1583944563.2,1583944424.544537,0.9999999124619219,5.46056388748081,2295030.015492392,573757.503873098
2008-02-01,6.010001,0.0,-270219707.0,1624020934.03,-1624020709.289707,-0.999999861614904,-4.850016427226451,-322509111.842449,-80627277.96061225
2008-02-04,6.007152,270219707.0,270219707.0,1623251024.02,1623250853.3444638,0.9999998948557348,4.456134773010939,2141058.8264437676,535264.7066109419
2008-02-05,5.849377,270219707.0,0.0,1580617003.91,0.0,0.0,-0.002112837850909814,2141058.8264437676,535264.7066109419
2008-02-06,5.865836,272619707.0,2400000.0,1599142682.48,14078006.4,0.008803471106260131,0.03680794255420882,319450514.9998588,1239165.0266109419
2008-02-07,5.714999,272619707.0,0.0,1558021496.21,0.0,0.0,-0.0024398910423228956,2661630.090951376,1239165.0266109419
2008-02-08,5.773543,272619707.0,0.0,1573981733.69,0.0,0.0,-0.0022948931809932695,327465771.9488928,1239165.0266109419
2008-02-11,5.69812,272619707.0,0.0,1553419962.41,0.0,0.0,-0.0020930004361411516,2815601.280000019,1239165.0266109419
2008-02-12,5.899681,272619707.0,0.0,1608369393.05,0.0,0.0,-0.0019779887714691667,2815601.280000019,1239165.0266109419
2008-02-13,5.873586,272619707.0,0.0,1601255508.69,0.0,0.0,-0.0019779887714691667,0.0,1239165.0266109419
2008-02-14,5.872827,274219707.0,1600000.0,1610444943.58,9396523.2,0.005834737311237502,0.023817831182566265,1879304.6400000188,1708991.186610942
2008-02-15,5.78114,274219707.0,0.0,1585302536.9,0.0,0.0,-0.002194755606539312,1879304.6400000188,1708991.186610942
2008-02-18,5.939878,275619707.0,1400000.0,1637147644.06,8315829.2,0.00507946197166273,0.020261895358074333,3542470.480000019,2124782.6466109417
2008-02-19,5.959909,275619707.0,0.0,1642668599.79,0.0,0.0,-0.0023834631545519226,3542470.480000019,2124782.6466109417
2008-02-20,5.895022,275619707.0,0.0,1624784239.32,0.0,0.0,-0.0023834631545519226,3542470.480000019,2124782.6466109417
2008-02-21,5.933303,275619707.0,0.0,1635335260.64,0.0,0.0,-0.0023834631545519226,1663165.840000019,2124782.6466109417
2008-02-22,5.88932,275619707.0,0.0,1623212731.97,0.0,0.0,-0.0023834631545519226,1663165.840000019,2124782.6466109417
2008-02-25,6.000298,275619707.0,0.0,1653800566.07,0.0,0.0,-0.0023834631545519226,0.0,2124782.6466109417
2008-02-26,6.088104,275619707.0,0.0,1678001702.25,0.0,0.0,-0.002154859513762752,0.0,2124782.6466109417
2008-02-27,6.055015,275619707.0,0.0,1668881554.31,0.0,0.0,-0.002154859513762752,0.0,80748246.36996469
2008-02-28,5.944516,275619707.0,0.0,1638425790.01,0.0,0.0,-0.002154859513762752,0.0,1551025.1427378417
2008-02-29,5.863056,275619707.0,0.0,1615973934.12,0.0,0.0,-0.002154859513762752,0.0,82752060.60722318
2008-03-03,5.797586,275619707.0,0.0,1597929033.79,0.0,0.0,-0.002154859513762752,0.0,1589517.9399999976
2008-03-04,5.746887,275619707.0,0.0,1583955438.05,0.0,0.0,-0.002154859513762752,0.0,1589517.9399999976
2008-03-05,5.862263,275619707.0,0.0,1615755238.06,0.0,0.0,-0.002154859513762752,0.0,885617.6199999977
2008-03-06,5.775348,275619707.0,0.0,1591799910.67,0.0,0.0,-0.002154859513762752,0.0,885617.6199999977
2008-03-07,5.708222,275619707.0,0.0,1573298672.42,0.0,0.0,-0.002154859513762752,0.0,885617.6199999977
2008-03-10,5.64084,275619707.0,0.0,1554726898.15,0.0,0.0,-0.002154859513762752,0.0,885617.6199999977
2008-03-11,5.698677,275619707.0,0.0,1570667922.85,0.0,0.0,-0.002154859513762752,0.0,885617.6199999977
2008-03-12,5.792653,275619707.0,0.0,1596569534.45,0.0,0.0,-0.001787059584452617,0.0,885617.6199999977
2008-03-13,5.708737,275619707.0,0.0,1573440639.58,0.0,0.0,-0.001787059584452617,0.0,415791.4599999976
2008-03-14,5.647923,275619707.0,0.0,1556679064.04,0.0,0.0,-0.001787059584452617,0.0,415791.4599999976
2008-03-17,5.430016,277819707.0,2200000.0,1508565718.12,11946035.200000001,0.007918803308673455,0.033697977766357204,2389207.040000019,597301.7599999977
2008-03-18,5.620999,277819707.0,0.0,1561624485.29,0.0,0.0,-0.001606431007918069,2389207.040000019,597301.7599999977
2008-03-19,5.571847,277819707.0,0.0,1547968973.52,0.0,0.0,-0.001606431007918069,2389207.040000019,597301.7599999977
2008-03-20,5.521459,281219707.0,3400000.0,1552743258.2,18772960.6,0.01209018973411119,0.05184550329315804,6143799.16000002,1535949.7899999977
2008-03-25,5.715536,281219707.0,0.0,1607321418.62,0.0,0.0,-0.002055588494892043,6143799.16000002,1535949.7899999977
2008-03-26,5.690454,281219707.0,0.0,1600267850.86,0.0,0.0,-0.002055588494892043,3754592.1200000197,1535949.7899999977
2008-03-27,5.747748,281219707.0,0.0,1616380231.47,0.0,0.0,-0.002055588494892043,3754592.1200000197,1535949.7899999977
2008-03-28,5.72292,284219707.0,3000000.0,1626566763.26,17168760.0,0.010555213833086078,0.044609672999580546,7188344.12000002,2394387.7899999977
2008-03-31,5.731826,284219707.0,0.0,1629098060.36,0.0,0.0,-0.0024477161087401848,3433752.0000000196,2394387.7899999977
2008-04-01,5.883246,284219707.0,0.0,1672134507.44,0.0,0.0,-0.0024477161087401848,3433752.0000000196,2394387.7899999977
2008-04-02,5.947021,284219707.0,0.0,1690260661.68,0.0,0.0,-0.0024477161087401848,3433752.0000000196,2394387.7899999977
2008-04-03,5.922164,284219707.0,0.0,1683195989.13,0.0,0.0,-0.0024477161087401848,3433752.0000000196,2394387.7899999977
2008-04-04,5.978082,284219707.0,0.0,1699088890.25,0.0,0.0,-0.0024477161087401848,0.0,2394387.7899999977
2008-04-07,6.045898,284219707.0,0.0,1718363368.58,0.0,0.0,-0.0024477161087401848,0.0,2394387.7899999977
2008-04-08,6.020988,284219707.0,0.0,1711283643.46,0.0,0.0,-0.0024477161087401848,0.0,2394387.7899999977
2008-04-09,6.017722,284219707.0,0.0,1710355450.27,0.0,0.0,-0.0024477161087401848,0.0,2394387.7899999977
2008-04-10,5.998856,284219707.0,0.0,1704993303.18,0.0,0.0,-0.0024477161087401848,0.0,2394387.7899999977
2008-04-11,5.928585,284219707.0,0.0,1685020699.99,0.0,0.0,-0.0024477161087401848,0.0,2394387.7899999977
2008-04-14,5.864216,284219707.0,0.0,1666725902.97,0.0,0.0,-0.0024477161087401848,0.0,2394387.7899999977
2008-04-15,5.93985,284219707.0,0.0,1688222605.1,0.0,0.0,-0.0024477161087401848,0.0,2394387.7899999977
2008-04-16,6.083661,284219707.0,0.0,1729096573.32,0.0,0.0,-0.0024477161087401848,0.0,1797086.0299999975
2008-04-17,6.01743,284219707.0,0.0,1710272332.09,0.0,0.0,-0.0024477161087401848,0.0,1797086.0299999975
2008-04-18,6.093944,284219707.0,0.0,1732019247.81,0.0,0.0,-0.0024477161087401848,0.0,1797086.0299999975
2008-04-21,6.090048,284219707.0,0.0,1730911833.95,0.0,0.0,-0.0024477161087401848,0.0,858437.9999999974
2008-04-22,6.071586,284219707.0,0.0,1725664665.12,0.0,0.0,-0.0024477161087401848,0.0,858437.9999999974
2008-04-23,6.125698,284219707.0,0.0,1741044270.97,0.0,0.0,-0.0024477161087401848,0.0,858437.9999999974
2008-04-24,6.092555,284219707.0,0.0,1731624251.8,0.0,0.0,-0.0024477161087401848,0.0,858437.9999999974
2008-04-25,6.133439,284219707.0,0.0,1743244388.33,0.0,0.0,-0.0024477161087401848,0.0,0.0
2008-04-28,6.132204,284219707.0,0.0,1742893289.14,0.0,0.0,-0.0024477161087401848,0.0,0.0
2008-04-29,6.131047,284219707.0,0.0,1742564480.32,0.0,0.0,-0.0024477161087401848,0.0,0.0
2008-04-30,6.133126,284219707.0,0.0,1743155546.3,0.0,0.0,-0.0024477161087401848,0.0,0.0
2008-05-01,6.1342,284219707.0,0.0,1743460801.53,0.0,0.0,-0.0024477161087401848,0.0,0.0
2008-05-02,6.262373,284219707.0,0.0,1779889943.52,0.0,0.0,-0.0024477161087401848,0.0,0.0
2008-05-05,6.26213,284219707.0,0.0,1779821005.23,0.0,0.0,-0.0024477161087401848,0.0,0.0
2008-05-06,6.257791,284219707.0,0.0,1778587686.56,0.0,0.0,-0.0024477161087401848,0.0,0.0
2008-05-07,6.306083,284219707.0,0.0,1792313159.58,0.0,0.0,-0.0024477161087401848,0.0,0.0
2008-05-08,6.320179,284219707.0,0.0,1796319620.5,0.0,0.0,-0.0024477161087401848,0.0,0.0
2008-05-09,6.253852,284219707.0,0.0,1777468007.38,0.0,0.0,-0.0024477161087401848,0.0,0.0
2008-05-12,6.269555,284219707.0,0.0,1781931317.33,0.0,0.0,-0.0024477161087401848,0.0,0.0
2008-05-13,6.260597,284219707.0,0.0,1779385179.8,0.0,0.0,-0.0021155463968062973,0.0,0.0
2008-05-14,6.276062,284219707.0,0.0,1783780599.88,0.0,0.0,-0.0021155463968062973,0.0,0.0
2008-05-15,6.311214,284219707.0,0.0,1793771633.61,0.0,0.0,-0.0021155463968062973,0.0,0.0
2008-05-16,6.364309,284219707.0,0.0,1808862323.12,0.0,0.0,-0.0021155463968062973,0.0,0.0
2008-05-19,6.436877,284219707.0,0.0,1829487561.88,0.0,0.0,-0.0021155463968062973,0.0,0.0
2008-05-20,6.250419,284219707.0,0.0,1776492470.17,0.0,0.0,-0.0021155463968062973,0.0,0.0
2008-05-21,6.264764,284219707.0,0.0,1780569549.17,0.0,0.0,-0.0021155463968062973,0.0,0.0
2008-05-22,6.248149,284219707.0,0.0,1775847103.35,0.0,0.0,-0.0021155463968062973,0.0,0.0
2008-05-23,6.153305,284219707.0,0.0,1748890644.7,0.0,0.0,-0.0021155463968062973,0.0,0.0
2008-05-26,6.152969,284219707.0,0.0,1748795300.82,0.0,0.0,-0.0021155463968062973,0.0,0.0
2008-05-27,6.12384,284219707.0,0.0,1740516140.31,0.0,0.0,-0.0021155463968062973,0.0,0.0
2008-05-28,6.056285,284219707.0,0.0,1721315654.15,0.0,0.0,-0.0021155463968062973,0.0,0.0
2008-05-29,6.055067,284219707.0,0.0,1720969524.47,0.0,0.0,-0.0021155463968062973,0.0,0.0
2008-05-30,6.040063,284219707.0,0.0,1716705118.69,0.0,0.0,-0.0021155463968062973,0.0,0.0
2008-06-02,5.994461,284219707.0,0.0,1703744172.82,0.0,0.0,-0.0021155463968062973,0.0,0.0
2008-06-03,6.045048,284219707.0,0.0,1718122031.5,0.0,0.0,-0.0021155463968062973,0.0,0.0
2008-06-04,5.972243,284219707.0,0.0,1697429237.24,0.0,0.0,-0.0021155463968062973,0.0,0.0
2008-06-05,5.996661,284219707.0,0.0,1704369330.5,0.0,0.0,-0.0021155463968062973,0.0,0.0
2008-06-06,5.908393,284219707.0,0.0,1679281932.7,0.0,0.0,-0.04273588920992194,0.0,0.0
2008-06-09,5.881381,284219707.0,0.0,1671604531.89,0.0,0.0,-0.0022853338610708818,0.0,0.0
2008-06-10,5.828527,284219707.0,0.0,1656582453.36,0.0,0.0,-0.0022853338610708818,0.0,0.0
2008-06-11,5.725234,284219707.0,0.0,1627224404.41,0.0,0.0,-0.0022853338610708818,0.0,0.0
2008-06-12,5.792267,284219707.0,0.0,1646276674.8,0.0,0.0,-0.0022853338610708818,0.0,0.0
2008-06-13,5.804523,284219707.0,0.0,1649759880.07,0.0,0.0,-0.0022853338610708818,0.0,0.0
2008-06-16,5.796034,284219707.0,0.0,1647347332.5,0.0,0.0,-0.0022853338610708818,0.0,0.0
2008-06-17,5.863439,284219707.0,0.0,1666504921.98,0.0,0.0,-0.0022853338610708818,0.0,0.0
2008-06-18,5.758757,284219707.0,0.0,1636752469.28,0.0,0.0,-0.0022853338610708818,0.0,0.0
2008-06-19,5.710312,284219707.0,0.0,1622983345.17,0.0,0.0,-0.0022853338610708818,0.0,0.0
2008-06-20,5.622959,284219707.0,0.0,1598155771.14,0.0,0.0,-0.0022853338610708818,0.0,0.0
2008-06-23,5.669188,284219707.0,0.0,1611294976.66,0.0,0.0,-0.0022853338610708818,0.0,0.0
2008-06-24,5.636665,284219707.0,0.0,1602051529.42,0.0,0.0,-0.0022853338610708818,0.0,0.0
2008-06-25,5.670181,284219707.0,0.0,1611577414.87,0.0,0.0,-0.0022853338610708818,0.0,0.0
2008-06-26,5.523471,284219707.0,0.0,1569879361.37,0.0,0.0,-0.0022853338610708818,0.0,0.0
2008-06-27,5.535304,284219707.0,0.0,1573242655.86,0.0,0.0,-0.0022853338610708818,0.0,0.0
2008-06-30,5.630862,284219707.0,0.0,1600402029.82,0.0,0.0,-0.0022853338610708818,0.0,0.0
2008-07-01,5.484224,284219707.0,0.0,1558724698.55,0.0,0.0,-0.0022853338610708818,0.0,0.0
2008-07-02,5.430852,284219707.0,0.0,1543555249.94,0.0,0.0,-0.0022853338610708818,0.0,0.0
2008-07-03,5.481441,284219707.0,0.0,1557933663.91,0.0,0.0,-0.0022853338610708818,0.0,0.0
2008-07-04,5.416862,284219707.0,0.0,1539578938.97,0.0,0.0,-0.0022853338610708818,0.0,0.0
2008-07-07,5.516599,284219707.0,0.0,1567926419.38,0.0,0.0,-0.0022853338610708818,0.0,0.0
2008-07-08,5.444441,284219707.0,0.0,1547417587.15,0.0,0.0,-0.0022853338610708818,0.0,0.0
2008-07-09,5.535447,284219707.0,0.0,1573283315.26,0.0,0.0,-0.0022853338610708818,0.0,0.0
2008-07-10,5.411792,284219707.0,0.0,1538138199.41,0.0,0.0,-0.0022853338610708818,0.0,0.0
2008-07-11,5.266359,284219707.0,0.0,1496803171.13,0.0,0.0,-0.0022853338610708818,0.0,0.0
2008-07-14,5.305015,284219707.0,0.0,1507789970.73,0.0,0.0,-0.0022853338610708818,0.0,0.0
2008-07-15,5.176461,281819707.0,-2400000.0,1458828896.94,-12423506.399999999,-0.008516081924384147,-0.04834500816303365,-2484701.2799999802,-621175.3200000025
2008-07-16,5.156245,281819707.0,0.0,1453131535.3,0.0,0.0,-0.0018982550038639328,-2484701.2799999802,-621175.3200000025
2008-07-17,5.292087,285819707.0,4000000.0,1512582928.49,21168348.0,0.013994834664127936,0.07379187560786994,1748968.3200000196,437242.07999999746
2008-07-18,5.382119,285819707.0,0.0,1538315892.47,0.0,0.0,-0.05549038764011591,1748968.3200000196,437242.07999999746
2008-07-21,5.409939,292419707.0,6600000.0,1581972972.16,35705597.4,0.022570295465445377,0.16901363565002894,8890087.80000002,2222521.9499999974
2008-07-22,5.369748,292419707.0,0.0,1570220279.19,0.0,0.0,-0.09844371157705586,11374789.080000019,2222521.9499999974
2008-07-23,5.455844,296419707.0,4000000.0,1617219871.27,21823376.0,0.013494377844159274,3.7830861345821187,15739464.28000002,3313690.749999997
2008-07-24,5.36795,296419707.0,0.0,1591166257.85,0.0,0.0,-0.22741932774727605,11505794.680000018,3313690.749999997
2008-07-25,5.358466,296419707.0,0.0,1588354991.8,0.0,0.0,-0.21073646321065173,11505794.680000018,3313690.749999997
2008-07-28,5.318284,296419707.0,0.0,1576444269.42,0.0,0.0,-0.21073646321065173,4364675.20000002,3313690.749999997
2008-07-29,5.324823,296419707.0,0.0,1578382680.33,0.0,0.0,-0.21073646321065173,4364675.20000002,3313690.749999997
2008-07-30,5.4294,296419707.0,0.0,1609381157.96,0.0,0.0,-0.21073646321065173,0.0,3313690.749999997
2008-07-31,5.42045,296419707.0,0.0,1606728474.93,0.0,0.0,-0.21073646321065173,0.0,3313690.749999997
2008-08-01,5.363046,296419707.0,0.0,1589712622.62,0.0,0.0,-0.21073646321065173,0.0,3313690.749999997
2008-08-04,5.328311,296419707.0,0.0,1579416634.8,0.0,0.0,-0.1979625931309222,0.0,3313690.749999997
2008-08-05,5.462845,296419707.0,0.0,1619294994.17,0.0,0.0,-0.1979625931309222,0.0,3313690.749999997
2008-08-06,5.508741,296419707.0,0.0,1632899448.7,0.0,0.0,-0.18638598497405978,0.0,3313690.749999997
2008-08-07,5.498395,296419707.0,0.0,1629832877.68,0.0,0.0,-0.18638598497405978,0.0,3313690.749999997
2008-08-08,5.509764,296419707.0,0.0,1633202632.31,0.0,0.0,-0.18638598497405978,0.0,3313690.749999997
2008-08-11,5.562453,296419707.0,0.0,1648820728.02,0.0,0.0,-0.18638598497405978,0.0,3313690.749999997
2008-08-12,5.555201,296419707.0,0.0,1646671164.11,0.0,0.0,-0.18638598497405978,0.0,3934866.0699999975
2008-08-13,5.476851,296419707.0,0.0,1623446787.69,0.0,0.0,-0.18638598497405978,0.0,3934866.0699999975
2008-08-14,5.525755,299419707.0,3000000.0,1654519961.02,16577265.0,0.010019380479266163,2.798224939515464,3315453.0000000196,3705311.919999997
2008-08-15,5.482579,301619707.0,2200000.0,1653653921.91,12061673.8,0.00729395288832173,1.9320864362766934,5727787.760000019,4308395.609999998
2008-08-18,5.477977,301619707.0,0.0,1652265976.36,0.0,0.0,-0.21984894437415023,5727787.760000019,2523115.7399999974
2008-08-19,5.347502,301619707.0,0.0,1612912132.95,0.0,0.0,-0.21984894437415023,5727787.760000019,2523115.7399999974
2008-08-20,5.414664,301619707.0,0.0,1633169370.07,0.0,0.0,-0.21984894437415023,5727787.760000019,1431946.9399999974
2008-08-21,5.412954,301619707.0,0.0,1632653883.54,0.0,0.0,-0.21984894437415023,2412334.7600000193,1431946.9399999974
2008-08-22,5.549278,301619707.0,0.0,1673771703.68,0.0,0.0,-0.21984894437415023,0.0,1431946.9399999974
2008-08-25,5.549113,301619707.0,0.0,1673722121.33,0.0,0.0,-0.21984894437415023,0.0,1431946.9399999974
2008-08-26,5.5141,301619707.0,0.0,1663161362.42,0.0,0.0,-0.21984894437415023,0.0,1431946.9399999974
2008-08-27,5.518844,301619707.0,0.0,1664592149.51,0.0,0.0,-0.21984894437415023,0.0,1431946.9399999974
2008-08-28,5.591687,301619707.0,0.0,1686563178.6,0.0,0.0,-0.21984894437415023,0.0,1431946.9399999974
2008-08-29,5.62703,305619707.0,4000000.0,1719731453.26,22508120.0,0.013088159757346183,3.425887391073358,4501624.00000002,2557352.9399999976
2008-09-01,5.593049,305619707.0,0.0,1709346043.34,0.0,0.0,-0.2392152361132768,4501624.00000002,2557352.9399999976
2008-09-02,5.610814,305619707.0,0.0,1714775332.53,0.0,0.0,-0.2392152361132768,4501624.00000002,2557352.9399999976
2008-09-03,5.49443,305619707.0,0.0,1679206242.25,0.0,0.0,-0.22444193068308144,4501624.00000002,2557352.9399999976
2008-09-04,5.356886,305619707.0,0.0,1637169979.44,0.0,0.0,-0.22444193068308144,4501624.00000002,2557352.9399999976
2008-09-05,5.235425,305619707.0,0.0,1600049064.56,0.0,0.0,-0.22444193068308144,0.0,2557352.9399999976
2008-09-08,5.440794,305619707.0,0.0,1662814107.58,0.0,0.0,-0.20491739845951673,0.0,2557352.9399999976
2008-09-09,5.409971,305619707.0,0.0,1653393754.62,0.0,0.0,-0.20491739845951673,0.0,2557352.9399999976
2008-09-10,5.362854,305619707.0,0.0,1638994124.05,0.0,0.0,-0.20491739845951673,0.0,2557352.9399999976
2008-09-11,5.314972,305619707.0,0.0,1624360246.6,0.0,0.0,-0.20491739845951673,0.0,1728489.6899999976
2008-09-12,5.413228,305619707.0,0.0,1654389165.01,0.0,0.0,-0.18560617187611722,0.0,1125405.9999999974
2008-09-15,5.200572,305619707.0,0.0,1589397522.29,0.0,0.0,-0.18560617187611722,0.0,1125405.9999999974
2008-09-16,5.021941,305619707.0,0.0,1534804153.9,0.0,0.0,-0.18560617187611722,0.0,1125405.9999999974
2008-09-17,4.909674,305619707.0,0.0,1500493151.62,0.0,0.0,-0.18560617187611722,0.0,1125405.9999999974
2008-09-18,4.87737,305619707.0,0.0,1490620530.83,0.0,0.0,-0.18560617187611722,0.0,1125405.9999999974
2008-09-19,5.308447,305619707.0,0.0,1622366089.88,0.0,0.0,-0.18560617187611722,0.0,1125405.9999999974
2008-09-22,5.233338,334219707.0,28600000.0,1749085021.08,149673466.79999998,0.08557243644313056,10.028524405518056,29934693.360000014,8609079.339999996
2008-09-23,5.133105,340619707.0,6400000.0,1748436743.29,32851871.999999996,0.01878928255544622,2.025477884996476,36505067.76000001,10251672.939999996
2008-09-24,5.094861,344619707.0,4000000.0,1755789572.02,20379444.0,0.01160699683194602,1.1675847776310377,40580956.56000002,11270645.139999997
2008-09-25,5.196315,346219707.0,1600000.0,1799066879.49,8314104.0,0.00462134237186162,0.35067319205950315,42243777.360000014,11686350.339999996
2008-09-26,5.087784,346219707.0,0.0,1761491227.42,0.0,0.0,-0.18649719936845893,42243777.360000014,10560944.339999996
2008-09-29,4.817877,348219707.0,2000000.0,1677679870.53,9635754.0,0.005743499799491511,0.47516077142927177,14236234.800000018,11042732.039999995
2008-09-30,4.901538,356619707.0,8400000.0,1747985069.61,41172919.2,0.023554502790568036,2.4560863477474277,15900444.240000019,13101377.999999996
2008-10-01,4.958737,361619707.0,5000000.0,1793177315.53,24793685.0,0.013826677811096368,1.332427957056442,16783292.44000002,14341062.249999996
2008-10-02,4.86951,365619707.0,4000000.0,1780389096.15,19478040.0,0.010940327618339307,0.9940128666812316,19016079.64000002,15314964.249999996
2008-10-03,4.979448,365619707.0,0.0,1820584574.96,0.0,0.0,-0.22989543884300015,19016079.64000002,15314964.249999996
2008-10-06,4.588609,368219707.0,2600000.0,1689616553.08,11930383.4,0.007061000543734091,0.5528515737015011,19475005.52000002,15911483.419999996
2008-10-07,4.604453,368219707.0,0.0,1695450600.74,0.0,0.0,-0.2362245944708998,11240421.680000018,15911483.419999996
2008-10-08,4.367921,368219707.0,0.0,1608354937.1,0.0,0.0,-0.2362245944708998,6281684.680000017,15911483.419999996
2008-10-09,4.315057,381819707.0,13600000.0,1647574103.67,58684775.2,0.035618898761080695,3.51254147671761,14123031.720000017,18845722.179999996
2008-10-10,3.933111,396619707.0,14800000.0,1559949625.7,58210042.8,0.037315334957613945,3.4685141616636272,25765040.28000002,21756224.319999997
2008-10-13,4.257664,400619707.0,4000000.0,1705704381.85,17030656.0,0.009984529664823057,0.7185178371123413,26785094.80000002,22607757.119999997
2008-10-14,4.395186,403219707.0,2600000.0,1772225975.7,11427483.6,0.0064480962115941965,0.35915059349030104,29070591.52000002,23179131.299999997
2008-10-15,4.081737,419619707.0,16400000.0,1712777438.59,66940486.800000004,0.0390830036009273,3.4113345317719133,42458688.88000002,26526155.639999997
2008-10-16,3.863195,422219707.0,2600000.0,1631117470.13,10044307.0,0.006157929875644988,0.2777185116782658,32730595.24000002,27028370.99
2008-10-17,4.064647,427819707.0,5600000.0,1738936091.44,22762023.2,0.013089626071968485,0.9231081436427938,25640991.320000015,28166472.149999995
2008-10-20,4.284428,435419707.0,7600000.0,1865524542.94,32561652.8,0.01745442209443356,1.3136435941904478,28747190.68000002,22310881.45
2008-10-21,4.231422,438619707.0,3200000.0,1855985512.1,13540550.4,0.007295612121820507,0.3522458851646463,29169804.04000002,21345315.369999997
2008-10-22,4.043501,438619707.0,0.0,1773559404.29,0.0,0.0,-0.33401564265266254,15781706.680000016,20326343.169999998
2008-10-23,4.090317,438819707.0,200000.0,1794911900.3,818063.3999999999,0.000455767996113497,-0.29153395617169625,13936457.96000002,19951541.139999997
2008-10-24,3.885516,438819707.0,0.0,1705041079.15,0.0,0.0,-0.3344105900471243,9384053.320000019,19951541.139999997
2008-10-27,3.854706,441219707.0,2400000.0,1700772390.6,9251294.4,0.005439466474838718,0.17310604566420995,4721981.640000018,19932318.16
2008-10-28,3.92847,444619707.0,3400000.0,1746675464.04,13356798.0,0.0076469832404390614,0.37481363091364156,4685231.160000018,18541512.099999998
2008-10-29,4.247982,444619707.0,0.0,1888736539.1,0.0,0.0,-0.34475193820111405,4685231.160000018,17301827.849999998
2008-10-30,4.297184,444619707.0,0.0,1910613043.72,0.0,0.0,-0.34475193820111405,4521618.480000018,16327925.849999998
2008-10-31,4.383028,448219707.0,3600000.0,1964559857.91,15778900.8,0.00803177400600377,0.40464649203108277,7677398.640000018,17116870.889999997
2008-11-03,4.448863,448419707.0,200000.0,1994957899.66,889772.6000000001,0.0004460107153898554,-0.30940820273718705,6005094.280000018,16564840.349999998
2008-11-04,4.645503,448419707.0,0.0,2083135148.7,0.0,0.0,-0.35137379969870924,3333734.680000018,16564840.349999998
2008-11-05,4.543894,448419707.0,0.0,2037571822.66,0.0,0.0,-0.35137379969870924,3333734.680000018,16564840.349999998
2008-11-06,4.285156,451019707.0,2600000.0,1932690059.89,11141405.6,0.005764714079728913,0.18658400009441378,5562015.8000000175,14187671.87
2008-11-07,4.377674,451019707.0,0.0,1974417415.51,0.0,0.0,-0.35602765603073566,2406235.640000018,11277169.729999999
2008-11-10,4.416753,451019707.0,0.0,1992042945.68,0.0,0.0,-0.35602765603073566,2228281.120000018,10425636.929999998
2008-11-11,4.258984,451019707.0,0.0,1920885993.23,0.0,0.0,-0.35602765603073566,2228281.120000018,9854262.749999998
2008-11-12,4.201452,481019707.0,30000000.0,2020981376.56,126043559.99999999,0.06236750197794707,4.88445784380304,27436993.120000016,12809416.409999996
2008-11-13,4.188694,507019707.0,26000000.0,2123750872.41,108906044.0,0.0512800467393876,3.685617889135207,46989920.80000001,17752503.259999998
2008-11-14,4.25278,523219707.0,16200000.0,2225138521.63,68895036.0,0.030962133516762688,2.021797701304018,60768928.000000015,20059153.9
2008-11-17,4.151099,549219707.0,26000000.0,2279865688.33,107928574.00000001,0.04733988258714382,3.129440895498669,82354642.80000003,23827499.959999997
2008-11-18,4.227734,550219707.0,1000000.0,2326182864.77,4227734.0,0.0018174555681021297,-0.2670957522872216,83200189.60000002,23361859.139999993
2008-11-19,4.036751,556219707.0,6000000.0,2245320707.72,24220506.0,0.01078710311481276,0.3954656957801464,62835578.80000003,24572884.439999994
2008-11-20,3.905045,556219707.0,0.0,2172063094.57,0.0,0.0,-0.40942016615462334,41054370.000000015,24531981.269999996
2008-11-21,3.811308,556219707.0,0.0,2119924733.83,0.0,0.0,-0.40942016615462334,27275362.800000023,24531981.269999996
2008-11-24,4.186644,576219707.0,20000000.0,2412426886.25,83732880.0,0.03470898143162327,2.118869461227138,22436224.00000002,28256060.55
2008-11-25,4.20262,594619707.0,18400000.0,2498960971.46,77328207.99999999,0.030944143939479588,1.800405347813563,37056318.80000001,31454631.05
2008-11-26,4.142199,599619707.0,5000000.0,2483744262.02,20710995.0,0.00833861815674855,0.1616474667071217,36354416.60000001,32490180.8
2008-11-27,4.215525,599619707.0,0.0,2527711947.26,0.0,0.0,-0.44145805741343885,36354416.60000001,32490180.8
2008-11-28,4.276274,599619707.0,0.0,2564138624.92,0.0,0.0,-0.44145805741343885,36354416.60000001,31701235.75999999
2008-12-01,4.053777,600419707.0,800000.0,2433967807.81,3243021.6,0.0013324011885424067,-0.3460031445685412,20256444.920000013,31818898.209999997
2008-12-02,4.110601,600419707.0,0.0,2468086438.45,0.0,0.0,-0.4424021893216758,4790803.320000018,31818898.209999997
2008-12-03,4.161779,600419707.0,0.0,2498814429.1,0.0,0.0,-0.4424021893216758,648604.3200000179,31818898.209999997
2008-12-04,4.153997,600419707.0,0.0,2494141984.29,0.0,0.0,-0.4424021893216758,648604.3200000179,31261827.929999996
2008-12-05,4.038831,600419707.0,0.0,2424994217.87,0.0,0.0,-0.4424021893216758,648604.3200000179,31261827.929999996
2008-12-08,4.289688,600419707.0,0.0,2575613540.63,0.0,0.0,-0.4424021893216758,0.0,31261827.929999996
2008-12-09,4.370808,600419707.0,0.0,2624319713.42,0.0,0.0,-0.4424021893216758,0.0,31261827.929999996
2008-12-10,4.357892,600419707.0,0.0,2616564627.25,0.0,0.0,-0.4424021893216758,0.0,24959649.93
2008-12-11,4.37771,602019707.0,1600000.0,2635468003.5,7004336.000000001,0.0026577199915529164,-0.2518601720257169,1400867.200000018,19864564.529999997
2008-12-12,4.270362,603019707.0,1000000.0,2575113003.47,4270362.0,0.0016583202345860663,-0.3253338712889527,2254939.600000018,16633330.829999998
2008-12-15,4.267555,603219707.0,200000.0,2574273508.18,853511.0,0.00033155412479982696,-0.42165336746362286,2425641.800000018,11279577.679999996
2008-12-16,4.296095,603219707.0,0.0,2591489596.75,0.0,0.0,-0.4456661481803934,2425641.800000018,11068190.979999995
2008-12-17,4.315067,603219707.0,0.0,2602933993.09,0.0,0.0,-0.4456661481803934,2425641.800000018,9857165.679999996
2008-12-18,4.322685,605619707.0,2400000.0,2617903764.16,10374444.0,0.0039628821127918054,-0.16116445261919757,3099663.400000018,10375887.879999995
2008-12-19,4.278863,607219707.0,1600000.0,2598210413.55,6846180.800000001,0.0026349601111196734,-0.2591481517666614,3614827.160000018,10718196.919999996
2008-12-22,4.241324,601419707.0,-5800000.0,2550816373.52,-24599679.2,-0.00964384557640802,-1.138448547816516,-1475810.8799999817,5301568.959999996
2008-12-23,4.248017,601419707.0,0.0,2554841422.96,0.0,0.0,-0.4423380996461116,-1475810.8799999817,1435158.5599999973
2008-12-24,4.21038,602419707.0,1000000.0,2536416030.37,4210380.0,0.001659972161343662,-0.32364157450175096,-633734.8799999818,610127.8099999971
2008-12-29,4.312567,605419707.0,3000000.0,2610913202.52,12937700.999999998,0.0049552397940738875,-0.08874418901984485,-121083.4799999822,1257012.859999997
2008-12-30,4.385919,605419707.0,0.0,2655322011.79,0.0,0.0,-0.446847098761062,-1490319.6399999824,1257012.859999997
2008-12-31,4.427364,605419707.0,0.0,2680413511.86,0.0,0.0,-0.446847098761062,3429616.200000018,1094861.779999997
2009-01-02,4.554677,605419707.0,0.0,2757491481.22,0.0,0.0,-0.4537559849925958,3429616.200000017,1094861.779999997
2009-01-05,4.572442,605419707.0,0.0,2768246765.69,0.0,0.0,-0.4537559849925958,2587540.200000017,1094861.779999997
2009-01-06,4.6317,605419707.0,0.0,2804122594.25,0.0,0.0,-0.4455157988978497,0.0,1094861.779999997
2009-01-07,4.500572,608419707.0,3000000.0,2738236807.01,13501716.0,0.004930806556041846,-0.0906532024212458,2700343.2000000174,1769947.579999997
2009-01-08,4.498231,609419707.0,1000000.0,2741310929.19,4498231.0,0.0016409050692141416,-0.3187680097964381,3599989.400000018,1994859.129999997
2009-01-09,4.441552,609419707.0,0.0,2706769685.47,0.0,0.0,-0.43864557207427834,3599989.400000018,1994859.129999997
2009-01-12,4.419217,609419707.0,0.0,2693158155.25,0.0,0.0,-0.43063855871520795,3599989.400000018,1994859.129999997
2009-01-13,4.391944,609419707.0,0.0,2676537710.24,0.0,0.0,-0.43063855871520795,3599989.400000018,1644642.329999997
2009-01-14,4.174017,612419707.0,3000000.0,2556250704.16,12522051.0,0.00489860050879275,-0.07563569653869871,3404056.400000018,2057226.779999997
2009-01-15,4.114488,612419707.0,0.0,2519793645.66,0.0,0.0,-0.433952861237744,2504410.2000000174,2014551.2299999972
2009-01-16,4.138246,613619707.0,1200000.0,2539309308.81,4965895.199999999,0.0019556086305717413,-0.29222586805504436,3497589.240000017,2262845.989999997
2009-01-19,4.101168,614419707.0,800000.0,2519838932.68,3280934.4000000004,0.0013020413159941654,-0.3409531087950303,4153776.1200000173,2426892.709999997
2009-01-20,4.083374,614419707.0,0.0,2508905499.12,0.0,0.0,-0.43626453121876785,4153776.1200000173,1908170.5099999972
2009-01-21,4.054015,617419707.0,3000000.0,2503029250.9,12162045.0,0.004858930432246032,-0.0836123552969822,4081774.9200000176,2173963.719999997
2009-01-22,4.046352,618819707.0,1400000.0,2503962642.21,5664892.8,0.002262371133061378,-0.27535054914285695,5214753.480000017,3687192.3199999966
2009-01-23,4.046505,628819707.0,10000000.0,2544522676.0,40465050.0,0.015902805811741173,0.7137557097188864,12314584.440000018,5710444.819999997
2009-01-26,4.202524,632819707.0,4000000.0,2659440457.98,16810096.0,0.0063209145929772935,0.008542084314635982,15020416.76000002,6340430.619999996
2009-01-27,4.187955,632819707.0,0.0,2650220754.26,0.0,0.0,-0.45452752073453234,15020416.76000002,5693545.569999997
2009-01-28,4.289134,632819707.0,0.0,2714249083.73,0.0,0.0,-0.45452752073453234,12588007.760000018,5693545.569999997
2009-01-29,4.184047,632819707.0,0.0,2647747503.56,0.0,0.0,-0.45452752073453234,11455029.200000018,5693545.569999997
2009-01-30,4.143636,632819707.0,0.0,2622174773.92,0.0,0.0,-0.45452752073453234,3362019.200000018,5693545.569999997
2009-02-02,4.071788,632819707.0,0.0,2576707692.97,0.0,0.0,-0.45452752073453234,0.0,5693545.569999997
2009-02-03,4.158336,632819707.0,0.0,2631477128.33,0.0,0.0,-0.44817727234474886,0.0,5693545.569999997
2009-02-04,4.235328,633619707.0,800000.0,2683587614.42,3388262.4,0.0012625868377814451,-0.35187446877732265,677652.4800000179,5187872.889999997
2009-02-05,4.23553,635219707.0,1600000.0,2690492388.65,6776848.0,0.002518813295509971,-0.26161595989905884,2033022.080000018,5301803.7399999965
2009-02-06,4.29863,637019707.0,1800000.0,2738312353.93,7737534.0,0.002825657923536431,-0.24101528802150365,3580528.8800000176,5688680.439999997
2009-02-09,4.31443,642219707.0,5200000.0,2770812328.8,22435036.0,0.008096916477095473,0.1403708188490123,8067536.080000018,6810432.2399999965
2009-02-10,4.219844,645219707.0,3000000.0,2722726894.34,12659532.0,0.004649578342329013,-0.1153428332214598,10599442.480000017,7443408.839999996
2009-02-11,4.244409,645219707.0,0.0,2738576609.28,0.0,0.0,-0.4565545465194476,9921790.000000019,6817306.289999996
2009-02-12,4.212251,648219707.0,3000000.0,2730464490.39,12636753.0,0.004628059820765169,-0.11985085904419317,11093771.000000019,7449143.939999996
2009-02-13,4.199439,648219707.0,0.0,2722159346.8,0.0,0.0,-0.45976308531671733,9546264.200000018,7200849.179999997
2009-02-16,4.14441,648219707.0,0.0,2686488795.35,0.0,0.0,-0.45976308531671733,5059257.000000018,7036802.459999996
2009-02-17,4.043498,648219707.0,0.0,2621075280.79,0.0,0.0,-0.45976308531671733,2527350.600000018,7036802.459999996
2009-02-18,4.026744,648219707.0,0.0,2610215344.55,0.0,0.0,-0.4518432970831881,2527350.600000018,6428700.209999996
2009-02-19,4.038286,648219707.0,0.0,2617696748.62,0.0,0.0,-0.4518432970831881,0.0,6145455.5699999975
2009-02-20,3.908406,648219707.0,0.0,2533506024.22,0.0,0.0,-0.4518432970831881,0.0,4122203.0699999975
2009-02-23,3.869755,648219707.0,0.0,2508451741.69,0.0,0.0,-0.4518432970831881,0.0,3281698.2699999968
2009-02-24,3.835121,649819707.0,1600000.0,2492137761.89,6136193.6,0.0024622208666933414,-0.27262422264265185,1227238.720000018,3588507.949999997
2009-02-25,3.833587,649819707.0,0.0,2491140566.59,0.0,0.0,-0.45360036360189093,1227238.720000018,3588507.949999997
2009-02-26,3.899836,657019707.0,7200000.0,2562269499.0,28078819.2,0.010958573721834714,0.3452822560376805,6843002.560000017,4992448.909999996
2009-02-27,3.814603,657019707.0,0.0,2506269874.42,0.0,0.0,-0.46048163118420005,6843002.560000017,4992448.909999996
2009-03-02,3.611181,660019707.0,3000000.0,2383451109.92,10833543.0,0.004545317902645641,-0.1291647654438026,9009711.160000017,5534126.059999997
2009-03-03,3.497862,660019707.0,0.0,2308658194.43,0.0,0.0,-0.4636506997454883,7782472.440000018,5534126.059999997
2009-03-04,3.633345,665019707.0,5000000.0,2416246208.88,18166725.0,0.007518573617719529,0.08509872672981071,11415817.440000018,6273049.189999996
2009-03-05,3.517854,671019707.0,6000000.0,2360549845.04,21107124.0,0.008941613346716826,0.18456828346061285,10021478.400000017,6989562.9899999965
2009-03-06,3.51836,695619707.0,24600000.0,2447440765.53,86551656.0,0.035364147406140384,2.073672753108284,27331809.600000016,10930269.089999996
2009-03-09,3.529967,695619707.0,0.0,2455515021.97,0.0,0.0,-0.4875986696066992,25165101.00000002,9808517.289999995
2009-03-10,3.702105,695619707.0,0.0,2575257248.04,0.0,0.0,-0.4875986696066992,25165101.00000002,9175540.689999996
2009-03-11,3.688432,695619707.0,0.0,2565746111.74,0.0,0.0,-0.4875986696066992,21531756.00000002,9175540.689999996
2009-03-12,3.706536,696419707.0,800000.0,2581305157.09,2965228.8,0.0011487323735651662,-0.41516916819802857,17903376.960000016,8691964.479999997
2009-03-13,3.74827,696419707.0,0.0,2610369365.07,0.0,0.0,-0.5015528339823996,593045.7600000178,8691964.479999997
2009-03-16,3.856807,696419707.0,0.0,2685956483.27,0.0,0.0,-0.4932843797331299,593045.7600000178,8691964.479999997
2009-03-17,3.851225,696419707.0,0.0,2682068991.9,0.0,0.0,-0.48951759856160093,593045.7600000178,8691964.479999997
2009-03-18,3.803814,696419707.0,0.0,2649051507.48,0.0,0.0,-0.48951759856160093,593045.7600000178,8691964.479999997
2009-03-19,3.815299,696419707.0,0.0,2657049684.66,0.0,0.0,-0.48494975936513074,0.0,8691964.479999997
2009-03-20,3.83986,696419707.0,0.0,2674154450.09,0.0,0.0,-0.4724402762954794,0.0,8691964.479999997
2009-03-23,3.950916,696419707.0,0.0,2751495928.64,0.0,0.0,-0.46311883409570104,0.0,8691964.479999997
2009-03-24,3.909841,696419707.0,0.0,2722890570.22,0.0,0.0,-0.4553103156170724,0.0,8385154.799999997
2009-03-25,3.900801,696419707.0,0.0,2716595281.97,0.0,0.0,-0.4553103156170724,0.0,8385154.799999997
2009-03-26,3.92639,696419707.0,0.0,2734415468.56,0.0,0.0,-0.4499007031211503,0.0,6981213.839999998
2009-03-27,3.899618,696419707.0,0.0,2715770978.61,0.0,0.0,-0.4499007031211503,0.0,6981213.839999998
2009-03-30,3.763647,696419707.0,0.0,2621078231.35,0.0,0.0,-0.4499007031211503,0.0,6439536.689999997
2009-03-31,3.927182,696419707.0,0.0,2734967629.11,0.0,0.0,-0.43686375962059965,0.0,6439536.689999996
2009-04-01,3.955791,696419707.0,0.0,2754891267.09,0.0,0.0,-0.4240599166007034,0.0,5531200.439999996
2009-04-02,4.128242,696419707.0,0.0,2874989451.08,0.0,0.0,-0.41654449890030265,0.0,4475844.2399999965
2009-04-03,4.030999,696419707.0,0.0,2807267435.43,0.0,0.0,-0.4113692511005594,0.0,148261.43999999628
2009-04-06,3.994601,696419707.0,0.0,2781919266.36,0.0,0.0,-0.3986321181474112,0.0,148261.43999999628
2009-04-07,3.931636,696419707.0,0.0,2738068996.56,0.0,0.0,-0.3935144743129657,0.0,148261.43999999628
2009-04-08,3.9296,696419707.0,0.0,2736651358.11,0.0,0.0,-0.3840288861976367,0.0,148261.43999999628
2009-04-09,3.987807,696419707.0,0.0,2777187710.11,0.0,0.0,-0.3724838281949045,0.0,0.0
2009-04-14,3.992749,696419707.0,0.0,2780629348.07,0.0,0.0,-0.3665675450842884,0.0,0.0
2009-04-15,3.972894,696419707.0,0.0,2766802143.6,0.0,0.0,-0.3665675450842884,0.0,0.0
2009-04-16,4.057876,696419707.0,0.0,2825985256.47,0.0,0.0,-0.36615356148146866,0.0,0.0
2009-04-17,4.097683,696419707.0,0.0,2853707539.8,0.0,0.0,-0.36615356148146866,0.0,0.0
2009-04-20,3.995475,696419707.0,0.0,2782527659.56,0.0,0.0,-0.361609271303539,0.0,0.0
2009-04-21,3.992079,696419707.0,0.0,2780162924.06,0.0,0.0,-0.3554746521721542,0.0,0.0
2009-04-22,4.039862,696419707.0,0.0,2813439959.41,0.0,0.0,-0.3554746521721542,0.0,0.0
2009-04-23,4.027417,696419707.0,0.0,2804772571.46,0.0,0.0,-0.3554746521721542,0.0,0.0
2009-04-24,4.165374,696419707.0,0.0,2900849141.95,0.0,0.0,-0.34908718345736695,0.0,0.0
2009-04-27,4.176416,696419707.0,0.0,2908538751.17,0.0,0.0,-0.3486864990258627,0.0,0.0
2009-04-28,4.105489,696419707.0,0.0,2859143629.36,0.0,0.0,-0.3486864990258627,0.0,0.0
2009-04-29,4.205228,696419707.0,0.0,2928604034.41,0.0,0.0,-0.3486864990258627,0.0,0.0
2009-04-30,4.259315,696419707.0,0.0,2966271193.72,0.0,0.0,-0.34393363689122425,0.0,0.0
2009-05-01,4.258514,696419707.0,0.0,2965713359.66,0.0,0.0,-0.34393363689122425,0.0,0.0
2009-05-04,4.258374,696419707.0,0.0,2965615597.4,0.0,0.0,-0.34393363689122425,0.0,0.0
2009-05-05,4.35249,696419707.0,0.0,3031160184.33,0.0,0.0,-0.34393363689122425,0.0,0.0
2009-05-06,4.421151,696419707.0,0.0,3078977316.18,0.0,0.0,-0.3444569355859487,0.0,0.0
2009-05-07,4.423224,696419707.0,0.0,3080421019.99,0.0,0.0,-0.34240433869373943,0.0,0.0
2009-05-08,4.486974,696419707.0,0.0,3124817163.85,0.0,0.0,-0.32824644575577083,0.0,0.0
2009-05-11,4.459928,692419707.0,-4000000.0,3088142496.26,-17839712.0,-0.0057768422349698525,-1.3036253850359552,-3567942.399999982,-891985.6000000037
2009-05-12,4.449881,692419707.0,0.0,3081185611.75,0.0,0.0,-0.3213843406562137,-3567942.399999982,-891985.6000000037
2009-05-13,4.362562,692419707.0,0.0,3020724566.71,0.0,0.0,-0.30901224344383554,-3567942.399999982,-891985.6000000037
2009-05-14,4.393708,692419707.0,0.0,3042290199.9,0.0,0.0,-0.30901224344383554,-3567942.399999982,-891985.6000000037
2009-05-15,4.379054,692419707.0,0.0,3032143361.8,0.0,0.0,-0.30901224344383554,-3567942.399999982,-891985.6000000037
2009-05-18,4.477857,692419707.0,0.0,3100556571.26,0.0,0.0,-0.30332394392968814,0.0,-891985.6000000037
2009-05-19,4.513832,692419707.0,0.0,3125466642.7,0.0,0.0,-0.29938399775400576,0.0,-891985.6000000037
2009-05-20,4.514852,692419707.0,0.0,3126172856.79,0.0,0.0,-0.28622106973541356,0.0,-891985.6000000037
2009-05-21,4.390187,692419707.0,0.0,3039852139.27,0.0,0.0,-0.28622106973541356,0.0,-891985.6000000037
2009-05-22,4.410297,683019707.0,-9400000.0,3012319960.18,-41456791.8,-0.013762413139380706,-3.3922508803353337,-8291358.359999982,-2964825.1900000037
2009-05-25,4.410152,683019707.0,0.0,3012221263.29,0.0,0.0,-0.24318596219508282,-8291358.359999982,-2964825.1900000037
2009-05-26,4.456892,683019707.0,0.0,3044145741.49,0.0,0.0,-0.24318596219508282,-8291358.359999982,-2964825.1900000037
2009-05-27,4.406695,683019707.0,0.0,3009859954.05,0.0,0.0,-0.24318596219508282,-8291358.359999982,-2964825.1900000037
2009-05-28,4.377964,683019707.0,0.0,2990235744.88,0.0,0.0,-0.24318596219508282,-8291358.359999982,-2964825.1900000037
2009-05-29,4.408421,683019707.0,0.0,3011039072.08,0.0,0.0,-0.24318596219508282,0.0,-2964825.1900000037
2009-06-01,4.496656,683019707.0,0.0,3071305089.49,0.0,0.0,-0.24318596219508282,0.0,-2964825.1900000037
2009-06-02,4.46751,683019707.0,0.0,3051397481.47,0.0,0.0,-0.24318596219508282,0.0,-2964825.1900000037
2009-06-03,4.388951,683019707.0,0.0,2997740446.22,0.0,0.0,-0.24318596219508282,0.0,-2964825.1900000037
2009-06-04,4.392498,683019707.0,0.0,3000162909.39,0.0,0.0,-0.2382003132278461,0.0,-2964825.1900000037
2009-06-05,4.443994,683019707.0,0.0,3035335808.02,0.0,0.0,-0.23500534067031786,0.0,-2964825.1900000037
2009-06-08,4.410263,683019707.0,0.0,3012296599.87,0.0,0.0,-0.23434432122991966,0.0,-2072839.5900000036
2009-06-09,4.409823,683019707.0,0.0,3011996523.12,0.0,0.0,-0.23434432122991966,0.0,-2072839.5900000036
2009-06-10,4.442001,683019707.0,0.0,3033974444.14,0.0,0.0,-0.23434432122991966,0.0,-2072839.5900000036
2009-06-11,4.467219,683019707.0,0.0,3051198713.36,0.0,0.0,-0.22718040029807998,0.0,-2072839.5900000036
2009-06-12,4.447156,683019707.0,0.0,3037495681.99,0.0,0.0,-0.22223940162386174,0.0,-2072839.5900000036
2009-06-15,4.331213,683019707.0,0.0,2958303967.9,0.0,0.0,-0.2468477005554656,0.0,-2072839.5900000036
2009-06-16,4.333856,683019707.0,0.0,2960109260.62,0.0,0.0,-0.2468477005554656,0.0,-2072839.5900000036
2009-06-17,4.285566,683019707.0,0.0,2927126511.65,0.0,0.0,-0.24355735787309837,0.0,-2072839.5900000036
2009-06-18,4.288206,683019707.0,0.0,2928929341.18,0.0,0.0,-0.23464591629196607,0.0,-2072839.5900000036
2009-06-19,4.353327,683019707.0,0.0,2973408555.49,0.0,0.0,-0.23464591629196607,0.0,0.0
2009-06-22,4.240833,683019707.0,0.0,2896572541.9,0.0,0.0,-0.23464591629196607,0.0,0.0
2009-06-23,4.236605,683019707.0,0.0,2893685188.23,0.0,0.0,-0.23464591629196607,0.0,0.0
2009-06-24,4.287386,683019707.0,0.0,2928369220.51,0.0,0.0,-0.23464591629196607,0.0,0.0
2009-06-25,4.259786,683019707.0,0.0,2909517860.35,0.0,0.0,-0.23464591629196607,0.0,0.0
2009-06-26,4.24836,683019707.0,0.0,2901713792.77,0.0,0.0,-0.2257362237431417,0.0,0.0
2009-06-29,4.301046,683019707.0,0.0,2937699546.5,0.0,0.0,-0.2224800476243336,0.0,0.0
2009-06-30,4.256164,683019707.0,0.0,2907044068.14,0.0,0.0,-0.2224800476243336,0.0,0.0
2009-07-01,4.346528,683019707.0,0.0,2968764867.3,0.0,0.0,-0.2224800476243336,0.0,0.0
2009-07-02,4.242615,683019707.0,0.0,2897789909.66,0.0,0.0,-0.2224800476243336,0.0,0.0
2009-07-03,4.244484,683019707.0,0.0,2899066463.76,0.0,0.0,-0.21357869789803383,0.0,0.0
2009-07-06,4.202754,683019707.0,0.0,2870564373.86,0.0,0.0,-0.21357869789803383,0.0,0.0
2009-07-07,4.194721,683019707.0,0.0,2865077132.64,0.0,0.0,-0.20972747312012113,0.0,0.0
2009-07-08,4.148127,683019707.0,0.0,2833252965.6,0.0,0.0,-0.20712300165786518,0.0,0.0
2009-07-09,4.166499,683019707.0,0.0,2845801403.17,0.0,0.0,-0.20712300165786518,0.0,0.0
2009-07-10,4.135018,683019707.0,0.0,2824298966.86,0.0,0.0,-0.19823351893939636,0.0,0.0
2009-07-13,4.209837,683019707.0,0.0,2875402289.09,0.0,0.0,-0.19380727514217447,0.0,0.0
2009-07-14,4.245424,683019707.0,0.0,2899708469.12,0.0,0.0,-0.17189822026754875,0.0,0.0
2009-07-15,4.354637,683019707.0,0.0,2974302967.25,0.0,0.0,-0.15996235259294256,0.0,0.0
2009-07-16,4.370093,682019707.0,-1000000.0,2980489605.83,-4370093.0,-0.0014662332629685607,-0.5296458097139886,-874018.5999999822,-218504.65000000372
2009-07-17,4.396991,682019707.0,0.0,2998834972.77,0.0,0.0,-0.1566813992717516,-874018.5999999822,-218504.65000000372
2009-07-20,4.451809,682019707.0,0.0,3036221936.55,0.0,0.0,-0.1566813992717516,-874018.5999999822,-218504.65000000372
2009-07-21,4.489392,682019707.0,0.0,3061854433.03,0.0,0.0,-0.1566813992717516,-874018.5999999822,-218504.65000000372
2009-07-22,4.501977,682019707.0,0.0,3070437202.01,0.0,0.0,-0.1566813992717516,-874018.5999999822,-218504.65000000372
2009-07-23,4.568144,682019707.0,0.0,3115564583.93,0.0,0.0,-0.1566813992717516,0.0,-218504.65000000372
2009-07-24,4.584888,682019707.0,0.0,3126984431.65,0.0,0.0,-0.15400721774968495,0.0,-218504.65000000372
2009-07-27,4.594198,682019707.0,0.0,3133334113.92,0.0,0.0,-0.14880338573302462,0.0,-218504.65000000372
2009-07-28,4.536819,682019707.0,0.0,3094200106.67,0.0,0.0,-0.142993213464034,0.0,-218504.65000000372
2009-07-29,4.558407,682019707.0,0.0,3108923889.48,0.0,0.0,-0.12779743764494914,0.0,-218504.65000000372
2009-07-30,4.642644,682019707.0,0.0,3166375144.13,0.0,0.0,-0.1183375487379202,0.0,-218504.65000000372
2009-07-31,4.619237,682019707.0,0.0,3150410707.32,0.0,0.0,-0.1183375487379202,0.0,-218504.65000000372
2009-08-03,4.693374,682019707.0,0.0,3200974028.39,0.0,0.0,-0.10883986858560042,0.0,-218504.65000000372
2009-08-04,4.682175,682019707.0,0.0,3193336207.68,0.0,0.0,-0.10883986858560042,0.0,-218504.65000000372
2009-08-05,4.6667,682019707.0,0.0,3182782009.0,0.0,0.0,-0.10883986858560042,0.0,-218504.65000000372
2009-08-06,4.711453,682019707.0,0.0,3213303924.68,0.0,0.0,-0.10883986858560042,0.0,-218504.65000000372
2009-08-07,4.752591,682019707.0,0.0,3241360889.6,0.0,0.0,-0.10883986858560042,0.0,-218504.65000000372
2009-08-10,4.743095,682019707.0,0.0,3234884678.61,0.0,0.0,-0.10883986858560042,0.0,-218504.65000000372
2009-08-11,4.691985,682019707.0,0.0,3200026410.55,0.0,0.0,-0.10883986858560042,0.0,-218504.65000000372
2009-08-12,4.746339,682019707.0,0.0,3237097033.09,0.0,0.0,-0.10883986858560042,0.0,-218504.65000000372
2009-08-13,4.785203,682019707.0,0.0,3263603341.72,0.0,0.0,-0.10359408530072879,0.0,0.0
2009-08-14,4.743281,682019707.0,0.0,3235011312.94,0.0,0.0,-0.10359408530072879,0.0,0.0
2009-08-17,4.673811,682019707.0,0.0,3187631349.2,0.0,0.0,-0.08239342630181097,0.0,0.0
2009-08-18,4.714545,682019707.0,0.0,3215412888.29,0.0,0.0,-0.08239342630181097,0.0,0.0
2009-08-19,4.728291,682019707.0,0.0,3224788220.53,0.0,0.0,-0.07254155223936158,0.0,0.0
2009-08-20,4.79584,682019707.0,0.0,3270858055.67,0.0,0.0,-0.07254155223936158,0.0,0.0
2009-08-21,4.890807,682019707.0,0.0,3335627304.96,0.0,0.0,-0.056419586914107055,0.0,0.0
2009-08-24,4.93639,682019707.0,0.0,3366715494.76,0.0,0.0,-0.03670750138755778,0.0,0.0
2009-08-25,4.957125,680819707.0,-1200000.0,3374908641.25,-5948549.999999999,-0.0017625810450966081,-1.1496429070982106,-1189709.9999999818,-297427.50000000367
2009-08-26,4.887401,680819707.0,0.0,3327439401.88,0.0,0.0,0.13088876188844237,-1189709.9999999818,-297427.50000000367
2009-08-27,4.866291,680819707.0,0.0,3313067099.85,0.0,0.0,0.13088876188844237,-1189709.9999999818,-297427.50000000367
2009-08-28,4.905845,680819707.0,0.0,3339996014.09,0.0,0.0,0.13088876188844237,-1189709.9999999818,-297427.50000000367
2009-08-31,4.905689,680819707.0,0.0,3339890212.62,0.0,0.0,0.13837987219732567,-1189709.9999999818,-297427.50000000367
2009-09-01,4.816437,680819707.0,0.0,3279125460.64,0.0,0.0,0.13837987219732567,0.0,-297427.50000000367
2009-09-02,4.816948,680819707.0,0.0,3279473666.67,0.0,0.0,0.13837987219732567,0.0,-297427.50000000367
2009-09-03,4.79614,680819707.0,0.0,3265307264.31,0.0,0.0,0.13837987219732567,0.0,-297427.50000000367
2009-09-04,4.850966,680819707.0,0.0,3302633495.01,0.0,0.0,0.13837987219732567,0.0,-297427.50000000367
2009-09-07,4.932283,680819707.0,0.0,3357995632.95,0.0,0.0,0.13837987219732567,0.0,-297427.50000000367
2009-09-08,4.946438,680819707.0,0.0,3367632820.59,0.0,0.0,0.13837987219732567,0.0,-297427.50000000367
2009-09-09,5.005386,680819707.0,0.0,3407765891.26,0.0,0.0,0.13837987219732567,0.0,-297427.50000000367
2009-09-10,4.988793,680819707.0,0.0,3396468971.79,0.0,0.0,0.13837987219732567,0.0,-297427.50000000367
2009-09-11,5.012502,680819707.0,0.0,3412610807.63,0.0,0.0,0.13837987219732567,0.0,-297427.50000000367
2009-09-14,5.019728,680819707.0,0.0,3417530135.16,0.0,0.0,0.13837987219732567,0.0,-297427.50000000367
2009-09-15,5.042965,680819707.0,0.0,3433350165.47,0.0,0.0,0.13837987219732567,0.0,-297427.50000000367
2009-09-16,5.125368,680819707.0,0.0,3489451718.75,0.0,0.0,0.13837987219732567,0.0,-297427.50000000367
2009-09-17,5.165209,680819707.0,0.0,3516576139.55,0.0,0.0,0.13837987219732567,0.0,-297427.50000000367
2009-09-18,5.174001,680819707.0,0.0,3522561920.59,0.0,0.0,0.13837987219732567,0.0,-297427.50000000367
2009-09-21,5.135352,680819707.0,0.0,3496249386.03,0.0,0.0,0.13837987219732567,0.0,-297427.50000000367
2009-09-22,5.143579,680819707.0,0.0,3501850054.22,0.0,0.0,0.13837987219732567,0.0,0.0
2009-09-23,5.142157,680819707.0,0.0,3500882361.49,0.0,0.0,0.13837987219732567,0.0,0.0
2009-09-24,5.08204,680819707.0,0.0,3459953134.0,0.0,0.0,0.13837987219732567,0.0,0.0
2009-09-25,5.084985,680819707.0,0.0,3461958416.83,0.0,0.0,0.13837987219732567,0.0,0.0
2009-09-28,5.168258,680819707.0,0.0,3518652269.99,0.0,0.0,0.13837987219732567,0.0,0.0
2009-09-29,5.162244,680819707.0,0.0,3514557878.43,0.0,0.0,0.13837987219732567,0.0,0.0
2009-09-30,5.136985,680819707.0,0.0,3497360866.68,0.0,0.0,0.13837987219732567,0.0,0.0
2009-10-01,5.050897,680819707.0,0.0,3438750625.63,0.0,0.0,0.13837987219732567,0.0,0.0
2009-10-02,4.991702,680819707.0,0.0,3398449460.64,0.0,0.0,0.13837987219732567,0.0,0.0
2009-10-05,5.027136,680819707.0,0.0,3422573763.29,0.0,0.0,0.13837987219732567,0.0,0.0
2009-10-06,5.14094,680819707.0,0.0,3500053615.15,0.0,0.0,0.13837987219732567,0.0,0.0
2009-10-07,5.112445,680819707.0,0.0,3480653802.25,0.0,0.0,0.13837987219732567,0.0,0.0
2009-10-08,5.158076,680819707.0,0.0,3511719957.13,0.0,0.0,0.13837987219732567,0.0,0.0
2009-10-09,5.165261,680819707.0,0.0,3516612083.6,0.0,0.0,0.13837987219732567,0.0,0.0
2009-10-12,5.213432,680819707.0,0.0,3549407620.02,0.0,0.0,0.13837987219732567,0.0,0.0
2009-10-13,5.157415,680819707.0,0.0,3511269848.28,0.0,0.0,0.13837987219732567,0.0,0.0
2009-10-14,5.260802,680819707.0,0.0,3581658004.19,0.0,0.0,0.13837987219732567,0.0,0.0
2009-10-15,5.227651,680819707.0,0.0,3559088502.46,0.0,0.0,0.13837987219732567,0.0,0.0
2009-10-16,5.194881,680819707.0,0.0,3536778030.54,0.0,0.0,0.13837987219732567,0.0,0.0
2009-10-19,5.285992,680819707.0,0.0,3598807710.59,0.0,0.0,0.13837987219732567,0.0,0.0
2009-10-20,5.247817,680819707.0,0.0,3572817604.22,0.0,0.0,0.13837987219732567,0.0,0.0
2009-10-21,5.263997,680819707.0,0.0,3583833488.71,0.0,0.0,0.13837987219732567,0.0,0.0
2009-10-22,5.213405,680819707.0,0.0,3549389071.69,0.0,0.0,0.13837987219732567,0.0,0.0
2009-10-23,5.2486,680819707.0,0.0,3573350810.66,0.0,0.0,0.13837987219732567,0.0,0.0
2009-10-26,5.197533,680819707.0,0.0,3538582939.15,0.0,0.0,0.11139819693771226,0.0,0.0
2009-10-27,5.206753,680819707.0,0.0,3544860133.05,0.0,0.0,0.11139819693771226,0.0,0.0
2009-10-28,5.086002,680819707.0,0.0,3462650585.95,0.0,0.0,0.11139819693771226,0.0,0.0
2009-10-29,5.143258,680819707.0,0.0,3501631953.63,0.0,0.0,0.11139819693771226,0.0,0.0
2009-10-30,5.049849,680819707.0,0.0,3438037367.63,0.0,0.0,0.11139819693771226,0.0,0.0
2009-11-02,5.10973,680819707.0,0.0,3478805271.69,0.0,0.0,0.11139819693771226,0.0,0.0
2009-11-03,5.042408,680819707.0,0.0,3432970986.68,0.0,0.0,0.11139819693771226,0.0,0.0
2009-11-04,5.12206,680819707.0,0.0,3487199531.68,0.0,0.0,0.11139819693771226,0.0,0.0
2009-11-05,5.139928,680819707.0,0.0,3499364759.76,0.0,0.0,0.11139819693771226,0.0,0.0
2009-11-06,5.156897,680819707.0,0.0,3510917588.88,0.0,0.0,0.1290928892738459,0.0,0.0
2009-11-09,5.249434,680819707.0,0.0,3573918680.69,0.0,0.0,0.1290928892738459,0.0,0.0
2009-11-10,5.244809,680819707.0,0.0,3570769500.87,0.0,0.0,0.1290928892738459,0.0,0.0
2009-11-11,5.287949,680819707.0,0.0,3600140058.99,0.0,0.0,0.1290928892738459,0.0,0.0
2009-11-12,5.297703,680819707.0,0.0,3606780649.74,0.0,0.0,0.1290928892738459,0.0,0.0
2009-11-13,5.317605,680819707.0,0.0,3620330643.23,0.0,0.0,0.1290928892738459,0.0,0.0
2009-11-16,5.404057,680819707.0,0.0,3679189120.23,0.0,0.0,0.1290928892738459,0.0,0.0
2009-11-17,5.367209,680819707.0,0.0,3654102238.11,0.0,0.0,0.1290928892738459,0.0,0.0
2009-11-18,5.374404,680819707.0,0.0,3659000602.01,0.0,0.0,0.1290928892738459,0.0,0.0
2009-11-19,5.299425,680819707.0,0.0,3607953471.65,0.0,0.0,0.1290928892738459,0.0,0.0
2009-11-20,5.283074,680819707.0,0.0,3596820903.99,0.0,0.0,0.1290928892738459,0.0,0.0
2009-11-23,5.387503,680819707.0,0.0,3667918318.13,0.0,0.0,0.1290928892738459,0.0,0.0
2009-11-24,5.355812,680819707.0,0.0,3646342724.06,0.0,0.0,0.1290928892738459,0.0,0.0
2009-11-25,5.363176,680819707.0,0.0,3651356038.37,0.0,0.0,0.1290928892738459,0.0,0.0
2009-11-26,5.192484,680819707.0,0.0,3535145544.25,0.0,0.0,0.1290928892738459,0.0,0.0
2009-11-27,5.24438,680819707.0,0.0,3570477405.6,0.0,0.0,0.1290928892738459,0.0,0.0
2009-11-30,5.18856,680819707.0,0.0,3532474323.7,0.0,0.0,0.1290928892738459,0.0,0.0
2009-12-01,5.310111,680819707.0,0.0,3615228814.95,0.0,0.0,0.1290928892738459,0.0,0.0
2009-12-02,5.327692,680819707.0,0.0,3627197785.6,0.0,0.0,0.1290928892738459,0.0,0.0
2009-12-03,5.313206,680819707.0,0.0,3617335646.75,0.0,0.0,0.1290928892738459,0.0,0.0
2009-12-04,5.322433,680819707.0,0.0,3623617631.33,0.0,0.0,0.1290928892738459,0.0,0.0
2009-12-07,5.310603,680819707.0,0.0,3615563638.76,0.0,0.0,0.1290928892738459,0.0,0.0
2009-12-08,5.223198,680819707.0,0.0,3556056292.25,0.0,0.0,0.1290928892738459,0.0,0.0
2009-12-09,5.2044,680819707.0,0.0,3543258630.19,0.0,0.0,0.1290928892738459,0.0,0.0
2009-12-10,5.244349,680819707.0,0.0,3570456784.89,0.0,0.0,0.1290928892738459,0.0,0.0
2009-12-11,5.258306,680819707.0,0.0,3579958735.57,0.0,0.0,0.1290928892738459,0.0,0.0
2009-12-14,5.315275,680819707.0,0.0,3618744097.03,0.0,0.0,0.1290928892738459,0.0,0.0
2009-12-15,5.285637,668819707.0,-12000000.0,3535138620.68,-63427644.00000001,-0.017942052860093902,-10.776004914026164,-12685528.799999984,-3171382.200000004
2009-12-16,5.320384,668819707.0,0.0,3558377781.67,0.0,0.0,0.10701252076022477,-12685528.799999984,-3171382.200000004
2009-12-17,5.217734,668819707.0,0.0,3489723781.36,0.0,0.0,0.10701252076022477,-12685528.799999984,-3171382.200000004
2009-12-18,5.196806,668819707.0,0.0,3475726822.07,0.0,0.0,0.10701252076022477,-12685528.799999984,-3171382.200000004
2009-12-21,5.293765,668819707.0,0.0,3540575021.7,0.0,0.0,0.10701252076022477,-12685528.799999984,-3171382.200000004
2009-12-22,5.328418,668819707.0,0.0,3563751144.21,0.0,0.0,0.10701252076022477,0.0,-3171382.200000004
2009-12-23,5.372673,668819707.0,0.0,3593349731.23,0.0,0.0,0.10701252076022477,0.0,-3171382.200000004
2009-12-24,5.402678,668819707.0,0.0,3613418143.16,0.0,0.0,0.10701252076022477,0.0,-3171382.200000004
2009-12-29,5.437582,668819707.0,0.0,3636762280.08,0.0,0.0,0.10701252076022477,0.0,-3171382.200000004
2009-12-30,5.397999,663819707.0,-5000000.0,3583298416.9,-26989995.000000004,-0.007532165022233821,-4.0971617899640975,-5397998.999999983,-4520881.950000005
2009-12-31,5.412958,663819707.0,0.0,3593228398.1,0.0,0.0,0.13437702902349707,-5397998.999999983,-4520881.950000005
2010-01-04,5.500225,663819707.0,0.0,3651157962.04,0.0,0.0,0.13437702902349707,-5397998.999999983,-4520881.950000005
2010-01-05,5.52231,663819707.0,0.0,3665818404.09,0.0,0.0,0.12776134148630672,-5397998.999999983,-4520881.950000005
2010-01-06,5.529952,663819707.0,0.0,3670891459.76,0.0,0.0,0.12776134148630672,-5397998.999999983,-4520881.950000005
2010-01-07,5.526602,663819707.0,0.0,3668667747.19,0.0,0.0,0.12776134148630672,0.0,-4520881.950000005
2010-01-08,5.534035,663819707.0,0.0,3673601984.37,0.0,0.0,0.12776134148630672,0.0,-4520881.950000005
2010-01-11,5.537653,661219707.0,-2600000.0,3661605673.19,-14397897.799999999,-0.003932126800387141,-2.0308504856365244,-2879579.559999982,-5240776.8400000045
2010-01-12,5.498308,661219707.0,0.0,3635590254.09,0.0,0.0,0.1436382963157873,-2879579.559999982,-5240776.8400000045
2010-01-13,5.473249,661219707.0,0.0,3619020442.53,0.0,0.0,0.1436382963157873,-2879579.559999982,-5240776.8400000045
2010-01-14,5.497878,661219707.0,0.0,3635305661.86,0.0,0.0,0.1436382963157873,-2879579.559999982,-5240776.8400000045
2010-01-15,5.454983,661219707.0,0.0,3606942902.72,0.0,0.0,0.1436382963157873,-2879579.559999982,-2069394.6400000039
2010-01-18,5.493859,658619707.0,-2600000.0,3618364150.17,-14284033.399999999,-0.003947649492196328,-1.9873057887556236,-2856806.679999982,-2783596.310000004
2010-01-19,5.512554,658619707.0,0.0,3630676772.24,0.0,0.0,0.15911344325159654,-2856806.679999982,-2783596.310000004
2010-01-20,5.422154,651619707.0,-7000000.0,3533182896.23,-37955078.0,-0.010742460584335749,-5.001175394927708,-10447822.279999983,-4681350.210000004
2010-01-21,5.336368,651619707.0,0.0,3477283015.78,0.0,0.0,0.18447747513245882,-10447822.279999983,-4681350.210000004
2010-01-22,5.304194,651619707.0,0.0,3456317666.17,0.0,0.0,0.18447747513245882,-10447822.279999983,-4681350.210000004
2010-01-25,5.26135,651619707.0,0.0,3428399347.95,0.0,0.0,0.18447747513245882,-7591015.599999982,-4681350.210000004
2010-01-26,5.277799,651619707.0,0.0,3439118357.38,0.0,0.0,0.18447747513245882,-7591015.599999982,-4681350.210000004
2010-01-27,5.218984,650419707.0,-1200000.0,3394530299.9,-6262780.8,-0.0018449624091393428,-0.6973693664474913,-1252556.159999982,-4994489.250000004
2010-01-28,5.147243,650419707.0,0.0,3347868323.57,0.0,0.0,0.19153101192223815,-1252556.159999982,-3644989.5000000037
2010-01-29,5.189918,650419707.0,0.0,3375625407.77,0.0,0.0,0.19153101192223815,-1252556.159999982,-3644989.5000000037
2010-02-01,5.248608,650219707.0,-200000.0,3412748674.86,-1049721.6,-0.00030758831077505654,0.044576899778433994,-1462500.4799999823,-3697475.5800000043
2010-02-02,5.284487,650219707.0,0.0,3436078151.14,0.0,0.0,0.19279432094848017,-1462500.4799999823,-3697475.5800000043
2010-02-03,5.260466,650219707.0,0.0,3420459064.55,0.0,0.0,0.19279432094848017,-209944.31999998214,-3697475.5800000043
2010-02-04,5.146438,650219707.0,0.0,3346315592.49,0.0,0.0,0.19279432094848017,-209944.31999998214,-3697475.5800000043
2010-02-05,5.068275,650219707.0,0.0,3295492499.21,0.0,0.0,0.19279432094848017,-209944.31999998214,-3697475.5800000043
2010-02-08,5.099543,650219707.0,0.0,3315823484.65,0.0,0.0,0.19279432094848017,0.0,-2977580.6900000037
2010-02-09,5.11895,650219707.0,0.0,3328442534.63,0.0,0.0,0.19279432094848017,0.0,-2977580.6900000037
2010-02-10,5.149643,650219707.0,0.0,3348399407.3,0.0,0.0,0.19279432094848017,0.0,-2977580.6900000037
2010-02-11,5.179222,650219707.0,0.0,3367632600.0,0.0,0.0,0.19279432094848017,0.0,-2977580.6900000037
2010-02-12,5.160087,650219707.0,0.0,3355190401.12,0.0,0.0,0.18602936600293124,0.0,-2977580.6900000037
2010-02-15,5.184967,650219707.0,0.0,3371367970.88,0.0,0.0,0.18602936600293124,0.0,-2263379.0200000037
2010-02-16,5.261794,650219707.0,0.0,3421322188.12,0.0,0.0,0.18602936600293124,0.0,-2263379.0200000037
2010-02-17,5.30163,650219707.0,0.0,3447224370.82,0.0,0.0,0.18602936600293124,0.0,-365625.1200000037
2010-02-18,5.350315,650219707.0,0.0,3478880461.35,0.0,0.0,0.18602936600293124,0.0,-365625.1200000037
2010-02-19,5.383559,650219707.0,0.0,3500496617.25,0.0,0.0,0.18602936600293124,0.0,-365625.1200000037
2010-02-22,5.377173,648219707.0,-2000000.0,3485589861.0,-10754346.0,-0.003085373331019108,-1.2819798677414567,-2150869.199999982,-903342.4200000037
2010-02-23,5.339915,648219707.0,0.0,3461438179.67,0.0,0.0,0.19708204003603577,-2150869.199999982,-903342.4200000037
2010-02-24,5.344545,648219707.0,0.0,3464439656.04,0.0,0.0,0.19708204003603577,-2150869.199999982,-590203.3800000037
2010-02-25,5.279723,648219707.0,0.0,3422420870.02,0.0,0.0,0.19708204003603577,-2150869.199999982,-590203.3800000038
2010-02-26,5.355999,648219707.0,0.0,3471864359.49,0.0,0.0,0.19708204003603577,-2150869.199999982,-590203.3800000038
2010-03-01,5.407265,648219707.0,0.0,3505096070.24,0.0,0.0,0.19708204003603577,0.0,-537717.3000000038
2010-03-02,5.485346,648219707.0,0.0,3555709626.01,0.0,0.0,0.19708204003603577,0.0,-537717.3000000038
2010-03-03,5.539217,633219707.0,-15000000.0,3507541468.89,-83088255.0,-0.02368845977644113,-7.7520824861287005,-16617650.999999981,-4692130.050000004
2010-03-04,5.533087,632219707.0,-1000000.0,3498126787.52,-5533087.0,-0.0015817285467582172,-0.3223675863444131,-17724268.399999984,-4968784.400000004
2010-03-05,5.605738,632219707.0,0.0,3544058354.62,0.0,0.0,0.20876299906857218,-17724268.399999984,-4968784.400000004
2010-03-08,5.61245,627219707.0,-5000000.0,3520239563.13,-28062250.0,-0.007971687578855746,-2.3864473858378057,-23336718.399999984,-6371896.900000004
2010-03-09,5.608022,627219707.0,0.0,3517462526.74,0.0,0.0,0.2254667821695535,-23336718.399999984,-6371896.900000004
2010-03-10,5.654838,622219707.0,-5000000.0,3518552094.16,-28274190.0,-0.008035745739541205,-2.330457401073471,-12373905.399999982,-7785606.400000003
2010-03-11,5.631425,622219707.0,0.0,3503983933.14,0.0,0.0,0.24169949427386103,-11267287.999999981,-7785606.400000003
2010-03-12,5.639842,622219707.0,0.0,3509221300.96,0.0,0.0,0.24169949427386103,-11267287.999999981,-7785606.400000003
2010-03-15,5.607685,616619707.0,-5600000.0,3457809438.48,-31403036.0,-0.009081771728231587,-2.566899448925825,-11935445.199999982,-9355758.200000003
2010-03-16,5.634358,614619707.0,-2000000.0,3462987480.31,-11268716.0,-0.0032540446836935278,-0.7439064906042624,-14189188.399999982,-9919194.000000004
2010-03-17,5.66472,614619707.0,0.0,3481648733.99,0.0,0.0,0.26634278007288575,-8534350.399999982,-9919194.000000004
2010-03-18,5.662661,614619707.0,0.0,3480383277.69,0.0,0.0,0.26634278007288575,-8534350.399999982,-9919194.000000004
2010-03-19,5.670214,614619707.0,0.0,3485025788.63,0.0,0.0,0.26634278007288575,-8534350.399999982,-9919194.000000004
2010-03-22,5.664412,614219707.0,-400000.0,3479193718.26,-2265764.8,-0.0006512327232911724,0.0658647918941054,-2706896.1599999825,-9494764.940000003
2010-03-23,5.693664,614219707.0,0.0,3497160750.1,0.0,0.0,0.26810329340775463,-453152.9599999821,-9494764.940000003
2010-03-24,5.700261,612219707.0,-2000000.0,3489812170.73,-11400522.0,-0.0032668010317630464,-0.7364650457682601,-2733257.359999982,-10064791.040000003
2010-03-25,5.749896,612219707.0,0.0,3520200179.49,0.0,0.0,0.2760052188825708,-2733257.359999982,-10064791.040000003
2010-03-26,5.725133,612219707.0,0.0,3505039758.63,0.0,0.0,0.2760052188825708,-2733257.359999982,-10064791.040000003
2010-03-29,5.732682,612219707.0,0.0,3509661392.93,0.0,0.0,0.2760052188825708,-2280104.399999982,-10064791.040000003
2010-03-30,5.694114,612219707.0,0.0,3486049142.14,0.0,0.0,0.2760052188825708,-2280104.399999982,-10064791.040000003
2010-03-31,5.701616,612219707.0,0.0,3490641923.51,0.0,0.0,0.2760052188825708,0.0,-5910378.290000004
2010-04-01,5.767124,612219707.0,0.0,3530747031.15,0.0,0.0,0.2760052188825708,0.0,-5633723.940000003
2010-04-06,5.802527,612219707.0,0.0,3552421864.5,0.0,0.0,0.2760052188825708,0.0,-5633723.940000003
2010-04-07,5.786453,612219707.0,0.0,3542581154.28,0.0,0.0,0.2760052188825708,0.0,-4230611.440000003
2010-04-08,5.736715,612219707.0,0.0,3512130404.74,0.0,0.0,0.2760052188825708,0.0,-4230611.440000003
2010-04-09,5.795271,612219707.0,0.0,3547979325.18,0.0,0.0,0.2760052188825708,0.0,-2816901.9400000037
2010-04-12,5.801999,612219707.0,0.0,3552098259.72,0.0,0.0,0.2760052188825708,0.0,-2816901.9400000037
2010-04-13,5.785893,612219707.0,0.0,3542238086.29,0.0,0.0,0.2760052188825708,0.0,-2816901.9400000037
2010-04-14,5.82252,612219707.0,0.0,3564661983.58,0.0,0.0,0.2760052188825708,0.0,-1246750.1400000039
2010-04-15,5.851275,612219707.0,0.0,3582265867.58,0.0,0.0,0.2760052188825708,0.0,-683314.3400000038
2010-04-16,5.769767,612219707.0,0.0,3532365330.27,0.0,0.0,0.2760052188825708,0.0,-683314.3400000038
2010-04-19,5.753519,612219707.0,0.0,3522418216.63,0.0,0.0,0.2760052188825708,0.0,-683314.3400000038
2010-04-20,5.809463,612219707.0,0.0,3556668081.55,0.0,0.0,0.2760052188825708,0.0,-683314.3400000038
2010-04-21,5.750971,610819707.0,-1400000.0,3512806501.39,-8051359.399999999,-0.0022920019639038236,-0.42823398159077547,-1610271.879999982,-972594.0700000037
2010-04-22,5.69262,610819707.0,0.0,3477164924.76,0.0,0.0,0.2817966619709913,-1610271.879999982,-972594.0700000037
2010-04-23,5.751002,610819707.0,0.0,3512825485.09,0.0,0.0,0.2817966619709913,-1610271.879999982,-402567.9700000037
2010-04-26,5.781298,610819707.0,0.0,3531331091.89,0.0,0.0,0.2817966619709913,-1610271.879999982,-402567.9700000037
2010-04-27,5.630422,610819707.0,0.0,3439172957.42,0.0,0.0,0.2817966619709913,-1610271.879999982,-402567.9700000037
2010-04-28,5.618465,610819707.0,0.0,3431869416.49,0.0,0.0,0.2817966619709913,0.0,-402567.9700000037
2010-04-29,5.650017,610819707.0,0.0,3451142027.27,0.0,0.0,0.2817966619709913,0.0,-402567.9700000037
2010-04-30,5.58478,609819707.0,-1000000.0,3405709420.66,-5584780.0,-0.0016398286847730283,-0.2219947298631837,-1116955.999999982,-681806.9700000037
2010-05-03,5.58478,609819707.0,0.0,3405709420.66,0.0,0.0,0.28606649902777276,-1116955.999999982,-681806.9700000037
2010-05-04,5.441666,609819707.0,0.0,3318435674.29,0.0,0.0,0.28606649902777276,-1116955.999999982,-681806.9700000037
2010-05-05,5.389546,609819707.0,0.0,3286651470.31,0.0,0.0,0.28606649902777276,-1116955.999999982,-681806.9700000037
2010-05-06,5.308051,609819707.0,0.0,3236954672.0,0.0,0.0,0.28606649902777276,-1116955.999999982,-681806.9700000037
2010-05-07,5.16843,609819707.0,0.0,3151810827.86,0.0,0.0,0.28606649902777276,0.0,-681806.9700000037
2010-05-10,5.434834,609819707.0,0.0,3314269283.7,0.0,0.0,0.28606649902777276,0.0,-681806.9700000037
2010-05-11,5.381298,609819707.0,0.0,3281621708.54,0.0,0.0,0.28606649902777276,0.0,-681806.9700000037
2010-05-12,5.433012,609819707.0,0.0,3313158374.19,0.0,0.0,0.28606649902777276,0.0,-681806.9700000037
2010-05-13,5.483587,609819707.0,0.0,3343999794.34,0.0,0.0,0.28606649902777276,0.0,-681806.9700000037
2010-05-14,5.311291,609819707.0,0.0,3238930332.15,0.0,0.0,0.28606649902777276,0.0,-681806.9700000037
2010-05-17,5.310754,609819707.0,0.0,3238602933.93,0.0,0.0,0.28606649902777276,0.0,-681806.9700000037
2010-05-18,5.35602,609819707.0,0.0,3266206773.57,0.0,0.0,0.28606649902777276,0.0,-681806.9700000037
2010-05-19,5.210245,609819707.0,0.0,3177310267.02,0.0,0.0,0.28606649902777276,0.0,-279239.0000000037
2010-05-20,5.124355,609819707.0,0.0,3124933138.93,0.0,0.0,0.28606649902777276,0.0,-279239.0000000037
2010-05-21,5.113767,612819707.0,3000000.0,3133817417.52,15341301.0,0.004895403578470312,1.7669234577721558,3068260.200000018,487826.04999999626
2010-05-24,5.120461,612819707.0,0.0,3137919621.6,0.0,0.0,0.2698796103653264,3068260.200000018,487826.04999999626
2010-05-25,4.990384,615219707.0,2400000.0,3070183144.8,11976921.6,0.0039010446722976223,1.4405150612126565,5463644.520000018,1086672.1299999964
2010-05-26,5.020478,615219707.0,0.0,3088697356.07,0.0,0.0,0.2577222568608126,5463644.520000018,1086672.1299999964
2010-05-27,5.177017,615219707.0,0.0,3185003074.85,0.0,0.0,0.2577222568608126,5463644.520000018,1086672.1299999964
2010-05-28,5.17027,618219707.0,3000000.0,3196363146.22,15510810.000000002,0.004852643235591986,1.6961982379228735,5497546.320000018,2141451.629999996
2010-05-31,5.170109,626219707.0,8000000.0,3237624231.12,41360872.0,0.012775068706998132,3.78545558530294,13769720.720000017,4209495.229999997
2010-06-01,5.145008,626219707.0,0.0,3221905944.6,0.0,0.0,0.1974748468992845,11374336.400000017,4209495.229999997
2010-06-02,5.147703,626219707.0,0.0,3223593643.68,0.0,0.0,0.1974748468992845,11374336.400000017,4209495.229999997
2010-06-03,5.207511,626219707.0,0.0,3261046516.18,0.0,0.0,0.1974748468992845,11374336.400000017,4209495.229999997
2010-06-04,5.12226,626219707.0,0.0,3207660342.55,0.0,0.0,0.1974748468992845,8272174.400000018,4209495.229999997
2010-06-07,5.065269,626219707.0,0.0,3171971300.38,0.0,0.0,0.1974748468992845,0.0,4209495.229999997
2010-06-08,5.024268,626219707.0,0.0,3146295831.06,0.0,0.0,0.17366490426952455,0.0,4209495.229999997
2010-06-09,5.082422,626219707.0,0.0,3182713195.92,0.0,0.0,0.17366490426952455,0.0,4209495.229999997
2010-06-10,5.129484,626219707.0,0.0,3212184346.79,0.0,0.0,0.17366490426952455,0.0,4209495.229999997
2010-06-11,5.16042,626219707.0,0.0,3231557237.35,0.0,0.0,0.17366490426952455,0.0,4209495.229999997
2010-06-14,5.198755,627819707.0,1600000.0,3263880845.35,8318008.0,0.00254850234862297,0.9627965223074461,1663601.6000000178,4625395.629999997
2010-06-15,5.214368,627819707.0,0.0,3273683406.44,0.0,0.0,0.16636666773277287,1663601.6000000178,4625395.629999997
2010-06-16,5.2355,627819707.0,0.0,3286950179.78,0.0,0.0,0.16636666773277287,1663601.6000000178,4625395.629999997
2010-06-17,5.244633,627819707.0,0.0,3292684138.55,0.0,0.0,0.16636666773277287,1663601.6000000178,4625395.629999997
2010-06-18,5.241425,627819707.0,0.0,3290670173.54,0.0,0.0,0.16636666773277287,1663601.6000000178,3858330.579999997
2010-06-21,5.289426,627819707.0,0.0,3320806436.04,0.0,0.0,0.14980583658442836,0.0,3858330.579999997
2010-06-22,5.237371,629819707.0,2000000.0,3298599565.56,10474742.0,0.0031755118473198833,1.1480414790988835,2094948.4000000178,3783221.5999999964
2010-06-23,5.16961,629819707.0,0.0,3255922686.36,0.0,0.0,0.14058562053740756,2094948.4000000178,3783221.5999999964
2010-06-24,5.091348,631819707.0,2000000.0,3216814274.04,10182696.0,0.003165459716519954,1.130408329096143,4131487.600000018,4292356.399999997
2010-06-25,5.037662,636819707.0,5000000.0,3208082454.4,25188310.0,0.007851515775554126,2.518179072042165,9169149.600000018,4776231.399999997
2010-06-28,5.062595,637819707.0,1000000.0,3229023007.52,5062595.0,0.001567841104944076,0.5843316184042252,10181668.600000018,2961317.549999996
2010-06-29,4.905438,637819707.0,0.0,3128785533.59,0.0,0.0,0.10369497109238891,8086720.200000018,2961317.549999996
2010-06-30,4.909547,637819707.0,0.0,3131406155.47,0.0,0.0,0.09413156249130489,8086720.200000018,2961317.549999996
2010-07-01,4.798511,637819707.0,0.0,3060585236.63,0.0,0.0,0.09413156249130489,6050181.000000018,2961317.549999996
2010-07-02,4.830716,637819707.0,0.0,3081126330.69,0.0,0.0,0.09413156249130489,1012519.0000000179,2961317.549999996
2010-07-05,4.81602,641819707.0,4000000.0,3091017174.92,19264080.0,0.0062322785380506925,1.9656085144815634,3852816.0000000177,3924521.549999996
2010-07-06,4.957121,641819707.0,0.0,3181578065.54,0.0,0.0,0.07684154637057537,3852816.0000000177,3924521.549999996
2010-07-07,5.007354,641819707.0,0.0,3213818545.09,0.0,0.0,0.06722838142286258,3852816.0000000177,3924521.549999996
2010-07-08,5.097805,641819707.0,0.0,3271871780.57,0.0,0.0,0.06722838142286258,3852816.0000000177,3924521.549999996
2010-07-09,5.125289,641819707.0,0.0,3289512015.42,0.0,0.0,0.04181535670620114,3852816.0000000177,3924521.549999996
2010-07-12,5.159087,641819707.0,0.0,3311203793.68,0.0,0.0,0.04181535670620114,0.0,3508621.149999996
2010-07-13,5.262884,641819707.0,0.0,3377822758.28,0.0,0.0,0.04181535670620114,0.0,3508621.149999996
2010-07-14,5.245381,641819707.0,0.0,3366589137.81,0.0,0.0,0.04181535670620114,0.0,3508621.149999996
2010-07-15,5.203197,641819707.0,0.0,3339514681.31,0.0,0.0,0.04181535670620114,0.0,3508621.149999996
2010-07-16,5.150773,641819707.0,0.0,3305867963.63,0.0,0.0,0.03695930050399695,0.0,3508621.149999996
2010-07-19,5.140034,641819707.0,0.0,3298975659.19,0.0,0.0,0.03695930050399695,0.0,3508621.149999996
2010-07-20,5.131167,641819707.0,0.0,3293284157.64,0.0,0.0,0.03695930050399695,0.0,2984884.049999996
2010-07-21,5.207457,641819707.0,0.0,3342249076.53,0.0,0.0,0.03614128508428367,0.0,2984884.049999996
2010-07-22,5.306417,641819707.0,0.0,3405763526.25,0.0,0.0,0.03614128508428367,0.0,2475749.2499999963
2010-07-23,5.305188,641819707.0,0.0,3404974774.14,0.0,0.0,0.03614128508428367,0.0,1216333.7499999963
2010-07-26,5.343587,641819707.0,0.0,3429619909.9,0.0,0.0,0.03614128508428367,0.0,963203.9999999963
2010-07-27,5.357901,641819707.0,0.0,3438806456.41,0.0,0.0,0.03614128508428367,0.0,963203.9999999963
2010-07-28,5.31688,641819707.0,0.0,3412478807.68,0.0,0.0,0.03614128508428367,0.0,963203.9999999963
2010-07-29,5.311075,641819707.0,0.0,3408752981.29,0.0,0.0,0.03614128508428367,0.0,963203.9999999963
2010-07-30,5.255173,641819707.0,0.0,3372874172.86,0.0,0.0,0.03614128508428367,0.0,963203.9999999963
2010-08-02,5.393878,641819707.0,0.0,3461897513.81,0.0,0.0,0.03614128508428367,0.0,0.0
2010-08-03,5.393209,641819707.0,0.0,3461467825.18,0.0,0.0,0.03614128508428367,0.0,0.0
2010-08-04,5.395322,641819707.0,0.0,3462824595.19,0.0,0.0,0.03614128508428367,0.0,0.0
2010-08-05,5.37487,641819707.0,0.0,3449697782.13,0.0,0.0,0.03614128508428367,0.0,0.0
2010-08-06,5.341304,641819707.0,0.0,3428154759.19,0.0,0.0,0.03614128508428367,0.0,0.0
2010-08-09,5.419324,641819707.0,0.0,3478229326.77,0.0,0.0,0.03614128508428367,0.0,0.0
2010-08-10,5.385205,641819707.0,0.0,3456331046.7,0.0,0.0,0.03614128508428367,0.0,0.0
2010-08-11,5.259899,641819707.0,0.0,3375907360.76,0.0,0.0,0.028039148522268412,0.0,0.0
2010-08-12,5.280758,641819707.0,0.0,3389294642.44,0.0,0.0,0.028039148522268412,0.0,0.0
2010-08-13,5.290051,641819707.0,0.0,3395259014.67,0.0,0.0,0.028039148522268412,0.0,0.0
2010-08-16,5.290412,641819707.0,0.0,3395490978.12,0.0,0.0,0.028039148522268412,0.0,0.0
2010-08-17,5.365149,641819707.0,0.0,3443458480.17,0.0,0.0,0.028039148522268412,0.0,0.0
2010-08-18,5.325889,641819707.0,0.0,3418261149.1,0.0,0.0,0.028039148522268412,0.0,0.0
2010-08-19,5.233816,641819707.0,0.0,3359166469.84,0.0,0.0,0.028039148522268412,0.0,0.0
2010-08-20,5.217731,641819707.0,0.0,3348842886.21,0.0,0.0,-0.049085375845224,0.0,0.0
2010-08-23,5.25716,641819707.0,0.0,3374149024.53,0.0,0.0,-0.05510413015541387,0.0,0.0
2010-08-24,5.178023,641819707.0,0.0,3323357214.83,0.0,0.0,-0.05510413015541387,0.0,0.0
2010-08-25,5.09756,641819707.0,0.0,3271714539.65,0.0,0.0,-0.089991611183517,0.0,0.0
2010-08-26,5.143707,641819707.0,0.0,3301332678.64,0.0,0.0,-0.089991611183517,0.0,0.0
2010-08-27,5.189428,641819707.0,0.0,3330677317.8,0.0,0.0,-0.1305036578093011,0.0,0.0
2010-08-30,5.189428,641819707.0,0.0,3330677317.8,0.0,0.0,-0.1305036578093011,0.0,0.0
2010-08-31,5.212791,641819707.0,0.0,3345672137.17,0.0,0.0,-0.1305036578093011,0.0,0.0
2010-09-01,5.354261,641819707.0,0.0,3436470843.74,0.0,0.0,-0.18791082807309703,0.0,0.0
2010-09-02,5.358878,641819707.0,0.0,3439434108.34,0.0,0.0,-0.20685299104698388,0.0,0.0
2010-09-03,5.415721,641819707.0,0.0,3475916835.7,0.0,0.0,-0.20685299104698388,0.0,0.0
2010-09-06,5.426586,641819707.0,0.0,3482889976.45,0.0,0.0,-0.20685299104698388,0.0,0.0
2010-09-07,5.395297,641819707.0,0.0,3462808531.07,0.0,0.0,-0.20685299104698388,0.0,0.0
2010-09-08,5.422305,641819707.0,0.0,3480142641.21,0.0,0.0,-0.21023977384279913,0.0,0.0
2010-09-09,5.486522,641819707.0,0.0,3521358025.52,0.0,0.0,-0.21023977384279913,0.0,0.0
2010-09-10,5.494077,641819707.0,0.0,3526207267.07,0.0,0.0,-0.23019609965364943,0.0,0.0
2010-09-13,5.557657,641819707.0,0.0,3567013972.75,0.0,0.0,-0.23019609965364943,0.0,0.0
2010-09-14,5.559475,641819707.0,0.0,3568180701.99,0.0,0.0,-0.23019609965364943,0.0,0.0
2010-09-15,5.547854,641819707.0,0.0,3560722061.64,0.0,0.0,-0.23019609965364943,0.0,0.0
2010-09-16,5.532404,641819707.0,0.0,3550806075.07,0.0,0.0,-0.23019609965364943,0.0,0.0
2010-09-17,5.500653,641819707.0,0.0,3530427575.73,0.0,0.0,-0.23019609965364943,0.0,0.0
2010-09-20,5.594452,641819707.0,0.0,3590630111.59,0.0,0.0,-0.23019609965364943,0.0,0.0
2010-09-21,5.568164,641819707.0,0.0,3573757794.94,0.0,0.0,-0.23019609965364943,0.0,0.0
2010-09-22,5.544988,641819707.0,0.0,3558882807.21,0.0,0.0,-0.23019609965364943,0.0,0.0
2010-09-23,5.539976,641819707.0,0.0,3555665985.04,0.0,0.0,-0.23019609965364943,0.0,0.0
2010-09-24,5.591321,641819707.0,0.0,3588620204.27,0.0,0.0,-0.23019609965364943,0.0,0.0
2010-09-27,5.566113,641819707.0,0.0,3572441615.77,0.0,0.0,-0.23019609965364943,0.0,0.0
2010-09-28,5.571068,641819707.0,0.0,3575621571.48,0.0,0.0,-0.23019609965364943,0.0,0.0
2010-09-29,5.563205,641819707.0,0.0,3570574777.27,0.0,0.0,-0.23019609965364943,0.0,0.0
2010-09-30,5.542551,641819707.0,0.0,3557318656.24,0.0,0.0,-0.23019609965364943,0.0,0.0
2010-10-01,5.586696,641819707.0,0.0,3585652025.9,0.0,0.0,-0.23019609965364943,0.0,0.0
2010-10-04,5.549688,641819707.0,0.0,3561899183.48,0.0,0.0,-0.23019609965364943,0.0,0.0
2010-10-05,5.629313,641819707.0,0.0,3613004454.93,0.0,0.0,-0.23019609965364943,0.0,0.0
2010-10-06,5.675811,641819707.0,0.0,3642847442.12,0.0,0.0,-0.24393482516911336,0.0,0.0
2010-10-07,5.65651,641819707.0,0.0,3630459904.5,0.0,0.0,-0.24393482516911336,0.0,0.0
2010-10-08,5.651955,641819707.0,0.0,3627536486.26,0.0,0.0,-0.24393482516911336,0.0,0.0
2010-10-11,5.66653,641819707.0,0.0,3636890820.35,0.0,0.0,-0.24393482516911336,0.0,0.0
2010-10-12,5.65572,641819707.0,0.0,3629953009.31,0.0,0.0,-0.24393482516911336,0.0,0.0
2010-10-13,5.743087,641819707.0,0.0,3686026778.42,0.0,0.0,-0.24393482516911336,0.0,0.0
2010-10-14,5.722919,641819707.0,0.0,3673082792.71,0.0,0.0,-0.24393482516911336,0.0,0.0
2010-10-15,5.698982,641819707.0,0.0,3657719337.84,0.0,0.0,-0.25357230726343494,0.0,0.0
2010-10-18,5.737962,641819707.0,0.0,3682737574.85,0.0,0.0,-0.25357230726343494,0.0,0.0
2010-10-19,5.699283,641819707.0,0.0,3657912685.1,0.0,0.0,-0.25357230726343494,0.0,0.0
2010-10-20,5.72608,641819707.0,0.0,3675110988.69,0.0,0.0,-0.25357230726343494,0.0,0.0
2010-10-21,5.754959,641819707.0,0.0,3693646255.48,0.0,0.0,-0.25357230726343494,0.0,0.0
2010-10-22,5.738372,641819707.0,0.0,3683000304.31,0.0,0.0,-0.25357230726343494,0.0,0.0
2010-10-25,5.748843,641819707.0,0.0,3689721246.6,0.0,0.0,-0.25357230726343494,0.0,0.0
2010-10-26,5.704138,641819707.0,0.0,3661028626.16,0.0,0.0,-0.25357230726343494,0.0,0.0
2010-10-27,5.646509,641819707.0,0.0,3624041107.93,0.0,0.0,-0.25357230726343494,0.0,0.0
2010-10-28,5.678341,641819707.0,0.0,3644471581.96,0.0,0.0,-0.25357230726343494,0.0,0.0
2010-10-29,5.675095,641819707.0,0.0,3642388029.19,0.0,0.0,-0.25357230726343494,0.0,0.0
2010-11-01,5.69435,641819707.0,0.0,3654746465.71,0.0,0.0,-0.25357230726343494,0.0,0.0
2010-11-02,5.75711,641819707.0,0.0,3695027292.58,0.0,0.0,-0.25357230726343494,0.0,0.0
2010-11-03,5.754355,641819707.0,0.0,3693259016.4,0.0,0.0,-0.25357230726343494,0.0,0.0
2010-11-04,5.867985,641819707.0,0.0,3766188881.2,0.0,0.0,-0.25357230726343494,0.0,0.0
2010-11-05,5.880943,641819707.0,0.0,3774505180.56,0.0,0.0,-0.23640911725024358,0.0,0.0
2010-11-08,5.855654,641819707.0,0.0,3758274745.44,0.0,0.0,-0.23640911725024358,0.0,0.0
2010-11-09,5.880848,641819707.0,0.0,3774444212.19,0.0,0.0,-0.2207783773159891,0.0,0.0
2010-11-10,5.823563,641819707.0,0.0,3737677947.31,0.0,0.0,-0.2207783773159891,0.0,0.0
2010-11-11,5.821746,641819707.0,0.0,3736511575.11,0.0,0.0,-0.2207783773159891,0.0,0.0
2010-11-12,5.803309,641819707.0,0.0,3724678322.11,0.0,0.0,-0.2023138418056881,0.0,0.0
2010-11-15,5.826682,641819707.0,0.0,3739679899.08,0.0,0.0,-0.1999201077891526,0.0,0.0
2010-11-16,5.688097,641219707.0,-600000.0,3647320011.93,-3412858.2,-0.0009357166875505578,-1.1014978499061627,-682571.6399999822,-170642.91000000373
2010-11-17,5.709047,641219707.0,0.0,3660753480.61,0.0,0.0,-0.19133874675694285,-682571.6399999822,-170642.91000000373
2010-11-18,5.785279,641219707.0,0.0,3709635397.99,0.0,0.0,-0.19133874675694285,-682571.6399999822,-170642.91000000373
2010-11-19,5.749254,641219707.0,0.0,3686535462.86,0.0,0.0,-0.19133874675694285,-682571.6399999822,-170642.91000000373
2010-11-22,5.697028,641219707.0,0.0,3653046825.62,0.0,0.0,-0.19133874675694285,-682571.6399999822,-170642.91000000373
2010-11-23,5.597165,641219707.0,0.0,3589013119.86,0.0,0.0,-0.19133874675694285,0.0,-170642.91000000373
2010-11-24,5.641181,641219707.0,0.0,3617236667.79,0.0,0.0,-0.19133874675694285,0.0,-170642.91000000373
2010-11-25,5.682853,641219707.0,0.0,3643957771.23,0.0,0.0,-0.19133874675694285,0.0,-170642.91000000373
2010-11-26,5.652754,641219707.0,0.0,3624657668.65,0.0,0.0,-0.19133874675694285,0.0,-170642.91000000373
2010-11-29,5.535292,641219707.0,0.0,3549338631.35,0.0,0.0,-0.17457375732186314,0.0,-170642.91000000373
2010-11-30,5.512581,641219707.0,0.0,3534775997.72,0.0,0.0,-0.17457375732186314,0.0,-170642.91000000373
2010-12-01,5.629175,641219707.0,0.0,3609538088.06,0.0,0.0,-0.17457375732186314,0.0,-170642.91000000373
2010-12-02,5.753883,641219707.0,0.0,3689503605.08,0.0,0.0,-0.17457375732186314,0.0,-170642.91000000373
2010-12-03,5.731547,641219707.0,0.0,3675181492.96,0.0,0.0,-0.17457375732186314,0.0,-170642.91000000373
2010-12-06,5.756258,641219707.0,0.0,3691026327.47,0.0,0.0,-0.17457375732186314,0.0,-170642.91000000373
2010-12-07,5.794183,641219707.0,0.0,3715344768.27,0.0,0.0,-0.1541649018380282,0.0,-170642.91000000373
2010-12-08,5.780776,641219707.0,0.0,3706747878.24,0.0,0.0,-0.1541649018380282,0.0,-170642.91000000373
2010-12-09,5.794112,641219707.0,0.0,3715299280.33,0.0,0.0,-0.13244746272620428,0.0,-170642.91000000373
2010-12-10,5.79901,641219707.0,0.0,3718440075.36,0.0,0.0,-0.09653792928160823,0.0,-170642.91000000373
2010-12-13,5.846469,641219707.0,0.0,3748871425.76,0.0,0.0,-0.07662667679588767,0.0,-170642.91000000373
2010-12-14,5.876838,641219707.0,0.0,3768344895.18,0.0,0.0,-0.07662667679588767,0.0,0.0
2010-12-15,5.868141,641219707.0,0.0,3762768084.76,0.0,0.0,-0.07662667679588767,0.0,0.0
2010-12-16,5.866966,641219707.0,0.0,3762014245.71,0.0,0.0,-0.07662667679588767,0.0,0.0
2010-12-17,5.857957,641219707.0,0.0,3756237647.4,0.0,0.0,-0.07662667679588767,0.0,0.0
2010-12-20,5.877102,641219707.0,0.0,3768513623.01,0.0,0.0,0.09128587104643689,0.0,0.0
2010-12-21,5.937096,641219707.0,0.0,3806983436.52,0.0,0.0,0.09128587104643689,0.0,0.0
2010-12-22,5.968695,641219707.0,0.0,3827245136.87,0.0,0.0,0.09128587104643689,0.0,0.0
2010-12-23,5.981172,641219707.0,0.0,3835245800.85,0.0,0.0,0.09128587104643689,0.0,0.0
2010-12-24,5.993871,641219707.0,0.0,3843388680.67,0.0,0.0,0.09128587104643689,0.0,0.0
2010-12-27,5.993871,641219707.0,0.0,3843388680.67,0.0,0.0,0.09128587104643689,0.0,0.0
2010-12-28,5.993871,641219707.0,0.0,3843388680.67,0.0,0.0,0.09128587104643689,0.0,0.0
2010-12-29,5.982135,641219707.0,0.0,3835862877.88,0.0,0.0,0.09128587104643689,0.0,0.0
2010-12-30,5.956776,641219707.0,0.0,3819602454.75,0.0,0.0,0.09128587104643689,0.0,0.0
2010-12-31,5.885823,641219707.0,0.0,3774105716.08,0.0,0.0,0.09128587104643689,0.0,0.0
2011-01-03,5.885823,641219707.0,0.0,3774105716.08,0.0,0.0,0.09128587104643689,0.0,0.0
2011-01-04,5.999125,641219707.0,0.0,3846757442.57,0.0,0.0,0.09128587104643689,0.0,0.0
2011-01-05,6.029149,641219707.0,0.0,3866009673.9,0.0,0.0,0.09128587104643689,0.0,0.0
2011-01-06,6.004798,641219707.0,0.0,3850395259.31,0.0,0.0,0.09128587104643689,0.0,0.0
2011-01-07,5.969621,641219707.0,0.0,3827838901.9,0.0,0.0,0.09128587104643689,0.0,0.0
2011-01-10,5.94148,641219707.0,0.0,3809794615.34,0.0,0.0,0.09128587104643689,0.0,0.0
2011-01-11,5.999005,641219707.0,0.0,3846680705.33,0.0,0.0,0.09128587104643689,0.0,0.0
2011-01-12,6.035729,641219707.0,0.0,3870228774.97,0.0,0.0,0.09128587104643689,0.0,0.0
2011-01-13,6.008838,641219707.0,0.0,3852985915.25,0.0,0.0,0.09128587104643689,0.0,0.0
2011-01-14,5.987024,641219707.0,0.0,3838997984.85,0.0,0.0,0.09128587104643689,0.0,0.0
2011-01-17,5.970501,641219707.0,0.0,3828403073.28,0.0,0.0,0.09128587104643689,0.0,0.0
2011-01-18,6.041009,641219707.0,0.0,3873614399.52,0.0,0.0,0.09128587104643689,0.0,0.0
2011-01-19,5.963718,641219707.0,0.0,3824053688.94,0.0,0.0,0.09128587104643689,0.0,0.0
2011-01-20,5.855142,641219707.0,0.0,3754432920.26,0.0,0.0,0.09128587104643689,0.0,0.0
2011-01-21,5.88334,641219707.0,0.0,3772513936.17,0.0,0.0,0.09128587104643689,0.0,0.0
2011-01-24,5.930628,641219707.0,0.0,3802836021.24,0.0,0.0,0.09128587104643689,0.0,0.0
2011-01-25,5.904597,641219707.0,0.0,3786144240.52,0.0,0.0,0.09128587104643689,0.0,0.0
2011-01-26,5.957635,641219707.0,0.0,3820153495.52,0.0,0.0,0.09128587104643689,0.0,0.0
2011-01-27,5.953413,641219707.0,0.0,3817446285.59,0.0,0.0,0.09128587104643689,0.0,0.0
2011-01-28,5.869821,641219707.0,0.0,3763845423.11,0.0,0.0,0.09128587104643689,0.0,0.0
2011-01-31,5.851187,641219707.0,0.0,3751896882.8,0.0,0.0,0.09128587104643689,0.0,0.0
2011-02-01,5.945726,641219707.0,0.0,3812517060.58,0.0,0.0,0.09128587104643689,0.0,0.0
2011-02-02,5.994398,633219707.0,-8000000.0,3795771009.07,-47955184.0,-0.012633845373024616,-10.833446837376664,-9591036.799999982,-2397759.200000004
2011-02-03,5.977603,633219707.0,0.0,3785136447.01,0.0,0.0,0.09784088079419194,-9591036.799999982,-2397759.200000004
2011-02-04,5.991553,633219707.0,0.0,3793969677.62,0.0,0.0,0.09784088079419194,-9591036.799999982,-2397759.200000004
2011-02-07,6.044932,633219707.0,0.0,3827770473.54,0.0,0.0,0.09784088079419194,-9591036.799999982,-2397759.200000004
2011-02-08,6.085114,633219707.0,0.0,3853214437.19,0.0,0.0,0.09784088079419194,-9591036.799999982,-2397759.200000004
2011-02-09,6.059732,633219707.0,0.0,3837142296.32,0.0,0.0,0.09784088079419194,0.0,-2397759.200000004
2011-02-10,6.027361,633219707.0,0.0,3816644309.42,0.0,0.0,0.09784088079419194,0.0,-2397759.200000004
2011-02-11,6.070464,633219707.0,0.0,3843937554.03,0.0,0.0,0.09784088079419194,0.0,-2397759.200000004
2011-02-14,6.067465,633219707.0,0.0,3842038418.6,0.0,0.0,0.09784088079419194,0.0,-2397759.200000004
2011-02-15,6.044261,633219707.0,0.0,3827345736.06,0.0,0.0,0.09784088079419194,0.0,-2397759.200000004
2011-02-16,6.092697,633219707.0,0.0,3858016266.11,0.0,0.0,0.09784088079419194,0.0,-2397759.200000004
2011-02-17,6.094659,633219707.0,0.0,3859258530.64,0.0,0.0,0.09784088079419194,0.0,-2397759.200000004
2011-02-18,6.090205,632619707.0,-600000.0,3852783791.97,-3654123.0,-0.0009484370775271506,-0.7144237530000868,-730824.5999999822,-2580465.350000004
2011-02-21,6.021842,628619707.0,-4000000.0,3785448702.12,-24087368.0,-0.006363147382372433,-4.795146440706812,-5548298.1999999825,-3784833.7500000037
2011-02-22,6.003688,628619707.0,0.0,3774036809.17,0.0,0.0,0.13481704856366547,-5548298.1999999825,-3784833.7500000037
2011-02-23,5.911155,628619707.0,0.0,3715868665.74,0.0,0.0,0.13481704856366547,-5548298.1999999825,-3784833.7500000037
2011-02-24,5.907572,622419707.0,-6200000.0,3676989455.24,-36626946.4,-0.00996112358924601,-6.182507725960008,-12873687.479999982,-5616181.070000003
2011-02-25,5.988491,622419707.0,0.0,3727354854.95,0.0,0.0,0.1637473520150943,-12142862.879999982,-5616181.070000003
2011-02-28,5.981113,622419707.0,0.0,3722763149.26,0.0,0.0,0.1637473520150943,-7325389.279999982,-5616181.070000003
2011-03-01,5.922908,622419707.0,0.0,3686535181.75,0.0,0.0,0.1637473520150943,-7325389.279999982,-5616181.070000003
2011-03-02,5.906627,622419707.0,0.0,3676401242.35,0.0,0.0,0.1637473520150943,-7325389.279999982,-3218421.870000004
2011-03-03,5.996602,622419707.0,0.0,3732403347.62,0.0,0.0,0.1637473520150943,0.0,-3218421.870000004
2011-03-04,5.981866,622419707.0,0.0,3723231362.75,0.0,0.0,0.1637473520150943,0.0,-3218421.870000004
2011-03-07,5.965188,622419707.0,0.0,3712850770.91,0.0,0.0,0.1637473520150943,0.0,-3218421.870000004
2011-03-08,5.965999,622419707.0,0.0,3713355755.82,0.0,0.0,0.1637473520150943,0.0,-3218421.870000004
2011-03-09,5.940153,622419707.0,0.0,3697268881.26,0.0,0.0,0.1637473520150943,0.0,-3218421.870000004
2011-03-10,5.848069,622419707.0,0.0,3639953442.02,0.0,0.0,0.1637473520150943,0.0,-3218421.870000004
2011-03-11,5.831457,622419707.0,0.0,3629614050.75,0.0,0.0,0.1637473520150943,0.0,-3218421.870000004
2011-03-14,5.777756,622419707.0,0.0,3596189813.11,0.0,0.0,0.1637473520150943,0.0,-3218421.870000004
2011-03-15,5.697804,622419707.0,0.0,3546425758.31,0.0,0.0,0.1637473520150943,0.0,-3218421.870000004
2011-03-16,5.606655,622419707.0,0.0,3489692626.45,0.0,0.0,0.1637473520150943,0.0,-3218421.870000004
2011-03-17,5.704349,622419707.0,0.0,3550499835.91,0.0,0.0,0.1637473520150943,0.0,-3218421.870000004
2011-03-18,5.72644,622419707.0,0.0,3564249503.77,0.0,0.0,0.1637473520150943,0.0,-3035715.7200000035
2011-03-21,5.794209,622419707.0,0.0,3606430234.17,0.0,0.0,0.1637473520150943,0.0,-1831347.3200000036
2011-03-22,5.770797,622419707.0,0.0,3591858295.55,0.0,0.0,0.1637473520150943,0.0,-1831347.3200000036
2011-03-23,5.806055,622419707.0,0.0,3613803399.36,0.0,0.0,0.1637473520150943,0.0,-1831347.3200000036
2011-03-24,5.891399,622419707.0,0.0,3666923344.07,0.0,0.0,0.1637473520150943,0.0,0.0
2011-03-25,5.911365,622419707.0,0.0,3679350629.87,0.0,0.0,0.1637473520150943,0.0,0.0
2011-03-28,5.914811,622419707.0,0.0,3681495014.88,0.0,0.0,0.1637473520150943,0.0,0.0
2011-03-29,5.942478,622419707.0,0.0,3698715631.33,0.0,0.0,0.1637473520150943,0.0,0.0
2011-03-30,5.962422,622419707.0,0.0,3711129115.9,0.0,0.0,0.1637473520150943,0.0,0.0
2011-03-31,5.922969,622419707.0,0.0,3686573006.15,0.0,0.0,0.1637473520150943,0.0,0.0
2011-04-01,6.024177,622419707.0,0.0,3749566706.65,0.0,0.0,0.1637473520150943,0.0,0.0
2011-04-04,6.030976,622419707.0,0.0,3753798340.27,0.0,0.0,0.1637473520150943,0.0,0.0
2011-04-05,6.020858,622419707.0,0.0,3747501039.28,0.0,0.0,0.1637473520150943,0.0,0.0
2011-04-06,6.055906,622419707.0,0.0,3769315242.52,0.0,0.0,0.1637473520150943,0.0,0.0
2011-04-07,6.022071,622419707.0,0.0,3748256059.1,0.0,0.0,0.1637473520150943,0.0,0.0
2011-04-08,6.070232,622419707.0,0.0,3778232042.72,0.0,0.0,0.1637473520150943,0.0,0.0
2011-04-11,6.067843,622419707.0,0.0,3776745589.8,0.0,0.0,0.1637473520150943,0.0,0.0
2011-04-12,5.978728,622419707.0,0.0,3721278160.6,0.0,0.0,0.1637473520150943,0.0,0.0
2011-04-13,6.027127,622419707.0,0.0,3751402904.93,0.0,0.0,0.1637473520150943,0.0,0.0
2011-04-14,5.980292,622419707.0,0.0,3722251638.14,0.0,0.0,0.1637473520150943,0.0,0.0
2011-04-15,6.012477,622419707.0,0.0,3742284719.07,0.0,0.0,0.1637473520150943,0.0,0.0
2011-04-18,5.88617,622419707.0,0.0,3663668351.1,0.0,0.0,0.1637473520150943,0.0,0.0
2011-04-19,5.912753,622419707.0,0.0,3680214584.04,0.0,0.0,0.1637473520150943,0.0,0.0
2011-04-20,6.043235,620419707.0,-2000000.0,3749342273.9,-12086470.0,-0.003223624069783276,-1.8458891306728766,-2417293.9999999823,-604323.5000000037
2011-04-21,6.039114,620019707.0,-400000.0,3744369833.08,-2415645.5999999996,-0.0006451407600442518,-0.22344427091666352,-2900423.119999982,-725105.7800000038
2011-04-25,6.039114,620019707.0,0.0,3744369833.08,0.0,0.0,0.18161401205877034,-2900423.119999982,-725105.7800000038
2011-04-26,6.090127,620019707.0,0.0,3775998850.68,0.0,0.0,0.18161401205877034,-2900423.119999982,-725105.7800000038
2011-04-27,6.09451,620019707.0,0.0,3778716873.63,0.0,0.0,0.18161401205877034,-2900423.119999982,-725105.7800000038
2011-04-28,6.096076,620019707.0,0.0,3779687270.12,0.0,0.0,0.18161401205877034,-483129.11999998207,-725105.7800000038
2011-04-29,6.096001,620019707.0,0.0,3779640888.37,0.0,0.0,0.18161401205877034,0.0,-725105.7800000038
2011-05-02,6.096076,620019707.0,0.0,3779687270.12,0.0,0.0,0.18161401205877034,0.0,-725105.7800000038
2011-05-03,6.108826,620019707.0,0.0,3787592946.68,0.0,0.0,0.18161401205877034,0.0,-725105.7800000038
2011-05-04,6.014225,620019707.0,0.0,3728938088.75,0.0,0.0,0.17681823760174492,0.0,-725105.7800000038
2011-05-05,5.949707,620019707.0,0.0,3688936159.97,0.0,0.0,0.17681823760174492,0.0,-725105.7800000038
2011-05-06,6.006733,620019707.0,0.0,3724293029.58,0.0,0.0,0.17681823760174492,0.0,-725105.7800000038
2011-05-09,5.972251,620019707.0,0.0,3702913551.55,0.0,0.0,0.17681823760174492,0.0,-725105.7800000038
2011-05-10,6.048773,620019707.0,0.0,3750358971.58,0.0,0.0,0.17681823760174492,0.0,-725105.7800000038
2011-05-11,6.017089,620019707.0,0.0,3730714115.55,0.0,0.0,0.17681823760174492,0.0,-725105.7800000038
2011-05-12,5.985861,620019707.0,0.0,3711351819.6,0.0,0.0,0.17681823760174492,0.0,-725105.7800000038
2011-05-13,5.966526,620019707.0,0.0,3699364027.24,0.0,0.0,0.17681823760174492,0.0,-725105.7800000038
2011-05-16,5.964154,620019707.0,0.0,3697893218.02,0.0,0.0,0.17681823760174492,0.0,-725105.7800000038
2011-05-17,5.901176,620019707.0,0.0,3658845540.49,0.0,0.0,0.17681823760174492,0.0,-725105.7800000038
2011-05-18,5.968899,620019707.0,0.0,3700835262.22,0.0,0.0,0.17681823760174492,0.0,-725105.7800000038
2011-05-19,6.001551,618419707.0,-1600000.0,3711477439.7,-9602481.6,-0.002587239652135989,-1.4228090134801388,-1920496.3199999821,-600906.3600000037
2011-05-20,5.993634,616419707.0,-2000000.0,3694594544.09,-11987268.0,-0.003244542224308549,-1.7908248679562015,-4317949.919999982,-1079487.4800000037
2011-05-23,5.880141,616419707.0,0.0,3624635362.81,0.0,0.0,0.20280720594605178,-4317949.919999982,-1079487.4800000037
2011-05-24,5.902771,616419707.0,0.0,3638584878.22,0.0,0.0,0.20280720594605178,-4317949.919999982,-1079487.4800000037
2011-05-25,5.851462,616419707.0,0.0,3606956719.0,0.0,0.0,0.20280720594605178,-4317949.919999982,-1079487.4800000037
2011-05-26,5.862204,616419707.0,0.0,3613578179.82,0.0,0.0,0.20280720594605178,-2397453.599999982,-1079487.4800000037
2011-05-27,5.91983,616419707.0,0.0,3649100294.54,0.0,0.0,0.20280720594605178,0.0,-1079487.4800000037
2011-05-30,5.91983,616419707.0,0.0,3649100294.54,0.0,0.0,0.20280720594605178,0.0,-1079487.4800000037
2011-05-31,5.970494,616419707.0,0.0,3680330506.93,0.0,0.0,0.20280720594605178,0.0,-1079487.4800000037
2011-06-01,5.92603,616419707.0,0.0,3652922216.59,0.0,0.0,0.20280720594605178,0.0,-1079487.4800000037
2011-06-02,5.84531,614819707.0,-1600000.0,3593811853.5,-9352496.0,-0.0026023888787866396,-1.3720873740940984,-1870499.199999982,-1547112.2800000038
2011-06-03,5.852278,614819707.0,0.0,3598096393.27,0.0,0.0,0.21443910105862546,-1870499.199999982,-1547112.2800000038
2011-06-06,5.860252,614819707.0,0.0,3602998886.46,0.0,0.0,0.21443910105862546,-1870499.199999982,-1547112.2800000038
2011-06-07,5.861696,614819707.0,0.0,3603886267.32,0.0,0.0,0.21443910105862546,-1870499.199999982,-1547112.2800000038
2011-06-08,5.806275,614819707.0,0.0,3569812573.71,0.0,0.0,0.21443910105862546,-1870499.199999982,-1547112.2800000038
2011-06-09,5.853565,614819707.0,0.0,3598887536.41,0.0,0.0,0.21443910105862546,0.0,-1547112.2800000038
2011-06-10,5.76316,614819707.0,0.0,3543304897.59,0.0,0.0,0.21443910105862546,0.0,-1547112.2800000038
2011-06-13,5.770562,614819707.0,0.0,3547855504.04,0.0,0.0,0.21443910105862546,0.0,-1547112.2800000038
2011-06-14,5.800156,614819707.0,0.0,3566050604.91,0.0,0.0,0.21443910105862546,0.0,-1547112.2800000038
2011-06-15,5.739644,614819707.0,0.0,3528846540.63,0.0,0.0,0.21443910105862546,0.0,-1547112.2800000038
2011-06-16,5.695856,614819707.0,0.0,3501924999.08,0.0,0.0,0.21443910105862546,0.0,-1066988.2000000037
2011-06-17,5.711897,614819707.0,0.0,3511787422.92,0.0,0.0,0.21443910105862546,0.0,-467624.8000000037
2011-06-20,5.690144,614819707.0,0.0,3498413267.73,0.0,0.0,0.21443910105862546,0.0,-467624.8000000037
2011-06-21,5.771919,614819707.0,0.0,3548690107.7,0.0,0.0,0.21443910105862546,0.0,-467624.8000000037
2011-06-22,5.771166,614819707.0,0.0,3548226720.76,0.0,0.0,0.21443910105862546,0.0,-467624.8000000037
2011-06-23,5.672472,614819707.0,0.0,3487548163.57,0.0,0.0,0.21443910105862546,0.0,-467624.8000000037
2011-06-24,5.695757,614819707.0,0.0,3501864255.11,0.0,0.0,0.21443910105862546,0.0,-467624.8000000037
2011-06-27,5.720194,614819707.0,0.0,3516888251.72,0.0,0.0,0.21443910105862546,0.0,-467624.8000000037
2011-06-28,5.765255,614819707.0,0.0,3544592603.69,0.0,0.0,0.21443910105862546,0.0,-467624.8000000037
2011-06-29,5.85561,614819707.0,0.0,3600144554.83,0.0,0.0,0.21443910105862546,0.0,-467624.8000000037
2011-06-30,5.945192,614819707.0,0.0,3655221582.18,0.0,0.0,0.21443910105862546,0.0,0.0
2011-07-01,5.988659,614819707.0,0.0,3681946185.79,0.0,0.0,0.21443910105862546,0.0,0.0
2011-07-04,6.016317,614819707.0,0.0,3698950846.76,0.0,0.0,0.21443910105862546,0.0,0.0
2011-07-05,6.022668,614819707.0,0.0,3702855504.47,0.0,0.0,0.21443910105862546,0.0,0.0
2011-07-06,6.002025,614819707.0,0.0,3690163634.88,0.0,0.0,0.21443910105862546,0.0,0.0
2011-07-07,6.053621,614819707.0,0.0,3721886102.74,0.0,0.0,0.21443910105862546,0.0,0.0
2011-07-08,5.989493,614819707.0,0.0,3682458444.64,0.0,0.0,0.21443910105862546,0.0,0.0
2011-07-11,5.92785,614819707.0,0.0,3644559564.82,0.0,0.0,0.21443910105862546,0.0,0.0
2011-07-12,5.867653,614819707.0,0.0,3607548896.02,0.0,0.0,0.21443910105862546,0.0,0.0
2011-07-13,5.904947,614819707.0,0.0,3630478070.64,0.0,0.0,0.21443910105862546,0.0,0.0
2011-07-14,5.845492,614819707.0,0.0,3593924126.88,0.0,0.0,0.21443910105862546,0.0,0.0
2011-07-15,5.842189,614819707.0,0.0,3591893339.95,0.0,0.0,0.21443910105862546,0.0,0.0
2011-07-18,5.751157,614819707.0,0.0,3535924678.02,0.0,0.0,0.21443910105862546,0.0,0.0
2011-07-19,5.788171,614819707.0,0.0,3558681925.54,0.0,0.0,0.21443910105862546,0.0,0.0
2011-07-20,5.853339,614819707.0,0.0,3598748262.88,0.0,0.0,0.21443910105862546,0.0,0.0
2011-07-21,5.899475,614819707.0,0.0,3627114039.96,0.0,0.0,0.20735275391385022,0.0,0.0
2011-07-22,5.93443,614819707.0,0.0,3648604559.4,0.0,0.0,0.20735275391385022,0.0,0.0
2011-07-25,5.924556,614819707.0,0.0,3642534166.81,0.0,0.0,0.20735275391385022,0.0,0.0
2011-07-26,5.928932,614819707.0,0.0,3645224511.52,0.0,0.0,0.20735275391385022,0.0,0.0
2011-07-27,5.85781,614819707.0,0.0,3601497395.42,0.0,0.0,0.20735275391385022,0.0,0.0
2011-07-28,5.874312,614819707.0,0.0,3611642981.1,0.0,0.0,0.20735275391385022,0.0,0.0
2011-07-29,5.81629,614819707.0,0.0,3575969924.59,0.0,0.0,0.20735275391385022,0.0,0.0
2011-08-01,5.775499,614819707.0,0.0,3550890957.24,0.0,0.0,0.20735275391385022,0.0,0.0
2011-08-02,5.71932,614819707.0,0.0,3516350854.28,0.0,0.0,0.20735275391385022,0.0,0.0
2011-08-03,5.603982,614819707.0,0.0,3445438890.43,0.0,0.0,0.20735275391385022,0.0,0.0
2011-08-04,5.412045,614819707.0,0.0,3327432110.57,0.0,0.0,0.20735275391385022,0.0,0.0
2011-08-05,5.265146,614819707.0,0.0,3237116048.91,0.0,0.0,0.20735275391385022,0.0,0.0
2011-08-08,5.086649,614819707.0,0.0,3127372285.25,0.0,0.0,0.20096618641471542,0.0,0.0
2011-08-09,5.182876,614819707.0,0.0,3186534364.83,0.0,0.0,0.17758275345768612,0.0,0.0
2011-08-10,5.031043,614819707.0,0.0,3093184837.15,0.0,0.0,0.17758275345768612,0.0,0.0
2011-08-11,5.187359,614819707.0,0.0,3189291050.47,0.0,0.0,0.17758275345768612,0.0,0.0
2011-08-12,5.34517,614819707.0,0.0,3286315932.88,0.0,0.0,0.19311645431853577,0.0,0.0
2011-08-15,5.375638,614819707.0,0.0,3305048600.07,0.0,0.0,0.19311645431853577,0.0,0.0
2011-08-16,5.382786,614819707.0,0.0,3309443323.62,0.0,0.0,0.19311645431853577,0.0,0.0
2011-08-17,5.365864,614819707.0,0.0,3299039198.13,0.0,0.0,0.19311645431853577,0.0,0.0
2011-08-18,5.124824,614819707.0,0.0,3150843382.27,0.0,0.0,0.19311645431853577,0.0,0.0
2011-08-19,5.073008,614819707.0,0.0,3118985373.32,0.0,0.0,0.19311645431853577,0.0,0.0
2011-08-22,5.127896,614819707.0,0.0,3152731619.32,0.0,0.0,0.19311645431853577,0.0,0.0
2011-08-23,5.162148,614819707.0,0.0,3173790327.1,0.0,0.0,0.19311645431853577,0.0,0.0
2011-08-24,5.183231,614819707.0,0.0,3186752869.05,0.0,0.0,0.19311645431853577,0.0,0.0
2011-08-25,5.10891,614819707.0,0.0,3141058638.68,0.0,0.0,0.19311645431853577,0.0,0.0
2011-08-26,5.107705,614819707.0,0.0,3140318041.64,0.0,0.0,0.19311645431853577,0.0,0.0
2011-08-29,5.107705,614819707.0,0.0,3140318041.64,0.0,0.0,0.19311645431853577,0.0,0.0
2011-08-30,5.245558,614819707.0,0.0,3225072849.53,0.0,0.0,0.19311645431853577,0.0,0.0
2011-08-31,5.371069,614819707.0,0.0,3302239391.42,0.0,0.0,0.19311645431853577,0.0,0.0
2011-09-01,5.395032,614819707.0,0.0,3316972344.5,0.0,0.0,0.19311645431853577,0.0,0.0
2011-09-02,5.268866,614819707.0,0.0,3239402681.77,0.0,0.0,0.19311645431853577,0.0,0.0
2011-09-05,5.080142,614819707.0,0.0,3123371603.64,0.0,0.0,0.19311645431853577,0.0,0.0
2011-09-06,5.134195,614819707.0,0.0,3156604405.15,0.0,0.0,0.19311645431853577,0.0,0.0
2011-09-07,5.302109,614819707.0,0.0,3259841439.79,0.0,0.0,0.19311645431853577,0.0,0.0
2011-09-08,5.323599,614819707.0,0.0,3273053739.33,0.0,0.0,0.19311645431853577,0.0,0.0
2011-09-09,5.19835,614819707.0,0.0,3196048604.65,0.0,0.0,0.19311645431853577,0.0,0.0
2011-09-12,5.113782,614819707.0,0.0,3144054051.37,0.0,0.0,0.19311645431853577,0.0,0.0
2011-09-13,5.158074,614819707.0,0.0,3171286063.72,0.0,0.0,0.19311645431853577,0.0,0.0
2011-09-14,5.211421,614819707.0,0.0,3204084921.15,0.0,0.0,0.19311645431853577,0.0,0.0
2011-09-15,5.321484,614819707.0,0.0,3271753342.41,0.0,0.0,0.19311645431853577,0.0,0.0
2011-09-16,5.35201,614819707.0,0.0,3290521549.03,0.0,0.0,0.19311645431853577,0.0,0.0
2011-09-19,5.243443,614819707.0,0.0,3223772264.39,0.0,0.0,0.19311645431853577,0.0,0.0
2011-09-20,5.347181,614819707.0,0.0,3287552382.31,0.0,0.0,0.19311645431853577,0.0,0.0
2011-09-21,5.273544,614819707.0,0.0,3242279028.8,0.0,0.0,0.19311645431853577,0.0,0.0
2011-09-22,5.027634,614819707.0,0.0,3091088967.7,0.0,0.0,0.19311645431853577,0.0,0.0
2011-09-23,5.05256,614819707.0,0.0,3106413814.5,0.0,0.0,0.19311645431853577,0.0,0.0
2011-09-26,5.074797,614819707.0,0.0,3120085272.96,0.0,0.0,0.19311645431853577,0.0,0.0
2011-09-27,5.278729,614819707.0,0.0,3245466909.3,0.0,0.0,0.19311645431853577,0.0,0.0
2011-09-28,5.204035,614819707.0,0.0,3199543863.82,0.0,0.0,0.19311645431853577,0.0,0.0
2011-09-29,5.183105,614819707.0,0.0,3186675111.29,0.0,0.0,0.19311645431853577,0.0,0.0
2011-09-30,5.114806,614819707.0,0.0,3144684113.74,0.0,0.0,0.19311645431853577,0.0,0.0
2011-10-03,5.061858,614819707.0,0.0,3112130422.3,0.0,0.0,0.19311645431853577,0.0,0.0
2011-10-04,4.93107,614819707.0,0.0,3031719389.42,0.0,0.0,0.19311645431853577,0.0,0.0
2011-10-05,5.088986,614819707.0,0.0,3128808958.98,0.0,0.0,0.19311645431853577,0.0,0.0
2011-10-06,5.277451,614819707.0,0.0,3244681023.76,0.0,0.0,0.16945854767540733,0.0,0.0
2011-10-07,5.289531,614819707.0,0.0,3252108291.57,0.0,0.0,0.15849700941782913,0.0,0.0
2011-10-10,5.384695,614819707.0,0.0,3310616838.54,0.0,0.0,0.15849700941782913,0.0,0.0
2011-10-11,5.381068,614819707.0,0.0,3308386947.96,0.0,0.0,0.15849700941782913,0.0,0.0
2011-10-12,5.42968,614819707.0,0.0,3338274743.54,0.0,0.0,0.15849700941782913,0.0,0.0
2011-10-13,5.3913,614819707.0,0.0,3314677944.82,0.0,0.0,0.15849700941782913,0.0,0.0
2011-10-14,5.45408,614819707.0,0.0,3353276290.99,0.0,0.0,0.15849700941782913,0.0,0.0
2011-10-17,5.42433,614819707.0,0.0,3334985379.51,0.0,0.0,0.15849700941782913,0.0,0.0
2011-10-18,5.397953,614819707.0,0.0,3318768015.37,0.0,0.0,0.15849700941782913,0.0,0.0
2011-10-19,5.438922,614819707.0,0.0,3343956680.03,0.0,0.0,0.15849700941782913,0.0,0.0
2011-10-20,5.373213,614819707.0,0.0,3303557653.38,0.0,0.0,0.15849700941782913,0.0,0.0
2011-10-21,5.47694,614819707.0,0.0,3367331204.45,0.0,0.0,0.15849700941782913,0.0,0.0
2011-10-24,5.536074,614819707.0,0.0,3403687903.95,0.0,0.0,0.15849700941782913,0.0,0.0
2011-10-25,5.513507,614819707.0,0.0,3389813330.87,0.0,0.0,0.15849700941782913,0.0,0.0
2011-10-26,5.541616,614819707.0,0.0,3407095332.75,0.0,0.0,0.15849700941782913,0.0,0.0
2011-10-27,5.701807,614819707.0,0.0,3505583650.22,0.0,0.0,0.15849700941782913,0.0,0.0
2011-10-28,5.690134,614819707.0,0.0,3498406922.77,0.0,0.0,0.15849700941782913,0.0,0.0
2011-10-31,5.532458,614819707.0,0.0,3401464725.53,0.0,0.0,0.15849700941782913,0.0,0.0
2011-11-01,5.409821,614819707.0,0.0,3326065017.65,0.0,0.0,0.15849700941782913,0.0,0.0
2011-11-02,5.485081,611819707.0,-3000000.0,3355880711.62,-16455243.0,-0.004903405220281648,-7.661845097678733,-3291048.599999982,-822762.1500000037
2011-11-03,5.546565,611819707.0,0.0,3393497956.74,0.0,0.0,0.15379121576806318,-3291048.599999982,-822762.1500000037
2011-11-04,5.528024,611819707.0,0.0,3382154261.61,0.0,0.0,0.1238610817579911,-3291048.599999982,-822762.1500000037
2011-11-07,5.511327,607819707.0,-4000000.0,3349893286.93,-22045308.0,-0.006580898587430335,-8.2824903537671,-7700110.1999999825,-1925027.5500000038
2011-11-08,5.567863,607819707.0,0.0,3384257370.91,0.0,0.0,0.15042511170153022,-7700110.1999999825,-1925027.5500000038
2011-11-09,5.46237,599819707.0,-8000000.0,3276437416.45,-43698960.0,-0.013337340057405266,-9.12214970593444,-13148853.599999983,-4109975.5500000035
2011-11-10,5.446701,599819707.0,0.0,3267038790.11,0.0,0.0,0.15903185208706455,-13148853.599999983,-4109975.5500000035
2011-11-11,5.547522,599819707.0,0.0,3327513480.27,0.0,0.0,0.15903185208706455,-13148853.599999983,-4109975.5500000035
2011-11-14,5.521142,599819707.0,0.0,3311689824.09,0.0,0.0,0.15903185208706455,-8739791.999999981,-4109975.5500000035
2011-11-15,5.519734,595819707.0,-4000000.0,3288766328.7,-22078936.0,-0.0067134401758265,-4.137091566013077,-13155579.199999982,-5213922.350000003
2011-11-16,5.518616,595819707.0,0.0,3288100593.37,0.0,0.0,0.18306463276434531,-4415787.1999999825,-5213922.350000003
2011-11-17,5.432418,595819707.0,0.0,3236741982.98,0.0,0.0,0.17070509775304032,-4415787.1999999825,-5213922.350000003
2011-11-18,5.372148,595819707.0,0.0,3200831861.44,0.0,0.0,0.17070509775304032,-4415787.1999999825,-5213922.350000003
2011-11-21,5.231482,595819707.0,0.0,3117020427.14,0.0,0.0,0.17070509775304032,-4415787.1999999825,-5213922.350000003
2011-11-22,5.215522,595819707.0,0.0,3107511332.18,0.0,0.0,0.17070509775304032,0.0,-5213922.350000003
2011-11-23,5.113951,595819707.0,0.0,3046992807.5,0.0,0.0,0.17070509775304032,0.0,-5213922.350000003
2011-11-24,5.101751,595819707.0,0.0,3039723881.98,0.0,0.0,0.17070509775304032,0.0,-5213922.350000003
2011-11-25,5.138563,595819707.0,0.0,3061657680.66,0.0,0.0,0.17070509775304032,0.0,-5213922.350000003
2011-11-28,5.285752,595819707.0,0.0,3149355453.94,0.0,0.0,0.17070509775304032,0.0,-5213922.350000003
2011-11-29,5.309736,595819707.0,0.0,3163645384.21,0.0,0.0,0.17070509775304032,0.0,-5213922.350000003
2011-11-30,5.48062,595819707.0,0.0,3265461779.36,0.0,0.0,0.17070509775304032,0.0,-4391160.200000004
2011-12-01,5.464672,595819707.0,0.0,3255959575.88,0.0,0.0,0.17070509775304032,0.0,-4391160.200000004
2011-12-02,5.527279,595819707.0,0.0,3293262141.7,0.0,0.0,0.17070509775304032,0.0,-4391160.200000004
2011-12-05,5.542719,595819707.0,0.0,3302461785.01,0.0,0.0,0.17070509775304032,0.0,-3288894.8000000035
2011-12-06,5.543452,595819707.0,0.0,3302898308.2,0.0,0.0,0.17070509775304032,0.0,-3288894.8000000035
2011-12-07,5.522068,595819707.0,0.0,3290157275.33,0.0,0.0,0.17070509775304032,0.0,-1103946.8000000038
2011-12-08,5.459157,595819707.0,0.0,3252673503.95,0.0,0.0,0.17070509775304032,0.0,-1103946.8000000038
2011-12-09,5.504336,595819707.0,0.0,3279591893.01,0.0,0.0,0.17070509775304032,0.0,-1103946.8000000038
2011-12-12,5.403262,595819707.0,0.0,3219370020.75,0.0,0.0,0.17070509775304032,0.0,-1103946.8000000038
2011-12-13,5.465102,595819707.0,0.0,3256215913.19,0.0,0.0,0.17070509775304032,0.0,0.0
2011-12-14,5.342834,595819707.0,0.0,3183366090.89,0.0,0.0,0.17070509775304032,0.0,0.0
2011-12-15,5.376658,595819707.0,0.0,3203519319.41,0.0,0.0,0.17070509775304032,0.0,0.0
2011-12-16,5.362789,595819707.0,0.0,3195255622.27,0.0,0.0,0.17070509775304032,0.0,0.0
2011-12-19,5.340261,595819707.0,0.0,3181833212.08,0.0,0.0,0.17070509775304032,0.0,0.0
2011-12-20,5.394549,595819707.0,0.0,3214179075.18,0.0,0.0,0.17070509775304032,0.0,0.0
2011-12-21,5.364829,595819707.0,0.0,3196471066.41,0.0,0.0,0.17070509775304032,0.0,0.0
2011-12-22,5.431626,595819707.0,0.0,3236270016.04,0.0,0.0,0.17070509775304032,0.0,0.0
2011-12-23,5.487045,595819707.0,0.0,3269289786.83,0.0,0.0,0.17070509775304032,0.0,0.0
2011-12-26,5.487045,595819707.0,0.0,3269289786.83,0.0,0.0,0.17070509775304032,0.0,0.0
2011-12-27,5.487045,595819707.0,0.0,3269289786.83,0.0,0.0,0.17070509775304032,0.0,0.0
2011-12-28,5.482638,595819707.0,0.0,3266664063.56,0.0,0.0,0.17070509775304032,0.0,0.0
2011-12-29,5.541564,595819707.0,0.0,3301773049.52,0.0,0.0,0.17070509775304032,0.0,0.0
2011-12-30,5.547071,595819707.0,0.0,3305054276.06,0.0,0.0,0.17070509775304032,0.0,0.0
2012-01-02,5.547071,595819707.0,0.0,3305054276.06,0.0,0.0,0.17070509775304032,0.0,0.0
2012-01-03,5.673817,595819707.0,0.0,3380572306.28,0.0,0.0,0.17070509775304032,0.0,0.0
2012-01-04,5.642584,595819707.0,0.0,3361962929.34,0.0,0.0,0.17070509775304032,0.0,0.0
2012-01-05,5.598535,595819707.0,0.0,3335717609.69,0.0,0.0,0.17070509775304032,0.0,0.0
2012-01-06,5.623746,595819707.0,0.0,3350739196.75,0.0,0.0,0.17070509775304032,0.0,0.0
2012-01-09,5.586339,595819707.0,0.0,3328451384.43,0.0,0.0,0.17070509775304032,0.0,0.0
2012-01-10,5.670367,595819707.0,0.0,3378516858.47,0.0,0.0,0.17070509775304032,0.0,0.0
2012-01-11,5.644612,595819707.0,0.0,3363171290.45,0.0,0.0,0.17070509775304032,0.0,0.0
2012-01-12,5.636224,595819707.0,0.0,3358173516.32,0.0,0.0,0.17070509775304032,0.0,0.0
2012-01-13,5.610465,595819707.0,0.0,3342825657.8,0.0,0.0,0.17070509775304032,0.0,0.0
2012-01-16,5.631039,595819707.0,0.0,3355084463.07,0.0,0.0,0.17070509775304032,0.0,0.0
2012-01-17,5.667315,595819707.0,0.0,3376697968.74,0.0,0.0,0.17070509775304032,0.0,0.0
2012-01-18,5.678209,595819707.0,0.0,3383189240.0,0.0,0.0,0.17070509775304032,0.0,0.0
2012-01-19,5.716819,595819707.0,0.0,3406194012.9,0.0,0.0,0.17070509775304032,0.0,0.0
2012-01-20,5.704198,595819707.0,0.0,3398674113.19,0.0,0.0,0.17070509775304032,0.0,0.0
2012-01-23,5.757775,595819707.0,0.0,3430595832.68,0.0,0.0,0.17070509775304032,0.0,0.0
2012-01-24,5.727169,595819707.0,0.0,3412360684.32,0.0,0.0,0.17070509775304032,0.0,0.0
2012-01-25,5.700102,595819707.0,0.0,3396233181.7,0.0,0.0,0.17070509775304032,0.0,0.0
2012-01-26,5.771973,595819707.0,0.0,3439055302.32,0.0,0.0,0.17070509775304032,0.0,0.0
2012-01-27,5.710419,595819707.0,0.0,3402380699.22,0.0,0.0,0.17070509775304032,0.0,0.0
2012-01-30,5.648079,595819707.0,0.0,3365237348.09,0.0,0.0,0.17070509775304032,0.0,0.0
2012-01-31,5.658548,595819707.0,0.0,3371474978.89,0.0,0.0,0.17070509775304032,0.0,0.0
2012-02-01,5.767137,595819707.0,0.0,3436174245.14,0.0,0.0,0.17070509775304032,0.0,0.0
2012-02-02,5.772383,595819707.0,0.0,3439299639.51,0.0,0.0,0.17070509775304032,0.0,0.0
2012-02-03,5.876918,595819707.0,0.0,3501583609.07,0.0,0.0,0.17070509775304032,0.0,0.0
2012-02-06,5.867879,595819707.0,0.0,3496198346.9,0.0,0.0,0.17070509775304032,0.0,0.0
2012-02-07,5.865863,595819707.0,0.0,3494997184.03,0.0,0.0,0.17070509775304032,0.0,0.0
2012-02-08,5.851893,595819707.0,0.0,3486673682.25,0.0,0.0,0.17070509775304032,0.0,0.0
2012-02-09,5.871299,595819707.0,0.0,3498235966.92,0.0,0.0,0.17070509775304032,0.0,0.0
2012-02-10,5.828327,595819707.0,0.0,3472632549.93,0.0,0.0,0.17070509775304032,0.0,0.0
2012-02-13,5.881193,595819707.0,0.0,3504130930.61,0.0,0.0,0.17070509775304032,0.0,0.0
2012-02-14,5.875372,595819707.0,0.0,3500662683.47,0.0,0.0,0.17070509775304032,0.0,0.0
2012-02-15,5.888632,595819707.0,0.0,3508563003.48,0.0,0.0,0.17070509775304032,0.0,0.0
2012-02-16,5.881699,595819707.0,0.0,3504432312.39,0.0,0.0,0.17070509775304032,0.0,0.0
2012-02-17,5.901259,595819707.0,0.0,3516086471.07,0.0,0.0,0.17070509775304032,0.0,0.0
2012-02-20,5.941219,595819707.0,0.0,3539895460.13,0.0,0.0,0.17070509775304032,0.0,0.0
2012-02-21,5.924159,595819707.0,0.0,3529730721.86,0.0,0.0,0.17070509775304032,0.0,0.0
2012-02-22,5.889461,595819707.0,0.0,3509056950.43,0.0,0.0,0.17070509775304032,0.0,0.0
2012-02-23,5.910588,595819707.0,0.0,3521645255.92,0.0,0.0,0.17070509775304032,0.0,0.0
2012-02-24,5.908082,595819707.0,0.0,3520151941.94,0.0,0.0,0.17070509775304032,0.0,0.0
2012-02-27,5.888454,595819707.0,0.0,3508457362.67,0.0,0.0,0.17070509775304032,0.0,0.0
2012-02-28,5.900688,595819707.0,0.0,3515746235.78,0.0,0.0,0.17070509775304032,0.0,0.0
2012-02-29,5.851912,595819707.0,0.0,3486684872.7,0.0,0.0,0.17070509775304032,0.0,0.0
2012-03-01,5.911437,595819707.0,0.0,3522150863.93,0.0,0.0,0.17070509775304032,0.0,0.0
2012-03-02,5.891306,595819707.0,0.0,3510156797.26,0.0,0.0,0.17070509775304032,0.0,0.0
2012-03-05,5.854894,595819707.0,0.0,3488461354.74,0.0,0.0,0.17070509775304032,0.0,0.0
2012-03-06,5.746289,595819707.0,0.0,3423752370.14,0.0,0.0,0.17070509775304032,0.0,0.0
2012-03-07,5.78281,595819707.0,0.0,3445512382.91,0.0,0.0,0.17070509775304032,0.0,0.0
2012-03-08,5.850856,595819707.0,0.0,3486055414.23,0.0,0.0,0.17070509775304032,0.0,0.0
2012-03-09,5.878675,595819707.0,0.0,3502630523.72,0.0,0.0,0.17070509775304032,0.0,0.0
2012-03-12,5.88372,595819707.0,0.0,3505636745.25,0.0,0.0,0.17070509775304032,0.0,0.0
2012-03-13,5.946666,595819707.0,0.0,3543140893.42,0.0,0.0,0.17070509775304032,0.0,0.0
2012-03-14,5.942956,595819707.0,0.0,3540930527.85,0.0,0.0,0.17070509775304032,0.0,0.0
2012-03-15,5.938137,595819707.0,0.0,3538059570.42,0.0,0.0,0.17070509775304032,0.0,0.0
2012-03-16,5.962819,595819707.0,0.0,3552765198.91,0.0,0.0,0.17070509775304032,0.0,0.0
2012-03-19,5.958084,595819707.0,0.0,3549943960.23,0.0,0.0,0.17070509775304032,0.0,0.0
2012-03-20,5.888371,595819707.0,0.0,3508407755.08,0.0,0.0,0.17070509775304032,0.0,0.0
2012-03-21,5.892109,595819707.0,0.0,3510634808.22,0.0,0.0,0.17070509775304032,0.0,0.0
2012-03-22,5.845605,595819707.0,0.0,3482926871.59,0.0,0.0,0.17070509775304032,0.0,0.0
2012-03-23,5.854965,595819707.0,0.0,3488504014.39,0.0,0.0,0.17070509775304032,0.0,0.0
2012-03-26,5.902415,595819707.0,0.0,3516775545.39,0.0,0.0,0.17070509775304032,0.0,0.0
2012-03-27,5.869267,595819707.0,0.0,3497025360.37,0.0,0.0,0.17070509775304032,0.0,0.0
2012-03-28,5.81356,595819707.0,0.0,3463833866.85,0.0,0.0,0.17070509775304032,0.0,0.0
2012-03-29,5.746342,595819707.0,0.0,3423783870.56,0.0,0.0,0.17070509775304032,0.0,0.0
2012-03-30,5.772789,595819707.0,0.0,3439541469.75,0.0,0.0,0.17070509775304032,0.0,0.0
2012-04-02,5.879041,595819707.0,0.0,3502849046.42,0.0,0.0,0.17070509775304032,0.0,0.0
2012-04-03,5.842398,595819707.0,0.0,3481016217.31,0.0,0.0,0.17070509775304032,0.0,0.0
2012-04-04,5.708632,595819707.0,0.0,3401315665.38,0.0,0.0,0.17070509775304032,0.0,0.0
2012-04-05,5.728689,595819707.0,0.0,3413266072.39,0.0,0.0,0.17070509775304032,0.0,0.0
2012-04-06,5.728689,595819707.0,0.0,3413266072.39,0.0,0.0,0.17070509775304032,0.0,0.0
2012-04-09,5.728689,595819707.0,0.0,3413266072.39,0.0,0.0,0.17070509775304032,0.0,0.0
2012-04-10,5.600279,595819707.0,0.0,3336756985.23,0.0,0.0,0.17070509775304032,0.0,0.0
2012-04-11,5.640432,595819707.0,0.0,3360680949.17,0.0,0.0,0.17070509775304032,0.0,0.0
2012-04-12,5.716251,595819707.0,0.0,3405855480.2,0.0,0.0,0.17070509775304032,0.0,0.0
2012-04-13,5.657384,595819707.0,0.0,3370781442.03,0.0,0.0,0.17070509775304032,0.0,0.0
2012-04-16,5.671975,595819707.0,0.0,3379474705.73,0.0,0.0,0.17070509775304032,0.0,0.0
2012-04-17,5.77255,595819707.0,0.0,3439399337.47,0.0,0.0,0.17070509775304032,0.0,0.0
2012-04-18,5.755926,595819707.0,0.0,3429494677.1,0.0,0.0,0.15004080686790205,0.0,0.0
2012-04-19,5.755083,595819707.0,0.0,3428991885.71,0.0,0.0,0.15004080686790205,0.0,0.0
2012-04-20,5.782587,595819707.0,0.0,3445379518.86,0.0,0.0,0.15004080686790205,0.0,0.0
2012-04-23,5.675655,595819707.0,0.0,3381667338.11,0.0,0.0,0.12299924218943392,0.0,0.0
2012-04-24,5.719669,595819707.0,0.0,3407892032.06,0.0,0.0,0.12299924218943392,0.0,0.0
2012-04-25,5.735957,595819707.0,0.0,3417596472.08,0.0,0.0,0.09128694098691925,0.0,0.0
2012-04-26,5.765641,595819707.0,0.0,3435283090.88,0.0,0.0,0.09128694098691925,0.0,0.0
2012-04-27,5.794011,595819707.0,0.0,3452185949.41,0.0,0.0,0.09128694098691925,0.0,0.0
2012-04-30,5.754641,595819707.0,0.0,3428728605.83,0.0,0.0,0.09128694098691925,0.0,0.0
2012-05-01,5.829108,595819707.0,0.0,3473097759.42,0.0,0.0,0.0,0.0,0.0
2012-05-02,5.777387,595819707.0,0.0,3442281314.61,0.0,0.0,0.0,0.0,0.0
2012-05-03,5.785892,595819707.0,0.0,3447348808.67,0.0,0.0,0.0,0.0,0.0
2012-05-04,5.673982,595819707.0,0.0,3380670614.49,0.0,0.0,0.0,0.0,0.0
2012-05-07,5.673982,595819707.0,0.0,3380670614.49,0.0,0.0,0.0,0.0,0.0
2012-05-08,5.572897,595819707.0,0.0,3320441922.74,0.0,0.0,0.0,0.0,0.0
2012-05-09,5.563388,595819707.0,0.0,3314776680.73,0.0,0.0,0.0,0.0,0.0
2012-05-10,5.577404,595819707.0,0.0,3323127527.85,0.0,0.0,0.0,0.0,0.0
2012-05-11,5.609138,595819707.0,0.0,3342035201.17,0.0,0.0,0.0,0.0,0.0
2012-05-14,5.49833,595819707.0,0.0,3276013906.38,0.0,0.0,0.0,0.0,0.0
2012-05-15,5.470072,595819707.0,0.0,3259176720.77,0.0,0.0,0.0,0.0,0.0
2012-05-16,5.444039,595819707.0,0.0,3243665976.2,0.0,0.0,0.0,0.0,0.0
2012-05-17,5.376859,595819707.0,0.0,3203638806.81,0.0,0.0,0.0,0.0,0.0
2012-05-18,5.305597,595819707.0,0.0,3161179548.27,0.0,0.0,0.0,0.0,0.0
2012-05-21,5.342802,595819707.0,0.0,3183347011.09,0.0,0.0,0.0,0.0,0.0
2012-05-22,5.442024,595819707.0,0.0,3242465323.42,0.0,0.0,0.0,0.0,0.0
2012-05-23,5.232205,595819707.0,0.0,3117451107.73,0.0,0.0,0.0,0.0,0.0
2012-05-24,5.315288,595819707.0,0.0,3166953353.4,0.0,0.0,0.0,0.0,0.0
2012-05-25,5.316644,595819707.0,0.0,3167761474.86,0.0,0.0,0.0,0.0,0.0
2012-05-28,5.321172,595819707.0,0.0,3170459234.94,0.0,0.0,0.0,0.0,0.0
2012-05-29,5.355747,595819707.0,0.0,3191060145.4,0.0,0.0,0.0,0.0,0.0
2012-05-30,5.267135,595819707.0,0.0,3138263301.57,0.0,0.0,0.0,0.0,0.0
2012-05-31,5.290541,595819707.0,0.0,3152209005.78,0.0,0.0,0.0,0.0,0.0
2012-06-01,5.230346,595819707.0,0.0,3116343790.09,0.0,0.0,0.0,0.0,0.0
2012-06-04,5.230346,595819707.0,0.0,3116343790.09,0.0,0.0,0.0,0.0,0.0
2012-06-05,5.230346,595819707.0,0.0,3116343790.09,0.0,0.0,0.0,0.0,0.0
2012-06-06,5.366756,595819707.0,0.0,3197619170.99,0.0,0.0,0.0,0.0,0.0
2012-06-07,5.430517,595819707.0,0.0,3235609406.17,0.0,0.0,0.0,0.0,0.0
2012-06-08,5.417963,595819707.0,0.0,3228129241.48,0.0,0.0,0.0,0.0,0.0
2012-06-11,5.415024,595819707.0,0.0,3226378488.78,0.0,0.0,0.0,0.0,0.0
2012-06-12,5.456215,595819707.0,0.0,3250920842.39,0.0,0.0,0.0,0.0,0.0
2012-06-13,5.466166,595819707.0,0.0,3256849894.44,0.0,0.0,0.0,0.0,0.0
2012-06-14,5.449544,595819707.0,0.0,3246945831.51,0.0,0.0,0.0,0.0,0.0
2012-06-15,5.46088,595819707.0,0.0,3253700007.66,0.0,0.0,0.0,0.0,0.0
2012-06-18,5.472456,595819707.0,0.0,3260597377.54,0.0,0.0,0.0,0.0,0.0
2012-06-19,5.567318,595819707.0,0.0,3317118285.67,0.0,0.0,0.0,0.0,0.0
2012-06-20,5.604746,595819707.0,0.0,3339418345.08,0.0,0.0,0.0,0.0,0.0
2012-06-21,5.548927,595819707.0,0.0,3306160323.18,0.0,0.0,0.0,0.0,0.0
2012-06-22,5.496285,595819707.0,0.0,3274795284.51,0.0,0.0,0.0,0.0,0.0
2012-06-25,5.433298,595819707.0,0.0,3237266061.97,0.0,0.0,0.0,0.0,0.0
2012-06-26,5.429546,595819707.0,0.0,3235030924.54,0.0,0.0,0.0,0.0,0.0
2012-06-27,5.507749,595819707.0,0.0,3281625437.68,0.0,0.0,0.0,0.0,0.0
2012-06-28,5.476828,595819707.0,0.0,3263202440.68,0.0,0.0,0.0,0.0,0.0
2012-06-29,5.554676,595819707.0,0.0,3309585732.1,0.0,0.0,0.0,0.0,0.0
2012-07-02,5.623738,600019707.0,4200000.0,3374353783.15,23619699.6,0.006999769768643146,10.863146730897647,4723939.920000019,1180984.9799999963
2012-07-03,5.670704,600019707.0,0.0,3402534216.99,0.0,0.0,-0.09128694731846766,4723939.920000019,1180984.9799999963
2012-07-04,5.668073,600019707.0,0.0,3400956081.14,0.0,0.0,-0.09128694731846766,4723939.920000019,1180984.9799999963
2012-07-05,5.676112,603419707.0,3400000.0,3425078203.17,19298780.8,0.005634551871586018,6.768460048836595,8583696.080000019,2145924.0199999968
2012-07-06,5.64606,603419707.0,0.0,3406944330.45,0.0,0.0,-0.12888224142751348,8583696.080000019,2145924.0199999968
2012-07-09,5.610695,603419707.0,0.0,3385604220.84,0.0,0.0,-0.12888224142751348,3859756.160000018,2145924.0199999968
2012-07-10,5.647328,603419707.0,0.0,3407709438.63,0.0,0.0,-0.12888224142751348,3859756.160000018,2145924.0199999968
2012-07-11,5.647509,603419707.0,0.0,3407818390.35,0.0,0.0,-0.12888224142751348,3859756.160000018,2145924.0199999968
2012-07-12,5.591517,603419707.0,0.0,3374031702.57,0.0,0.0,-0.12888224142751348,0.0,2145924.0199999968
2012-07-13,5.649086,605419707.0,2000000.0,3420068246.82,11298172.0,0.0033034931424263557,3.655220435161375,2259634.400000018,2710832.6199999964
2012-07-16,5.645304,605419707.0,0.0,3417778718.19,0.0,0.0,-0.15311190522426538,2259634.400000018,2710832.6199999964
2012-07-17,5.611924,605419707.0,0.0,3397569789.54,0.0,0.0,-0.15311190522426538,2259634.400000018,2710832.6199999964
2012-07-18,5.66962,605419707.0,0.0,3432499723.09,0.0,0.0,-0.15311190522426538,2259634.400000018,2710832.6199999964
2012-07-19,5.697888,605419707.0,0.0,3449613930.79,0.0,0.0,-0.15311190522426538,2259634.400000018,2710832.6199999964
2012-07-20,5.635633,605419707.0,0.0,3411923702.57,0.0,0.0,-0.15311190522426538,0.0,2710832.6199999964
2012-07-23,5.517856,605419707.0,0.0,3340619000.58,0.0,0.0,-0.15311190522426538,0.0,2710832.6199999964
2012-07-24,5.48332,605419707.0,0.0,3319710214.33,0.0,0.0,-0.15311190522426538,0.0,2710832.6199999964
2012-07-25,5.484338,605419707.0,0.0,3320326543.95,0.0,0.0,-0.15311190522426538,0.0,2710832.6199999964
2012-07-26,5.55896,605419707.0,0.0,3365504151.02,0.0,0.0,-0.15311190522426538,0.0,2710832.6199999964
2012-07-27,5.612829,605419707.0,0.0,3398117592.27,0.0,0.0,-0.15311190522426538,0.0,2710832.6199999964
2012-07-30,5.678928,605419707.0,0.0,3438135072.67,0.0,0.0,-0.15311190522426538,0.0,1529847.6399999964
2012-07-31,5.620861,605419707.0,0.0,3402980238.69,0.0,0.0,-0.15311190522426538,0.0,1529847.6399999964
2012-08-01,5.699366,605419707.0,0.0,3450508537.29,0.0,0.0,-0.15311190522426538,0.0,1529847.6399999964
2012-08-02,5.648967,605419707.0,0.0,3419996177.21,0.0,0.0,-0.15311190522426538,0.0,564908.5999999963
2012-08-03,5.773498,605419707.0,0.0,3495389509.28,0.0,0.0,-0.15311190522426538,0.0,564908.5999999963
2012-08-06,5.794797,605419707.0,0.0,3508284626.97,0.0,0.0,-0.15311190522426538,0.0,564908.5999999963
2012-08-07,5.827055,605419707.0,0.0,3527814513.89,0.0,0.0,-0.15311190522426538,0.0,564908.5999999963
2012-08-08,5.856443,605419707.0,0.0,3545606108.84,0.0,0.0,-0.15311190522426538,0.0,564908.5999999963
2012-08-09,5.861983,605419707.0,0.0,3548960124.69,0.0,0.0,-0.15311190522426538,0.0,564908.5999999963
2012-08-10,5.857692,605419707.0,0.0,3546362470.87,0.0,0.0,-0.15311190522426538,0.0,0.0
2012-08-13,5.842074,605419707.0,0.0,3536906848.71,0.0,0.0,-0.15311190522426538,0.0,0.0
2012-08-14,5.874959,605419707.0,0.0,3556816541.9,0.0,0.0,-0.15311190522426538,0.0,0.0
2012-08-15,5.85489,605419707.0,0.0,3544666289.86,0.0,0.0,-0.15311190522426538,0.0,0.0
2012-08-16,5.856154,605419707.0,0.0,3545431167.53,0.0,0.0,-0.15311190522426538,0.0,0.0
2012-08-17,5.874546,605419707.0,0.0,3556566297.92,0.0,0.0,-0.15311190522426538,0.0,0.0
2012-08-20,5.846241,605419707.0,0.0,3539429780.42,0.0,0.0,-0.15311190522426538,0.0,0.0
2012-08-21,5.879462,605419707.0,0.0,3559542469.94,0.0,0.0,-0.15311190522426538,0.0,0.0
2012-08-22,5.75275,605419707.0,0.0,3482828473.26,0.0,0.0,-0.15311190522426538,0.0,0.0
2012-08-23,5.755024,605419707.0,0.0,3484205469.27,0.0,0.0,-0.15311190522426538,0.0,0.0
2012-08-24,5.754926,605019707.0,-400000.0,3481844064.05,-2301970.4,-0.0006611354091838338,-0.9058548200101311,-460394.0799999821,-115098.52000000371
2012-08-27,5.754926,605019707.0,0.0,3481844064.05,0.0,0.0,-0.1462638760598928,-460394.0799999821,-115098.52000000371
2012-08-28,5.753719,605019707.0,0.0,3481113972.64,0.0,0.0,-0.1462638760598928,-460394.0799999821,-115098.52000000371
2012-08-29,5.723421,605019707.0,0.0,3462782623.15,0.0,0.0,-0.1462638760598928,-460394.0799999821,-115098.52000000371
2012-08-30,5.699411,605019707.0,0.0,3448256018.43,0.0,0.0,-0.1462638760598928,-460394.0799999821,-115098.52000000371
2012-08-31,5.691226,605019707.0,0.0,3443304117.7,0.0,0.0,-0.1462638760598928,0.0,-115098.52000000371
2012-09-03,5.73775,605019707.0,0.0,3471451925.79,0.0,0.0,-0.1462638760598928,0.0,-115098.52000000371
2012-09-04,5.651674,605019707.0,0.0,3419374688.56,0.0,0.0,-0.1462638760598928,0.0,-115098.52000000371
2012-09-05,5.644161,605019707.0,0.0,3414828811.49,0.0,0.0,-0.1462638760598928,0.0,-115098.52000000371
2012-09-06,5.763209,605019707.0,0.0,3486855570.15,0.0,0.0,-0.1462638760598928,0.0,-115098.52000000371
2012-09-07,5.780468,605019707.0,0.0,3497297119.35,0.0,0.0,-0.1462638760598928,0.0,-115098.52000000371
2012-09-10,5.778794,605019707.0,0.0,3496284282.46,0.0,0.0,-0.1462638760598928,0.0,-115098.52000000371
2012-09-11,5.777707,605019707.0,0.0,3495626728.85,0.0,0.0,-0.1462638760598928,0.0,-115098.52000000371
2012-09-12,5.768254,605019707.0,0.0,3489907797.79,0.0,0.0,-0.1462638760598928,0.0,-115098.52000000371
2012-09-13,5.805944,605019707.0,0.0,3512711047.1,0.0,0.0,-0.1462638760598928,0.0,-115098.52000000371
2012-09-14,5.901147,605019707.0,0.0,3570310550.88,0.0,0.0,-0.1462638760598928,0.0,-115098.52000000371
2012-09-17,5.879034,605019707.0,0.0,3556931690.05,0.0,0.0,-0.1462638760598928,0.0,-115098.52000000371
2012-09-18,5.853991,605019707.0,0.0,3541780463.03,0.0,0.0,-0.1462638760598928,0.0,-115098.52000000371
2012-09-19,5.875607,605019707.0,0.0,3554858328.53,0.0,0.0,-0.1462638760598928,0.0,-115098.52000000371
2012-09-20,5.841705,605019707.0,0.0,3534347088.99,0.0,0.0,-0.1462638760598928,0.0,-115098.52000000371
2012-09-21,5.839613,605019707.0,0.0,3533081445.21,0.0,0.0,-0.1462638760598928,0.0,0.0
2012-09-24,5.825648,605019707.0,0.0,3524631988.53,0.0,0.0,-0.1462638760598928,0.0,0.0
2012-09-25,5.846409,605019707.0,0.0,3537193259.19,0.0,0.0,-0.1462638760598928,0.0,0.0
2012-09-26,5.756658,605019707.0,0.0,3482891615.92,0.0,0.0,-0.1462638760598928,0.0,0.0
2012-09-27,5.767858,605019707.0,0.0,3489668016.01,0.0,0.0,-0.1462638760598928,0.0,0.0
2012-09-28,5.730504,605019707.0,0.0,3467068377.36,0.0,0.0,-0.1462638760598928,0.0,0.0
2012-10-01,5.80858,605019707.0,0.0,3514305708.54,0.0,0.0,-0.1462638760598928,0.0,0.0
2012-10-02,5.797489,605019707.0,0.0,3507595111.13,0.0,0.0,-0.1462638760598928,0.0,0.0
2012-10-03,5.814038,605019707.0,0.0,3517607794.04,0.0,0.0,-0.1462638760598928,0.0,0.0
2012-10-04,5.815875,605019707.0,0.0,3518719113.75,0.0,0.0,-0.1462638760598928,0.0,0.0
2012-10-05,5.85897,605019707.0,0.0,3544792602.82,0.0,0.0,-0.1462638760598928,0.0,0.0
2012-10-08,5.829608,605019707.0,0.0,3527028209.51,0.0,0.0,-0.1462638760598928,0.0,0.0
2012-10-09,5.798052,605019707.0,0.0,3507935857.97,0.0,0.0,-0.1462638760598928,0.0,0.0
2012-10-10,5.76749,605019707.0,0.0,3489445669.29,0.0,0.0,-0.1462638760598928,0.0,0.0
2012-10-11,5.820351,605019707.0,0.0,3521427443.32,0.0,0.0,-0.1462638760598928,0.0,0.0
2012-10-12,5.783914,605019707.0,0.0,3499382419.03,0.0,0.0,-0.1462638760598928,0.0,0.0
2012-10-15,5.795963,605019707.0,0.0,3506671874.0,0.0,0.0,-0.1462638760598928,0.0,0.0
2012-10-16,5.860789,605019707.0,0.0,3545892927.14,0.0,0.0,-0.1462638760598928,0.0,0.0
2012-10-17,5.902027,605019707.0,0.0,3570842690.61,0.0,0.0,-0.1462638760598928,0.0,0.0
2012-10-18,5.908153,605019707.0,0.0,3574549097.53,0.0,0.0,-0.1462638760598928,0.0,0.0
2012-10-19,5.887175,605019707.0,0.0,3561857049.9,0.0,0.0,-0.1462638760598928,0.0,0.0
2012-10-22,5.873718,605019707.0,0.0,3553715468.96,0.0,0.0,-0.1462638760598928,0.0,0.0
2012-10-23,5.788827,605019707.0,0.0,3502354856.36,0.0,0.0,-0.1462638760598928,0.0,0.0
2012-10-24,5.801227,605019707.0,0.0,3509856705.31,0.0,0.0,-0.1462638760598928,0.0,0.0
2012-10-25,5.801256,605019707.0,0.0,3509874220.14,0.0,0.0,-0.1462638760598928,0.0,0.0
2012-10-26,5.80294,605019707.0,0.0,3510893169.73,0.0,0.0,-0.1462638760598928,0.0,0.0
2012-10-29,5.791133,605019707.0,0.0,3503750055.4,0.0,0.0,-0.1462638760598928,0.0,0.0
2012-10-30,5.845716,605019707.0,0.0,3536773978.5,0.0,0.0,-0.1462638760598928,0.0,0.0
2012-10-31,5.778826,605019707.0,0.0,3496303738.78,0.0,0.0,-0.1462638760598928,0.0,0.0
2012-11-01,5.857853,605019707.0,0.0,3544116990.09,0.0,0.0,-0.1462638760598928,0.0,0.0
2012-11-02,5.864392,605019707.0,0.0,3548073201.0,0.0,0.0,-0.1462638760598928,0.0,0.0
2012-11-05,5.834854,605019707.0,0.0,3530202128.99,0.0,0.0,-0.1462638760598928,0.0,0.0
2012-11-06,5.880512,605019707.0,0.0,3557825904.47,0.0,0.0,-0.1462638760598928,0.0,0.0
2012-11-07,5.793117,605019707.0,0.0,3504950322.06,0.0,0.0,-0.1462638760598928,0.0,0.0
2012-11-08,5.777497,605019707.0,0.0,3495499816.23,0.0,0.0,-0.1462638760598928,0.0,0.0
2012-11-09,5.771153,605019707.0,0.0,3491661722.39,0.0,0.0,-0.1462638760598928,0.0,0.0
2012-11-12,5.768639,605019707.0,0.0,3490140313.2,0.0,0.0,-0.1462638760598928,0.0,0.0
2012-11-13,5.787422,605019707.0,0.0,3501504418.4,0.0,0.0,-0.1462638760598928,0.0,0.0
2012-11-14,5.733423,605019707.0,0.0,3468834206.5,0.0,0.0,-0.1462638760598928,0.0,0.0
2012-11-15,5.688652,605019707.0,0.0,3441746833.16,0.0,0.0,-0.1462638760598928,0.0,0.0
2012-11-16,5.616434,605019707.0,0.0,3398053312.22,0.0,0.0,-0.1462638760598928,0.0,0.0
2012-11-19,5.748884,605219707.0,200000.0,3479338432.57,1149776.8,0.0003304584541811076,0.2302113212108981,229955.36000001788,57488.83999999628
2012-11-20,5.759187,605219707.0,0.0,3485573542.37,0.0,0.0,-0.1494077780054972,229955.36000001788,57488.83999999628
2012-11-21,5.713859,605219707.0,0.0,3458140459.91,0.0,0.0,-0.1494077780054972,229955.36000001788,57488.83999999628
2012-11-22,5.752548,605219707.0,0.0,3481555922.75,0.0,0.0,-0.1494077780054972,229955.36000001788,57488.83999999628
2012-11-23,5.780321,605219707.0,0.0,3498364479.28,0.0,0.0,-0.1494077780054972,229955.36000001788,57488.83999999628
2012-11-26,5.747899,605219707.0,0.0,3478742111.58,0.0,0.0,-0.1494077780054972,0.0,57488.83999999628
2012-11-27,5.760773,605219707.0,0.0,3486533434.94,0.0,0.0,-0.1494077780054972,0.0,57488.83999999628
2012-11-28,5.766766,605219707.0,0.0,3490161029.48,0.0,0.0,-0.1494077780054972,0.0,57488.83999999628
2012-11-29,5.833259,605219707.0,0.0,3530403472.95,0.0,0.0,-0.1494077780054972,0.0,57488.83999999628
2012-11-30,5.829761,605219707.0,0.0,3528286306.6,0.0,0.0,-0.1494077780054972,0.0,57488.83999999628
2012-12-03,5.833896,605219707.0,0.0,3530788889.67,0.0,0.0,-0.1494077780054972,0.0,57488.83999999628
2012-12-04,5.831602,605219707.0,0.0,3529400730.07,0.0,0.0,-0.1494077780054972,0.0,57488.83999999628
2012-12-05,5.855942,605219707.0,0.0,3544132103.54,0.0,0.0,-0.1494077780054972,0.0,57488.83999999628
2012-12-06,5.865251,605219707.0,0.0,3549765556.48,0.0,0.0,-0.1494077780054972,0.0,57488.83999999628
2012-12-07,5.878094,605219707.0,0.0,3557538854.59,0.0,0.0,-0.1494077780054972,0.0,57488.83999999628
2012-12-10,5.88506,605219707.0,0.0,3561754690.37,0.0,0.0,-0.1494077780054972,0.0,57488.83999999628
2012-12-11,5.888368,605219707.0,0.0,3563756913.39,0.0,0.0,-0.1494077780054972,0.0,57488.83999999628
2012-12-12,5.909141,605219707.0,0.0,3576328794.43,0.0,0.0,-0.1494077780054972,0.0,57488.83999999628
2012-12-13,5.892874,605219707.0,0.0,3566483702.12,0.0,0.0,-0.1494077780054972,0.0,57488.83999999628
2012-12-14,5.885122,605219707.0,0.0,3561792226.82,0.0,0.0,-0.1494077780054972,0.0,57488.83999999628
2012-12-17,5.875306,605219707.0,0.0,3555851503.83,0.0,0.0,-0.11989670814022918,0.0,0.0
2012-12-18,5.898988,605219707.0,0.0,3570184104.89,0.0,0.0,-0.11989670814022918,0.0,0.0
2012-12-19,5.924871,605219707.0,0.0,3585848963.47,0.0,0.0,-0.11989670814022918,0.0,0.0
2012-12-20,5.921586,605219707.0,0.0,3583860933.42,0.0,0.0,-0.08009004343634599,0.0,0.0
2012-12-21,5.903171,605219707.0,0.0,3572715779.47,0.0,0.0,-0.08009004343634599,0.0,0.0
2012-12-24,5.917996,605219707.0,0.0,3581688080.19,0.0,0.0,-0.08009004343634599,0.0,0.0
2012-12-26,5.917996,605219707.0,0.0,3581688080.19,0.0,0.0,-0.08009004343634599,0.0,0.0
2012-12-27,5.917931,605219707.0,0.0,3581649014.79,0.0,0.0,-0.08009004343634599,0.0,0.0
2012-12-28,5.889118,605219707.0,0.0,3564210843.13,0.0,0.0,-0.08009004343634599,0.0,0.0
2012-12-31,5.861457,605219707.0,0.0,3547469853.21,0.0,0.0,0.040703745101060236,0.0,0.0
2013-01-01,5.861457,605219707.0,0.0,3547469853.21,0.0,0.0,0.040703745101060236,0.0,0.0
2013-01-02,5.990408,605219707.0,0.0,3625513358.69,0.0,0.0,0.040703745101060236,0.0,0.0
2013-01-03,6.010152,605219707.0,0.0,3637463007.05,0.0,0.0,0.040703745101060236,0.0,0.0
2013-01-04,6.052312,605219707.0,0.0,3662978603.53,0.0,0.0,0.040703745101060236,0.0,0.0
2013-01-07,6.027071,605219707.0,0.0,3647702168.6,0.0,0.0,0.040703745101060236,0.0,0.0
2013-01-08,6.016142,605219707.0,0.0,3641087733.18,0.0,0.0,0.040703745101060236,0.0,0.0
2013-01-09,6.060985,605219707.0,0.0,3668227705.73,0.0,0.0,0.040703745101060236,0.0,0.0
2013-01-10,6.063736,605219707.0,0.0,3669892528.52,0.0,0.0,0.040703745101060236,0.0,0.0
2013-01-11,6.083589,605219707.0,0.0,3681908251.04,0.0,0.0,0.040703745101060236,0.0,0.0
2013-01-14,6.069845,605219707.0,0.0,3673589961.82,0.0,0.0,0.040703745101060236,0.0,0.0
2013-01-15,6.079081,605219707.0,0.0,3679180122.64,0.0,0.0,0.040703745101060236,0.0,0.0
2013-01-16,6.068678,605219707.0,0.0,3672883626.05,0.0,0.0,0.040703745101060236,0.0,0.0
2013-01-17,6.0968,605219707.0,0.0,3689903761.08,0.0,0.0,0.040703745101060236,0.0,0.0
2013-01-18,6.118731,605219707.0,0.0,3703176910.04,0.0,0.0,0.040703745101060236,0.0,0.0
2013-01-21,6.144873,605219707.0,0.0,3718998641.04,0.0,0.0,0.040703745101060236,0.0,0.0
2013-01-22,6.143048,605219707.0,0.0,3717894221.49,0.0,0.0,0.040703745101060236,0.0,0.0
2013-01-23,6.163294,605219707.0,0.0,3730147552.32,0.0,0.0,0.040703745101060236,0.0,0.0
2013-01-24,6.230103,605219707.0,0.0,3770581237.3,0.0,0.0,0.040703745101060236,0.0,0.0
2013-01-25,6.249391,605219707.0,0.0,3782254936.37,0.0,0.0,0.040703745101060236,0.0,0.0
2013-01-28,6.259222,605219707.0,0.0,3788204512.18,0.0,0.0,0.040703745101060236,0.0,0.0
2013-01-29,6.303676,605219707.0,0.0,3815109325.39,0.0,0.0,0.040703745101060236,0.0,0.0
2013-01-30,6.287569,605219707.0,0.0,3805360968.62,0.0,0.0,0.040703745101060236,0.0,0.0
2013-01-31,6.2417,605219707.0,0.0,3777600163.76,0.0,0.0,0.040703745101060236,0.0,0.0
2013-02-01,6.311421,605219707.0,0.0,3819796926.9,0.0,0.0,0.040703745101060236,0.0,0.0
2013-02-04,6.211362,605219707.0,0.0,3759238783.64,0.0,0.0,0.040703745101060236,0.0,0.0
2013-02-05,6.247028,605219707.0,0.0,3780824871.21,0.0,0.0,0.040703745101060236,0.0,0.0
2013-02-06,6.260439,605219707.0,0.0,3788941290.96,0.0,0.0,0.040703745101060236,0.0,0.0
2013-02-07,6.193893,605219707.0,0.0,3748666470.31,0.0,0.0,0.040703745101060236,0.0,0.0
2013-02-08,6.229051,605219707.0,0.0,3769944549.47,0.0,0.0,0.040703745101060236,0.0,0.0
2013-02-11,6.241891,605219707.0,0.0,3777715626.33,0.0,0.0,-0.09128283879453682,0.0,0.0
2013-02-12,6.3028,605219707.0,0.0,3814579200.57,0.0,0.0,-0.09128283879453682,0.0,0.0
2013-02-13,6.340356,605219707.0,0.0,3837308637.47,0.0,0.0,-0.09128283879453682,0.0,0.0
2013-02-14,6.308694,605219707.0,0.0,3818146161.85,0.0,0.0,-0.09128283879453682,0.0,0.0
2013-02-15,6.309527,605219707.0,0.0,3818650459.17,0.0,0.0,-0.09128283879453682,0.0,0.0
2013-02-18,6.299288,605219707.0,0.0,3812453655.91,0.0,0.0,-0.09128283879453682,0.0,0.0
2013-02-19,6.360372,605219707.0,0.0,3849422676.9,0.0,0.0,-0.09128283879453682,0.0,0.0
2013-02-20,6.354651,608019707.0,2800000.0,3863753464.02,17793022.8,0.00460511338668266,10.835244441053414,3558604.560000018,889651.1399999963
2013-02-21,6.251539,608019707.0,0.0,3801059431.13,0.0,0.0,-0.09764519293712365,3558604.560000018,889651.1399999963
2013-02-22,6.295345,608019707.0,0.0,3827693942.5,0.0,0.0,-0.09764519293712365,3558604.560000018,889651.1399999963
2013-02-25,6.314844,608019707.0,0.0,3839549735.96,0.0,0.0,-0.09764519293712365,3558604.560000018,889651.1399999963
2013-02-26,6.230314,608019707.0,0.0,3788153929.76,0.0,0.0,-0.09764519293712365,3558604.560000018,889651.1399999963
2013-02-27,6.287204,608019707.0,0.0,3822744062.41,0.0,0.0,-0.09764519293712365,0.0,889651.1399999963
2013-02-28,6.321884,608019707.0,0.0,3843830350.08,0.0,0.0,-0.09764519293712365,0.0,889651.1399999963
2013-03-01,6.339482,608019707.0,0.0,3854530468.18,0.0,0.0,-0.09764519293712365,0.0,889651.1399999963
2013-03-04,6.306442,608019707.0,0.0,3834441368.13,0.0,0.0,-0.09764519293712365,0.0,889651.1399999963
2013-03-05,6.392145,608019707.0,0.0,3886550190.91,0.0,0.0,-0.09764519293712365,0.0,889651.1399999963
2013-03-06,6.395238,608019707.0,0.0,3888431144.4,0.0,0.0,-0.09764519293712365,0.0,889651.1399999963
2013-03-07,6.406823,608019707.0,0.0,3895474818.95,0.0,0.0,-0.09764519293712365,0.0,889651.1399999963
2013-03-08,6.450904,608019707.0,0.0,3922277131.13,0.0,0.0,-0.09764519293712365,0.0,889651.1399999963
2013-03-11,6.470747,608019707.0,0.0,3934341849.98,0.0,0.0,-0.09764519293712365,0.0,889651.1399999963
2013-03-12,6.477624,608019707.0,0.0,3938523611.0,0.0,0.0,-0.09764519293712365,0.0,889651.1399999963
2013-03-13,6.45913,608019707.0,0.0,3927278399.63,0.0,0.0,-0.09764519293712365,0.0,889651.1399999963
2013-03-14,6.506699,608019707.0,0.0,3956201240.0,0.0,0.0,-0.09764519293712365,0.0,889651.1399999963
2013-03-15,6.466947,608019707.0,0.0,3932031744.08,0.0,0.0,-0.09764519293712365,0.0,889651.1399999963
2013-03-18,6.435247,608019707.0,0.0,3912757586.07,0.0,0.0,-0.09764519293712365,0.0,889651.1399999963
2013-03-19,6.418484,608019707.0,0.0,3902565251.47,0.0,0.0,-0.09764519293712365,0.0,889651.1399999963
2013-03-20,6.421631,608019707.0,0.0,3904478321.03,0.0,0.0,-0.09764519293712365,0.0,0.0
2013-03-21,6.377271,608019707.0,0.0,3877506830.75,0.0,0.0,-0.09764519293712365,0.0,0.0
2013-03-22,6.381482,608019707.0,0.0,3880067209.42,0.0,0.0,-0.09764519293712365,0.0,0.0
2013-03-25,6.367132,608019707.0,0.0,3871341814.53,0.0,0.0,-0.09764519293712365,0.0,0.0
2013-03-26,6.387925,608019707.0,0.0,3883984823.05,0.0,0.0,-0.09764519293712365,0.0,0.0
2013-03-27,6.379035,608019707.0,0.0,3878579160.01,0.0,0.0,-0.09764519293712365,0.0,0.0
2013-03-28,6.403002,608019707.0,0.0,3893151406.73,0.0,0.0,-0.09764519293712365,0.0,0.0
2013-03-29,6.403026,608019707.0,0.0,3893166551.35,0.0,0.0,-0.09764519293712365,0.0,0.0
2013-04-01,6.403026,608019707.0,0.0,3893166551.35,0.0,0.0,-0.09764519293712365,0.0,0.0
2013-04-02,6.481696,608019707.0,0.0,3940999029.49,0.0,0.0,-0.09764519293712365,0.0,0.0
2013-04-03,6.41426,608019707.0,0.0,3899996519.65,0.0,0.0,-0.09764519293712365,0.0,0.0
2013-04-04,6.338062,608019707.0,0.0,3853666775.5,0.0,0.0,-0.09764519293712365,0.0,0.0
2013-04-05,6.243534,608019707.0,0.0,3796191721.8,0.0,0.0,-0.09764519293712365,0.0,0.0
2013-04-08,6.270287,608019707.0,0.0,3812458233.35,0.0,0.0,-0.09764519293712365,0.0,0.0
2013-04-09,6.306454,608019707.0,0.0,3834448472.76,0.0,0.0,-0.09764519293712365,0.0,0.0
2013-04-10,6.381064,608019707.0,0.0,3879813254.83,0.0,0.0,-0.09764519293712365,0.0,0.0
2013-04-11,6.409636,608019707.0,0.0,3897185573.83,0.0,0.0,-0.09764519293712365,0.0,0.0
2013-04-12,6.377852,608019707.0,0.0,3877859976.5,0.0,0.0,-0.09764519293712365,0.0,0.0
2013-04-15,6.336947,608019707.0,0.0,3852988971.41,0.0,0.0,-0.09764519293712365,0.0,0.0
2013-04-16,6.297826,608019707.0,0.0,3829202565.86,0.0,0.0,-0.09764519293712365,0.0,0.0
2013-04-17,6.242799,608019707.0,0.0,3795744996.39,0.0,0.0,-0.09764519293712365,0.0,0.0
2013-04-18,6.242165,608019707.0,0.0,3795359383.11,0.0,0.0,-0.09764519293712365,0.0,0.0
2013-04-19,6.285066,608019707.0,0.0,3821444549.49,0.0,0.0,-0.09764519293712365,0.0,0.0
2013-04-22,6.27882,608019707.0,0.0,3817646630.13,0.0,0.0,-0.09764519293712365,0.0,0.0
2013-04-23,6.40422,608019707.0,0.0,3893892030.66,0.0,0.0,-0.09764519293712365,0.0,0.0
2013-04-24,6.438373,608019707.0,0.0,3914658033.36,0.0,0.0,-0.09764519293712365,0.0,0.0
2013-04-25,6.44877,608019707.0,0.0,3920979789.97,0.0,0.0,-0.09764519293712365,0.0,0.0
2013-04-26,6.432554,608019707.0,0.0,3911119606.0,0.0,0.0,-0.09764519293712365,0.0,0.0
2013-04-29,6.464058,608019707.0,0.0,3930274879.23,0.0,0.0,-0.09764519293712365,0.0,0.0
2013-04-30,6.435983,608019707.0,0.0,3913204812.21,0.0,0.0,-0.09764519293712365,0.0,0.0
2013-05-01,6.459729,608019707.0,0.0,3927642898.99,0.0,0.0,-0.09764519293712365,0.0,0.0
2013-05-02,6.468981,608019707.0,0.0,3933268153.56,0.0,0.0,-0.09764519293712365,0.0,0.0
2013-05-03,6.529537,608019707.0,0.0,3970087764.94,0.0,0.0,-0.09764519293712365,0.0,0.0
2013-05-06,6.529537,608019707.0,0.0,3970087764.94,0.0,0.0,-0.09764519293712365,0.0,0.0
2013-05-07,6.565179,608019707.0,0.0,3991758407.14,0.0,0.0,-0.09128686944355542,0.0,0.0
2013-05-08,6.601699,608019707.0,0.0,4013963309.63,0.0,0.0,-0.09128686944355542,0.0,0.0
2013-05-09,6.61089,608019707.0,0.0,4019551843.53,0.0,0.0,-0.09128686944355542,0.0,0.0
2013-05-10,6.643147,608019707.0,0.0,4039164887.57,0.0,0.0,-0.09128686944355542,0.0,0.0
2013-05-13,6.649747,608019707.0,0.0,4043177728.16,0.0,0.0,-0.09128686944355542,0.0,0.0
2013-05-14,6.704339,608019707.0,0.0,4076370612.13,0.0,0.0,-0.09128686944355542,0.0,0.0
2013-05-15,6.720945,608019707.0,0.0,4086467466.56,0.0,0.0,-0.09128686944355542,0.0,0.0
2013-05-16,6.714904,608019707.0,0.0,4082794033.25,0.0,0.0,-0.09128686944355542,0.0,0.0
2013-05-17,6.750409,608019707.0,0.0,4104381792.49,0.0,0.0,-0.09128686944355542,0.0,0.0
2013-05-20,6.783298,608019707.0,0.0,4124379143.73,0.0,0.0,-0.09128686944355542,0.0,0.0
2013-05-21,6.831219,608019707.0,0.0,4153516225.14,0.0,0.0,-0.09128686944355542,0.0,0.0
2013-05-22,6.87563,608019707.0,0.0,4180518889.74,0.0,0.0,-0.09128686944355542,0.0,0.0
2013-05-23,6.731575,608019707.0,0.0,4092930380.17,0.0,0.0,-0.09128686944355542,0.0,0.0
2013-05-24,6.688601,608019707.0,0.0,4066801275.26,0.0,0.0,-0.09128686944355542,0.0,0.0
2013-05-27,6.688601,608019707.0,0.0,4066801275.26,0.0,0.0,-0.09128686944355542,0.0,0.0
2013-05-28,6.796772,608019707.0,0.0,4132571670.84,0.0,0.0,-0.09128686944355542,0.0,0.0
2013-05-29,6.578147,608019707.0,0.0,3999643081.79,0.0,0.0,-0.09128686944355542,0.0,0.0
2013-05-30,6.607518,608019707.0,0.0,4017501414.81,0.0,0.0,-0.09128686944355542,0.0,0.0
2013-05-31,6.5342,608019707.0,0.0,3972922390.22,0.0,0.0,-0.09128686944355542,0.0,0.0
2013-06-03,6.476267,608019707.0,0.0,3937698041.68,0.0,0.0,-0.09128686944355542,0.0,0.0
2013-06-04,6.509405,608019707.0,0.0,3957846859.96,0.0,0.0,-0.09128686944355542,0.0,0.0
2013-06-05,6.37577,608019707.0,0.0,3876594363.57,0.0,0.0,-0.09128686944355542,0.0,0.0
2013-06-06,6.292908,608019707.0,0.0,3826212658.64,0.0,0.0,-0.09128686944355542,0.0,0.0
2013-06-07,6.368144,608019707.0,0.0,3871957291.66,0.0,0.0,-0.09128686944355542,0.0,0.0
2013-06-10,6.35658,608019707.0,0.0,3864926286.72,0.0,0.0,-0.09128686944355542,0.0,0.0
2013-06-11,6.296584,608019707.0,0.0,3828447395.88,0.0,0.0,-0.09128686944355542,0.0,0.0
2013-06-12,6.269776,608019707.0,0.0,3812147671.39,0.0,0.0,-0.09128686944355542,0.0,0.0
2013-06-13,6.274829,608019707.0,0.0,3815220005.81,0.0,0.0,-0.09128686944355542,0.0,0.0
2013-06-14,6.278393,608019707.0,0.0,3817387002.98,0.0,0.0,-0.09128686944355542,0.0,0.0
2013-06-17,6.300249,608019707.0,0.0,3830675962.16,0.0,0.0,-0.09128686944355542,0.0,0.0
2013-06-18,6.343715,608019707.0,0.0,3857104161.57,0.0,0.0,-0.09128686944355542,0.0,0.0
2013-06-19,6.320221,608019707.0,0.0,3842819488.81,0.0,0.0,-0.09128686944355542,0.0,0.0
2013-06-20,6.131839,608019707.0,0.0,3728279028.99,0.0,0.0,-0.09128686944355542,0.0,0.0
2013-06-21,6.088594,610019707.0,2000000.0,3714162546.36,12177188.0,0.003278582412052493,6.250844921240726,2435437.600000018,608859.3999999963
2013-06-24,6.001667,610019707.0,0.0,3661135556.43,0.0,0.0,-0.12781804270431518,2435437.600000018,608859.3999999963
2013-06-25,6.073992,612219707.0,2200000.0,3718618210.66,13362782.399999999,0.0035934806003190905,5.767350619468772,5107994.080000018,1276998.5199999963
2013-06-26,6.138643,613619707.0,1400000.0,3766792856.74,8594100.2,0.0022815430863479523,3.3943042206811014,6826814.120000017,1706703.529999996
2013-06-27,6.216239,614219707.0,600000.0,3818136932.55,3729743.4,0.0009768490407464341,1.327972101319295,7572762.8000000175,1893190.6999999962
2013-06-28,6.188308,618219707.0,4000000.0,3825734288.22,24753232.0,0.006470191115002119,7.27135261118555,10087971.600000018,3130852.299999996
2013-07-01,6.279953,618219707.0,0.0,3882391230.93,0.0,0.0,-0.20417246987337462,10087971.600000018,3130852.299999996
2013-07-02,6.276171,618219707.0,0.0,3880052887.04,0.0,0.0,-0.20417246987337462,7415415.120000017,3130852.299999996
2013-07-03,6.203242,619219707.0,1000000.0,3841170207.31,6203242.0,0.0016149354663312816,1.6278423061690181,6937243.480000017,3441014.399999996
2013-07-04,6.394101,621219707.0,2000000.0,3972142061.14,12788202.0,0.00321947246678529,3.271797084144781,8748935.200000018,4080424.4999999963
2013-07-05,6.348202,621819707.0,600000.0,3947437471.88,3808921.1999999997,0.0009649098249518236,0.8042128890463559,4560073.040000018,4270870.559999997
2013-07-08,6.422084,621819707.0,0.0,3993378959.03,0.0,0.0,-0.24461396718542264,4560073.040000018,4270870.559999997
2013-07-09,6.484812,621819707.0,0.0,4032384311.51,0.0,0.0,-0.24461396718542264,4560073.040000018,4270870.559999997
2013-07-10,6.476612,624419707.0,2600000.0,4044124723.36,16839191.2,0.004163865447257871,3.953629535978216,6687262.880000018,5112830.119999995
2013-07-11,6.514952,624419707.0,0.0,4068064852.1,0.0,0.0,-0.26303477411565657,4129622.4800000177,5112830.119999995
2013-07-12,6.516358,624419707.0,0.0,4068942815.99,0.0,0.0,-0.26303477411565657,3367838.240000018,5112830.119999995
2013-07-15,6.557088,624419707.0,0.0,4094375172.15,0.0,0.0,-0.26303477411565657,3367838.240000018,5112830.119999995
2013-07-16,6.527486,624419707.0,0.0,4075891237.72,0.0,0.0,-0.26303477411565657,3367838.240000018,5112830.119999995
2013-07-17,6.544192,624419707.0,0.0,4086322523.45,0.0,0.0,-0.26303477411565657,0.0,5112830.119999995
2013-07-18,6.606273,624419707.0,0.0,4125087314.71,0.0,0.0,-0.26303477411565657,0.0,5112830.119999995
2013-07-19,6.602568,624419707.0,0.0,4122774120.29,0.0,0.0,-0.26303477411565657,0.0,4503970.719999996
2013-07-22,6.594871,624419707.0,0.0,4117967460.81,0.0,0.0,-0.26303477411565657,0.0,4503970.719999996
2013-07-23,6.569272,624419707.0,0.0,4101983171.48,0.0,0.0,-0.26303477411565657,0.0,3835831.5999999954
2013-07-24,6.592123,624419707.0,0.0,4116251868.02,0.0,0.0,-0.26303477411565657,0.0,3406126.589999996
2013-07-25,6.559697,624419707.0,0.0,4096004682.23,0.0,0.0,-0.26303477411565657,0.0,3219639.4199999957
2013-07-26,6.526616,624419707.0,0.0,4075348140.32,0.0,0.0,-0.26303477411565657,0.0,1981977.8199999959
2013-07-29,6.531796,624419707.0,0.0,4078582696.85,0.0,0.0,-0.26303477411565657,0.0,1981977.8199999959
2013-07-30,6.54242,624419707.0,0.0,4085216213.8,0.0,0.0,-0.26303477411565657,0.0,1981977.8199999959
2013-07-31,6.594375,624419707.0,0.0,4117657895.37,0.0,0.0,-0.26303477411565657,0.0,1671815.7199999962
2013-08-01,6.654979,624419707.0,0.0,4155500474.77,0.0,0.0,-0.26303477411565657,0.0,1032405.6199999962
2013-08-02,6.621041,624419707.0,0.0,4134308980.94,0.0,0.0,-0.26303477411565657,0.0,841959.5599999962
2013-08-05,6.592696,624419707.0,0.0,4116609639.43,0.0,0.0,-0.26303477411565657,0.0,841959.5599999962
2013-08-06,6.577264,624419707.0,0.0,4106973868.22,0.0,0.0,-0.26303477411565657,0.0,841959.5599999962
2013-08-07,6.498787,624419707.0,0.0,4057970737.48,0.0,0.0,-0.24512739275503787,0.0,0.0
2013-08-08,6.516968,624419707.0,0.0,4069323340.62,0.0,0.0,-0.24512739275503787,0.0,0.0
2013-08-09,6.570603,624419707.0,0.0,4102814310.65,0.0,0.0,-0.24512739275503787,0.0,0.0
2013-08-12,6.561426,624419707.0,0.0,4097083702.52,0.0,0.0,-0.24512739275503787,0.0,0.0
2013-08-13,6.598924,624419707.0,0.0,4120498407.51,0.0,0.0,-0.24512739275503787,0.0,0.0
2013-08-14,6.594893,624419707.0,0.0,4117981597.69,0.0,0.0,-0.24512739275503787,0.0,0.0
2013-08-15,6.490451,625219707.0,800000.0,4057958322.11,5192360.8,0.001279550056418556,1.1537002156802751,1038472.1600000178,259618.03999999625
2013-08-16,6.506834,625219707.0,0.0,4068201417.01,0.0,0.0,-0.25554687006032234,1038472.1600000178,259618.03999999625
2013-08-19,6.472865,628619707.0,3400000.0,4068970857.26,22007741.0,0.00540867501194633,5.014848143722914,5440020.360000018,1360005.0899999964
2013-08-20,6.460327,628619707.0,0.0,4061089300.12,0.0,0.0,-0.27079733204618534,5440020.360000018,1360005.0899999964
2013-08-21,6.407232,628619707.0,0.0,4027712661.85,0.0,0.0,-0.27079733204618534,5440020.360000018,1360005.0899999964
2013-08-22,6.463326,628619707.0,0.0,4062974696.92,0.0,0.0,-0.27079733204618534,4401548.200000018,1360005.0899999964
2013-08-23,6.508742,629819707.0,1200000.0,4099334288.91,7810490.399999999,0.0019053070204910721,1.5598110915414916,5963646.280000018,1750529.6099999964
2013-08-26,6.508742,629819707.0,0.0,4099334288.91,0.0,0.0,-0.28343492671633413,1562098.0800000178,1750529.6099999964
2013-08-27,6.457326,629819707.0,0.0,4066951489.12,0.0,0.0,-0.28343492671633413,1562098.0800000178,1750529.6099999964
2013-08-28,6.3962,635019707.0,5200000.0,4061713612.54,33260240.0,0.008188721109561599,6.213587302880733,8214146.080000018,3413541.6099999966
2013-08-29,6.449004,636219707.0,1200000.0,4102983563.99,7738804.800000001,0.0018861408239408835,1.1912199042096,9761907.040000018,3800481.8499999964
2013-08-30,6.379109,636219707.0,0.0,4058515055.63,0.0,0.0,-0.2975159244638051,8199808.960000018,3800481.8499999964
2013-09-02,6.471505,636219707.0,0.0,4117299602.48,0.0,0.0,-0.2975159244638051,8199808.960000018,3800481.8499999964
2013-09-03,6.433847,636219707.0,0.0,4093340863.85,0.0,0.0,-0.2975159244638051,8199808.960000018,3800481.8499999964
2013-09-04,6.444231,636219707.0,0.0,4099947338.38,0.0,0.0,-0.2975159244638051,1547760.9600000181,3800481.8499999964
2013-09-05,6.501465,636219707.0,0.0,4136360766.13,0.0,0.0,-0.2975159244638051,0.0,3800481.8499999964
2013-09-06,6.516257,636219707.0,0.0,4145771647.46,0.0,0.0,-0.2975159244638051,0.0,3800481.8499999964
2013-09-09,6.499473,636219707.0,0.0,4135093145.41,0.0,0.0,-0.2975159244638051,0.0,3800481.8499999964
2013-09-10,6.552632,636219707.0,0.0,4168913695.12,0.0,0.0,-0.2975159244638051,0.0,3800481.8499999964
2013-09-11,6.55771,639419707.0,3200000.0,4193129465.67,20984672.0,0.005004537105712036,3.435203487124214,4196934.400000018,4849715.449999996
2013-09-12,6.558382,639419707.0,0.0,4193558716.41,0.0,0.0,-0.3135945537949289,4196934.400000018,4590097.409999996
2013-09-13,6.553148,641419707.0,2000000.0,4203318390.82,13106296.0,0.003118083090879816,1.9702422235970831,6818193.600000018,5245412.209999996
2013-09-16,6.591794,641419707.0,0.0,4228106767.12,0.0,0.0,-0.32767147471496205,6818193.600000018,4145025.1599999964
2013-09-17,6.539405,641419707.0,0.0,4194503344.35,0.0,0.0,-0.32767147471496205,6818193.600000018,4145025.1599999964
2013-09-18,6.528035,644019707.0,2600000.0,4204183267.42,16972891.0,0.004037143464113502,2.550604366829081,6015837.400000018,4993669.709999996
2013-09-19,6.59429,647019707.0,3000000.0,4266635669.96,19782870.0,0.004636643840786496,2.850523941987295,9972411.400000017,5982813.209999996
2013-09-24,6.540315,647019707.0,0.0,4231713175.94,0.0,0.0,-0.3576563863680029,7351152.200000018,5592288.689999996
2013-09-25,6.522143,647019707.0,0.0,4219955407.96,0.0,0.0,-0.3576563863680029,7351152.200000018,5592288.689999996
2013-09-26,6.535854,647019707.0,0.0,4228826744.04,0.0,0.0,-0.3576563863680029,7351152.200000018,5592288.689999996
2013-09-27,6.483126,647019707.0,0.0,4194710931.36,0.0,0.0,-0.3576563863680029,3956574.0000000177,3929276.689999996
2013-09-30,6.432751,647019707.0,0.0,4162117129.72,0.0,0.0,-0.3576563863680029,0.0,3542336.4499999965
2013-10-01,6.430353,647019707.0,0.0,4160565205.22,0.0,0.0,-0.3576563863680029,0.0,3542336.4499999965
2013-10-02,6.408679,647019707.0,0.0,4146542074.16,0.0,0.0,-0.3576563863680029,0.0,3542336.4499999965
2013-10-03,6.420069,647019707.0,0.0,4153911183.64,0.0,0.0,-0.3576563863680029,0.0,3542336.4499999965
2013-10-04,6.424984,647019707.0,0.0,4157091830.14,0.0,0.0,-0.3576563863680029,0.0,3542336.4499999965
2013-10-07,6.408186,647019707.0,0.0,4146223145.54,0.0,0.0,-0.3576563863680029,0.0,3542336.4499999965
2013-10-08,6.337196,647019707.0,0.0,4100290919.18,0.0,0.0,-0.3576563863680029,0.0,3542336.4499999965
2013-10-09,6.312753,647019707.0,0.0,4084476235.3,0.0,0.0,-0.3576563863680029,0.0,3542336.4499999965
2013-10-10,6.404954,647019707.0,0.0,4144131978.71,0.0,0.0,-0.3576563863680029,0.0,3542336.4499999965
2013-10-11,6.461377,647019707.0,0.0,4180638581.57,0.0,0.0,-0.3576563863680029,0.0,2493102.8499999964
2013-10-14,6.481513,647019707.0,0.0,4193666707.87,0.0,0.0,-0.3576563863680029,0.0,2493102.8499999964
2013-10-15,6.522814,647019707.0,0.0,4220389417.67,0.0,0.0,-0.3576563863680029,0.0,1837788.0499999963
2013-10-16,6.545027,647019707.0,0.0,4234761636.87,0.0,0.0,-0.3576563863680029,0.0,1837788.0499999963
2013-10-17,6.549617,647019707.0,0.0,4237731436.34,0.0,0.0,-0.3576563863680029,0.0,1837788.0499999963
2013-10-18,6.595809,647019707.0,0.0,4267618914.85,0.0,0.0,-0.3576563863680029,0.0,989143.4999999963
2013-10-21,6.627076,647019707.0,0.0,4287849200.1,0.0,0.0,-0.3576563863680029,0.0,0.0
2013-10-22,6.668313,647019707.0,0.0,4314530296.35,0.0,0.0,-0.3576563863680029,0.0,0.0
2013-10-23,6.652939,647019707.0,0.0,4304583220.05,0.0,0.0,-0.3576563863680029,0.0,0.0
2013-10-24,6.691615,647019707.0,0.0,4329607175.28,0.0,0.0,-0.3576563863680029,0.0,0.0
2013-10-25,6.699681,647019707.0,0.0,4334826273.56,0.0,0.0,-0.3576563863680029,0.0,0.0
2013-10-28,6.704036,647019707.0,0.0,4337643767.7,0.0,0.0,-0.3576563863680029,0.0,0.0
2013-10-29,6.752704,647019707.0,0.0,4369132764.23,0.0,0.0,-0.3576563863680029,0.0,0.0
2013-10-30,6.75575,647019707.0,0.0,4371103420.12,0.0,0.0,-0.3576563863680029,0.0,0.0
2013-10-31,6.709632,647019707.0,0.0,4341264399.67,0.0,0.0,-0.3576563863680029,0.0,0.0
2013-11-01,6.712604,647019707.0,0.0,4343187717.94,0.0,0.0,-0.3576563863680029,0.0,0.0
2013-11-04,6.741489,647019707.0,0.0,4361876363.71,0.0,0.0,-0.3576563863680029,0.0,0.0
2013-11-05,6.724511,647019707.0,0.0,4350891180.15,0.0,0.0,-0.3576563863680029,0.0,0.0
2013-11-06,6.725706,647019707.0,0.0,4351664759.26,0.0,0.0,-0.3576563863680029,0.0,0.0
2013-11-07,6.681202,647019707.0,0.0,4322869500.68,0.0,0.0,-0.3576563863680029,0.0,0.0
2013-11-08,6.692247,647019707.0,0.0,4330016008.38,0.0,0.0,-0.3576563863680029,0.0,0.0
2013-11-11,6.712116,647019707.0,0.0,4342871512.43,0.0,0.0,-0.3576563863680029,0.0,0.0
2013-11-12,6.71034,647019707.0,0.0,4341722714.59,0.0,0.0,-0.3576563863680029,0.0,0.0
2013-11-13,6.624719,647019707.0,0.0,4286323792.44,0.0,0.0,-0.3576563863680029,0.0,0.0
2013-11-14,6.660677,647019707.0,0.0,4309589580.77,0.0,0.0,-0.3576563863680029,0.0,0.0
2013-11-15,6.687702,647019707.0,0.0,4327075539.04,0.0,0.0,-0.3576563863680029,0.0,0.0
2013-11-18,6.71796,647019707.0,0.0,4346653123.43,0.0,0.0,-0.3576563863680029,0.0,0.0
2013-11-19,6.692386,647019707.0,0.0,4330105803.92,0.0,0.0,-0.3576563863680029,0.0,0.0
2013-11-20,6.682749,647019707.0,0.0,4323870747.88,0.0,0.0,-0.3576563863680029,0.0,0.0
2013-11-21,6.683052,647019707.0,0.0,4324066470.09,0.0,0.0,-0.3576563863680029,0.0,0.0
2013-11-22,6.675709,647019707.0,0.0,4319315758.23,0.0,0.0,-0.3576563863680029,0.0,0.0
2013-11-25,6.695934,647019707.0,0.0,4332401870.22,0.0,0.0,-0.3576563863680029,0.0,0.0
2013-11-26,6.637358,647019707.0,0.0,4294501756.06,0.0,0.0,-0.3576563863680029,0.0,0.0
2013-11-27,6.599223,647019707.0,0.0,4269827568.45,0.0,0.0,-0.3576563863680029,0.0,0.0
2013-11-28,6.604036,647019707.0,0.0,4272941556.13,0.0,0.0,-0.3576563863680029,0.0,0.0
2013-11-29,6.600069,647019707.0,0.0,4270374892.34,0.0,0.0,-0.3576563863680029,0.0,0.0
2013-12-02,6.545021,647019707.0,0.0,4234757857.81,0.0,0.0,-0.3576563863680029,0.0,0.0
2013-12-03,6.482578,647019707.0,0.0,4194355880.59,0.0,0.0,-0.3576563863680029,0.0,0.0
2013-12-04,6.464008,647019707.0,0.0,4182340981.95,0.0,0.0,-0.3576563863680029,0.0,0.0
2013-12-05,6.452304,647019707.0,0.0,4174768021.54,0.0,0.0,-0.3576563863680029,0.0,0.0
2013-12-06,6.505499,647019707.0,0.0,4209186212.07,0.0,0.0,-0.3576563863680029,0.0,0.0
2013-12-09,6.512796,647019707.0,0.0,4213907871.3,0.0,0.0,-0.3576563863680029,0.0,0.0
2013-12-10,6.476979,647019707.0,0.0,4190733296.13,0.0,0.0,-0.34394520927455086,0.0,0.0
2013-12-11,6.461461,647019707.0,0.0,4180693120.37,0.0,0.0,-0.34394520927455086,0.0,0.0
2013-12-12,6.399213,647019707.0,0.0,4140417133.4,0.0,0.0,-0.32946482098808977,0.0,0.0
2013-12-13,6.39392,647019707.0,0.0,4136992302.2,0.0,0.0,-0.3180074696852816,0.0,0.0
2013-12-16,6.475386,647019707.0,0.0,4189702569.89,0.0,0.0,-0.31220163300122766,0.0,0.0
2013-12-17,6.439675,647019707.0,0.0,4166597214.4,0.0,0.0,-0.29823289725377583,0.0,0.0
2013-12-18,6.445673,647019707.0,0.0,4170477516.0,0.0,0.0,-0.29823289725377583,0.0,0.0
2013-12-19,6.537398,647019707.0,0.0,4229825775.07,0.0,0.0,-0.29823289725377583,0.0,0.0
2013-12-20,6.558744,647019707.0,0.0,4243636956.3,0.0,0.0,-0.28869208536932445,0.0,0.0
2013-12-23,6.631317,647019707.0,0.0,4290593347.54,0.0,0.0,-0.27335853756671646,0.0,0.0
2013-12-24,6.646712,647019707.0,0.0,4300554179.98,0.0,0.0,-0.2670704468625931,0.0,0.0
2013-12-26,6.646712,647019707.0,0.0,4300554179.98,0.0,0.0,-0.2670704468625931,0.0,0.0
2013-12-27,6.702826,647019707.0,0.0,4336860591.41,0.0,0.0,-0.2670704468625931,0.0,0.0
2013-12-30,6.683218,647019707.0,0.0,4324174223.98,0.0,0.0,-0.24931511099333112,0.0,0.0
2013-12-31,6.700993,647019707.0,0.0,4335675049.99,0.0,0.0,-0.24931511099333112,0.0,0.0
2014-01-01,6.700993,647019707.0,0.0,4335675049.99,0.0,0.0,-0.24931511099333112,0.0,0.0
2014-01-02,6.670088,647019707.0,0.0,4315678751.4,0.0,0.0,-0.24931511099333112,0.0,0.0
2014-01-03,6.682702,647019707.0,0.0,4323839917.36,0.0,0.0,-0.24931511099333112,0.0,0.0
2014-01-06,6.682585,647019707.0,0.0,4323764684.27,0.0,0.0,-0.24931511099333112,0.0,0.0
2014-01-07,6.707032,647019707.0,0.0,4339581881.52,0.0,0.0,-0.24931511099333112,0.0,0.0
2014-01-08,6.673711,647019707.0,0.0,4318023107.8,0.0,0.0,-0.24931511099333112,0.0,0.0
2014-01-09,6.643499,647019707.0,0.0,4298475351.45,0.0,0.0,-0.24931511099333112,0.0,0.0
2014-01-10,6.691703,644419707.0,-2600000.0,4312265910.51,-17398427.8,-0.004034637047218253,-3.4390230094173844,-3479685.5599999824,-869921.3900000037
2014-01-13,6.708529,644419707.0,0.0,4323108656.25,0.0,0.0,-0.20964287415254784,-3479685.5599999824,-869921.3900000037
2014-01-14,6.71812,638419707.0,-6000000.0,4288980484.4,-40308720.0,-0.009398205505157228,-6.266088572206238,-11541429.559999982,-2885357.3900000034
2014-01-15,6.773729,634419707.0,-4000000.0,4297387225.52,-27094916.0,-0.006304974296730128,-3.9248219692342308,-16960412.759999983,-4240103.190000003
2014-01-16,6.769281,630819707.0,-3600000.0,4270196386.35,-24369411.6,-0.005706859683994543,-3.3582079264943765,-21834295.079999983,-5458573.770000003
2014-01-17,6.782992,630819707.0,0.0,4278845452.86,0.0,0.0,-0.04842770131706973,-18354609.51999998,-5458573.770000003
2014-01-20,6.790142,630219707.0,-600000.0,4279281347.06,-4074085.2,-0.0009520489235415718,-0.5950926761064005,-19169426.55999998,-5662278.030000003
2014-01-21,6.787606,630219707.0,0.0,4277683286.63,0.0,0.0,-0.04376103263233569,-11107682.559999984,-5662278.030000003
2014-01-22,6.78177,630219707.0,0.0,4274005255.2,0.0,0.0,-0.04376103263233569,-5688699.359999983,-5662278.030000003
2014-01-23,6.728988,626419707.0,-3800000.0,4215171242.79,-25570154.400000002,-0.006066219597540064,-3.3550160607287305,-5928847.919999982,-6940785.750000003
2014-01-24,6.620013,626419707.0,0.0,4146907046.98,0.0,0.0,-0.013778372468951026,-5928847.919999982,-6940785.750000003
2014-01-27,6.507584,623219707.0,-3200000.0,4055654752.62,-20824268.799999997,-0.0051346256203261085,-2.7280192318502774,-9278884.639999982,-7981999.190000003
2014-01-28,6.528988,623219707.0,0.0,4068994061.96,0.0,0.0,0.009475608964005698,-9278884.639999982,-7981999.190000003
2014-01-29,6.501009,623219707.0,0.0,4051557395.04,0.0,0.0,0.009475608964005698,-9278884.639999982,-7981999.190000003
2014-01-30,6.495183,623219707.0,0.0,4047926582.44,0.0,0.0,0.009475608964005698,-4164853.7599999816,-7981999.190000003
2014-01-31,6.467276,623219707.0,0.0,4030534058.67,0.0,0.0,0.009475608964005698,-4164853.7599999816,-7981999.190000003
2014-02-03,6.422558,623219707.0,0.0,4002664965.98,0.0,0.0,0.009475608964005698,0.0,-7981999.190000003
2014-02-04,6.406253,623219707.0,0.0,3992503243.25,0.0,0.0,0.015191287676033768,0.0,-7981999.190000003
2014-02-05,6.415797,623219707.0,0.0,3998451254.77,0.0,0.0,0.015191287676033768,0.0,-7981999.190000003
2014-02-06,6.515387,623219707.0,0.0,4060517994.74,0.0,0.0,0.040753725926462286,0.0,-7981999.190000003
2014-02-07,6.528646,623219707.0,0.0,4068781213.94,0.0,0.0,0.04075372592646229,0.0,-7112077.800000003
2014-02-10,6.548151,623219707.0,0.0,4080937356.0,0.0,0.0,0.04075372592646229,0.0,-7112077.800000003
2014-02-11,6.628627,623219707.0,0.0,4131091100.4,0.0,0.0,0.04075372592646229,0.0,-5096641.800000004
2014-02-12,6.641392,623219707.0,0.0,4139046667.09,0.0,0.0,0.049810542998281054,0.0,-3741896.0000000037
2014-02-13,6.625819,623219707.0,0.0,4129340985.7,0.0,0.0,0.049810542998281054,0.0,-2523425.4200000037
2014-02-14,6.629825,623219707.0,0.0,4131837747.17,0.0,0.0,0.049810542998281054,0.0,-2523425.4200000037
2014-02-17,6.70207,623219707.0,0.0,4176862308.88,0.0,0.0,0.09701521387481225,0.0,-2319721.1600000034
2014-02-18,6.762145,623219707.0,0.0,4214302601.04,0.0,0.0,0.10740652896053207,0.0,-2319721.1600000034
2014-02-19,6.776366,623219707.0,0.0,4223165149.21,0.0,0.0,0.10740652896053207,0.0,-2319721.1600000034
2014-02-20,6.792444,623219707.0,0.0,4233184962.87,0.0,0.0,0.10740652896053207,0.0,-1041213.4400000036
2014-02-21,6.817473,623219707.0,0.0,4248784026.16,0.0,0.0,0.10740652896053207,0.0,-1041213.4400000036
2014-02-24,6.841373,623219707.0,0.0,4263678539.35,0.0,0.0,0.10740652896053207,0.0,0.0
2014-02-25,6.808953,623219707.0,0.0,4243474202.97,0.0,0.0,0.10740652896053207,0.0,0.0
2014-02-26,6.754632,623219707.0,0.0,4209620058.05,0.0,0.0,0.10740652896053207,0.0,0.0
2014-02-27,6.765506,623219707.0,0.0,4216396994.72,0.0,0.0,0.10740652896053207,0.0,0.0
2014-02-28,6.764859,623219707.0,0.0,4215993911.98,0.0,0.0,0.10740652896053207,0.0,0.0
2014-03-03,6.66397,623219707.0,0.0,4153117836.18,0.0,0.0,0.13945722346302794,0.0,0.0
2014-03-04,6.778408,623219707.0,0.0,4224437989.42,0.0,0.0,0.13945722346302794,0.0,0.0
2014-03-05,6.738121,620219707.0,-3000000.0,4179115601.47,-20214363.0,-0.004836995414266506,-2.904823278908264,-4042872.599999982,-1010718.1500000037
2014-03-06,6.75113,620219707.0,0.0,4187184080.98,0.0,0.0,0.17939074879028463,-4042872.599999982,-1010718.1500000037
2014-03-07,6.675783,620219707.0,0.0,4140452243.43,0.0,0.0,0.17939074879028463,-4042872.599999982,-1010718.1500000037
2014-03-10,6.652271,620219707.0,0.0,4125869766.92,0.0,0.0,0.20758539285911998,-4042872.599999982,-1010718.1500000037
2014-03-11,6.648378,620219707.0,0.0,4123455300.46,0.0,0.0,0.2442730796976344,-4042872.599999982,-1010718.1500000037
2014-03-12,6.603745,620219707.0,0.0,4095773327.1,0.0,0.0,0.2442730796976344,0.0,-1010718.1500000037
2014-03-13,6.536551,620219707.0,0.0,4054098234.07,0.0,0.0,0.2442730796976344,0.0,-1010718.1500000037
2014-03-14,6.510546,620219707.0,0.0,4037969548.27,0.0,0.0,0.2442730796976344,0.0,-1010718.1500000037
2014-03-17,6.550948,620219707.0,0.0,4063027416.51,0.0,0.0,0.2442730796976344,0.0,-1010718.1500000037
2014-03-18,6.587599,620219707.0,0.0,4085758888.85,0.0,0.0,0.2442730796976344,0.0,-1010718.1500000037
2014-03-19,6.557673,620219707.0,0.0,4067198031.98,0.0,0.0,0.2442730796976344,0.0,-1010718.1500000037
2014-03-20,6.527256,620219707.0,0.0,4048333041.34,0.0,0.0,0.2442730796976344,0.0,-1010718.1500000037
2014-03-21,6.541659,613419707.0,-6800000.0,4012782860.48,-44483281.2,-0.011085394537066732,-6.088256813905456,-8896656.239999983,-3234882.2100000037
2014-03-24,6.504416,613419707.0,0.0,3989937164.56,0.0,0.0,0.2552175735314338,-8896656.239999983,-3234882.2100000037
2014-03-25,6.588595,613419707.0,0.0,4041574353.62,0.0,0.0,0.2552175735314338,-8896656.239999983,-3234882.2100000037
2014-03-26,6.59222,613419707.0,0.0,4043797756.23,0.0,0.0,0.2552175735314338,-8896656.239999983,-3234882.2100000037
2014-03-27,6.57517,613419707.0,0.0,4033338949.97,0.0,0.0,0.2552175735314338,-8896656.239999983,-3234882.2100000037
2014-03-28,6.602167,613419707.0,0.0,4049899884.7,0.0,0.0,0.2552175735314338,0.0,-3234882.2100000037
2014-03-31,6.584882,613419707.0,0.0,4039296408.61,0.0,0.0,0.2552175735314338,0.0,-3234882.2100000037
2014-04-01,6.638894,613419707.0,0.0,4072428804.05,0.0,0.0,0.2552175735314338,0.0,-3234882.2100000037
2014-04-02,6.64872,613419707.0,0.0,4078455917.87,0.0,0.0,0.2552175735314338,0.0,-2224164.060000004
2014-04-03,6.63874,613419707.0,0.0,4072334523.41,0.0,0.0,0.2552175735314338,0.0,-2224164.060000004
2014-04-04,6.684994,613019707.0,-400000.0,4098033282.15,-2673997.6,-0.0006525075361508799,-0.11508520148306312,-534799.5199999821,-2357863.940000004
2014-04-07,6.612161,612619707.0,-400000.0,4050740315.92,-2644864.4000000004,-0.0006529335858942371,-0.11224052940463315,-1063772.3999999822,-2490107.160000004
2014-04-08,6.579919,612619707.0,0.0,4030988382.37,0.0,0.0,0.2615603039535377,-1063772.3999999822,-2490107.160000004
2014-04-09,6.62643,612619707.0,0.0,4059482121.04,0.0,0.0,0.2615603039535377,-1063772.3999999822,-2490107.160000004
2014-04-10,6.632684,612619707.0,0.0,4063313161.13,0.0,0.0,0.2615603039535377,-1063772.3999999822,-2490107.160000004
2014-04-11,6.552551,612619707.0,0.0,4014222485.94,0.0,0.0,0.2615603039535377,-528972.8799999822,-2490107.160000004
2014-04-14,6.574301,612619707.0,0.0,4027546618.95,0.0,0.0,0.2615603039535377,0.0,-2490107.160000004
2014-04-15,6.532184,612619707.0,0.0,4001745236.01,0.0,0.0,0.2615603039535377,0.0,-2490107.160000004
2014-04-16,6.57774,612619707.0,0.0,4029653572.75,0.0,0.0,0.2615603039535377,0.0,-2490107.160000004
2014-04-17,6.618663,612619707.0,0.0,4054723439.15,0.0,0.0,0.2615603039535377,0.0,-2490107.160000004
2014-04-21,6.618663,612619707.0,0.0,4054723439.15,0.0,0.0,0.2615603039535377,0.0,-265943.1000000037
2014-04-22,6.674777,612619707.0,0.0,4089100277.5,0.0,0.0,0.2615603039535377,0.0,-265943.1000000037
2014-04-23,6.675445,612619707.0,0.0,4089509625.08,0.0,0.0,0.2615603039535377,0.0,-265943.1000000037
2014-04-24,6.703496,612619707.0,0.0,4106693849.79,0.0,0.0,0.2615603039535377,0.0,-265943.1000000037
2014-04-25,6.686098,612619707.0,0.0,4096035555.31,0.0,0.0,0.2615603039535377,0.0,-265943.1000000037
2014-04-28,6.70039,612619707.0,0.0,4104790993.22,0.0,0.0,0.2615603039535377,0.0,-265943.1000000037
2014-04-29,6.769988,612619707.0,0.0,4147428177.17,0.0,0.0,0.2615603039535377,0.0,-265943.1000000037
2014-04-30,6.785831,612619707.0,0.0,4157134064.63,0.0,0.0,0.2615603039535377,0.0,-265943.1000000037
2014-05-01,6.814625,612619707.0,0.0,4174774060.82,0.0,0.0,0.2615603039535377,0.0,-265943.1000000037
2014-05-02,6.827961,612619707.0,0.0,4182943714.22,0.0,0.0,0.2615603039535377,0.0,-265943.1000000037
2014-05-05,6.827961,612619707.0,0.0,4182943714.22,0.0,0.0,0.2615603039535377,0.0,-132243.22000000376
2014-05-06,6.804004,612619707.0,0.0,4168267034.44,0.0,0.0,0.2615603039535377,0.0,0.0
2014-05-07,6.808481,612619707.0,0.0,4171009840.42,0.0,0.0,0.2615603039535377,0.0,0.0
2014-05-08,6.851271,612619707.0,0.0,4197223656.47,0.0,0.0,0.2615603039535377,0.0,0.0
2014-05-09,6.826594,612619707.0,0.0,4182106555.15,0.0,0.0,0.2615603039535377,0.0,0.0
2014-05-12,6.863549,611219707.0,-1400000.0,4195136813.99,-9608968.6,-0.002290501842027149,-1.034391490955168,-1921793.719999982,-480448.4300000037
2014-05-13,6.884845,611219707.0,0.0,4208153048.2,0.0,0.0,0.27132834217031226,-1921793.719999982,-480448.4300000037
2014-05-14,6.905305,611219707.0,0.0,4220658660.4,0.0,0.0,0.27132834217031226,-1921793.719999982,-480448.4300000037
2014-05-15,6.867432,611219707.0,0.0,4197510207.91,0.0,0.0,0.27132834217031226,-1921793.719999982,-480448.4300000037
2014-05-16,6.882319,611219707.0,0.0,4206609243.56,0.0,0.0,0.27132834217031226,-1921793.719999982,-480448.4300000037
2014-05-19,6.871391,611219707.0,0.0,4199929683.03,0.0,0.0,0.27132834217031226,0.0,-480448.4300000037
2014-05-20,6.828415,611219707.0,0.0,4173662233.75,0.0,0.0,0.27132834217031226,0.0,-480448.4300000037
2014-05-21,6.77675,613619707.0,2400000.0,4158347356.22,16264200.0,0.003911217271369173,2.42070851545771,3252840.0000000177,332761.5699999963
2014-05-22,6.776294,612219707.0,-1400000.0,4148580999.59,-9486811.6,-0.0022867606058403034,-1.0100099075592799,1355477.6800000179,-141579.01000000368
2014-05-23,6.771367,612219707.0,0.0,4145564781.17,0.0,0.0,0.25601569423712284,1355477.6800000179,-141579.01000000368
2014-05-26,6.771367,612219707.0,0.0,4145564781.17,0.0,0.0,0.25601569423712284,1355477.6800000179,-141579.01000000368
2014-05-27,6.800154,611219707.0,-1000000.0,4156388559.25,-6800154.0,-0.0016360727355161074,-0.6412777142987812,-4553.119999982044,-481586.7100000037
2014-05-28,6.807425,609219707.0,-2000000.0,4147217929.93,-13614850.0,-0.0032828875236440257,-1.5218414752547704,-5980363.119999982,-1162329.2100000037
2014-05-29,6.827333,609219707.0,0.0,4159346286.08,0.0,0.0,0.2756375228556661,-4083000.799999982,-1162329.2100000037
2014-05-30,6.800499,609219707.0,0.0,4142998609.26,0.0,0.0,0.2756375228556661,-4083000.799999982,-1162329.2100000037
2014-06-02,6.819824,609219707.0,0.0,4154771719.54,0.0,0.0,0.2756375228556661,-4083000.799999982,-1162329.2100000037
2014-06-03,6.791995,609219707.0,0.0,4137817539.49,0.0,0.0,0.2756375228556661,-2722969.9999999823,-1162329.2100000037
2014-06-04,6.779816,609219707.0,0.0,4130398100.56,0.0,0.0,0.2756375228556661,0.0,-1162329.2100000037
2014-06-05,6.774619,610219707.0,1000000.0,4134006588.75,6774619.0,0.0016387537984182173,1.159146502186496,1354923.800000018,-823598.2600000037
2014-06-06,6.818984,610219707.0,0.0,4161079024.06,0.0,0.0,0.2667151902539245,1354923.800000018,-823598.2600000037
2014-06-09,6.835483,610219707.0,0.0,4171146800.33,0.0,0.0,0.2667151902539245,1354923.800000018,-343149.8300000037
2014-06-10,6.833939,610219707.0,0.0,4170204682.39,0.0,0.0,0.2667151902539245,1354923.800000018,-343149.8300000037
2014-06-11,6.807584,610219707.0,0.0,4154122337.96,0.0,0.0,0.2667151902539245,1354923.800000018,-343149.8300000037
2014-06-12,6.811736,611219707.0,1000000.0,4163467623.74,6811736.0,0.0016360727680839002,1.144208194887213,1362347.2000000179,-2563.030000003707
2014-06-13,6.746682,611219707.0,0.0,4123705022.62,0.0,0.0,0.25792585489764297,1362347.2000000179,-2563.030000003707
2014-06-16,6.72332,611219707.0,0.0,4109425695.37,0.0,0.0,0.25792585489764297,1362347.2000000179,-2563.030000003707
2014-06-17,6.735259,611219707.0,0.0,4116723115.04,0.0,0.0,0.25792585489764297,1362347.2000000179,-2563.030000003707
2014-06-18,6.748269,611219707.0,0.0,4124675399.03,0.0,0.0,0.25792585489764297,1362347.2000000179,-815773.0300000038
2014-06-19,6.777585,611219707.0,0.0,4142593841.05,0.0,0.0,0.25792585489764297,0.0,-341432.45000000374
2014-06-20,6.794431,611219707.0,0.0,4152890221.97,0.0,0.0,0.25792585489764297,0.0,-341432.45000000374
2014-06-23,6.769639,611219707.0,0.0,4137737233.84,0.0,0.0,0.25792585489764297,0.0,-341432.45000000374
2014-06-24,6.756247,611219707.0,0.0,4129551325.7,0.0,0.0,0.25792585489764297,0.0,-1424.7500000037253
2014-06-25,6.703531,611219707.0,0.0,4097330475.57,0.0,0.0,0.25792585489764297,0.0,679317.7499999963
2014-06-26,6.70482,611219707.0,0.0,4098118322.41,0.0,0.0,0.25792585489764297,0.0,679317.7499999963
2014-06-27,6.727396,611219707.0,0.0,4111917225.67,0.0,0.0,0.25792585489764297,0.0,679317.7499999963
2014-06-30,6.713466,611219707.0,0.0,4103402983.8,0.0,0.0,0.24351689702181678,0.0,679317.7499999963
2014-07-01,6.772043,611219707.0,0.0,4139206359.37,0.0,0.0,0.24351689702181678,0.0,679317.7499999963
2014-07-02,6.786625,611219707.0,0.0,4148119217.51,0.0,0.0,0.22484588402747482,0.0,679317.7499999963
2014-07-03,6.83515,611219707.0,0.0,4177778562.04,0.0,0.0,0.20437476007850935,0.0,340586.79999999626
2014-07-04,6.835919,611219707.0,0.0,4178248985.8,0.0,0.0,0.183149192078688,0.0,340586.79999999626
2014-07-07,6.793374,611219707.0,0.0,4152244492.36,0.0,0.0,0.183149192078688,0.0,340586.79999999626
2014-07-08,6.708613,611219707.0,0.0,4100436706.38,0.0,0.0,0.17779484147255917,0.0,340586.79999999626
2014-07-09,6.688977,611219707.0,0.0,4088434793.07,0.0,0.0,0.17779484147255917,0.0,340586.79999999626
2014-07-10,6.643381,611219707.0,0.0,4060565549.91,0.0,0.0,0.17779484147255917,0.0,0.0
2014-07-11,6.66092,611219707.0,0.0,4071285725.85,0.0,0.0,0.15367441770169202,0.0,0.0
2014-07-14,6.716571,611219707.0,0.0,4105300932.45,0.0,0.0,0.15367441770169202,0.0,0.0
2014-07-15,6.681019,611219707.0,0.0,4083570956.82,0.0,0.0,0.12935013783129734,0.0,0.0
2014-07-16,6.756194,611219707.0,0.0,4129519330.21,0.0,0.0,0.12935013783129734,0.0,0.0
2014-07-17,6.709926,611219707.0,0.0,4101239606.29,0.0,0.0,0.12935013783129734,0.0,0.0
2014-07-18,6.720929,611219707.0,0.0,4107964470.38,0.0,0.0,0.12935013783129734,0.0,0.0
2014-07-21,6.699903,611219707.0,0.0,4095113126.18,0.0,0.0,0.12935013783129734,0.0,0.0
2014-07-22,6.766376,611219707.0,0.0,4135742383.61,0.0,0.0,0.12935013783129734,0.0,0.0
2014-07-23,6.771561,611219707.0,0.0,4138911772.3,0.0,0.0,0.12935013783129734,0.0,0.0
2014-07-24,6.794646,611219707.0,0.0,4153022067.5,0.0,0.0,0.12935013783129734,0.0,0.0
2014-07-25,6.764779,611219707.0,0.0,4134766838.38,0.0,0.0,0.12935013783129734,0.0,0.0
2014-07-28,6.761151,611219707.0,0.0,4132549101.33,0.0,0.0,0.12935013783129734,0.0,0.0
2014-07-29,6.780682,611219707.0,0.0,4144487012.66,0.0,0.0,0.12935013783129734,0.0,0.0
2014-07-30,6.746438,611219707.0,0.0,4123556056.3,0.0,0.0,0.12935013783129734,0.0,0.0
2014-07-31,6.703176,611219707.0,0.0,4097113275.08,0.0,0.0,0.12935013783129734,0.0,0.0
2014-08-01,6.652323,611219707.0,0.0,4066031350.68,0.0,0.0,0.12935013783129734,0.0,0.0
2014-08-04,6.650544,611219707.0,0.0,4064943999.5,0.0,0.0,0.12935013783129734,0.0,0.0
2014-08-05,6.655353,611219707.0,0.0,4067883192.31,0.0,0.0,0.12935013783129734,0.0,0.0
2014-08-06,6.623226,611219707.0,0.0,4048246671.08,0.0,0.0,0.12935013783129734,0.0,0.0
2014-08-07,6.584495,611219707.0,0.0,4024573527.51,0.0,0.0,0.12935013783129734,0.0,0.0
2014-08-08,6.554554,611219707.0,0.0,4006272747.99,0.0,0.0,0.12935013783129734,0.0,0.0
2014-08-11,6.619678,611219707.0,0.0,4046078040.24,0.0,0.0,0.12935013783129734,0.0,0.0
2014-08-12,6.619119,611219707.0,0.0,4045736273.22,0.0,0.0,0.12935013783129734,0.0,0.0
2014-08-13,6.664795,611219707.0,0.0,4073654562.8,0.0,0.0,0.12935013783129734,0.0,0.0
2014-08-14,6.693241,611219707.0,0.0,4091041251.04,0.0,0.0,0.12935013783129734,0.0,0.0
2014-08-15,6.696967,611219707.0,0.0,4093318365.3,0.0,0.0,0.12935013783129734,0.0,0.0
2014-08-18,6.749098,611219707.0,0.0,4125182122.63,0.0,0.0,0.12935013783129734,0.0,0.0
2014-08-19,6.787125,611219707.0,0.0,4148425064.45,0.0,0.0,0.12935013783129734,0.0,0.0
2014-08-20,6.72093,611219707.0,0.0,4107964942.58,0.0,0.0,0.12935013783129734,0.0,0.0
2014-08-21,6.742934,611219707.0,0.0,4121414217.64,0.0,0.0,0.10356124159781761,0.0,0.0
2014-08-22,6.740517,611219707.0,0.0,4119937293.82,0.0,0.0,0.10356124159781761,0.0,0.0
2014-08-26,6.787561,611219707.0,0.0,4148691049.55,0.0,0.0,0.10356124159781761,0.0,0.0
2014-08-27,6.797315,611219707.0,0.0,4154653052.06,0.0,0.0,0.10356124159781761,0.0,0.0
2014-08-28,6.77254,611219707.0,0.0,4139510184.56,0.0,0.0,0.10356124159781761,0.0,0.0
2014-08-29,6.786181,611219707.0,0.0,4147847620.12,0.0,0.0,0.10356124159781761,0.0,0.0
2014-09-01,6.791564,588219707.0,-23000000.0,3994931845.94,-156205972.0,-0.03910103551797766,-10.308430295471055,-31241194.399999984,-7810298.600000003
2014-09-02,6.795442,588219707.0,0.0,3997213380.93,0.0,0.0,0.11957226283396646,-31241194.399999984,-7810298.600000003
2014-09-03,6.844578,588219707.0,0.0,4026115735.67,0.0,0.0,0.11957226283396646,-31241194.399999984,-7810298.600000003
2014-09-04,6.848918,586419707.0,-1800000.0,4016340963.46,-12328052.4,-0.0030694735611738557,-0.6908560748244068,-33706804.87999998,-8426701.220000003
2014-09-05,6.826178,586419707.0,0.0,4003005476.87,0.0,0.0,0.12614579247751642,-33706804.87999998,-8426701.220000003
2014-09-08,6.805896,586019707.0,-400000.0,3988389504.56,-2722358.4,-0.0006825708464249735,-0.054023084920904955,-3010082.1599999825,-8562819.140000004
2014-09-09,6.800106,586019707.0,0.0,3984996654.32,0.0,0.0,0.10673957147557735,-3010082.1599999825,-8562819.140000004
2014-09-10,6.802403,586019707.0,0.0,3986342217.0,0.0,0.0,0.10673957147557735,-3010082.1599999825,-8562819.140000004
2014-09-11,6.771788,586019707.0,0.0,3968401741.64,0.0,0.0,0.10673957147557735,-544471.6799999821,-8562819.140000004
2014-09-12,6.779053,586019707.0,0.0,3972658729.05,0.0,0.0,0.10673957147557735,-544471.6799999821,-8562819.140000004
2014-09-15,6.776122,586019707.0,0.0,3970941427.93,0.0,0.0,0.10673957147557735,0.0,-8562819.140000004
2014-09-16,6.764166,586019707.0,0.0,3963934658.82,0.0,0.0,0.10673957147557735,0.0,-8562819.140000004
2014-09-17,6.753068,586019707.0,0.0,3957431102.33,0.0,0.0,0.10673957147557735,0.0,-8562819.140000004
2014-09-18,6.79109,586019707.0,0.0,3979712945.28,0.0,0.0,0.10673957147557735,0.0,-8562819.140000004
2014-09-19,6.809596,586019707.0,0.0,3990557622.34,0.0,0.0,0.10673957147557735,0.0,-8562819.140000004
2014-09-22,6.745325,586019707.0,0.0,3952893560.73,0.0,0.0,0.10673957147557735,0.0,-8562819.140000004
2014-09-23,6.648108,586019707.0,0.0,3895922874.33,0.0,0.0,0.10523819349899823,0.0,-8562819.140000004
2014-09-24,6.679549,586019707.0,0.0,3914347877.91,0.0,0.0,0.10373615264585379,0.0,-8562819.140000004
2014-09-25,6.613235,586019707.0,0.0,3875486475.72,0.0,0.0,0.10373615264585379,0.0,-8562819.140000004
2014-09-26,6.622859,586019707.0,0.0,3881126064.02,0.0,0.0,0.10373615264585379,0.0,-8562819.140000004
2014-09-29,6.619829,586019707.0,0.0,3879350380.24,0.0,0.0,0.10373615264585379,0.0,-752520.5400000031
2014-09-30,6.596069,586019707.0,0.0,3865426594.26,0.0,0.0,0.10373615264585379,0.0,-752520.5400000031
2014-10-01,6.531673,586019707.0,0.0,3827689498.48,0.0,0.0,0.10373615264585379,0.0,-752520.5400000031
2014-10-02,6.420986,586019707.0,0.0,3762824576.55,0.0,0.0,0.10373615264585379,0.0,-136117.92000000298
2014-10-03,6.502028,586019707.0,0.0,3810316908.67,0.0,0.0,0.10373615264585379,0.0,-136117.92000000298
2014-10-06,6.537211,586019707.0,0.0,3830934967.54,0.0,0.0,0.10373615264585379,0.0,0.0
2014-10-07,6.469459,586019707.0,0.0,3791230731.29,0.0,0.0,0.10373615264585379,0.0,0.0
2014-10-08,6.456159,586019707.0,0.0,3783436617.84,0.0,0.0,0.10373615264585379,0.0,0.0
2014-10-09,6.407595,586019707.0,0.0,3754977422.24,0.0,0.0,0.10373615264585379,0.0,0.0
2014-10-10,6.316053,586019707.0,0.0,3701331762.39,0.0,0.0,0.10373615264585379,0.0,0.0
2014-10-13,6.341924,586019707.0,0.0,3716492879.08,0.0,0.0,0.10373615264585379,0.0,0.0
2014-10-14,6.368184,586019707.0,0.0,3731881780.13,0.0,0.0,0.10373615264585379,0.0,0.0
2014-10-15,6.187735,586019707.0,0.0,3626134794.15,0.0,0.0,0.10373615264585379,0.0,0.0
2014-10-16,6.172571,586019707.0,0.0,3617248812.25,0.0,0.0,0.10373615264585379,0.0,0.0
2014-10-17,6.286364,586019707.0,0.0,3683933595.08,0.0,0.0,0.10373615264585379,0.0,0.0
2014-10-20,6.243124,586019707.0,0.0,3658594107.49,0.0,0.0,0.10373615264585379,0.0,0.0
2014-10-21,6.347909,586019707.0,0.0,3719999808.96,0.0,0.0,0.10373615264585379,0.0,0.0
2014-10-22,6.375117,586019707.0,0.0,3735944769.43,0.0,0.0,0.10373615264585379,0.0,0.0
2014-10-23,6.400922,586019707.0,0.0,3751066880.61,0.0,0.0,0.10373615264585379,0.0,0.0
2014-10-24,6.370499,586019707.0,0.0,3733238374.9,0.0,0.0,0.10373615264585379,0.0,0.0
2014-10-27,6.345151,586019707.0,0.0,3718383701.21,0.0,0.0,0.10373615264585379,0.0,0.0
2014-10-28,6.383683,586019707.0,0.0,3740964409.3,0.0,0.0,0.09858735154863552,0.0,0.0
2014-10-29,6.435077,586019707.0,0.0,3771082379.09,0.0,0.0,0.09858735154863552,0.0,0.0
2014-10-30,6.445246,586019707.0,0.0,3777041661.26,0.0,0.0,0.09858735154863552,0.0,0.0
2014-10-31,6.527748,586019707.0,0.0,3825389280.2,0.0,0.0,0.09858735154863552,0.0,0.0
2014-11-03,6.469349,586019707.0,0.0,3791166390.81,0.0,0.0,0.09858735154863552,0.0,0.0
2014-11-04,6.435447,586019707.0,0.0,3771298813.71,0.0,0.0,0.09858735154863552,0.0,0.0
2014-11-05,6.520218,586019707.0,0.0,3820976318.83,0.0,0.0,0.09858735154863552,0.0,0.0
2014-11-06,6.542288,586019707.0,0.0,3833909848.79,0.0,0.0,0.10821397932077198,0.0,0.0
2014-11-07,6.558355,586019707.0,0.0,3843325433.02,0.0,0.0,0.10304104239217346,0.0,0.0
2014-11-10,6.602038,586019707.0,0.0,3868924917.57,0.0,0.0,0.10304104239217346,0.0,0.0
2014-11-11,6.618053,586019707.0,0.0,3878309728.11,0.0,0.0,0.10304104239217346,0.0,0.0
2014-11-12,6.601639,586019707.0,0.0,3868691059.64,0.0,0.0,0.09930030808746987,0.0,0.0
2014-11-13,6.634264,586019707.0,0.0,3887809973.68,0.0,0.0,0.09194937512281455,0.0,0.0
2014-11-14,6.653065,586019707.0,0.0,3898827565.79,0.0,0.0,0.09194937512281455,0.0,0.0
2014-11-17,6.67051,586019707.0,0.0,3909050512.23,0.0,0.0,0.09194937512281455,0.0,0.0
2014-11-18,6.707546,586019707.0,0.0,3930754695.08,0.0,0.0,0.09194937512281455,0.0,0.0
2014-11-19,6.694928,586019707.0,0.0,3923360315.83,0.0,0.0,0.09194937512281455,0.0,0.0
2014-11-20,6.683494,586019707.0,0.0,3916659741.13,0.0,0.0,0.09194937512281455,0.0,0.0
2014-11-21,6.755399,586019707.0,0.0,3958796948.05,0.0,0.0,0.09587527812895592,0.0,0.0
2014-11-24,6.734155,586019707.0,0.0,3946347936.53,0.0,0.0,0.09587527812895592,0.0,0.0
2014-11-25,6.735138,586019707.0,0.0,3946923617.84,0.0,0.0,0.09587527812895592,0.0,0.0
2014-11-26,6.733378,586019707.0,0.0,3945892422.22,0.0,0.0,0.09587527812895592,0.0,0.0
2014-11-27,6.660021,587819707.0,1800000.0,3914891801.16,11988037.8,0.0030621632496836545,0.9400013197319271,2397607.560000018,599401.8899999971
2014-11-28,6.65929,587819707.0,0.0,3914462128.64,0.0,0.0,0.09232671272409514,2397607.560000018,599401.8899999971
2014-12-01,6.593393,587819707.0,0.0,3875726580.18,0.0,0.0,0.09232671272409514,2397607.560000018,599401.8899999971
2014-12-02,6.678188,587819707.0,0.0,3925570971.98,0.0,0.0,0.09232671272409514,2397607.560000018,599401.8899999971
2014-12-03,6.652939,587819707.0,0.0,3910728882.16,0.0,0.0,0.09232671272409514,2397607.560000018,599401.8899999971
2014-12-04,6.616987,587819707.0,0.0,3889595922.69,0.0,0.0,0.09232671272409514,0.0,599401.8899999971
2014-12-05,6.679871,587819707.0,0.0,3926560350.3,0.0,0.0,0.09232671272409514,0.0,599401.8899999971
2014-12-08,6.609665,587819707.0,0.0,3885291389.5,0.0,0.0,0.09232671272409514,0.0,599401.8899999971
2014-12-09,6.468251,587819707.0,0.0,3802165840.63,0.0,0.0,0.09232671272409514,0.0,599401.8899999971
2014-12-10,6.439062,587819707.0,0.0,3785007698.55,0.0,0.0,0.09232671272409514,0.0,599401.8899999971
2014-12-11,6.402046,587819707.0,0.0,3763248881.34,0.0,0.0,0.09232671272409514,0.0,599401.8899999971
2014-12-12,6.242344,587819707.0,0.0,3669373211.01,0.0,0.0,0.09232671272409514,0.0,599401.8899999971
2014-12-15,6.125275,587819707.0,0.0,3600557379.26,0.0,0.0,0.09232671272409514,0.0,599401.8899999971
2014-12-16,6.27281,587819707.0,0.0,3687281555.38,0.0,0.0,0.09232671272409514,0.0,599401.8899999971
2014-12-17,6.277865,587819707.0,0.0,3690253235.74,0.0,0.0,0.09232671272409514,0.0,599401.8899999971
2014-12-18,6.406339,587819707.0,0.0,3765772448.95,0.0,0.0,0.09232671272409514,0.0,599401.8899999971
2014-12-19,6.48487,587819707.0,0.0,3811934706.41,0.0,0.0,0.09232671272409514,0.0,599401.8899999971
2014-12-22,6.515804,587819707.0,0.0,3830118400.81,0.0,0.0,0.09232671272409514,0.0,599401.8899999971
2014-12-23,6.536861,587819707.0,0.0,3842496164.3,0.0,0.0,0.09232671272409514,0.0,599401.8899999971
2014-12-24,6.548505,587819707.0,0.0,3849340424.96,0.0,0.0,0.09232671272409514,0.0,599401.8899999971
2014-12-26,6.548505,587819707.0,0.0,3849340424.96,0.0,0.0,0.09232671272409514,0.0,0.0
2014-12-29,6.572858,587819707.0,0.0,3863655916.77,0.0,0.0,0.09232671272409514,0.0,0.0
2014-12-30,6.487078,587819707.0,0.0,3813232544.06,0.0,0.0,0.09232671272409514,0.0,0.0
2014-12-31,6.505947,587819707.0,0.0,3824324181.75,0.0,0.0,0.09232671272409514,0.0,0.0
2015-01-01,6.505947,587819707.0,0.0,3824324181.75,0.0,0.0,0.09232671272409514,0.0,0.0
2015-01-02,6.48802,587819707.0,0.0,3813786089.36,0.0,0.0,0.09232671272409514,0.0,0.0
2015-01-05,6.358353,587819707.0,0.0,3737565490.88,0.0,0.0,0.09232671272409514,0.0,0.0
2015-01-06,6.308159,587819707.0,0.0,3708060257.27,0.0,0.0,0.09232671272409514,0.0,0.0
2015-01-07,6.360862,587819707.0,0.0,3739040276.14,0.0,0.0,0.09232671272409514,0.0,0.0
2015-01-08,6.50983,587819707.0,0.0,3826606721.5,0.0,0.0,0.09232671272409514,0.0,0.0
2015-01-09,6.441486,587819707.0,0.0,3786432850.29,0.0,0.0,0.09232671272409514,0.0,0.0
2015-01-12,6.441603,587819707.0,0.0,3786501440.94,0.0,0.0,0.09232671272409514,0.0,0.0
2015-01-13,6.481967,587819707.0,0.0,3810228310.59,0.0,0.0,0.09232671272409514,0.0,0.0
2015-01-14,6.329578,587819707.0,0.0,3720650826.7,0.0,0.0,0.09232671272409514,0.0,0.0
2015-01-15,6.442156,587819707.0,0.0,3786826315.12,0.0,0.0,0.09232671272409514,0.0,0.0
2015-01-16,6.493242,587819707.0,0.0,3816855641.35,0.0,0.0,0.09232671272409514,0.0,0.0
2015-01-19,6.52798,587819707.0,0.0,3837275333.04,0.0,0.0,0.09232671272409514,0.0,0.0
2015-01-20,6.562158,587819707.0,0.0,3857365857.53,0.0,0.0,0.09232671272409514,0.0,0.0
2015-01-21,6.669081,587819707.0,0.0,3920217637.52,0.0,0.0,0.09232671272409514,0.0,0.0
2015-01-22,6.739229,587819707.0,0.0,3961451700.75,0.0,0.0,0.09232671272409514,0.0,0.0
2015-01-23,6.775382,587819707.0,0.0,3982703426.65,0.0,0.0,0.09232671272409514,0.0,0.0
2015-01-26,6.794599,587819707.0,0.0,3993999385.8,0.0,0.0,0.09232671272409514,0.0,0.0
2015-01-27,6.754112,585819707.0,-2000000.0,3956691988.45,-13508224.0,-0.003414019600067917,-0.8477733690426822,-2701644.799999982,-675411.200000003
2015-01-28,6.768143,583219707.0,-2600000.0,3947314698.5,-17597171.8,-0.004458010861583196,-1.1212950497409093,-6221079.159999982,-1555269.790000003
2015-01-29,6.752934,580019707.0,-3200000.0,3916835269.3,-21609388.8,-0.00551705326220215,-1.389589562857654,-10542956.919999983,-2635739.2300000032
2015-01-30,6.692241,578419707.0,-1600000.0,3870924543.69,-10707585.6,-0.0027661571490600226,-0.628869172791929,-12684474.039999982,-3171118.510000003
2015-02-02,6.724774,578419707.0,0.0,3889742189.5,0.0,0.0,0.1274773346377159,-12684474.039999982,-3171118.510000003
2015-02-03,6.813224,576819707.0,-1600000.0,3930001990.83,-10901158.4,-0.002773830248797844,-0.6236595322390234,-12163060.919999983,-3716176.4300000025
2015-02-04,6.801467,574819707.0,-2000000.0,3909617286.26,-13602934.0,-0.003479351814768748,-0.8061808839517414,-11364213.35999998,-4396323.130000003
2015-02-05,6.808277,574819707.0,0.0,3913531947.39,0.0,0.0,0.14112212208118782,-7042335.599999982,-4396323.130000003
2015-02-06,6.795853,574619707.0,-200000.0,3905031556.61,-1359170.6,-0.00034805623982714,0.04715209024336644,-5172652.599999982,-4464281.660000003
2015-02-09,6.779508,573219707.0,-1400000.0,3886148005.3,-9491311.2,-0.0024423442408924145,-0.5170062262105375,-7070914.839999981,-4938847.220000003
2015-02-10,6.771431,563619707.0,-9600000.0,3816512058.73,-65005737.599999994,-0.01703276096070599,-4.115821458058136,-17891830.67999998,-8189134.100000003
2015-02-11,6.760695,562619707.0,-1000000.0,3803700389.37,-6760695.0,-0.0017773994552498814,-0.2715976814913504,-16523382.87999998,-8527168.850000003
2015-02-12,6.782304,562619707.0,0.0,3815858219.37,0.0,0.0,0.17576804561112055,-16523382.87999998,-8527168.850000003
2015-02-13,6.827384,561619707.0,-1000000.0,3834393906.35,-6827384.0,-0.0017805640648169763,-0.2686125370989049,-17617025.55999998,-8868538.050000003
2015-02-16,6.810854,558019707.0,-3600000.0,3800591265.05,-24519074.4,-0.006451384190001139,-1.4184543770967961,-20622578.19999998,-10094491.770000001
2015-02-17,6.851582,558019707.0,0.0,3823317981.98,0.0,0.0,0.2321803695398677,-7621430.679999982,-10094491.770000001
2015-02-18,6.851382,558019707.0,0.0,3823206636.01,0.0,0.0,0.2321803695398677,-6269291.679999982,-10094491.770000001
2015-02-19,6.852888,555019707.0,-3000000.0,3803488096.17,-20558664.0,-0.005405213183315064,-2.519281721928173,-10381024.479999982,-11122424.970000003
2015-02-20,6.878969,554419707.0,-600000.0,3813836420.01,-4127381.4,-0.001082212487757715,-0.31597968795004977,-9841023.959999982,-11328794.040000003
2015-02-23,6.875624,553419707.0,-1000000.0,3805106238.58,-6875624.0,-0.0018069466577011696,-0.680836291648319,-6312333.879999982,-11672575.240000002
2015-02-24,6.912888,553419707.0,0.0,3825728655.23,0.0,0.0,0.24654628174485238,-6312333.879999982,-10997164.040000003
2015-02-25,6.898577,553419707.0,0.0,3817808606.76,0.0,0.0,0.24654628174485238,-6312333.879999982,-10117305.450000001
2015-02-26,6.894567,553419707.0,0.0,3815589367.0,0.0,0.0,0.24654628174485238,-2200601.0799999824,-9036836.010000002
2015-02-27,6.891436,553419707.0,0.0,3813856996.16,0.0,0.0,0.24654628174485238,-1375124.7999999821,-8501456.730000002
2015-03-02,6.885274,552819707.0,-600000.0,3806315226.12,-4131164.4,-0.0010853447900612105,-0.30745877027631124,-826232.8799999821,-8708014.950000003
2015-03-03,6.834159,552819707.0,0.0,3778058202.88,0.0,0.0,0.2511662179134529,-826232.8799999821,-8162957.030000003
2015-03-04,6.863929,552819707.0,0.0,3794515275.94,0.0,0.0,0.2511662179134529,-826232.8799999821,-7482810.330000003
2015-03-05,6.920256,552819707.0,0.0,3825654271.06,0.0,0.0,0.2511662179134529,-826232.8799999821,-7482810.330000003
2015-03-06,6.871404,552819707.0,0.0,3798647607.47,0.0,0.0,0.2511662179134529,-826232.8799999821,-7414851.800000003
2015-03-09,6.836128,549819707.0,-3000000.0,3758637976.94,-20508384.0,-0.005456333950176384,-2.4681879438588687,-4101676.799999982,-7965705.440000002
2015-03-10,6.665755,548819707.0,-1000000.0,3658298227.96,-6665755.0,-0.0018220917444767939,-0.6375640306196709,-5434827.799999982,-5048706.310000002
2015-03-11,6.684341,548819707.0,0.0,3668498168.36,0.0,0.0,0.27468176949657813,-5434827.799999982,-4710671.560000002
2015-03-12,6.731791,548819707.0,0.0,3694539786.98,0.0,0.0,0.27468176949657813,-5434827.799999982,-4710671.560000002
2015-03-13,6.711591,548819707.0,0.0,3683453708.04,0.0,0.0,0.27468176949657813,-5434827.799999982,-4369302.360000002
2015-03-16,6.774632,548819707.0,0.0,3718051719.55,0.0,0.0,0.27468176949657813,-1333150.999999982,-3143348.640000003
2015-03-17,6.808098,548819707.0,0.0,3736418436.65,0.0,0.0,0.27468176949657813,0.0,-3143348.640000003
2015-03-18,6.91522,548819707.0,0.0,3795209314.58,0.0,0.0,0.27468176949657813,0.0,-3143348.640000003
2015-03-19,6.94186,548419707.0,-400000.0,3807053059.58,-2776744.0,-0.0007293683477861312,-0.08746481927789194,-555348.7999999821,-2254252.640000003
2015-03-20,7.001419,547019707.0,-1400000.0,3829914670.33,-9801986.6,-0.002559322450689332,-0.9894245802476027,-2515746.119999982,-2537982.900000003
2015-03-23,7.016425,545019707.0,-2000000.0,3824090371.68,-14032850.0,-0.003669591624696643,-1.5136868957069356,-5322316.119999982,-2895844.200000003
2015-03-24,6.998833,545019707.0,0.0,3814502048.62,0.0,0.0,0.2997888513126138,-5322316.119999982,-2895844.200000003
2015-03-25,6.970133,545019707.0,0.0,3798859936.27,0.0,0.0,0.2997888513126138,-5322316.119999982,-2895844.200000003
2015-03-26,6.878368,545019707.0,0.0,3748846385.13,0.0,0.0,0.2997888513126138,-4766967.319999983,-2895844.200000003
2015-03-27,6.838178,545019707.0,0.0,3726942298.8,0.0,0.0,0.2997888513126138,-2806569.9999999823,-2895844.200000003
2015-03-30,6.874636,545019707.0,0.0,3746812550.64,0.0,0.0,0.2997888513126138,0.0,-2689285.9800000032
2015-03-31,6.756537,545019707.0,0.0,3682445842.37,0.0,0.0,0.2997888513126138,0.0,-2689285.9800000032
2015-04-01,6.792762,545019707.0,0.0,3702189247.16,0.0,0.0,0.2997888513126138,0.0,-2689285.9800000032
2015-04-02,6.819816,545019707.0,0.0,3716934278.26,0.0,0.0,0.2997888513126138,0.0,-2689285.9800000032
2015-04-06,6.819816,545019707.0,0.0,3716934278.26,0.0,0.0,0.2997888513126138,0.0,-2689285.9800000032
2015-04-07,6.94776,545019707.0,0.0,3786666571.35,0.0,0.0,0.2997888513126138,0.0,-1663866.780000003
2015-04-08,6.924881,544419707.0,-600000.0,3770041924.7,-4154928.6,-0.0011020908210007843,-0.24034751785514843,-830985.7199999822,-1538325.460000003
2015-04-09,7.004538,543619707.0,-800000.0,3807805046.63,-5603630.4,-0.0014716169371536889,-0.41678385691023995,-1951711.7999999821,-1818506.980000003
2015-04-10,7.079945,543619707.0,0.0,3848797966.66,0.0,0.0,0.31032354715704996,-1951711.7999999821,-1818506.980000003
2015-04-13,7.053501,543619707.0,0.0,3834422504.5,0.0,0.0,0.31032354715704996,-1951711.7999999821,-1818506.980000003
2015-04-14,7.064282,543619707.0,0.0,3840283147.82,0.0,0.0,0.31032354715704996,-1951711.7999999821,-1818506.980000003
2015-04-15,7.085798,543619707.0,0.0,3851979914.04,0.0,0.0,0.31032354715704996,-1120726.0799999821,-1818506.980000003
2015-04-16,7.054264,543619707.0,0.0,3834837044.12,0.0,0.0,0.31032354715704996,0.0,-1818506.980000003
2015-04-17,6.98832,543619707.0,0.0,3798988912.06,0.0,0.0,0.31032354715704996,0.0,-1679669.780000003
2015-04-20,7.045695,539619707.0,-4000000.0,3801996193.22,-28182780.0,-0.0074126270958023615,-3.1776515140059023,-5636555.999999982,-2598709.450000003
2015-04-21,7.056525,538819707.0,-800000.0,3802194951.62,-5645220.0,-0.0014847266044563925,-0.369819580178997,-6765599.999999982,-2179327.950000003
2015-04-22,7.02179,538819707.0,0.0,3783479263.27,0.0,0.0,0.3318743373576634,-6765599.999999982,-2179327.950000003
2015-04-23,7.056891,537419707.0,-1400000.0,3792512656.31,-9879647.4,-0.0026050400605947084,-0.8864778942530681,-8741529.479999982,-2673310.320000003
2015-04-24,7.073952,537419707.0,0.0,3801681455.52,0.0,0.0,0.3411521958654557,-8741529.479999982,-2673310.320000003
2015-04-27,7.106999,537419707.0,0.0,3819441841.41,0.0,0.0,0.3411521958654557,-3104973.4799999823,-2673310.320000003
2015-04-28,7.033437,537419707.0,0.0,3779908142.0,0.0,0.0,0.3411521958654557,-1975929.4799999823,-2673310.320000003
2015-04-29,6.949425,537419707.0,0.0,3734758024.46,0.0,0.0,0.3411521958654557,-1975929.4799999823,-2673310.320000003
2015-04-30,6.968605,537419707.0,0.0,3745065919.25,0.0,0.0,0.3411521958654557,0.0,-2673310.320000003
2015-05-01,6.993911,537419707.0,0.0,3758666010.71,0.0,0.0,0.3411521958654557,0.0,-2673310.320000003
2015-05-04,6.993911,537419707.0,0.0,3758666010.71,0.0,0.0,0.3411521958654557,0.0,-2673310.320000003
2015-05-05,6.935774,537419707.0,0.0,3727421683.24,0.0,0.0,0.3411521958654557,0.0,-2673310.320000003
2015-05-06,6.941722,537419707.0,0.0,3730618447.32,0.0,0.0,0.3411521958654557,0.0,-2465563.890000003
2015-05-07,6.901826,535019707.0,-2400000.0,3692613147.17,-16564382.4,-0.004485815800307936,-1.7335432182386854,-3312876.4799999823,-3013601.490000003
2015-05-08,7.061448,535019707.0,0.0,3778013979.5,0.0,0.0,0.3543456008876403,-3312876.4799999823,-3013601.490000003
2015-05-11,7.044424,535019707.0,0.0,3768906027.71,0.0,0.0,0.3543456008876403,-3312876.4799999823,-3013601.490000003
2015-05-12,6.948196,535019707.0,0.0,3717421865.32,0.0,0.0,0.3543456008876403,-3312876.4799999823,-3013601.490000003
2015-05-13,6.963919,535019707.0,0.0,3725834295.47,0.0,0.0,0.3543456008876403,-3312876.4799999823,-3013601.490000003
2015-05-14,6.999556,535019707.0,0.0,3744900755.35,0.0,0.0,0.3543456008876403,0.0,-3013601.490000003
2015-05-15,6.986959,535019707.0,0.0,3738160852.35,0.0,0.0,0.3543456008876403,0.0,-3013601.490000003
2015-05-18,6.995617,535019707.0,0.0,3742793033.91,0.0,0.0,0.3710215367210266,0.0,-1604462.490000003
2015-05-19,7.021668,535019707.0,0.0,3756730904.98,0.0,0.0,0.3710215367210266,0.0,-1322201.490000003
2015-05-20,7.033854,535019707.0,0.0,3763250584.59,0.0,0.0,0.3710215367210266,0.0,-1322201.490000003
2015-05-21,7.045539,535019707.0,0.0,3769502482.13,0.0,0.0,0.3710215367210266,0.0,-828219.120000003
2015-05-22,7.064042,535019707.0,0.0,3779401999.18,0.0,0.0,0.3710215367210266,0.0,-828219.120000003
2015-05-25,7.064042,535019707.0,0.0,3779401999.18,0.0,0.0,0.3710215367210266,0.0,-828219.120000003
2015-05-26,6.980889,535019707.0,0.0,3734913337.37,0.0,0.0,0.3710215367210266,0.0,-828219.120000003
2015-05-27,7.065571,535019707.0,0.0,3780220139.48,0.0,0.0,0.3710215367210266,0.0,-828219.120000003
2015-05-28,6.980376,538019707.0,3000000.0,3755580005.28,20941128.0,0.005576003698645402,2.87397802188104,4188225.600000018,218837.279999997
2015-05-29,6.924373,538019707.0,0.0,3725449193.47,0.0,0.0,0.33686785146702,4188225.600000018,218837.279999997
2015-06-01,6.893781,538019707.0,0.0,3708990208.97,0.0,0.0,0.33686785146702,4188225.600000018,218837.279999997
2015-06-02,6.868646,538019707.0,0.0,3695467418.87,0.0,0.0,0.33686785146702,4188225.600000018,218837.279999997
2015-06-03,6.890692,538019707.0,0.0,3707328104.81,0.0,0.0,0.33686785146702,4188225.600000018,218837.279999997
2015-06-04,6.805801,538019707.0,0.0,3661655585.44,0.0,0.0,0.33686785146702,0.0,1047056.399999997
2015-06-05,6.751701,538019707.0,0.0,3632548198.45,0.0,0.0,0.33686785146702,0.0,1047056.399999997
2015-06-08,6.73721,538019707.0,0.0,3624752237.47,0.0,0.0,0.33686785146702,0.0,1047056.399999997
2015-06-09,6.701109,538019707.0,0.0,3605328951.49,0.0,0.0,0.33686785146702,0.0,1047056.399999997
2015-06-10,6.776717,538019707.0,0.0,3646007529.21,0.0,0.0,0.33686785146702,0.0,1047056.399999997
2015-06-11,6.801484,538019707.0,0.0,3659332641.7,0.0,0.0,0.33686785146702,0.0,1047056.399999997
2015-06-12,6.740179,538019707.0,0.0,3626349398.11,0.0,0.0,0.33686785146702,0.0,1047056.399999997
2015-06-15,6.666233,538019707.0,0.0,3586564835.96,0.0,0.0,0.33686785146702,0.0,1047056.399999997
2015-06-16,6.665749,538019707.0,0.0,3586304350.16,0.0,0.0,0.33686785146702,0.0,1047056.399999997
2015-06-17,6.636414,538019707.0,0.0,3570521680.04,0.0,0.0,0.33686785146702,0.0,1047056.399999997
2015-06-18,6.664236,538019707.0,0.0,3585490322.01,0.0,0.0,0.33686785146702,0.0,1047056.399999997
2015-06-19,6.666671,538019707.0,0.0,3586800825.87,0.0,0.0,0.33686785146702,0.0,1047056.399999997
2015-06-22,6.781063,538019707.0,0.0,3648346027.06,0.0,0.0,0.33686785146702,0.0,1047056.399999997
2015-06-23,6.790169,538019707.0,0.0,3653245209.92,0.0,0.0,0.33686785146702,0.0,1047056.399999997
2015-06-24,6.800002,538019707.0,0.0,3658535264.83,0.0,0.0,0.33686785146702,0.0,1047056.399999997
2015-06-25,6.765237,538019707.0,0.0,3639831075.91,0.0,0.0,0.33686785146702,0.0,0.0
2015-06-26,6.711419,538019707.0,0.0,3610876101.77,0.0,0.0,0.33686785146702,0.0,0.0
2015-06-29,6.579035,538019707.0,0.0,3539650534.08,0.0,0.0,0.33686785146702,0.0,0.0
2015-06-30,6.480269,538419707.0,400000.0,3489104957.28,2592107.6,0.0007429147680385999,0.6711199196949956,518421.5200000179,129605.37999999702
2015-07-01,6.567076,539819707.0,1400000.0,3545037228.72,9193906.4,0.0025934583494683435,1.488634548004733,2357202.800000018,589300.699999997
2015-07-02,6.590524,539819707.0,0.0,3557694811.43,0.0,0.0,0.32085075786058515,2357202.800000018,589300.699999997
2015-07-03,6.546111,539819707.0,0.0,3533719858.54,0.0,0.0,0.32085075786058515,2357202.800000018,589300.699999997
2015-07-06,6.496227,539819707.0,0.0,3506791498.96,0.0,0.0,0.32085075786058515,2357202.800000018,589300.699999997
2015-07-07,6.39344,545219707.0,5400000.0,3485829960.32,34524576.0,0.009904262799104129,4.3486368546835745,8743696.480000017,2315529.499999997
2015-07-08,6.451505,545219707.0,0.0,3517487676.09,0.0,0.0,0.2600780946529425,6904915.200000018,2315529.499999997
2015-07-09,6.542425,545219707.0,0.0,3567059404.56,0.0,0.0,0.2600780946529425,6904915.200000018,2315529.499999997
2015-07-10,6.633641,545219707.0,0.0,3616791977.01,0.0,0.0,0.2600780946529425,6904915.200000018,2315529.499999997
2015-07-13,6.697697,545219707.0,0.0,3651716606.63,0.0,0.0,0.2600780946529425,6904915.200000018,2315529.499999997
2015-07-14,6.713406,545219707.0,0.0,3660281351.14,0.0,0.0,0.2600780946529425,0.0,2315529.499999997
2015-07-15,6.713503,546219707.0,1000000.0,3667047828.63,6713503.0,0.0018307650496361667,0.9991678108779973,1342700.6000000178,2651204.649999997
2015-07-16,6.75585,546219707.0,0.0,3690178629.0,0.0,0.0,0.2294662835680127,1342700.6000000178,2651204.649999997
2015-07-17,6.734561,546219707.0,0.0,3678550292.52,0.0,0.0,0.21416111430617202,1342700.6000000178,2651204.649999997
2015-07-20,6.748085,546219707.0,0.0,3685937113.27,0.0,0.0,0.2051216747210915,1342700.6000000178,2651204.649999997
2015-07-21,6.728507,546219707.0,0.0,3675243185.12,0.0,0.0,0.2051216747210915,1342700.6000000178,2651204.649999997
2015-07-22,6.627422,546219707.0,0.0,3620028872.82,0.0,0.0,0.1960138204249849,0.0,2651204.649999997
2015-07-23,6.617464,546219707.0,0.0,3614589342.31,0.0,0.0,0.1848725545474687,0.0,2651204.649999997
2015-07-24,6.542698,546219707.0,0.0,3573750858.54,0.0,0.0,0.1848725545474687,0.0,2651204.649999997
2015-07-27,6.468527,546219707.0,0.0,3533237118.5,0.0,0.0,0.1835944974407004,0.0,2651204.649999997
2015-07-28,6.518327,546219707.0,0.0,3560438860.78,0.0,0.0,0.1753469289599976,0.0,2521599.2699999968
2015-07-29,6.593538,547619707.0,1400000.0,3610751389.87,9230953.2,0.002556518630969037,1.6015804622638288,1846190.6400000178,2523451.609999997
2015-07-30,6.631281,548219707.0,600000.0,3635399220.59,3978768.6,0.0010944516292640547,0.7516723974257269,2641944.3600000176,2722390.039999997
2015-07-31,6.658548,549019707.0,800000.0,3655674292.54,5326838.399999999,0.001457142506067973,0.9489224674193121,3707312.0400000177,2988731.959999997
2015-08-03,6.650779,549019707.0,0.0,3651409233.31,0.0,0.0,0.10916373545343339,3707312.0400000177,2988731.959999997
2015-08-04,6.648736,549019707.0,0.0,3650287215.41,0.0,0.0,0.08302577139292805,3707312.0400000177,1262503.159999997
2015-08-05,6.714173,549019707.0,0.0,3686213709.63,0.0,0.0,0.08302577139292805,1861121.4000000178,1262503.159999997
2015-08-06,6.718569,549619707.0,600000.0,3692658329.91,4031141.4,0.001091663793356763,0.7380890599275873,1871595.9600000181,1464060.229999997
2015-08-07,6.690181,549619707.0,0.0,3677055669.94,0.0,0.0,0.05238145329874511,806228.2800000178,1464060.229999997
2015-08-10,6.707673,549619707.0,0.0,3686669670.93,0.0,0.0,0.04674936479168712,806228.2800000178,1464060.229999997
2015-08-11,6.636342,549619707.0,0.0,3647464528.43,0.0,0.0,0.03738933617218843,806228.2800000178,1464060.229999997
2015-08-12,6.543244,549819707.0,200000.0,3597604705.74,1308648.7999999998,0.00036375558379497417,0.26731102304032306,1067958.0400000177,1193817.519999997
2015-08-13,6.575255,553619707.0,3800000.0,3640190837.29,24985969.0,0.006863917337532012,4.057609809218109,5258923.560000018,2443115.969999997
2015-08-14,6.557734,555019707.0,1400000.0,3639671923.2,9180827.6,0.0025224327339724113,1.4646181479570037,7095089.080000018,2902157.349999997
2015-08-17,6.55727,555019707.0,0.0,3639414599.97,0.0,0.0,-0.013247520520734683,7095089.080000018,2902157.349999997
2015-08-18,6.533213,555019707.0,0.0,3626062402.75,0.0,0.0,-0.018579791959946614,7095089.080000018,2902157.349999997
2015-08-19,6.41017,555019707.0,0.0,3557770724.89,0.0,0.0,-0.018579791959946614,6833359.320000018,2902157.349999997
2015-08-20,6.379921,555019707.0,0.0,3540982284.57,0.0,0.0,-0.018579791959946614,1836165.5200000177,2902157.349999997
2015-08-21,6.199739,556019707.0,1000000.0,3447177436.27,6199739.0,0.0017984972095629618,1.023654281944353,1239947.800000018,3212144.299999997
2015-08-24,5.910442,556019707.0,0.0,3286322305.34,0.0,0.0,-0.02725471937634009,1239947.800000018,3212144.299999997
2015-08-25,6.093197,556019707.0,0.0,3387937935.73,0.0,0.0,-0.05634812130574735,1239947.800000018,3212144.299999997
2015-08-26,5.991147,566619707.0,10600000.0,3394702464.52,63506158.199999996,0.018707429845101185,7.847569891011885,13941179.440000016,5925904.549999997
2015-08-27,6.151838,569619707.0,3000000.0,3504208723.03,18455514.0,0.005266670868863652,2.071569766761123,17632282.240000017,6649741.8199999975
2015-08-28,6.207063,569619707.0,0.0,3535665823.64,0.0,0.0,-0.12826445167137152,16392334.440000016,6383399.899999997
2015-08-31,6.207001,570219707.0,600000.0,3539354310.01,3724200.6,0.0010522259920311503,0.30747518587347733,17137174.560000017,6569609.929999997
2015-09-01,6.019025,570219707.0,0.0,3432166703.68,0.0,0.0,-0.13188332162549657,17137174.560000017,6569609.929999997
2015-09-02,6.043851,572619707.0,2400000.0,3460828274.16,14505242.4,0.004191263261544135,1.586523647445999,7336991.400000018,7294872.049999997
2015-09-03,6.154679,573419707.0,800000.0,3529214388.67,4923743.2,0.001395138593962135,0.42633746967957586,4630637.240000018,7339502.139999996
2015-09-04,6.004621,573419707.0,0.0,3443168165.96,0.0,0.0,-0.1522335516542697,4630637.240000018,7339502.139999996
2015-09-07,6.035784,574419707.0,1000000.0,3467073380.47,6035784.0,0.0017408872953193115,0.554918987475318,5092953.920000018,7641291.339999996
2015-09-08,6.106808,577219707.0,2800000.0,3524970453.4,17099062.4,0.0048508385037687755,1.8132602090449481,8512766.400000017,8496244.459999997
2015-09-09,6.18902,577219707.0,0.0,3572424867.16,0.0,0.0,-0.19697723152212424,5611717.920000018,8430812.019999998
2015-09-10,6.122119,577219707.0,0.0,3533808072.12,0.0,0.0,-0.19697723152212424,4626969.280000018,7181513.5699999975
2015-09-11,6.084946,578419707.0,1200000.0,3519652990.48,7301935.2,0.002074617929594299,0.6545178271235741,6087356.320000017,7087568.949999997
2015-09-14,6.052039,578419707.0,0.0,3500618946.05,0.0,0.0,-0.20380438957874344,4880199.520000017,7087568.949999997
2015-09-15,6.104709,578419707.0,0.0,3531084500.06,0.0,0.0,-0.20380438957874344,1460387.040000018,7087568.949999997
2015-09-16,6.195653,578419707.0,0.0,3583687947.42,0.0,0.0,-0.20380438957874344,1460387.040000018,7087568.949999997
2015-09-17,6.153806,578419707.0,0.0,3559482815.65,0.0,0.0,-0.20380438957874344,1460387.040000018,7087568.949999997
2015-09-18,6.071086,578419707.0,0.0,3511635986.68,0.0,0.0,-0.20380438957874344,0.0,6777581.999999997
2015-09-21,6.075779,578419707.0,0.0,3514350328.38,0.0,0.0,-0.20380438957874344,0.0,6777581.999999997
2015-09-22,5.903894,579019707.0,600000.0,3418471452.57,3542336.4,0.0010362340154506419,0.22133235747834298,708467.2800000178,6954698.8199999975
2015-09-23,5.999648,579219707.0,200000.0,3475114495.95,1199929.5999999999,0.0003452921051661558,-0.06963737575931671,948453.2000000179,3839387.389999997
2015-09-24,5.929661,579219707.0,0.0,3434576562.94,0.0,0.0,-0.2184192824400623,948453.2000000179,2916611.6899999967
2015-09-25,6.07651,581219707.0,2000000.0,3531787653.88,12153020.0,0.003441039267082993,1.1927030257336826,3379057.200000018,3524262.6899999967
2015-09-28,5.927158,581219707.0,0.0,3444981095.96,0.0,0.0,-0.22899015394283667,3379057.200000018,3338052.659999997
2015-09-29,5.877864,582019707.0,800000.0,3421033105.7,4702291.2,0.001374523734413799,0.33408913233019416,3611048.160000018,3573167.2199999965
2015-09-30,6.029177,583019707.0,1000000.0,3515129538.41,6029177.0,0.0017152076286574577,0.46857815780634915,4576897.640000018,3149363.949999997
2015-10-01,6.041504,586819707.0,3800000.0,3545273973.09,22957715.2,0.006475582810879479,2.3544782624882075,9168440.680000018,4051062.549999997
2015-10-02,6.098646,587819707.0,1000000.0,3584904648.35,6098646.0,0.0017012017328848572,0.42423550829028406,7957565.880000019,4355994.849999997
2015-10-05,6.266453,587819707.0,0.0,3683544704.1,0.0,0.0,-0.2995778372938763,7957565.880000019,4054205.649999997
2015-10-06,6.29368,587819707.0,0.0,3699549326.66,0.0,0.0,-0.305791636495827,7017107.640000018,3199252.529999997
2015-10-07,6.303638,587819707.0,0.0,3705403125.96,0.0,0.0,-0.305791636495827,5811272.240000018,3199252.5299999965
2015-10-08,6.344643,587819707.0,0.0,3729506363.0,0.0,0.0,-0.3175289922117128,1219729.2000000179,3199252.5299999965
2015-10-09,6.385784,587819707.0,0.0,3753690032.98,0.0,0.0,-0.3175289922117128,0.0,2834155.7699999968
2015-10-12,6.340966,587819707.0,0.0,3727344931.39,0.0,0.0,-0.3175289922117128,0.0,2834155.7699999968
2015-10-13,6.312181,587819707.0,0.0,3710424461.78,0.0,0.0,-0.3175289922117128,0.0,2834155.7699999968
2015-10-14,6.239928,587819707.0,0.0,3667953167.87,0.0,0.0,-0.3175289922117128,0.0,2834155.7699999968
2015-10-15,6.308554,587819707.0,0.0,3708292903.56,0.0,0.0,-0.3175289922117128,0.0,2834155.7699999968
2015-10-16,6.347665,587819707.0,0.0,3731283014.25,0.0,0.0,-0.3175289922117128,0.0,2834155.7699999968
2015-10-19,6.321976,587819707.0,0.0,3716182470.71,0.0,0.0,-0.3175289922117128,0.0,2834155.7699999968
2015-10-20,6.314918,587819707.0,0.0,3712033471.47,0.0,0.0,-0.3175289922117128,0.0,2657038.949999997
2015-10-21,6.318052,587819707.0,0.0,3713875639.61,0.0,0.0,-0.3175289922117128,0.0,2597042.469999997
2015-10-22,6.354086,587819707.0,0.0,3735057014.26,0.0,0.0,-0.34058637412952836,0.0,2597042.469999997
2015-10-23,6.42163,587819707.0,0.0,3774760927.57,0.0,0.0,-0.34058637412952836,0.0,1989391.469999997
2015-10-26,6.394734,587819707.0,0.0,3758950877.86,0.0,0.0,-0.34058637412952836,0.0,1989391.469999997
2015-10-27,6.343169,587819707.0,0.0,3728640291.95,0.0,0.0,-0.34058637412952836,0.0,1754276.909999997
2015-10-28,6.415438,587819707.0,0.0,3771120901.23,0.0,0.0,-0.34058637412952836,0.0,1452818.059999997
2015-10-29,6.375137,587819707.0,0.0,3747431577.49,0.0,0.0,-0.34058637412952836,0.0,304932.299999997
2015-10-30,6.340337,587819707.0,0.0,3726975197.03,0.0,0.0,-0.34058637412952836,0.0,0.0
2015-11-02,6.341219,587819707.0,0.0,3727494045.56,0.0,0.0,-0.34058637412952836,0.0,0.0
2015-11-03,6.362861,587819707.0,0.0,3740215447.82,0.0,0.0,-0.34058637412952836,0.0,0.0
2015-11-04,6.392159,587819707.0,0.0,3757437470.24,0.0,0.0,-0.34058637412952836,0.0,0.0
2015-11-05,6.349602,587819707.0,0.0,3732421647.35,0.0,0.0,-0.34058637412952836,0.0,0.0
2015-11-06,6.338673,587819707.0,0.0,3725997163.02,0.0,0.0,-0.34058637412952836,0.0,0.0
2015-11-09,6.280167,587819707.0,0.0,3691605995.42,0.0,0.0,-0.34058637412952836,0.0,0.0
2015-11-10,6.260262,587819707.0,0.0,3679905633.06,0.0,0.0,-0.34058637412952836,0.0,0.0
2015-11-11,6.282063,587819707.0,0.0,3692720462.8,0.0,0.0,-0.34058637412952836,0.0,0.0
2015-11-12,6.174726,587819707.0,0.0,3629625871.68,0.0,0.0,-0.32628282349682003,0.0,0.0
2015-11-13,6.114253,587819707.0,0.0,3594078410.56,0.0,0.0,-0.32628282349682003,0.0,0.0
2015-11-16,6.142193,587819707.0,0.0,3610502664.59,0.0,0.0,-0.32628282349682003,0.0,0.0
2015-11-17,6.264452,587819707.0,0.0,3682368423.68,0.0,0.0,-0.32628282349682003,0.0,0.0
2015-11-18,6.274816,587819707.0,0.0,3688460519.47,0.0,0.0,-0.32628282349682003,0.0,0.0
2015-11-19,6.332069,587819707.0,0.0,3722115341.91,0.0,0.0,-0.32628282349682003,0.0,0.0
2015-11-20,6.336764,587819707.0,0.0,3724874869.91,0.0,0.0,-0.32628282349682003,0.0,0.0
2015-11-23,6.307791,587819707.0,0.0,3707844227.54,0.0,0.0,-0.32628282349682003,0.0,0.0
2015-11-24,6.279475,587819707.0,0.0,3691199564.67,0.0,0.0,-0.32628282349682003,0.0,0.0
2015-11-25,6.339815,587819707.0,0.0,3726668264.2,0.0,0.0,-0.32628282349682003,0.0,0.0
2015-11-26,6.398207,587819707.0,0.0,3760992589.3,0.0,0.0,-0.32628282349682003,0.0,0.0
2015-11-27,6.380296,587819707.0,0.0,3750463855.16,0.0,0.0,-0.32628282349682003,0.0,0.0
2015-11-30,6.361075,587819707.0,0.0,3739165555.36,0.0,0.0,-0.32628282349682003,0.0,0.0
2015-12-01,6.40074,587819707.0,0.0,3762481152.25,0.0,0.0,-0.32628282349682003,0.0,0.0
2015-12-02,6.426145,587819707.0,0.0,3777415193.49,0.0,0.0,-0.32628282349682003,0.0,0.0
2015-12-03,6.281227,587819707.0,0.0,3692229295.25,0.0,0.0,-0.32628282349682003,0.0,0.0
2015-12-04,6.244273,587819707.0,0.0,3670507054.84,0.0,0.0,-0.32628282349682003,0.0,0.0
2015-12-07,6.229963,587819707.0,0.0,3662095206.36,0.0,0.0,-0.32628282349682003,0.0,0.0
2015-12-08,6.14179,587819707.0,0.0,3610265382.07,0.0,0.0,-0.32628282349682003,0.0,0.0
2015-12-09,6.133119,587819707.0,0.0,3605168644.37,0.0,0.0,-0.32628282349682003,0.0,0.0
2015-12-10,6.009313,591219707.0,3400000.0,3552824591.07,20431664.2,0.005750822669758266,2.162535938061155,4086332.8400000175,1021583.2099999969
2015-12-11,5.875839,591219707.0,0.0,3473912178.8,0.0,0.0,-0.3407574301913019,4086332.8400000175,1021583.2099999969
2015-12-14,5.798084,591219707.0,0.0,3427941703.24,0.0,0.0,-0.3407574301913019,4086332.8400000175,1021583.2099999969
2015-12-15,5.939947,592019707.0,800000.0,3516565688.68,4751957.6,0.0013513063655534114,0.24518782390279215,5036724.360000017,1259181.0899999968
2015-12-16,5.982731,593219707.0,1200000.0,3549074270.91,7179277.2,0.0020228591040894724,0.5402528080837611,6472579.8000000175,1618144.949999997
2015-12-17,6.024449,594019707.0,800000.0,3578641780.3,4819559.2,0.001346756533870225,0.2407858575090069,3350158.800000018,1859122.9099999971
2015-12-18,5.974778,594419707.0,400000.0,3551526181.89,2389911.1999999997,0.0006729251250312257,-0.055404893994923654,3828141.0400000177,1978618.469999997
2015-12-21,5.957336,594419707.0,0.0,3541158504.2,0.0,0.0,-0.34887410612252323,3828141.0400000177,1978618.469999997
2015-12-22,6.004781,594419707.0,0.0,3569360408.0,0.0,0.0,-0.33597540004326976,2877749.5200000177,1978618.469999997
2015-12-23,6.160681,595019707.0,600000.0,3665726891.17,3696408.6,0.001008369883993242,0.1323646363449694,2181175.800000018,2163438.899999997
2015-12-24,6.175757,595019707.0,0.0,3674697644.47,0.0,0.0,-0.34004802068745094,1217263.960000018,2163438.899999997
2015-12-28,6.175757,595019707.0,0.0,3674697644.47,0.0,0.0,-0.34004802068745094,739281.7200000179,2163438.899999997
2015-12-29,6.234778,595019707.0,0.0,3709816200.86,0.0,0.0,-0.34004802068745094,739281.7200000179,2163438.899999997
2015-12-30,6.194847,596219707.0,1200000.0,3693490406.36,7433816.4,0.0020126805763998608,0.5944177481128832,2226045.0000000177,2535129.719999997
2015-12-31,6.163963,596219707.0,0.0,3675076717.15,0.0,0.0,-0.340621675388214,1486763.280000018,2535129.719999997
2016-01-01,6.163963,596219707.0,0.0,3675076717.15,0.0,0.0,-0.340621675388214,1486763.280000018,2535129.719999997
2016-01-04,6.016772,596219707.0,0.0,3587318369.54,0.0,0.0,-0.340621675388214,1486763.280000018,2535129.719999997
2016-01-05,6.06004,596219707.0,0.0,3613115692.61,0.0,0.0,-0.340621675388214,1486763.280000018,2535129.719999997
2016-01-06,5.996909,596219707.0,0.0,3575475659.17,0.0,0.0,-0.340621675388214,0.0,2535129.719999997
2016-01-07,5.879945,596219707.0,0.0,3505739441.71,0.0,0.0,-0.340621675388214,0.0,2535129.719999997
2016-01-08,5.838926,596219707.0,0.0,3481283179.64,0.0,0.0,-0.340621675388214,0.0,1513546.509999997
2016-01-11,5.798801,596219707.0,0.0,3457359756.93,0.0,0.0,-0.340621675388214,0.0,1513546.509999997
2016-01-12,5.855397,596219707.0,0.0,3491103092.42,0.0,0.0,-0.340621675388214,0.0,1513546.509999997
2016-01-13,5.886616,596219707.0,0.0,3509716484.98,0.0,0.0,-0.340621675388214,0.0,1275948.629999997
2016-01-14,5.844657,596219707.0,0.0,3484700252.51,0.0,0.0,-0.33152308204251185,0.0,916984.769999997
2016-01-15,5.731776,596219707.0,0.0,3417397968.52,0.0,0.0,-0.32713829240454495,0.0,676006.809999997
2016-01-18,5.707976,596219707.0,0.0,3403208312.46,0.0,0.0,-0.3214711396905376,0.0,556511.249999997
2016-01-19,5.803564,596219707.0,0.0,3460199813.23,0.0,0.0,-0.3214711396905376,0.0,556511.249999997
2016-01-20,5.602827,596219707.0,0.0,3340516222.24,0.0,0.0,-0.3214711396905376,0.0,556511.249999997
2016-01-21,5.704093,596219707.0,0.0,3400892755.02,0.0,0.0,-0.3214711396905376,0.0,371690.81999999704
2016-01-22,5.828909,596219707.0,0.0,3475310681.7,0.0,0.0,-0.317114316160588,0.0,371690.81999999704
2016-01-25,5.806062,596219707.0,0.0,3461688806.75,0.0,0.0,-0.317114316160588,0.0,371690.81999999704
2016-01-26,5.840154,596219707.0,0.0,3482015116.58,0.0,0.0,-0.317114316160588,0.0,371690.81999999704
2016-01-27,5.917906,596819707.0,600000.0,3531923295.89,3550743.6,0.0010053286276437263,0.1508255253392653,710148.7200000179,177537.17999999702
2016-01-28,5.860168,601419707.0,4600000.0,3524420582.42,26956772.8,0.007648568656777752,3.106143586215565,6101503.280000018,1525375.819999997
2016-01-29,6.010175,601419707.0,0.0,3614637913.73,0.0,0.0,-0.31965338591300263,6101503.280000018,1525375.819999997
2016-02-01,5.986868,601419707.0,0.0,3600620881.17,0.0,0.0,-0.31071368659855414,6101503.280000018,1525375.819999997
2016-02-02,5.850427,601419707.0,0.0,3518562500.44,0.0,0.0,-0.31071368659855414,6101503.280000018,1525375.819999997
2016-02-03,5.766646,601419707.0,0.0,3468174740.72,0.0,0.0,-0.31071368659855414,5391354.560000018,1525375.819999997
2016-02-04,5.830408,602419707.0,1000000.0,3512353013.97,5830408.0,0.0016599720975682655,0.4564184145425752,1166081.6000000178,1816896.2199999974
2016-02-05,5.780244,602419707.0,0.0,3482133419.98,0.0,0.0,-0.3170116310871528,1166081.6000000178,1816896.2199999974
2016-02-08,5.623375,602419707.0,0.0,3387632226.6,0.0,0.0,-0.3102590293871435,1166081.6000000178,1816896.2199999974
2016-02-09,5.56698,602419707.0,0.0,3353658838.71,0.0,0.0,-0.3102590293871435,1166081.6000000178,1816896.2199999974
2016-02-10,5.607126,602419707.0,0.0,3377843351.54,0.0,0.0,-0.3102590293871435,1166081.6000000178,1816896.2199999974
2016-02-11,5.478542,606419707.0,4000000.0,3322296168.92,21914168.0,0.006596091042396072,4.114091393652993,4382833.600000018,2912604.6199999973
2016-02-12,5.647093,606419707.0,0.0,3424508636.39,0.0,0.0,-0.3714321245226622,4382833.600000018,2912604.6199999973
2016-02-15,5.762799,606419707.0,0.0,3494675025.28,0.0,0.0,-0.3714321245226622,4382833.600000018,2912604.6199999973
2016-02-16,5.80006,606419707.0,0.0,3517270806.2,0.0,0.0,-0.36519210742552205,4382833.600000018,2912604.6199999973
2016-02-17,5.966364,606419707.0,0.0,3618120970.78,0.0,0.0,-0.36519210742552205,4382833.600000018,2912604.6199999973
2016-02-18,5.928703,606419707.0,0.0,3595282474.97,0.0,0.0,-0.35048301300561946,0.0,2912604.6199999973
2016-02-19,5.907073,606419707.0,0.0,3582166016.51,0.0,0.0,-0.3424299642797399,0.0,2912604.6199999973
2016-02-22,5.99428,606419707.0,0.0,3635049564.71,0.0,0.0,-0.3424299642797399,0.0,2912604.6199999973
2016-02-23,5.919705,606419707.0,0.0,3589825780.9,0.0,0.0,-0.33284219569883494,0.0,2912604.6199999973
2016-02-24,5.825297,606419707.0,0.0,3532575152.66,0.0,0.0,-0.31739232557164426,0.0,2735067.4399999967
2016-02-25,5.976397,606419707.0,0.0,3624205439.12,0.0,0.0,-0.31739232557164426,0.0,1387228.799999997
2016-02-26,6.059245,606419707.0,0.0,3674446174.94,0.0,0.0,-0.31739232557164426,0.0,1387228.799999997
2016-02-29,6.059797,606419707.0,0.0,3674780386.94,0.0,0.0,-0.3060554997836555,0.0,1387228.799999997
2016-03-01,6.115419,606419707.0,0.0,3708511004.6,0.0,0.0,-0.3060554997836555,0.0,1387228.799999997
2016-03-02,6.109503,606419707.0,0.0,3704923181.8,0.0,0.0,-0.3060554997836555,0.0,1387228.799999997
2016-03-03,6.10431,606419707.0,0.0,3701774449.43,0.0,0.0,-0.3060554997836555,0.0,1095708.399999997
2016-03-04,6.172948,606419707.0,0.0,3743397703.36,0.0,0.0,-0.3060554997836555,0.0,1095708.399999997
2016-03-07,6.156221,606419707.0,0.0,3733254206.8,0.0,0.0,-0.3060554997836555,0.0,1095708.399999997
2016-03-08,6.099587,606419707.0,0.0,3698910216.89,0.0,0.0,-0.3060554997836555,0.0,1095708.399999997
2016-03-09,6.120469,606419707.0,0.0,3711573082.81,0.0,0.0,-0.29953602033756166,0.0,1095708.399999997
2016-03-10,5.969422,606419707.0,0.0,3619975714.44,0.0,0.0,-0.2971837632426586,0.0,0.0
2016-03-11,6.07106,606419707.0,0.0,3681610857.43,0.0,0.0,-0.2971837632426586,0.0,0.0
2016-03-14,6.105526,606419707.0,0.0,3702511366.87,0.0,0.0,-0.28161550736432156,0.0,0.0
2016-03-15,6.071624,606419707.0,0.0,3681952863.21,0.0,0.0,-0.28161550736432156,0.0,0.0
2016-03-16,6.106827,606419707.0,0.0,3703300577.71,0.0,0.0,-0.27315808822917614,0.0,0.0
2016-03-17,6.139493,606419707.0,0.0,3723109789.81,0.0,0.0,-0.26299481453207885,0.0,0.0
2016-03-18,6.128336,606419707.0,0.0,3716343950.65,0.0,0.0,-0.2465598432030465,0.0,0.0
2016-03-21,6.123293,606419707.0,0.0,3713285854.07,0.0,0.0,-0.23537097692300457,0.0,0.0
2016-03-22,6.131527,606419707.0,0.0,3718279341.89,0.0,0.0,-0.23537097692300457,0.0,0.0
2016-03-23,6.137932,606419707.0,0.0,3722163150.08,0.0,0.0,-0.23537097692300457,0.0,0.0
2016-03-24,6.049602,606419707.0,0.0,3668597982.52,0.0,0.0,-0.23537097692300457,0.0,0.0
2016-03-28,6.049602,606419707.0,0.0,3668597982.52,0.0,0.0,-0.23537097692300457,0.0,0.0
2016-03-29,6.048638,606419707.0,0.0,3668013605.1,0.0,0.0,-0.23537097692300457,0.0,0.0
2016-03-30,6.144991,606419707.0,0.0,3726443957.93,0.0,0.0,-0.23537097692300457,0.0,0.0
2016-03-31,6.119022,606419707.0,0.0,3710696117.37,0.0,0.0,-0.23537097692300457,0.0,0.0
2016-04-01,6.090601,606419707.0,0.0,3693460522.36,0.0,0.0,-0.23537097692300457,0.0,0.0
2016-04-04,6.108925,606419707.0,0.0,3704572714.7,0.0,0.0,-0.23537097692300457,0.0,0.0
2016-04-05,6.036376,606419707.0,0.0,3660577813.65,0.0,0.0,-0.23537097692300457,0.0,0.0
2016-04-06,6.106023,606419707.0,0.0,3702812983.31,0.0,0.0,-0.23537097692300457,0.0,0.0
2016-04-07,6.089505,606419707.0,0.0,3692796169.39,0.0,0.0,-0.23537097692300457,0.0,0.0
2016-04-08,6.15659,606419707.0,0.0,3733477552.74,0.0,0.0,-0.23537097692300457,0.0,0.0
2016-04-11,6.152315,606419707.0,0.0,3730885616.05,0.0,0.0,-0.23537097692300457,0.0,0.0
2016-04-12,6.194138,606419707.0,0.0,3756247372.16,0.0,0.0,-0.23537097692300457,0.0,0.0
2016-04-13,6.313547,606419707.0,0.0,3828659557.42,0.0,0.0,-0.23537097692300457,0.0,0.0
2016-04-14,6.319226,606419707.0,0.0,3832103536.61,0.0,0.0,-0.23537097692300457,0.0,0.0
2016-04-15,6.298058,606419707.0,0.0,3819266490.91,0.0,0.0,-0.23537097692300457,0.0,0.0
2016-04-18,6.307686,606219707.0,-200000.0,3823843832.81,-1261537.2,-0.00032991336863068054,-0.532213849634337,-252307.4399999821,-63076.86000000298
2016-04-19,6.359125,606219707.0,0.0,3855027065.5,0.0,0.0,-0.2326471421384655,-252307.4399999821,-63076.86000000298
2016-04-20,6.364115,606219707.0,0.0,3858052032.62,0.0,0.0,-0.2326471421384655,-252307.4399999821,-63076.86000000298
2016-04-21,6.338695,606219707.0,0.0,3842641850.64,0.0,0.0,-0.2326471421384655,-252307.4399999821,-63076.86000000298
2016-04-22,6.267833,606219707.0,0.0,3799684046.45,0.0,0.0,-0.2326471421384655,-252307.4399999821,-63076.86000000298
2016-04-25,6.218742,606219707.0,0.0,3769924151.15,0.0,0.0,-0.2326471421384655,0.0,-63076.86000000298
2016-04-26,6.242251,606219707.0,0.0,3784175690.71,0.0,0.0,-0.2326471421384655,0.0,-63076.86000000298
2016-04-27,6.277323,606219707.0,0.0,3805437076.16,0.0,0.0,-0.2326471421384655,0.0,-63076.86000000298
2016-04-28,6.285672,606219707.0,0.0,3810498738.25,0.0,0.0,-0.2326471421384655,0.0,-63076.86000000298
2016-04-29,6.206012,606219707.0,0.0,3762207171.37,0.0,0.0,-0.2326471421384655,0.0,-63076.86000000298
2016-05-03,6.149899,606219707.0,0.0,3728190515.0,0.0,0.0,-0.2326471421384655,0.0,-63076.86000000298
2016-05-04,6.076515,606219707.0,0.0,3683703602.3,0.0,0.0,-0.2326471421384655,0.0,-63076.86000000298
2016-05-05,6.087484,606219707.0,0.0,3690352999.13,0.0,0.0,-0.2326471421384655,0.0,-63076.86000000298
2016-05-06,6.096088,606219707.0,0.0,3695568871.21,0.0,0.0,-0.2326471421384655,0.0,-63076.86000000298
2016-05-09,6.085214,606219707.0,0.0,3688977150.41,0.0,0.0,-0.2326471421384655,0.0,-63076.86000000298
2016-05-10,6.126699,606219707.0,0.0,3714125805.58,0.0,0.0,-0.2326471421384655,0.0,-63076.86000000298
2016-05-11,6.132846,606219707.0,0.0,3717852691.5,0.0,0.0,-0.2326471421384655,0.0,-63076.86000000298
2016-05-12,6.081363,606219707.0,0.0,3686642157.0,0.0,0.0,-0.2326471421384655,0.0,-63076.86000000298
2016-05-13,6.115659,606219707.0,0.0,3707433475.32,0.0,0.0,-0.2326471421384655,0.0,-63076.86000000298
2016-05-16,6.128505,606219707.0,0.0,3715221040.05,0.0,0.0,-0.2326471421384655,0.0,-63076.86000000298
2016-05-17,6.14462,606219707.0,0.0,3724989835.53,0.0,0.0,-0.2326471421384655,0.0,0.0
2016-05-18,6.142681,606219707.0,0.0,3723814655.27,0.0,0.0,-0.2326471421384655,0.0,0.0
2016-05-19,6.046719,606219707.0,0.0,3665640730.13,0.0,0.0,-0.2326471421384655,0.0,0.0
2016-05-20,6.149393,606219707.0,0.0,3727883272.56,0.0,0.0,-0.2326471421384655,0.0,0.0
2016-05-23,6.130096,606219707.0,0.0,3716185169.5,0.0,0.0,-0.2326471421384655,0.0,0.0
2016-05-24,6.21258,606219707.0,0.0,3766188755.63,0.0,0.0,-0.2326471421384655,0.0,0.0
2016-05-25,6.2557,606219707.0,0.0,3792328867.36,0.0,0.0,-0.2326471421384655,0.0,0.0
2016-05-26,6.259338,606219707.0,0.0,3794534566.22,0.0,0.0,-0.2326471421384655,0.0,0.0
2016-05-27,6.264412,606219707.0,0.0,3797610551.13,0.0,0.0,-0.2326471421384655,0.0,0.0
2016-05-31,6.224741,606219707.0,0.0,3773561043.73,0.0,0.0,-0.2326471421384655,0.0,0.0
2016-06-01,6.185844,606219707.0,0.0,3749980702.94,0.0,0.0,-0.21287504047263184,0.0,0.0
2016-06-02,6.184863,606219707.0,0.0,3749386116.88,0.0,0.0,-0.21287504047263184,0.0,0.0
2016-06-03,6.208574,606219707.0,0.0,3763760367.25,0.0,0.0,-0.21287504047263184,0.0,0.0
2016-06-06,6.272594,606219707.0,0.0,3802570571.2,0.0,0.0,-0.20250561493496583,0.0,0.0
2016-06-07,6.283117,606219707.0,0.0,3808949705.23,0.0,0.0,-0.18797827203947112,0.0,0.0
2016-06-08,6.30012,606219707.0,0.0,3819257359.84,0.0,0.0,-0.17736237402909963,0.0,0.0
2016-06-09,6.240249,606219707.0,0.0,3782962050.58,0.0,0.0,-0.17165774715259402,0.0,0.0
2016-06-10,6.124244,606219707.0,0.0,3712637497.77,0.0,0.0,-0.17165774715259402,0.0,0.0
2016-06-13,6.053586,606219707.0,0.0,3669803321.92,0.0,0.0,-0.17165774715259402,0.0,0.0
2016-06-14,5.932036,606219707.0,0.0,3596117572.22,0.0,0.0,-0.16335522802254945,0.0,0.0
2016-06-15,5.97539,606219707.0,0.0,3622399499.76,0.0,0.0,-0.16335522802254945,0.0,0.0
2016-06-16,5.871986,609019707.0,2800000.0,3576155566.16,16441560.799999999,0.0045975518949961675,4.270205282049589,3288312.160000018,822078.039999997
2016-06-17,5.941152,609019707.0,0.0,3618278373.07,0.0,0.0,-0.18736852601647072,3288312.160000018,822078.039999997
2016-06-20,6.12131,609019707.0,0.0,3727998956.51,0.0,0.0,-0.17338637192020656,3288312.160000018,822078.039999997
2016-06-21,6.143772,609019707.0,0.0,3741678415.37,0.0,0.0,-0.17338637192020656,3288312.160000018,822078.039999997
2016-06-22,6.178106,609019707.0,0.0,3762588578.56,0.0,0.0,-0.17338637192020656,3288312.160000018,822078.039999997
2016-06-23,6.255847,609019707.0,0.0,3809934579.15,0.0,0.0,-0.17338637192020656,0.0,822078.039999997
2016-06-24,6.059614,609019707.0,0.0,3690424357.45,0.0,0.0,-0.17338637192020656,0.0,822078.039999997
2016-06-27,5.905643,611019707.0,2000000.0,3608464698.72,11811286.0,0.0032732164469253967,2.906110081700405,2362257.200000018,1412642.3399999968
2016-06-28,6.062417,611019707.0,0.0,3704256753.74,0.0,0.0,-0.1929133278337862,2362257.200000018,1412642.3399999968
2016-06-29,6.279239,611019707.0,0.0,3836738838.15,0.0,0.0,-0.1929133278337862,2362257.200000018,1412642.3399999968
2016-06-30,6.423191,611019707.0,0.0,3924696342.53,0.0,0.0,-0.1929133278337862,2362257.200000018,1412642.3399999968
2016-07-01,6.496007,611019707.0,0.0,3969188888.58,0.0,0.0,-0.1929133278337862,2362257.200000018,1412642.3399999968
2016-07-04,6.441082,611019707.0,0.0,3935628506.44,0.0,0.0,-0.1929133278337862,0.0,1412642.3399999968
2016-07-05,6.464015,611019707.0,0.0,3949640848.8,0.0,0.0,-0.1929133278337862,0.0,1412642.3399999968
2016-07-06,6.383247,611019707.0,0.0,3900290202.63,0.0,0.0,-0.1929133278337862,0.0,1412642.3399999968
2016-07-07,6.453505,611019707.0,0.0,3943219105.68,0.0,0.0,-0.1929133278337862,0.0,1412642.3399999968
2016-07-08,6.509635,611019707.0,0.0,3977515513.43,0.0,0.0,-0.1929133278337862,0.0,1412642.3399999968
2016-07-11,6.600596,611019707.0,0.0,4033094533.42,0.0,0.0,-0.1929133278337862,0.0,1412642.3399999968
2016-07-12,6.598382,611019707.0,0.0,4031741800.94,0.0,0.0,-0.1929133278337862,0.0,1412642.3399999968
2016-07-13,6.588416,611019707.0,0.0,4025652215.01,0.0,0.0,-0.1929133278337862,0.0,1412642.3399999968
2016-07-14,6.572527,611019707.0,0.0,4015943747.34,0.0,0.0,-0.1929133278337862,0.0,590564.299999997
2016-07-15,6.587013,611019707.0,0.0,4024794778.69,0.0,0.0,-0.1929133278337862,0.0,590564.299999997
2016-07-18,6.612953,611019707.0,0.0,4040645168.12,0.0,0.0,-0.1854074915671691,0.0,590564.299999997
2016-07-19,6.614791,611019707.0,0.0,4041767660.08,0.0,0.0,-0.16456757985775125,0.0,590564.299999997
2016-07-20,6.646033,611019707.0,0.0,4060857523.95,0.0,0.0,-0.16456757985775125,0.0,590564.299999997
2016-07-21,6.617317,611019707.0,0.0,4043311578.71,0.0,0.0,-0.16456757985775125,0.0,590564.299999997
2016-07-22,6.646965,611019707.0,0.0,4061427099.9,0.0,0.0,-0.16456757985775125,0.0,590564.299999997
2016-07-25,6.626816,611019707.0,0.0,4049115703.37,0.0,0.0,-0.16456757985775125,0.0,0.0
2016-07-26,6.640622,611019707.0,0.0,4057551320.39,0.0,0.0,-0.14959240484784808,0.0,0.0
2016-07-27,6.666596,611019707.0,0.0,4073421917.47,0.0,0.0,-0.14959240484784808,0.0,0.0
2016-07-28,6.640119,611019707.0,0.0,4057243976.77,0.0,0.0,-0.14959240484784808,0.0,0.0
2016-07-29,6.643347,611019707.0,0.0,4059215917.96,0.0,0.0,-0.14959240484784808,0.0,0.0
2016-08-01,6.613242,611019707.0,0.0,4040821719.4,0.0,0.0,-0.14959240484784808,0.0,0.0
2016-08-02,6.565203,611019707.0,0.0,4011468958.58,0.0,0.0,-0.12216602550642894,0.0,0.0
2016-08-03,6.554309,611019707.0,0.0,4004812072.17,0.0,0.0,-0.12216602550642894,0.0,0.0
2016-08-04,6.668518,611019707.0,0.0,4074596198.4,0.0,0.0,-0.12216602550642894,0.0,0.0
2016-08-05,6.721256,611019707.0,0.0,4106820043.83,0.0,0.0,-0.12216602550642894,0.0,0.0
2016-08-08,6.736769,611019707.0,0.0,4116299073.26,0.0,0.0,-0.12216602550642894,0.0,0.0
2016-08-09,6.778484,611019707.0,0.0,4141787311.21,0.0,0.0,-0.12216602550642894,0.0,0.0
2016-08-10,6.79337,611019707.0,0.0,4150883160.0,0.0,0.0,-0.12216602550642894,0.0,0.0
2016-08-11,6.876659,611019707.0,0.0,4201774633.8,0.0,0.0,-0.12216602550642894,0.0,0.0
2016-08-12,6.878322,611019707.0,0.0,4202790776.59,0.0,0.0,-0.12216602550642894,0.0,0.0
2016-08-15,6.903806,611019707.0,0.0,4218361780.79,0.0,0.0,-0.12216602550642894,0.0,0.0
2016-08-16,6.85644,611019707.0,0.0,4189420121.83,0.0,0.0,-0.12216602550642894,0.0,0.0
2016-08-17,6.821718,611019707.0,0.0,4168204300.92,0.0,0.0,-0.12216602550642894,0.0,0.0
2016-08-18,6.83886,611019707.0,0.0,4178678415.02,0.0,0.0,-0.12216602550642894,0.0,0.0
2016-08-19,6.829093,611019707.0,0.0,4172710921.21,0.0,0.0,-0.12216602550642894,0.0,0.0
2016-08-22,6.798489,611019707.0,0.0,4154010861.03,0.0,0.0,-0.12216602550642894,0.0,0.0
2016-08-23,6.838563,611019707.0,0.0,4178497149.0,0.0,0.0,-0.12216602550642894,0.0,0.0
2016-08-24,6.805688,611019707.0,0.0,4158410030.52,0.0,0.0,-0.12216602550642894,0.0,0.0
2016-08-25,6.789248,611019707.0,0.0,4148364817.62,0.0,0.0,-0.12216602550642894,0.0,0.0
2016-08-26,6.8103,611019707.0,0.0,4161228031.45,0.0,0.0,-0.12216602550642894,0.0,0.0
2016-08-30,6.793209,611019707.0,0.0,4150785043.56,0.0,0.0,-0.12216602550642894,0.0,0.0
2016-08-31,6.754165,611019707.0,0.0,4126928094.95,0.0,0.0,-0.12216602550642894,0.0,0.0
2016-09-01,6.719726,611019707.0,0.0,4105885052.14,0.0,0.0,-0.12216602550642894,0.0,0.0
2016-09-02,6.868477,611019707.0,0.0,4196774832.18,0.0,0.0,-0.12216602550642894,0.0,0.0
2016-09-05,6.852596,611019707.0,0.0,4187071263.15,0.0,0.0,-0.12216602550642894,0.0,0.0
2016-09-06,6.79904,611019707.0,0.0,4154347713.23,0.0,0.0,-0.12216602550642894,0.0,0.0
2016-09-07,6.819515,611019707.0,0.0,4166858574.73,0.0,0.0,-0.12216602550642894,0.0,0.0
2016-09-08,6.833768,611019707.0,0.0,4175567313.0,0.0,0.0,-0.12216602550642894,0.0,0.0
2016-09-09,6.752269,611019707.0,0.0,4125769993.14,0.0,0.0,-0.12216602550642894,0.0,0.0
2016-09-12,6.676606,611019707.0,0.0,4079537574.12,0.0,0.0,-0.12216602550642894,0.0,0.0
2016-09-13,6.64166,611019707.0,0.0,4058184974.78,0.0,0.0,-0.12216602550642894,0.0,0.0
2016-09-14,6.649527,611019707.0,0.0,4062992524.62,0.0,0.0,-0.12216602550642894,0.0,0.0
2016-09-15,6.626932,615019707.0,4000000.0,4075693965.84,26507728.0,0.0065038563302769374,8.17597073293784,5301545.600000018,1325386.399999997
2016-09-16,6.607078,615019707.0,0.0,4063483547.8,0.0,0.0,-0.14982573651650175,5301545.600000018,1325386.399999997
2016-09-19,6.708925,615019707.0,0.0,4126121512.38,0.0,0.0,-0.14982573651650175,5301545.600000018,1325386.399999997
2016-09-20,6.725952,615019707.0,0.0,4136593238.35,0.0,0.0,-0.14982573651650175,5301545.600000018,1325386.399999997
2016-09-21,6.730102,615019707.0,0.0,4139145793.74,0.0,0.0,-0.14982573651650175,5301545.600000018,1325386.399999997
2016-09-22,6.805952,615019707.0,0.0,4185795145.81,0.0,0.0,-0.14982573651650175,0.0,1325386.399999997
2016-09-23,6.804035,615019707.0,0.0,4184616197.54,0.0,0.0,-0.14982573651650175,0.0,1325386.399999997
2016-09-26,6.714025,615019707.0,0.0,4129257924.32,0.0,0.0,-0.14982573651650175,0.0,1325386.399999997
2016-09-27,6.703706,615019707.0,0.0,4122911479.41,0.0,0.0,-0.14982573651650175,0.0,1325386.399999997
2016-09-28,6.744765,615019707.0,0.0,4148163774.54,0.0,0.0,-0.14982573651650175,0.0,1325386.399999997
2016-09-29,6.813999,615019707.0,0.0,4190744021.1,0.0,0.0,-0.14982573651650175,0.0,1325386.399999997
2016-09-30,6.794211,615019707.0,0.0,4178573811.24,0.0,0.0,-0.14982573651650175,0.0,1325386.399999997
2016-10-03,6.876993,615019707.0,0.0,4229486243.33,0.0,0.0,-0.14982573651650175,0.0,1325386.399999997
2016-10-04,6.966942,615019707.0,0.0,4284806931.18,0.0,0.0,-0.14982573651650175,0.0,1325386.399999997
2016-10-05,6.925855,615019707.0,0.0,4259537679.29,0.0,0.0,-0.14982573651650175,0.0,1325386.399999997
2016-10-06,6.897258,615019707.0,0.0,4241950205.62,0.0,0.0,-0.15354297680983087,0.0,1325386.399999997
2016-10-07,6.941162,615019707.0,0.0,4268951539.62,0.0,0.0,-0.15354297680983087,0.0,1325386.399999997
2016-10-10,6.993337,615019707.0,0.0,4301040531.92,0.0,0.0,-0.15354297680983087,0.0,1325386.399999997
2016-10-11,6.966982,615019707.0,0.0,4284831568.02,0.0,0.0,-0.15354297680983087,0.0,1325386.399999997
2016-10-12,6.920827,615019707.0,0.0,4256445400.35,0.0,0.0,-0.15354297680983087,0.0,1325386.399999997
2016-10-13,6.876083,615019707.0,0.0,4228926565.55,0.0,0.0,-0.15354297680983087,0.0,0.0
2016-10-14,6.911338,615019707.0,0.0,4250609339.77,0.0,0.0,-0.15354297680983087,0.0,0.0
2016-10-17,6.846291,615019707.0,0.0,4210604218.42,0.0,0.0,-0.15354297680983087,0.0,0.0
2016-10-18,6.897981,615019707.0,0.0,4242394386.12,0.0,0.0,-0.15354297680983087,0.0,0.0
2016-10-19,6.919555,615019707.0,0.0,4255663235.68,0.0,0.0,-0.15354297680983087,0.0,0.0
2016-10-20,6.932606,615019707.0,0.0,4263689719.82,0.0,0.0,-0.15354297680983087,0.0,0.0
2016-10-21,6.926305,615019707.0,0.0,4259814240.93,0.0,0.0,-0.15354297680983087,0.0,0.0
2016-10-24,6.892771,615019707.0,0.0,4239190587.13,0.0,0.0,-0.15354297680983087,0.0,0.0
2016-10-25,6.923664,615019707.0,0.0,4258189935.68,0.0,0.0,-0.15354297680983087,0.0,0.0
2016-10-26,6.864732,615019707.0,0.0,4221945646.06,0.0,0.0,-0.15354297680983087,0.0,0.0
2016-10-27,6.895941,615019707.0,0.0,4241139761.48,0.0,0.0,-0.15354297680983087,0.0,0.0
2016-10-28,6.905497,615019707.0,0.0,4247017313.4,0.0,0.0,-0.15354297680983087,0.0,0.0
2016-10-31,6.863963,615019707.0,0.0,4221472751.47,0.0,0.0,-0.15354297680983087,0.0,0.0
2016-11-01,6.827067,615019707.0,0.0,4198780992.49,0.0,0.0,-0.15354297680983087,0.0,0.0
2016-11-02,6.756437,615019707.0,0.0,4155341992.35,0.0,0.0,-0.15354297680983087,0.0,0.0
2016-11-03,6.705733,615019707.0,0.0,4124157727.43,0.0,0.0,-0.15354297680983087,0.0,0.0
2016-11-04,6.609587,615019707.0,0.0,4065026575.32,0.0,0.0,-0.15354297680983087,0.0,0.0
2016-11-07,6.721605,615019707.0,0.0,4133919725.8,0.0,0.0,-0.15354297680983087,0.0,0.0
2016-11-08,6.75761,615019707.0,0.0,4156063375.43,0.0,0.0,-0.15354297680983087,0.0,0.0
2016-11-09,6.825184,615019707.0,0.0,4197623230.32,0.0,0.0,-0.15354297680983087,0.0,0.0
2016-11-10,6.759789,615019707.0,0.0,4157403718.24,0.0,0.0,-0.15354297680983087,0.0,0.0
2016-11-11,6.66291,615019707.0,0.0,4097821007.73,0.0,0.0,-0.15354297680983087,0.0,0.0
2016-11-14,6.68587,615019707.0,0.0,4111942211.24,0.0,0.0,-0.15354297680983087,0.0,0.0
2016-11-15,6.724855,615019707.0,0.0,4135918886.01,0.0,0.0,-0.15354297680983087,0.0,0.0
2016-11-16,6.682293,615019707.0,0.0,4109742038.37,0.0,0.0,-0.15354297680983087,0.0,0.0
2016-11-17,6.729509,615019707.0,0.0,4138781208.74,0.0,0.0,-0.15354297680983087,0.0,0.0
2016-11-18,6.711145,615019707.0,0.0,4127486770.55,0.0,0.0,-0.15354297680983087,0.0,0.0
2016-11-21,6.712797,615019707.0,0.0,4128502273.65,0.0,0.0,-0.15354297680983087,0.0,0.0
2016-11-22,6.754235,615019707.0,0.0,4153987772.47,0.0,0.0,-0.15354297680983087,0.0,0.0
2016-11-23,6.752333,615019707.0,0.0,4152818156.82,0.0,0.0,-0.15354297680983087,0.0,0.0
2016-11-24,6.770571,615219707.0,200000.0,4165389155.07,1354114.2,0.00032508708060369543,0.25962762408353424,270822.8400000179,67705.70999999702
2016-11-25,6.78209,615219707.0,0.0,4172475826.15,0.0,0.0,-0.15698623586449986,270822.8400000179,67705.70999999702
2016-11-28,6.741132,615219707.0,0.0,4147277793.06,0.0,0.0,-0.15698623586449986,270822.8400000179,67705.70999999702
2016-11-29,6.714018,615219707.0,0.0,4130596193.88,0.0,0.0,-0.15698623586449986,270822.8400000179,67705.70999999702
2016-11-30,6.725566,616419707.0,1200000.0,4145771619.84,8070679.199999999,0.001946725468758811,2.2662940186292646,1884958.6800000176,471239.66999999696
2016-12-01,6.695831,616419707.0,0.0,4127442651.6,0.0,0.0,-0.1738828054393705,1614135.8400000178,471239.66999999696
2016-12-02,6.674112,619619707.0,3200000.0,4135411726.93,21357158.4,0.005164457570432747,6.0816553291563125,5885567.520000017,1539097.5899999968
2016-12-05,6.690111,620219707.0,600000.0,4149338957.41,4014066.6,0.0009673990583082091,0.9843034359398348,6688380.840000018,1739800.919999997
2016-12-06,6.722554,621419707.0,1200000.0,4177527722.38,8067064.8,0.0019310619428766047,2.0880880660635324,8301793.8000000175,2143154.159999997
2016-12-07,6.843662,636419707.0,15000000.0,4355441805.15,102654930.0,0.023569349469580298,10.102523286031838,27218643.96000002,7275900.659999996
2016-12-08,6.873796,636419707.0,0.0,4374619369.79,0.0,0.0,-0.15847281694481433,27218643.960000016,7275900.659999996
2016-12-09,6.896266,636419707.0,0.0,4388920182.05,0.0,0.0,-0.15847281694481433,22947212.280000016,7275900.659999996
2016-12-12,6.832704,639819707.0,3400000.0,4371698853.96,23231193.599999998,0.005313996772434718,2.0958137325840767,26790637.680000015,8437460.339999996
2016-12-13,6.910579,639819707.0,0.0,4421525004.26,0.0,0.0,-0.1638021305952404,25177224.720000017,8437460.339999996
2016-12-14,6.891334,640819707.0,1000000.0,4416102949.86,6891334.0,0.0015605012107379587,0.5010036087084185,6024505.520000017,8782027.039999995
2016-12-15,6.89037,647819707.0,7000000.0,4463717883.27,48232590.0,0.010805474553124332,4.104870451007852,15671023.520000016,11193656.539999995
2016-12-16,6.903657,647819707.0,0.0,4472325125.87,0.0,0.0,-0.19251518162022146,15671023.520000016,11193656.539999995
2016-12-19,6.909315,650819707.0,3000000.0,4496718365.36,20727945.0,0.004609571539920213,1.607805662780643,15170373.800000018,12230053.789999995
2016-12-20,6.935716,650819707.0,0.0,4513900931.91,0.0,0.0,-0.20553601410919797,15170373.800000018,12230053.789999995
2016-12-21,6.9332,650819707.0,0.0,4512263197.15,0.0,0.0,-0.20553601410919797,13792107.000000019,12230053.789999995
2016-12-22,6.955276,650819707.0,0.0,4526630831.32,0.0,0.0,-0.20553601410919797,4145589.0000000177,12162348.079999996
2016-12-23,6.959755,651819707.0,1000000.0,4536506104.98,6959755.0,0.001534166347171858,0.3927678512985462,5537540.000000018,12510335.829999996
2016-12-28,6.99701,651819707.0,0.0,4560789609.94,0.0,0.0,-0.21046534487977583,1391951.000000018,12510335.829999996
2016-12-29,7.013067,651819707.0,0.0,4571255455.64,0.0,0.0,-0.21046534487977583,1391951.000000018,12510335.829999996
2016-12-30,7.035109,651819707.0,0.0,4585622844.9,0.0,0.0,-0.21046534487977583,1391951.000000018,12106801.869999995
2017-01-03,7.06969,651819707.0,0.0,4608163714.11,0.0,0.0,-0.21046534487977583,1391951.000000018,12106801.869999995
2017-01-04,7.081344,651819707.0,0.0,4615759951.41,0.0,0.0,-0.21046534487977583,0.0,11038943.949999997
2017-01-05,7.087302,651819707.0,0.0,4619643322.23,0.0,0.0,-0.21046534487977583,0.0,10838240.619999995
2017-01-06,7.101827,651819707.0,0.0,4629110933.68,0.0,0.0,-0.21046534487977583,0.0,10434887.379999997
2017-01-09,7.129209,651819707.0,0.0,4646959323.61,0.0,0.0,-0.21046534487977583,0.0,5302140.879999996
2017-01-10,7.166318,651819707.0,0.0,4671147687.06,0.0,0.0,-0.21046534487977583,0.0,5302140.879999996
2017-01-11,7.181047,651819707.0,0.0,4680748063.46,0.0,0.0,-0.21046534487977583,0.0,5302140.879999996
2017-01-12,7.18294,651819707.0,0.0,4681982140.39,0.0,0.0,-0.21046534487977583,0.0,4140581.1999999965
2017-01-13,7.227653,651819707.0,0.0,4711127102.27,0.0,0.0,-0.21046534487977583,0.0,4140581.1999999965
2017-01-16,7.21714,651819707.0,0.0,4704274635.61,0.0,0.0,-0.21046534487977583,0.0,3796014.4999999963
2017-01-17,7.111969,651819707.0,0.0,4635722131.85,0.0,0.0,-0.21046534487977583,0.0,1384384.9999999963
2017-01-18,7.138732,651819707.0,0.0,4653166208.98,0.0,0.0,-0.21046534487977583,0.0,1384384.9999999963
2017-01-19,7.102605,651819707.0,0.0,4629618519.34,0.0,0.0,-0.21046534487977583,0.0,347987.7499999963
2017-01-20,7.092783,651819707.0,0.0,4623216318.48,0.0,0.0,-0.21046534487977583,0.0,347987.7499999963
2017-01-23,7.046139,651819707.0,0.0,4592812785.33,0.0,0.0,-0.21046534487977583,0.0,347987.7499999963
2017-01-24,7.045362,651819707.0,0.0,4592306092.06,0.0,0.0,-0.21046534487977583,0.0,347987.7499999963
2017-01-25,7.059245,651819707.0,0.0,4601355356.77,0.0,0.0,-0.21046534487977583,0.0,0.0
2017-01-26,7.056239,651819707.0,0.0,4599395765.13,0.0,0.0,-0.21046534487977583,0.0,0.0
2017-01-27,7.078911,652419707.0,600000.0,4618421324.98,4247346.6,0.0009196533406398112,0.14814238146508302,849469.3200000178,212367.32999999626
2017-01-30,7.013851,652419707.0,0.0,4575975221.02,0.0,0.0,-0.21349895919072323,849469.3200000178,212367.32999999626
2017-01-31,6.994921,652419707.0,0.0,4563624481.8,0.0,0.0,-0.21349895919072323,849469.3200000178,212367.32999999626
2017-02-01,7.003194,652419707.0,0.0,4569022167.6,0.0,0.0,-0.21349895919072323,849469.3200000178,212367.32999999626
2017-02-02,7.035824,652419707.0,0.0,4590310745.52,0.0,0.0,-0.21349895919072323,849469.3200000178,212367.32999999626
2017-02-03,7.082711,652419707.0,0.0,4620900343.63,0.0,0.0,-0.21349895919072323,0.0,212367.32999999626
2017-02-06,7.066691,652419707.0,0.0,4610448786.46,0.0,0.0,-0.21349895919072323,0.0,212367.32999999626
2017-02-07,7.080504,652419707.0,0.0,4619460469.51,0.0,0.0,-0.21349895919072323,0.0,212367.32999999626
2017-02-08,7.083104,652419707.0,0.0,4621156697.83,0.0,0.0,-0.21349895919072323,0.0,212367.32999999626
2017-02-09,7.124864,652419707.0,0.0,4648401739.07,0.0,0.0,-0.21349895919072323,0.0,212367.32999999626
2017-02-10,7.15357,652419707.0,0.0,4667130368.15,0.0,0.0,-0.21349895919072323,0.0,212367.32999999626
2017-02-13,7.173505,652419707.0,0.0,4680136087.64,0.0,0.0,-0.21349895919072323,0.0,212367.32999999626
2017-02-14,7.163274,652419707.0,0.0,4673461531.09,0.0,0.0,-0.21349895919072323,0.0,212367.32999999626
2017-02-15,7.197518,652419707.0,0.0,4695803090.95,0.0,0.0,-0.21349895919072323,0.0,212367.32999999626
2017-02-16,7.199574,652419707.0,0.0,4697144043.43,0.0,0.0,-0.21349895919072323,0.0,212367.32999999626
2017-02-17,7.221361,652419707.0,0.0,4711358311.96,0.0,0.0,-0.21349895919072323,0.0,212367.32999999626
2017-02-20,7.221384,652419707.0,0.0,4711373292.06,0.0,0.0,-0.21349895919072323,0.0,212367.32999999626
2017-02-21,7.196616,652419707.0,0.0,4695214434.91,0.0,0.0,-0.21349895919072323,0.0,212367.32999999626
2017-02-22,7.223648,652419707.0,0.0,4712850385.51,0.0,0.0,-0.21349895919072323,0.0,212367.32999999626
2017-02-23,7.218391,652419707.0,0.0,4709420623.88,0.0,0.0,-0.21349895919072323,0.0,212367.32999999626
2017-02-24,7.191213,652419707.0,0.0,4691689309.87,0.0,0.0,-0.21349895919072323,0.0,0.0
2017-02-27,7.200468,652419707.0,0.0,4697727278.76,0.0,0.0,-0.21349895919072323,0.0,0.0
2017-02-28,7.210917,652419707.0,0.0,4704544037.54,0.0,0.0,-0.21349895919072323,0.0,0.0
2017-03-01,7.32915,652419707.0,0.0,4781681953.21,0.0,0.0,-0.21349895919072323,0.0,0.0
2017-03-02,7.330461,652419707.0,0.0,4782537319.38,0.0,0.0,-0.21349895919072323,0.0,0.0
2017-03-03,7.322293,652419707.0,0.0,4777208844.14,0.0,0.0,-0.21349895919072323,0.0,0.0
2017-03-06,7.298333,652419707.0,0.0,4761576572.94,0.0,0.0,-0.21349895919072323,0.0,0.0
2017-03-07,7.287302,652419707.0,0.0,4754379678.37,0.0,0.0,-0.19679046732666652,0.0,0.0
2017-03-08,7.283222,652419707.0,0.0,4751717679.63,0.0,0.0,-0.19679046732666652,0.0,0.0
2017-03-09,7.269044,652419707.0,0.0,4742468173.84,0.0,0.0,-0.19679046732666652,0.0,0.0
2017-03-10,7.296938,652419707.0,0.0,4760666720.87,0.0,0.0,-0.19679046732666652,0.0,0.0
2017-03-13,7.320661,652419707.0,0.0,4776143888.76,0.0,0.0,-0.19679046732666652,0.0,0.0
2017-03-14,7.311466,652419707.0,0.0,4770144563.77,0.0,0.0,-0.19679046732666652,0.0,0.0
2017-03-15,7.322175,652419707.0,0.0,4777131800.77,0.0,0.0,-0.19679046732666652,0.0,0.0
2017-03-16,7.317008,652419707.0,0.0,4773760327.29,0.0,0.0,-0.19679046732666652,0.0,0.0
2017-03-17,7.325761,652419707.0,0.0,4779470909.35,0.0,0.0,-0.19679046732666652,0.0,0.0
2017-03-20,7.330685,652419707.0,0.0,4782683938.3,0.0,0.0,-0.19679046732666652,0.0,0.0
2017-03-21,7.279877,652419707.0,0.0,4749535458.0,0.0,0.0,-0.19679046732666652,0.0,0.0
2017-03-22,7.227006,652419707.0,0.0,4715041704.2,0.0,0.0,-0.19679046732666652,0.0,0.0
2017-03-23,7.242747,653019707.0,600000.0,4729657024.79,4345648.2,0.0009188083146880931,0.17009896264079336,869129.640000018,217282.40999999628
2017-03-24,7.238882,653019707.0,0.0,4727132664.04,0.0,0.0,-0.19988180818403298,869129.640000018,217282.40999999628
2017-03-27,7.195919,653019707.0,0.0,4699077497.55,0.0,0.0,-0.19988180818403298,869129.640000018,217282.40999999628
2017-03-28,7.245124,653019707.0,0.0,4731209049.89,0.0,0.0,-0.19988180818403298,869129.640000018,217282.40999999628
2017-03-29,7.275786,653019707.0,0.0,4751231860.8,0.0,0.0,-0.19988180818403298,869129.640000018,217282.40999999628
2017-03-30,7.276511,653019707.0,0.0,4751705417.3,0.0,0.0,-0.19988180818403298,0.0,217282.40999999628
2017-03-31,7.230726,653019707.0,0.0,4721806793.41,0.0,0.0,-0.19988180818403298,0.0,217282.40999999628
2017-04-03,7.190799,653019707.0,0.0,4695734030.14,0.0,0.0,-0.19988180818403298,0.0,217282.40999999628
2017-04-04,7.229251,653019707.0,0.0,4720843753.28,0.0,0.0,-0.19988180818403298,0.0,217282.40999999628
2017-04-05,7.239047,653019707.0,0.0,4727240747.26,0.0,0.0,-0.19988180818403298,0.0,217282.40999999628
2017-04-06,7.220938,653019707.0,0.0,4715414848.67,0.0,0.0,-0.19988180818403298,0.0,217282.40999999628
2017-04-07,7.266408,653019707.0,0.0,4745107693.82,0.0,0.0,-0.19988180818403298,0.0,217282.40999999628
2017-04-10,7.266074,653019707.0,0.0,4744889839.68,0.0,0.0,-0.19988180818403298,0.0,217282.40999999628
2017-04-11,7.28247,653019707.0,0.0,4755596989.18,0.0,0.0,-0.19988180818403298,0.0,217282.40999999628
2017-04-12,7.266212,653019707.0,0.0,4744979781.65,0.0,0.0,-0.19988180818403298,0.0,217282.40999999628
2017-04-13,7.248568,656419707.0,3400000.0,4758103184.04,24645131.2,0.005179612599127025,1.8417000176199498,4929026.240000018,1449538.9699999962
2017-04-18,7.070578,660419707.0,4000000.0,4669549571.3,28282312.0,0.00605675377638752,2.1281825231858873,10585488.64000002,2863654.569999996
2017-04-19,7.037687,660419707.0,0.0,4647827423.75,0.0,0.0,-0.2296937454240192,10585488.64000002,2863654.569999996
2017-04-20,7.044814,660819707.0,400000.0,4655352256.96,2817925.6,0.0006053087810459565,0.003988350260284679,11149073.760000017,3004550.8499999964
2017-04-21,7.040925,660819707.0,0.0,4652782465.78,0.0,0.0,-0.23170923955425027,11149073.760000017,3004550.8499999964
2017-04-24,7.189401,660819707.0,0.0,4750898455.8,0.0,0.0,-0.23170923955425027,6220047.520000018,2787268.439999996
2017-04-25,7.200285,664819707.0,4000000.0,4786891717.18,28801140.0,0.006016668373055868,2.054290795192175,6323813.120000018,4227325.439999996
2017-04-26,7.215636,664819707.0,0.0,4797097520.76,0.0,0.0,-0.24675559108769146,6323813.120000018,4227325.439999996
2017-04-27,7.169206,664819707.0,0.0,4766229428.82,0.0,0.0,-0.24675559108769146,5760228.000000018,4227325.439999996
2017-04-28,7.136539,664819707.0,0.0,4744511700.72,0.0,0.0,-0.24675559108769146,5760228.000000018,4227325.439999996
2017-05-02,7.181947,664819707.0,0.0,4774700346.53,0.0,0.0,-0.24675559108769146,5760228.000000018,4227325.439999996
2017-05-03,7.16654,664819707.0,0.0,4764457478.44,0.0,0.0,-0.24675559108769146,0.0,4227325.439999996
2017-05-04,7.183095,664819707.0,0.0,4775463328.05,0.0,0.0,-0.24675559108769146,0.0,4227325.439999996
2017-05-05,7.231885,664819707.0,0.0,4807899750.63,0.0,0.0,-0.24675559108769146,0.0,4227325.439999996
2017-05-08,7.235165,664819707.0,0.0,4810080717.55,0.0,0.0,-0.24675559108769146,0.0,4227325.439999996
2017-05-09,7.276328,664819707.0,0.0,4837446310.17,0.0,0.0,-0.24675559108769146,0.0,4227325.439999996
2017-05-10,7.318923,664819707.0,0.0,4865764518.2,0.0,0.0,-0.24675559108769146,0.0,4227325.439999996
2017-05-11,7.333633,664819707.0,0.0,4875544086.17,0.0,0.0,-0.24675559108769146,0.0,4227325.439999996
2017-05-12,7.381909,664819707.0,0.0,4907638687.7,0.0,0.0,-0.24675559108769146,0.0,4227325.439999996
2017-05-15,7.400838,664819707.0,0.0,4920223224.88,0.0,0.0,-0.24675559108769146,0.0,4227325.439999996
2017-05-16,7.468074,664819707.0,0.0,4964922973.04,0.0,0.0,-0.24675559108769146,0.0,2995068.879999996
2017-05-17,7.449524,664819707.0,0.0,4952590453.2,0.0,0.0,-0.24675559108769146,0.0,1580953.2799999963
2017-05-18,7.401979,664819707.0,0.0,4920981599.37,0.0,0.0,-0.24675559108769146,0.0,1580953.2799999963
2017-05-19,7.435965,664819707.0,0.0,4943576257.05,0.0,0.0,-0.24567228230282034,0.0,1440056.9999999963
2017-05-22,7.46159,664819707.0,0.0,4960612227.08,0.0,0.0,-0.24567228230282034,0.0,1440056.9999999963
2017-05-23,7.450861,664819707.0,0.0,4953479829.77,0.0,0.0,-0.24567228230282034,0.0,1440056.9999999963
2017-05-24,7.480063,664819707.0,0.0,4972893882.54,0.0,0.0,-0.24567228230282034,0.0,0.0
2017-05-25,7.48462,664819707.0,0.0,4975922909.3,0.0,0.0,-0.23966356797537633,0.0,0.0
2017-05-26,7.514584,664819707.0,0.0,4995843573.25,0.0,0.0,-0.23966356797537633,0.0,0.0
2017-05-30,7.493343,664819707.0,0.0,4981722128.16,0.0,0.0,-0.22605313049355824,0.0,0.0
2017-05-31,7.486877,664819707.0,0.0,4977423420.98,0.0,0.0,-0.2229025619661513,0.0,0.0
2017-06-01,7.516446,664819707.0,0.0,4997081910.05,0.0,0.0,-0.2168768937974009,0.0,0.0
2017-06-02,7.520078,664819707.0,0.0,4999496176.12,0.0,0.0,-0.24677599864659902,0.0,0.0
2017-06-05,7.498332,664819707.0,0.0,4985039547.38,0.0,0.0,-0.24677599864659908,0.0,0.0
2017-06-06,7.497447,664819707.0,0.0,4984451078.49,0.0,0.0,-0.24677599864659908,0.0,0.0
2017-06-07,7.451391,664819707.0,0.0,4953831996.09,0.0,0.0,-0.22783017156831348,0.0,0.0
2017-06-08,7.434501,664819707.0,0.0,4942603311.21,0.0,0.0,-0.22783017156831348,0.0,0.0
2017-06-09,7.511659,664819707.0,0.0,4993899050.08,0.0,0.0,-0.21921521645868,0.0,0.0
2017-06-12,7.496215,664819707.0,0.0,4983632065.27,0.0,0.0,-0.21461145475473556,0.0,0.0
2017-06-13,7.484695,664819707.0,0.0,4975972899.33,0.0,0.0,-0.21461145475473556,0.0,0.0
2017-06-14,7.459219,664819707.0,0.0,4959035954.11,0.0,0.0,-0.19264901591967082,0.0,0.0
2017-06-15,7.31276,664819707.0,0.0,4861667061.29,0.0,0.0,-0.19264901591967082,0.0,0.0
2017-06-16,7.355704,664819707.0,0.0,4890217368.96,0.0,0.0,-0.19264901591967082,0.0,0.0
2017-06-19,7.415144,664819707.0,0.0,4929734326.59,0.0,0.0,-0.19264901591967082,0.0,0.0
2017-06-20,7.364952,664819707.0,0.0,4896365471.68,0.0,0.0,-0.18038044115243027,0.0,0.0
2017-06-21,7.34053,664819707.0,0.0,4880128724.05,0.0,0.0,-0.18038044115243027,0.0,0.0
2017-06-22,7.333915,664819707.0,0.0,4875731651.03,0.0,0.0,-0.18038044115243027,0.0,0.0
2017-06-23,7.319023,664819707.0,0.0,4865830925.93,0.0,0.0,-0.18038044115243027,0.0,0.0
2017-06-26,7.341999,664819707.0,0.0,4881106115.3,0.0,0.0,-0.18038044115243027,0.0,0.0
2017-06-27,7.32973,664819707.0,0.0,4872949030.3,0.0,0.0,-0.18038044115243027,0.0,0.0
2017-06-28,7.283929,664819707.0,0.0,4842499859.86,0.0,0.0,-0.18038044115243027,0.0,0.0
2017-06-29,7.249225,664819707.0,0.0,4819427813.46,0.0,0.0,-0.18038044115243027,0.0,0.0
2017-06-30,7.211975,664819707.0,0.0,4794663386.72,0.0,0.0,-0.18038044115243027,0.0,0.0
2017-07-03,7.275478,664819707.0,0.0,4836881061.74,0.0,0.0,-0.18038044115243027,0.0,0.0
2017-07-04,7.256018,664819707.0,0.0,4823944049.17,0.0,0.0,-0.18038044115243027,0.0,0.0
2017-07-05,7.26606,664819707.0,0.0,4830620133.49,0.0,0.0,-0.18038044115243027,0.0,0.0
2017-07-06,7.237344,664819707.0,0.0,4811529124.37,0.0,0.0,-0.18038044115243027,0.0,0.0
2017-07-07,7.250675,664819707.0,0.0,4820392063.37,0.0,0.0,-0.18038044115243027,0.0,0.0
2017-07-10,7.269555,664819707.0,0.0,4832943794.74,0.0,0.0,-0.18038044115243027,0.0,0.0
2017-07-11,7.229779,664819707.0,0.0,4806499673.3,0.0,0.0,-0.18038044115243027,0.0,0.0
2017-07-12,7.315775,664819707.0,0.0,4863671600.74,0.0,0.0,-0.18038044115243027,0.0,0.0
2017-07-13,7.312292,664819707.0,0.0,4861356138.45,0.0,0.0,-0.18038044115243027,0.0,0.0
2017-07-14,7.277558,664819707.0,0.0,4838264174.08,0.0,0.0,-0.18038044115243027,0.0,0.0
2017-07-17,7.303121,664819707.0,0.0,4855258921.29,0.0,0.0,-0.18038044115243027,0.0,0.0
2017-07-18,7.289406,664819707.0,0.0,4846140937.92,0.0,0.0,-0.18038044115243027,0.0,0.0
2017-07-19,7.329374,664819707.0,0.0,4872712929.31,0.0,0.0,-0.18038044115243027,0.0,0.0
2017-07-20,7.385731,664819707.0,0.0,4910179980.43,0.0,0.0,-0.17244111683237814,0.0,0.0
2017-07-21,7.351311,664819707.0,0.0,4887296695.88,0.0,0.0,-0.17244111683237814,0.0,0.0
2017-07-24,7.276583,664819707.0,0.0,4837616239.67,0.0,0.0,-0.17244111683237814,0.0,0.0
2017-07-25,7.333137,664819707.0,0.0,4875214523.16,0.0,0.0,-0.17244111683237814,0.0,0.0
2017-07-26,7.350312,664819707.0,0.0,4886632525.29,0.0,0.0,-0.17244111683237814,0.0,0.0
2017-07-27,7.343612,664819707.0,0.0,4882178365.95,0.0,0.0,-0.17244111683237814,0.0,0.0
2017-07-28,7.269831,664819707.0,0.0,4833127079.82,0.0,0.0,-0.17244111683237814,0.0,0.0
2017-07-31,7.273415,664819707.0,0.0,4835510280.42,0.0,0.0,-0.17244111683237814,0.0,0.0
2017-08-01,7.324336,664819707.0,0.0,4869363348.77,0.0,0.0,-0.17244111683237814,0.0,0.0
2017-08-02,7.312235,664819707.0,0.0,4861318334.04,0.0,0.0,-0.17244111683237814,0.0,0.0
2017-08-03,7.383014,664819707.0,0.0,4908373431.81,0.0,0.0,-0.17244111683237814,0.0,0.0
2017-08-04,7.419529,664819707.0,0.0,4932649546.84,0.0,0.0,-0.17244111683237814,0.0,0.0
2017-08-07,7.4395,664819707.0,0.0,4945926377.75,0.0,0.0,-0.17244111683237814,0.0,0.0
2017-08-08,7.450164,664819707.0,0.0,4953016118.02,0.0,0.0,-0.17244111683237814,0.0,0.0
2017-08-09,7.40599,670019707.0,5200000.0,4962159912.57,38511148.0,0.007760964716684094,6.6003335301070845,7702229.600000018,1925557.3999999962
2017-08-10,7.338726,670019707.0,0.0,4917091165.21,0.0,0.0,-0.19359499062734653,7702229.600000018,1925557.3999999962
2017-08-11,7.259319,670019707.0,0.0,4863886860.71,0.0,0.0,-0.19359499062734653,7702229.600000018,1925557.3999999962
2017-08-14,7.303103,670019707.0,0.0,4893223429.23,0.0,0.0,-0.19359499062734653,7702229.600000018,1925557.3999999962
2017-08-15,7.333002,670019707.0,0.0,4913256476.55,0.0,0.0,-0.19359499062734653,7702229.600000018,1925557.3999999962
2017-08-16,7.381781,670019707.0,0.0,4945939345.28,0.0,0.0,-0.19359499062734653,0.0,1925557.3999999962
2017-08-17,7.346449,670219707.0,200000.0,4923734953.55,1469289.8,0.00029840960446919385,0.06546432467175824,293857.9600000179,1999021.8899999962
2017-08-18,7.282919,670219707.0,0.0,4881156147.1,0.0,0.0,-0.19579942252650748,293857.9600000179,1999021.8899999962
2017-08-21,7.277698,670419707.0,200000.0,4879112326.72,1455539.6,0.00029832057606644436,0.06321902958176312,584965.8800000179,2071798.8699999962
2017-08-22,7.340426,670419707.0,0.0,4921166788.45,0.0,0.0,-0.1980047839495136,584965.8800000179,2071798.8699999962
2017-08-23,7.341339,675419707.0,5000000.0,4958485229.65,36706695.0,0.007402804142786765,5.405154498303236,7926304.880000018,3907133.619999996
2017-08-24,7.36801,675419707.0,0.0,4976499264.34,0.0,0.0,-0.2186479167289436,7632446.920000019,3907133.619999996
2017-08-25,7.36223,675419707.0,0.0,4972595818.84,0.0,0.0,-0.2186479167289436,7632446.920000019,3907133.619999996
2017-08-29,7.29828,675419707.0,0.0,4929402799.88,0.0,0.0,-0.2186479167289436,7341339.000000018,3907133.619999996
2017-08-30,7.326041,675419707.0,0.0,4948153035.86,0.0,0.0,-0.2186479167289436,7341339.000000018,3907133.619999996
2017-08-31,7.392255,675419707.0,0.0,4992874840.98,0.0,0.0,-0.2186479167289436,0.0,3907133.619999996
2017-09-01,7.399982,675419707.0,0.0,4998094202.36,0.0,0.0,-0.2186479167289436,0.0,3907133.619999996
2017-09-04,7.372995,675419707.0,0.0,4979866374.76,0.0,0.0,-0.2186479167289436,0.0,3907133.619999996
2017-09-05,7.334483,675419707.0,0.0,4953854499.32,0.0,0.0,-0.2186479167289436,0.0,3907133.619999996
2017-09-06,7.315647,675419707.0,0.0,4941132333.27,0.0,0.0,-0.2186479167289436,0.0,3907133.619999996
2017-09-07,7.364363,675419707.0,0.0,4974036434.91,0.0,0.0,-0.2186479167289436,0.0,1981576.2199999962
2017-09-08,7.345096,675419707.0,0.0,4961022599.11,0.0,0.0,-0.2186479167289436,0.0,1981576.2199999962
2017-09-11,7.380802,675419707.0,0.0,4985139762.05,0.0,0.0,-0.2186479167289436,0.0,1981576.2199999962
2017-09-12,7.368133,675419707.0,0.0,4976582239.9,0.0,0.0,-0.2186479167289436,0.0,1981576.2199999962
2017-09-13,7.34716,675419707.0,0.0,4962417064.02,0.0,0.0,-0.2186479167289436,0.0,1981576.2199999962
2017-09-14,7.172051,682619707.0,7200000.0,4895783386.53,51638767.199999996,0.010547600480461652,6.304045685786029,10327753.440000016,4563514.579999996
2017-09-15,7.093321,682619707.0,0.0,4842040601.42,0.0,0.0,-0.22793031339755634,10327753.440000016,4490050.089999996
2017-09-18,7.131347,682619707.0,0.0,4867998628.69,0.0,0.0,-0.22793031339755634,10327753.440000016,4490050.089999996
2017-09-19,7.152898,682619707.0,0.0,4882709695.7,0.0,0.0,-0.22793031339755634,10327753.440000016,4417273.109999996
2017-09-20,7.149612,682619707.0,0.0,4880465909.13,0.0,0.0,-0.22793031339755634,10327753.440000016,4417273.109999996
2017-09-21,7.142651,682619707.0,0.0,4875714499.74,0.0,0.0,-0.22793031339755634,0.0,2581938.359999996
2017-09-22,7.188545,682619707.0,0.0,4907043132.79,0.0,0.0,-0.22793031339755634,0.0,2581938.359999996
2017-09-25,7.179377,682619707.0,0.0,4900784309.51,0.0,0.0,-0.22793031339755634,0.0,2581938.359999996
2017-09-26,7.163937,682619707.0,0.0,4890244910.45,0.0,0.0,-0.22793031339755634,0.0,2581938.359999996
2017-09-27,7.191295,682619707.0,0.0,4908919951.33,0.0,0.0,-0.22793031339755634,0.0,2581938.359999996
2017-09-28,7.201146,682619707.0,0.0,4915644648.09,0.0,0.0,-0.22793031339755634,0.0,2581938.359999996
2017-09-29,7.250269,682619707.0,0.0,4949176708.01,0.0,0.0,-0.22793031339755634,0.0,2581938.359999996
2017-10-02,7.31514,682619707.0,0.0,4993458893.42,0.0,0.0,-0.22793031339755634,0.0,2581938.359999996
2017-10-03,7.343992,682619707.0,0.0,5013154081.93,0.0,0.0,-0.22793031339755634,0.0,2581938.359999996
2017-10-04,7.343518,682619707.0,0.0,5012830346.52,0.0,0.0,-0.22793031339755634,0.0,2581938.359999996
2017-10-05,7.386398,682619707.0,0.0,5042101309.5,0.0,0.0,-0.2091858110147976,0.0,2581938.359999996
2017-10-06,7.401105,682619707.0,0.0,5052140794.99,0.0,0.0,-0.18783341257336464,0.0,2581938.359999996
2017-10-09,7.386309,682619707.0,0.0,5042040692.32,0.0,0.0,-0.18783341257336464,0.0,2581938.359999996
2017-10-10,7.416163,682619707.0,0.0,5062419493.97,0.0,0.0,-0.1843942439398977,0.0,2581938.359999996
2017-10-11,7.411757,682619707.0,0.0,5059411734.11,0.0,0.0,-0.1843942439398977,0.0,2581938.359999996
2017-10-12,7.440697,682619707.0,0.0,5079166271.28,0.0,0.0,-0.1843942439398977,0.0,0.0
2017-10-13,7.420296,682619707.0,0.0,5065240271.82,0.0,0.0,-0.16098440109372106,0.0,0.0
2017-10-16,7.411867,682619707.0,0.0,5059486538.87,0.0,0.0,-0.16098440109372106,0.0,0.0
2017-10-17,7.401384,682619707.0,0.0,5052330843.44,0.0,0.0,-0.16098440109372106,0.0,0.0
2017-10-18,7.427491,682619707.0,0.0,5070152213.98,0.0,0.0,-0.16098440109372106,0.0,0.0
2017-10-19,7.409417,682619707.0,0.0,5057814353.93,0.0,0.0,-0.16098440109372106,0.0,0.0
2017-10-20,7.409575,682619707.0,0.0,5057922594.73,0.0,0.0,-0.16098440109372106,0.0,0.0
2017-10-23,7.410782,682619707.0,0.0,5058746119.55,0.0,0.0,-0.16098440109372106,0.0,0.0
2017-10-24,7.412921,682619707.0,0.0,5060206118.04,0.0,0.0,-0.16098440109372106,0.0,0.0
2017-10-25,7.334634,682619707.0,0.0,5006765888.31,0.0,0.0,-0.16098440109372106,0.0,0.0
2017-10-26,7.375106,683219707.0,600000.0,5038817879.54,4425063.6,0.0008781947881005711,0.4780920777667176,885012.7200000178,221253.17999999627
2017-10-27,7.393405,683219707.0,0.0,5051320532.72,0.0,0.0,-0.16621530994460934,885012.7200000178,221253.17999999627
2017-10-30,7.376239,683219707.0,0.0,5039592177.53,0.0,0.0,-0.16621530994460934,885012.7200000178,221253.17999999627
2017-10-31,7.381476,683219707.0,0.0,5043169893.24,0.0,0.0,-0.16621530994460934,885012.7200000178,221253.17999999627
2017-11-01,7.376407,691219707.0,8000000.0,5098718083.82,59011256.0,0.011573743641026786,6.572776339252635,12687263.920000019,3171815.9799999963
2017-11-02,7.444361,691219707.0,0.0,5145689064.79,0.0,0.0,-0.18869942855428604,11802251.200000018,3171815.9799999963
2017-11-03,7.449278,696019707.0,4800000.0,5184844478.53,35756534.4,0.006896356206645111,3.5929390815989484,18953558.08000002,4959642.699999996
2017-11-06,7.451141,696019707.0,0.0,5186141246.6,0.0,0.0,-0.20979576742704223,18953558.08000002,4959642.699999996
2017-11-07,7.402717,696019707.0,0.0,5152437082.34,0.0,0.0,-0.20979576742704223,18953558.08000002,4959642.699999996
2017-11-08,7.419002,696019707.0,0.0,5163772119.64,0.0,0.0,-0.20979576742704223,7151306.880000018,4959642.699999996
2017-11-09,7.383414,696019707.0,0.0,5139002144.34,0.0,0.0,-0.20979576742704223,7151306.880000018,4959642.699999996
2017-11-10,7.332866,696019707.0,0.0,5103819253.32,0.0,0.0,-0.20979576742704223,0.0,4959642.699999996
2017-11-13,7.315437,696019707.0,0.0,5091688860.98,0.0,0.0,-0.20979576742704223,0.0,4959642.699999996
2017-11-14,7.314607,696019707.0,0.0,5091110806.39,0.0,0.0,-0.20979576742704223,0.0,4959642.699999996
2017-11-15,7.273413,696019707.0,0.0,5062438906.0,0.0,0.0,-0.20979576742704223,0.0,4959642.699999996
2017-11-16,7.300839,695763707.0,-256000.0,5079659329.08,-1869014.784,-0.0003679409706277499,-0.4107748509355102,-373802.9567999821,4866191.960799997
2017-11-17,7.29463,695763707.0,0.0,5075338893.06,0.0,0.0,-0.20799499914795752,-373802.9567999821,4866191.960799997
2017-11-20,7.303254,695763707.0,0.0,5081339672.93,0.0,0.0,-0.20799499914795752,-373802.9567999821,4866191.960799997
2017-11-21,7.325491,695763707.0,0.0,5096811394.76,0.0,0.0,-0.20799499914795752,-373802.9567999821,4866191.960799997
2017-11-22,7.332974,695763707.0,0.0,5102017757.9,0.0,0.0,-0.20799499914795752,-373802.9567999821,4866191.960799997
2017-11-23,7.338131,695763707.0,0.0,5105605822.77,0.0,0.0,-0.20799499914795752,0.0,4644938.780799997
2017-11-24,7.330681,695561136.0,-202571.0,5098937461.74,-1484983.380851,-0.00029123388784302784,-0.3670201225518797,-296996.6761701821,4570689.611757447
2017-11-27,7.305186,695561136.0,0.0,5081203619.87,0.0,0.0,-0.2065773455915093,-296996.6761701821,4570689.611757447
2017-11-28,7.3812,695561136.0,0.0,5134075928.67,0.0,0.0,-0.2065773455915093,-296996.6761701821,4570689.611757447
2017-11-29,7.314583,695561136.0,0.0,5087740036.25,0.0,0.0,-0.2065773455915093,-296996.6761701821,1620126.8117574463
2017-11-30,7.249752,695561136.0,0.0,5042646029.67,0.0,0.0,-0.2065773455915093,-296996.6761701821,1620126.8117574463
2017-12-01,7.22384,695561136.0,0.0,5024622942.64,0.0,0.0,-0.2065773455915093,0.0,-167699.90824255373
2017-12-04,7.261848,695561136.0,0.0,5051059857.46,0.0,0.0,-0.2065773455915093,0.0,-167699.90824255373
2017-12-05,7.250543,695561136.0,0.0,5043195962.62,0.0,0.0,-0.2065773455915093,0.0,-167699.90824255373
2017-12-06,7.270675,695561136.0,0.0,5057199277.78,0.0,0.0,-0.2065773455915093,0.0,-167699.90824255373
2017-12-07,7.244091,697961136.0,2400000.0,5056094527.18,17385818.4,0.003438586503187236,1.6528109069392838,3477163.6800000174,701591.0117574462
2017-12-08,7.316552,697961136.0,0.0,5106669496.36,0.0,0.0,-0.21981444453477864,3477163.6800000174,701591.0117574462
2017-12-11,7.37529,697961136.0,0.0,5147666023.73,0.0,0.0,-0.21981444453477864,3477163.6800000174,701591.0117574462
2017-12-12,7.421749,711961136.0,14000000.0,5283997331.91,103904486.0,0.019663992896537245,7.513037688640793,24258060.880000018,5896815.311757446
2017-12-13,7.418,713961136.0,2000000.0,5296164071.35,14836000.0,0.0028012727325153054,0.8670472362678406,27225260.880000018,6638615.311757446
2017-12-14,7.317945,717361136.0,3400000.0,5249609994.57,24881013.0,0.004739592660356863,1.5947649140149505,28724299.80000002,7976116.700957445
2017-12-15,7.359627,719361136.0,2000000.0,5294230178.83,14719254.0,0.002780244436454194,0.8232031977284973,31668150.600000016,8712079.400957447
2017-12-18,7.404853,719761136.0,400000.0,5329725767.8,2961941.2,0.0005557398877621104,-0.03964635320336369,32260538.840000015,8860176.460957445
2017-12-19,7.411833,719761136.0,0.0,5334749364.72,0.0,0.0,-0.2548153720836715,11479641.64000002,8860176.460957445
2017-12-20,7.393292,721561136.0,1800000.0,5334712862.25,13307925.6,0.0024945907949743278,0.7017059718399961,11174026.760000017,9525572.740957446
2017-12-21,7.471179,721761136.0,200000.0,5392407211.49,1494235.8,0.00027709995580751424,-0.15621736480146647,6496671.320000018,9600284.530957446
2017-12-22,7.460019,723361136.0,1600000.0,5396288412.61,11936030.4,0.0022118963048950438,0.5838726795200193,5940026.600000018,10271335.219999995
2017-12-27,7.487503,723361136.0,0.0,5416168987.34,0.0,0.0,-0.2701427857939572,5347638.360000019,10271335.219999995
2017-12-28,7.495064,749561136.0,26200000.0,5618009298.96,196370676.8,0.0349537827992474,8.36653807732995,44621773.72000002,20089869.059999995
2017-12-29,7.558864,750161136.0,600000.0,5670366183.21,4535318.399999999,0.0007998281333980006,-0.048735508130636,42867252.28000002,20316634.979999997
2018-01-02,7.519715,750161136.0,0.0,5640998282.07,0.0,0.0,-0.24581610786276156,42568405.12000002,20316634.979999997
2018-01-03,7.542411,750161136.0,0.0,5658023871.16,0.0,0.0,-0.24581610786276156,40181199.04000002,20316634.979999997
2018-01-04,7.567289,750161136.0,0.0,5676686493.8,0.0,0.0,-0.24581610786276156,40181199.04000002,20316634.979999997
2018-01-05,7.595062,750161136.0,0.0,5697520628.93,0.0,0.0,-0.24581610786276156,907063.6800000177,20316634.979999997
2018-01-08,7.567758,750161136.0,0.0,5677038552.48,0.0,0.0,-0.24581610786276156,0.0,20316634.979999997
2018-01-09,7.601664,750161136.0,0.0,5702473537.59,0.0,0.0,-0.24581610786276156,0.0,19447344.059999995
2018-01-10,7.61881,750161136.0,0.0,5715335359.88,0.0,0.0,-0.24581610786276156,0.0,19447344.059999995
2018-01-11,7.633016,750161136.0,0.0,5725992016.9,0.0,0.0,-0.24581610786276156,0.0,19447344.059999995
2018-01-12,7.648432,750161136.0,0.0,5737556565.38,0.0,0.0,-0.24581610786276156,0.0,14252119.759999996
2018-01-15,7.638984,750161136.0,0.0,5730469046.49,0.0,0.0,-0.24581610786276156,0.0,13510319.759999996
2018-01-16,7.625939,750161136.0,0.0,5720683588.83,0.0,0.0,-0.24581610786276156,0.0,12266269.109999998
2018-01-17,7.595935,750161136.0,0.0,5698175434.45,0.0,0.0,-0.24581610786276156,0.0,11530306.409999996
2018-01-18,7.574798,750161136.0,0.0,5682319355.06,0.0,0.0,-0.24581610786276156,0.0,11382209.349999998
2018-01-19,7.604184,750161136.0,0.0,5704363467.83,0.0,0.0,-0.24581610786276156,0.0,11382209.349999998
2018-01-22,7.588954,750161136.0,0.0,5692938990.22,0.0,0.0,-0.24581610786276156,0.0,10716813.069999997
2018-01-23,7.60511,750161136.0,0.0,5705058133.44,0.0,0.0,-0.24581610786276156,0.0,10642101.279999997
2018-01-24,7.518272,750161136.0,0.0,5639915834.55,0.0,0.0,-0.24581610786276156,0.0,10045299.759999996
2018-01-25,7.490954,750161136.0,0.0,5619422697.95,0.0,0.0,-0.24581610786276156,0.0,10045299.759999996
2018-01-26,7.539908,750161136.0,0.0,5656146358.07,0.0,0.0,-0.24581610786276156,0.0,226765.9199999955
2018-01-29,7.545743,750161136.0,0.0,5660523488.05,0.0,0.0,-0.24581610786276156,0.0,0.0
2018-01-30,7.463645,750161136.0,0.0,5598937054.63,0.0,0.0,-0.2325804590800321,0.0,0.0
2018-01-31,7.409897,750161136.0,0.0,5558616948.22,0.0,0.0,-0.2325804590800321,0.0,0.0
2018-02-01,7.36747,750161136.0,0.0,5526789700.96,0.0,0.0,-0.2325804590800321,0.0,0.0
2018-02-02,7.321314,750161136.0,0.0,5492165352.4,0.0,0.0,-0.2325804590800321,0.0,0.0
2018-02-05,7.214661,750161136.0,0.0,5412158354.5,0.0,0.0,-0.2325804590800321,0.0,0.0
2018-02-06,7.024359,750161136.0,0.0,5269401472.5,0.0,0.0,-0.2325804590800321,0.0,0.0
2018-02-07,7.159954,750161136.0,0.0,5371119446.27,0.0,0.0,-0.2319322349436347,0.0,0.0
2018-02-08,7.053354,750161136.0,0.0,5291152350.81,0.0,0.0,-0.2319322349436347,0.0,0.0
2018-02-09,6.976295,750013990.0,-147146.0,5232318968.64,-1026533.90407,-0.0001961910025406612,-0.27974576212983177,-205306.78081398213,-51326.695203504474
2018-02-12,7.059684,750413990.0,400000.0,5297686046.07,2823873.6,0.0005330390618550988,-0.09913858344581271,359467.93918601784,89866.98479649553
2018-02-13,7.050778,750413990.0,0.0,5291002561.73,0.0,0.0,-0.21901009592354018,359467.93918601784,89866.98479649553
2018-02-14,7.096819,751013990.0,600000.0,5329810602.7,4258091.4,0.0007989198336321589,-0.019363309391715548,1211086.219186018,302771.5547964956
2018-02-15,7.140362,753013990.0,2000000.0,5376792792.22,14280724.0,0.002655992996543148,0.44285930130917217,4067231.0191860185,1016807.7547964957
2018-02-16,7.199569,753013990.0,0.0,5421376780.68,0.0,0.0,-0.22616963109300564,4272537.8000000175,1016807.7547964957
2018-02-19,7.153014,753013990.0,0.0,5386320011.4,0.0,0.0,-0.22616963109300564,3707763.080000018,1016807.7547964957
2018-02-20,7.152138,753013990.0,0.0,5385660004.33,0.0,0.0,-0.22616963109300564,3707763.080000018,1016807.7547964957
2018-02-21,7.186587,753813990.0,800000.0,5417350177.88,5749269.600000001,0.0010612697003555883,0.03893839210710586,4005998.7200000184,1304271.2347964956
2018-02-22,7.178381,754413990.0,600000.0,5415471629.69,4307028.6,0.0007953192066203381,-0.029743344010594867,2011259.6400000178,1519622.6647964956
2018-02-23,7.170315,754413990.0,0.0,5409386663.25,0.0,0.0,-0.23016526682049387,2011259.6400000178,1519622.6647964956
2018-02-26,7.21526,754413990.0,0.0,5443293170.05,0.0,0.0,-0.23016526682049387,2011259.6400000178,1519622.6647964956
2018-02-27,7.208041,756413990.0,2000000.0,5452263712.27,14416082.0,0.0026440544259730965,0.43034741910664537,4894476.040000018,2240426.7647964954
2018-02-28,7.158331,756413990.0,0.0,5414662074.54,0.0,0.0,-0.23558567037651226,3744622.1200000173,2240426.7647964954
2018-03-01,7.110537,756413990.0,0.0,5378510223.55,0.0,0.0,-0.23558567037651226,2883216.400000018,2240426.7647964954
2018-03-02,7.006192,756413990.0,0.0,5299582348.2,0.0,0.0,-0.23558567037651226,2883216.400000018,2240426.7647964954
2018-03-05,7.051457,756413990.0,0.0,5333820747.85,0.0,0.0,-0.23558567037651226,2883216.400000018,2240426.7647964954
2018-03-06,7.08191,756413990.0,0.0,5356855970.88,0.0,0.0,-0.21890998894804364,0.0,2240426.7647964954
2018-03-07,7.092771,756413990.0,0.0,5365071729.79,0.0,0.0,-0.21890998894804364,0.0,2240426.7647964954
2018-03-08,7.14617,756413990.0,0.0,5405463237.97,0.0,0.0,-0.21890998894804364,0.0,2240426.7647964954
2018-03-09,7.167094,756413990.0,0.0,5421290658.4,0.0,0.0,-0.21890998894804364,0.0,2291753.459999996
2018-03-12,7.157371,756413990.0,0.0,5413935868.45,0.0,0.0,-0.21890998894804364,0.0,2150559.779999996
2018-03-13,7.08187,756413990.0,0.0,5356826045.53,0.0,0.0,-0.21890998894804364,0.0,2150559.779999996
2018-03-14,7.076084,756413990.0,0.0,5352449568.5,0.0,0.0,-0.21890998894804364,0.0,1937655.2099999958
2018-03-15,7.030659,759413990.0,3000000.0,5339181423.39,21091977.0,0.003950413991852724,0.7910557871737317,4218395.400000018,2278217.8599999957
2018-03-16,7.054542,759413990.0,0.0,5357317913.77,0.0,0.0,-0.2268557440986624,4218395.400000018,2278217.8599999957
2018-03-19,6.934798,759413990.0,0.0,5266382668.37,0.0,0.0,-0.2268557440986624,4218395.400000018,2278217.8599999957
2018-03-20,6.952985,759413990.0,0.0,5280194335.24,0.0,0.0,-0.2268557440986624,4218395.400000018,2278217.8599999957
2018-03-21,6.930808,759413990.0,0.0,5263352783.9,0.0,0.0,-0.2268557440986624,4218395.400000018,1990754.3799999952
2018-03-22,6.851582,759413990.0,0.0,5203187393.52,0.0,0.0,-0.2268557440986624,0.0,1775402.9499999955
2018-03-23,6.821537,759413990.0,0.0,5180371100.51,0.0,0.0,-0.2268557440986624,0.0,1775402.9499999955
2018-03-26,6.788561,759413990.0,0.0,5155328439.13,0.0,0.0,-0.2268557440986624,0.0,1775402.9499999955
2018-03-27,6.898302,760013990.0,600000.0,5242806637.96,4138981.2,0.000789459059968402,-0.02513475170030546,827796.2400000179,1261547.9099999955
2018-03-28,6.942141,763953342.0,3939352.0,5303472275.63,27347537.032632,0.005156534363024153,1.08410844763554,6297303.646526418,2628924.7616315954
2018-03-29,6.958007,763953342.0,0.0,5315592712.58,0.0,0.0,-0.23853133411979602,6297303.646526418,2628924.7616315954
2018-03-30,6.958007,763953342.0,0.0,5315592712.58,0.0,0.0,-0.23853133411979602,6297303.646526418,2628924.7616315954
2018-03-31,6.958007,763953342.0,0.0,,0.0,,,6297303.646526418,2628924.7616315954
2018-04-03,6.932,763953342.0,0.0,5295725280.97,0.0,0.0,-0.23958077594618568,5469507.406526418,2628924.7616315954
2018-04-04,6.935899,763953342.0,0.0,5298703508.62,0.0,0.0,-0.23958077594618568,0.0,2628924.7616315954
2018-04-05,7.106152,764953342.0,1000000.0,5435875317.91,7106152.0,0.0013072691304354994,0.09161220512354006,1421230.4000000178,2984232.3616315955
2018-04-06,7.090428,764953342.0,0.0,5423847150.96,0.0,0.0,-0.24243811216831834,1421230.4000000178,2984232.3616315955
2018-04-09,7.101367,764953342.0,0.0,5432215020.24,0.0,0.0,-0.24243811216831834,1421230.4000000178,2984232.3616315955
2018-04-10,7.172435,764953342.0,0.0,5486578306.12,0.0,0.0,-0.24243811216831834,1421230.4000000178,2984232.3616315955
2018-04-11,7.163036,764953342.0,0.0,5479388537.77,0.0,0.0,-0.24243811216831834,1421230.4000000178,2984232.3616315955
2018-04-12,7.168305,764953342.0,0.0,5483419227.59,0.0,0.0,-0.24243811216831834,0.0,1929633.5116315954
2018-04-13,7.174484,764953342.0,0.0,5488145750.91,0.0,0.0,-0.24243811216831834,0.0,1929633.5116315954
2018-04-16,7.108869,764953342.0,0.0,5437953216.2,0.0,0.0,-0.24243811216831834,0.0,1929633.5116315954
2018-04-17,7.136261,764953342.0,0.0,5458906730.16,0.0,0.0,-0.24049320774775776,0.0,1929633.5116315954
2018-04-18,7.22639,764953342.0,0.0,5527851825.74,0.0,0.0,-0.24049320774775776,0.0,1929633.5116315954
2018-04-19,7.247522,764953342.0,0.0,5544016500.66,0.0,0.0,-0.24049320774775776,0.0,1929633.5116315954
2018-04-20,7.28625,764953342.0,0.0,5573641494.93,0.0,0.0,-0.24049320774775776,0.0,1929633.5116315954
2018-04-23,7.316741,764953342.0,0.0,5596966049.85,0.0,0.0,-0.22273763986927075,0.0,1929633.5116315954
2018-04-24,7.342763,765891480.0,938138.0,5623760261.48,6888524.995294,0.0012248966305475394,0.09777730031242564,1377704.999058818,2067110.7013962953
2018-04-25,7.297287,765891480.0,0.0,5588930426.29,0.0,0.0,-0.21247846845598056,1377704.999058818,699733.8497646956
2018-04-26,7.346235,766491480.0,600000.0,5630827260.44,4407741.0,0.0007827874655234183,-0.00540278476903914,2259253.199058818,920120.8997646956
2018-04-27,7.426377,766481105.0,-10375.0,5692177805.31,-77048.661375,-1.353588450858377e-05,-0.21785467197578107,2243843.466783818,916268.4666959455
2018-04-30,7.433275,766481105.0,0.0,5697465146.09,0.0,0.0,-0.2142429035654318,2243843.466783818,916268.4666959455
2018-05-01,7.444312,766481105.0,0.0,5705924683.04,0.0,0.0,-0.2142429035654318,866138.4677250178,916268.4666959455
2018-05-02,7.467143,766481105.0,0.0,5723424256.28,0.0,0.0,-0.2142429035654318,866138.4677250178,916268.4666959455
2018-05-03,7.430404,766481105.0,0.0,5695264414.65,0.0,0.0,-0.2142429035654318,-15409.732274982118,560960.8666959455
2018-05-04,7.49418,766481105.0,0.0,5744147876.72,0.0,0.0,-0.2142429035654318,0.0,560960.8666959455
2018-05-08,7.492739,766481105.0,0.0,5743043087.76,0.0,0.0,-0.2142429035654318,0.0,560960.8666959455
2018-05-09,7.588411,766430185.0,-50920.0,5815987929.52,-386401.88812,-6.64378765572662e-05,-0.2326897532841129,-77280.37762398212,541640.7722899455
2018-05-10,7.64854,766430185.0,0.0,5862072422.46,0.0,0.0,-0.21495889704952795,-77280.37762398212,541640.7722899455
2018-05-11,7.671802,766430185.0,0.0,5879901046.25,0.0,0.0,-0.21495889704952795,-77280.37762398212,541640.7722899455
2018-05-14,7.658232,766405395.0,-24790.0,5869310743.44,-189847.57128,-3.234580337941529e-05,-0.22351517794680617,-115249.89187998213,532148.3937259455
2018-05-15,7.670438,766405395.0,0.0,5878665693.0,0.0,0.0,-0.21488290941276997,-115249.89187998213,532148.3937259455
2018-05-16,7.681606,766557289.0,151894.0,5888391222.11,1166789.861764,0.00019815087309125865,-0.1624596218696036,195388.4580968179,590487.8868141456
2018-05-17,7.74143,766557289.0,0.0,5934250311.49,0.0,0.0,-0.21603491333215216,195388.4580968179,590487.8868141456
2018-05-18,7.732508,766557289.0,0.0,5927410478.19,0.0,0.0,-0.21603491333215216,195388.4580968179,590487.8868141456
2018-05-21,7.812635,766557289.0,0.0,5988832870.71,0.0,0.0,-0.21603491333215216,233357.9723528179,590487.8868141456
2018-05-22,7.83105,766557289.0,0.0,6002948788.53,0.0,0.0,-0.21603491333215216,233357.9723528179,590487.8868141456
2018-05-23,7.742276,766557289.0,0.0,5934898560.58,0.0,0.0,-0.21603491333215216,0.0,246061.6370494455
2018-05-24,7.674159,767157289.0,600000.0,5887287775.68,4604495.4,0.0007821080904216826,-0.009013813391506465,920899.080000018,476286.40704944555
2018-05-25,7.687514,767157289.0,0.0,5897532997.36,0.0,0.0,-0.21783271678635324,920899.080000018,255899.35704944553
2018-05-29,7.590376,767157289.0,0.0,5823012502.13,0.0,0.0,-0.21783271678635324,920899.080000018,259751.79011819552
2018-05-30,7.646561,767157289.0,0.0,5866115468.97,0.0,0.0,-0.21783271678635324,920899.080000018,259751.79011819552
2018-05-31,7.641608,767157289.0,0.0,5862315491.19,0.0,0.0,-0.2105194999677391,920899.080000018,259751.79011819552
2018-06-01,7.664813,767157289.0,0.0,5880117824.43,0.0,0.0,-0.2105194999677391,0.0,259751.79011819552
2018-06-04,7.704176,767157289.0,0.0,5910314981.63,0.0,0.0,-0.2105194999677391,0.0,259751.79011819552
2018-06-05,7.650029,767557289.0,400000.0,5871835563.18,3060011.6,0.000521133735281714,-0.03175351353223273,612002.3200000179,412752.37011819554
2018-06-06,7.675293,767557289.0,0.0,5891227314.73,0.0,0.0,-0.18258159231505974,612002.3200000179,412752.37011819554
2018-06-07,7.678088,767557289.0,0.0,5893372793.51,0.0,0.0,-0.1716483316987482,612002.3200000179,432072.46452419553
2018-06-08,7.654569,767557289.0,0.0,5875320356.36,0.0,0.0,-0.16482541466766007,612002.3200000179,432072.46452419553
2018-06-11,7.71103,767957289.0,400000.0,5921741968.36,3084412.0,0.0005208622760802619,-0.005568038358615331,1228884.720000018,586293.0645241955
2018-06-12,7.677408,767957289.0,0.0,5895922114.05,0.0,0.0,-0.16473584672598254,616882.4000000178,595785.4430881955
2018-06-13,7.677336,767957289.0,0.0,5895866170.59,0.0,0.0,-0.15855500000313058,616882.4000000178,595785.4430881955
2018-06-14,7.648634,767957289.0,0.0,5873824859.37,0.0,0.0,-0.15782927786497233,616882.4000000178,537445.9499999955
2018-06-15,7.518608,767957289.0,0.0,5773969954.09,0.0,0.0,-0.15230197484746194,616882.4000000178,537445.9499999955
2018-06-18,7.515841,767957289.0,0.0,5771845164.68,0.0,0.0,-0.15230197484746194,0.0,537445.9499999955
2018-06-19,7.488849,768557289.0,600000.0,5755609494.38,4493309.4,0.0007806835061321379,0.7962594311642831,898661.8800000179,762111.4199999955
2018-06-20,7.512182,768557289.0,0.0,5773542847.14,0.0,0.0,-0.28442266620001805,898661.8800000179,762111.4199999955
2018-06-21,7.444651,774557289.0,6000000.0,5766309143.61,44667906.0,0.007746359913689199,7.521159886209441,9832243.080000017,2995506.7199999955
2018-06-22,7.568678,775557289.0,1000000.0,5869943660.47,7568678.0,0.0012893953396809917,1.0118477862655946,11345978.680000018,3143715.8499999954
2018-06-25,7.398306,775757289.0,200000.0,5739290470.95,1479661.2,0.00025781256541892333,-0.02364629522224502,11641910.920000019,3217698.9099999955
2018-06-26,7.426757,775757289.0,0.0,5761361034.21,0.0,0.0,-0.2819778187169797,10743249.040000018,3217698.9099999955
2018-06-27,7.508879,781757289.0,6000000.0,5870121566.88,45053274.0,0.007675015497838496,6.0773074983259034,19753903.84000002,5470362.609999996
2018-06-28,7.508891,782557289.0,800000.0,5876137984.38,6007112.8,0.00102228926821803,0.5532034573865142,12021745.200000018,5770718.249999995
2018-06-29,7.530239,782557289.0,0.0,5892843703.63,0.0,0.0,-0.29366882807471967,10508009.600000018,5770718.249999995
2018-07-02,7.442176,783957289.0,1400000.0,5834348849.27,10419046.4,0.0017858113508765665,1.1668629367131156,12295886.64000002,6291670.569999996
2018-07-03,7.486683,783936135.0,-21154.0,5869081356.56,-158373.292182,-2.6984340914780934e-05,-0.3264521825554235,12264211.981563617,6130751.325390896
2018-07-04,7.466798,783936135.0,0.0,5853492860.93,0.0,0.0,-0.30422171596801234,3253557.1815636177,6130751.325390896
2018-07-05,7.497083,783936135.0,0.0,5877234897.59,0.0,0.0,-0.30422171596801234,2052134.6215636178,6130751.325390896
2018-07-06,7.511276,783936135.0,0.0,5888361383.51,0.0,0.0,-0.30422171596801234,2052134.6215636178,6130751.325390896
2018-07-09,7.580736,783936135.0,0.0,5942813359.01,0.0,0.0,-0.30422171596801234,-31674.65843638249,5976530.725390895
2018-07-10,7.584657,783936135.0,0.0,5945887002.52,0.0,0.0,-0.30422171596801234,0.0,5976530.725390895
2018-07-11,7.485833,783936135.0,0.0,5868415354.72,0.0,0.0,-0.30422171596801234,0.0,5976530.725390895
2018-07-12,7.544559,783936135.0,0.0,5914452955.87,0.0,0.0,-0.30422171596801234,0.0,5976530.725390895
2018-07-13,7.554988,783936135.0,0.0,5922628456.29,0.0,0.0,-0.30422171596801234,0.0,5976530.725390895
2018-07-16,7.494316,783936135.0,0.0,5875065836.42,0.0,0.0,-0.30422171596801234,0.0,5976530.725390895
2018-07-17,7.519973,783936135.0,0.0,5895179067.63,0.0,0.0,-0.30422171596801234,0.0,5751865.2553908955
2018-07-18,7.569132,783936135.0,0.0,5933716199.56,0.0,0.0,-0.30422171596801234,0.0,5751865.2553908955
2018-07-19,7.576711,783936135.0,0.0,5939658134.62,0.0,0.0,-0.30422171596801234,0.0,3518469.9553908957
2018-07-20,7.571622,783936135.0,0.0,5935668826.65,0.0,0.0,-0.30422171596801234,0.0,3140036.0553908953
2018-07-23,7.548977,783936135.0,0.0,5917916191.57,0.0,0.0,-0.30422171596801234,0.0,3066052.9953908953
2018-07-24,7.601158,783936135.0,0.0,5958822971.52,0.0,0.0,-0.30422171596801234,0.0,3066052.9953908953
2018-07-25,7.551155,783936135.0,0.0,5919623566.87,0.0,0.0,-0.30422171596801234,0.0,813389.2953908955
2018-07-26,7.559194,783898943.0,-37192.0,5925644779.62,-281141.543248,-4.744488637167836e-05,-0.34294294554082283,-56228.30864958248,498976.57822849555
2018-07-27,7.596793,783898943.0,0.0,5955118486.6,0.0,0.0,-0.3038606893849216,-56228.30864958248,498976.57822849543
2018-07-30,7.596317,783898943.0,0.0,5954745057.76,0.0,0.0,-0.3038606893849216,-56228.30864958248,-21975.74177150447
2018-07-31,7.643686,783898943.0,0.0,5991877529.71,0.0,0.0,-0.30537997015526314,-56228.30864958248,-14057.077162404468
2018-08-01,7.548927,783898943.0,0.0,5917596324.01,0.0,0.0,-0.30159406158322133,-56228.30864958248,-14057.077162404468
2018-08-02,7.475703,783898943.0,0.0,5860196273.75,0.0,0.0,-0.30159406158322133,0.0,-14057.077162404468
2018-08-03,7.557864,783898943.0,0.0,5924602310.35,0.0,0.0,-0.29611264030965534,0.0,-14057.077162404468
2018-08-06,7.562307,783898943.0,0.0,5928084907.27,0.0,0.0,-0.28197536029936665,0.0,-14057.077162404468
2018-08-07,7.616396,783898943.0,0.0,5970485525.49,0.0,0.0,-0.28197536029936665,0.0,-14057.077162404468
2018-08-08,7.673663,783898943.0,0.0,6015376786.6,0.0,0.0,-0.28197536029936665,0.0,-14057.077162404468
2018-08-09,7.677068,783898943.0,0.0,6018045781.08,0.0,0.0,-0.28197536029936665,0.0,-14057.077162404468
2018-08-10,7.602874,783898943.0,0.0,5959885590.51,0.0,0.0,-0.27485661561935015,0.0,-14057.077162404468
2018-08-13,7.578643,783898943.0,0.0,5940890947.38,0.0,0.0,-0.2693506784924205,0.0,-14057.077162404468
2018-08-14,7.54816,783898943.0,0.0,5916995026.89,0.0,0.0,-0.2693506784924205,0.0,-14057.077162404468
2018-08-15,7.434832,783898943.0,0.0,5828157373.98,0.0,0.0,-0.2693506784924205,0.0,-14057.077162404468
2018-08-16,7.510405,783898943.0,0.0,5887398557.8,0.0,0.0,-0.25482049996426587,0.0,-14057.077162404468
2018-08-17,7.512361,783898943.0,0.0,5888932510.39,0.0,0.0,-0.25482049996426587,0.0,-14057.077162404468
2018-08-20,7.545072,783898943.0,0.0,5914574155.55,0.0,0.0,-0.25482049996426587,0.0,-14057.077162404468
2018-08-21,7.519551,783898943.0,0.0,5894568294.14,0.0,0.0,-0.25482049996426587,0.0,-14057.077162404468
2018-08-22,7.527989,783855080.0,-43863.0,5900852857.01,-330200.181507,-5.595804360970196e-05,-0.3020447405385062,-66040.0363013825,-30567.08623775447
2018-08-23,7.521214,783855080.0,0.0,5895542331.0,0.0,0.0,-0.25439139883523065,-66040.0363013825,-16510.009075354472
2018-08-24,7.535457,783855080.0,0.0,5906706854.2,0.0,0.0,-0.25439139883523065,-66040.0363013825,-16510.009075354472
2018-08-28,7.575013,783855080.0,0.0,5937712466.24,0.0,0.0,-0.25439139883523065,-66040.0363013825,-16510.009075354472
2018-08-29,7.520993,783855080.0,0.0,5895368757.1,0.0,0.0,-0.25439139883523065,-66040.0363013825,-16510.009075354472
2018-08-30,7.474565,783855080.0,0.0,5858976331.92,0.0,0.0,-0.25439139883523065,0.0,-16510.009075354472
2018-08-31,7.39145,784255080.0,400000.0,5796782408.18,2956580.0,0.0005100381197382685,0.17632764597563932,591316.0000000175,131318.99092464554
2018-09-03,7.463271,784255080.0,0.0,5853108596.25,0.0,0.0,-0.25807843873224817,591316.0000000175,131318.99092464554
2018-09-04,7.416844,784255080.0,0.0,5816698248.7,0.0,0.0,-0.23985188750984748,591316.0000000175,131318.99092464554
2018-09-05,7.34277,785455080.0,1200000.0,5767416202.64,8811324.0,0.0015277766837716114,1.1013735793831447,2353580.8000000175,571885.1909246456
2018-09-06,7.287427,786055080.0,600000.0,5728319622.27,4372456.2,0.0007633052078660543,0.41928380038002305,3228072.0400000177,790508.0009246456
2018-09-07,7.246385,786055080.0,0.0,5696058141.27,0.0,0.0,-0.25557021920078377,2636756.0400000177,790508.0009246456
2018-09-10,7.247588,786855080.0,800000.0,5702801446.79,5798070.4,0.001016705640920328,0.6348480253452866,3796370.1200000173,1080411.5209246457
2018-09-11,7.241796,786855080.0,0.0,5698244300.2,0.0,0.0,-0.2627437136084878,3796370.1200000173,1080411.5209246457
2018-09-12,7.28142,787655080.0,800000.0,5735248004.02,5825136.0,0.0010156729048015002,0.6255374372974809,3199132.5200000172,1371668.3209246458
2018-09-13,7.160302,792055080.0,4400000.0,5671353688.25,31505328.799999997,0.005555169106323457,4.223735081464562,8625707.040000018,2946934.7609246457
2018-09-14,7.182435,792055080.0,0.0,5688884182.43,0.0,0.0,-0.2811278325892044,8625707.040000018,2946934.7609246457
2018-09-17,7.180378,792055080.0,0.0,5687255365.25,0.0,0.0,-0.26365858140522297,7466092.960000018,2946934.7609246457
2018-09-18,7.178534,792055080.0,0.0,5685794554.57,0.0,0.0,-0.26365858140522297,7466092.960000018,2946934.7609246457
2018-09-19,7.20889,792655080.0,600000.0,5714163837.73,4325334.0,0.0007569495945216503,0.389635082847176,7166132.560000017,3163201.4609246454
2018-09-20,7.244772,792655080.0,0.0,5742605636.03,0.0,0.0,-0.26790573782111454,865066.8000000172,3179711.4699999955
2018-09-21,7.365549,792655080.0,0.0,5838340462.24,0.0,0.0,-0.26790573782111454,865066.8000000172,3179711.4699999955
2018-09-24,7.334267,792655080.0,0.0,5813544577.67,0.0,0.0,-0.26790573782111454,865066.8000000172,3179711.4699999955
2018-09-25,7.382551,792655080.0,0.0,5851817128.32,0.0,0.0,-0.25915509993766833,865066.8000000172,3179711.4699999955
2018-09-26,7.386417,792655080.0,0.0,5854881287.76,0.0,0.0,-0.25915509993766833,0.0,3179711.4699999955
2018-09-27,7.420406,792655080.0,0.0,5881823250.31,0.0,0.0,-0.25915509993766833,0.0,3179711.4699999955
2018-09-28,7.385839,792655080.0,0.0,5854423483.43,0.0,0.0,-0.25915509993766833,0.0,3031882.4699999955
2018-10-01,7.371477,792655080.0,0.0,5843038948.38,0.0,0.0,-0.25915509993766833,0.0,3031882.4699999955
2018-10-02,7.350647,792655080.0,0.0,5826528099.47,0.0,0.0,-0.25915509993766833,0.0,3031882.4699999955
2018-10-03,7.385795,792655080.0,0.0,5854388358.82,0.0,0.0,-0.25915509993766833,0.0,2591316.2699999954
2018-10-04,7.302367,794655080.0,2000000.0,5802863077.63,14604734.0,0.0025168152004656384,1.8987124270481224,2920946.800000017,3102930.1599999955
2018-10-05,7.204107,794655080.0,0.0,5724780990.94,0.0,0.0,-0.2733389181054886,2920946.800000017,3102930.1599999955
2018-10-08,7.120233,794655080.0,0.0,5658129900.59,0.0,0.0,-0.2733389181054886,2920946.800000017,2813026.6399999955
2018-10-09,7.12438,794655080.0,0.0,5661425367.56,0.0,0.0,-0.2733389181054886,2920946.800000017,2813026.6399999955
2018-10-10,7.034006,794655080.0,0.0,5589609158.02,0.0,0.0,-0.2733389181054886,2920946.800000017,2521769.839999995
2018-10-11,6.905036,795855080.0,1200000.0,5495408288.67,8286043.2,0.0015078121159957326,1.0129720824948258,1657208.6400000171,1360805.5599999954
2018-10-12,6.894098,795855080.0,0.0,5486703167.27,0.0,0.0,-0.2748637768372928,1657208.6400000171,1360805.5599999954
2018-10-15,6.926899,795855080.0,0.0,5512808258.04,0.0,0.0,-0.2748637768372928,1657208.6400000171,1360805.5599999954
2018-10-16,6.9566,795855080.0,0.0,5536445837.79,0.0,0.0,-0.26934392428205234,1657208.6400000171,1360805.5599999954
2018-10-17,6.951697,795855080.0,0.0,5532543526.29,0.0,0.0,-0.2694483964181487,1657208.6400000171,1144538.8599999954
2018-10-18,6.926273,795855080.0,0.0,5512309622.95,0.0,0.0,-0.2694483964181487,0.0,1144538.8599999954
2018-10-19,6.948621,795855080.0,0.0,5530095629.81,0.0,0.0,-0.2694483964181487,0.0,1144538.8599999954
2018-10-22,6.941811,795855080.0,0.0,5524676091.37,0.0,0.0,-0.2694483964181487,0.0,1144538.8599999954
2018-10-23,6.855685,795855080.0,0.0,5456132437.85,0.0,0.0,-0.2694483964181487,0.0,1144538.8599999954
2018-10-24,6.863127,796956121.0,1101041.0,5469611579.64,7556584.215207,0.001381557740468357,0.9082891577208501,1511316.8430414172,1522368.0707603456
2018-10-25,6.904723,798556121.0,1600000.0,5513808862.74,11047556.799999999,0.002003616207056929,1.4165682110768067,3720828.203041417,2074745.9107603454
2018-10-26,6.840538,799756121.0,1200000.0,5470762413.95,8208645.6,0.0015004573364525244,0.973345020186144,5362557.323041417,2485178.190760345
2018-10-29,6.926727,800356121.0,600000.0,5543848759.39,4156036.1999999997,0.0007496662301547519,0.33062479571714976,6193764.563041417,2692980.0007603457
2018-10-30,6.936243,801556121.0,1200000.0,5559788649.44,8323491.600000001,0.0014970877716436884,0.9512228727007733,7858462.883041417,3109154.580760346
2018-10-31,7.027102,801756121.0,200000.0,5634022379.47,1405420.4000000001,0.00024945239925231003,-0.10626579072067205,6628230.120000017,3179425.6007603453
2018-11-01,7.014789,802356121.0,600000.0,5628359392.71,4208873.4,0.0007477975563272389,0.31023758997263934,5260493.440000017,2659632.5707603456
2018-11-02,6.994873,802722777.0,366656.0,5614944592.04,2564712.154688,0.00045676535407381447,0.06210074495666096,4131706.750937617,2787868.1784947454
2018-11-05,7.004499,803122777.0,400000.0,5625473209.78,2801799.6,0.0004980558071326363,0.09357553972429412,3860859.430937617,2927958.1584947454
2018-11-06,6.942152,803122777.0,0.0,5575401058.52,0.0,0.0,-0.32816778244764905,2196161.110937617,2927958.1584947454
2018-11-07,7.017405,804922777.0,1800000.0,5648469877.08,12631329.0,0.002236239065601571,1.5348087637639563,4441342.8309376165,3559524.608494745
2018-11-08,7.0466,807922777.0,3000000.0,5693108918.57,21139800.0,0.0037132259899411717,2.664912432865406,7827528.150937617,4202212.448494745
2018-11-09,7.011952,807922777.0,0.0,5665116230.44,0.0,0.0,-0.355576995691734,7314585.7200000165,4202212.448494745
2018-11-12,6.960552,809522777.0,1600000.0,5634725626.27,11136883.2,0.001976473024361302,1.2363990151964483,8981602.440000016,4759056.608494746
2018-11-13,6.961079,809522777.0,0.0,5635152297.87,0.0,0.0,-0.36143062366749157,8981602.440000016,4759056.608494746
2018-11-14,6.941356,809522777.0,0.0,5619186063.84,0.0,0.0,-0.36143062366749157,6455336.640000016,4759056.608494746
2018-11-15,6.960338,809922777.0,400000.0,5637337074.68,2784135.2,0.0004938741755402377,0.034521236031618406,2784203.680000016,4898263.368494745
2018-11-16,6.936972,809922777.0,0.0,5618411723.24,0.0,0.0,-0.36495800481606444,2784203.680000016,4898263.368494745
2018-11-19,6.923805,809922777.0,0.0,5607747695.49,0.0,0.0,-0.36495800481606444,556827.0400000165,4898263.368494745
2018-11-20,6.871452,810522777.0,600000.0,5569468865.31,4122871.1999999997,0.0007402629047232348,0.2289059227122641,1381401.2800000166,5104406.928494746
2018-11-21,6.972613,810522777.0,0.0,5651461932.93,0.0,0.0,-0.3663562429899823,1381401.2800000166,4726577.7177343955
2018-11-22,6.89329,811122777.0,600000.0,5591305262.56,4135974.0,0.0007397152911136761,0.22694197625741058,1651769.0400000163,4380998.577734396
2018-11-23,6.8858,813667159.0,2544382.0,5602749575.89,17520105.5756,0.0031270549108589987,2.098151818281778,5155790.155120016,4846571.576514395
2018-11-26,6.968212,813667159.0,0.0,5669805640.57,0.0,0.0,-0.3853863379017524,5155790.155120016,4638769.766514396
2018-11-27,6.949203,813667159.0,0.0,5654338870.21,0.0,0.0,-0.38170449618521857,4331215.915120016,4222595.186514395
2018-11-28,6.936911,813667159.0,0.0,5644337167.15,0.0,0.0,-0.38170449618521857,4331215.915120016,4152324.1665143957
2018-11-29,6.972799,813667159.0,0.0,5673538085.12,0.0,0.0,-0.38170449618521857,3504021.115120016,3941880.496514396
2018-11-30,6.913988,813667159.0,0.0,5625685117.87,0.0,0.0,-0.38170449618521857,0.0,3813644.8887799955
2018-12-03,6.995889,813667159.0,0.0,5692325338.23,0.0,0.0,-0.38170449618521857,0.0,3673554.908779995
2018-12-04,6.956466,813667159.0,0.0,5660248019.76,0.0,0.0,-0.38170449618521857,0.0,3673554.908779995
2018-12-05,6.856643,813667159.0,0.0,5579025832.32,0.0,0.0,-0.3764049790680295,0.0,3041988.4587799953
2018-12-06,6.640673,813667159.0,0.0,5403297610.3,0.0,0.0,-0.3764049790680295,0.0,1984998.458779995
2018-12-07,6.714871,813667159.0,0.0,5463670227.71,0.0,0.0,-0.38355853381040284,0.0,1984998.458779995
2018-12-10,6.658641,814067159.0,400000.0,5420580987.02,2663456.4,0.0004913599494921028,0.08274524396736109,532691.2800000163,1561327.1187799952
2018-12-11,6.743515,814067159.0,0.0,5489674670.48,0.0,0.0,-0.37619926825577793,532691.2800000163,1561327.1187799952
2018-12-12,6.815661,814067159.0,0.0,5548406089.42,0.0,0.0,-0.37619926825577793,532691.2800000163,1561327.1187799952
2018-12-13,6.75649,814067159.0,0.0,5500236849.36,0.0,0.0,-0.406083541613196,532691.2800000163,1422120.3587799952
2018-12-14,6.724535,814067159.0,0.0,5474223299.68,0.0,0.0,-0.3967036814921089,532691.2800000163,1422120.3587799952
2018-12-17,6.654116,814667159.0,600000.0,5420890246.69,3992469.6,0.0007364970361533893,0.48494777003085743,798493.9200000165,1621743.8387799955
2018-12-18,6.583812,820067159.0,5400000.0,5399168227.38,35552584.8,0.006584826273741102,6.2244261254316156,7909010.880000016,3193229.5187799954
2018-12-19,6.647071,820067159.0,0.0,5451045036.86,0.0,0.0,-0.375820045609441,7909010.880000016,3193229.5187799954
2018-12-20,6.59443,824267159.0,4200000.0,5435572382.64,27696606.0,0.005095435043502824,4.307425271849445,13448332.080000017,4371261.1187799955
2018-12-21,6.603201,824267159.0,0.0,5442802249.65,0.0,0.0,-0.38431763088883997,13448332.080000017,3495255.839999995
2018-12-24,6.567991,824267159.0,0.0,5413779881.3,0.0,0.0,-0.38431763088883997,12649838.160000015,3495255.839999995
2018-12-27,6.474495,824267159.0,0.0,5336714322.69,0.0,0.0,-0.38431763088883997,5539321.200000016,3495255.839999995
2018-12-28,6.621149,824267159.0,0.0,5457595783.15,0.0,0.0,-0.38431763088883997,5539321.200000016,3495255.839999995
2018-12-31,6.615279,824267159.0,0.0,5452757702.7,0.0,0.0,-0.38431763088883997,0.0,3495255.839999995
2019-01-02,6.62128,824267159.0,0.0,5457704420.99,0.0,0.0,-0.38431763088883997,0.0,3495255.839999995
2019-01-03,6.581223,827267159.0,3000000.0,5444430445.15,19743669.0,0.003626397508225682,2.827810648953226,3948733.8000000166,4482439.289999995
2019-01-04,6.723399,828067159.0,800000.0,5567425921.03,5378719.2,0.0009661052120483199,0.4539967869361137,5024477.640000016,4751375.249999995
2019-01-07,6.69727,828067159.0,0.0,5545789365.07,0.0,0.0,-0.40526397773392225,5024477.640000016,4751375.249999995
2019-01-08,6.747338,828067159.0,0.0,5587249637.49,0.0,0.0,-0.40526397773392225,5024477.640000016,4751375.249999995
2019-01-09,6.7916,828667159.0,600000.0,5627976152.38,4074960.0,0.0007240542407552226,0.23345708314788965,5839469.640000016,4955123.249999995
2019-01-10,6.826973,828667159.0,0.0,5657289088.11,0.0,0.0,-0.41082161449920823,1890735.8400000161,4821950.429999995
2019-01-11,6.80269,828667159.0,0.0,5637166116.23,0.0,0.0,-0.41082161449920823,814992.0000000164,4821950.429999995
2019-01-14,6.740501,828596853.0,-70306.0,5585158701.95,-473897.663306,-8.48494534525122e-05,-0.4855551966136445,720212.4673388164,4798255.546834695
2019-01-15,6.779953,828996853.0,400000.0,5620560012.93,2711981.2,0.0004825108519010801,0.01558462813354588,1262608.7073388163,4933854.606834695
2019-01-16,6.748049,828996853.0,0.0,5594111740.09,0.0,0.0,-0.41436331108925395,447616.70733881637,4933854.606834695
2019-01-17,6.723548,828996853.0,0.0,5573800452.15,0.0,0.0,-0.41436331108925395,447616.70733881637,4734231.126834695
2019-01-18,6.854861,828996853.0,0.0,5682658476.35,0.0,0.0,-0.41436331108925395,447616.70733881637,2956601.8868346955
2019-01-21,6.856928,841996853.0,13000000.0,5773512359.86,89140064.0,0.015439486129750234,8.394855782081725,18370409.040000014,7413605.086834696
2019-01-22,6.788877,846996853.0,5000000.0,5750157606.91,33944385.0,0.005903209497981207,2.870103123091713,24616889.800000016,7725994.036834696
2019-01-23,6.731338,854596853.0,7600000.0,5752581102.51,51158168.8,0.00889308084290691,4.128519644205261,34848523.56000002,10283902.476834696
2019-01-24,6.707868,863396853.0,8800000.0,5791552679.87,59029238.400000006,0.010192299312958163,4.347778832229423,46654371.24000002,13235364.396834696
2019-01-25,6.69819,869996853.0,6600000.0,5827404926.92,44208054.0,0.00758623341854598,2.9931386393768373,55495982.04000001,15445767.096834695
2019-01-28,6.637106,872396853.0,2400000.0,5790190395.97,15929054.4,0.0027510415566104176,0.827636962323219,40853780.12000002,16242219.816834697
2019-01-29,6.722423,874196853.0,1800000.0,5876721376.01,12100361.4,0.002059032686047733,0.512289716433006,36484975.40000002,16847237.886834696
2019-01-30,6.828281,874404426.0,207573.0,5970679410.42,1417366.772013,0.00023738785397511353,-0.297754887929966,26536814.994402617,16918106.225435346
2019-01-31,6.855034,875804426.0,1400000.0,6003669945.92,9597047.6,0.0015985301801145818,0.3011501029511206,16650376.834402615,16410775.155435348
2019-02-01,6.905623,878404426.0,2600000.0,6065929815.02,17954619.8,0.0029599122224497417,0.8928158355995123,11399689.994402613,17039570.185435347
2019-02-04,6.919191,878404426.0,0.0,6077848685.28,0.0,0.0,-0.4191030715186573,8213879.114402616,17039570.185435347
2019-02-05,7.060107,878790686.0,386260.0,6204356704.4,2727036.92982,0.0004395358068123393,-0.22603088857592704,6339214.220366615,17175922.031926345
2019-02-06,7.055901,879190686.0,400000.0,6203483132.95,2822360.4000000004,0.0004549638226642291,-0.22099073383507026,6620212.945964014,17113292.05192635
2019-02-07,6.978173,882190686.0,3000000.0,6156079820.1,20934519.0,0.0034006250100343787,1.0690387136867574,8887707.225964015,18160018.001926348
2019-02-08,6.956088,882590686.0,400000.0,6139378794.07,2782435.2,0.00045321119502962463,-0.23518297835762436,5853270.3059640145,18299139.761926346
2019-02-11,7.013044,882590686.0,0.0,6189647867.34,0.0,0.0,-0.4355633699032158,5853270.3059640145,18322834.645091645
2019-02-12,7.016982,882790686.0,200000.0,6194526772.95,1403396.4,0.00022655425530297046,-0.3365775478146635,5588542.200000015,18257405.405091647
2019-02-13,7.074614,882790686.0,0.0,6245403359.76,0.0,0.0,-0.4367869547741165,5024070.120000015,18257405.405091647
2019-02-14,7.099298,882990686.0,200000.0,6268614390.66,1419859.6,0.00022650294172114617,-0.3375451616572128,1121138.240000015,18328398.385091648
2019-02-15,7.138257,882990686.0,0.0,6303014682.64,0.0,0.0,-0.4377645395228816,564651.2000000149,18328398.385091648
2019-02-18,7.121253,882990686.0,0.0,6288000279.18,0.0,0.0,-0.4377645395228816,564651.2000000149,13871395.185091648
2019-02-19,7.081502,882990686.0,0.0,6252900429.1,0.0,0.0,-0.4377645395228816,283971.92000001494,12174175.935091648
2019-02-20,7.130151,883790686.0,800000.0,6301561660.67,5704120.8,0.0009051916187063892,-0.03871405717784554,1424796.080000015,9901473.535091646
2019-02-21,7.089251,883790686.0,0.0,6265414852.01,0.0,0.0,-0.439302495083835,1140824.1600000148,6950011.615091646
2019-02-22,7.100509,883790686.0,0.0,6275364409.66,0.0,0.0,-0.439302495083835,1140824.1600000146,4739608.915091647
2019-02-25,7.105598,883790686.0,0.0,6279861622.82,0.0,0.0,-0.43342591819519766,1140824.1600000146,3943156.195091646
2019-02-26,7.073425,883735545.0,-55141.0,6251037506.16,-390035.727925,-6.239535877694617e-05,-0.4575911978470071,1062817.0144150148,3318636.3386953967
2019-02-27,7.029783,884135545.0,400000.0,6215281411.85,2811913.2,0.00045241928943697246,-0.23187793346188534,484375.494415015,3388363.6600947464
2019-02-28,7.011595,884135545.0,0.0,6199200947.66,0.0,0.0,-0.42784562026360523,484375.494415015,2908511.2800947465
2019-03-01,7.043031,884135545.0,0.0,6226994737.18,0.0,0.0,-0.42784562026360523,484375.494415015,2010780.2900947467
2019-03-04,7.070502,884135545.0,0.0,6251282224.32,0.0,0.0,-0.42378397504688536,484375.494415015,2010780.2900947467
2019-03-05,7.119148,884135545.0,0.0,6294292353.26,0.0,0.0,-0.41027659341556183,562382.6400000149,1874428.4436037466
2019-03-06,7.131546,884135545.0,0.0,6305253691.86,0.0,0.0,-0.41027659341556183,0.0,1733310.4236037463
2019-03-07,7.106438,884108083.0,-27462.0,6282859722.26,-195157.000356,-3.106181086051692e-05,-0.42408874664283513,-39031.4000711851,676826.6235859463
2019-03-08,7.053977,884108083.0,0.0,6236478905.75,0.0,0.0,-0.4101402939299932,-39031.4000711851,537704.8635859464
2019-03-11,7.079833,884108083.0,0.0,6259337974.01,0.0,0.0,-0.4070301884398306,-39031.4000711851,537704.8635859464
2019-03-12,7.100438,884108083.0,0.0,6277555316.9,0.0,0.0,-0.4070301884398306,-39031.4000711851,467535.0435859463
2019-03-13,7.107845,884108083.0,0.0,6284103228.61,0.0,0.0,-0.4070301884398306,-39031.4000711851,467535.0435859463
2019-03-14,7.066118,885708083.0,1600000.0,6258517877.79,11305788.8,0.001806464249326757,0.39687675611690953,2261157.760000015,961831.5035859464
2019-03-15,7.108251,885708083.0,0.0,6295835973.02,0.0,0.0,-0.41379992374808466,2261157.760000015,961831.5035859464
2019-03-18,7.177671,885708083.0,0.0,6357321306.64,0.0,0.0,-0.41379992374808466,2261157.760000015,961831.5035859464
2019-03-19,7.202123,885708083.0,0.0,6378978594.05,0.0,0.0,-0.41379992374808466,2261157.760000015,961831.5035859464
2019-03-20,7.169788,885708083.0,0.0,6350339893.53,0.0,0.0,-0.41379992374808466,2261157.760000015,676625.4635859464
2019-03-21,7.239263,885708083.0,0.0,6411874447.39,0.0,0.0,-0.41379992374808466,0.0,676625.4635859464
2019-03-22,7.093624,885708083.0,0.0,6282880150.7,0.0,0.0,-0.41379992374808466,0.0,676625.4635859464
2019-03-25,7.064007,885708083.0,0.0,6256648600.23,0.0,0.0,-0.41379992374808466,0.0,676625.4635859464
2019-03-26,7.082593,885708083.0,0.0,6273110025.95,0.0,0.0,-0.40498645766823244,0.0,696127.2499821964
2019-03-27,7.080148,885708083.0,0.0,6270944322.15,0.0,0.0,-0.40498645766823244,0.0,555531.5899821963
2019-03-28,7.124156,885708083.0,0.0,6309922776.68,0.0,0.0,-0.40498645766823244,0.0,555531.5899821963
2019-03-29,7.168341,885708083.0,0.0,6349058217.81,0.0,0.0,-0.40498645766823244,0.0,555531.5899821963
2019-04-01,7.205974,885708083.0,0.0,6382390250.54,0.0,0.0,-0.40498645766823244,0.0,555531.5899821963
2019-04-02,7.278507,885708083.0,0.0,6446632759.18,0.0,0.0,-0.3991953887059038,0.0,555531.5899821963
2019-04-03,7.305167,885708083.0,0.0,6470245575.93,0.0,0.0,-0.3991953887059038,0.0,555531.5899821963
2019-04-04,7.299394,885708083.0,0.0,6465132558.21,0.0,0.0,-0.3991953887059038,0.0,565289.4399999965
2019-04-05,7.343797,885708083.0,0.0,6504461184.48,0.0,0.0,-0.3991953887059038,0.0,565289.4399999965
2019-04-08,7.348414,885708083.0,0.0,6508550004.83,0.0,0.0,-0.3991953887059038,0.0,565289.4399999965
2019-04-09,7.322683,885708083.0,0.0,6485759769.38,0.0,0.0,-0.3991953887059038,0.0,565289.4399999965
2019-04-10,7.31899,885708083.0,0.0,6482488908.79,0.0,0.0,-0.3991953887059038,0.0,565289.4399999965
2019-04-11,7.322882,885708083.0,0.0,6485936155.95,0.0,0.0,-0.3991953887059038,0.0,0.0
2019-04-12,7.341601,885708083.0,0.0,6502515595.87,0.0,0.0,-0.3991953887059038,0.0,0.0
2019-04-15,7.34147,885708083.0,0.0,6502399823.59,0.0,0.0,-0.39384581963953247,0.0,0.0
2019-04-16,7.374048,885655083.0,-53000.0,6530863116.7,-390824.544,-5.984270945759478e-05,-0.4131466553434117,-78164.9087999851,-19541.227200003632
2019-04-17,7.375464,885655083.0,0.0,6532117808.93,0.0,0.0,-0.3805465593070181,-78164.9087999851,-19541.227200003632
2019-04-18,7.368318,885655083.0,0.0,6525789145.35,0.0,0.0,-0.3775157872803946,-78164.9087999851,-19541.227200003632
2019-04-23,7.430635,885655083.0,0.0,6580980106.49,0.0,0.0,-0.3718348339643866,-78164.9087999851,-19541.227200003632
2019-04-24,7.379906,885531788.0,-123295.0,6535141971.0,-909905.51027,-0.00013923270746186517,-0.43264149097081256,-260146.0108539851,-65036.50271350363
2019-04-25,7.350277,885531788.0,0.0,6508904453.06,0.0,0.0,-0.3671903885057692,-181981.1020539851,-65036.50271350363
2019-04-26,7.344406,885531788.0,0.0,6503705677.42,0.0,0.0,-0.36531825579517646,-181981.1020539851,-65036.50271350363
2019-04-29,7.356742,885531788.0,0.0,6514629373.79,0.0,0.0,-0.3632864168401331,-181981.1020539851,-65036.50271350363
2019-04-30,7.334549,885531788.0,0.0,6494976675.98,0.0,0.0,-0.3632864168401331,-181981.1020539851,-65036.50271350363
2019-05-01,7.301795,885531788.0,0.0,6465972411.13,0.0,0.0,-0.3553644937250336,0.0,-65036.50271350363
2019-05-02,7.27259,885531788.0,0.0,6440110482.29,0.0,0.0,-0.343826429018469,0.0,-65036.50271350363
2019-05-03,7.30152,885531788.0,0.0,6465728274.01,0.0,0.0,-0.343826429018469,0.0,-65036.50271350363
2019-05-07,7.182586,885503802.0,-27986.0,6360207493.45,-201011.851796,-3.160460598227498e-05,-0.3508043003647415,-40202.3703591851,-75087.09530330363
2019-05-08,7.193084,885503802.0,0.0,6369503770.84,0.0,0.0,-0.3365256808702758,-40202.3703591851,-75087.09530330363
2019-05-09,7.138528,885503802.0,0.0,6321194378.0,0.0,0.0,-0.3365256808702758,-40202.3703591851,-75087.09530330363
2019-05-10,7.13491,885503802.0,0.0,6317990575.84,0.0,0.0,-0.3345257960323562,-40202.3703591851,-75087.09530330363
2019-05-13,7.095646,885503802.0,0.0,6283221660.98,0.0,0.0,-0.3345257960323562,-40202.3703591851,-75087.09530330363
2019-05-14,7.172656,885503802.0,0.0,6351414512.73,0.0,0.0,-0.3345257960323562,0.0,-75087.09530330363
2019-05-15,7.227651,885503802.0,0.0,6400112545.29,0.0,0.0,-0.33158536508947695,0.0,-75087.09530330363
2019-05-16,7.306506,885503802.0,0.0,6469938854.15,0.0,0.0,-0.33158536508947695,0.0,-75087.09530330363
2019-05-17,7.301779,885503802.0,0.0,6465753085.65,0.0,0.0,-0.3286523671006867,0.0,-55545.868103303634
2019-05-20,7.264113,885503802.0,0.0,6432400469.82,0.0,0.0,-0.318342669151183,0.0,-55545.868103303634
2019-05-21,7.282104,885503802.0,0.0,6448331342.54,0.0,0.0,-0.318342669151183,0.0,-55545.868103303634
2019-05-22,7.287667,885503802.0,0.0,6453257466.7,0.0,0.0,-0.318342669151183,0.0,-55545.868103303634
2019-05-23,7.187582,885458696.0,-45106.0,6364307627.26,-324203.073692,-5.094082383814276e-05,-0.34121702818338273,-64840.6147383851,-26260.746274403635
2019-05-24,7.233931,885458696.0,0.0,6405347729.18,0.0,0.0,-0.31812990876853653,-64840.6147383851,-26260.746274403635
2019-05-28,7.225376,885458696.0,0.0,6397772170.07,0.0,0.0,-0.31812990876853653,-64840.6147383851,-26260.746274403635
2019-05-29,7.141928,885444314.0,-14382.0,6323780213.61,-102715.208496,-1.6242691084509387e-05,-0.32542350884120214,-85383.6564375851,-31396.506699203637
2019-05-30,7.180224,885444314.0,0.0,6357688874.09,0.0,0.0,-0.31806223243970927,-85383.6564375851,-31396.506699203637
2019-05-31,7.123952,885444314.0,0.0,6307863545.87,0.0,0.0,-0.31806223243970927,-20543.0416991851,-31396.506699203637
2019-06-03,7.146945,885444314.0,0.0,6328222616.19,0.0,0.0,-0.31806223243970927,-20543.0416991851,-31396.506699203637
2019-06-04,7.176403,885444314.0,0.0,6354305485.39,0.0,0.0,-0.31806223243970927,-20543.0416991851,-31396.506699203637
2019-06-05,7.182023,885444314.0,0.0,6359281905.81,0.0,0.0,-0.31608480628526925,0.0,-21345.914109403635
2019-06-06,7.228665,885444314.0,0.0,6400580891.72,0.0,0.0,-0.31608480628526925,0.0,-21345.914109403635
2019-06-07,7.300285,885444314.0,0.0,6463996476.35,0.0,0.0,-0.31608480628526925,0.0,-21345.914109403635
2019-06-10,7.343873,885444314.0,0.0,6502591273.98,0.0,0.0,-0.31608480628526925,0.0,-21345.914109403635
2019-06-11,7.366608,885444314.0,0.0,6522721180.45,0.0,0.0,-0.31608480628526925,0.0,-21345.914109403635
2019-06-12,7.335947,885444314.0,0.0,6495573055.7,0.0,0.0,-0.3131745263513146,0.0,-21345.914109403635
2019-06-13,7.235695,885444314.0,0.0,6406805114.36,0.0,0.0,-0.29732925298617874,0.0,-21345.914109403635
2019-06-14,7.213376,885444314.0,0.0,6387043310.89,0.0,0.0,-0.29732925298617874,0.0,-21345.914109403635
2019-06-17,7.224757,885444314.0,0.0,6397120803.72,0.0,0.0,-0.28264674760929626,0.0,-21345.914109403635
2019-06-18,7.308953,885444314.0,0.0,6471670903.05,0.0,0.0,-0.28264674760929626,0.0,-21345.914109403635
2019-06-19,7.269949,885444314.0,0.0,6437135861.12,0.0,0.0,-0.28264674760929626,0.0,-21345.914109403635
2019-06-20,7.292374,885444314.0,0.0,6456991918.12,0.0,0.0,-0.28264674760929626,0.0,-21345.914109403635
2019-06-21,7.275537,885444314.0,0.0,6442083319.1,0.0,0.0,-0.28264674760929626,0.0,-5135.760424803632
2019-06-24,7.284427,885444314.0,0.0,6449955215.76,0.0,0.0,-0.28264674760929626,0.0,-5135.760424803632
2019-06-25,7.290116,885444314.0,0.0,6454992148.67,0.0,0.0,-0.28264674760929626,0.0,-5135.760424803632
2019-06-26,7.284155,885444314.0,0.0,6449714173.49,0.0,0.0,-0.27058480467569596,0.0,0.0
2019-06-27,7.276509,885444314.0,0.0,6442943938.56,0.0,0.0,-0.2666841012979746,0.0,0.0
2019-06-28,7.299445,885444314.0,0.0,6463252326.41,0.0,0.0,-0.2666841012979746,0.0,0.0
2019-07-01,7.36998,885444314.0,0.0,6525707282.66,0.0,0.0,-0.2666841012979746,0.0,0.0
2019-07-02,7.43057,885444314.0,0.0,6579356081.8,0.0,0.0,-0.26371936053993833,0.0,0.0
2019-07-03,7.479766,885444314.0,0.0,6622917097.33,0.0,0.0,-0.26371936053993833,0.0,0.0
2019-07-04,7.476008,885414847.0,-29467.0,6619368806.02,-220295.52773600002,-3.3280443225289356e-05,-0.27953574128887476,-44059.1055471851,-11014.776386803633
2019-07-05,7.426389,885414847.0,0.0,6575435825.32,0.0,0.0,-0.2639414671337823,-44059.1055471851,-11014.776386803633
2019-07-08,7.422577,885414847.0,0.0,6572060061.43,0.0,0.0,-0.2619381204250114,-44059.1055471851,-11014.776386803633
2019-07-09,7.409937,885414847.0,0.0,6560868872.58,0.0,0.0,-0.2619381204250114,-44059.1055471851,-11014.776386803633
2019-07-10,7.40429,885414847.0,0.0,6555868309.66,0.0,0.0,-0.2619381204250114,-44059.1055471851,-11014.776386803633
2019-07-11,7.383903,885385075.0,-29772.0,6537597779.92,-219833.560116,-3.362604545529109e-05,-0.2779152661020155,-43966.7120231851,-22006.454392603635
2019-07-12,7.380033,885385075.0,0.0,6534171424.33,0.0,0.0,-0.26544665089620223,-43966.7120231851,-22006.454392603635
2019-07-15,7.405434,885385075.0,0.0,6556661172.19,0.0,0.0,-0.24719579162410013,-43966.7120231851,-22006.454392603635
2019-07-16,7.449982,887385075.0,2000000.0,6611003157.28,14899964.0,0.0022538128700774016,1.5180239039886878,2936026.0879768147,722991.7456073964
2019-07-17,7.408926,890185075.0,2800000.0,6595315442.8,20744992.8,0.0031454132830973196,3.0846344808730306,7085024.647976816,1760241.3856073965
2019-07-18,7.367351,890185075.0,0.0,6558306289.68,0.0,0.0,-0.2934698284224621,7128991.360000014,1760241.3856073965
2019-07-19,7.382635,890155206.0,-29869.0,6571691298.05,-220511.92481499998,-3.35548209454744e-05,-0.3317628425198816,7084888.975037014,1749215.7893666464
2019-07-22,7.388723,890755206.0,600000.0,6581543868.43,4433233.8,0.0006735856948800569,0.8872510478363463,7971535.735037016,1970877.4793666464
2019-07-23,7.430044,890695803.0,-59403.0,6617909651.0,-441366.903732,-6.669279682071621e-05,-0.37765602321679836,4903269.554290615,1948809.1341800462
2019-07-24,7.375444,890695803.0,0.0,6569277756.0,0.0,0.0,-0.24695813301364933,754270.9942906148,1948809.1341800462
2019-07-25,7.366217,891236087.0,540284.0,6565039032.99,3979849.1856279997,0.0006062186630770733,0.9567151833859102,1550240.8314162148,2147801.5934614465
2019-07-26,7.425004,892036087.0,800000.0,6623371720.16,5940003.2,0.0008968246764589726,1.5004887915773832,2782343.8563792147,2444801.7534614466
2019-07-29,7.560349,892036087.0,0.0,6744104278.01,0.0,0.0,-0.24341672609093418,1895697.0963792144,2444801.7534614466
2019-07-30,7.521106,910036087.0,18000000.0,6844478032.12,135379908.0,0.01977943494955854,10.448313006956662,29059952.077125616,9213797.153461447
2019-07-31,7.462168,910036087.0,0.0,6790842558.93,0.0,0.0,-0.13951429420943764,29059952.077125616,9213797.153461447
2019-08-01,7.461038,910036087.0,0.0,6789814731.63,0.0,0.0,-0.13746143197536229,28263982.240000017,9224811.929848248
2019-08-02,7.286051,910036087.0,0.0,6630569613.62,0.0,0.0,-0.13746143197536229,27075981.600000013,9224811.929848248
2019-08-05,7.105855,909932184.0,-103903.0,6465846550.5,-738319.652065,-0.00011418762358471161,-0.19781979382461634,26928317.66958701,9187895.947244998
2019-08-06,7.054582,911932184.0,2000000.0,6433300430.37,14109164.0,0.0021931455172517936,1.0387727882771827,2674168.869587012,9893354.147244997
2019-08-07,7.081021,912532184.0,600000.0,6461660166.82,4248612.6,0.0006575109941275176,0.20781477088244502,3523891.389587012,10105784.777244996
2019-08-08,7.201993,917732184.0,5200000.0,6609500767.87,37450363.6,0.005666141046847761,2.7891682999529315,11013964.109587012,11989294.635250797
2019-08-09,7.170366,918732184.0,1000000.0,6587646827.52,7170366.0,0.0010884563468165416,0.3961031746279679,12448037.309587013,12347812.935250798
2019-08-12,7.143894,919732184.0,1000000.0,6570469745.57,7143894.0,0.0010872729464764099,0.39055793853722687,14024480.040000012,12705007.635250797
2019-08-13,7.167709,929132184.0,9400000.0,6659749857.64,67376464.60000001,0.010116966258530924,4.585374224784615,24677940.160000015,15328832.665250797
2019-08-14,7.065602,936732184.0,7600000.0,6618577282.67,53698575.2,0.008113310898492291,3.42328996968571,34567932.68000002,16976511.785250798
2019-08-15,7.011959,937732184.0,1000000.0,6575340340.15,7011959.0,0.0010664024426513625,0.25806190446248906,28480251.760000013,17327109.735250797
2019-08-16,7.061821,938132184.0,400000.0,6624922441.39,2824728.4,0.0004263790897161557,-0.03062633337592127,27611124.24000001,17479371.751491547
2019-08-19,7.133862,938732184.0,600000.0,6696786771.01,4280317.2,0.0006391598458128074,0.06223016084518481,27038408.880000014,17471725.921491545
2019-08-20,7.069535,941132184.0,2400000.0,6653367238.67,16966884.0,0.0025501198703397677,0.9087548446859957,16956492.760000013,18342138.466678146
2019-08-21,7.147809,941932184.0,800000.0,6732751452.07,5718247.199999999,0.0008493180300368746,0.14503030866734098,7360427.160000011,18628050.82667815
2019-08-22,7.078019,943932184.0,2000000.0,6681170285.64,14156038.0,0.0021187961681542397,0.7035925832143274,8789242.960000012,19136860.267396748
2019-08-23,7.045594,946302691.0,2370507.0,6667264800.3,16701629.896158,0.002505019733940445,0.8641582319290156,11564623.259231612,19674941.602204647
2019-08-27,7.039804,946302691.0,0.0,6661785811.71,0.0,0.0,-0.2508557093948117,10708559.81923161,19674941.602204647
2019-08-28,7.065326,946302691.0,0.0,6685937165.44,0.0,0.0,-0.2508557093948117,7315183.019231612,12905946.202204648
2019-08-29,7.134914,954302691.0,8000000.0,6808868419.67,57079312.0,0.008383083426183527,3.288477068511711,17587395.97923161,15759911.802204648
2019-08-30,7.157297,954302691.0,0.0,6830228523.33,0.0,0.0,-0.2689113296504106,14756188.379231611,15759911.802204648
2019-09-02,7.231996,954902691.0,600000.0,6905853361.59,4339197.6,0.0006283361914596091,-0.004498195824179462,12283701.920000011,15976871.682204645
2019-09-03,7.218073,955702691.0,800000.0,6898332105.4,5774458.4,0.0008370803712798586,0.08117219528175557,13438593.600000013,16302510.584807897
2019-09-04,7.260893,957702691.0,2000000.0,6953777309.5,14521786.0,0.002088330608482509,0.6043241009967709,16342950.800000012,16323141.684807897
2019-09-05,7.232125,957702691.0,0.0,6926225926.47,0.0,0.0,-0.27509990874926943,4927088.400000011,16110711.054807898
2019-09-06,7.243279,957702691.0,0.0,6936908413.12,0.0,0.0,-0.27509990874926943,4927088.400000011,14238192.874807898
2019-09-09,7.196944,957702691.0,0.0,6892533578.4,0.0,0.0,-0.27509990874926943,4059248.88000001,13879674.574807897
2019-09-10,7.22895,957702691.0,0.0,6923185726.71,0.0,0.0,-0.27509990874926943,2904357.2000000104,13522479.874807898
2019-09-11,7.298561,964102691.0,6400000.0,7036563031.36,46710790.4,0.0066382963091246435,2.4541807379676044,9342158.08000001,12489196.164807897
2019-09-12,7.210219,989242857.0,25140166.0,7132658425.77,181266102.55635402,0.025413540329009318,7.4103369131779475,45595378.59127082,18867572.532625597
2019-09-13,7.23267,997842857.0,8600000.0,7217069007.24,62200962.0,0.008618590446842258,2.258674601276856,58035570.9912708,21627022.6826256
2019-09-16,7.187716,1029642857.0,31800000.0,7400781343.6,228569368.8,0.030884491540566963,6.826498703318845,103749444.75127082,32914254.702625595
2019-09-17,7.186416,1057642857.0,28000000.0,7600662235.14,201219648.0,0.02647396263311175,5.090191451329721,143993374.35127082,42761221.2426256
2019-09-18,7.180145,1062642857.0,5000000.0,7629930160.23,35900725.0,0.004705249490634629,0.6505690500484553,141831361.2712708,43707913.2926256
2019-09-19,7.221561,1066442857.0,3800000.0,7701383022.78,27441931.8,0.003563247239986536,0.41229119789635893,111066527.12,44794097.522625595
2019-09-20,7.209991,1068042857.0,1600000.0,7700579572.82,11535985.6,0.0014980671897369213,-0.009855466845409958,100933531.84,44663094.9026256
2019-09-23,7.191293,1068442857.0,400000.0,7683486117.54,2876517.2,0.0003743765728206933,-0.23893883304208724,55794961.52,43971839.2678177
2019-09-24,7.157123,1068442857.0,0.0,7646977420.52,0.0,0.0,-0.31504994367174827,15551031.920000006,43971839.2678177
2019-09-25,7.155748,1068442857.0,0.0,7645508389.98,0.0,0.0,-0.31504994367174827,8370886.920000006,43971839.2678177
2019-09-26,7.216653,1068842857.0,400000.0,7713468625.15,2886661.2,0.00037423646095972353,-0.23964383436442532,3459832.800000006,41262206.7278177
2019-09-27,7.290367,1068842857.0,0.0,7792257224.81,0.0,0.0,-0.3157399537773991,1152635.680000006,41262206.7278177
2019-09-30,7.272758,1068842857.0,0.0,7773435591.5,0.0,0.0,-0.3157399537773991,577332.240000006,41045246.8478177
2019-10-01,7.225722,1069242857.0,400000.0,7726051846.25,2890288.8000000003,0.00037409648000263706,-0.2403489131852829,1155390.000000006,40901038.3678177
2019-10-02,6.99221,1069642857.0,400000.0,7479167770.79,2796884.0,0.0003739565798915852,-0.24105408061388686,1714766.8000000059,40314793.2678177
2019-10-03,6.955669,1069642857.0,0.0,7440082485.28,0.0,0.0,-0.31712035796121274,1137434.560000006,40314793.2678177
2019-10-04,7.03203,1070642857.0,1000000.0,7528793734.82,7032030.0,0.0009340181505408348,-0.12876136960006532,2543840.560000006,40666394.7678177
2019-10-07,7.073767,1074842857.0,4200000.0,7603188011.55,29709821.400000002,0.003907547906860626,0.4694353782071903,8485804.840000007,42151885.8378177
2019-10-08,7.020193,1075442857.0,600000.0,7549817013.74,4212115.8,0.0005579096542782853,-0.21292069208975672,8750170.240000006,42362491.6278177
2019-10-09,7.042949,1078642857.0,3200000.0,7596827084.2,22537436.8,0.0029666907710554206,0.27212600938468495,12698280.800000008,41153823.9478177
2019-10-10,7.071281,1083442857.0,4800000.0,7661329777.16,33942148.8,0.004430320817306223,0.5619225811801094,19486710.56000001,33787626.26
2019-10-11,7.130659,1083442857.0,0.0,7725662382.15,0.0,0.0,-0.3387118768044535,18080304.56000001,30677578.159999996
2019-10-14,7.097617,1083442857.0,0.0,7689863400.33,0.0,0.0,-0.3389762080310068,12138340.280000005,19249109.72
2019-10-15,7.095895,1085383302.0,1940445.0,7701765990.98,13769193.973274998,0.0017877969792124207,0.021474856154410714,14049755.914655006,9876587.018663747
2019-10-16,7.052804,1085383302.0,0.0,7654996200.56,0.0,0.0,-0.3421710795957986,9542268.554655004,8081550.768663747
2019-10-17,7.068669,1085383302.0,0.0,7672216145.81,0.0,0.0,-0.3421710795957986,2753838.7946550054,6709454.178663747
2019-10-18,7.037341,1086747910.0,1364608.0,7647816249.41,9603211.827328,0.0012556802509564545,-0.08892964933273344,4674481.1601206055,6612815.490030147
2019-10-21,7.050065,1086747910.0,0.0,7661643808.48,0.0,0.0,-0.3444588861239607,4674481.1601206055,6468989.630030148
2019-10-22,7.098092,1088347910.0,1600000.0,7725194516.02,11356947.200000001,0.0014701179596770943,-0.047808501360083876,4192031.805465606,7036836.990030147
2019-10-23,7.145523,1089947910.0,1600000.0,7788247935.7,11432836.799999999,0.0014679600462632714,-0.05076384717419069,6478599.165465606,7608478.830030148
2019-10-24,7.213237,1108347910.0,18400000.0,7994776636.24,132723560.80000001,0.016601284418425084,2.896491066403556,33023311.32546561,14100323.810030147
2019-10-25,7.209464,1108747910.0,400000.0,7993478643.59,2883785.5999999996,0.0003607672865070476,-0.2943158231098536,31679426.080000006,14244513.090030149
2019-10-28,7.216254,1110147910.0,1400000.0,8011109355.44,10102755.6,0.001261093208413096,-0.11955329677427012,33699977.2,14749650.870030146
2019-10-29,7.191429,1112147910.0,2000000.0,7997933411.65,14382858.0,0.0017983217988598844,-0.016905812714951996,34305159.36,15324279.330030147
2019-10-30,7.215619,1115547910.0,3400000.0,8049369402.18,24533104.6,0.0030478293856604135,0.2239373599585152,36925212.92000001,16411090.360030148
2019-10-31,7.136168,1117947910.0,2400000.0,7977864831.71,17126803.2,0.002146790345698172,0.043159083929439485,13805861.400000006,17267430.52003015
2019-11-01,7.18894,1127947910.0,10000000.0,8108750167.49,71889400.0,0.00886565728565945,1.3418351365006667,27606984.28000001,20510299.02003015
2019-11-04,7.255283,1127947910.0,0.0,8183581653.1,0.0,0.0,-0.39124817893721436,25586433.160000008,19024807.950030148
2019-11-05,7.273493,1129347910.0,1400000.0,8214304470.36,10182890.200000001,0.0012396533677006163,-0.15102011268539253,24746439.60000001,19323346.670030147
2019-11-06,7.281792,1131947910.0,2600000.0,8242609709.72,18932659.2,0.002296925350920581,0.05206229880416112,23626350.520000003,19143107.790030144
2019-11-07,7.297871,1131933219.0,-14691.0,8260702747.48,-107213.02286099999,-1.2978680644780043e-05,-0.4000005538881791,20179547.27542781,17440639.6988871
2019-11-08,7.251665,1133733219.0,1800000.0,8221454205.41,13052997.0,0.0015876749628320837,-0.08937438874933933,8412266.67542781,18093289.548887096
2019-11-11,7.221132,1133733219.0,0.0,8186838042.66,0.0,0.0,-0.40040109360237564,8412266.67542781,18093289.548887096
2019-11-12,7.257707,1133575390.0,-157829.0,8227158491.89,-1145476.638103,-0.00013923113785059134,-0.42740125132905277,6146593.307807208,17347556.0183182
2019-11-13,7.243562,1133575390.0,0.0,8211124515.07,0.0,0.0,-0.4001359110315126,2360061.4678072087,17347556.0183182
2019-11-14,7.200648,1133575390.0,0.0,8162478485.99,0.0,0.0,-0.4001667145455507,2381504.072379409,17347556.0183182
2019-11-15,7.210449,1133575390.0,0.0,8173588064.33,0.0,0.0,-0.4001667145455507,-229095.32762059104,16867395.4269518
2019-11-18,7.215091,1133575390.0,0.0,8178849989.84,0.0,0.0,-0.4001667145455507,-229095.32762059104,16867395.4269518
2019-11-19,7.23094,1133575390.0,0.0,8196816193.89,0.0,0.0,-0.4001667145455507,0.0,16299548.0669518
2019-11-20,7.170541,1133575390.0,0.0,8128349221.49,0.0,0.0,-0.4001667145455507,0.0,15727906.226951798
2019-11-21,7.150033,1133575390.0,0.0,8105101600.24,0.0,0.0,-0.4001667145455507,0.0,9091728.186951797
2019-11-22,7.23737,1133575390.0,0.0,8204105109.02,0.0,0.0,-0.4001667145455507,0.0,8947538.906951796
2019-11-25,7.305924,1133575390.0,0.0,8281816608.8,0.0,0.0,-0.4001667145455507,0.0,8442401.126951797
2019-11-26,7.312785,1133588952.0,13562.0,8289692861.92,99175.99017,1.1963771375123006e-05,-0.39784649846126136,19835.198034008943,7728217.026460297
2019-11-27,7.338889,1133588952.0,0.0,8319283661.25,0.0,0.0,-0.4001893821591913,19835.198034008943,6501561.796460297
2019-11-28,7.333595,1133325374.0,-263578.0,8311349820.29,-1932974.3029099999,-0.00023257044219112828,-0.4452824261706214,-366759.662547991,5548572.921314796
2019-11-29,7.264707,1133266617.0,-58757.0,8232850067.25,-426852.38919899997,-5.184746299425571e-05,-0.4097981448614767,-452130.14038779103,1932760.301854847
2019-12-02,7.20452,1132973408.0,-293209.0,8162530593.3,-2112430.10468,-0.0002587959800621063,-0.4498136316619251,-874616.161323791,1827138.796620847
2019-12-03,7.078789,1132973408.0,0.0,8020080057.32,0.0,0.0,-0.3991523282740163,-894451.359357791,1317994.2866208467
2019-12-04,7.107779,1132973408.0,0.0,8052925371.9,0.0,0.0,-0.3991523282740163,-894451.359357791,371361.32662084704
2019-12-05,7.058107,1132973408.0,0.0,7996647778.65,0.0,0.0,-0.3991523282740163,-507856.498775791,376721.97776389704
2019-12-06,7.158736,1132973408.0,0.0,8110657736.82,0.0,0.0,-0.3991523282740163,-422486.020935991,-275927.87223610294
2019-12-09,7.152912,1132973408.0,0.0,8104059431.14,0.0,0.0,-0.3991523282740163,0.0,-275927.87223610294
2019-12-10,7.133122,1132973408.0,0.0,8081638285.97,0.0,0.0,-0.3991523282740163,0.0,-218654.04033095296
2019-12-11,7.135521,1132973408.0,0.0,8084356011.73,0.0,0.0,-0.3991523282740163,0.0,-218654.04033095296
2019-12-12,7.132179,1132973408.0,0.0,8080569544.11,0.0,0.0,-0.3991523282740163,0.0,-218654.04033095296
2019-12-13,7.210254,1132973408.0,0.0,8169026235.06,0.0,0.0,-0.3991523282740163,0.0,-218654.04033095296
2019-12-16,7.37282,1132973408.0,0.0,8353209630.47,0.0,0.0,-0.3991523282740163,0.0,-218654.04033095296
2019-12-17,7.378824,1132973408.0,0.0,8360011983.88,0.0,0.0,-0.3991523282740163,0.0,-218654.04033095296
2019-12-18,7.394081,1132973408.0,0.0,8377297243.97,0.0,0.0,-0.3991523282740163,0.0,-218654.04033095296
2019-12-19,7.427027,1133103604.0,130196.0,8415592145.17,966969.207292,0.000114902099651654,-0.37687444038227313,193393.84145840892,-170305.57996635296
2019-12-20,7.435347,1132864924.0,-238680.0,8423243901.1,-1774668.6219600001,-0.0002106870752879712,-0.4402719084122634,-161539.88293359109,-259039.011064353
2019-12-23,7.475408,1132864924.0,0.0,8468628061.59,0.0,0.0,-0.399030360539229,-161539.88293359109,-259039.011064353
2019-12-24,7.490102,1132835638.0,-29286.0,8485054803.63,-219355.127172,-2.5851939940111815e-05,-0.4040417532732798,-205410.9083679911,-274965.56693145295
2019-12-27,7.502432,1132835638.0,0.0,8499022878.91,0.0,0.0,-0.3989813772996612,-205410.9083679911,-274965.56693145295
2019-12-30,7.445679,1132770794.0,-64844.0,8434247772.35,-482807.609076,-5.724370709843129e-05,-0.4100775237560791,-495366.2716415911,-202457.23223975298
2019-12-31,7.401883,1136770794.0,4000000.0,8414245485.38,29607532.0,0.0035187387926159225,0.2841812238196634,5781073.852750408,1299261.987220197
2020-01-02,7.46321,1136736935.0,-33859.0,8483707030.01,-252696.82739,-2.9786133172222723e-05,-0.4105863045894562,5730534.487272409,1392248.6510846969
2020-01-03,7.480922,1137336935.0,600000.0,8508329483.35,4488553.2,0.0005275481172636387,-0.3024124148799592,6672116.152706808,1616676.3110846968
2020-01-06,7.43469,1140478953.0,3142018.0,8479108362.4,23359929.804419998,0.002754998380255162,0.13303478237741925,11344102.113590809,2784672.8013056973
2020-01-07,7.43323,1140438006.0,-40947.0,8477138919.25,-304368.46881,-3.590462203218541e-05,-0.40815646014752843,11379789.94164401,2769454.3778651967
2020-01-08,7.434229,1140438006.0,0.0,8478277783.25,0.0,0.0,-0.4011282304266773,5458283.541644009,2769454.3778651967
2020-01-09,7.457053,1140438006.0,0.0,8504307259.48,0.0,0.0,-0.40119192195730574,5508822.9071220085,2769454.3778651967
2020-01-10,7.446957,1171638006.0,31200000.0,8725138048.98,232345058.4,0.02662938478402207,4.36802318843889,51080123.94712201,14386707.297865197
2020-01-13,7.476537,1173638006.0,2000000.0,8774748376.36,14953074.0,0.001704102882344181,-0.10342023676717563,49398752.78623801,15134360.997865196
2020-01-14,7.481187,1173638006.0,0.0,8780205814.64,0.0,0.0,-0.40915286034839304,49459626.480000004,15134360.997865196
2020-01-15,7.501268,1173638006.0,0.0,8803773243.24,0.0,0.0,-0.4081143743268242,49459626.480000004,15134360.997865196
2020-01-16,7.471258,1173638006.0,0.0,8768553424.94,0.0,0.0,-0.40659429993568363,49459626.480000004,15134360.997865196
2020-01-17,7.534724,1173638006.0,0.0,8843038760.73,0.0,0.0,-0.40659429993568363,2990614.800000006,15134360.997865196
2020-01-20,7.512056,1173532643.0,-105363.0,8815643605.32,-791492.756328,-8.978275345096254e-05,-0.41022943899747827,-158298.55126559403,15094786.360048797
2020-01-21,7.472061,1173473956.0,-58687.0,8768269981.72,-438512.84390700003,-5.001133003673554e-05,-0.40269646693835304,-246001.12004699404,15024512.257488847
2020-01-22,7.433788,1173473956.0,0.0,8723357680.16,0.0,0.0,-0.39333820107240836,-246001.12004699404,15113245.68858685
2020-01-23,7.370892,1173343956.0,-130000.0,8648592645.72,-958215.9600000001,-0.00011079443780650258,-0.413868509588739,-437644.3120469941,15065334.890586847
2020-01-24,7.448181,1173343956.0,0.0,8739278620.07,0.0,0.0,-0.39334436196544964,-437644.3120469941,15076302.646945447
2020-01-27,7.276973,1173308967.0,-34989.0,8538137810.06,-254614.008297,-2.9820789258871277e-05,-0.39519683138799777,-330268.5624407941,15063571.9465306
2020-01-28,7.344387,1173308967.0,0.0,8617235893.62,0.0,0.0,-0.3884642534581824,-242565.99365939404,15087712.326984396
2020-01-29,7.347177,1173285521.0,-23446.0,8620336428.31,-172261.911942,-1.998320058324819e-05,-0.3838349767485258,-277018.37604779407,13598722.631387297
2020-01-30,7.247544,1173285521.0,0.0,8503439150.38,0.0,0.0,-0.3782172353209552,-85375.18404779404,13611357.472756797
2020-01-31,7.153018,1173285521.0,0.0,8392533582.7,0.0,0.0,-0.3763448086692337,-85375.18404779404,13386929.812756797
2020-02-03,7.192224,1173285521.0,0.0,8438533012.3,0.0,0.0,-0.363935886901344,-34452.38238839404,12218933.322535798
2020-02-04,7.304045,1173285521.0,0.0,8569731043.11,0.0,0.0,-0.3530338065609048,-34452.38238839404,12234151.745976297
2020-02-05,7.345895,1173656114.0,370593.0,8621555100.48,2722337.265735,0.000315759423213967,-0.2918574984935723,544467.453147006,12370268.609263048
2020-02-06,7.368284,1173597362.0,-58752.0,8647398914.49,-432901.421568,-5.0061460775518225e-05,-0.36041035987928594,457887.1688334059,12348623.538184647
2020-02-07,7.330851,1173597362.0,0.0,8603468054.99,0.0,0.0,-0.34980314897016657,457887.1688334059,731370.6181846469
2020-02-10,7.311329,1173797362.0,200000.0,8582019730.77,1462265.8,0.00017038714030884685,-0.31363298936711653,750340.328833406,56830.208184647
2020-02-11,7.362929,1173797362.0,0.0,8642587575.65,0.0,0.0,-0.3444606189460048,750340.328833406,56830.208184647
2020-02-12,7.397699,1173797362.0,0.0,8683400025.51,0.0,0.0,-0.3409521019450885,205872.87568640598,56830.208184647
2020-02-13,7.333318,1173797362.0,0.0,8607830051.04,0.0,0.0,-0.33686241641410364,292453.16000000597,56830.208184647
2020-02-14,7.291155,1173797362.0,0.0,8558339362.89,0.0,0.0,-0.33686241641410364,292453.16000000597,56830.208184647
2020-02-17,7.314902,1173797362.0,0.0,8586213130.33,0.0,0.0,-0.33686241641410364,0.0,96404.846001047
2020-02-18,7.264396,1173747369.0,-49993.0,8526566115.02,-363168.94922799995,-4.2592638622511645e-05,-0.3336938826878453,-72633.78984559403,100172.04073499702
2020-02-19,7.33825,1173747369.0,0.0,8613251669.75,0.0,0.0,-0.325581528209816,-72633.78984559403,100172.040734997
2020-02-20,7.327069,1173747369.0,0.0,8600127973.62,0.0,0.0,-0.32449768585285677,-72633.78984559403,148082.83873499703
2020-02-21,7.294717,1173747369.0,0.0,8562155679.6,0.0,0.0,-0.32306380205266866,-72633.78984559403,148082.83873499703
2020-02-24,7.051296,1173699828.0,-47541.0,8276106055.37,-335225.663136,-4.050524013264509e-05,-0.3272562157734701,-139678.92247279402,144052.25599304703
2020-02-25,6.914447,1173699828.0,0.0,8115485744.34,0.0,0.0,-0.31954933145624814,-67045.13262719403,144052.25599304703
2020-02-26,6.938664,1173699828.0,0.0,8143909462.02,0.0,0.0,-0.31954933145624814,-67045.13262719403,152665.351590147
2020-02-27,6.722901,1173699828.0,0.0,7890668058.98,0.0,0.0,-0.31954933145624814,-67045.13262719403,152665.351590147
2020-02-28,6.508576,1173699828.0,0.0,7639115375.53,0.0,0.0,-0.31954933145624814,-67045.13262719403,152665.351590147
2020-03-02,6.58237,1173699828.0,0.0,7725727213.88,0.0,0.0,-0.310069658929426,0.0,152665.351590147
2020-03-03,6.644845,1173699828.0,0.0,7799054412.43,0.0,0.0,-0.29671397476137323,0.0,152665.351590147
2020-03-04,6.741124,1178755217.0,5055389.0,7946135874.65,34079004.117236,0.0042887517473689145,0.6168937174890697,6815800.823447207,1720498.694165197
2020-03-05,6.646276,1179255711.0,500494.0,7837660030.87,3326421.260344,0.0004244150993079957,-0.1807432552101591,7481085.075516006,1908464.8282607968
2020-03-06,6.405371,1181982198.0,2726487.0,7571034530.75,17464160.761677,0.002306707318629409,0.4499161543184181,10973917.227851406,2781672.866344647
2020-03-09,5.913101,1181982198.0,0.0,6989180135.44,0.0,0.0,-0.28807912814937997,10973917.227851406,2708559.5763446474
2020-03-10,5.905532,1187961464.0,5979266.0,7015545063.76,35310746.699512,0.005033215007329324,1.3461229498022427,18036066.567753807,4474096.911320247
2020-03-11,5.822138,1193961464.0,6000000.0,6951409219.88,34932828.0,0.005025287232421491,1.3242529904609395,18206831.344306607,6220738.311320247
2020-03-12,5.136331,1207543205.0,13581741.0,6202342741.78,69760317.33227101,0.011247414120208812,3.161231900501581,31493610.55869201,9708754.177933797
2020-03-13,5.261609,1211143205.0,3600000.0,6372563010.29,18941792.4,0.002972397820062983,0.5966448899178067,31789136.88635661,10655843.797933798
2020-03-16,5.050825,1223343205.0,12200000.0,6178893509.93,61620064.99999999,0.009972669847922023,2.649786407378034,44113149.88635661,13736847.047933796
2020-03-17,5.191801,1241856673.0,18513468.0,6447473484.1,96118241.675868,0.014907892512145027,3.8292816932996367,56274648.88162781,18560917.579188596
2020-03-18,4.985654,1253056673.0,11200000.0,6247308034.69,55839324.800000004,0.00893814175480637,2.0964425478385755,60455948.24162781,21352883.8191886
2020-03-19,5.056832,1257856673.0,4800000.0,6360770593.44,24272793.6,0.003816014623296281,0.6776373442033894,51358443.49517361,22566523.499188595
2020-03-20,5.094185,1258932429.0,1075756.0,6413234940.8,5480100.078860001,0.0008544985688886055,-0.13708164123781644,48666105.03094561,22840528.5031316
2020-03-23,4.90113,1259732429.0,800000.0,6174112434.52,3920904.0,0.0006350554904180047,-0.19800639915153603,37126272.83094561,23053334.9862884
2020-03-24,5.344168,1267332429.0,7600000.0,6772838587.82,40615676.8,0.005996847004894166,1.2540920563455047,26025759.855772007,25084118.826288395
2020-03-25,5.580833,1271532429.0,4200000.0,7096210434.94,23439498.6,0.003303100833170006,0.5123845072512833,19545794.615772,26256093.756288398
2020-03-26,5.715079,1279476366.0,7943937.0,7312308929.78,45400227.526023,0.006208740353013084,1.293253076579278,23771281.400976606,28526105.13258955
2020-03-27,5.414583,1280876366.0,1400000.0,6935411528.76,7580416.2,0.0010930016436033064,-0.0966274283983319,24191344.625204604,28905125.942589544
2020-03-30,5.467584,1280778886.0,-97480.0,7002766224.5,-532980.0883200001,-7.610993587866844e-05,-0.40716676302493887,23300567.807540603,28878476.938173544
2020-03-31,5.569802,1281978886.0,1200000.0,7140368818.71,6683762.4,0.0009360528243984334,-0.12479597965211302,16514184.927540606,29212665.05817355
2020-04-01,5.340982,1281978886.0,0.0,6847026893.73,0.0,0.0,-0.3796449251607945,11826285.207540605,27508714.85231175
2020-04-02,5.370187,1282378886.0,400000.0,6886614950.24,2148074.8,0.0003119202707747061,-0.29550065933647784,3175854.662336006,27449797.529294543
2020-04-03,5.306795,1283578886.0,1200000.0,6811690473.56,6368154.0,0.000934885991182128,-0.12391398311288496,2933402.2223360064,26894997.1912107
2020-04-06,5.470355,1283578886.0,0.0,7021632350.86,0.0,0.0,-0.37850223355317925,3039998.240000006,26894997.1912107
2020-04-07,5.589838,1283578886.0,0.0,7174999034.26,0.0,0.0,-0.37850223355317925,1703245.760000006,25129459.856235094
2020-04-08,5.562853,1284778886.0,1200000.0,7147037022.14,6675423.6,0.0009340127355323552,-0.12341455065316126,3038330.4800000056,23716589.6362351
2020-04-09,5.724107,1284978886.0,200000.0,7355357063.89,1144821.4,0.00015564457171227285,-0.3357632220649793,2837679.8000000054,20285814.839621548
2020-04-14,5.673687,1285378886.0,400000.0,7292838569.54,2269474.8000000003,0.0003111922440569185,-0.29066790665458275,2017943.960000006,19452198.95962155
2020-04-15,5.483931,1285378886.0,0.0,7048929221.1,0.0,0.0,-0.37183999200631906,2017943.960000006,16371195.709621549
2020-04-16,5.518975,1285378886.0,0.0,7093974203.51,0.0,0.0,-0.3613544899841932,2017943.960000006,11565283.625828147
2020-04-17,5.673978,1285378886.0,0.0,7293211871.41,0.0,0.0,-0.36037110448622306,682859.240000006,8773317.385828149
2020-04-20,5.699504,1285378886.0,0.0,7326023232.94,0.0,0.0,-0.35708735562578964,453894.960000006,7559677.705828148
2020-04-21,5.530811,1285378886.0,0.0,7109188778.35,0.0,0.0,-0.35254037620119594,0.0,7285672.701885147
2020-04-22,5.657803,1285378886.0,0.0,7272421716.22,0.0,0.0,-0.34533472715799274,0.0,7089627.501885148
2020-04-23,5.71602,1285378886.0,0.0,7347252187.91,0.0,0.0,-0.3400253275680133,0.0,5058843.661885147
2020-04-24,5.645461,1285378886.0,0.0,7256557447.34,0.0,0.0,-0.3253209441656971,0.0,3886868.7318851473
2020-04-27,5.738007,1285778886.0,400000.0,7377808561.04,2295202.8,0.0003110954670361439,-0.2326692702638713,459040.56000000593,1731617.4955839969
2020-04-28,5.847717,1286254580.0,475694.0,7521653078.88,2781723.890598,0.000369828794471894,-0.2127990069617181,1015385.3381196059,1491682.8801138971
2020-04-29,6.001719,1286254580.0,0.0,7719738868.4,0.0,0.0,-0.31822610028653653,1015385.3381196059,1518331.884529897
2020-04-30,5.792161,1286254580.0,0.0,7450194303.5,0.0,0.0,-0.3182619462605593,1015385.3381196059,1184143.7645298971
2020-05-01,5.655829,1286223286.0,-31294.0,7274659944.4,-176993.512726,-2.4330142450472726e-05,-0.32143055536062104,979986.635574406,1175294.088893597
2020-05-04,5.646743,1286223286.0,0.0,7262972402.51,0.0,0.0,-0.31412059955028204,520946.07557440596,1067890.348893597
2020-05-05,5.740485,1286173630.0,-49656.0,7383260843.64,-285049.52316,-3.8607537942472114e-05,-0.32600035323048565,-92408.60717719403,735230.172735597
2020-05-06,5.744661,1286048250.0,-125380.0,7387912049.85,-720265.59618,-9.749244323971397e-05,-0.343421847167656,-236461.72641319403,699216.892926597
2020-05-07,5.833391,1286048250.0,0.0,7502023567.92,0.0,0.0,-0.31413021885085296,-236461.726413194,699216.892926597
2020-05-11,5.836951,1286048250.0,0.0,7506601068.56,0.0,0.0,-0.31413021885085296,-201063.02386799402,365445.712926597
2020-05-12,5.891088,1286448250.0,400000.0,7578580697.12,2356435.1999999997,0.00031093357637472784,-0.2215352315504557,270224.0161320059,426026.402926597
2020-05-13,5.801857,1286448250.0,0.0,7463788804.6,0.0,0.0,-0.31497494731049896,327233.9207640059,312552.662926597
2020-05-14,5.650796,1286448250.0,0.0,7269457832.91,0.0,0.0,-0.31497494731049896,471287.0400000059,312552.662926597
2020-05-15,5.708275,1286448250.0,0.0,7343401093.61,0.0,0.0,-0.31497494731049896,471287.0400000059,312552.662926597
2020-05-18,5.953091,1286448250.0,0.0,7658344372.52,0.0,0.0,-0.31497494731049896,471287.0400000059,312552.662926597
2020-05-19,5.907217,1286432194.0,-16056.0,7599234628.83,-94846.276152,-1.2481030101659437e-05,-0.3186912260107554,-18969.25523039404,307810.349118997
2020-05-20,5.971075,1286432194.0,0.0,7681383278.89,0.0,0.0,-0.31490760688273356,-18969.25523039404,307810.349118997
2020-05-21,5.923479,1286432194.0,0.0,7620155047.36,0.0,0.0,-0.31490760688273356,-18969.25523039404,307810.349118997
2020-05-22,5.901954,1286432194.0,0.0,7592464118.09,0.0,0.0,-0.3155549143432957,-18969.25523039404,307810.349118997
2020-05-26,5.975037,1286432194.0,0.0,7686480825.19,0.0,0.0,-0.31569814997365686,-18969.25523039404,307810.349118997
2020-05-27,6.050422,1286432194.0,0.0,7783458888.27,0.0,0.0,-0.31641981542868014,0.0,193050.20911899704
2020-05-28,6.124928,1286432194.0,0.0,7879305306.55,0.0,0.0,-0.31641981542868014,0.0,53964.014589097016
2020-05-29,5.984582,1286432194.0,0.0,7698759083.88,0.0,0.0,-0.31641981542868014,0.0,53964.014589097016
2020-06-01,6.073098,1286432194.0,0.0,7812629302.17,0.0,0.0,-0.31641981542868014,0.0,53964.014589097016
2020-06-02,6.125895,1286432194.0,0.0,7880549333.24,0.0,0.0,-0.31641981542868014,0.0,62813.69022539702
2020-06-03,6.285633,1286432194.0,0.0,8086041865.15,0.0,0.0,-0.31641981542868014,0.0,62813.69022539702
2020-06-04,6.245353,1286413616.0,-18578.0,8034107907.91,-116026.16803399999,-1.4441698986861523e-05,-0.3207218289412331,-23205.233606794038,71264.85798169702
2020-06-05,6.386094,1286413616.0,0.0,8215158364.24,0.0,0.0,-0.31637995524684137,-23205.233606794038,107278.13779069702
2020-06-08,6.374818,1286321064.0,-92552.0,8200062937.39,-590002.155536,-7.195093013807915e-05,-0.3378115349520618,-141205.66471399405,77778.03001389702
2020-06-09,6.240381,1286321064.0,0.0,8027134354.6,0.0,0.0,-0.3161808890789195,-141205.66471399405,77778.03001389702
2020-06-10,6.233327,1286321064.0,0.0,8018060592.38,0.0,0.0,-0.3161808890789195,-141205.66471399405,-40043.729986102975
2020-06-11,5.9491,1289724141.0,3403077.0,7672697988.77,20245245.3807,0.0026386084021984926,0.47021323677711624,3931048.645032806,972218.5390488971
2020-06-12,5.97689,1289724141.0,0.0,7708539909.24,0.0,0.0,-0.3226254259883944,3931048.645032806,972218.5390488971
2020-06-15,5.937291,1289683898.0,-40243.0,7657229300.37,-238934.401713,-3.12037673602715e-05,-0.3315976620711188,4001262.195797406,960271.8189632471
2020-06-16,6.111574,1289683898.0,0.0,7881998769.69,0.0,0.0,-0.32281105680423405,4001262.195797406,960271.8189632471
2020-06-17,6.121734,1289683898.0,0.0,7895102733.81,0.0,0.0,-0.32281105680423405,4001262.195797406,965014.1327708472
2020-06-18,6.093795,1289683898.0,0.0,7859070062.28,0.0,0.0,-0.32288268090885686,-47786.88034259404,965014.1327708472
2020-06-19,6.160872,1289683898.0,0.0,7945578285.7,0.0,0.0,-0.32288268090885686,-47786.88034259404,965014.1327708472
2020-06-22,6.11359,1289683898.0,0.0,7884598746.01,0.0,0.0,-0.32304151402198394,0.0,965014.1327708472
2020-06-23,6.187516,1289683898.0,0.0,7979940574.42,0.0,0.0,-0.31481771897939154,0.0,965014.1327708472
2020-06-24,5.995161,1289683898.0,0.0,7731863840.89,0.0,0.0,-0.31490003129639843,0.0,965014.1327708472
2020-06-25,6.019742,1289683898.0,0.0,7763564701.32,0.0,0.0,-0.31347813493430526,0.0,965014.1327708472
2020-06-26,6.031676,1289683898.0,0.0,7778955522.85,0.0,0.0,-0.3067914968467993,0.0,965014.1327708472
2020-06-29,6.096783,1289557605.0,-126293.0,7862153213.12,-769981.0154190001,-9.793513234187437e-05,-0.3361180049326162,-153996.20308379404,926515.081999897
2020-06-30,6.041835,1289557605.0,0.0,7791294398.93,0.0,0.0,-0.3066200566796456,-153996.20308379404,926515.081999897
2020-07-01,6.03022,1289557605.0,0.0,7776316723.19,0.0,0.0,-0.3066200566796456,-153996.20308379404,926515.081999897
2020-07-02,6.115826,1289557605.0,0.0,7886710537.35,0.0,0.0,-0.3403898342102367,-153996.20308379404,932316.3904015969
2020-07-03,6.034375,1289557605.0,0.0,7781674797.1,0.0,0.0,-0.33437306426041546,-153996.20308379404,932316.3904015969
2020-07-06,6.160496,1289557605.0,0.0,7944314861.01,0.0,0.0,-0.33437306426041546,0.0,961816.4981783971
2020-07-07,6.066336,1289620440.0,62835.0,7823271597.77,381178.22255999997,4.8723634070003867e-05,-0.31372788254218675,76235.64451200595,980875.4093063971
2020-07-08,6.033266,1289557806.0,-62634.0,7780246148.87,-377887.582644,-4.8570132025820836e-05,-0.3551433614689825,658.1279832059518,961981.0301741973
2020-07-09,5.933398,1289544723.0,-13083.0,7651382939.53,-77626.646034,-1.0145439935171819e-05,-0.33867081989133324,-14867.20122359405,-54162.571162502805
2020-07-10,5.978298,1289544723.0,0.0,7709283510.04,0.0,0.0,-0.33469035278283704,-14867.20122359405,-54162.571162502805
2020-07-13,6.057563,1289544723.0,0.0,7811499637.67,0.0,0.0,-0.33488939397846335,-14867.20122359405,-42215.8510768528
2020-07-14,6.060987,1289544723.0,0.0,7815914365.18,0.0,0.0,-0.33488939397846335,-91102.84573559405,-42215.8510768528
2020-07-15,6.171804,1289544723.0,0.0,7958818033.43,0.0,0.0,-0.33533221449576206,-15525.329206794035,-42215.8510768528
2020-07-16,6.130626,1289544723.0,0.0,7905716441.13,0.0,0.0,-0.33533221449576206,0.0,-42215.8510768528
2020-07-17,6.169423,1289327414.0,-217309.0,7954407482.59,-1340671.142707,-0.00016854443849417556,-0.406860861217873,-268134.22854139406,-109249.40821220279
2020-07-20,6.141126,1289327414.0,0.0,7917922741.42,0.0,0.0,-0.33477467069942474,-268134.22854139406,-109249.40821220279
2020-07-21,6.149154,1289327414.0,0.0,7928273556.63,0.0,0.0,-0.33485404888815656,-268134.22854139406,-109249.40821220279
2020-07-22,6.087801,1289327414.0,0.0,7849169995.09,0.0,0.0,-0.33485404888815656,-268134.22854139406,-109249.40821220279
2020-07-23,6.094729,1289327414.0,0.0,7858101389.46,0.0,0.0,-0.33485404888815656,-268134.22854139406,-109249.40821220279
2020-07-24,6.008715,1289327414.0,0.0,7747201437.73,0.0,0.0,-0.33485404888815656,0.0,-109249.40821220279
2020-07-27,5.990139,1289327414.0,0.0,7723251223.75,0.0,0.0,-0.33485404888815656,0.0,-70750.3574412528
2020-07-28,6.014019,1289327414.0,0.0,7754040076.96,0.0,0.0,-0.33362761545286335,0.0,-70750.3574412528
2020-07-29,6.016141,1289327414.0,0.0,7756775608.69,0.0,0.0,-0.33382667468312877,0.0,-70750.3574412528
2020-07-30,5.87822,1289327414.0,0.0,7578951339.69,0.0,0.0,-0.33382667468312877,0.0,-70750.3574412528
2020-07-31,5.787897,1289327414.0,0.0,7462495493.58,0.0,0.0,-0.33315892477645426,0.0,-70750.3574412528
2020-08-03,5.92027,1289255465.0,-71949.0,7632741051.43,-425957.50623,-5.580662351308204e-05,-0.3567943245143989,-85191.50124599403,-92048.2327527528
2020-08-04,5.92332,1289255465.0,0.0,7636673103.59,0.0,0.0,-0.33293707260366845,-85191.50124599403,-111107.1438807528
2020-08-05,5.990814,1289255465.0,0.0,7723689719.85,0.0,0.0,-0.33293707260366845,-85191.50124599403,-92212.76474855279
2020-08-06,5.922756,1289255465.0,0.0,7635946125.88,0.0,0.0,-0.33293707260366845,-85191.50124599403,-88331.43244685279
2020-08-07,5.92782,1289142564.0,-112901.0,7641805162.74,-669256.80582,-8.757836552587992e-05,-0.3700237837733702,-219042.86240999406,-121794.2727378528
2020-08-10,5.945948,1289142564.0,0.0,7665175560.2,0.0,0.0,-0.3327574159915289,-133851.36116399404,-121794.2727378528
2020-08-11,6.047862,1289142564.0,0.0,7796557352.92,0.0,0.0,-0.3327574159915289,-133851.361163994,-121794.2727378528
2020-08-12,6.171568,1289142564.0,0.0,7956031255.02,0.0,0.0,-0.3327574159915289,-133851.361163994,-121794.2727378528
2020-08-13,6.100108,1289142564.0,0.0,7863909741.09,0.0,0.0,-0.3327574159915289,-133851.361163994,-121794.2727378528
2020-08-14,6.005734,1289082756.0,-59808.0,7741889270.74,-359190.93907200004,-4.639577324226793e-05,-0.35256678213927467,-71838.18781439404,-72720.2625561028
2020-08-17,6.042682,1289082756.0,0.0,7789518091.02,0.0,0.0,-0.3327339587335163,-71838.18781439404,-72720.2625561028
2020-08-18,5.992285,1289082756.0,0.0,7724551533.66,0.0,0.0,-0.3327339587335163,-71838.18781439404,-72720.2625561028
2020-08-19,6.027249,1289082756.0,0.0,7769623459.79,0.0,0.0,-0.3327339587335163,-71838.18781439404,-72720.2625561028
2020-08-20,5.937525,1289082756.0,0.0,7653961592.13,0.0,0.0,-0.3327339587335163,-71838.18781439404,-72720.2625561028
2020-08-21,5.926178,1289070319.0,-12437.0,7639260586.77,-73703.875786,-9.648037915298183e-06,-0.33681993338554145,-14740.77515719404,-76405.4563454028
2020-08-24,6.027754,1290670319.0,1600000.0,7779844249.36,9644406.4,0.001239665742767715,0.19286275903736905,1914140.504842806,405814.8636545972
2020-08-25,5.960871,1290670319.0,0.0,7693519522.67,0.0,0.0,-0.3248887019881847,1914140.504842806,405814.8636545972
2020-08-26,5.969207,1290670319.0,0.0,7704278307.29,0.0,0.0,-0.32324682487488493,1914140.504842806,405814.8636545972
2020-08-27,5.924981,1290670319.0,0.0,7647198095.22,0.0,0.0,-0.31542575490467556,1914140.504842806,405814.8636545972
2020-08-28,5.888813,1290670319.0,0.0,7600516158.49,0.0,0.0,-0.31542575490467556,1928881.280000006,405814.8636545972
2020-08-31,5.888747,1290670319.0,0.0,7600432045.04,0.0,0.0,-0.3016405424147022,0.0,427112.73896609724
2020-09-01,5.788358,1290670319.0,0.0,7470862269.98,0.0,0.0,-0.28762411629750884,0.0,427112.73896609724
2020-09-02,5.866439,1290670319.0,0.0,7571639984.78,0.0,0.0,-0.2729155029889767,0.0,427112.73896609724
2020-09-03,5.782144,1290798063.0,127744.0,7463580756.07,738634.203136,9.896512508895703e-05,-0.21346578882207043,147726.84062720597,464044.44912289723
2020-09-04,5.730906,1290798063.0,0.0,7397443454.29,0.0,0.0,-0.24535377834864722,147726.84062720597,497507.2894138972
2020-09-07,5.867729,1290798063.0,0.0,7574054449.14,0.0,0.0,-0.26010824926779824,147726.84062720597,497507.2894138972
2020-09-08,5.86086,1290798063.0,0.0,7565187633.34,0.0,0.0,-0.2605761248785309,147726.84062720597,497507.2894138972
2020-09-09,5.942601,1290738808.0,-59255.0,7670346454.06,-352128.822255,-4.590781190445632e-05,-0.2931696940892395,77301.07617620596,479900.8483011472
2020-09-10,5.93338,1290738808.0,0.0,7658444899.31,0.0,0.0,-0.23395967071799645,-70425.76445099404,479900.8483011472
2020-09-11,5.961869,1290738808.0,0.0,7695215928.81,0.0,0.0,-0.2281674305566478,-70425.76445099404,497860.3952547472
2020-09-14,5.955924,1290678133.0,-60675.0,7687180998.62,-361375.6887,-4.7010170407705246e-05,-0.2808776486040471,-142700.90219099406,479791.6108197472
2020-09-15,6.034393,1290678133.0,0.0,7788459432.86,0.0,0.0,-0.192470690409042,-142700.90219099406,479791.6108197472
2020-09-16,6.007388,1290678133.0,0.0,7753604607.11,0.0,0.0,-0.22553195279126964,-72275.13773999404,479791.6108197472
2020-09-17,5.922281,1297681043.0,7002910.0,7685232780.41,41473200.83771,0.005396479459077288,9.181361509132733,8222365.029802007,2553451.6527052475
2020-09-18,5.880247,1297681043.0,0.0,7630685374.18,0.0,0.0,-0.18944936150981775,8222365.029802007,2557136.846494547
2020-09-21,5.681556,1297681043.0,0.0,7372848774.38,0.0,0.0,-0.1774361408236894,8294640.167542006,2074916.5264945473
2020-09-22,5.70646,1297681043.0,0.0,7405165848.6,0.0,0.0,-0.1774361408236894,8294640.167542006,2074916.5264945473
2020-09-23,5.774466,1297681043.0,0.0,7493415401.55,0.0,0.0,-0.1729602899594107,8294640.167542006,2074916.5264945473
2020-09-24,5.700097,1297681043.0,0.0,7396908207.83,0.0,0.0,-0.16075796935154776,0.0,2074916.5264945473
2020-09-25,5.719733,1297681043.0,0.0,7422390336.56,0.0,0.0,-0.16075796935154776,0.0,2074916.5264945473
2020-09-28,5.803328,1297681043.0,0.0,7530868891.76,0.0,0.0,-0.16075796935154776,0.0,2074916.5264945473
2020-09-29,5.773432,1297681043.0,0.0,7492074039.81,0.0,0.0,-0.1483826499569379,0.0,2074916.5264945473
2020-09-30,5.742696,1297681043.0,0.0,7452187987.44,0.0,0.0,-0.14606409780024426,0.0,2074916.5264945473
2020-10-01,5.760699,1297681043.0,0.0,7475551084.46,0.0,0.0,-0.1415227722801125,0.0,2037984.8163377475
2020-10-02,5.782785,1297681043.0,0.0,7504211632.2,0.0,0.0,-0.1415227722801125,0.0,2037984.8163377475
2020-10-05,5.822907,1297681043.0,0.0,7556277026.67,0.0,0.0,-0.1415227722801125,0.0,2037984.8163377475
2020-10-06,5.829676,1297681043.0,0.0,7565060690.21,0.0,0.0,-0.1415227722801125,0.0,2037984.8163377475
2020-10-07,5.826155,1297766018.0,84975.0,7560986857.15,495077.52112499997,6.547789732722958e-05,-0.025524665100828774,99015.50422500595,2080345.1335067474
2020-10-08,5.857882,1297717439.0,-48579.0,7601875879.23,-284570.049678,-3.743418785033153e-05,-0.20881225036910683,42101.49428940596,2066116.6310228475
2020-10-09,5.895659,1297704615.0,-12824.0,7650824126.92,-75605.931016,-9.882063652459981e-06,-0.1594410527403749,26980.30808620596,2062336.3344720476
2020-10-12,5.880649,1297826463.0,121848.0,7632063102.5,716545.319352,9.388618905906117e-05,0.02453606215721016,170289.371956606,2116232.3848746475
2020-10-13,5.849519,1297826463.0,0.0,7591661550.79,0.0,0.0,-0.14319711924597225,170289.371956606,2116232.3848746475
2020-10-14,5.81564,1297699843.0,-126620.0,7546956197.29,-736376.3368,-9.75726263078646e-05,-0.31152878309475684,-76001.39962839402,2079413.5680346475
2020-10-15,5.716708,1297699843.0,0.0,7418572148.42,0.0,0.0,-0.13179131651345938,-19087.38969279403,5753.526149147388
2020-10-16,5.802132,1298053240.0,353397.0,7531476949.56,2050456.0424040002,0.00027225151934160677,0.35106709697736976,406125.004991206,108276.3282693474
2020-10-19,5.767834,1298053240.0,0.0,7486956807.5,0.0,0.0,-0.13578930839915024,262815.94112080603,108276.3282693474
2020-10-20,5.772364,1298053240.0,0.0,7492836328.56,0.0,0.0,-0.1361597323499065,262815.94112080603,108276.3282693474
2020-10-21,5.661735,1298053240.0,0.0,7349234254.14,0.0,0.0,-0.1361597323499065,410091.208480806,108276.3282693474
2020-10-22,5.672465,1298053240.0,0.0,7363162670.57,0.0,0.0,-0.1367486671682216,410091.208480806,108276.3282693474
2020-10-23,5.74554,1298053240.0,0.0,7458017246.19,0.0,0.0,-0.138247260792576,0.0,108276.3282693474
2020-10-26,5.678654,1298053240.0,0.0,7371196068.96,0.0,0.0,-0.138247260792576,0.0,108276.3282693474
2020-10-27,5.616922,1298053240.0,0.0,7291064183.15,0.0,0.0,-0.138247260792576,0.0,108276.3282693474
2020-10-28,5.473099,1298053240.0,0.0,7104374701.68,0.0,0.0,-0.1337003452419845,0.0,108276.3282693474
2020-10-29,5.473895,1299653240.0,1600000.0,7114166329.84,8758232.0,0.001231097446128586,2.0164810396000568,1751646.400000006,546187.9282693474
2020-10-30,5.469644,1299653240.0,0.0,7108640600.9,0.0,0.0,-0.14943596264502884,1751646.400000006,546187.9282693474
2020-11-02,5.545667,1299653240.0,0.0,7207444465.49,0.0,0.0,-0.14943596264502884,1751646.400000006,546187.9282693474
2020-11-03,5.674614,1303053240.0,3400000.0,7394324848.28,19293687.6,0.0026092561519646955,4.080792618022059,5610383.920000006,1510872.3082693475
2020-11-04,5.769372,1303520365.0,467125.0,7520494199.58,2695017.8955,0.00035835648881299713,0.4051328665392033,6149387.499100006,1620869.3269880975
2020-11-05,5.795173,1303520365.0,0.0,7554126041.18,0.0,0.0,-0.1789039054797177,4397741.099100007,1635097.8294719975
2020-11-06,5.798916,1304520365.0,1000000.0,7564804653.41,5798916.0,0.0007665652010440233,1.0551371136077055,5557524.299100006,1928823.9260227974
2020-11-09,6.070139,1304520365.0,0.0,7918620880.35,0.0,0.0,-0.18844533532535312,5557524.299100006,1892996.6600551973
2020-11-10,6.178445,1304520365.0,0.0,8059907363.58,0.0,0.0,-0.18844533532535312,1698786.779100006,1892996.6600551973
2020-11-11,6.260023,1304520365.0,0.0,8166328588.42,0.0,0.0,-0.18844533532535312,1159783.200000006,1929815.4768951975
2020-11-12,6.22923,1304520365.0,0.0,8126158196.82,0.0,0.0,-0.18844533532535312,1159783.200000006,1929815.4768951975
2020-11-13,6.20705,1304520365.0,0.0,8097223787.47,0.0,0.0,-0.18844533532535312,0.0,1827292.6747749974
2020-11-16,6.31011,1304520365.0,0.0,8231667463.49,0.0,0.0,-0.18844533532535312,0.0,1827292.6747749974
2020-11-17,6.254941,1304520365.0,0.0,8159698505.66,0.0,0.0,-0.18844533532535312,0.0,1827292.6747749974
2020-11-18,6.274527,1304343570.0,-176795.0,8184140032.95,-1109305.000965,-0.00013554325762986087,-0.4062786165896826,-221861.00019299402,1771827.4247267474
2020-11-19,6.225037,1304164916.0,-178654.0,8118475879.64,-1112127.7601980001,-0.0001369872592695706,-0.4067546919076464,-444286.55223259405,1716221.0367168472
2020-11-20,6.241729,1304164916.0,0.0,8140244644.08,0.0,0.0,-0.18475952467161713,-444286.55223259405,1716221.0367168472
2020-11-23,6.224525,1304164916.0,0.0,8117807873.04,0.0,0.0,-0.1857755318198799,-444286.55223259405,1716221.0367168472
2020-11-24,6.32094,1304164916.0,0.0,8243549297.65,0.0,0.0,-0.1857755318198799,-444286.55223259405,1716221.0367168472
2020-11-25,6.28055,1304105533.0,-59383.0,8190501297.53,-372957.90064999997,-4.553541805340687e-05,-0.258934926801203,-297017.13216959406,1697573.1416843473
2020-11-26,6.258142,1304105533.0,0.0,8161277663.05,0.0,0.0,-0.1613630820596978,-74591.58012999404,1259661.5416843477
2020-11-27,6.26276,1304105533.0,0.0,8167301089.78,0.0,0.0,-0.1613630820596978,-74591.58012999404,1259661.5416843477
2020-11-30,6.161695,1304105533.0,0.0,8035501289.42,0.0,0.0,-0.16183198946935662,-74591.58012999404,1259661.5416843477
2020-12-01,6.278174,1304105533.0,0.0,8187401683.65,0.0,0.0,-0.16183198946935662,-74591.58012999404,294977.16168434743
2020-12-02,6.355511,1304105533.0,0.0,8288257518.23,0.0,0.0,-0.16183198946935662,0.0,160226.26690934744
2020-12-03,6.38299,1304105533.0,0.0,8324092772.49,0.0,0.0,-0.16183198946935662,0.0,160226.26690934744
2020-12-04,6.442019,1304105533.0,0.0,8401073438.03,0.0,0.0,-0.16183198946935662,0.0,-129719.53309065258
2020-12-07,6.447111,1303953464.0,-152069.0,8406733629.59,-980405.722659,-0.00011662148057221301,-0.36399682273602313,-196081.14453179404,-178739.8192236026
2020-12-08,6.450437,1303953464.0,0.0,8411070695.23,0.0,0.0,-0.16005958915708055,-196081.14453179404,-178739.8192236026
2020-12-09,6.455889,1303894197.0,-59267.0,8417797132.24,-382621.173363,-4.54538363602953e-05,-0.23885099859748882,-272605.379204394,-197870.87789175258
2020-12-10,6.457327,1311061446.0,7167249.0,8465952898.38,46281270.483423,0.005466752654893596,7.073668892431115,8983648.717480207,2116192.6462793974
2020-12-11,6.40543,1311002510.0,-58936.0,8397535946.1,-377510.42248,-4.495490402221191e-05,-0.24056727139860207,8908146.632984206,2097317.1251553977
2020-12-14,6.390765,1311002510.0,0.0,8378309604.41,0.0,0.0,-0.18204452034793572,9104227.777516006,2097317.1251553977
2020-12-15,6.372606,1311002510.0,0.0,8354503742.15,0.0,0.0,-0.18204452034793572,9104227.777516006,2097317.1251553977
2020-12-16,6.428877,1311002510.0,0.0,8428274111.43,0.0,0.0,-0.18204452034793572,9180752.012188606,2152782.3752036477
2020-12-17,6.418208,1311002510.0,0.0,8414287898.42,0.0,0.0,-0.18204452034793572,-75502.08449599404,2208388.7632135474
2020-12-18,6.396762,1311002510.0,0.0,8386171178.95,0.0,0.0,-0.18204452034793572,0.0,2208388.7632135474
2020-12-21,6.286286,1311002510.0,0.0,8241337603.18,0.0,0.0,-0.18204452034793572,0.0,2208388.7632135474
2020-12-22,6.322347,1311096597.0,94087.0,8289208247.01,594850.6621889999,7.176206031541897e-05,-0.08704840942341383,118970.13243780595,2238131.296322997
2020-12-23,6.363964,1312185959.0,1089362.0,8350704288.83,6932660.550968,0.0008301887255475215,0.907010516849868,1505502.242631406,2603412.218903898
2020-12-24,6.370281,1312185959.0,0.0,8358994241.37,0.0,0.0,-0.19151959089607187,1505502.242631406,2603412.218903898
2020-12-29,6.468763,1314185959.0,2000000.0,8501158256.2,12937526.0,0.0015218545061862015,1.7811404215673223,4093007.442631406,3250288.5189038976
2020-12-30,6.422833,1323585959.0,9400000.0,8501172713.12,60374630.199999996,0.007101917845619444,6.92581337906088,16167933.482631404,6269020.028903897
2020-12-31,6.329475,1340927147.0,17341188.0,8487364881.38,109760615.91630001,0.012932237207934617,8.250927187692728,38001086.533453606,11757050.824718898
2021-01-04,6.438478,1341297993.0,370846.0,8635918778.05,2387683.812388,0.00027648289356968015,-0.032860422788051555,37092091.18573761,11876435.015338298
2021-01-05,6.477916,1342697993.0,1400000.0,8697885364.61,9069082.399999999,0.001042676698971031,0.462633595164996,38905907.665737614,12329889.135338297
2021-01-06,6.703001,1342697993.0,0.0,9000106728.35,0.0,0.0,-0.2203376783073449,36318402.46573761,12329889.135338297
2021-01-07,6.718443,1342662984.0,-35009.0,9020605088.36,-235205.97098699998,-2.6074300857101572e-05,-0.23724682449747161,24196435.23154021,12367149.122921897
2021-01-08,6.734245,1349662984.0,7000000.0,9088962157.28,47139715.0,0.00518647940042774,3.021228135336197,11672255.048280206,14724134.872921895
2021-01-11,6.661015,1354157590.0,4494606.0,9020064111.96,29938637.98509,0.0033191158747301335,1.8051122799620583,17182445.882820603,16240197.830844548
2021-01-12,6.617489,1354157590.0,0.0,8961123216.81,0.0,0.0,-0.2525966104462162,15368629.402820606,13926134.306673396
2021-01-13,6.60906,1354157590.0,0.0,8949709423.1,0.0,0.0,-0.2525966104462162,15368629.402820606,13945009.827797398
2021-01-14,6.665668,1358757590.0,4600000.0,9057028089.9,30662072.8,0.0033854452581628847,1.8038428500014088,21548085.157018006,15478113.467797399
2021-01-15,6.600763,1359757590.0,1000000.0,8975438682.59,6600763.0,0.0007354251121790572,0.17959630439322014,13440294.757018005,15808151.617797399
2021-01-18,6.586015,1361454666.0,1697076.0,8966560855.33,11176967.992139999,0.0012465167161048224,0.4854995432569241,9687960.758428004,16367000.017404398
2021-01-19,6.578458,1361580196.0,125530.0,8957098196.78,825793.8327400001,9.21943485041691e-05,-0.22051065869754438,9853119.524976004,16408289.709041398
2021-01-20,6.605278,1367580196.0,6000000.0,9033248274.43,39631668.0,0.004387310831717482,2.328000601671788,17779453.124976005,18389873.1090414
2021-01-21,6.58087,1382136512.0,14556316.0,9095661392.65,95793223.27492,0.010531749054810722,5.217007713601843,30805683.219960004,23179534.2727874
2021-01-22,6.560866,1384136512.0,2000000.0,9081134735.81,13121732.0,0.001444944093633646,0.4479983642592452,32109877.01996001,23805878.33967795
2021-01-25,6.505729,1384136512.0,0.0,9004818230.44,0.0,0.0,-0.30896205142509764,29874483.421532013,23459245.31212955
2021-01-26,6.520629,1384936512.0,800000.0,9030657891.58,5216503.199999999,0.000577643762240596,-0.008878124168803882,30752625.294984005,23720070.472129546
2021-01-27,6.435702,1384936512.0,0.0,8913039860.16,0.0,0.0,-0.31203252209065324,22826291.694984008,23073194.17212955
2021-01-28,6.395401,1384815341.0,-121171.0,8856450710.91,-774937.134571,-8.749974000491844e-05,-0.35746701181670276,3512659.6130858087,20015715.805400994
2021-01-29,6.27908,1384792194.0,-23147.0,8695221626.74,-145341.86476,-1.6715142062973657e-05,-0.32028975515385666,859244.8401338088,14520417.916347995
2021-02-01,6.336822,1384077257.0,-714937.0,8770652424.05,-4530428.510214,-0.0005165440712017177,-0.5793910293720919,-46840.86190899126,14174512.300217897
2021-02-02,6.38604,1384077257.0,0.0,8838773649.66,0.0,0.0,-0.30896088351746676,-1090141.501908991,13721058.180217898
2021-02-03,6.377324,1384065070.0,-12187.0,8826632629.93,-77720.447588,-8.805220614309894e-06,-0.3137515322177642,-1105685.5914265912,13717172.157838497
2021-02-04,6.373325,1384065070.0,0.0,8821097555.88,0.0,0.0,-0.3091414231694644,-950698.1645123912,13728932.456387848
2021-02-05,6.359249,1383716447.0,-348623.0,8799398262.14,-2216980.464127,-0.0002519468261444316,-0.43977026692300747,-1365025.8843857911,11261097.683181496
2021-02-08,6.392732,1383526611.0,-189836.0,8844515344.44,-1213570.671952,-0.00013721166448254246,-0.3790468503379001,-701654.316733391,9703487.250329398
2021-02-09,6.400549,1382833457.0,-693154.0,8850894203.08,-4436566.141546,-0.0005012562617686844,-0.5667977811988887,-1588967.545042591,9481658.943252098
2021-02-10,6.393435,1382732495.0,-100962.0,8840411037.5,-645493.98447,-7.301628642965687e-05,-0.34263410920857057,-1702522.2524189907,9449384.244028596
2021-02-11,6.397877,1382822688.0,90193.0,8847130558.57,577043.720261,6.522382782087823e-05,-0.2653155411596596,-1587113.508366791,7945132.790041646
2021-02-12,6.457672,1382822688.0,0.0,8929816561.81,0.0,0.0,-0.29941417901381456,-1143717.4155413911,7615094.640041647
2021-02-15,6.620685,1382722288.0,-100400.0,9154569212.8,-664716.774,-7.261038270054118e-05,-0.33702391767813866,-1033946.635950991,7023010.401734647
2021-02-16,6.613467,1382722288.0,0.0,9144589565.88,0.0,0.0,-0.2990674848616277,-146633.40764179107,6981720.710097646
2021-02-17,6.576313,1382722288.0,0.0,9093214664.4,0.0,0.0,-0.2990674848616277,-17534.61074779106,5000137.310097647
2021-02-18,6.496008,1382779241.0,56953.0,8982545566.8,369967.14362399996,4.1187338363349875e-05,-0.277731080561642,-58949.92607519106,228974.50353284698
2021-02-19,6.502984,1382779241.0,0.0,8992191728.78,0.0,0.0,-0.2992625194656295,-58949.92607519106,-427112.096467153
2021-02-22,6.491281,1382608673.0,-170568.0,8974901830.0,-1107204.817608,-0.0001233667886936653,-0.36315215667101686,-147447.53479679106,-482472.33734755294
2021-02-23,6.504529,1382523793.0,-84880.0,8992667438.92,-552104.42152,-6.139495597607761e-05,-0.32999553771443413,-257868.41910079104,-770902.7184235529
2021-02-24,6.53707,1382410936.0,-112857.0,9036918371.23,-737754.10899,-8.163779716531682e-05,-0.34017938671316417,-405419.24089879106,-807790.4238730529
2021-02-25,6.543486,1382298514.0,-112422.0,9045051931.94,-735631.7830919999,-8.132974676401004e-05,-0.33962566109104336,-626539.026241991,-805825.1562991028
2021-02-26,6.377573,1382298514.0,0.0,8815710851.38,0.0,0.0,-0.2971349998778794,-626539.026241991,-798558.063061103
2021-03-01,6.481002,1382276069.0,-22445.0,8958534743.12,-145466.08989,-1.623771007884023e-05,-0.30576003847516064,-434191.280698391,-579309.9420449028
2021-03-02,6.505997,1382219368.0,-56701.0,8992716392.6,-368896.535897,-4.102170243026463e-05,-0.3185126761844337,-397549.7035737911,-597754.768839753
2021-03-03,6.566527,1382395689.0,176321.0,9077539933.76,1157816.607167,0.0001275473989225869,-0.23103463411329875,-18435.56034239107,-535977.916102003
2021-03-04,6.557679,1382694051.0,298362.0,9067264825.46,1956562.2217980002,0.0002157830679329188,-0.18612871781615034,520003.24063560896,-438149.8050121029
2021-03-05,6.537747,1382694051.0,0.0,9039704263.62,0.0,0.0,-0.29891251424327997,520003.2406356089,-327300.7818057529
2021-03-08,6.625217,1382682152.0,-11899.0,9160569971.91,-78833.457083,-8.60573712386185e-06,-0.30336955693776063,533329.767197009,-270563.9210623029
2021-03-09,6.636292,1382682152.0,0.0,9175882899.17,0.0,0.0,-0.2830039674450129,607109.074376409,-48735.61398500293
2021-03-10,6.631525,1382538695.0,-143457.0,9168341272.38,-951338.681925,-0.00010376344571628748,-0.3382280289920836,185278.0165580089,-64027.848857752935
2021-03-11,6.596311,1386138695.0,3600000.0,9143403283.95,23746719.6,0.0025971423180780107,1.0955188377795704,4543309.4921984095,1094455.945129197
2021-03-12,6.62038,1386138695.0,0.0,9176766142.41,0.0,0.0,-0.2927219465117235,4543309.4921984095,1094455.945129197
2021-03-15,6.608844,1386138695.0,0.0,9160775739.27,0.0,0.0,-0.2927219465117235,4559076.183615009,1127691.783829197
2021-03-16,6.661564,1386138695.0,0.0,9233852253.7,0.0,0.0,-0.2927219465117235,4559076.183615009,1127691.783829197
2021-03-17,6.621572,1386138695.0,0.0,9178417895.11,0.0,0.0,-0.2927219465117235,4749343.920000009,1127691.783829197
2021-03-18,6.644101,1386075401.0,-63294.0,9209225807.56,-420531.728694,-4.5664178236218165e-05,-0.3169074295602785,-84106.34573879106,1088166.8402132972
2021-03-19,6.574739,1386017830.0,-57571.0,9112706003.37,-378514.298969,-4.153698131257832e-05,-0.3144986544848198,-159809.20553259103,1069241.1252648472
2021-03-22,6.591296,1386017830.0,0.0,9135654869.23,0.0,0.0,-0.29229869206830766,-159809.20553259103,1124601.3661452471
2021-03-23,6.564988,1386017830.0,0.0,9099190498.36,0.0,0.0,-0.29229869206830766,-159809.20553259103,1152206.5872212471
2021-03-24,6.578376,1385804321.0,-213509.0,9116342901.34,-1404542.4813839998,-0.00015406863218994844,-0.37387024020087956,-440717.70180939103,1118867.1686015471
2021-03-25,6.547869,1385804321.0,0.0,9074066065.04,0.0,0.0,-0.2915452955125559,-356611.356070591,1155648.757756147
2021-03-26,6.612304,1385804321.0,0.0,9163360456.99,0.0,0.0,-0.2915452955125559,-280908.49627679103,1155648.757756147
2021-03-29,6.608016,1385804321.0,0.0,9157418131.91,0.0,0.0,-0.2912302813583926,-280908.49627679103,1162922.062250647
2021-03-30,6.643284,1385659431.0,-144890.0,9205330178.63,-962545.41876,-0.00010456392112849261,-0.3467651290860322,-473417.580028791,1133239.6181074972
2021-03-31,6.585934,1385659431.0,0.0,9125862531.96,0.0,0.0,-0.2909503263494406,-192509.08375199107,1075348.787749147
2021-04-01,6.610676,1385542860.0,-116571.0,9159376016.49,-770613.1119959999,-8.41338002292551e-05,-0.33502918791169406,-346631.706151191,938990.0210594472
2021-04-06,6.695137,1385542860.0,0.0,9276399721.93,0.0,0.0,-0.29009101358667383,-346631.706151191,938990.0210594472
2021-04-07,6.755862,1385542860.0,0.0,9360537489.44,0.0,0.0,-0.2905655769865059,-346631.706151191,942931.6939135973
2021-04-08,6.815694,1385542860.0,0.0,9443437447.02,0.0,0.0,-0.2905655769865059,-154122.62239919105,942931.6939135973
2021-04-09,6.790106,1385542860.0,0.0,9407983377.54,0.0,0.0,-0.2892768067260454,-154122.62239919105,990498.6280098471
2021-04-12,6.763909,1385542860.0,0.0,9371686442.12,0.0,0.0,-0.2892768067260454,0.0,-196837.35199015297
2021-04-13,6.765229,1385542860.0,0.0,9373515926.75,0.0,0.0,-0.2892768067260454,0.0,-196837.35199015297
2021-04-14,6.81333,1385284074.0,-258786.0,9438398707.45,-1763194.41738,-0.00018681075805668812,-0.38810330139966787,-352638.8834759911,-284997.072859153
2021-04-15,6.8624,1385205482.0,-78592.0,9505834538.41,-539329.7408,-5.6736706137766566e-05,-0.31837868820792703,-460504.8316359911,-311963.55989915296
2021-04-16,6.897591,1385205482.0,0.0,9554581144.85,0.0,0.0,-0.2880888397086309,-460504.8316359911,-311963.55989915296
2021-04-19,6.878484,1384567956.0,-637526.0,9523728983.9,-4385212.390584,-0.0004604511949045657,-0.5314101320982658,-1337547.3097527912,-510197.59299365303
2021-04-20,6.740728,1384437799.0,-130157.0,9332118882.65,-877352.9342959999,-9.401433322148828e-05,-0.3354852678481888,-1513017.896611991,-535139.524760003
2021-04-21,6.775642,1384437799.0,0.0,9380456016.14,0.0,0.0,-0.2853431452975622,-1160379.0131359913,-535139.524760003
2021-04-22,6.822029,1384151314.0,-286485.0,9442721259.61,-1954408.978065,-0.00020697518483625346,-0.38931816329521435,-1443394.860588991,-632859.973663253
2021-04-23,6.822244,1384151314.0,0.0,9443019320.38,0.0,0.0,-0.27893531030483815,-1443394.860588991,-562632.8495940531
2021-04-26,6.846401,1384151314.0,0.0,9476455129.69,0.0,0.0,-0.27893531030483815,-566352.382472191,-562632.8495940531
2021-04-27,6.827676,1384151314.0,0.0,9450536812.74,0.0,0.0,-0.26867015692390006,-390881.79561299103,-562632.8495940531
2021-04-28,6.846238,1384151314.0,0.0,9476230704.34,0.0,0.0,-0.26699554785903423,-390881.79561299103,-562632.8495940531
2021-04-29,6.847756,1384151314.0,0.0,9478331214.03,0.0,0.0,-0.26699554785903423,0.0,-514505.578656053
2021-04-30,6.855936,1384151314.0,0.0,9489653088.73,0.0,0.0,-0.26351820892195743,0.0,-514505.578656053
2021-05-04,6.80986,1384208638.0,57324.0,9426268230.99,390368.41464,4.141282690817311e-05,-0.24152916918332543,78073.68292800893,-456456.50232425303
2021-05-05,6.924259,1384208638.0,0.0,9584620151.34,0.0,0.0,-0.263715501602798,78073.68292800893,-456456.50232425303
2021-05-06,6.96701,1384194243.0,-14395.0,9643695906.77,-100290.10895000001,-1.0399551159591733e-05,-0.2692371256324975,58015.66113800893,-461471.00777175295
2021-05-07,7.019775,1384194243.0,0.0,9716733505.08,0.0,0.0,-0.2636657836660468,58015.66113800893,-461471.00777175295
2021-05-10,7.013789,1383961128.0,-233115.0,9706812184.28,-1635019.422735,-0.0001684404098580256,-0.3530696602154815,-268988.2234089911,-543221.978908503
2021-05-11,6.84059,1383961128.0,0.0,9467111676.41,0.0,0.0,-0.2628523310777752,-347061.9063369911,-543221.978908503
2021-05-12,6.896581,1383961128.0,0.0,9544600467.76,0.0,0.0,-0.2628523310777752,-347061.9063369911,-543221.978908503
2021-05-13,6.85925,1383961128.0,0.0,9492936067.79,0.0,0.0,-0.26350545320102586,-327003.8845469911,-455062.258039503
2021-05-14,6.938352,1383961128.0,0.0,9602410161.13,0.0,0.0,-0.2641659470208294,-327003.8845469911,-428095.770999503
2021-05-17,6.927716,1383961128.0,0.0,9587690638.82,0.0,0.0,-0.2641659470208294,0.0,-428095.770999503
2021-05-18,6.929154,1383938424.0,-22704.0,9589522973.51,-157319.51241599998,-1.640535330595461e-05,-0.2728772894108434,-31463.9024831911,-216701.12709110294
2021-05-19,6.846235,1383938424.0,0.0,9474768769.08,0.0,0.0,-0.2640874589324894,-31463.9024831911,-172833.48037630296
2021-05-20,6.923952,1383938424.0,0.0,9582324501.62,0.0,0.0,-0.2643057482863184,-31463.9024831911,-172833.48037630296
2021-05-21,6.922296,1383938424.0,0.0,9580032724.72,0.0,0.0,-0.2643057482863184,-31463.9024831911,-75113.03147305298
2021-05-24,6.955378,1383938424.0,0.0,9625815808.43,0.0,0.0,-0.2643057482863184,-31463.9024831911,-75113.03147305298
2021-05-25,6.933938,1383938424.0,0.0,9596144217.34,0.0,0.0,-0.2643057482863184,0.0,-75113.03147305298
2021-05-26,6.93094,1383938424.0,0.0,9591994626.59,0.0,0.0,-0.2643057482863184,0.0,-75113.03147305298
2021-05-27,6.926286,1383796978.0,-141446.0,9584573690.21,-979695.4495560001,-0.00010221586073845865,-0.3185759828513888,-195939.0899111911,-124097.80395085299
2021-05-28,6.929172,1383796978.0,0.0,9588567854.54,0.0,0.0,-0.26381394994150337,-195939.0899111911,-124097.80395085299
2021-05-31,6.929114,1383740631.0,-56347.0,9588096696.65,-390434.786558,-4.0720781079983755e-05,-0.2854338912553416,-274026.0472227911,-143619.543278753
2021-06-01,6.986169,1383740631.0,0.0,9667046231.3,0.0,0.0,-0.2641804512709988,-274026.0472227911,-163137.964010753
2021-06-02,7.013199,1383740631.0,0.0,9704449297.57,0.0,0.0,-0.2641804512709988,-274026.0472227911,-163137.964010753
2021-06-03,6.975359,1383740631.0,0.0,9652088258.32,0.0,0.0,-0.26439836455003557,-78086.9573115911,-158123.458563253
2021-06-04,6.97988,1383740631.0,0.0,9658344702.57,0.0,0.0,-0.24748770430635514,-78086.9573115911,-158123.458563253
2021-06-07,6.988038,1383740631.0,0.0,9669633098.23,0.0,0.0,-0.24770815983328284,0.0,-76372.48742650298
2021-06-08,7.005682,1382668600.0,-1072031.0,9686537200.81,-7510308.280142,-0.0007753346861161055,-0.671484529740812,-1502061.656028391,-451887.901433603
2021-06-09,6.991741,1382668600.0,0.0,9667261605.4,0.0,0.0,-0.2437341942211714,-1502061.656028391,-451887.901433603
2021-06-10,7.000172,1382668600.0,0.0,9678919097.06,0.0,0.0,-0.2437341942211714,-1502061.656028391,-451887.901433603
2021-06-11,7.045528,1382668600.0,0.0,9741631297.63,0.0,0.0,-0.2437341942211714,-1502061.656028391,-451887.901433603
2021-06-14,7.058025,1382668600.0,0.0,9758910502.92,0.0,0.0,-0.2437341942211714,-1502061.656028391,-451887.901433603
2021-06-15,7.083364,1382668600.0,0.0,9793946296.69,0.0,0.0,-0.2437341942211714,0.0,-444021.92581280303
2021-06-16,7.095771,1382668600.0,0.0,9811101135.66,0.0,0.0,-0.24338615038133404,0.0,-444021.92581280303
2021-06-17,6.984995,1389160486.0,6491886.0,9703280337.08,45345791.25057,0.004673243447093467,2.266426750958713,9069158.250114009,1823267.6367156967
2021-06-18,6.852286,1388990422.0,-170064.0,9517759826.28,-1165327.166304,-0.00012243712675816343,-0.3208261004814614,8836092.816853208,1765001.2784004968
2021-06-21,6.895864,1388990422.0,0.0,9578289672.63,0.0,0.0,-0.24819723347574005,8836092.816853208,1765001.2784004968
2021-06-22,6.922902,1388990422.0,0.0,9615845489.16,0.0,0.0,-0.22903467903141697,8836092.816853208,1765001.2784004968
2021-06-23,6.90732,1388990422.0,0.0,9594201323.96,0.0,0.0,-0.2227483691426641,8836092.816853208,1765001.2784004968
2021-06-24,6.94798,1388990422.0,0.0,9650678353.65,0.0,0.0,-0.2209485822673184,-233065.43326079106,1813986.0508782968
2021-06-25,6.973434,1388816752.0,-173670.0,9684822449.9,-1211076.28278,-0.00012504888851034177,-0.309034729440493,-242215.25655599107,1753432.236739297
2021-06-28,6.911737,1388816752.0,0.0,9599137012.44,0.0,0.0,-0.2137520746990785,-242215.25655599107,1772953.976067197
2021-06-29,6.925987,1388816752.0,0.0,9618926956.15,0.0,0.0,-0.21392563079229174,-242215.25655599107,1772953.976067197
2021-06-30,6.8771,1388816752.0,0.0,9551032401.75,0.0,0.0,-0.19273377957604454,-242215.25655599107,1772953.976067197
2021-07-01,6.963689,1388676473.0,-140279.0,9670311719.7,-976859.3292309999,-0.000101016322694229,-0.2584430349534429,-437587.12240219105,1724111.0096056468
2021-07-02,6.961811,1388657009.0,-19464.0,9667568366.19,-135504.689304,-1.4016419038513875e-05,-0.1858210165070988,-222472.80370699102,1717335.7751404468
2021-07-05,7.002464,1388657009.0,0.0,9724021675.85,0.0,0.0,-0.17413741818869982,-222472.80370699102,1717335.7751404468
2021-07-06,6.939859,1388657009.0,0.0,9637084692.93,0.0,0.0,-0.15528911058140948,-222472.80370699102,2092851.189147547
2021-07-07,6.988867,1388657009.0,0.0,9705139317.25,0.0,0.0,-0.15015256979569694,-222472.80370699102,2092851.189147547
2021-07-08,6.876275,1388657009.0,0.0,9548787512.73,0.0,0.0,-0.14171705496675813,-27100.93786079106,2092851.189147547
2021-07-09,6.965402,1388657009.0,0.0,9672555247.44,0.0,0.0,-0.14104429665295676,0.0,2092851.189147547
2021-07-12,6.968892,1388657009.0,0.0,9677401063.84,0.0,0.0,-0.11622191828765355,0.0,2092851.189147547
2021-07-13,6.968148,1388657009.0,0.0,9676368567.28,0.0,0.0,-0.07468865476490481,0.0,2092851.189147547
2021-07-14,6.93537,1388657009.0,0.0,9630850610.84,0.0,0.0,-0.05333472397259251,0.0,2092851.189147547
2021-07-15,6.857865,1388613202.0,-43807.0,9522922485.59,-300422.49205500004,-3.1547299950156755e-05,-0.11502804733963731,-60084.498410991066,-189459.49798370298
2021-07-16,6.854021,1388496560.0,-116642.0,9516785355.74,-799466.717482,-8.400596289584337e-05,-0.20861513682243363,-219977.84190739103,-171166.475542603
2021-07-19,6.693961,1388496560.0,0.0,9294542579.5,0.0,0.0,-0.042143846249091614,-219977.84190739103,-171166.47554260297
2021-07-20,6.72993,1388496560.0,0.0,9344484983.93,0.0,0.0,-0.043597034021329584,-219977.84190739103,-171166.47554260297
2021-07-21,6.844098,1388496560.0,0.0,9503007551.44,0.0,0.0,-0.04387385382448669,-219977.84190739103,-171166.47554260297
2021-07-22,6.815987,1388496560.0,0.0,9463975888.46,0.0,0.0,-0.052660087325668306,-159893.34349639105,-171166.47554260297
2021-07-23,6.873966,1388496560.0,0.0,9544479266.02,0.0,0.0,-0.052660087325668306,0.0,-110612.66140360296
2021-07-26,6.871799,1388496560.0,0.0,9541469624.51,0.0,0.0,-0.05280670971868551,0.0,-110612.66140360296
2021-07-27,6.843083,1388496560.0,0.0,9501598014.52,0.0,0.0,-0.05280670971868551,0.0,-110612.66140360296
2021-07-28,6.863174,1388496560.0,0.0,9529494640.5,0.0,0.0,-0.057062039498384384,0.0,-110612.66140360296
2021-07-29,6.926035,1388496560.0,0.0,9616777131.55,0.0,0.0,-0.05936898936926616,0.0,-61769.694942052985
2021-07-30,6.880929,1388496560.0,0.0,9554147049.02,0.0,0.0,-0.0680260710973008,0.0,-54994.460476852975
2021-08-02,6.92923,1388496560.0,0.0,9621212941.32,0.0,0.0,-0.06925794720995877,0.0,-54994.460476852975
2021-08-03,6.952695,1388496560.0,0.0,9653793503.07,0.0,0.0,-0.06816789395342769,0.0,-54994.460476852975
2021-08-04,6.970398,1388496560.0,0.0,9678374830.11,0.0,0.0,-0.06816789395342769,0.0,-54994.460476852975
2021-08-05,6.974957,1388496560.0,0.0,9684705037.3,0.0,0.0,-0.06939313297164303,0.0,-54994.460476852975
2021-08-06,6.977386,1388438384.0,-58176.0,9687671898.22,-405916.40793600003,-4.190030506819524e-05,-0.15270705194779513,-81183.28158719107,-75290.28087365298
2021-08-09,6.986518,1388438384.0,0.0,9700349999.98,0.0,0.0,-0.06868752931813835,-81183.28158719107,-75290.28087365298
2021-08-10,7.014629,1388438384.0,0.0,9739380211.74,0.0,0.0,-0.0679980039650156,-81183.28158719107,-75290.28087365298
2021-08-11,7.07247,1388438384.0,0.0,9819689513.0,0.0,0.0,-0.0679980039650156,-81183.28158719107,-75290.28087365298
2021-08-12,7.072123,1388438384.0,0.0,9819207967.13,0.0,0.0,-0.0700875331108454,-81183.28158719107,-60269.156270902975
2021-08-13,7.097096,1388438384.0,0.0,9853881048.2,0.0,0.0,-0.07112357761997379,0.0,-20295.82039680298
2021-08-16,7.033355,1388438384.0,0.0,9765380449.04,0.0,0.0,-0.07250380945513356,0.0,-20295.82039680298
2021-08-17,7.060085,1388459384.0,21000.0,9802642377.35,148261.785,1.5124675500003336e-05,-0.043776179405098536,29652.357000008942,-12882.731146802982
2021-08-18,7.048512,1388459384.0,0.0,9786573550.09,0.0,0.0,-0.07413361154026565,29652.357000008942,-12882.731146802982
2021-08-19,6.956447,1388459384.0,0.0,9658745333.28,0.0,0.0,-0.07440705260165036,29652.357000008942,-12882.731146802982
2021-08-20,6.985201,1388459384.0,0.0,9698668830.06,0.0,0.0,-0.07509923125191328,29652.357000008942,-12882.731146802982
2021-08-23,7.005876,1388459384.0,0.0,9727374418.66,0.0,0.0,-0.07297409812912248,29652.357000008942,-12882.731146802982
2021-08-24,7.022164,1388459384.0,0.0,9749990305.57,0.0,0.0,-0.06940081801356912,0.0,-12882.731146802982
2021-08-25,7.046266,1388459384.0,0.0,9783454615.49,0.0,0.0,-0.06940081801356912,0.0,-12882.731146802982
2021-08-26,7.027122,1388459384.0,0.0,9756873759.45,0.0,0.0,-0.06954565671136011,0.0,-12882.731146802982
2021-08-27,7.049758,1388459384.0,0.0,9788303819.49,0.0,0.0,-0.06954565671136011,0.0,-12882.731146802982
2021-08-31,7.021659,1388459384.0,0.0,9749288475.05,0.0,0.0,-0.07130436244759751,0.0,-12882.731146802982
2021-09-01,7.052552,1388459384.0,0.0,9792183023.24,0.0,0.0,-0.03158830278683827,0.0,-12882.731146802982
2021-09-02,7.07857,1388459384.0,0.0,9828307299.68,0.0,0.0,-0.03158830278683827,0.0,-12882.731146802982
2021-09-03,7.053539,1388242253.0,-217131.0,9792020920.75,-1531541.976609,-0.00015640713893528882,-0.38524070380716213,-306308.39532179106,-89459.82997725299
2021-09-06,7.101966,1388008324.0,-233929.0,9857588810.88,-1661355.804414,-0.0001685357176371905,-0.4094045075892765,-638579.5562045911,-152231.79980115299
2021-09-07,7.064646,1388008324.0,0.0,9805787757.71,0.0,0.0,-0.025376078480676443,-638579.5562045911,-152231.79980115299
2021-09-08,7.011637,1387832786.0,-175538.0,9730980767.08,-1230808.7357060001,-0.00012648352362074723,-0.31194246615081755,-884741.3033457911,-213772.236586453
2021-09-09,6.941929,1387743581.0,-89205.0,9633617785.6,-619254.776445,-6.428060467279911e-05,-0.16981182680610954,-1008592.2586347911,-244734.975408703
2021-09-10,6.946786,1387743581.0,0.0,9640358805.77,0.0,0.0,-0.023400114330592338,-702283.8633129911,-244734.975408703
2021-09-13,6.98586,1387743581.0,0.0,9694583693.99,0.0,0.0,-0.023400114330592338,-370012.7024301911,-244734.975408703
2021-09-14,6.95159,1387743581.0,0.0,9647024554.01,0.0,0.0,-0.02634002561055139,-370012.7024301911,-244734.975408703
2021-09-15,6.934535,1387743581.0,0.0,9623357296.45,0.0,0.0,-0.02634002561055139,-123850.95528899106,-252148.064658703
2021-09-16,6.859903,1404455542.0,16711961.0,9634429021.61,114642431.399783,0.011899245003792162,10.071059275582748,22928486.27995661,5479973.505330447
2021-09-17,6.797312,1404455542.0,0.0,9546523393.74,0.0,0.0,-0.0945874063654591,22928486.27995661,5479973.505330447
2021-09-20,6.738877,1404455542.0,0.0,9464453216.46,0.0,0.0,-0.09534181679130871,22928486.27995661,5479973.505330447
2021-09-21,6.81389,1404455542.0,0.0,9569805600.76,0.0,0.0,-0.09534181679130871,22928486.27995661,5479973.505330447
2021-09-22,6.913864,1404275739.0,-179803.0,9708972381.23,-1243133.488792,-0.00012803965651352604,-0.20441428769795067,22679859.58219821,5417816.830890847
2021-09-23,6.90958,1404275739.0,0.0,9702956772.84,0.0,0.0,-0.09502364092842829,-248626.6977583911,5417816.830890847
2021-09-24,6.883361,1404275739.0,0.0,9666137741.86,0.0,0.0,-0.09502364092842829,-248626.6977583911,5417816.830890847
2021-09-27,6.894925,1403739277.0,-536462.0,9678677468.62,-3698865.2553499998,-0.0003821663928095942,-0.41851162573382017,-988399.748828391,5232873.568123347
2021-09-28,6.860454,1403739277.0,0.0,9630289454.04,0.0,0.0,-0.09223778022388761,-988399.748828391,5232873.568123347
2021-09-29,6.938544,1403739277.0,0.0,9739906782.23,0.0,0.0,-0.09223778022388761,-739773.051069991,5232873.568123347
2021-09-30,6.923117,1403739277.0,0.0,9718251431.15,0.0,0.0,-0.09223778022388761,-739773.0510699911,5232873.568123347
2021-10-01,6.864907,1403739277.0,0.0,9636540781.14,0.0,0.0,-0.09358851595461101,-739773.0510699911,5309450.666953797
2021-10-04,6.849285,1403739277.0,0.0,9614611654.42,0.0,0.0,-0.09399678311492801,0.0,5392518.457174497
2021-10-05,6.913774,1403739277.0,0.0,9705136328.54,0.0,0.0,-0.09399678311492801,0.0,5392518.457174497
2021-10-06,6.834317,1403739277.0,0.0,9593599594.64,0.0,0.0,-0.09736768193227971,0.0,5454058.893959797
2021-10-07,6.915844,1403739277.0,0.0,9708041983.46,0.0,0.0,-0.09804651763793014,0.0,5485021.632782048
2021-10-08,6.932905,1403739277.0,0.0,9731991632.92,0.0,0.0,-0.09804651763793014,0.0,5485021.632782048
2021-10-11,6.982764,1403739277.0,0.0,9801980684.67,0.0,0.0,-0.0995487512043203,0.0,5485021.632782048
2021-10-12,6.966342,1404011081.0,271804.0,9780821546.78,1893479.620968,0.00019359106102813655,0.06461887401849543,378695.9241936089,5579695.613830447
2021-10-13,6.977699,1404011081.0,0.0,9796767835.86,0.0,0.0,-0.1009307502585704,378695.9241936089,5579695.613830447
2021-10-14,7.043558,1404011081.0,0.0,9889233802.81,0.0,0.0,-0.1009307502585704,378695.9241936089,-152425.95615870296
2021-10-15,7.069234,1403951020.0,-60061.0,9924858875.98,-424585.26327399997,-4.277997990496118e-05,-0.13720421704784067,293778.8715388089,-173655.21932240296
2021-10-18,7.039717,1403951020.0,0.0,9883419214.13,0.0,0.0,-0.1006222058077683,293778.8715388089,-173655.21932240296
2021-10-19,7.053103,1403951020.0,0.0,9902211419.8,0.0,0.0,-0.1006222058077683,-84917.05265479106,-173655.21932240296
2021-10-20,7.05853,1403951020.0,0.0,9909830767.05,0.0,0.0,-0.10032462699839266,-84917.05265479106,-111498.54488280295
2021-10-21,7.027987,1403951020.0,0.0,9866949865.55,0.0,0.0,-0.10032462699839266,-84917.05265479106,-111498.54488280295
2021-10-22,7.041964,1403951020.0,0.0,9886573353.45,0.0,0.0,-0.10039951870732303,0.0,-111498.54488280295
2021-10-25,7.05973,1403933242.0,-17778.0,9911390774.3,-125507.87994,-1.2662993801580193e-05,-0.11113640997865133,-25101.57598799106,67169.32388769703
2021-10-26,7.113277,1403814307.0,-118935.0,9985720353.8,-846017.599995,-8.472274107626635e-05,-0.1733728436662469,-194305.09598699107,24868.44388794702
2021-10-27,7.089506,1403814307.0,0.0,9952350716.92,0.0,0.0,-0.10091755424673121,-194305.09598699107,24868.44388794702
2021-10-28,7.086675,1403814307.0,0.0,9948377098.0,0.0,0.0,-0.10091755424673121,-194305.09598699107,24868.44388794702
2021-10-29,7.075169,1403814307.0,0.0,9932224225.64,0.0,0.0,-0.10091755424673121,-194305.09598699107,24868.44388794702
2021-11-01,7.125083,1403814307.0,0.0,10002294093.27,0.0,0.0,-0.10091755424673121,-169203.51999899108,24868.44388794702
2021-11-02,7.111549,1403754557.0,-59750.0,9982870006.17,-424915.05275000003,-4.256441809693781e-05,-0.1370105162203701,-84983.01054999107,3622.691250447021
2021-11-03,7.086162,1403754557.0,0.0,9947233500.32,0.0,0.0,-0.10072873955516903,-84983.01054999107,3622.691250447021
2021-11-04,7.119985,1403754557.0,0.0,9994711735.51,0.0,0.0,-0.10072873955516903,-84983.01054999107,3622.691250447021
2021-11-05,7.143412,1403754557.0,0.0,10027597357.85,0.0,0.0,-0.10072873955516903,-84983.01054999107,3622.691250447021
2021-11-08,7.139891,1403754557.0,0.0,10022654709.02,0.0,0.0,-0.10072873955516903,-84983.01054999107,3622.691250447021
2021-11-09,7.114058,1403754557.0,0.0,9986392141.03,0.0,0.0,-0.10072873955516903,0.0,-91051.28979795298
2021-11-10,7.178565,1403845121.0,90564.0,10077594409.6,650119.56066,6.451138379221638e-05,-0.046020914102683934,130023.91213200893,-58545.31176495298
2021-11-11,7.229597,1403796778.0,-48343.0,10148886017.73,-349500.407771,-3.443731727407583e-05,-0.13039402152115961,60123.830577808934,-76020.33215350298
2021-11-12,7.194073,1403796778.0,0.0,10099016750.85,0.0,0.0,-0.10168288588706459,60123.830577808934,-54791.06898980298
2021-11-15,7.197857,1403796778.0,0.0,10104329003.89,0.0,0.0,-0.10168288588706459,60123.830577808934,-54791.06898980298
2021-11-16,7.173606,1403796778.0,0.0,10070285231.85,0.0,0.0,-0.10197667541858627,60123.830577808934,-54791.06898980298
2021-11-17,7.13847,1403735832.0,-60946.0,10020527451.71,-435061.19262,-4.341699523469266e-05,-0.13879699387250044,-156912.32007819106,-76544.12862080298
2021-11-18,7.107994,1403735832.0,0.0,9977746020.75,0.0,0.0,-0.10166339787917822,-87012.23852399105,-76544.12862080298
2021-11-19,7.076336,1403735832.0,0.0,9933306427.31,0.0,0.0,-0.10166339787917822,-87012.23852399105,-76544.12862080298
2021-11-22,7.107617,1403735832.0,0.0,9977217936.39,0.0,0.0,-0.10166339787917822,-87012.23852399105,-70268.73462380299
2021-11-23,7.118562,1403735832.0,0.0,9992581770.56,0.0,0.0,-0.10166339787917822,-87012.23852399105,-27967.854624052987
2021-11-24,7.137796,1403735832.0,0.0,10019580760.47,0.0,0.0,-0.10745082821878742,0.0,-27967.854624052987
2021-11-25,7.167259,1403735832.0,0.0,10060938678.8,0.0,0.0,-0.10745082821878742,0.0,-27967.854624052987
2021-11-26,6.906211,1403735832.0,0.0,9694497138.49,0.0,0.0,-0.10745082821878742,0.0,-27967.854624052987
2021-11-29,6.970878,1403704060.0,-31772.0,9785050357.98,-221478.735816,-2.2634399181745395e-05,-0.12669259977960717,-44295.74716319106,-39041.79141485298
2021-11-30,6.921554,1403643306.0,-60754.0,9715393561.41,-420512.09171600005,-4.328307330608755e-05,-0.14408079451115602,-128398.16550639106,-38821.64336315299
2021-12-01,7.028377,1403579355.0,-63951.0,9864885766.16,-449471.737527,-4.5562791924955166e-05,-0.14570367225873299,-218292.5130117911,-61295.23023950299
2021-12-02,6.992592,1403579355.0,0.0,9814658953.2,0.0,0.0,-0.10664369709834295,-218292.5130117911,-61295.23023950299
2021-12-03,6.98641,1403379347.0,-200008.0,9804584444.29,-1397337.89128,-0.00014251882873973128,-0.2082640360027903,-497760.0912677911,-131162.124803503
2021-12-06,7.09446,1403379347.0,0.0,9956219169.42,0.0,0.0,-0.0783315698215153,-453464.3441045911,-131162.124803503
2021-12-07,7.199851,1403236730.0,-142617.0,10103095711.83,-1026821.150067,-0.00010163430886482309,-0.17088268556372005,-574726.1557747911,-182503.18230685298
2021-12-08,7.197039,1403213573.0,-23157.0,10098983270.69,-166661.832123,-1.650283277591894e-05,-0.09257430213111284,-518164.1746939911,-223342.251946003
2021-12-09,7.181727,1403190998.0,-22575.0,10077335888.63,-162127.487025,-1.60883281868102e-05,-0.09206955211950806,-550589.6720989911,-213973.60590870297
2021-12-10,7.152821,1403190998.0,0.0,10036774854.94,0.0,0.0,-0.07729503922835462,-271122.09384299105,-213973.60590870297
2021-12-13,7.093607,1403097885.0,-93113.0,9953026008.37,-660507.028591,-6.636243369961521e-05,-0.13869764858132813,-403223.49956119107,-246998.95733825298
2021-12-14,7.081057,1403097885.0,0.0,9935417029.04,0.0,0.0,-0.07774998026287687,-197859.26954779105,-246998.95733825298
2021-12-15,7.034113,1403097885.0,0.0,9869549655.85,0.0,0.0,-0.07774998026287687,-164526.90312319103,-225245.897707253
2021-12-16,7.074276,1403097885.0,0.0,9925902885.55,0.0,0.0,-0.07774998026287687,-132101.40571819106,-225245.897707253
2021-12-17,7.083312,1403097885.0,0.0,9938580520.02,0.0,0.0,-0.07853072120206853,-132101.40571819106,-225245.897707253
2021-12-20,7.012993,1403097885.0,0.0,9839916959.69,0.0,0.0,-0.07863872799092254,0.0,-225245.897707253
2021-12-21,7.10973,1403427885.0,330000.0,9977993472.93,2346210.9,0.00023513854828279858,0.13553012433675796,469242.1800000089,-107935.352707253
2021-12-22,7.152781,1403427885.0,0.0,10038413132.86,0.0,0.0,-0.08043437208056052,469242.1800000089,-107935.352707253
2021-12-23,7.188567,1403427885.0,0.0,10088636404.34,0.0,0.0,-0.08043437208056052,469242.1800000089,-107935.352707253
2021-12-24,7.187405,1396810235.0,-6617650.0,10039441246.13,-47563730.69825,-0.004737687041754924,-4.074710821032037,-9043503.959649991,-2486121.8876197534
2021-12-29,7.234598,1396810235.0,0.0,10105361383.3,0.0,0.0,-0.04094894642535867,-9043503.959649991,-2475047.950828953
2021-12-30,7.217968,1396794844.0,-15391.0,10082021081.18,-111091.745488,-1.1018797182974926e-05,-0.050252210723927,-9534964.488747593,-2459576.9335175534
2021-12-31,7.199901,1396772604.0,-22240.0,10056625801.5,-160125.79824,-1.592241785670462e-05,-0.05431397052429626,-9566989.648395592,-2445109.636553203
2022-01-04,7.317381,1396772604.0,0.0,10220717727.46,0.0,0.0,-0.04075742649435274,-9566989.648395592,-2445109.636553203
2022-01-05,7.328875,1396772604.0,0.0,10236773144.69,0.0,0.0,-0.040981760123901916,-54243.50874559106,-2375242.7419892033
2022-01-06,7.264485,1396751141.0,-21463.0,10146678415.36,-155917.64155499998,-1.5366372636682018e-05,-0.05455428960858114,-85427.03705659106,-2383038.624066953
2022-01-07,7.298496,1396751141.0,0.0,10194183620.0,0.0,0.0,-0.04147047229604353,-63208.68795899106,-2331697.566563603
2022-01-10,7.259479,1396751141.0,0.0,10139685671.85,0.0,0.0,-0.04147047229604353,-31183.528310991056,-2323364.474957453
2022-01-11,7.304374,1396751141.0,0.0,10202393756.43,0.0,0.0,-0.04147047229604353,-31183.528310991056,-2315258.100606203
2022-01-12,7.363119,1396751141.0,0.0,10284444917.81,0.0,0.0,-0.04147047229604353,-31183.528310991056,-2315258.100606203
2022-01-13,7.376529,1396751141.0,0.0,10303175515.44,0.0,0.0,-0.04147047229604353,0.0,-2282232.749176653
2022-01-14,7.356114,1396733041.0,-18100.0,10274528169.88,-133145.6634,-1.295881048730971e-05,-0.05241217499838847,-26629.132679991057,-2288890.0323466533
2022-01-17,7.422649,1396733041.0,0.0,10367459713.37,0.0,0.0,-0.041378343198968257,-26629.132679991057,-2288890.0323466533
2022-01-18,7.376205,1396733041.0,0.0,10302589424.01,0.0,0.0,-0.041378343198968257,-26629.132679991057,-2288890.0323466533
2022-01-19,7.401557,1396581792.0,-151249.0,10336880981.41,-1119478.094693,-0.00010829940837146968,-0.13281291738412984,-250524.75161859105,-2344863.937081303
2022-01-20,7.397891,1396581792.0,0.0,10331760826.54,0.0,0.0,-0.040607169496291194,-250524.75161859105,-2344863.937081303
2022-01-21,7.309264,1396546028.0,-35764.0,10207723801.4,-261408.517696,-2.560889408666676e-05,-0.06222821418948144,-276177.32247779105,-2475244.907966103
2022-01-24,7.117174,1396848379.0,302351.0,9941613809.67,2151884.676074,0.0002164522498330107,0.14231294248159349,154199.61273700898,-2367650.674162403
2022-01-25,7.18962,1396834979.0,-13400.0,10042713895.93,-96340.908,-9.593114868984167e-06,-0.050056101185743024,134931.43113700897,-2372467.719562403
2022-01-26,7.285496,1396813357.0,-21622.0,10176478460.19,-157526.994512,-1.547951927852446e-05,-0.05495719605880544,327321.65117320896,-2157.534375502987
2022-01-27,7.367842,1396029215.0,-784142.0,10285722986.34,-5777434.361563999,-0.0005616945322401495,-0.5157012369444283,-828165.2211395908,-291029.25245370297
2022-01-28,7.281832,1395968113.0,-61102.0,10165205567.88,-444934.49886399996,-4.377033950694547e-05,-0.0749594566444992,-864870.4173731909,-307721.3901225029
2022-01-31,7.279218,1395789386.0,-178727.0,10160255607.4,-1300992.7954860001,-0.00012804725055720552,-0.1457056330815466,-1555445.9116851906,-364764.73998480296
2022-02-01,7.348846,1395789386.0,0.0,10257441607.82,0.0,0.0,-0.03682839288862188,-1536177.7300851909,-364764.739984803
2022-02-02,7.394925,1395835529.0,46143.0,10322099182.94,341224.024275,3.305761921363466e-05,-0.008954130749088417,-1436427.526327791,-347703.53877105296
2022-02-03,7.342053,1395682604.0,-152925.0,10247176946.86,-1122783.455025,-0.00010957002702769272,-0.12944475784712783,-505497.3450199909,-396046.829444553
2022-02-04,7.329848,1395682604.0,0.0,10230142534.24,0.0,0.0,-0.036284076518730946,-416510.445247191,-396046.829444553
2022-02-07,7.385509,1395645868.0,-36736.0,10307555368.56,-271314.058624,-2.632186283971458e-05,-0.058369574909728564,-210574.697874791,-409612.532375753
2022-02-08,7.379168,1395645868.0,0.0,10298706013.01,0.0,0.0,-0.03598997854541372,-210574.697874791,-409612.532375753
2022-02-09,7.453619,1395456305.0,-189563.0,10401200664.54,-1412930.3784969999,-0.00013584300736683148,-0.15051146419579084,-561405.578429191,-480259.05130060297
2022-02-10,7.481829,1395352769.0,-103536.0,10439791326.42,-774638.647344,-7.420058726496004e-05,-0.09757695807204608,-491776.61689299095,-518990.983667803
2022-02-11,7.47074,1395292437.0,-60332.0,10423868386.54,-450724.68568,-4.323967542241861e-05,-0.0709489373595604,-581921.5540289909,-534869.934781803
2022-02-14,7.344461,1395292437.0,0.0,10247671124.38,0.0,0.0,-0.03419055332474408,-527658.742304191,-534869.934781803
2022-02-15,7.420123,1397314300.0,2021863.0,10368244187.49,15002472.149149,0.0014469636206341009,1.1786403739709799,2472835.687525609,215253.67267564702
2022-02-16,7.415485,1397497549.0,183249.0,10363122203.11,1358880.210765,0.00013112652578362884,0.06571101021042317,3027197.8053780096,339171.58794854704
2022-02-17,7.359937,1397802780.0,305231.0,10287741609.69,2246480.930447,0.00021836482832452214,0.13788705789522504,3631421.720936209,451495.6344708971
2022-02-18,7.336714,1397802780.0,0.0,10255279735.41,0.0,0.0,-0.04663649275750448,3721566.6580722095,464566.0603556971
2022-02-21,7.307421,1398257321.0,454541.0,10217655120.39,3321522.448761,0.0003250767822582585,0.22572542146702862,4385871.147824409,523047.9489900471
2022-02-22,7.317624,1398775054.0,517733.0,10235711071.91,3788575.426392,0.00037013309576400987,0.2611125205577454,2143091.8032730087,717293.7657096471
2022-02-23,7.32143,1398724137.0,-50917.0,10240661729.0,-372785.25131,-3.640245729964195e-05,-0.0831071643623055,1796758.710858009,706530.852869747
2022-02-24,7.054349,1398511673.0,-212464.0,9865589759.47,-1498795.205936,-0.00015192150114465316,-0.18080819944608162,1047703.4835814091,920462.810651147
2022-02-25,7.330879,1398511673.0,0.0,10252320809.07,0.0,0.0,-0.05247576202467802,1047703.4835814089,942709.5355943472
2022-02-28,7.298601,1398567045.0,55372.0,10207582951.69,404138.134572,3.9591952030631264e-05,-0.020202518140115484,464226.62074360903,1027966.082097247
2022-03-01,7.173022,1398567045.0,0.0,10031952870.91,0.0,0.0,-0.05410505787525935,-293488.46453479107,1027966.082097247
2022-03-02,7.269958,1398619319.0,52274.0,10167903867.7,380029.784492,3.737543051515528e-05,-0.022791824489299787,-142925.45737439106,1029906.3701080971
2022-03-03,7.085654,1398230919.0,-388400.0,9907380835.5,-2752068.0136,-0.00027777957255249795,-0.2870006860074198,-393580.0189071911,948442.142179347
2022-03-04,6.839267,1397610912.0,-620007.0,9558634622.76,-4240393.414869,-0.00044361915505926217,-0.4236246228108336,-1241658.701880991,736422.4714358969
2022-03-07,6.816158,1397549022.0,-61890.0,9525915942.23,-421852.01862,-4.4284667341001664e-05,-0.08629662071699751,-1406856.7325193912,728895.573436097
2022-03-08,6.820557,1397549022.0,0.0,9532063002.23,0.0,0.0,0.08864084565596254,-1406856.7325193912,728895.573436097
2022-03-09,7.042184,1398178201.0,629179.0,9846228966.19,4430794.286936,0.00044999911155331343,1.044180376850343,-596703.8320305912,1021081.806707747
2022-03-10,6.97855,1398178201.0,0.0,9757257762.1,0.0,0.0,0.08020017456752819,-46290.229310591145,1059813.739074947
2022-03-11,7.034467,1398178201.0,0.0,9835439202.63,0.0,0.0,0.08020017456752819,801788.4536632089,1082349.973358947
2022-03-14,7.0718,1398115284.0,-62917.0,9887192568.53,-444936.4406,-4.500129207720608e-05,-0.017685964414968704,797171.5692672089,1060103.151328947
2022-03-15,7.054164,1398115284.0,0.0,9862535306.56,0.0,0.0,0.07873027569158944,797171.5692672089,309979.5438714969
2022-03-16,7.16841,1400115284.0,2000000.0,10036601104.51,14336820.0,0.0014284537016777197,2.9932620183149505,2778376.7118800087,958876.533333247
2022-03-17,7.224511,1405790765.0,5675481.0,10156151385.73,41002574.914790995,0.004037215807200557,6.600069001872937,10978891.694838207,2896681.232550447
2022-03-18,7.246991,1405790765.0,0.0,10187753204.17,0.0,0.0,-0.01965218578183993,10978891.694838207,2896681.232550447
2022-03-21,7.283645,1405790765.0,0.0,10239281366.59,0.0,0.0,-0.01965218578183993,11067878.982958209,2730605.1101123965
2022-03-22,7.316982,1405790765.0,0.0,10286146674.95,0.0,0.0,-0.01965218578183993,11067878.982958209,2541176.3387927967
2022-03-23,7.301416,1405790765.0,0.0,10264264526.11,0.0,0.0,-0.01965218578183993,8200514.982958208,2559815.601358297
2022-03-24,7.314895,1405790765.0,0.0,10283212379.69,0.0,0.0,-0.01965218578183993,0.0,2634755.3616550965
2022-03-25,7.330401,1405790765.0,0.0,10305010856.26,0.0,0.0,-0.01965218578183993,0.0,2634755.3616550965
2022-03-28,7.320518,1405790765.0,0.0,10291117758.94,0.0,0.0,-0.01965218578183993,0.0,2614548.454926497
2022-03-29,7.383115,1405790765.0,0.0,10379115256.38,0.0,0.0,-0.01965218578183993,0.0,2614548.454926497
2022-03-30,7.423549,1405790765.0,0.0,10435956875.86,0.0,0.0,-0.01965218578183993,0.0,2595546.9657018967
2022-03-31,7.364399,1405990765.0,200000.0,10354277613.55,1472879.8,0.00014224843634408005,0.21160550918491758,294575.9600000089,2806794.3563818964
2022-04-01,7.385988,1405990765.0,0.0,10384631261.9,0.0,0.0,-0.018954075781008245,294575.9600000089,3018814.0271253465
2022-04-04,7.40667,1406219074.0,228309.0,10415400780.32,1691009.42103,0.00016235663482342213,0.24502542915454137,632777.844206009,3124457.0991078466
2022-04-05,7.459956,1406219074.0,0.0,10490332820.75,0.0,0.0,-0.021167557390680214,632777.844206009,3124457.0991078466
2022-04-06,7.434539,1422219074.0,16000000.0,10573544580.77,118952624.0,0.011250023404293196,9.33732551307118,24423302.64420601,8850548.584761048
2022-04-07,7.408239,1460819074.0,38600000.0,10822097023.9,285958025.4,0.026423531850479402,9.728902944631134,81320331.764206,23148449.854761045
2022-04-08,7.522267,1460819074.0,0.0,10988672326.32,0.0,0.0,-0.12198757827747339,81320331.764206,23148449.854761045
2022-04-11,7.472037,1460805737.0,-13337.0,10915194884.82,-99654.557469,-9.129892642374327e-06,-0.1253624630542574,80962198.9685062,23165713.948917594
2022-04-12,7.431269,1460805737.0,0.0,10855640570.53,0.0,0.0,-0.1219587827563381,80962198.9685062,23165713.948917594
2022-04-13,7.435109,1460744029.0,-61708.0,10860792494.2,-458805.706172,-4.224421987778667e-05,-0.137574084974572,57079913.02727181,22425932.663608994
2022-04-14,7.470514,1461168076.0,424047.0,10915676932.2,3167849.050158,0.00029021095712472095,-0.014576776408603479,521877.75730341196,20534196.370377347
2022-04-19,7.455786,1461168076.0,0.0,10894157068.01,0.0,0.0,-0.12304235036377897,521877.75730341196,20534196.370377347
2022-04-20,7.483054,1461150088.0,-17988.0,10933865648.93,-134605.175352,-1.2310849581837746e-05,-0.12759344210559073,514887.63372681197,20527466.111609746
2022-04-21,7.492889,1461196423.0,46335.0,10948583679.09,347183.011815,3.171031267524243e-05,-0.1112805574870875,584324.236089812,20544825.262200497
2022-04-22,7.388697,1459416001.0,-1780422.0,10783183227.17,-13154998.690134,-0.0012199550367453483,-0.573398713636898,-1954914.360702588,19887075.327693798
2022-04-25,7.250241,1458765955.0,-650046.0,10576405713.76,-4712990.161086,-0.0004456135939409318,-0.28361411058540814,-3531082.202951388,19651425.819639497
2022-04-26,7.255265,1459046251.0,280296.0,10585768504.22,2033621.75844,0.00019210903371156285,-0.04695891473781535,-3124357.851263388,19753106.907561496
2022-04-27,7.294475,1459086251.0,40000.0,10643268190.05,291779.0,2.7414417713609198e-05,-0.10835510263820461,-3039081.016192988,19767695.857561495
2022-04-28,7.383125,1459057360.0,-28891.0,10772403935.0,-213305.864375,-1.9801138693097106e-05,-0.12586960551239587,-3151178.7914309883,19757030.564342745
2022-04-29,7.417887,1459057360.0,0.0,10823124065.31,0.0,0.0,-0.11849831301758798,-520179.05340418796,19757030.564342745
2022-05-03,7.434362,1459057360.0,0.0,10847161925.83,0.0,0.0,-0.11849831301758798,422418.97881301196,19683386.574342746
2022-05-04,7.36781,1459057360.0,0.0,10750057902.69,0.0,0.0,-0.11849831301758798,15694.62712501192,19683386.574342746
2022-05-05,7.378098,1457956241.0,-1101119.0,10756945398.5,-8124163.891662,-0.0007552482224921279,-0.39685847111035294,-1667493.951207388,19192627.908708148
2022-05-06,7.264916,1457956241.0,0.0,10591930162.12,0.0,0.0,-0.11599051207943228,-1624832.778332388,19192627.908708148
2022-05-09,7.095788,1457956241.0,0.0,10345348570.26,0.0,0.0,-0.11599051207943228,-1624832.778332388,13244996.708708147
2022-05-10,7.121953,1457976391.0,20150.0,10383640562.77,143507.35295,1.3820523936906879e-05,-0.1108921632419646,-1596131.307742388,-1045729.193644353
2022-05-11,7.224498,1458279930.0,303539.0,10535340448.35,2192916.898422,0.00020814865064616353,-0.03924195065339412,-1157547.928057988,-936083.3487232529
2022-05-12,7.115148,1458279930.0,0.0,10375878247.88,0.0,0.0,-0.11682174433702718,467284.85027441196,-931100.6208498029
2022-05-13,7.296797,1458387710.0,107780.0,10641560464.06,786448.7806599999,7.390352038275707e-05,-0.08955621808421134,624574.6064064119,-891778.181816803
2022-05-16,7.342373,1458516013.0,128303.0,10708968927.92,942048.483019,8.796817782923327e-05,-0.08459824826307458,812984.303010212,-821735.4723572528
2022-05-17,7.394995,1458516013.0,0.0,10785719914.09,0.0,0.0,-0.11732968348612842,784282.832420212,-980127.9248651529
2022-05-18,7.316219,1458245274.0,-270739.0,10668842616.36,-1980785.815841,-0.00018566079630826958,-0.18581882292073348,-50457.71043238808,-1079167.215657203
2022-05-19,7.197668,1458245274.0,0.0,10495965612.18,0.0,0.0,-0.11674373459858732,-50457.71043238808,-1072436.9568896028
2022-05-20,7.283785,1458245274.0,0.0,10621545406.07,0.0,0.0,-0.11674373459858732,-207747.46656438807,-1089796.107480353
2022-05-23,7.405196,1458245274.0,0.0,10798592896.71,0.0,0.0,-0.11674373459858732,-396157.16316818807,-432046.17297365295
2022-05-24,7.376637,1458219978.0,-25296.0,10756759725.95,-186599.409552,-1.7347176501659766e-05,-0.12321439613075683,-433477.04507858807,-205726.63539695294
2022-05-25,7.414587,1458219978.0,0.0,10812099927.66,0.0,0.0,-0.1168965381655125,-37319.88191038808,-307407.72331895295
2022-05-26,7.458128,1458219978.0,0.0,10875592574.3,0.0,0.0,-0.11703989595933656,-37319.88191038808,-321996.67331895296
2022-05-27,7.478257,1458219978.0,0.0,10904944061.98,0.0,0.0,-0.11703989595933656,-37319.88191038808,-311331.3801002029
2022-05-30,7.492525,1458219978.0,0.0,10925750524.3,0.0,0.0,-0.11748930713740642,-37319.88191038808,-311331.3801002029
2022-05-31,7.499895,1458078924.0,-141054.0,10935439985.55,-1057890.18933,-9.673960908092289e-05,-0.1531786705616201,-211578.03786598807,-364225.88956670294
2022-06-01,7.435508,1458078924.0,0.0,10841558346.85,0.0,0.0,-0.11750476194970051,-211578.03786598807,-364225.88956670294
2022-06-06,7.509879,1458078924.0,0.0,10949997734.54,0.0,0.0,-0.1175566644527243,-211578.03786598807,41982.305016397055
2022-06-07,7.500589,1458029113.0,-49811.0,10936078431.88,-373611.838679,-3.4163236941486815e-05,-0.13021150674873064,-286300.4056017881,23301.71308244706
2022-06-08,7.494621,1458029113.0,0.0,10927375772.46,0.0,0.0,-0.11749977602152369,-286300.4056017881,23301.71308244706
2022-06-09,7.381659,1457897194.0,-131919.0,10761700978.1,-973781.073621,-9.048579547068246e-05,-0.15109198392261863,-269478.5824599881,-32562.708246102946
2022-06-10,7.224984,1457897194.0,0.0,10533284077.93,0.0,0.0,-0.11742367708083067,-269478.5824599881,-142208.55316720295
2022-06-13,7.11466,1457897194.0,0.0,10372443156.72,0.0,0.0,-0.11742367708083067,-269478.5824599881,-142208.55316720295
2022-06-14,7.096657,1457897194.0,0.0,10346196747.35,0.0,0.0,-0.11742367708083067,-194756.21472418806,-181530.99220020295
2022-06-15,7.181485,1457897194.0,0.0,10469867642.73,0.0,0.0,-0.11742367708083067,-194756.21472418806,-228633.41635115296
2022-06-16,6.870081,1457241674.0,-655520.0,10011368597.05,-4503475.4971199995,-0.0004498361491202128,-0.2833257999997944,-900695.099423988,-453807.19120715297
2022-06-17,6.841965,1457256135.0,14461.0,9970496708.93,98941.65586500001,9.923443009251853e-06,-0.11160123183872846,-880906.7682509881,-349820.8176218529
2022-06-20,6.944666,1457486135.0,230000.0,10121755009.63,1597273.18,0.0001578059514857185,-0.05708632399525167,-561452.1322509879,-269957.15862185287
2022-06-21,6.974172,1457140145.0,-345990.0,10162346940.14,-2412993.7702800003,-0.00023744453761453239,-0.20335010807182444,-1044050.8863069881,-390606.84713585296
2022-06-22,6.912991,1457140145.0,0.0,10073198013.82,0.0,0.0,-0.1316924265875665,-1044050.8863069881,-390606.8471358529
2022-06-23,6.848021,1457140145.0,0.0,9978527602.51,0.0,0.0,-0.1316924265875665,-143355.78688298818,-381276.87665825296
2022-06-24,7.031716,1457140145.0,0.0,10246196668.51,0.0,0.0,-0.13172771387273202,-163144.11805598816,-381276.87665825296
2022-06-27,7.080077,1457436187.0,296042.0,10318760919.02,2096000.155234,0.00020312517866079822,-0.0557233141874728,-63398.72300918815,-276476.86889655294
2022-06-28,7.143456,1457436187.0,0.0,10411132428.53,0.0,0.0,-0.13242586299548403,419200.03104681184,-276476.86889655294
2022-06-29,7.132624,1457436187.0,0.0,10395345636.19,0.0,0.0,-0.13242586299548403,419200.03104681184,-276476.86889655294
2022-06-30,6.993997,1457436187.0,0.0,10193305477.07,0.0,0.0,-0.13247509172889357,419200.03104681184,-223582.35943005298
2022-07-01,6.993317,1457436187.0,0.0,10192313766.56,0.0,0.0,-0.13247509172889357,419200.03104681184,-223582.35943005298
2022-07-04,7.055773,1457436187.0,0.0,10283339986.17,0.0,0.0,-0.13247509172889357,0.0,-223582.35943005298
2022-07-05,6.853654,1457436187.0,0.0,9988764379.2,0.0,0.0,-0.13247509172889357,0.0,-204901.76749610296
2022-07-06,6.933936,1457436187.0,0.0,10105770122.57,0.0,0.0,-0.13247509172889357,0.0,-204901.76749610296
2022-07-07,7.019134,1457421339.0,-14848.0,10229835832.95,-104220.101632,-1.0187856709910252e-05,-0.1362895251357822,-20844.020326388174,-161423.71889665298
2022-07-08,7.026089,1457385987.0,-35352.0,10239724655.47,-248386.298328,-2.425712669874512e-05,-0.14156600429555558,-70521.27999198818,-173843.03381305296
2022-07-11,7.026259,1457385987.0,0.0,10239972152.48,0.0,0.0,-0.13240624206790985,-70521.27999198818,-173843.03381305296
2022-07-12,7.039262,1457385987.0,0.0,10258922139.6,0.0,0.0,-0.13240624206790985,-70521.27999198818,-173843.03381305296
2022-07-13,6.987091,1457385987.0,0.0,10182889280.07,0.0,0.0,-0.13275401570761977,-70521.27999198818,-173843.03381305296
2022-07-14,6.873617,1457385987.0,0.0,10017513728.85,0.0,0.0,-0.13275401570761977,-49677.25966558817,51330.74104294701
2022-07-15,6.98994,1457425987.0,40000.0,10187320913.93,279597.6,2.744564565720926e-05,-0.12255938058363773,55919.52000001182,60363.53824969701
2022-07-18,7.052541,1457425987.0,0.0,10278557093.71,0.0,0.0,-0.13223443503191937,55919.52000001182,-19500.12075030298
2022-07-19,7.123887,1457425987.0,0.0,10382538451.84,0.0,0.0,-0.13226516239255315,55919.52000001182,101149.56776369704
2022-07-20,7.092705,1457425987.0,0.0,10337092960.92,0.0,0.0,-0.13231475229649514,55919.52000001182,101149.56776369704
2022-07-21,7.098713,1457425987.0,0.0,10345848913.64,0.0,0.0,-0.13413952549414593,55919.52000001182,101149.56776369704
2022-07-22,7.104568,1457425987.0,0.0,10354382673.04,0.0,0.0,-0.13427998059758145,0.0,101149.56776369704
2022-07-25,7.133604,1457425987.0,0.0,10396700102.1,0.0,0.0,-0.13469179156751085,0.0,-3650.4399980029675
2022-07-26,7.133529,1457425987.0,0.0,10396591990.44,0.0,0.0,-0.13469179156751085,0.0,-3650.4399980029675
2022-07-27,7.174499,1457425987.0,0.0,10456302634.16,0.0,0.0,-0.13458589804302573,0.0,-3650.4399980029675
2022-07-28,7.17389,1457425987.0,0.0,10455414489.9,0.0,0.0,-0.13493816542200096,0.0,-3650.4399980029675
2022-07-29,7.250279,1459894391.0,2468404.0,10584643026.71,17896617.684716,0.0016908097551853638,0.4980876347929738,3579323.536943212,891180.4442377972
2022-08-01,7.240637,1459894391.0,0.0,10570565932.13,0.0,0.0,-0.1402095833859369,3579323.536943212,891180.4442377972
2022-08-02,7.236399,1459894391.0,0.0,10564378715.69,0.0,0.0,-0.1402095833859369,3579323.536943212,891180.4442377972
2022-08-03,7.272064,1459894391.0,0.0,10616445636.47,0.0,0.0,-0.1406469467521849,3579323.536943212,891180.4442377972
2022-08-04,7.284504,1459632538.0,-261853.0,10632699856.45,-1907469.225912,-0.00017939650809901234,-0.20802358895054274,3197829.691760812,801017.988023797
2022-08-05,7.276279,1459632538.0,0.0,10620693836.13,0.0,0.0,-0.140446081631844,-381493.8451823881,813437.302940197
2022-08-08,7.31806,1459632538.0,0.0,10681679426.04,0.0,0.0,-0.140446081631844,-381493.8451823881,813437.302940197
2022-08-09,7.323648,1459632538.0,0.0,10689835880.08,0.0,0.0,-0.13597870907380055,-381493.8451823881,813437.302940197
2022-08-10,7.342261,1460396924.0,764386.0,10722616764.0,5612321.516745999,0.0005234096900290933,0.060484257876887756,740970.4581668118,1094053.378777497
2022-08-11,7.327899,1460416924.0,20000.0,10701788110.05,146557.98,1.3694718909858447e-05,-0.1313907930640041,1151775.899349212,1101381.2777774972
2022-08-12,7.362327,1460416924.0,0.0,10752068310.09,0.0,0.0,-0.13656318727718073,1151775.899349212,1087401.397777497
2022-08-15,7.370352,1460436924.0,20000.0,10763934308.98,147407.03999999998,1.3694531736135095e-05,-0.1304015160674241,1181257.3073492118,1094771.749777497
2022-08-16,7.396837,1460436924.0,0.0,10802614293.56,0.0,0.0,-0.13439830604424194,1181257.3073492118,1094771.749777497
2022-08-17,7.376844,1460436924.0,0.0,10773416303.0,0.0,0.0,-0.1345150597766548,58793.004000011926,1094771.749777497
2022-08-18,7.420898,1460436924.0,0.0,10837754556.94,0.0,0.0,-0.13500379892040415,29481.408000011917,1094771.749777497
2022-08-19,7.42941,1460036924.0,-400000.0,10847213554.37,-2971764.0,-0.0002739656581023769,-0.23757243786339644,-564871.3919999881,946183.549777497
2022-08-22,7.413155,1460159689.0,122765.0,10824391225.36,910075.973575,8.407641174709412e-05,-0.10251318787282986,-412337.60528498807,991687.348456247
2022-08-23,7.368042,1460159689.0,0.0,10758518253.31,0.0,0.0,-0.13426191230837006,-412337.60528498807,991687.348456247
2022-08-24,7.351506,1460159689.0,0.0,10734373975.15,0.0,0.0,-0.13414227601451298,-412337.60528498807,991687.348456247
2022-08-25,7.36649,1459999689.0,-160000.0,10755074466.41,-1178638.4,-0.00010958905060872393,-0.17607315560474268,-648065.285284988,932755.4284562471
2022-08-26,7.314827,1459999689.0,0.0,10679646152.85,0.0,0.0,-0.1361245770912119,-53712.48528498807,37924.544220446995
2022-08-30,7.249439,1459999689.0,0.0,10584178862.02,0.0,0.0,-0.13626675831682936,-235727.67999998806,37924.544220446995
2022-08-31,7.173308,1459999689.0,0.0,10473028834.18,0.0,0.0,-0.13626675831682936,-235727.67999998806,37924.544220446995
2022-09-01,7.046794,1459999689.0,0.0,10288317160.59,0.0,0.0,-0.13484035533953745,-235727.67999998806,37924.544220446995
2022-09-02,7.177735,1459999689.0,0.0,10479491324.85,0.0,0.0,-0.13484035533953745,0.0,133298.00551604698
2022-09-05,7.183745,1459999689.0,0.0,10488266658.27,0.0,0.0,-0.13484035533953745,0.0,133298.00551604698
2022-09-06,7.196578,1460312761.0,313072.0,10509255144.96,2253047.067616,0.00021438694146620944,-0.05467674064347126,450609.4135232119,245950.35889684697
2022-09-07,7.13525,1461263071.0,950310.0,10426478779.06,6780699.4275,0.000650334554089153,0.10797244879739135,1806749.2990232117,584985.330271847
2022-09-08,7.159696,1461311851.0,48780.0,10462549528.5,349249.97088000004,3.3380962252904286e-05,-0.12079179707721124,1876599.293199212,321831.752978547
2022-09-09,7.247586,1461311851.0,0.0,10590984519.84,0.0,0.0,-0.12168929882279378,1876599.293199212,314503.853978547
2022-09-12,7.367442,1461311851.0,0.0,10766131735.58,0.0,0.0,-0.12168929882279378,1876599.293199212,314503.853978547
2022-09-13,7.281627,1461311851.0,0.0,10640728212.34,0.0,0.0,-0.12168929882279378,1425989.8796760119,307133.501978547
2022-09-14,7.174517,1461311851.0,0.0,10484208046.41,0.0,0.0,-0.12168929882279378,69849.99417601193,307133.501978547
2022-09-15,7.091511,1469411851.0,8100000.0,10420350347.62,57441239.099999994,0.005512409581614454,1.9307477837449036,11488247.820000011,3179195.456978547
2022-09-16,7.047127,1469441461.0,29610.0,10355341893.94,208665.43047,2.0150510973675537e-05,-0.12949601361337423,11529980.90609401,3189628.728502047
2022-09-20,7.003501,1469441461.0,0.0,10291235810.44,0.0,0.0,-0.1370546565561423,11529980.90609401,3338216.9285020465
2022-09-21,7.047367,1469441461.0,0.0,10355694537.58,0.0,0.0,-0.1370546565561423,11529980.90609401,3292713.1298232963
2022-09-22,6.971637,1469441461.0,0.0,10244413624.39,0.0,0.0,-0.1370546565561423,11529980.90609401,3292713.1298232963
2022-09-23,6.834483,1469441461.0,0.0,10042873162.97,0.0,0.0,-0.1370546565561423,41733.08609401192,3292713.1298232963
2022-09-26,6.836761,1469441461.0,0.0,10046220784.27,0.0,0.0,-0.13660325378230923,0.0,3351645.0498232967
2022-09-27,6.801605,1468867955.0,-573506.0,9990660661.98,-3900761.2771300003,-0.00039044077354909656,-0.2817610027462599,-780152.2554259881,3156606.985966797
2022-09-28,6.821743,1468867955.0,0.0,10020240296.03,0.0,0.0,-0.13483341046112507,-780152.2554259881,3156606.985966797
2022-09-29,6.707256,1469187725.0,319770.0,9854218655.22,2144779.25112,0.00021765086874583027,-0.053903572439628324,-351196.4052019881,3263845.948522797
2022-09-30,6.719445,1469187725.0,0.0,9872126334.4,0.0,0.0,-0.10830306830480384,-351196.4052019881,3263845.948522797
2022-10-03,6.733794,1469187725.0,0.0,9893207588.0,0.0,0.0,-0.0852474761555697,-351196.4052019881,3263845.948522797
2022-10-04,6.906918,1469187725.0,0.0,10147560167.22,0.0,0.0,-0.0852474761555697,428955.8502240119,3263845.948522797
2022-10-05,6.873934,1469587725.0,400000.0,10101849845.19,2749573.6,0.0002721851583756425,0.39930911936374053,978870.570224012,3288672.275141997
2022-10-06,6.821136,1469474921.0,-112804.0,10023488452.73,-769451.425344,-7.676483381735548e-05,-0.22604514029261658,396024.43493121193,2911164.732499797
2022-10-07,6.815089,1469474921.0,0.0,10014603559.34,0.0,0.0,-0.08887721086964225,396024.43493121193,2893702.233955797
2022-10-10,6.784257,1469474921.0,0.0,9969296244.99,0.0,0.0,-0.08459974547171635,396024.43493121193,2893702.233955797
2022-10-11,6.711968,1469498661.0,23740.0,9863228027.46,159342.12032,1.6155169471533968e-05,-0.0558166354181817,427892.85899521195,2901669.3399717966
2022-10-12,6.654274,1470219690.0,721029.0,9783245084.57,4797924.527946,0.0004904226037956691,0.7867524049231649,837563.0445844119,3141565.5663690967
2022-10-13,6.680183,1470319690.0,100000.0,9822005709.7,668018.3,6.801241210237535e-05,0.029210448590965513,1125056.9896532118,3174966.481369097
2022-10-14,6.688534,1470344440.0,24750.0,9834449288.06,165541.21649999998,1.6832789681572053e-05,-0.08281955440482176,1158165.2329532118,311181.587194097
2022-10-17,6.748258,1470493850.0,149410.0,9923273197.0,1008257.22778,0.00010160530782169898,0.06443198255975538,1359816.6785092119,351161.177059597
2022-10-18,6.764365,1470112684.0,-381166.0,9944379197.97,-2578345.94959,-0.00025927671283053366,-0.5917667912042778,812279.064527212,222243.87958009698
2022-10-19,6.752929,1470112684.0,0.0,9927566881.15,0.0,0.0,-0.11498795739302328,-147305.8410619881,222243.87958009698
2022-10-20,6.772872,1470112684.0,0.0,9956886440.08,0.0,0.0,-0.11529580800306148,-280909.5010619881,222243.87958009698
2022-10-21,6.798115,1470112684.0,0.0,9993995901.74,0.0,0.0,-0.11529580800306148,-314017.7443619881,222243.87958009698
2022-10-24,6.841281,1470112684.0,0.0,10057455111.94,0.0,0.0,-0.11529580800306148,-515669.18991798814,222243.87958009698
2022-10-25,6.840678,1470112684.0,0.0,10056567963.14,0.0,0.0,-0.11529580800306148,0.0,417281.943436597
2022-10-26,6.882123,1469961058.0,-151626.0,10116453026.83,-1043508.781998,-0.0001031496690816924,-0.31771185232688837,-208701.75639958808,365106.504336697
2022-10-27,6.899407,1469961058.0,0.0,10141860622.02,0.0,0.0,-0.126441987219051,-208701.75639958808,257867.541780697
2022-10-28,6.873983,1469945529.0,-15529.0,10104381118.87,-106746.082007,-1.0564336474566558e-05,-0.1458648641246145,-230050.9728009881,252530.237680347
2022-10-31,6.919849,1468092978.0,-1852551.0,10158983185.85,-12819373.184799,-0.001261875617892009,-2.386726391002017,-2793925.6097607883,-388438.42155960307
2022-11-01,7.009007,1467562943.0,-530035.0,10286160131.93,-3715019.025245,-0.00036116675004046903,-0.7472027511090334,-3536929.414809788,-574189.372821853
2022-11-02,6.968064,1467679030.0,116087.0,10226882157.81,808901.645568,7.909562592840314e-05,0.046417422812848594,-3166447.329296588,-671222.970543453
2022-11-03,7.011402,1467608447.0,-70583.0,10289992941.44,-494885.787366,-4.809388987751286e-05,-0.18134578950949223,-3265424.4867697884,-657494.6886445531
2022-11-04,7.154245,1467608447.0,0.0,10499631597.02,0.0,0.0,-0.09320553238195652,-3244075.2703683884,-657494.6886445531
2022-11-07,7.119979,1467518447.0,-90000.0,10448701351.92,-640798.11,-6.132801468981121e-05,-0.20295726565699848,-808360.2554085881,-689534.5941445531
2022-11-08,7.125991,1467442427.0,-76020.0,10456981698.27,-541717.83582,-5.180441655641624e-05,-0.1878993433112399,-173700.0175235881,-724587.591951553
2022-11-09,7.116348,1467246058.0,-196369.0,10441434844.78,-1397430.140412,-0.00013383506780302508,-0.33388429055807645,-614966.3747195881,-1034355.325369453
2022-11-10,7.203911,1467246058.0,0.0,10569910050.77,0.0,0.0,-0.09228815285163244,-515989.2172463881,-1067756.240369453
2022-11-11,7.147906,1467261899.0,15841.0,10487850139.02,113229.978946,1.0796300237426959e-05,-0.07296230545684577,-493343.22145718813,-1070371.8022471531
2022-11-14,7.213327,1467261899.0,0.0,10583840158.22,0.0,0.0,-0.09271541492594747,-365183.5994571881,-1120784.663636153
2022-11-15,7.19794,1467261899.0,0.0,10561264024.75,0.0,0.0,-0.09271541492594747,-256840.03229318807,-991867.3661566529
2022-11-16,7.180315,1467261899.0,0.0,10535403736.46,0.0,0.0,-0.09271541492594747,22645.99578921192,-991867.3661566529
2022-11-17,7.181887,1467132864.0,-129035.0,10536783193.96,-926714.789045,-8.795044673370719e-05,-0.25010799828412983,-162696.96201978807,-1038203.1056089031
2022-11-18,7.219955,1467132864.0,0.0,10592633270.23,0.0,0.0,-0.09137140952029853,-185342.95780898808,-1038203.1056089031
2022-11-21,7.211627,1467132864.0,0.0,10580416059.03,0.0,0.0,-0.09285084972851869,-185342.95780898808,-1038203.1056089031
2022-11-22,7.285942,1467132864.0,0.0,10689445793.42,0.0,0.0,-0.09285084972851869,-185342.95780898808,-1038203.1056089031
2022-11-23,7.298244,1467132864.0,0.0,10707494304.24,0.0,0.0,-0.09285084972851869,-185342.95780898808,-986027.6665090031
2022-11-24,7.307831,1467132864.0,0.0,10721560394.88,0.0,0.0,-0.09337081005781779,0.0,-986027.6665090031
2022-11-25,7.327726,1467132864.0,0.0,10750747931.39,0.0,0.0,-0.09337081005781779,0.0,-980690.3624086531
2022-11-28,7.315405,1467132864.0,0.0,10732671119.86,0.0,0.0,-0.09475505598874201,0.0,-339721.70316870295
2022-11-29,7.352497,1466912590.0,-220274.0,10785470420.75,-1619563.9241779998,-0.00015016163977995303,-0.3634776095684098,-323912.78483558807,-234948.94811535295
2022-11-30,7.412327,1466912590.0,0.0,10873237244.81,0.0,0.0,-0.09244701419126107,-323912.78483558807,-275394.03039375297
2022-12-01,7.399108,1466912590.0,0.0,10853844688.49,0.0,0.0,-0.09244701419126107,-323912.78483558807,-250649.74102545297
2022-12-02,7.397401,1466912590.0,0.0,10851341337.84,0.0,0.0,-0.09244701419126107,-323912.78483558807,-250649.74102545297
2022-12-05,7.408499,1466912590.0,0.0,10867620924.06,0.0,0.0,-0.09955444632883585,-323912.78483558807,-218609.83552545295
2022-12-06,7.363357,1466912590.0,0.0,10801401437.91,0.0,0.0,-0.09940331513686806,0.0,-191523.94373445297
2022-12-07,7.331509,1466741239.0,-171351.0,10753426808.76,-1256261.398659,-0.00011682428503959493,-0.30676312152550206,-251252.27973178806,-184465.50664680297
2022-12-08,7.315071,1466421943.0,-319296.0,10726981982.7,-2335672.910016,-0.0002177381218485189,-0.4898553128882672,-718386.8617349879,-301249.15214760293
2022-12-09,7.31929,1466440183.0,18240.0,10733301029.62,133503.8496,1.2438284292183551e-05,-0.07321033645183012,-691686.0918149881,-300235.4586149029
2022-12-12,7.28929,1466440183.0,0.0,10689308744.56,0.0,0.0,-0.09573558508135346,-691686.0918149881,-300235.4586149029
2022-12-13,7.34489,1466523223.0,83040.0,10771452214.18,609919.6656000001,5.662371734770134e-05,0.005953465074058039,-569702.1586949881,-269739.47533490293
2022-12-14,7.338151,1466543223.0,20000.0,10761716069.58,146763.02,1.3637510881266704e-05,-0.06905629885802643,-289097.2749631881,-262401.324334903
2022-12-15,7.221345,1466560963.0,17740.0,10590543994.92,128106.6603,1.209632483104261e-05,-0.07203195869001816,203658.63910001187,-209660.25186765293
2022-12-16,7.129964,1466560963.0,0.0,10456527613.95,0.0,0.0,-0.09394550484994192,176957.86918001188,-209660.25186765293
2022-12-19,7.157848,1466690153.0,129190.0,10498346348.46,924722.38312,8.808267058703463e-05,0.06429545888190089,361902.3458040119,-163424.13271165296
2022-12-20,7.166861,1466874393.0,184240.0,10512885040.64,1320422.47064,0.00012560039090464702,0.13036288389125655,504002.9068120119,-97403.00917965293
2022-12-21,7.29,1467872843.0,998450.0,10700793796.06,7278700.5,0.0006802019213453114,1.1188525368945121,1930390.402812012,266532.01582034706
2022-12-22,7.267746,1468026884.0,154041.0,10669247352.48,1119530.861586,0.00010493063143069526,0.08063947532002451,2128675.243069212,322508.55889964703
2022-12-23,7.271475,1468026884.0,0.0,10674720815.51,0.0,0.0,-0.10844949444470645,2128675.243069212,322508.55889964703
2022-12-28,7.295033,1468026884.0,0.0,10709305734.93,0.0,0.0,-0.10860445749636374,1943730.766445212,322508.55889964703
2022-12-29,7.310703,1468026884.0,0.0,10732308900.83,0.0,0.0,-0.1089739627442922,1679646.272317212,403486.75510854705
2022-12-30,7.251482,1468192469.0,165585.0,10646572169.82,1200736.6469700001,0.00011278152515358386,0.09258360546693643,464053.5017112119,463523.587457047
2023-01-03,7.350854,1468192469.0,0.0,10792469857.97,0.0,0.0,-0.11066926212982765,240147.32939401193,463523.587457047
2023-01-04,7.380996,1468192469.0,0.0,10836723229.47,0.0,0.0,-0.11066926212982765,240147.32939401193,463523.587457047
2023-01-05,7.428658,1468192469.0,0.0,10906699780.76,0.0,0.0,-0.11066926212982765,240147.32939401193,463523.587457047
2023-01-06,7.492804,1468192469.0,0.0,11000878880.44,0.0,0.0,-0.11025314958787717,240147.32939401193,463523.587457047
2023-01-09,7.517495,1468192469.0,0.0,11037130666.7,0.0,0.0,-0.11025314958787717,0.0,526336.657389997
2023-01-10,7.487876,1468192469.0,0.0,10993643795.52,0.0,0.0,-0.11025314958787717,0.0,643120.302890797
2023-01-11,7.51758,1467767380.0,-425089.0,11034059408.09,-3195640.56462,-0.000289616037618667,-0.6268123710546987,-639128.112923988,476663.08217979706
2023-01-12,7.586536,1467767380.0,0.0,11135271358.05,0.0,0.0,-0.1057327989886272,-639128.112923988,476663.08217979706
2023-01-13,7.635178,1467767380.0,0.0,11206665840.91,0.0,0.0,-0.1057327989886272,-639128.112923988,446167.09889979707
2023-01-16,7.650674,1467882130.0,114750.0,11230288134.48,877914.8415000001,7.817384834540139e-05,0.033747579772203044,-463545.144623988,482724.68997479713
2023-01-17,7.64178,1467882130.0,0.0,11217233507.61,0.0,0.0,-0.10690943919390691,-463545.144623988,476319.3569597971
2023-01-18,7.621962,1467882130.0,0.0,11188143262.32,0.0,0.0,-0.10690943919390691,175582.96830001194,476319.3569597971
2023-01-19,7.542268,1467882130.0,0.0,11071160664.76,0.0,0.0,-0.10690943919390691,175582.96830001194,430083.23780379706
2023-01-20,7.564937,1467882130.0,0.0,11104436811.09,0.0,0.0,-0.08470584131777159,175582.96830001194,364062.1142717971
2023-01-23,7.57863,1467882130.0,0.0,11124536846.52,0.0,0.0,-0.08470584131777159,0.0,127.08927179710008
2023-01-24,7.552073,1467882130.0,0.0,11085553464.02,0.0,0.0,-0.08470584131777159,0.0,-55849.453807502905
2023-01-25,7.539833,1467901810.0,19680.0,11067734608.53,148383.91344,1.3406891174065487e-05,-0.05986147403459789,29676.78268801192,-48430.2581355029
2023-01-26,7.555641,1467873476.0,-28334.0,11090725307.11,-214081.532094,-1.9302753081149472e-05,-0.12356602330286669,-13139.523730788078,-59134.334740202896
2023-01-27,7.559538,1467892036.0,18560.0,11096585729.75,140305.02528,1.2643981554059602e-05,-0.06402197392139745,14921.481325211924,-52119.0834762029
2023-01-30,7.578735,1467892036.0,0.0,11124765169.37,0.0,0.0,-0.08766723230823174,14921.481325211924,-112155.9158247029
2023-01-31,7.565894,1467892036.0,0.0,11105916310.05,0.0,0.0,-0.08766723230823174,14921.481325211924,-112155.9158247029
2023-02-01,7.555523,1467892036.0,0.0,11090693075.6,0.0,0.0,-0.07977715926293974,-14755.301362788077,-112155.9158247029
2023-02-02,7.612984,1467857008.0,-35028.0,11174773331.7,-266667.603552,-2.3863356833872558e-05,-0.12395945851556556,-25272.51565438808,-125489.2960023029
2023-02-03,7.692391,1467857008.0,0.0,11291331155.21,0.0,0.0,-0.07918571600415054,-53333.52071038808,-125489.29600230293
2023-02-06,7.629034,1467857008.0,0.0,11198331974.98,0.0,0.0,-0.07897046639975891,-53333.52071038808,-125489.29600230293
2023-02-07,7.65625,1467857008.0,0.0,11238281362.19,0.0,0.0,-0.07897046639975891,-53333.52071038808,-125489.29600230293
2023-02-08,7.676142,1467857008.0,0.0,11267479692.77,0.0,0.0,-0.07897046639975891,-53333.52071038808,34292.73222869709
2023-02-09,7.701441,1467317373.0,-539635.0,11300459494.85,-4155967.114035,-0.000367769745639902,-0.7613833901555014,-831193.4228069881,-173505.62347305292
2023-02-10,7.673429,1467317373.0,0.0,11259356590.63,0.0,0.0,-0.077425959459819,-831193.4228069881,-173505.62347305292
2023-02-13,7.73683,1467317373.0,0.0,11352385842.52,0.0,0.0,-0.0761129296672364,-831193.4228069881,-217401.3655480529
2023-02-14,7.742987,1467317373.0,0.0,11361420477.81,0.0,0.0,-0.0761129296672364,-831193.4228069881,-217401.3655480529
2023-02-15,7.785732,1467317373.0,0.0,11424139869.72,0.0,0.0,-0.0761129296672364,-831193.4228069881,-217401.3655480529
2023-02-16,7.811952,1467317373.0,0.0,11462614081.3,0.0,0.0,-0.0778488110548353,0.0,-217401.3655480529
2023-02-17,7.803914,1467317373.0,0.0,11450818697.79,0.0,0.0,-0.0778488110548353,0.0,-217401.3655480529
2023-02-20,7.813633,1467317373.0,0.0,11465080603.0,0.0,0.0,-0.0778488110548353,0.0,-217401.3655480529
2023-02-21,7.777952,1467317373.0,0.0,11412724262.52,0.0,0.0,-0.0778488110548353,0.0,-217401.3655480529
2023-02-22,7.732018,1467317373.0,0.0,11345325395.6,0.0,0.0,-0.0778488110548353,0.0,-224820.56122005294
2023-02-23,7.729064,1467317373.0,0.0,11340990935.74,0.0,0.0,-0.0778488110548353,0.0,-214116.48461535294
2023-02-24,7.700667,1467317373.0,0.0,11299322678.51,0.0,0.0,-0.0778488110548353,0.0,-221131.73587935293
2023-02-27,7.755764,1467317373.0,0.0,11380167467.2,0.0,0.0,-0.07453056697958482,0.0,-221131.73587935293
2023-02-28,7.698321,1467317373.0,0.0,11295880909.63,0.0,0.0,-0.06472477748801682,0.0,-221131.73587935293
2023-03-01,7.735975,1467317373.0,0.0,11351131860.0,0.0,0.0,-0.0641989640765931,0.0,-221131.73587935293
2023-03-02,7.782222,1467317373.0,0.0,11418990486.45,0.0,0.0,-0.0641989640765931,0.0,-207798.3557017529
2023-03-03,7.785222,1467317373.0,0.0,11423392592.02,0.0,0.0,-0.0641989640765931,0.0,-207798.3557017529
2023-03-06,7.768224,1467317373.0,0.0,11398451181.44,0.0,0.0,-0.0641989640765931,0.0,-207798.3557017529
2023-03-07,7.757842,1467317373.0,0.0,11383216500.04,0.0,0.0,-0.0641989640765931,0.0,-207798.3557017529
2023-03-08,7.768074,1467317373.0,0.0,11398231236.37,0.0,0.0,0.07274403838289939,0.0,-207798.3557017529
2023-03-09,7.727573,1467317373.0,0.0,11338802461.23,0.0,0.0,0.07378082745627847,0.0,0.0
2023-03-10,7.598467,1467317373.0,0.0,11149363979.72,0.0,0.0,0.07378082745627847,0.0,0.0
2023-03-13,7.402516,1467317373.0,0.0,10861841366.51,0.0,0.0,0.07378082745627847,0.0,0.0
2023-03-14,7.489098,1467317373.0,0.0,10988884110.97,0.0,0.0,0.07378082745627847,0.0,0.0
2023-03-15,7.202288,1467317373.0,0.0,10568043643.03,0.0,0.0,0.07378082745627847,0.0,0.0
2023-03-16,7.233142,1469062073.0,1744700.0,10625935102.52,12619662.8474,0.0011876284511098865,6.04432820962748,2523932.569480012,630983.1423699971
2023-03-17,7.160265,1469062073.0,0.0,10518874929.61,0.0,0.0,-0.005592908252868428,2523932.569480012,630983.1423699971
2023-03-20,7.22681,1469062073.0,0.0,10616632492.0,0.0,0.0,-0.005592908252868428,2523932.569480012,630983.1423699971
2023-03-21,7.356164,1469062073.0,0.0,10806661893.59,0.0,0.0,0.0037971442394063295,2523932.569480012,630983.1423699971
2023-03-22,7.386026,1469062073.0,0.0,10850531767.42,0.0,0.0,0.0037971442394063295,2523932.569480012,630983.1423699971
2023-03-23,7.327221,1469281420.0,219347.0,10765750514.27,1607203.944687,0.00014928861137518016,0.7707358856475911,321440.7889374119,711343.3396043471
2023-03-24,7.235165,1469467004.0,185584.0,10631837458.94,1342730.86136,0.00012629339627751146,0.6450163765844579,589986.961209412,778479.8826723471
2023-03-27,7.300043,1470435694.0,968690.0,10734245137.38,7071478.65367,0.0006587774513407467,3.2538675458022293,2004282.691943412,1132053.8153558471
2023-03-28,7.312101,1470515664.0,79970.0,10752560328.05,584748.7169700001,5.438227725582504e-05,0.24142788172138913,2121232.435337412,1161291.251204347
2023-03-29,7.390644,1471000914.0,485250.0,10871644746.58,3586310.001,0.0003298774090395274,1.5820205838494135,2838494.435537412,1340606.7512543472
2023-03-30,7.451086,1471000914.0,0.0,10960554622.25,0.0,0.0,-0.04249374414280122,2517053.646600012,1340606.7512543472
2023-03-31,7.462797,1471000914.0,0.0,10977782196.6,0.0,0.0,-0.04183069624299083,2248507.474328012,1340606.7512543472
2023-04-03,7.50302,1471000914.0,0.0,11036949465.89,0.0,0.0,-0.02224185193127154,834211.743594012,1340606.7512543472
2023-04-04,7.465599,1471000914.0,0.0,10981903510.98,0.0,0.0,-0.019390087814509707,717262.000200012,1340606.7512543472
2023-04-05,7.493124,1471000914.0,0.0,11022393035.1,0.0,0.0,-0.018682205143840433,0.0,1340606.7512543472
2023-04-06,7.573706,1471000914.0,0.0,11140929864.94,0.0,0.0,-0.014422281382953938,0.0,1340606.7512543472
2023-04-11,7.616824,1471000914.0,0.0,11204355807.85,0.0,0.0,-0.025532668185210036,0.0,1340606.7512543472
2023-04-12,7.655785,1471000914.0,0.0,11261667411.4,0.0,0.0,-0.025532668185210036,0.0,1340606.7512543472
2023-04-13,7.679177,1471000914.0,0.0,11296077501.06,0.0,0.0,-0.025532668185210036,0.0,1340606.7512543472
2023-04-14,7.707095,1471000914.0,0.0,11337144712.95,0.0,0.0,-0.025532668185210036,0.0,1340606.7512543472
2023-04-17,7.715097,1471000914.0,0.0,11348915549.3,0.0,0.0,-0.025532668185210036,0.0,709623.6088843471
2023-04-18,7.743855,1471000914.0,0.0,11391218538.53,0.0,0.0,-0.025532668185210036,0.0,709623.6088843471
2023-04-19,7.733432,1471000914.0,0.0,11375885896.61,0.0,0.0,-0.02994805149925006,0.0,709623.6088843471
2023-04-20,7.741091,1471000914.0,0.0,11387152152.24,0.0,0.0,-0.02994805149925006,0.0,709623.6088843471
2023-04-21,7.75235,1471000914.0,0.0,11403714348.08,0.0,0.0,-0.030397692374847955,0.0,709623.6088843471
2023-04-24,7.750609,1471000914.0,0.0,11401153005.13,0.0,0.0,-0.10453139681310994,0.0,629263.4116499971
2023-04-25,7.729887,1471000914.0,0.0,11370671961.34,0.0,0.0,-0.12673675356757183,0.0,562126.8685819971
2023-04-26,7.692191,1471000914.0,0.0,11315220059.0,0.0,0.0,-0.12252030410948157,0.0,208552.93589849712
2023-04-27,7.677939,1471000914.0,0.0,11294255697.11,0.0,0.0,-0.12522066304747972,0.0,179315.50004999712
2023-04-28,7.716156,1471820885.0,819971.0,11356800480.32,6327024.1514759995,0.0005571132611196251,3.307843463566849,1265404.8302952119,316351.2075737971
2023-05-02,7.620452,1472146753.0,325868.0,11218424139.43,2483261.4523360003,0.00022135563974693624,1.204398496813983,1762057.120762412,440514.2801905971
2023-05-03,7.635581,1472146753.0,0.0,11240696296.42,0.0,0.0,-0.1646908138365413,1762057.120762412,440514.2801905971
2023-05-04,7.561329,1472146753.0,0.0,11131386128.6,0.0,0.0,-0.1722782462691018,1762057.120762412,440514.2801905971
2023-05-05,7.635658,1472146753.0,0.0,11240809979.45,0.0,0.0,-0.1722782462691018,1762057.120762412,440514.2801905971
2023-05-09,7.621201,1472146753.0,0.0,11219526715.88,0.0,0.0,-0.17170680002976504,496652.290467212,440514.2801905971
2023-05-10,7.598596,1472146753.0,0.0,11186249062.18,0.0,0.0,-0.17170680002976504,0.0,440514.2801905971
2023-05-11,7.59955,1472442098.0,295345.0,11189897649.4,2244489.09475,0.0002005817358722981,1.0570923810244446,448897.818950012,552738.7349280971
2023-05-12,7.623074,1472442098.0,0.0,11224535447.59,0.0,0.0,-0.1812326254379959,448897.818950012,552738.7349280971
2023-05-15,7.64576,1472442098.0,0.0,11257938975.61,0.0,0.0,-0.18614427463248034,448897.818950012,552738.7349280971
2023-05-16,7.619583,1472442098.0,0.0,11219396230.92,0.0,0.0,-0.18614427463248034,448897.818950012,552738.7349280971
2023-05-17,7.592114,1472281349.0,-160749.0,11177728318.65,-1220424.733386,-0.0001091836103539684,-0.8534619273685101,204812.87227281198,491717.4982587971
2023-05-18,7.623614,1472281349.0,0.0,11224104822.98,0.0,0.0,-0.1799838334682084,-244084.94667718807,491717.4982587971
2023-05-19,7.638016,1472281349.0,0.0,11245309841.79,0.0,0.0,-0.1799838334682084,-244084.94667718807,491717.4982587971
2023-05-22,7.651547,1472351349.0,70000.0,11265766849.55,535608.29,4.754299437870884e-05,0.11084159346743996,-136963.28867718804,518497.9127587971
2023-05-23,7.643534,1472351349.0,0.0,11253968079.62,0.0,0.0,-0.18244321155669008,-136963.28867718804,518497.9127587971
2023-05-24,7.509906,1472351349.0,0.0,11057221218.56,0.0,0.0,-0.18244321155669008,107121.65800001193,518497.9127587971
2023-05-25,7.457893,1472351349.0,0.0,10980640140.2,0.0,0.0,-0.19113130116782817,107121.65800001193,518497.9127587971
2023-05-26,7.512958,1472351349.0,0.0,11061714624.88,0.0,0.0,-0.19113130116782817,107121.65800001193,518497.9127587971
2023-05-30,7.409638,1472351349.0,0.0,10909591326.34,0.0,0.0,-0.19113130116782817,0.0,518497.9127587971
2023-05-31,7.334616,1472351349.0,0.0,10799132455.48,0.0,0.0,-0.19113130116782817,0.0,202146.70518499715
2023-06-01,7.385219,1472351349.0,0.0,10873637492.96,0.0,0.0,-0.19113130116782817,0.0,77983.63256819712
2023-06-02,7.500502,1472351349.0,0.0,11043375583.52,0.0,0.0,-0.19113130116782817,0.0,77983.63256819712
2023-06-05,7.493245,1472351349.0,0.0,11032690260.54,0.0,0.0,-0.19783855005664588,0.0,77983.63256819712
2023-06-06,7.521006,1472351349.0,0.0,11073563975.24,0.0,0.0,-0.21125600901147767,0.0,77983.63256819712
2023-06-07,7.51724,1472351349.0,0.0,11068019190.69,0.0,0.0,-0.21058081537557066,0.0,77983.63256819712
2023-06-08,7.499813,1472351349.0,0.0,11042360822.3,0.0,0.0,-0.21058081537557066,0.0,77983.63256819712
2023-06-09,7.462873,1472351349.0,0.0,10987971756.57,0.0,0.0,-0.2075962688237983,0.0,-34240.82216930288
2023-06-12,7.471039,1472351349.0,0.0,10999994433.97,0.0,0.0,-0.20685770004210072,0.0,-34240.82216930288
2023-06-13,7.494884,1472351349.0,0.0,11035103207.82,0.0,0.0,-0.20620219750075036,0.0,-34240.82216930288
2023-06-14,7.502773,1472351349.0,0.0,11046718103.1,0.0,0.0,-0.20620219750075036,0.0,-34240.82216930288
2023-06-15,7.424091,1488248849.0,15897500.0,11048895040.07,118024486.6725,0.010682017183118455,10.72053480913062,23604897.33450001,5928004.748124997
2023-06-16,7.438141,1488248849.0,0.0,11069805178.67,0.0,0.0,-0.12186753218623723,23604897.33450001,5928004.748124997
2023-06-19,7.385272,1488248849.0,0.0,10991123343.66,0.0,0.0,-0.1162665792306322,23604897.33450001,5928004.748124997
2023-06-20,7.366565,1488248849.0,0.0,10963283355.14,0.0,0.0,-0.11537136723536812,23604897.33450001,5901224.333624997
2023-06-21,7.356784,1488248849.0,0.0,10948725759.81,0.0,0.0,-0.11537136723536812,23604897.33450001,5901224.333624997
2023-06-22,7.304159,1488248849.0,0.0,10870406270.94,0.0,0.0,-0.11537136723536812,0.0,5901224.333624997
2023-06-23,7.265056,1488248849.0,0.0,10812212107.97,0.0,0.0,-0.11537136723536812,0.0,5901224.333624997
2023-06-26,7.256999,1488248849.0,0.0,10800221818.67,0.0,0.0,-0.11440982901130178,0.0,5901224.333624997
2023-06-27,7.264777,1488248849.0,0.0,10811797035.84,0.0,0.0,-0.11440982901130178,0.0,5901224.333624997
2023-06-28,7.30264,1488248849.0,0.0,10868145806.59,0.0,0.0,-0.11440982901130178,0.0,5901224.333624997
2023-06-29,7.275529,1488248849.0,0.0,10827797802.56,0.0,0.0,-0.11440982901130178,0.0,5901224.333624997
2023-06-30,7.333768,1486210193.0,-2038656.0,10899521866.91,-14951030.135808,-0.0013717143117257305,-1.482899055948703,-2990206.027161588,5153672.826834597
2023-07-03,7.329561,1485974465.0,-235728.0,10891541737.44,-1727782.755408,-0.00015863527837098535,-0.2601585098424483,-3335762.578243188,5067283.689064197
2023-07-04,7.322195,1485764934.0,-209531.0,10879061261.48,-1534226.840545,-0.00014102566422502912,-0.24120109658284847,-3642607.9463521885,4990572.3470369475
2023-07-05,7.246604,1485764934.0,0.0,10766750519.79,0.0,0.0,-0.1017679488454078,-3642607.9463521885,4990572.3470369475
2023-07-06,7.089957,1485764934.0,0.0,10534010530.93,0.0,0.0,-0.1017679488454078,-3642607.9463521885,4990572.3470369475
2023-07-07,7.06697,1485764934.0,0.0,10499857603.01,0.0,0.0,-0.1017679488454078,-652401.919190588,4990572.3470369475
2023-07-10,7.083365,1485764934.0,0.0,10524215499.27,0.0,0.0,-0.10110780550943181,-306845.3681089881,4990572.3470369475
2023-07-11,7.091789,1485477707.0,-287227.0,10534695269.33,-2036953.2791030002,-0.00019335663984825914,-0.2940871646561139,-407390.6558205881,4888724.683081796
2023-07-12,7.221899,1485477707.0,0.0,10727970998.68,0.0,0.0,-0.09945317632274223,-407390.6558205881,4888724.683081796
2023-07-13,7.250402,1485477707.0,0.0,10770311002.49,0.0,0.0,-0.09945317632274223,-407390.6558205881,-1012499.650543203
2023-07-14,7.2449,1485477707.0,0.0,10762138819.8,0.0,0.0,-0.09945317632274223,-407390.6558205881,-1012499.650543203
2023-07-17,7.217468,1485477707.0,0.0,10721388989.79,0.0,0.0,-0.09945317632274223,-407390.6558205881,-1012499.650543203
2023-07-18,7.26355,1485477707.0,0.0,10789841956.8,0.0,0.0,-0.09945317632274223,0.0,-1012499.650543203
2023-07-19,7.394653,1485477707.0,0.0,10984593451.48,0.0,0.0,-0.09933967039387329,0.0,-1012499.650543203
2023-07-20,7.450938,1485477707.0,0.0,11068203350.2,0.0,0.0,-0.09950336072513545,0.0,-1012499.650543203
2023-07-21,7.468082,1485477707.0,0.0,11093670052.61,0.0,0.0,-0.09939630777721255,0.0,-1012499.650543203
2023-07-24,7.482647,1485477707.0,0.0,11115305888.44,0.0,0.0,-0.09939630777721255,0.0,-1012499.650543203
2023-07-25,7.495389,1485477707.0,0.0,11134234060.11,0.0,0.0,-0.09939630777721255,0.0,-1012499.650543203
2023-07-26,7.48092,1485477707.0,0.0,11112740110.66,0.0,0.0,-0.09939630777721255,0.0,-1012499.650543203
2023-07-27,7.499272,1485374052.0,-103655.0,11139224224.63,-777337.03916,-6.978376801512137e-05,-0.16924607706051822,-155467.4078319881,-1051366.502501203
2023-07-28,7.500662,1485374052.0,0.0,11141289380.78,0.0,0.0,-0.09900548319358568,-155467.4078319881,-303814.995710803
2023-07-31,7.505639,1485374052.0,0.0,11148681753.81,0.0,0.0,-0.09900548319358568,-155467.4078319881,-217425.857940403
2023-08-01,7.473301,1485374052.0,0.0,11100648016.39,0.0,0.0,-0.09900548319358568,-155467.4078319881,-140714.515913153
2023-08-02,7.371185,1485374052.0,0.0,10948968374.78,0.0,0.0,-0.09900548319358568,-155467.4078319881,-140714.51591315298
2023-08-03,7.350306,1485374052.0,0.0,10917954520.07,0.0,0.0,-0.10218112623841513,0.0,-140714.51591315298
2023-08-04,7.384777,1485374052.0,0.0,10969157302.04,0.0,0.0,-0.10218112623841513,0.0,-140714.51591315298
2023-08-07,7.375084,1485374052.0,0.0,10954759566.62,0.0,0.0,-0.10218112623841513,0.0,-140714.51591315298
2023-08-08,7.348649,1485374052.0,0.0,10915493322.77,0.0,0.0,-0.10218112623841513,0.0,-38866.85195800298
2023-08-09,7.407024,1485269675.0,-104377.0,11001428443.93,-773122.944048,-7.027477822432848e-05,-0.17237481958643827,-154624.58880958808,-77522.999160403
2023-08-10,7.469369,1485269675.0,0.0,11094027886.85,0.0,0.0,-0.10158284839073531,-154624.58880958808,-77522.999160403
2023-08-11,7.376811,1485269675.0,0.0,10956555088.73,0.0,0.0,-0.10158284839073531,-154624.58880958808,-77522.999160403
2023-08-14,7.360032,1485269675.0,0.0,10931633722.63,0.0,0.0,-0.10158284839073531,-154624.58880958808,-77522.999160403
2023-08-15,7.244842,1485269675.0,0.0,10760544492.64,0.0,0.0,-0.10158284839073531,-154624.58880958808,-77522.999160403
2023-08-16,7.212724,1485269675.0,0.0,10712841263.72,0.0,0.0,-0.10158284839073531,0.0,-77522.999160403
2023-08-17,7.173823,1485269675.0,0.0,10655062782.06,0.0,0.0,-0.10158284839073531,0.0,-77522.999160403
2023-08-18,7.127019,1485269675.0,0.0,10585546462.2,0.0,0.0,-0.10158284839073531,0.0,-77522.999160403
2023-08-21,7.12243,1485269675.0,0.0,10578729884.11,0.0,0.0,-0.10158284839073531,0.0,-77522.999160403
2023-08-22,7.135165,1485269675.0,0.0,10597644845.17,0.0,0.0,-0.10158284839073531,0.0,-77522.999160403
2023-08-23,7.184004,1485269675.0,0.0,10670183681.85,0.0,0.0,-0.10158284839073531,0.0,-77522.999160403
2023-08-24,7.204906,1485269675.0,0.0,10701229015.3,0.0,0.0,-0.10158284839073531,0.0,-38656.14720240298
2023-08-25,7.209801,1485269675.0,0.0,10708499315.3,0.0,0.0,-0.10158284839073531,0.0,-38656.14720240298
2023-08-29,7.333915,1485269675.0,0.0,10892841813.57,0.0,0.0,-0.10158284839073531,0.0,-38656.14720240298
2023-08-30,7.34232,1485269675.0,0.0,10905326362.93,0.0,0.0,-0.10158284839073531,0.0,-38656.14720240298
2023-08-31,7.317649,1485269675.0,0.0,10868682432.64,0.0,0.0,-0.10158284839073531,0.0,-38656.14720240298
2023-09-01,7.342585,1485269675.0,0.0,10905719662.74,0.0,0.0,-0.10158284839073531,0.0,-38656.14720240298
2023-09-04,7.330865,1485269675.0,0.0,10888312636.41,0.0,0.0,-0.10158284839073531,0.0,-38656.14720240298
2023-09-05,7.316305,1485093604.0,-176071.0,10865398892.12,-1288189.137655,-0.00011855884449757694,-0.21998347587535774,-257637.82753098808,-103065.60408515298
2023-09-06,7.304622,1485093604.0,0.0,10848048517.67,0.0,0.0,-0.10057135752608035,-257637.82753098808,-103065.60408515298
2023-09-07,7.321463,1485093604.0,0.0,10873058687.3,0.0,0.0,-0.10057135752608035,-257637.82753098808,-64409.45688275298
2023-09-08,7.35729,1484794729.0,-298875.0,10924066090.35,-2198910.04875,-0.00020129043806247683,-0.2930409102687409,-697419.8372809881,-174354.959320253
2023-09-11,7.375668,1484794729.0,0.0,10951353864.71,0.0,0.0,-0.08933689320332647,-697419.8372809881,-174354.959320253
2023-09-12,7.405736,1484794729.0,0.0,10995998426.66,0.0,0.0,-0.08933689320332647,-439782.0097499881,-174354.959320253
2023-09-13,7.404371,1484794729.0,0.0,10993971936.0,0.0,0.0,-0.08933689320332647,-439782.0097499881,-174354.959320253
2023-09-14,7.464164,1492697193.0,7902464.0,11141736815.12,58985287.300096005,0.005294083703363864,4.707739363904765,11357275.450269213,2774909.405684547
2023-09-15,7.501405,1492697193.0,0.0,11197326684.06,0.0,0.0,-0.11961031551570853,11797057.460019212,2774909.405684547
2023-09-18,7.443839,1492697193.0,0.0,11111397994.61,0.0,0.0,-0.11864341906687599,11797057.460019212,2774909.405684547
2023-09-19,7.450913,1492697193.0,0.0,11121958320.61,0.0,0.0,-0.11374285709726757,11797057.460019212,2774909.405684547
2023-09-20,7.520437,1492697193.0,0.0,11225736620.33,0.0,0.0,-0.11332499774935162,11797057.460019212,2774909.405684547
2023-09-21,7.468658,1492537839.0,-159354.0,11147254851.92,-1190160.526932,-0.00010676714067652333,-0.2074497960247487,-238032.10538638808,2715401.379337947
2023-09-22,7.473839,1492537839.0,0.0,11154988646.39,0.0,0.0,-0.11000010384214581,-238032.10538638808,2715401.379337947
2023-09-25,7.414674,1492537839.0,0.0,11066681587.68,0.0,0.0,-0.11000010384214581,-238032.10538638808,2715401.379337947
2023-09-26,7.4164,1492537839.0,0.0,11069257845.37,0.0,0.0,-0.11000010384214581,-238032.10538638808,2715401.379337947
2023-09-27,7.38499,1492537839.0,0.0,11022377686.0,0.0,0.0,-0.11000010384214581,-238032.10538638808,2715401.379337947
2023-09-28,7.401145,1493105549.0,567710.0,11050691417.12,4201704.02795,0.00038022091734826816,0.23410499029489334,840340.8055900119,2925486.5807354474
2023-09-29,7.407304,1492874025.0,-231524.0,11058172891.88,-1714968.651296,-0.00015508607688303545,-0.2531634481058517,497347.0753308119,2839738.148170647
2023-10-02,7.312374,1492874025.0,0.0,10916453656.65,0.0,0.0,-0.11166797607433408,497347.0753308119,2839738.148170647
2023-10-03,7.272939,1492848582.0,-25443.0,10857397355.89,-185045.386977,-1.7043254558295706e-05,-0.12708612164215713,460337.99793541187,2894895.3357045474
2023-10-04,7.216665,1492848582.0,0.0,10773389444.21,0.0,0.0,-0.11153665530663004,460337.99793541187,2894895.3357045474
2023-10-05,7.25567,1492848582.0,0.0,10831617460.89,0.0,0.0,-0.11153665530663004,-380002.8076545881,2894895.3357045474
2023-10-06,7.297535,1492848582.0,0.0,10894115045.87,0.0,0.0,-0.11153665530663004,-37009.07739538808,3004840.8381420476
2023-10-09,7.295187,1492848582.0,0.0,10890610189.85,0.0,0.0,-0.11153665530663004,-37009.07739538808,3004840.8381420476
2023-10-10,7.427608,1492848582.0,0.0,11088294965.07,0.0,0.0,-0.11153665530663004,0.0,3004840.8381420476
2023-10-11,7.419584,1492848582.0,0.0,11076316120.49,0.0,0.0,-0.11153665530663004,0.0,3004840.8381420476
2023-10-12,7.446475,1492848582.0,0.0,11116460748.73,0.0,0.0,-0.11153665530663004,0.0,55576.47313724701
2023-10-13,7.402425,1492821450.0,-27132.0,11050499114.9,-200842.5951,-1.8174979520082747e-05,-0.12797833545866713,-40168.51901998808,45534.34338224701
2023-10-16,7.432663,1492821450.0,0.0,11095640072.77,0.0,0.0,-0.11139661304104731,-40168.51901998808,45534.34338224701
2023-10-17,7.47606,1492910298.0,88848.0,11161087214.89,664232.9788800001,5.9513286303671855e-05,-0.057555074106242304,92678.07675601193,78745.99232624701
2023-10-18,7.391071,1492154589.0,-755709.0,11028620622.47,-5585498.874339,-0.0005064548927323657,-0.5693252879076447,-1024421.6981117881,-200528.951390703
2023-10-19,7.306691,1492154589.0,0.0,10902712937.67,0.0,0.0,-0.1036953728433648,-1024421.6981117881,-141020.925044103
2023-10-20,7.211753,1492154589.0,0.0,10761050435.24,0.0,0.0,-0.10201320659274864,-984253.1790917882,-141020.925044103
2023-10-23,7.185134,1492406225.0,251636.0,10723140023.24,1808038.379224,0.00016861090830721997,0.05043679612663443,-622645.5032469883,-50619.00608290301
2023-10-24,7.199572,1492406225.0,0.0,10744686770.75,0.0,0.0,-0.10329772639915244,-755492.0990229882,-50619.006082903
2023-10-25,7.223606,1492489774.0,83549.0,10781159420.95,603525.057694,5.597960610073414e-05,-0.052684250105326805,482312.68738361186,-20442.753198203
2023-10-26,7.165363,1492489774.0,0.0,10694231924.27,0.0,0.0,-0.10372653434886529,482312.68738361186,-230527.954595703
2023-10-27,7.103724,1492489774.0,0.0,10602236517.49,0.0,0.0,-0.10372653434886529,482312.68738361186,-144779.52203090297
2023-10-30,7.138815,1492489774.0,0.0,10654608479.6,0.0,0.0,-0.10220063577124343,120705.01153881181,-144779.52203090297
2023-10-31,7.133234,1492489774.0,0.0,10646279770.81,0.0,0.0,-0.10220063577124343,120705.01153881181,-135527.25268205296
2023-11-01,7.153446,1492489774.0,0.0,10676446408.55,0.0,0.0,-0.10220063577124343,0.0,-135527.25268205296
2023-11-02,7.255042,1492489774.0,0.0,10828076337.53,0.0,0.0,-0.10220063577124343,0.0,-135527.25268205296
2023-11-03,7.226861,1492489774.0,0.0,10786016499.83,0.0,0.0,-0.10304337331240304,0.0,-135527.25268205296
2023-11-06,7.227016,1492489774.0,0.0,10786248590.76,0.0,0.0,-0.10304337331240304,0.0,-135527.25268205296
2023-11-07,7.219449,1492489774.0,0.0,10774953960.97,0.0,0.0,-0.10304337331240304,0.0,-135527.25268205296
2023-11-08,7.211354,1492489774.0,0.0,10762872326.5,0.0,0.0,-0.102679048586801,0.0,-135527.25268205296
2023-11-09,7.274384,1492782082.0,292308.0,10859070299.71,2126360.638272,0.00019581424372294435,0.07439257562116641,425272.12765441183,-29209.22076845297
2023-11-10,7.181573,1492782082.0,0.0,10720524076.41,0.0,0.0,-0.10416924296391769,425272.12765441183,-19167.09101345298
2023-11-13,7.245252,1492782082.0,0.0,10815582980.55,0.0,0.0,-0.10416924296391769,425272.12765441183,-19167.09101345298
2023-11-14,7.259579,1492782082.0,0.0,10836970408.01,0.0,0.0,-0.10416924296391769,425272.12765441183,-52378.739957452985
2023-11-15,7.304764,1492782082.0,0.0,10904421433.49,0.0,0.0,-0.10416924296391769,425272.12765441183,226896.20375949703
2023-11-16,7.24421,1492782082.0,0.0,10814027135.99,0.0,0.0,-0.10416924296391769,0.0,226896.20375949703
2023-11-17,7.335353,1492782082.0,0.0,10950083620.36,0.0,0.0,-0.10416924296391769,0.0,226896.20375949703
2023-11-20,7.327598,1492782082.0,0.0,10938507458.3,0.0,0.0,-0.10416924296391769,0.0,136494.28479829704
2023-11-21,7.313488,1492782082.0,0.0,10917443910.66,0.0,0.0,-0.10416924296391769,0.0,136494.28479829704
2023-11-22,7.301267,1492782082.0,0.0,10899201871.6,0.0,0.0,-0.10416924296391769,0.0,106318.03191359705
2023-11-23,7.323721,1492782082.0,0.0,10932719775.06,0.0,0.0,-0.10416924296391769,0.0,106318.03191359705
2023-11-24,7.328168,1492782082.0,0.0,10939358155.14,0.0,0.0,-0.10416924296391769,0.0,106318.03191359705
2023-11-27,7.301238,1492782082.0,0.0,10899157800.61,0.0,0.0,-0.10416924296391769,0.0,106318.03191359705
2023-11-28,7.295863,1492782082.0,0.0,10891134443.57,0.0,0.0,-0.10416924296391769,0.0,106318.03191359705
2023-11-29,7.26473,1492782082.0,0.0,10844660058.71,0.0,0.0,-0.10416924296391769,0.0,106318.03191359705
2023-11-30,7.295659,1492782082.0,0.0,10890830118.58,0.0,0.0,-0.10416924296391769,0.0,106318.03191359705
2023-12-01,7.369725,1492782082.0,0.0,11001393941.37,0.0,0.0,-0.04981837301965096,0.0,106318.03191359705
2023-12-04,7.35358,1492782082.0,0.0,10977293183.6,0.0,0.0,-0.04981837301965096,0.0,106318.03191359705
2023-12-05,7.33098,1492782082.0,0.0,10943556044.54,0.0,0.0,-0.04981837301965096,0.0,106318.03191359705
2023-12-06,7.356168,1492782082.0,0.0,10981156409.36,0.0,0.0,-0.04981837301965096,0.0,106318.03191359705
2023-12-07,7.354684,1492782082.0,0.0,10978941211.17,0.0,0.0,-0.04981837301965096,0.0,0.0
2023-12-08,7.394519,1492782082.0,0.0,11038406591.63,0.0,0.0,-0.04981837301965096,0.0,0.0
2023-12-11,7.385177,1494198338.0,1416256.0,11034919526.21,10459301.237312,0.0009478366573013244,1.7826223567058816,2091860.2474624119,522965.06186559703
2023-12-12,7.383108,1494298717.0,100379.0,11032570059.49,741108.997932,6.71746468806253e-05,0.06528350618483843,2240082.047048812,560020.511762197
2023-12-13,7.38861,1494298717.0,0.0,11040791412.61,0.0,0.0,-0.06562744241922311,2240082.047048812,560020.511762197
2023-12-14,7.427227,1496988717.0,2690000.0,11118475130.36,19979240.63,0.0017969407131599258,3.2510029836217527,6235930.173048812,1558982.5432621972
2023-12-15,7.356659,1496988717.0,0.0,11012836166.99,0.0,0.0,-0.09046638173872638,6235930.173048811,1558982.543262197
2023-12-18,7.393435,1496988717.0,0.0,11067889077.28,0.0,0.0,-0.11517236962388731,4144069.9255864113,1558982.543262197
2023-12-19,7.416359,1496988717.0,0.0,11102207023.73,0.0,0.0,-0.11778734505782594,3995848.126000012,1558982.543262197
2023-12-20,7.491713,1496591858.0,-396859.0,11212037717.06,-2973153.729467,-0.0002651751451873117,-0.623847672414131,3401217.3801066116,1410324.856788847
2023-12-21,7.476828,1496591858.0,0.0,11189760910.85,0.0,0.0,-0.11568556480764093,-594630.745893388,1410324.856788847
2023-12-22,7.479608,1496591858.0,0.0,11193920669.62,0.0,0.0,-0.11568556480764093,-594630.745893388,1410324.856788847
2023-12-27,7.506301,1496591858.0,0.0,11233869896.87,0.0,0.0,-0.11568556480764093,-594630.745893388,1410324.856788847
2023-12-28,7.504579,1496591858.0,0.0,11231292987.52,0.0,0.0,-0.11568556480764093,-594630.745893388,1410324.856788847
2023-12-29,7.514665,1496576939.0,-14919.0,11246275233.32,-112111.287135,-9.968748301912557e-06,-0.13784458742452949,-22422.25742698808,1404719.292432097
2024-01-02,7.503143,1496562020.0,-14919.0,11228919945.96,-111939.390417,-9.968847489849115e-06,-0.1376825981675564,-44810.13551038808,1399122.322911247
2024-01-03,7.465092,1496562020.0,0.0,11171973980.78,0.0,0.0,-0.11856180268889523,-44810.13551038808,1399122.322911247
2024-01-04,7.505358,1496562020.0,0.0,11232233908.77,0.0,0.0,-0.11856180268889523,-44810.13551038808,1399122.322911247
2024-01-05,7.472815,1496562020.0,0.0,11183531415.77,0.0,0.0,-0.11856180268889523,-44810.13551038808,1399122.322911247
2024-01-08,7.477188,1496562020.0,0.0,11190076071.14,0.0,0.0,-0.11856180268889523,-22387.87808338808,1399122.322911247
2024-01-09,7.467287,1496562020.0,0.0,11175258813.99,0.0,0.0,-0.11856180268889523,0.0,1399122.322911247
2024-01-10,7.435991,1496562020.0,0.0,11128423178.26,0.0,0.0,-0.11856180268889523,0.0,1399122.322911247
2024-01-11,7.364532,1497133336.0,571316.0,11025687260.94,4207474.964112,0.00038160659417735824,0.6063703327070009,841494.9928224118,1086531.009251247
2024-01-12,7.411452,1497133336.0,0.0,11095932274.54,0.0,0.0,-0.12447437713929824,841494.9928224118,1049475.5593546468
2024-01-15,7.382223,1497179596.0,46260.0,11052513950.24,341501.63597999996,3.089809590085018e-05,-0.06579525170877462,909795.3200184118,1066550.641153647
2024-01-16,7.346629,1497179596.0,0.0,10999224148.77,0.0,0.0,-0.12497341747213435,909795.3200184118,67588.60965364703
2024-01-17,7.237725,1497179596.0,0.0,10836175088.46,0.0,0.0,-0.1261144560955017,909795.3200184118,67588.60965364703
2024-01-18,7.252115,1497179596.0,0.0,10857719864.96,0.0,0.0,-0.1261144560955017,68300.32719601192,67588.60965364703
2024-01-19,7.2549,1497179596.0,0.0,10861888454.67,0.0,0.0,-0.1261144560955017,68300.32719601192,67588.60965364703
2024-01-22,7.27992,1497179596.0,0.0,10899348166.82,0.0,0.0,-0.1261144560955017,0.0,216246.296126997
2024-01-23,7.277973,1497179596.0,0.0,10896433711.4,0.0,0.0,-0.1261144560955017,0.0,216246.296126997
2024-01-24,7.318689,1497296736.0,117140.0,10958249338.18,857311.22946,7.823432402409511e-05,0.02251023765171634,171462.2458920119,259111.85759999702
2024-01-25,7.320631,1497296736.0,0.0,10961156941.87,0.0,0.0,-0.12737170103806775,171462.2458920119,259111.85759999702
2024-01-26,7.423058,1497296736.0,0.0,11114520786.12,0.0,0.0,-0.12737170103806775,171462.2458920119,259111.85759999702
2024-01-29,7.420678,1497435901.0,139165.0,11111989707.87,1032698.6538699999,9.293553009130285e-05,0.0491940802710351,378001.9766660119,316352.354650247
2024-01-30,7.453354,1497435901.0,0.0,11160920833.66,0.0,0.0,-0.13001391184359787,378001.9766660119,321949.32417109696
2024-01-31,7.418629,1497435901.0,0.0,11108922423.5,0.0,0.0,-0.13001391184359787,206539.7307740119,321949.32417109696
2024-02-01,7.410289,1497435901.0,0.0,11096433414.82,0.0,0.0,-0.13001391184359787,206539.7307740119,321949.32417109696
2024-02-02,7.403878,1497407540.0,-28361.0,11086623922.82,-209981.383958,-1.8940065561869354e-05,-0.16599968442031748,164543.4539824119,311450.254973197
2024-02-05,7.4012,1497407540.0,0.0,11082613801.65,0.0,0.0,-0.12970559209609944,-41996.276791588076,311450.254973197
2024-02-06,7.467526,1497407540.0,0.0,11181930207.6,0.0,0.0,-0.12970559209609944,-41996.276791588076,311450.254973197
2024-02-07,7.416648,1497298805.0,-108735.0,11104939102.27,-806449.22028,-7.262076926789727e-05,-0.26764402196185566,-203286.12084758808,271127.793959197
2024-02-08,7.384276,1497298805.0,0.0,11056468529.85,0.0,0.0,-0.12851606326134718,-203286.12084758808,60754.045753597005
2024-02-09,7.362006,1497298805.0,0.0,11023123248.13,0.0,0.0,-0.12851606326134718,-161289.84405598807,60754.045753597005
2024-02-12,7.363057,1497298805.0,0.0,11024696896.83,0.0,0.0,-0.12851606326134718,-161289.84405598807,43678.963954597
2024-02-13,7.303357,1497298805.0,0.0,10935308475.8,0.0,0.0,-0.12851606326134718,-161289.84405598807,43678.963954597
2024-02-14,7.357847,1497298805.0,0.0,11016896571.33,0.0,0.0,-0.12851606326134718,0.0,43678.963954597
2024-02-15,7.39887,1497519060.0,220255.0,11079948866.24,1629638.11185,0.00014707993074006132,0.1509097223138627,325927.62237001193,125160.86954709701
2024-02-16,7.510051,1497519060.0,0.0,11246445165.59,0.0,0.0,-0.13086074267300016,325927.62237001193,125160.86954709701
2024-02-19,7.52635,1497519060.0,0.0,11270853528.56,0.0,0.0,-0.13086074267300016,325927.62237001193,125160.86954709701
2024-02-20,7.517278,1498829821.0,1310761.0,11267120991.53,9853354.828558,0.0008745228560131029,1.515695954650937,2296598.588081612,617828.610974997
2024-02-21,7.462031,1498829821.0,0.0,11184315805.74,0.0,0.0,-0.14341604650527576,2296598.5880816123,574963.0495019971
2024-02-22,7.499008,1498829821.0,0.0,11239737251.81,0.0,0.0,-0.14341604650527576,1970670.9657116123,574963.0495019971
2024-02-23,7.520222,1498721896.0,-107925.0,11270722063.9,-811619.95935,-7.201135426359327e-05,-0.28083683861662284,1808346.9738416125,534382.0515344971
2024-02-26,7.49872,1498680262.0,-41634.0,11238184916.77,-312201.70848,-2.7780438815713202e-05,-0.19644925696566504,1745906.632145612,467137.033416997
2024-02-27,7.497464,1498575115.0,-105147.0,11235514285.05,-788335.847208,-7.016464286436461e-05,-0.27569813263276793,-382431.5030075877,427720.241056597
2024-02-28,7.440805,1498531804.0,-43311.0,11150283738.06,-322268.705355,-2.890228741489142e-05,-0.2003469375403533,-446885.24407858774,411606.805788847
2024-02-29,7.451676,1498512256.0,-19548.0,11166427899.08,-145665.362448,-1.3044938252814164e-05,-0.1700230429046729,-476018.3165681877,404323.53766644705
2024-03-01,7.502807,1498440773.0,-71483.0,11242512754.42,-536323.152781,-4.770491833065915e-05,-0.23504861478681566,-420958.9552543877,388006.449225297
2024-03-04,7.461435,1498315802.0,-124971.0,11179586104.84,-932462.9933849999,-8.340764896307806e-05,-0.3014242393404744,-545011.2122353876,341383.299556047
2024-03-05,7.467139,1498297109.0,-18693.0,11187993922.09,-139583.229327,-1.2476162420092272e-05,-0.2017699936697911,-415260.6886591877,334404.138089697
2024-03-06,7.499517,1498297109.0,0.0,11236505944.33,0.0,0.0,-0.14410851921271803,-350806.9475881877,374726.599103697
2024-03-07,7.541186,1498297109.0,0.0,11298937473.14,0.0,0.0,-0.14410851921271803,-321673.87509858765,374726.599103697
2024-03-08,7.508967,1498297109.0,0.0,11250664448.58,0.0,0.0,-0.14410851921271803,-214409.2445423877,374726.599103697
2024-03-11,7.5182,1498257024.0,-40085.0,11264196460.01,-301367.047,-2.6754420350347163e-05,-0.2666729234064618,-88190.05526538771,359658.246753697
2024-03-12,7.595258,1498182440.0,-74584.0,11379082820.52,-566484.7226720001,-4.9782986169188715e-05,-0.3756970441248409,-173570.35393438773,331334.01062009705
2024-03-13,7.619097,1498182440.0,0.0,11414797411.18,0.0,0.0,-0.1454046376887229,-173570.35393438773,331334.01062009705
2024-03-14,7.549162,1501528640.0,3346200.0,11335284025.17,25261005.8844,0.002228528709850404,7.388449210810587,4878630.822945612,1512902.399247597
2024-03-15,7.533846,1501528640.0,0.0,11312286544.43,0.0,0.0,-0.16958685081453032,4878630.822945612,1512902.399247597
2024-03-18,7.528798,1501528640.0,0.0,11304706411.91,0.0,0.0,-0.16958685081453032,4938904.232345612,1512902.399247597
2024-03-19,7.544095,1501442606.0,-86034.0,11327026022.69,-649048.66923,-5.730088974191838e-05,-0.35325325469072105,4922391.443034012,987782.224358197
2024-03-20,7.543244,1501418791.0,-23815.0,11325569384.54,-179642.35585999998,-1.586166220527696e-05,-0.21637776783533405,4886462.971862012,978800.1065651968
2024-03-21,7.691031,1501418791.0,0.0,11547458830.03,0.0,0.0,-0.1622259895018641,-165738.20501798808,978800.1065651968
2024-03-22,7.738184,1501418791.0,0.0,11618255333.87,0.0,0.0,-0.16272611317169738,-165738.20501798808,1019381.1045326969
2024-03-25,7.725094,1501418791.0,0.0,11598601338.53,0.0,0.0,-0.16272611317169738,-165738.20501798808,1034991.1899566969
2024-03-26,7.738085,1501418791.0,0.0,11618106470.44,0.0,0.0,-0.16272611317169738,-35928.47117198807,1074407.982317097
2024-03-27,7.738989,1501418791.0,0.0,11619464376.1,0.0,0.0,-0.16272611317169738,0.0,1090521.417584847
2024-03-28,7.763038,1501418791.0,0.0,11655571642.04,0.0,0.0,-0.16272611317169738,0.0,1097804.685707247
2024-04-02,7.745784,1501418791.0,0.0,11629665841.8,0.0,0.0,-0.16272611317169738,0.0,1124620.843346297
2024-04-03,7.748041,1501418791.0,0.0,11633055654.5,0.0,0.0,-0.16272611317169738,0.0,1171243.9930155468
2024-04-04,7.787744,1501418791.0,0.0,11692665573.06,0.0,0.0,-0.16272611317169738,0.0,1178223.154481897
2024-04-05,7.724474,1501418791.0,0.0,11597670519.79,0.0,0.0,-0.16325975861737366,0.0,1178223.154481897
2024-04-08,7.756092,1501418791.0,0.0,11645142631.0,0.0,0.0,-0.16325975861737366,0.0,1178223.154481897
2024-04-09,7.747538,1501418791.0,0.0,11632300380.74,0.0,0.0,-0.16154949986820255,0.0,1178223.154481897
2024-04-10,7.773381,1501353279.0,-65512.0,11670592248.37,-509249.736072,-4.363529504195689e-05,-0.3285695644139651,-101849.94721438808,1167829.0200282969
2024-04-11,7.749312,1495971131.0,-5382148.0,11592747844.4,-41707944.082176,-0.003597761690497173,-8.21177219834992,-8443438.763649587,-889243.9479469031
2024-04-12,7.819591,1495971131.0,0.0,11697883871.34,0.0,0.0,-0.048084159277191854,-8443438.763649587,-889243.9479469031
2024-04-15,7.790023,1495971131.0,0.0,11653649488.08,0.0,0.0,-0.044916781569222276,-8443438.763649587,-2152294.242166903
2024-04-16,7.648064,1495932769.0,-38362.0,11440990068.79,-293395.031168,-2.5644199444622845e-05,-0.1026443527743689,-8502117.769883187,-2166963.9937253026
2024-04-17,7.675311,1495932769.0,0.0,11481748838.71,0.0,0.0,-0.04337196714421833,-8400267.822668787,-2166963.9937253026
2024-04-18,7.708355,1495932769.0,0.0,11531181424.86,0.0,0.0,-0.04337196714421833,-58679.00623358808,-2134511.5602638028
2024-04-19,7.726683,1495932769.0,0.0,11558597808.4,0.0,0.0,-0.04337196714421833,-58679.00623358808,-2125529.442470803
2024-04-22,7.852073,1495932769.0,0.0,11746173337.04,0.0,0.0,-0.04337196714421833,-58679.00623358808,-2125529.442470803
2024-04-23,7.872373,1495932769.0,0.0,11776541099.44,0.0,0.0,-0.04337196714421833,0.0,-2125529.442470803
2024-04-24,7.867976,1495932769.0,0.0,11769963806.02,0.0,0.0,-0.04337196714421833,0.0,-2125529.442470803
2024-04-25,7.909828,1495932769.0,0.0,11832570595.13,0.0,0.0,-0.04337196714421833,0.0,-2125529.442470803
2024-04-26,7.969645,1495932769.0,0.0,11922052680.48,0.0,0.0,-0.04337196714421833,0.0,-2125529.442470803
2024-04-29,7.976554,1495595418.0,-337351.0,11929696989.48,-2690898.468454,-0.00022556301897918473,-0.5504573688990235,-538179.6936907881,-2260074.365893503
2024-04-30,7.973674,1495448916.0,-146502.0,11924221512.53,-1168159.188348,-9.796523715367879e-05,-0.25924120579831916,-771811.531360388,-2318482.325310903
2024-05-01,7.951234,1495448916.0,0.0,11890664371.16,0.0,0.0,-0.037193640844257,-771811.531360388,-2318482.325310903
2024-05-02,8.00665,1495424389.0,-24527.0,11973339119.74,-196379.10455000002,-1.6401364948081782e-05,-0.07040837751521238,-811087.352270388,-2328301.2805384034
2024-05-03,8.04701,1495424389.0,0.0,12033694345.38,0.0,0.0,-0.033207826405533866,-811087.352270388,-2328301.2805384034
2024-05-07,8.145229,1492403389.0,-3021000.0,12155967616.64,-24606736.809,-0.002024251592717017,-4.225138190161107,-5194255.020379588,-3558638.1209884034
2024-05-08,8.184746,1492385559.0,-17830.0,12214796867.74,-145934.02118,-1.1947314618503431e-05,-0.02010152839109296,-4989809.986945989,-3565934.8220474035
2024-05-09,8.21792,1492370202.0,-15357.0,12264178931.62,-126202.59744,-1.0290342153653627e-05,-0.01645998961114966,-5015050.506433988,-3546782.465115803
2024-05-10,8.269363,1492113606.0,-256596.0,12338828995.81,-2121885.468348,-0.00017196813968882677,-0.35111640827720875,-5400151.7791935885,-1567479.5344244032
2024-05-13,8.250663,1491992105.0,-121501.0,12309924383.48,-1002463.8051629999,-8.14354153554601e-05,-0.1606074585238315,-5600644.5402261885,-1617602.7246825532
2024-05-14,8.263614,1491874061.0,-118044.0,12328271137.18,-975470.0510160001,-7.91246428766598e-05,-0.1543895647751316,-874391.1886293881,-1666376.227233353
2024-05-15,8.28084,1491858793.0,-15268.0,12353844451.05,-126431.86511999999,-1.0234212161320686e-05,-0.010366607340984536,-870490.757417388,-1658028.0689309533
2024-05-16,8.293919,1491704085.0,-154708.0,12372073366.85,-1283135.6206520002,-0.00010371225441404684,-0.20371068471325457,-1101877.3620597883,-1722184.8499635532
2024-05-17,8.275949,1491626330.0,-77755.0,12344624150.9,-643496.414495,-5.2127663558560845e-05,-0.09510924324308198,-806199.5512891881,-1754359.6706883032
2024-05-20,8.279812,1491573424.0,-52906.0,12349947657.12,-438051.733672,-3.5469926337659745e-05,-0.05971698461705894,-693317.1369909882,-1776262.2573719032
2024-05-21,8.272179,1491555346.0,-18078.0,12338412977.22,-149544.451962,-1.2120233958621659e-05,-0.010762499680560523,-528132.0171801882,-1783739.4799700032
2024-05-22,8.22676,1491390987.0,-164359.0,12269315138.69,-1352142.0468400002,-0.00011020517702542026,-0.21356151983579041,-773274.0535241881,-1851346.5823120032
2024-05-23,8.198074,1491088807.0,-302180.0,12224055676.58,-2477294.00132,-0.0002026572904168159,-0.4027214813659326,-1012105.7296577881,-1975211.282378003
2024-05-24,8.176763,1489505848.0,-1582959.0,12179335701.22,-12943480.581717,-0.0010627410968252116,-2.1356378837512673,-3472102.563102188,-2622385.311463853
2024-05-28,8.114401,1489505848.0,0.0,12086447109.57,0.0,0.0,0.03768563953113277,-3384492.2163677877,-2622385.311463853
2024-05-29,8.04442,1489505848.0,0.0,11982211350.07,0.0,0.0,0.03768563953113277,-3354583.325975388,-2487840.3880411526
2024-05-30,8.094637,1489505848.0,0.0,12057008782.63,0.0,0.0,0.03768563953113277,-3084154.9166073883,-2429432.428623753
2024-05-31,8.137661,1489355848.0,-150000.0,12119873197.58,-1220649.15,-0.00010071467993936847,-0.16654265156179607,-2832825.946343388,-2490464.886123753
2024-06-03,8.125257,1489263078.0,-92770.0,12100645834.33,-753780.0918899999,-6.229255051424584e-05,-0.08691383896073211,-394885.84837798803,-2518334.935490753
2024-06-04,8.095001,1489171585.0,-91493.0,12054846186.62,-740635.926493,-6.143885330656908e-05,-0.08411942834307427,-543013.0336765881,-2555366.731815403
2024-06-05,8.109728,1489171585.0,0.0,12076776641.47,0.0,0.0,0.058635125691246515,-543013.0336765881,-1325029.8913654028
2024-06-06,8.158601,1489150585.0,-21000.0,12149385699.03,-171330.621,-1.4101998672548435e-05,0.030723784191217393,-577279.157876588,-1326299.721356403
2024-06-07,8.119442,1489150585.0,0.0,12091071582.51,0.0,0.0,0.060053335142516505,-333149.32787658804,-1319989.591484403
2024-06-10,8.102623,1489150585.0,0.0,12066025806.52,0.0,0.0,0.09733443613747635,-182393.3094985881,-1213895.318067003
2024-06-11,8.023118,1489150585.0,0.0,11947631314.09,0.0,0.0,0.09733443613747635,-34266.12419998808,-1163772.127808853
2024-06-12,8.089912,1489150585.0,0.0,12047096926.08,0.0,0.0,0.09733443613747635,-34266.12419998808,-1114998.6252580532
2024-06-13,7.928849,1481671190.0,-7479395.0,11747947848.32,-59302993.566355,-0.005047944911913747,-7.734540551938425,-11860598.713270988,-4073826.710319803
2024-06-14,7.912687,1479571989.0,-2099201.0,11707390246.17,-16610320.463087,-0.001418789338513847,-2.0270690357847427,-15182662.805888388,-4840185.952441553
2024-06-17,7.908011,1479571989.0,0.0,11700472160.49,0.0,0.0,0.14633768064161629,-15182662.805888388,-4808011.131716803
2024-06-18,7.955694,1479571989.0,0.0,11771021546.83,0.0,0.0,0.14633768064161629,-15182662.805888388,-4786108.545033203
2024-06-19,7.969032,1479571989.0,0.0,11790756066.34,0.0,0.0,0.14633768064161629,-15182662.805888388,-4778631.322435103
2024-06-20,8.03847,1480687430.0,1115441.0,11902461250.65,8966439.01527,0.000753326461346836,1.2818215740617946,-1528776.289563388,-4262702.269329603
2024-06-21,8.004716,1480687430.0,0.0,11852482188.12,0.0,0.0,0.13564958616663322,1793287.803054012,-4138837.5692636026
2024-06-24,8.04694,1480388605.0,-298825.0,11912597851.32,-2404626.8455,-0.00020185578960289928,-0.16898803609942736,1312362.433954012,-3611894.8824527534
2024-06-25,8.013962,1480388605.0,0.0,11863778525.02,0.0,0.0,0.13807399408959145,1312362.433954012,-3611894.8824527534
2024-06-26,7.992187,1478588605.0,-1800000.0,11817156253.99,-14385936.600000001,-0.0012173772006393389,-1.678110950325688,-1564824.8860459882,-4331191.7124527525
2024-06-27,7.953404,1478588605.0,0.0,11759811883.5,0.0,0.0,0.15167584439004686,-3358112.6890999884,-4331191.7124527525
2024-06-28,7.938315,1476868757.0,-1719848.0,11723849787.35,-13652695.17612,-0.0011645232089932795,-1.5676538602481223,-6088651.724323988,-4952794.0137587525
2024-07-01,7.94088,1476813176.0,-55581.0,11727196821.82,-441362.05128,-3.763576735224462e-05,0.10902927378170602,-5695998.765479988,-4937173.111728253
2024-07-02,7.896444,1476725106.0,-88070.0,11660876499.08,-695439.82308,-5.963872639718529e-05,0.07704471403988127,-5835086.730095988,-4934913.306557603
2024-07-03,7.944926,1476667218.0,-57888.0,11732011521.12,-459915.87628799997,-3.9201792076325366e-05,0.11291727950013351,-3049882.5853535878,-4957909.100372003
2024-07-04,8.013706,1476583693.0,-83525.0,11832907218.14,-669344.7936500001,-5.656638569969398e-05,0.08773721291939904,-3183751.5440835883,-4982809.809004503
2024-07-05,7.977304,1476583693.0,0.0,11779156375.9,0.0,0.0,0.1724836081186482,-453212.5088595881,-4982809.809004503
2024-07-08,7.967192,1476583693.0,0.0,11764226196.19,0.0,0.0,0.1724836081186482,-364940.0986035881,-4982809.809004503
2024-07-09,7.914881,1476567784.0,-15909.0,11686858561.81,-125917.841829,-1.077431040711581e-05,0.15655356974743023,-251035.70235338813,-4989105.701095954
2024-07-10,7.967072,1476567784.0,0.0,11763922103.87,0.0,0.0,0.17262133771544866,-159052.5270957881,-4989105.701095954
2024-07-11,7.996203,1475167784.0,-1400000.0,11795740838.73,-11194684.200000001,-0.0009490446045782477,-1.2232240295050185,-2264120.4083657884,-2583690.232778203
2024-07-12,8.024905,1475122369.0,-45415.0,11837716316.48,-364451.060575,-3.078727778495804e-05,0.13802767700913063,-2337010.6204807884,-1771396.7626526032
2024-07-15,7.956803,1475122369.0,0.0,11737257563.08,0.0,0.0,0.183657421762549,-2337010.6204807884,-1771396.7626526032
2024-07-16,7.939303,1475104115.0,-18254.0,11711298664.03,-144924.03696199998,-1.2374719586574855e-05,0.16647976135267914,-2340811.8595073884,-1778642.9645007034
2024-07-17,7.961155,1475104115.0,0.0,11743532561.67,0.0,0.0,0.18482512607342677,-2340811.8595073884,-1778642.9645007034
2024-07-18,7.978109,1474648774.0,-455341.0,11764908489.89,-3632760.130169,-0.0003087792933783343,-0.26907795602691037,-828427.0455411881,-2408602.9217726532
2024-07-19,7.930107,1474628492.0,-20282.0,11693962330.41,-160838.43017399998,-1.3753971975413474e-05,0.16959617017444303,-787704.5194609881,-2416644.8432813534
2024-07-22,7.972196,1474477528.0,-150964.0,11754823564.03,-1203514.596944,-0.00010238474362361161,0.03945101807209829,-1028407.4388497882,-2356589.230853553
2024-07-23,7.941493,1474374849.0,-102679.0,11708737377.63,-815424.559747,-6.964239895796967e-05,0.08887780814702986,-1162507.5434067883,-2397360.4588409034
2024-07-24,7.928228,1474306999.0,-67850.0,11688642649.14,-537930.2698,-4.6021619955981685e-05,0.12449067233430453,-1270093.5973667882,-1704960.142330903
2024-07-25,7.961627,1474291937.0,-15062.0,11737762475.36,-119918.025874,-1.021642976041923e-05,0.17748822415506932,-567525.1765077881,-1710956.043624603
2024-07-26,8.058353,1474291937.0,0.0,11880364692.5,0.0,0.0,0.1926416426535697,-535357.4904729881,-1028321.2848186031
2024-07-29,8.064766,1474177778.0,-114159.0,11888899222.38,-920665.621794,-7.74390971420561e-05,0.0787483544566649,-478787.6954429881,-1052286.4633443032
2024-07-30,8.047396,1474083643.0,-94135.0,11862534868.3,-757541.6224600001,-6.386001228829789e-05,0.09878274005745642,-467211.10798558814,-1055391.5533133033
2024-07-31,8.138138,1473951678.0,-131965.0,11995222261.14,-1073949.38117,-8.953142824616025e-05,0.061816842524897865,-574414.9302595882,-1086093.2285574032
2024-08-01,8.062003,1473859266.0,-92412.0,11882257998.91,-745025.821236,-6.270069386680072e-05,0.10241084476482677,-699436.4893319882,-1089877.2799367032
2024-08-02,7.956258,1473823318.0,-35948.0,11726118150.43,-286011.562584,-2.4390984204223788e-05,0.15956512175409981,-756638.801848788,-1104177.858065903
2024-08-05,7.794171,1473808114.0,-15204.0,11487112240.93,-118502.575884,-1.0316132845099283e-05,0.18058249528717205,-596206.1926667881,-1110102.9868601032
2024-08-06,7.811897,1473767269.0,-40845.0,11512918838.63,-319076.932965,-2.7714686209233204e-05,0.15511657647779878,-508513.2547677881,-1119760.9414169032
2024-08-07,7.948314,1473767269.0,0.0,11713965221.17,0.0,0.0,0.1981756897275784,-293723.3785337881,-1119760.9414169032
2024-08-08,7.945605,1473767269.0,0.0,11709972163.79,0.0,0.0,0.1981756897275784,-144718.21428658807,-560026.731416903
2024-08-09,7.96815,1471942602.0,-1824667.0,11728659492.7,-14539220.35605,-0.0012396318918713014,-1.6094553189784722,-2995359.972979788,-1268765.196190653
2024-08-12,8.00918,1471942602.0,0.0,11789053547.73,0.0,0.0,0.22398248794285078,-2971659.457802988,-1268765.196190653
2024-08-13,8.03352,1471892570.0,-50032.0,11824478810.52,-401933.07263999997,-3.3991610038863466e-05,0.1740243137343386,-2988230.685737988,-1281615.647974553
2024-08-14,8.078181,1471892570.0,0.0,11890214547.57,0.0,0.0,0.2244213402717865,-2988230.685737988,-1281615.647974553
2024-08-15,8.168951,1471856425.0,-36145.0,12023522667.18,-295266.733895,-2.455742315028645e-05,0.1874085281899299,-3047284.032516988,-1114740.978160853
2024-08-16,8.133744,1471856425.0,0.0,11971703423.54,0.0,0.0,0.22345594417728237,-139439.9613069881,-1106699.056652153
2024-08-19,8.178239,1471856425.0,0.0,12037192893.47,0.0,0.0,0.2225559162787987,-139439.9613069881,-1046523.326804953
2024-08-20,8.09632,1472188510.0,332085.0,11919308636.26,2688666.4272000003,0.0002255723472937639,0.5531072480731117,478679.938661012,-871318.777457603
2024-08-21,8.106171,1472188510.0,0.0,11933811893.94,0.0,0.0,0.2189898135783321,478679.938661012,-844422.2639676031
2024-08-22,8.11351,1472188510.0,0.0,11944615672.58,0.0,0.0,0.21837752791025672,537733.285440012,-838426.3626739029
2024-08-23,8.152465,1472188510.0,0.0,12001964809.14,0.0,0.0,0.2173134670064783,537733.285440012,-838426.3626739029
2024-08-27,8.169635,1472188510.0,0.0,12027242875.64,0.0,0.0,0.21715258570872978,537733.285440012,-792393.0815842028
2024-08-28,8.167989,1472188510.0,0.0,12024819463.26,0.0,0.0,0.21715258570872978,0.0,-754516.0004612028
2024-08-29,8.210294,1472188510.0,0.0,12087100996.86,0.0,0.0,0.21715258570872978,0.0,-700818.5314027029
2024-08-30,8.207226,1472188510.0,0.0,12082583369.01,0.0,0.0,0.21715258570872978,0.0,-663567.2403409028
2024-09-02,8.194707,1471095728.0,-1092782.0,12055198457.44,-8955028.304874,-0.0007428354113363686,-0.8706841576480966,-1791005.660974788,-1097018.0774554028
2024-09-03,8.130704,1470913928.0,-181800.0,11959565973.34,-1478161.9871999999,-0.00012359662470152227,0.04384538961534239,-2086638.0584147878,-1165001.048021203
2024-09-04,8.102314,1470891543.0,-22385.0,11917625183.52,-181370.29889,-1.5218661108825904e-05,0.2039547699334256,-2122912.1181927877,-1158115.716317453
2024-09-05,8.078811,1470395975.0,-495568.0,11879051464.15,-4003600.209648,-0.00033703029418893725,-0.2528951250874202,-2923632.160122388,-1358295.726799853
2024-09-06,8.019507,1470323079.0,-72896.0,11791266813.31,-584589.982272,-4.957821678770885e-05,0.195928321865583,-3040550.156576788,-1387525.225913453
2024-09-09,8.107183,1470296462.0,-26617.0,11919962470.96,-215788.88991099998,-1.810315178732446e-05,0.24525701379612014,-1292702.2735841882,-671353.6526065029
2024-09-10,8.043706,1470296462.0,0.0,11826631830.84,0.0,0.0,0.2726952135888627,-997069.8761441882,-671353.6526065029
2024-09-11,8.031856,1470263692.0,-32770.0,11808945994.09,-263203.92111999996,-2.228851933540259e-05,0.2380334093563711,-1013436.6005901883,-664417.1950305029
2024-09-12,7.994809,1478015639.0,7751947.0,11816452242.39,61975335.643123,0.0052448344369213015,6.637514705402457,12182350.569964012,2434349.587125647
2024-09-13,8.025875,1477924168.0,-91471.0,11861634847.87,-734134.8121249999,-6.189153700485299e-05,0.08627791754783111,12152441.603993412,2412406.1832141476
2024-09-16,8.030972,1477862426.0,-61742.0,11868671031.19,-495848.273224,-4.1777910258102776e-05,0.11154942910627873,12096429.727330813,2387613.769552947
2024-09-17,8.061535,1462862426.0,-15000000.0,11792917237.48,-120923024.99999999,-0.010253868704826061,-8.169434337675192,-12088175.272669185,-3658537.4804470525
2024-09-18,8.006767,1452862426.0,-10000000.0,11632730203.14,-80067670.0,-0.006882964583704305,-4.820840662402788,-28049068.488445185,-7796354.3018070515
2024-09-19,8.079709,1452712426.0,-150000.0,11737493959.53,-1211956.3499999999,-0.00010325512023083756,0.12587903694639627,-40686526.887069784,-7856952.119307051
2024-09-20,7.98386,1452712426.0,0.0,11598252377.24,0.0,0.0,0.20121570934245478,-40539699.92464478,-7856952.119307051
2024-09-23,8.012439,1452697558.0,-14868.0,11639651223.1,-119128.943052,-1.0234751949919017e-05,0.1938128930919076,-40464356.05861039,-7862908.566459651
2024-09-24,8.034711,1452697558.0,0.0,11672005468.68,0.0,0.0,0.20128043281099098,-16279751.05861039,-7862908.566459651
2024-09-25,8.02107,1452697558.0,0.0,11652189129.5,0.0,0.0,0.20128043281099098,-266217.058610391,-7862908.566459651
2024-09-26,8.042105,1452697558.0,0.0,11682746576.55,0.0,0.0,0.20128043281099098,-23825.78861039106,-7862908.566459651
2024-09-27,8.076907,1445697558.0,-7000000.0,11676764715.37,-56538349.0,-0.004841953261726613,-3.159854206955277,-11331495.588610392,-10689826.016459653
2024-09-30,7.995539,1443002039.0,-2695519.0,11537578702.81,-21552127.289741,-0.0018679939565215652,-1.0677990784039577,-15618095.25794819,-11319680.965703001
2024-10-01,8.034108,1440987360.0,-2014679.0,11577048366.81,-16186148.671332,-0.001398123956857236,-0.7690987471765856,-18855324.99221459,-12055080.299909603
2024-10-02,8.048016,1440817447.0,-169913.0,11595722480.19,-1367462.542608,-0.00011792818816974599,0.1390499514178308,-19128817.500736192,-12114384.912095502
2024-10-03,8.042101,1440817447.0,0.0,11587198825.57,0.0,0.0,0.22265097257605587,-19128817.500736192,-11914204.901613101
2024-10-04,8.040284,1440567447.0,-250000.0,11582571468.57,-2010071.0,-0.00017354272369088746,0.10051122517011715,-8223161.90073619,-11985478.952499501
2024-10-07,8.062538,1440567447.0,0.0,11614629826.1,0.0,0.0,0.22355473772739573,-3912736.442787991,-11974689.508003952
2024-10-08,7.9528,1440373792.0,-193655.0,11455004779.46,-1540099.484,-0.00013444773822893173,0.1290425550684438,-983526.605321591,-12051694.482203951
2024-10-09,8.004389,1440373792.0,0.0,11529311483.04,0.0,0.0,0.2243807994212742,-710034.096799991,-12038534.286147952
2024-10-10,8.001244,1440373792.0,0.0,11524782639.37,0.0,0.0,0.2243807994212742,-710034.0967999911,-15137301.068304101
2024-10-11,8.016655,1440321628.0,-52164.0,11546561091.83,-418180.79142,-3.621691238579184e-05,0.1989221233682001,-391656.055083991,-15121503.367268851
2024-10-14,8.054465,1440321628.0,0.0,11601019955.46,0.0,0.0,0.22460507358037976,-391656.055083991,-15096710.953607652
2024-10-15,8.012384,1440321628.0,0.0,11540410652.9,0.0,0.0,0.22460507358037976,-83636.15828399107,-9050559.703607652
2024-10-16,8.09006,1440321628.0,0.0,11652288824.63,0.0,0.0,0.22460507358037976,-83636.15828399107,-5047176.203607653
2024-10-17,8.145386,1440214348.0,-107280.0,11731101174.39,-873837.01008,-7.448891600966338e-05,0.1708709296064888,-258403.56029999108,-5030270.236611653
2024-10-18,8.119117,1440214348.0,0.0,11693268406.83,0.0,0.0,0.22308514937877705,-174767.40201599107,-5030270.236611653
2024-10-21,8.080283,1430160326.0,-10054022.0,11556100626.67,-81239343.048226,-0.007029996161571664,-4.329461471005465,-16422636.01166119,-9086280.941870352
2024-10-22,8.068895,1430274890.0,114564.0,11540737846.32,924404.88678,8.00992881988707e-05,0.2942786962796694,-16237755.03430519,-9040060.697531354
2024-10-23,8.022466,1430352677.0,77787.0,11474956141.8,624043.562742,5.438308914042703e-05,0.27723946344837297,-16112946.32175679,-9008858.519394252
2024-10-24,8.034309,1430352677.0,0.0,11491894771.0,0.0,0.0,0.23199303560424542,-15938178.91974079,-9008858.519394252
2024-10-25,8.014316,1430411995.0,59318.0,11463774394.54,475393.19648800005,4.146916889034572e-05,0.2587757050717074,-15843100.280443192,-6158171.409569853
2024-10-28,8.050029,1430411995.0,0.0,11514857561.34,0.0,0.0,0.23162681506955898,404768.32920200896,-5080565.045082803
2024-10-29,7.985722,1430411995.0,0.0,11422872405.33,0.0,0.0,0.2306525714188906,219887.35184600894,-4271257.611516203
2024-10-30,7.927421,1430411995.0,0.0,11339478373.7,0.0,0.0,0.23018836295221984,95078.63929760896,-4202884.484385802
2024-10-31,7.87952,1430411995.0,0.0,11270960434.98,0.0,0.0,0.22973737778704048,95078.63929760896,-4202884.484385802
2024-11-01,7.944724,1430411995.0,0.0,11364228526.21,0.0,0.0,0.2296787650216375,0.0,-4102380.9343858026
2024-11-04,7.951587,1430411995.0,0.0,11374044807.34,0.0,0.0,0.22908889531729898,0.0,-4102380.9343858026
2024-11-05,7.940044,1430628986.0,216991.0,11359257556.3,1722918.087604,0.00015167523749370804,0.3269192309901057,344583.61752080894,-3939230.0558056026
2024-11-06,7.934444,1430848986.0,220000.0,11352991700.38,1745577.68,0.00015375486268888694,0.3271570861766762,693699.1535208089,-3851951.1718056025
2024-11-07,7.922649,1430848986.0,0.0,11336114363.33,0.0,0.0,0.2267522663062092,693699.1535208089,-3851951.1718056025
2024-11-08,7.855968,1430848986.0,0.0,11240703311.02,0.0,0.0,0.2261269411100008,693699.1535208089,-3831042.1322346022
2024-11-11,7.907362,1430848986.0,0.0,11314240242.28,0.0,0.0,0.224985158349302,693699.1535208089,-3831042.1322346022
2024-11-12,7.810544,1430848986.0,0.0,11175708583.62,0.0,0.0,0.21936691424427215,349115.5360000089,-3831042.1322346022
2024-11-13,7.814996,1430738986.0,-110000.0,11181220064.02,-859649.5599999999,-7.688334144913778e-05,0.1696064362161659,-171929.91199999105,-3874024.6102346024
2024-11-14,7.864476,1430738986.0,0.0,11252012822.75,0.0,0.0,0.21980321743670136,-171929.91199999105,-3830332.7597306026
2024-11-15,7.857132,1431568986.0,830000.0,11248026682.13,6521419.56,0.0005797834361791416,0.5944166753022099,1132354.0000000088,-3504261.7817306025
2024-11-18,7.901546,1431439615.0,-129371.0,11310586551.9,-1022230.907566,-9.037824014478553e-05,0.1573797129182611,927907.818486809,506593.825302397
2024-11-19,7.891588,1431439615.0,0.0,11296331635.8,0.0,0.0,0.21595748385041197,927907.818486809,460373.58096339705
2024-11-20,7.877942,1431120835.0,-318780.0,11274286376.3,-2511330.35076,-0.00022274849750483005,0.07160941709195313,597571.660334809,303604.885288297
2024-11-21,7.945683,1431120835.0,0.0,11371231856.56,0.0,0.0,0.2168576545127401,597571.660334809,303604.885288297
2024-11-22,8.055631,1415120835.0,-16000000.0,11399691471.97,-128890096.0,-0.011306454768264557,-5.940677148938815,-26484731.45166519,-6164669.574536103
2024-11-25,8.084415,1414990835.0,-130000.0,11439373588.85,-1050973.95,-9.187338291183952e-05,0.18324251527133875,-26490480.06015199,-6217218.2720361035
2024-11-26,8.052149,1414990835.0,0.0,11393717546.71,0.0,0.0,0.23341243894593128,-26490480.06015199,-6217218.2720361035
2024-11-27,8.067861,1404990835.0,-10000000.0,11335270196.18,-80678610.0,-0.007117484506649766,-3.435808706191238,-42123935.989999995,-10251148.772036102
2024-11-28,8.078309,1404990835.0,0.0,11349949594.22,0.0,0.0,0.252215023145425,-42123935.989999995,-10251148.772036102
2024-11-29,8.084241,1404990835.0,0.0,11358284013.12,0.0,0.0,0.23601705502469222,-16345916.789999992,-10251148.772036102
2024-12-02,8.109074,1404990835.0,0.0,11393175020.44,0.0,0.0,0.2299509065179769,-16135721.99999999,-10251148.772036102
2024-12-03,8.15468,1399990835.0,-5000000.0,11416477848.36,-40773400.00000001,-0.0035714517683627955,-1.6331272999716755,-24290401.999999993,-12375964.676416304
2024-12-04,8.131537,1399990835.0,0.0,11384077052.29,0.0,0.0,0.2430230318123959,-8154679.999999993,-12463243.560416304
2024-12-05,8.145963,1399990835.0,0.0,11404274209.69,0.0,0.0,0.2430230318123959,-8154679.999999993,-12463243.560416304
2024-12-06,8.106151,1399990835.0,0.0,11348537092.82,0.0,0.0,0.24668414218380227,-8154679.999999993,-12463243.560416304
2024-12-09,8.148563,1399990835.0,0.0,11407912882.77,0.0,0.0,0.24668414218380227,-8154679.999999993,-12463243.560416304
2024-12-10,8.07856,1399990835.0,0.0,11309910108.57,0.0,0.0,0.24575682846994684,0.0,-12463243.560416304
2024-12-11,8.099243,1399990835.0,0.0,11338865877.93,0.0,0.0,0.24575682846994684,0.0,-12420261.082416303
2024-12-12,8.060041,1399990835.0,0.0,11283983358.17,0.0,0.0,0.24052041533729865,0.0,-12420261.082416303
2024-12-13,8.048971,1391990835.0,-8000000.0,11204094474.6,-64391768.0,-0.005747163962779675,-2.674313754857788,-12878353.59999999,-15965920.460416302
2024-12-16,8.011803,1391990835.0,0.0,11152356466.22,0.0,0.0,0.25271010260208754,-12878353.59999999,-15914808.915038
2024-12-17,7.947002,1393814499.0,1823664.0,11076646992.24,14492661.455328,0.0013083978811892416,0.9115914634072628,-9979821.30893439,-15190175.842271602
2024-12-18,7.950745,1393814499.0,0.0,11081864330.15,0.0,0.0,0.2459050585927987,-9979821.30893439,-15064609.324733604
2024-12-19,7.864511,1388598923.0,-5215576.0,10920651357.35,-41017954.823336,-0.003755998930936423,-1.6301276465141454,-18183412.27360159,-17115507.065900404
2024-12-20,7.844496,1388727183.0,128260.0,10893864269.77,1006135.0569600001,9.235795784164313e-05,0.30452071142471293,-5103831.66220959,-10620695.513052404
2024-12-23,7.861437,1388727183.0,0.0,10917391317.76,0.0,0.0,0.25808206901658115,-5103831.66220959,-10568146.815552404
2024-12-24,7.895292,1388727183.0,0.0,10964406547.17,0.0,0.0,0.25808206901658115,-8002363.953275191,-10568146.815552404
2024-12-27,7.907587,1388727183.0,0.0,10981480771.29,0.0,0.0,0.2580339240516174,-8002363.953275191,-6534216.315552403
2024-12-30,7.879708,1388727183.0,0.0,10942764204.77,0.0,0.0,0.2580339240516174,201227.01139200895,-6534216.315552403
2024-12-31,7.930084,1388727183.0,0.0,11012723246.1,0.0,0.0,0.2540396037982801,0.0,-6534216.315552403
2025-01-02,8.015621,1388727183.0,0.0,11131511122.88,0.0,0.0,0.2539024805366712,0.0,-6534216.315552403
2025-01-03,7.980629,1388572257.0,-154926.0,11081679653.99,-1236406.928454,-0.00011157215937105953,0.1982976704475753,-247281.38569079107,-4557366.6619751025
2025-01-06,8.005586,1388620695.0,48438.0,11116722165.88,387774.574668,3.4882096438298796e-05,0.27172392084444763,-169726.47075719107,-4537977.933241703
2025-01-07,8.001272,1388713255.0,92560.0,11111471999.22,740597.73632,6.665163142849015e-05,0.2873958902153235,-21606.923493191065,-4500948.046425702
2025-01-08,8.006839,1388930784.0,217529.0,11120944924.59,1741719.680831,0.00015661615920602292,0.3305357069656796,326737.0126730089,-4413862.062384153
2025-01-09,8.075178,1388948680.0,17896.0,11216007888.28,144513.385488,1.2884565250618903e-05,0.2581871979051284,355639.68977060897,-4406636.393109752
2025-01-10,8.006153,1388448680.0,-500000.0,11116132055.98,-4003076.4999999995,-0.00036011415480140116,0.0718388291617074,-197694.22453859093,-4606790.218109752
2025-01-13,7.982545,1388448680.0,0.0,11083354543.5,0.0,0.0,0.2525200504657717,-275249.13947219093,-4606790.218109752
2025-01-14,7.960492,1388448680.0,0.0,11052734698.12,0.0,0.0,0.2523155018092982,-423368.686736191,-4606790.218109752
2025-01-15,8.057122,1388568680.0,120000.0,11187866950.55,966854.64,8.641992653947938e-05,0.2953070184897233,-578341.6949023909,-1338859.0861097528
2025-01-16,8.14749,1388568680.0,0.0,11313348777.14,0.0,0.0,0.2518829284438658,-607244.3719999909,-1338859.0861097528
2025-01-17,8.257506,1388568680.0,0.0,11466114597.66,0.0,0.0,0.2515395634728513,193370.92800000904,-2063492.1588761527
2025-01-20,8.272276,1388453235.0,-115445.0,11485668496.47,-954992.90282,-8.314647972936944e-05,0.20984790063641798,2372.347436009045,-2111241.8040171526
2025-01-21,8.299194,1388453235.0,0.0,11523042262.08,0.0,0.0,0.25122809766950455,2372.347436009045,-60344.06285035275
2025-01-22,8.296091,1388194119.0,-259116.0,11516584459.84,-2149649.915556,-0.00018665689667384815,0.1579853423120442,-620928.563675191,-218133.31147615277
2025-01-23,8.315753,1388194119.0,0.0,11543879727.8,0.0,0.0,0.25166345668000595,-620928.563675191,-218133.31147615277
2025-01-24,8.254613,1388194119.0,0.0,11459004597.46,0.0,0.0,0.2516175333833627,-620928.563675191,-218133.31147615277
2025-01-27,8.255891,1388434128.0,240009.0,11462760549.77,1981488.143019,0.00017286308428197592,0.33754820427096965,-33632.35450739097,-119058.90432520276
2025-01-28,8.285192,1388235165.0,-198963.0,11501794358.97,-1648446.655896,-0.00014332082494679732,0.1793478528910885,-363321.68568659096,-201481.23712000277
2025-01-29,8.308388,1388263155.0,27990.0,11534228535.22,232551.78012,2.016188420490356e-05,0.2613880858673659,113118.65344860902,-189853.64811400278
2025-01-30,8.394825,1388263155.0,0.0,11654225836.18,0.0,0.0,0.24615058772484555,113118.65344860902,-189853.64811400278
2025-01-31,8.421097,1388263155.0,0.0,11690698764.21,0.0,0.0,0.24615058772484555,113118.65344860902,-128033.30169130275
2025-02-03,8.333133,1388263155.0,0.0,11568581335.16,0.0,0.0,0.24599985054009504,-283178.975155191,-147422.03042470277
2025-02-04,8.32075,1388028420.0,-234735.0,11549438094.43,-1953171.25125,-0.0001691139634050218,0.16174907406822014,-344123.894225991,-282110.4798032028
2025-02-05,8.371655,1388012492.0,-15928.0,11619961767.39,-133343.72084,-1.1475400996086995e-05,0.2409185939389525,-417302.99441799097,-375863.64988675277
2025-02-06,8.472706,1388012492.0,0.0,11760221939.32,0.0,0.0,0.24668593337084,-417302.99441799097,-383089.31916115276
2025-02-07,8.446636,1388012492.0,0.0,11724036670.33,0.0,0.0,0.24668593337084,-417302.99441799097,-182935.49416115278
2025-02-10,8.512013,1387996570.0,-15922.0,11814644635.06,-135528.270986,-1.1471210110189803e-05,0.24198641082455266,-444408.64861519093,-189711.90771045277
2025-02-11,8.521261,1387996570.0,0.0,11827481606.87,0.0,0.0,0.24775338197342467,-53774.398365190966,-189711.90771045277
2025-02-12,8.550375,1387996570.0,0.0,11867890799.6,0.0,0.0,0.24775338197342467,-27105.654197190965,-238054.6397104528
2025-02-13,8.515782,1387969556.0,-27014.0,11819645774.5,-230045.334948,-1.9462963555498893e-05,0.2380549757537273,-73114.72118679096,-249556.90645785275
2025-02-14,8.484257,1387865617.0,-103939.0,11775009040.65,-881845.188323,-7.489125360996926e-05,0.21051773943892246,-249483.75885139097,-293649.1658740028
2025-02-17,8.518853,1388115617.0,250000.0,11825152308.78,2129713.25,0.000180100280688877,0.33789265952071884,203564.54534580902,-139413.85823300277
2025-02-18,8.517598,1388115617.0,0.0,11823411003.45,0.0,0.0,0.24736187755787725,203564.54534580902,-139413.85823300277
2025-02-19,8.464857,1387990160.0,-125457.0,11749137612.25,-1061975.564649,-9.038753308513067e-05,0.2023228834454095,-8830.567583991005,-85030.14068765278
2025-02-20,8.435399,1388214005.0,223845.0,11710139029.6,1888221.889155,0.00016124675244094848,0.32491131825840214,414822.877236609,9380.953770097218
2025-02-21,8.431952,1388557157.0,343152.0,11708247439.58,2893441.192704,0.0002471284628750376,0.3663589740902215,1169880.153442009,154053.01340529724
2025-02-24,8.431538,1388557157.0,0.0,11707672231.97,0.0,0.0,0.24215767822224135,743937.503442009,54978.60625434721
2025-02-25,8.440921,1388557157.0,0.0,11720701614.6,0.0,0.0,0.24069324632251715,743937.503442009,137400.93904914721
2025-02-26,8.502078,1388445280.0,-111877.0,11804669666.4,-951186.9804059999,-8.057717897125009e-05,0.20036374557183595,766095.2202906089,78214.00102284721
2025-02-27,8.535886,1388445280.0,0.0,11851610455.78,0.0,0.0,0.2407494219401585,388450.842459609,78214.00102284721
2025-02-28,8.588104,1388445280.0,0.0,11924111955.04,0.0,0.0,0.2407494219401585,-190237.396081191,78214.00102284721
2025-03-03,8.648096,1388445280.0,0.0,12007408492.17,0.0,0.0,0.24065082465974358,-190237.396081191,78214.00102284721
2025-03-04,8.538418,1388445280.0,0.0,11855125719.41,0.0,0.0,0.27222018509048673,-190237.396081191,175872.5635853472
2025-03-05,8.535389,1388445280.0,0.0,11850920972.48,0.0,0.0,0.2719328450807688,0.0,182539.7496273472
2025-03-06,8.491881,1388414363.0,-30917.0,11790249063.13,-262543.484877,-2.226784892085237e-05,0.2602512224490187,-52508.69697539101,169412.57538349723
2025-03-07,8.488774,1388379641.0,-34722.0,11785640767.69,-294747.210828,-2.5009010255601978e-05,0.24236444429038703,-111458.139140991,154675.2148420972
2025-03-10,8.410859,1388379641.0,0.0,11677464821.86,0.0,0.0,0.23826841561004067,-111458.139140991,161451.62839139721
2025-03-11,8.308734,1388379641.0,0.0,11535676483.24,0.0,0.0,0.23770176970325976,-111458.139140991,161451.62839139721
2025-03-12,8.352577,1389637636.0,1257995.0,11607055797.22,10507500.103115,0.0009052683373531853,0.7990816514072289,1990041.8814820088,686826.6335471472
2025-03-13,8.312378,1390304636.0,667000.0,11556737262.04,5544356.126,0.0004797509885607028,0.5296398520451988,3151421.803657409,975546.7065945473
2025-03-14,8.399847,1390832057.0,527421.0,11682777004.47,4430255.7045869995,0.0003792125539066542,0.46446743810876384,4096422.386740409,1241151.7512400472
2025-03-17,8.446292,1391563025.0,730968.0,11753547643.57,6173969.170655999,0.0005252855867763114,0.5524256289967474,5331216.220871609,1443364.547272847
2025-03-18,8.470494,1391563025.0,0.0,11787226512.14,0.0,0.0,0.22450165186762142,5331216.220871609,1443364.5472728473
2025-03-19,8.472025,1391563025.0,0.0,11789356558.68,0.0,0.0,0.2062358417839085,3229716.200248609,1496463.3255052972
2025-03-20,8.468597,1391563025.0,0.0,11784586777.86,0.0,0.0,0.19698522869348714,2120844.9750486086,1402052.231047547
2025-03-21,8.41521,1391533553.0,-29472.0,11710047288.32,-248013.06912,-2.1179510467679894e-05,0.1761587658034481,1185191.2203072088,1244979.517956347
2025-03-24,8.406378,1391304510.0,-229043.0,11695831024.07,-1925422.036254,-0.00016462464550757314,0.08318632013644851,-434687.0210747911,1148708.416143647
2025-03-25,8.431449,1391679510.0,375000.0,11733874424.28,3161793.3750000005,0.00026945860000491786,0.3637038206509881,197671.65392520902,1306798.084893647
2025-03-26,8.456562,1391601095.0,-78415.0,11768160474.93,-663121.30923,-5.634876501239625e-05,0.15139154961774645,65047.39207920902,1321201.368452447
2025-03-27,8.445243,1391535300.0,-65795.0,11751853831.12,-555654.7631849999,-4.728230721467744e-05,0.1575443024166853,-46083.56055779096,1293418.6302931972
2025-03-28,8.438186,1391535300.0,0.0,11742033025.97,0.0,0.0,0.18751354933444567,3519.053266209038,1293418.6302931972
2025-03-31,8.364135,1391535300.0,0.0,11638989601.42,0.0,0.0,0.18751354933444567,388603.460517009,1293418.6302931972
2025-04-01,8.414791,1391535300.0,0.0,11709478965.06,0.0,0.0,0.18751354933444567,-243755.21448299108,1293418.6302931972
2025-04-02,8.388889,1391535300.0,0.0,11673435596.64,0.0,0.0,0.18731099628060136,-111130.95263699107,1293418.6302931972
2025-04-03,8.261252,1391535300.0,0.0,11495823116.8,0.0,0.0,0.18731099628060136,0.0,1306545.8045370472
2025-04-04,7.852897,1391535300.0,0.0,10927582711.25,0.0,0.0,0.18731099628060136,0.0,1321283.1650784472
2025-04-07,7.508837,1391436437.0,-98863.0,10448069602.89,-742346.152331,-7.105103435812319e-05,0.14155278807196614,-148469.23046619107,1284165.8574618972
2025-04-08,7.711956,1391692350.0,255913.0,10732670499.1,1973589.795828,0.00018388618154200275,0.30566549709231733,246248.72869940894,1382845.3472532972
2025-04-09,7.486866,1392563403.0,871053.0,10425936231.24,6521457.0898980005,0.0006255032589166696,0.5882871745929804,1550540.146679009,1183543.196592447
2025-04-10,7.726913,1392582162.0,18759.0,10760361824.07,144949.160967,1.3470658639262599e-05,0.16746846092861506,1579529.9788724089,913572.848340797
2025-04-11,7.776231,1392555054.0,-27108.0,10828830363.93,-210798.069948,-1.946637474811242e-05,0.14473560648636996,1537370.3648828089,681520.1596140473
2025-04-14,7.941827,1392466168.0,-88886.0,11058725676.43,-705917.234722,-6.383350626253039e-05,0.1140083513397081,1544656.148404609,337525.83934514725
2025-04-15,8.054025,1392466168.0,0.0,11214957864.8,0.0,0.0,0.15924463354057816,1149938.189239009,337525.83934514725
2025-04-16,8.079743,1394074661.0,1608493.0,11263764672.89,12996210.057299001,0.0011538069583945328,0.9666297186753942,2444888.782719209,987336.3422100972
2025-04-17,8.087345,1398623380.0,4548719.0,11311149174.76,36787059.861054994,0.0032522831493675833,2.3706192699697834,9773310.922736809,2826689.335262847
2025-04-22,8.138553,1397521820.0,-1101560.0,11373804916.22,-8965104.44268,-0.000788223862525988,-0.4085391101233515,8022449.648190407,2390834.7665848467
2025-04-23,8.211555,1399869352.0,2347532.0,11495103726.67,19276888.132260002,0.0016769651314703096,1.2706102786053588,12019010.721586807,3450950.275010547
2025-04-24,8.22173,1409669352.0,9800000.0,11589921002.14,80572954.00000001,0.006951984744772874,4.42018289336948,28133601.521586813,7321508.306260547
2025-04-25,8.229327,1409644140.0,-25212.0,11600422889.04,-207477.79232399998,-1.7885364551668504e-05,0.06576579090058507,25492863.951662205,7344290.482105848
2025-04-28,8.231613,1411514019.0,1869879.0,11619037001.76,15392120.284827,0.0013247328743763763,0.8946641618064002,21213876.036416613,8141679.234506448
2025-04-29,8.276712,1410977323.0,-536696.0,11678252885.65,-4442078.223552,-0.0003803718130654916,-0.16427470572476227,22118481.280242212,7919575.323328848
2025-04-30,8.306851,1410737658.0,-239665.0,11718787154.17,-1990861.444915,-0.00016988630467672364,-0.03153825008423409,17864931.36480721,7820032.2510830965
2025-05-01,8.311722,1410716616.0,-21042.0,11725484972.2,-174895.25432399998,-1.4915822649439221e-05,0.06504451869484701,1715361.513942406,7811287.488366897
2025-05-02,8.409067,1411916616.0,1200000.0,11872900893.35,10090880.4,0.0008499085851589894,0.5982948860886537,3775033.1524072057,8315831.508366898
2025-05-06,8.409959,1411985779.0,69163.0,11874742880.08,581657.994317,4.898278642249485e-05,0.10001978284510223,812940.694305206,8344914.408082748
2025-05-07,8.372635,1411806455.0,-179324.0,11820539624.59,-1501414.39874,-0.00012701741599145287,-0.008757547880973975,1401073.459267606,8269843.688145747
2025-05-08,8.354335,1411817121.0,10666.0,11794793885.12,89107.33711000001,7.554802396540007e-06,0.07448078275569499,1817067.215672606,8311416.362617796
2025-05-09,8.376845,1411817121.0,0.0,11826572565.71,0.0,0.0,0.06978328177588294,1852046.266537406,8212736.872826397
2025-05-12,8.425941,1411914524.0,97403.0,11896708242.57,820711.9312229999,6.898647209706681e-05,0.11540918278965183,-1987.4272179940715,7927699.614892647
2025-05-13,8.424057,1411921321.0,6797.0,11894105305.89,57258.315428999995,4.814007775821986e-06,0.07498298938065735,-106867.36299559409,7923315.072615747
2025-05-14,8.406251,1411875759.0,-45562.0,11868581506.52,-383005.60806199996,-3.22705462191582e-05,0.052075774422987955,116814.39514000594,7914704.695710048
2025-05-15,8.475318,1411897986.0,22227.0,11966284464.23,188380.893186,1.57426387237504e-05,0.08071392508154196,136669.10635520593,7959419.602105448
2025-05-16,8.525262,1411873822.0,-24164.0,12036594098.65,-206004.430968,-1.7114844056351877e-05,0.060358108564618734,95468.22016160595,7949119.380557048
2025-05-19,8.539021,1411854844.0,-18978.0,12055857502.57,-162053.540538,-1.3441892499430616e-05,0.005324128518842918,-101084.87419059404,7291206.200665198
2025-05-20,8.619427,1411527193.0,-327651.0,12166555357.71,-2824163.8759769998,-0.00023212518193880692,-0.17100989932176136,-677369.312471794,5310645.013813598
2025-05-21,8.624576,1411349608.0,-177585.0,12172291953.55,-1531595.3289599998,-0.0001258263714676443,-0.08398374060382406,-907087.2566513938,5682320.469499597
2025-05-22,8.581723,1411310544.0,-39064.0,12111475597.84,-335236.427272,-2.7679238963399897e-05,-0.061667950718814105,-1011810.720742994,4701714.241522998
2025-05-23,8.560673,1411204524.0,-106020.0,12080860178.13,-907602.55146,-7.512731196931112e-05,-0.10640533997168017,-1152130.344841394,627686.413949997
2025-05-27,8.619697,1409803138.0,-1401386.0,12152075195.43,-12079522.700042,-0.0009940296209313053,-0.9726154878874192,-3535624.1767421938,34084.168564097025
2025-05-28,8.568641,1409749174.0,-53964.0,12079634353.87,-462398.142924,-3.82791506247753e-05,-0.06272215837471169,-3063271.0301315943,-758641.7528234529
2025-05-29,8.569288,1409724501.0,-24673.0,12080334557.54,-211430.042824,-1.7502002267978156e-05,-0.0749559909523464,-2799237.972904394,-547109.3437870529
2025-05-30,8.624102,1409671464.0,-53037.0,12157150137.03,-457396.49777400005,-3.762366118855404e-05,-0.09481766476629823,-2823669.987004794,-470436.096430003
2025-06-02,8.626019,1409702439.0,30975.0,12160119411.96,267190.938525,2.1972723249921893e-05,-0.03523865609495491,-2588711.289007794,-448331.78678755293
2025-06-03,8.638501,1409215354.0,-487085.0,12173507652.74,-4207684.259585,-0.00034564271692374043,-0.40072876765724774,-1014343.600916394,-1163260.0197668031
2025-06-04,8.652446,1409278419.0,63065.0,12193705579.62,545666.5069899999,4.474985093145121e-05,-0.009876743004489963,-812730.6709335942,-1165059.594133153
2025-06-05,8.665239,1409250764.0,-27655.0,12211494916.23,-239637.184545,-1.9623902412349536e-05,-0.0742240075590855,-818372.099277794,-1101970.733423403
2025-06-06,8.69164,1409250764.0,0.0,12248700886.32,0.0,0.0,-0.05455818973380336,-726892.799722994,-1106426.100278903
2025-06-09,8.68608,1409250764.0,0.0,12240864203.55,0.0,0.0,-0.05455818973380336,-780330.987427994,-1106426.100278903
2025-06-10,8.706788,1409250764.0,0.0,12270047958.58,0.0,0.0,-0.12139728441764065,61205.86448900586,-1147461.696840053
2025-06-11,8.717725,1409650764.0,400000.0,12288947048.13,3487090.0,0.0002837582411530228,0.21238529757836916,649490.5630910059,-975970.112611503
2025-06-12,8.621756,1419752337.0,10101573.0,12240758081.01,87093297.622188,0.0071150248249168754,6.610256852710588,18116077.524437606,3397845.0489009977
2025-06-13,8.58846,1421752337.0,2000000.0,12210663063.15,17176920.0,0.0014067147632496257,1.1723873382395262,21551461.524437606,4247272.0042416975
2025-06-16,8.612368,1421713970.0,-38367.0,12244324190.62,-330430.723056,-2.6986440240542865e-05,-0.22374006670839436,21485375.379826404,4241050.689637298
2025-06-17,8.572478,1421522516.0,-191454.0,12185971152.15,-1641235.203012,-0.000134682347637302,-0.3298189005489893,21157128.339224007,4167091.606513598
2025-06-18,8.581719,1420983006.0,-539510.0,12194476854.6,-4629923.217689999,-0.00037967378780529644,-0.5717853687995506,19533725.695686005,4076803.6394279473
2025-06-19,8.536903,1420928411.0,-54595.0,12130327740.02,-466072.21928500006,-3.842206321823846e-05,-0.22943049033176757,2021851.7273914062,4130079.7949116975
2025-06-20,8.520227,1421003613.0,75202.0,12107273517.29,640738.110854,5.292175070952042e-05,-0.1383398264448212,-1285384.650437794,4178878.521817998
2025-06-23,8.503634,1421105814.0,102201.0,12084564419.0,869079.898434,7.191652659549615e-05,-0.11991423608852711,-1045482.5261397939,4267712.644312697
2025-06-24,8.504487,1421062638.0,-43176.0,12085409383.41,-367189.730712,-3.0382895528226974e-05,-0.22218812860600443,-790673.4316797939,4853329.292779198
2025-06-25,8.465375,1422662638.0,1600000.0,12043372286.6,13544600.0,0.0011246517734131937,0.9228973007422919,2844231.2118582064,5553679.199925398
2025-06-26,8.487009,1425262638.0,2600000.0,12096216928.82,22066223.400000002,0.001824225171377824,1.5889237427779488,7350690.335715207,6667561.872066597
2025-06-27,8.548428,1425262638.0,0.0,12183755071.74,0.0,0.0,-0.2140057735673387,7222542.713544408,6690431.696955298
2025-06-30,8.511681,1425262638.0,0.0,12131380679.59,0.0,0.0,-0.21343540583845655,7048726.7338576075,6677072.150029048
2025-07-01,8.535344,1425262638.0,0.0,12165107446.06,0.0,0.0,-0.21210814305423478,7122164.680000007,6887456.363008298
2025-07-02,8.525064,1425227996.0,-34642.0,12150159613.15,-295325.267088,-2.4306287035799294e-05,-0.2358045693406563,4354179.626582406,6845406.774304399
2025-07-03,8.572881,1425213241.0,-14755.0,12218183551.54,-126492.85915500001,-1.0352836706161338e-05,-0.22515647603346617,-84363.62524859331,6851063.990573898
2025-07-04,8.572622,1424994869.0,-218372.0,12215942632.62,-1872020.6113840002,-0.00015324405718680921,-0.36511111066365215,-458767.7475253933,6757462.960004698
2025-07-07,8.556642,1424994869.0,0.0,12193170356.95,0.0,0.0,-0.21357290787205105,-458767.7475253933,6757462.960004698
2025-07-08,8.6029,1424994869.0,0.0,12259087795.7,0.0,0.0,-0.21283470198509863,-458767.7475253933,6757462.960004698
2025-07-09,8.61542,1424797125.0,-197744.0,12275226260.08,-1703647.6124800001,-0.00013878747131695616,-0.3488039389559673,-740432.2166037934,6497926.079380698
2025-07-10,8.721279,1424782124.0,-15001.0,12425922426.3,-130827.90627899999,-1.0528627315594463e-05,-0.22193847321550758,-741299.2260285933,2136719.802957348
2025-07-11,8.687673,1424839189.0,57065.0,12378536448.78,495762.05974500004,4.005013531255233e-05,-0.1730020444850932,-267742.6918027933,1302661.905944598
2025-07-14,8.742995,1425045908.0,206719.0,12459168627.58,1807343.183405,0.00014506129882568643,-0.07039044730704212,93725.94487820673,1409550.601267648
2025-07-15,8.684981,1424946602.0,-99306.0,12375634163.22,-862470.723186,-6.969103254112312e-05,-0.28379828704172666,-78768.19975899327,1448488.8252589481
2025-07-16,8.673613,1424946602.0,0.0,12359435012.59,0.0,0.0,-0.21486402011838998,261961.32273700676,1679984.9861434482
2025-07-17,8.718297,1424917869.0,-28733.0,12422857442.24,-250502.827701,-2.0164670557133202e-05,-0.23463467219007716,238026.33845260675,1690763.455722648
2025-07-18,8.737003,1424900414.0,-17455.0,12449359611.06,-152504.387365,-1.2249978483191637e-05,-0.2252338146708453,108373.04903060675,1651101.330811698
2025-07-21,8.75718,1424940358.0,39944.0,12478459359.13,349796.79792,2.8032050099523493e-05,-0.18688312160111076,-183136.22806639323,1625137.1757859979
2025-07-22,8.767679,1424868779.0,-71579.0,12492791524.0,-627581.695141,-5.023550532603925e-05,-0.26369598968453545,-136158.42245739326,1612117.577564548
2025-07-23,8.804329,1424868779.0,0.0,12545013717.93,0.0,0.0,-0.2140056313484529,-136158.42245739326,934887.577564548
2025-07-24,8.880935,1424868779.0,0.0,12654167118.13,0.0,0.0,-0.2140056313484529,-86057.85691719325,-168423.59243545207
2025-07-25,8.863374,1424868779.0,0.0,12629145412.65,0.0,0.0,-0.2140056313484529,-55556.97944419326,-168423.59243545207
2025-07-28,8.825522,1424652189.0,-216590.0,12573299361.78,-1911519.80998,-0.00015203008812393268,-0.364546040767861,-507820.30102419324,-263999.58293445205
2025-07-29,8.878949,1424670739.0,18550.0,12649578527.67,164704.50395,1.3020552707722342e-05,-0.2014885428155328,-349363.06120599323,-255764.35773695205
2025-07-30,8.879415,1424670739.0,0.0,12650243090.33,0.0,0.0,-0.21436904077332897,-349363.06120599323,-240998.09438255205
2025-07-31,8.878339,1424670739.0,0.0,12648709752.18,0.0,0.0,-0.21436904077332897,-349363.06120599323,-234673.45142480204
2025-08-01,8.815929,1424599802.0,-70937.0,12559171210.03,-625375.555473,-4.9794333162172585e-05,-0.2632913312933533,-474438.17230059317,-172341.19862925206
2025-08-04,8.873908,1424599802.0,0.0,12641768280.4,0.0,0.0,-0.21403644438899616,-92134.21030459325,-172341.19862925206
2025-08-05,8.887891,1424883520.0,283718.0,12664208753.79,2521654.658738,0.00019911663711191967,-0.018721870544425222,379255.8206530067,-46258.46569235206
2025-08-06,8.908843,1424883520.0,0.0,12694062940.26,0.0,0.0,-0.2158876695721918,379255.8206530067,38923.914931647945
2025-08-07,8.865386,1424883520.0,0.0,12632142571.07,0.0,0.0,-0.2165392916933005,379255.8206530067,45465.310245597946
2025-08-08,8.860445,1425143296.0,259776.0,12627404304.54,2301730.96032,0.0001822806100769614,-0.03618165611726788,964677.1238116067,135763.75527434793
2025-08-11,8.893542,1425143296.0,0.0,12674571826.91,0.0,0.0,-0.21655741748188567,964677.1238116067,45396.59610409794
2025-08-12,8.911211,1425143296.0,0.0,12699752404.66,0.0,0.0,-0.2173455236764895,460346.1920640067,88520.13226339794
2025-08-13,8.928131,1424840436.0,-302860.0,12721162277.54,-2703973.75466,-0.0002125571308396901,-0.4243216343431823,-80448.5588679933,-46678.55546960207
2025-08-14,8.969158,1424840436.0,0.0,12779618901.62,0.0,0.0,-0.21202561866917546,-80448.5588679933,-34153.41408455207
2025-08-15,8.931759,1424840436.0,0.0,12726331058.95,0.0,0.0,-0.21202561866917546,-540794.7509319934,-26528.194716302067
2025-08-18,8.950058,1424624146.0,-216290.0,12750469123.6,-1935808.04482,-0.00015182249578856585,-0.36076914241613783,-927956.3598959934,-140808.43685330206
2025-08-19,8.981005,1424624146.0,0.0,12794557098.98,0.0,0.0,-0.2113976724424867,-927956.3598959934,-109429.35209625206
2025-08-20,9.077734,1424624146.0,0.0,12932359757.68,0.0,0.0,-0.2113976724424867,-387161.60896399326,-109429.35209625206
2025-08-21,9.102293,1424495881.0,-128265.0,12966179018.32,-1167505.6116449998,-9.004237948553875e-05,-0.299616959490945,-620662.7312929932,-167804.63267850206
2025-08-22,9.114135,1424495881.0,0.0,12983047811.34,0.0,0.0,-0.2106155963261547,-620662.7312929932,-167804.63267850206
2025-08-26,9.059543,1424495881.0,0.0,12905281331.06,0.0,0.0,-0.2106155963261547,-233501.12232899325,-72228.64217950206
2025-08-27,9.049592,1424331364.0,-164517.0,12889617572.21,-1488811.727064,-0.00011550472453689211,-0.3237505214304769,-531263.4677417933,-154904.45373020205
2025-08-28,9.015857,1424331364.0,0.0,12841567364.35,0.0,0.0,-0.20980238832848916,-531263.4677417933,-154904.45373020205
2025-08-29,8.98706,1424331364.0,0.0,12800551841.78,0.0,0.0,-0.21001803767260474,-297762.3454127933,-154904.45373020205
2025-09-01,8.995553,1424331364.0,0.0,12812647564.4,0.0,0.0,-0.21001803767260474,-297762.3454127933,-123635.67595655206
2025-09-02,8.91809,1424331364.0,0.0,12702314837.76,0.0,0.0,-0.21001803767260474,-297762.3454127933,-123635.67595655206
2025-09-03,8.977788,1424331364.0,0.0,12787344337.77,0.0,0.0,-0.20293068418405663,0.0,-249718.40889345203
2025-09-04,9.017755,1424380364.0,49000.0,12844713260.71,441869.99499999994,3.440092324611187e-05,-0.16522979284145134,88373.99900000669,-227624.909143452
2025-09-05,9.009039,1424480654.0,100290.0,12833202170.97,903516.52131,7.040460434371132e-05,-0.12703636593949144,269077.30326200667,-182449.08307795203
2025-09-08,9.022082,1424266550.0,-214104.0,12849848894.63,-1931663.8445279999,-0.00015032580230069862,-0.3400398411439411,-117255.4656435933,-394118.82332035206
2025-09-09,9.042557,1424266550.0,0.0,12879011262.97,0.0,0.0,-0.19117529603763847,-117255.4656435933,-394118.823320352
2025-09-10,9.025747,1424266550.0,0.0,12855070123.6,0.0,0.0,-0.19117529603763847,-117255.4656435933,-394118.823320352
2025-09-11,9.022952,1430023350.0,5756800.0,12903032191.75,51943330.0736,0.004025668486420717,3.555477946469402,10183036.550076406,2338246.3680926478
2025-09-12,9.009128,1429757376.0,-265974.0,12880867524.68,-2396193.810672,-0.0001860273623714276,-0.3847299603217326,9523094.483680006,2218436.677559048
2025-09-15,9.002896,1429407711.0,-349665.0,12868808713.45,-3147997.62984,-0.00024462230342656583,-0.4388114310992764,9279827.726617608,2061036.7960670479
2025-09-16,8.923845,1429216371.0,-191340.0,12754106040.83,-1707488.5023,-0.00013387755259629955,-0.3319389106951468,8938330.026157606,2072452.7731930478
2025-09-17,8.93614,1428759463.0,-456908.0,12767595149.69,-4082993.85512,-0.000319793493390894,-0.5032911909089561,8121731.255133608,1868303.080437048
2025-09-18,8.956203,1428609538.0,-149925.0,12794917536.8,-1342758.734775,-0.00010494469627592638,-0.3021135699889854,-2535486.5065413928,1801165.1436982981
2025-09-19,8.945165,1428414769.0,-194769.0,12777405922.16,-1742240.8418849998,-0.00013635325139537218,-0.3302930485254225,-2404695.9127839925,1772428.382186298
2025-09-22,8.954349,1428403696.0,-11073.0,12790425746.43,-99151.506477,-7.752009858207783e-06,-0.21015247778751367,-1794926.6881113923,1767470.806862448
2025-09-23,8.951132,1428403696.0,0.0,12785830472.67,0.0,0.0,-0.2029143584301721,-1453428.9876513924,1767470.806862448
2025-09-24,8.977487,1428391068.0,-12628.0,12823362100.74,-113367.705836,-8.840716260321297e-06,-0.21109719246790348,-659503.7577945925,1836243.0079238478
2025-09-25,8.943451,1428678045.0,286977.0,12777311479.67,2566564.737627,0.00020086891845054144,-0.016858123932311467,122360.9366858075,1964571.2448051977
2025-09-26,9.012034,1428678045.0,0.0,12875294901.73,0.0,0.0,-0.20444097423409813,470809.10506280744,1964571.2448051977
2025-09-29,9.026586,1428678045.0,0.0,12896084741.74,0.0,0.0,-0.20502110000062929,490639.40635820746,1964571.2448051977
2025-09-30,9.075623,1428666964.0,-11081.0,12966042640.21,-100566.978463,-7.756181377278829e-06,-0.21073496487702134,470526.01066560746,1959542.8958820482
2025-10-01,9.168765,1428666964.0,0.0,13099112351.43,0.0,0.0,-0.19871343164721958,493199.5518328074,1959542.8958820482
2025-10-02,9.156062,1428638734.0,-28230.0,13080704933.48,-258475.63026,-1.9760068862835743e-05,-0.21690370749560495,-71808.52174459255,1924525.6146190478
2025-10-03,9.217638,1428638734.0,0.0,13168674391.88,0.0,0.0,-0.19860213349107028,-71808.52174459255,1879349.7885535478
2025-10-06,9.205899,1428842253.0,203519.0,13153777767.81,1873575.358581,0.00014243629409385527,-0.06716061006237252,302906.5499716074,2069611.748708998
2025-10-07,9.210156,1428842253.0,0.0,13159859416.97,0.0,0.0,-0.20026072147320298,323019.9456642074,2069611.748708998
2025-10-08,9.273627,1428842253.0,0.0,13250550630.43,0.0,0.0,-0.19187367026472466,323019.9456642074,2069611.748708998
2025-10-09,9.237736,1428911453.0,69200.0,13199906766.13,639251.3312,4.842847321014967e-05,-0.12587356966475186,502565.33795620746,-495592.1884110022
2025-10-10,9.158098,1428839146.0,-72307.0,13085449368.5,-662194.592086,-5.060541471965575e-05,-0.2288625900741951,370126.4195390074,-408892.2274817022
2025-10-13,9.173033,1428839146.0,0.0,13106788983.03,0.0,0.0,-0.16739049796728886,-4588.652177192596,-251492.34598970218
2025-10-14,9.182599,1428839146.0,0.0,13120456356.93,0.0,0.0,-0.13987644728342366,-4588.652177192596,-166117.9208747022
2025-10-15,9.155499,1428839146.0,0.0,13081735614.1,0.0,0.0,-0.1400661673119275,-4588.652177192596,38031.77188129778
2025-10-16,9.171559,1428839146.0,0.0,13104681990.73,0.0,0.0,-0.12753833861613814,-132438.9184171926,105169.70862004778
2025-10-17,9.092361,1428839146.0,0.0,12991521448.64,0.0,0.0,-0.1317230562786836,0.0,192281.75071429778
2025-10-20,9.139996,1428839146.0,0.0,13059583546.23,0.0,0.0,-0.1335649842555913,0.0,197239.32603814776
2025-10-21,9.162713,1431403698.0,2564552.0,13115541041.15,23498253.949576,0.0017916343577325745,2.0682044337140377,4699650.789915208,1372152.0235169479
2025-10-22,9.248231,1431929038.0,525340.0,13242810521.78,4858465.67354,0.0003668757221550098,0.31033597137628083,5671343.924623208,1620743.6924857479
2025-10-23,9.31161,1431901942.0,-27096.0,13333312223.74,-252307.38456,-1.8923083801395275e-05,-0.1680115931775941,5620882.447711208,1479800.0863763976
2025-10-24,9.376667,1431926166.0,24224.0,13426694923.66,227140.381408,1.6917073240991126e-05,-0.1250405022260356,5666310.523992808,1491157.1054467976
2025-10-27,9.384585,1431926166.0,0.0,13438032648.21,0.0,0.0,-0.1459723027551535,5666310.523992808,1491157.1054467976
2025-10-28,9.426406,1431915126.0,-11040.0,13497813404.81,-104067.52224,-7.709954132490462e-06,-0.15546655509259671,945846.2296296075,1490982.0782579477
2025-10-29,9.484096,1431894721.0,-20405.0,13580226609.11,-193522.97887999998,-1.425034975117273e-05,-0.16271251348662435,-64551.50085439255,1481305.929313948
2025-10-30,9.488206,1431852107.0,-42614.0,13585708144.15,-404330.410484,-2.9761452711473454e-05,-0.18160722575931343,-94956.10603919256,1474013.1903027478
2025-10-31,9.446625,1431852107.0,0.0,13526170301.9,0.0,0.0,-0.1449909937991705,-140384.18232079255,1474013.1903027478
2025-11-03,9.431142,1431852107.0,0.0,13504000087.76,0.0,0.0,-0.1448248573940186,-140384.18232079255,1380334.4223736976
2025-11-04,9.444378,1431852107.0,0.0,13522951956.73,0.0,0.0,-0.14500600401992475,-119570.67787279254,1380334.4223736976
2025-11-05,9.504804,1431852107.0,0.0,13609473895.34,0.0,0.0,-0.14514823937243684,-80866.08209679255,1380334.4223736976
2025-11-06,9.473552,1431852107.0,0.0,13564725731.72,0.0,0.0,-0.14765452041587743,0.0,1348371.8558136977
2025-11-07,9.421723,1431852107.0,0.0,13490513527.07,0.0,0.0,-0.14900200931683197,0.0,1381481.5854179978
2025-11-10,9.52362,1431852107.0,0.0,13636415967.95,0.0,0.0,-0.14929593924319945,0.0,1381481.5854179978
2025-11-11,9.632972,1431852107.0,0.0,13792991260.52,0.0,0.0,-0.15009740993127016,0.0,1381481.5854179978
2025-11-12,9.644383,1431768473.0,-83634.0,13808522940.73,-806598.3278219999,-5.841307801595747e-05,-0.23428464667423246,-161319.66556439252,1341151.6690268978
2025-11-13,9.557774,1431768473.0,0.0,13684518950.42,0.0,0.0,-0.16148332940523177,-161319.66556439252,1341151.6690268978
2025-11-14,9.451315,1432066253.0,297780.0,13534908794.45,2814412.5807,0.00020793731405519716,0.0968136399539233,401562.85057560744,1481872.2980618977
2025-11-17,9.428927,1432134600.0,68347.0,13503492425.29,644438.873669,4.772386678738482e-05,-0.10493523043301188,530450.6253094075,1514094.2417453479
2025-11-18,9.308799,1432134600.0,0.0,13331452490.2,0.0,0.0,-0.1645346901788651,530450.6253094075,339181.5442665478
2025-11-19,9.265299,1432134600.0,0.0,13269155562.71,0.0,0.0,-0.16838088220283345,691770.2908738074,96258.26058954776
2025-11-20,9.290116,1431987027.0,-147573.0,13303326042.15,-1370970.288468,-0.00010305470106680423,-0.29612324220637887,417576.2331802074,40325.11539414777
2025-11-21,9.301609,1431975894.0,-11133.0,13319680359.19,-103554.81299699999,-7.774571926987097e-06,-0.17666710304560793,-166017.24555919255,23790.355673897757
2025-11-24,9.297225,1431948635.0,-27259.0,13313148170.11,-253433.05627499998,-1.9036298029341767e-05,-0.19059584387877296,-345591.6315479926,11118.70286014776
2025-11-25,9.369589,1432689782.0,741147.0,13423714394.89,6944242.7785829995,0.0005173115707249003,0.47674062381407156,1043256.9241686072,363534.2179012977
2025-11-26,9.449391,1433000779.0,310997.0,13540984851.26,2938732.252827,0.00021702500114336576,0.0979211130306277,1631003.3747340073,520146.9794866478
2025-11-27,9.456149,1433000779.0,0.0,13550668961.02,0.0,0.0,-0.17128878673597223,1905197.432427607,540363.5000108477
2025-11-28,9.482165,1433198723.0,197944.0,13589826616.67,1876937.66876,0.00013811343747812419,0.12632422630955648,2301295.928779007,634210.3834488478
2025-12-01,9.464647,1433198723.0,0.0,13564719988.14,0.0,0.0,-0.14620156142739743,2351982.5400340073,634210.3834488478
2025-12-02,9.463963,1433352013.0,153290.0,13565190482.38,1450730.88827,0.00010694511736892843,0.08572322264282482,1253280.1619714072,706746.9278623478
2025-12-03,9.45425,1433352013.0,0.0,13551268315.07,0.0,0.0,-0.15124081042178242,665533.7114060072,706746.9278623478
2025-12-04,9.474363,1433601755.0,249742.0,13582462949.92,2366146.364346,0.0001742059870194556,0.22159132404292928,1138762.9842752074,825054.2460796477
2025-12-05,9.431607,1433699821.0,98066.0,13522092755.62,924919.972062,6.840065282628595e-05,-0.01334743354290898,948359.4449356074,871300.2446827476
2025-12-08,9.410169,1434525174.0,825353.0,13499123748.9,7766711.214657,0.0005753492863038524,1.0881229024856032,2501701.687867007,1259635.8054155977
2025-12-09,9.407248,1434550274.0,25100.0,13495170102.03,236121.92479999998,1.7496772772392216e-05,-0.13336967210802658,2258779.895173007,1271441.9016555978
2025-12-10,9.420369,1434550274.0,0.0,13513992888.28,0.0,0.0,-0.17228441821482526,2258779.895173007,1311771.8180466979
2025-12-11,9.413993,1436122074.0,1571800.0,13519643740.5,14796914.1974,0.0010944751564032531,2.2296341478578485,4744933.461783807,2051617.5279166978
2025-12-12,9.361676,1436122074.0,0.0,13444509281.0,0.0,0.0,-0.1480936715656833,4559949.467371407,1910896.8988816976
2025-12-15,9.460951,1436098474.0,-23600.0,13586857445.02,-223278.4436,-1.6433413282174267e-05,-0.18629410412528885,2961951.5357200066,1867511.0330182477
2025-12-16,9.396183,1436128425.0,29951.0,13494126083.52,281425.077033,2.085537627936474e-05,-0.09927989540996739,2971012.166166607,1881582.2868698977
2025-12-17,9.483036,1436128425.0,0.0,13618857202.4,0.0,0.0,-0.14817957286295966,2971012.166166607,1881582.2868698977
2025-12-18,9.545329,1436161774.0,33349.0,13708636385.86,318327.176821,2.322092204220573e-05,-0.09467532739000158,75294.76205080708,1966047.1601343479
2025-12-19,9.60326,1436206876.0,45102.0,13792267731.81,433126.23252,3.140355458160466e-05,-0.07631062607679201,161920.00855480708,1992881.2124101978
2025-12-22,9.572287,1436133164.0,-73712.0,13747078523.17,-705592.4193439999,-5.13267177571409e-05,-0.272541683707299,65457.21340600711,1970273.244256748
2025-12-23,9.594996,1436133164.0,0.0,13779691769.69,0.0,0.0,-0.15207186095337527,9172.197999407106,1623061.1053275978
2025-12-24,9.576927,1436021657.0,-111507.0,13752674793.8,-1067894.398989,-7.764994192042042e-05,-0.3326830923992705,-204406.68179839285,1422729.7727367978
2025-12-29,9.57852,1436001657.0,-20000.0,13754769961.3,-191570.4,-1.3927561168888802e-05,-0.1857673419628081,-306386.19716259284,1413151.2527367978
2025-12-30,9.650556,1436001657.0,0.0,13858214705.73,0.0,0.0,-0.1532745002438914,-393011.4436665928,1319304.3692987976
2025-12-31,9.641339,1436001657.0,0.0,13844978408.71,0.0,0.0,-0.1524780162830563,-251892.9597977929,1319304.3692987976
2026-01-02,9.660809,1436001657.0,0.0,13872937055.36,0.0,0.0,-0.14964784115092236,-251892.9597977929,1246767.8248852978
2026-01-05,9.712672,1436089968.0,88311.0,13948270527.32,857735.7769919999,6.149405944715384e-05,-0.0078194264875042,133233.07539840706,1289654.6137348977
2026-01-06,9.827269,1436089968.0,0.0,14112843101.89,0.0,0.0,-0.15227818816565,171547.15539840708,1171347.2955175978
2026-01-07,9.754894,1436089968.0,0.0,14008904974.26,0.0,0.0,-0.15268364388254296,171547.15539840708,1125101.2969144979
2026-01-08,9.752965,1436089968.0,0.0,14006134698.59,0.0,0.0,-0.15292965304189413,171547.15539840708,736765.7361816477
2026-01-09,9.830535,1436089968.0,0.0,14117532971.08,0.0,0.0,-0.15237073412717647,171547.15539840708,724959.6399416478
2026-01-12,9.846086,1436089968.0,0.0,14139864650.16,0.0,0.0,-0.1533864332381947,0.0,724959.6399416478
2026-01-13,9.842806,1436062538.0,-27430.0,14134884303.8,-269988.16858,-1.910084035901283e-05,-0.1978814634514438,-53997.633715992924,-28385.47835735222
2026-01-14,9.888307,1436062538.0,0.0,14200227716.78,0.0,0.0,-0.1530022799833645,-53997.633715992924,-28385.47835735222
2026-01-15,9.943888,1436062538.0,0.0,14280044409.73,0.0,0.0,-0.1530022799833645,-53997.633715992924,-17221.556177352228
2026-01-16,9.940241,1436062538.0,0.0,14274808132.81,0.0,0.0,-0.15613521236449188,-53997.633715992924,-31292.810029002227
2026-01-19,9.901414,1436062538.0,0.0,14219050264.6,0.0,0.0,-0.1558743718775799,-53997.633715992924,-31292.810029002227
2026-01-20,9.834801,1436092016.0,29478.0,14123678729.94,289910.263878,2.0526540529659274e-05,-0.10800690454008095,57982.05277560708,-32713.65567615223
2026-01-21,9.845863,1436752169.0,660153.0,14146064539.31,6499775.997039,0.0004594759184773264,0.9122510620304143,1357937.252183407,270618.8325497977
2026-01-22,9.857504,1436641431.0,-110738.0,14161698221.45,-1091600.277952,-7.70811706959416e-05,-0.3448050145506346,1139617.196593007,251318.43961939774
2026-01-23,9.850929,1436626049.0,-15382.0,14152101413.22,-151526.98987800002,-1.070703109408565e-05,-0.18903935360619412,1109311.798617407,243742.09012549775
2026-01-26,9.856077,1436704821.0,78772.0,14160272899.46,776382.8974440001,5.4828243986286975e-05,-0.03265622556722892,1264588.3781062071,335955.95494714775
2026-01-27,9.913313,1436704821.0,0.0,14242503913.26,0.0,0.0,-0.16119217445608314,1206606.3253306071,345534.47494714777
2026-01-28,9.861393,1436540657.0,-164164.0,14166292453.86,-1618885.720452,-0.00011427730478703265,-0.4265820096168534,-417126.0181675929,264590.18892454775
2026-01-29,9.878223,1436540657.0,0.0,14190468628.86,0.0,0.0,-0.1553272778149943,-198805.96257719287,264590.18892454775
2026-01-30,9.928411,1436540657.0,0.0,14262565851.37,0.0,0.0,-0.1553272778149943,-168500.56460159287,264590.18892454775
2026-02-02,10.04319,1436512788.0,-27869.0,14427170630.44,-279893.66211,-1.9400454134745597e-05,-0.20039518512032073,-379755.8765123929,207708.71696944773
2026-02-03,10.016818,1436512788.0,0.0,14389286917.3,0.0,0.0,-0.1593593138923758,-379755.8765123929,207708.71696944776
2026-02-04,10.102197,1436512788.0,0.0,14511934706.95,0.0,0.0,-0.1593593138923758,-55978.732421992914,207708.71696944776
2026-02-05,10.011761,1436512788.0,0.0,14382023261.86,0.0,0.0,-0.1593593138923758,-55978.732421992914,207708.71696944776
2026-02-06,10.070392,1436512788.0,0.0,14466246902.68,0.0,0.0,-0.16249387271095145,-55978.732421992914,207708.71696944776
2026-02-09,10.086298,1436512788.0,0.0,14489096493.37,0.0,0.0,-0.16249387271095145,0.0,207708.71696944776
2026-02-10,10.054912,1436512788.0,0.0,14444009719.32,0.0,0.0,-0.16249387271095145,0.0,221208.1253984478
2026-02-11,10.169804,1436455940.0,-56848.0,14608474877.97,-578133.017792,-3.9575179655738135e-05,-0.2565437314652262,-115626.60355839292,192301.47450884778
2026-02-12,10.101868,1436296937.0,-159003.0,14509282706.17,-1606227.317604,-0.00011070342691172182,-0.42127326515520164,-436872.06707919296,111990.10862864778
2026-02-13,10.14468,1436508329.0,211392.0,14572917193.84,2144504.1945599997,0.0001471568228951775,0.18148225936554033,-7971.22816719301,219215.31835664777
2026-02-16,10.171116,1436508329.0,0.0,14610893172.17,0.0,0.0,-0.1665124510923847,-7971.22816719301,219215.31835664777
2026-02-17,10.251314,1436397241.0,-111088.0,14724959295.26,-1138797.969632,-7.733793668268963e-05,-0.3466263227263243,-235730.82209359301,147779.90668114778
2026-02-18,10.377489,1436298432.0,-98809.0,14905171098.52,-1025389.3106010001,-6.879419926302057e-05,-0.32509913485668657,-325182.080655393,-228478.35870085223
2026-02-19,10.347364,1436283198.0,-15234.0,14861745524.93,-157631.74317600002,-1.060654301418221e-05,-0.18822742959949054,-35462.96576979304,-181779.93196205221
2026-02-20,10.405613,1435681799.0,-601399.0,14939149678.32,-6257925.252587001,-0.0004188943405305478,-1.1328013292327659,-1715948.855199193,-487099.8450975022
2026-02-23,10.403503,1435662753.0,-19046.0,14935921320.85,-198145.11813800002,-1.3266347209622527e-05,-0.18501484706841573,-1755577.8788267928,-535826.2458766022
2026-02-24,10.39956,1435662753.0,0.0,14930260684.18,0.0,0.0,-0.1533455334349266,-1527818.284900393,-535826.2458766022
2026-02-25,10.521826,1435711061.0,48308.0,15106301685.89,508288.370408,3.364743939165239e-05,-0.0740397309476895,-1221082.748698593,-429467.5413336024
2026-02-26,10.564734,1435711061.0,0.0,15167905846.82,0.0,0.0,-0.1557039827097544,-1189556.4000633932,-429467.5413336024
2026-02-27,10.627022,1439695793.0,3984732.0,15299678717.0,42345834.628104,0.0027677597295590324,5.424975939897513,8531195.576074807,1687824.1900715977
2026-03-02,10.499405,1440315793.0,620000.0,15122459345.02,6509631.1,0.00043046114071013824,0.6818269629970387,9872750.819702407,2027300.4281770978
2026-03-03,10.210933,1440143846.0,-171947.0,14705212971.72,-1755739.296551,-0.0001193957068100619,-0.5279132406911924,9521602.960392207,1939513.4633495477
2026-03-04,10.292478,1440143846.0,0.0,14822649277.96,0.0,0.0,-0.1789899284002907,9419945.286310608,1939513.4633495477
2026-03-05,10.150659,1440117481.0,-26365.0,14618141874.57,-267622.12453499995,-1.8307533668185323e-05,-0.2397462657200851,9366420.861403609,1926132.357122798
2026-03-06,10.024368,1440037209.0,-80272.0,14435463266.39,-804676.0680960001,-5.574300271814085e-05,-0.35356546129075467,736318.7221636074,1885898.5537179976
2026-03-09,9.989939,1440159967.0,122758.0,14387110916.39,1226344.9317619998,8.523913792622051e-05,0.057183504869582034,-320338.5114839926,1947215.8003060978
2026-03-10,10.14829,1440025687.0,-134280.0,14613798892.51,-1362712.3812,-9.324833270412869e-05,-0.4784991346448991,-241733.1284137926,1879080.1812460977
2026-03-11,10.091168,1439850452.0,-175235.0,14529772662.29,-1768325.82448,-0.00012170361268414358,-0.5643431393723417,-595398.2933097926,1819570.5409116975
2026-03-12,10.0695,1439850452.0,0.0,14498574628.75,0.0,0.0,-0.19939880843054222,-541873.8684027926,1899881.9067918975
2026-03-13,10.026903,1439850452.0,0.0,14437241212.44,0.0,0.0,-0.19939880843054222,-380938.65478359256,1792656.6970638975
2026-03-16,10.081842,1439850452.0,0.0,14516344567.16,0.0,0.0,-0.19962932527700117,-626207.6411359926,1792656.6970638975
2026-03-17,10.165655,1439938029.0,87577.0,14637913727.62,890277.5679349999,6.081997643251252e-05,-0.013642970528654465,-175609.6513089926,1894110.4739422477
2026-03-18,10.069653,1443666232.0,3728203.0,14537218225.7,37541710.523559004,0.0025824549057941438,6.168849002135091,7686397.618298808,3822465.465650248
2026-03-19,9.797737,1450387803.0,6721571.0,14210517866.5,65856184.884826995,0.004634326877001221,7.780035693360774,20857634.595264208,7123156.297050397
2026-03-20,9.656724,1454387803.0,4000000.0,14044622208.91,38626896.0,0.002750297973518636,4.149890820810919,28583013.795264207,9367397.359679747
2026-03-23,9.632562,1454578345.0,190542.0,14011316595.02,1835407.628604,0.00013099465822193708,-0.02964884614078252,28950095.320985008,9469074.997016847
2026-03-24,9.701509,1461178345.0,6600000.0,14175635380.56,64029959.4,0.004516902253835379,5.830012694071787,41578031.68739801,12670572.967016848
2026-03-25,9.839384,1461087345.0,-91000.0,14376199438.56,-895383.944,-6.228238192066196e-05,-0.3354262739005132,33890612.79388621,12600389.351296447
2026-03-26,9.720158,1461306159.0,218814.0,14204126182.76,2126906.652612,0.00014973864813968592,-0.05006570940879688,21144757.14744321,12706734.683927048
2026-03-27,9.715748,1461396647.0,90488.0,14198561140.89,879158.6050239999,6.191885193860511e-05,-0.16901712508212113,13595209.668448007,10633400.882773047
2026-03-30,9.872339,1461377553.0,-19094.0,14427214509.59,-188502.440866,-1.3065754358937367e-05,-0.26982678875091776,13190427.654554006,10298494.205729749
2026-03-31,9.919898,1461377553.0,0.0,14496716926.64,0.0,0.0,-0.25166081037150506,384435.77455400734,10386281.170557298
2026-04-01,10.102322,1461356188.0,-21365.0,14763091146.58,-215836.10953,-1.461998082833759e-05,-0.271779922188279,520345.3414480073,10375489.365080798
2026-04-02,10.173273,1461384364.0,28176.0,14867061718.52,286642.140048,1.9280349101593348e-05,-0.22636306354326832,152292.43893520738,10403202.578309948
2026-04-07,10.088064,1461384364.0,0.0,14742538470.74,0.0,0.0,-0.25232439100151705,-23539.2820695926,10443436.381714748
2026-04-08,10.340557,1461451578.0,67214.0,15112223318.66,695030.1981980001,4.5991260421608724e-05,-0.1909344429689645,153167.24574320743,10416870.645036547
2026-04-09,10.349948,1463235579.0,1784001.0,15144412180.06,18464317.581948,0.001219216524379809,1.3648059401007142,3846030.7621328076,11408222.143193949
2026-04-10,10.347184,1467116543.0,3880964.0,15180524995.26,40157048.605376005,0.002645300384401378,3.1066702571333127,11920607.705114009,13504490.864686748
2026-04-13,10.329744,1467131877.0,15334.0,15155096704.71,158396.294496,1.0451684841230512e-05,-0.2685084893864072,11894958.536003608,13512410.67941155
2026-04-14,10.354637,1468756568.0,1624691.0,15208441316.48,16823085.542167,0.0011061676336244503,1.1559247694228671,15259575.64443701,14353564.956519898
2026-04-15,10.306971,1472756568.0,4000000.0,15179658980.01,41227884.0,0.0027159954024193,3.0851683499582294,23366146.40479741,16414959.1565199
2026-04-16,10.340888,1501956568.0,29200000.0,15531564674.62,301953929.59999996,0.019441307809342633,9.873967114242335,80064068.80840781,31468141.75812315
2026-04-17,10.416409,1509611195.0,7654627.0,15724728264.97,79733725.574443,0.005070594812888814,2.3453941706432215,87979404.20222118,33577742.51066735
2026-04-20,10.359681,1513746069.0,4134874.0,15681926401.79,42835975.615194,0.00273155060913336,1.143454022653871,96514920.0663608,32426732.047185697
2026-04-21,10.251205,1513403989.0,-342080.0,15514214310.55,-3506732.2064,-0.00022603350296736244,-0.3449658238238314,92448956.51664738,30320050.636865698
2026-04-22,10.230224,1513778775.0,374786.0,15486296217.19,3834144.732064,0.0002475830681714616,-0.10763738406230174,84970208.66306019,30419987.492038697
2026-04-23,10.220584,1513359602.0,-419173.0,15467419239.88,-4284192.857032,-0.0002769817505163349,-0.37062885401035717,23722584.1716538,27004279.879187096
2026-04-24,10.144454,1513316072.0,-43530.0,15351765783.17,-441588.08262,-2.8764644331931442e-05,-0.24554980467035772,7687521.4402412,27026969.672256093
2026-04-27,10.087551,1513291446.0,-24626.0,15265404721.54,-248416.03092599998,-1.627313755890642e-05,-0.23918968989157563,-929356.8889828001,26908203.538079195
2026-04-28,10.099194,1513231219.0,-60227.0,15282415856.35,-608244.1570380001,-3.98002621284035e-05,-0.25085546456469443,-349659.27911040006,26833833.399976097
2026-04-29,9.981801,1513630789.0,399570.0,15108761853.18,3988428.2255700002,0.00026398114314910194,-0.09907206681069979,-318802.58040920005,27042679.933297895
2026-04-30,10.144115,1514052691.0,421902.0,15358724111.43,4279822.40673,0.0002786574181344234,-0.09287023009675162,1394000.4723432001,27256671.053634394
2026-05-01,10.130088,1514100256.0,47565.0,15337969247.26,481837.63572,3.141469564532321e-05,-0.21750542109874474,1578685.6160112,27291554.74089689
2026-05-05,9.988408,1514074002.0,-26254.0,15123188934.63,-262235.663632,-1.7339971401899025e-05,-0.24197914825076972,1575921.68947,27264110.850712903
2026-05-06,10.202919,1514674002.0,600000.0,15454096833.52,6121751.399999999,0.00039612482475985886,-0.035450268440285725,2921920.8008776,27570198.4207129
2026-05-07,10.050739,1517764185.0,3090183.0,15254651020.4,31058622.795237,0.002036010050554575,0.779918679381531,8335959.714811,29088378.050564844
2026-05-08,10.007608,1517733449.0,-30736.0,15188881877.9,-307593.83948799997,-2.025124969439341e-05,-0.2532827382124716,7418476.465567401,28149782.479493044
2026-05-11,10.04323,1517690340.0,-43109.0,15242512457.06,-432953.60206999996,-2.8404346284097362e-05,-0.25633946194980206,7235518.218009399,26120282.369120747
2026-05-12,10.03876,1518879331.0,1188991.0,15247665284.69,11935995.29116,0.0007828080606638704,0.14815233078132087,9675164.4089678,26709162.318953946
2026-05-13,10.097662,1518890231.0,10900.0,15337239650.99,110064.5158,7.176292364506117e-06,-0.24159934992707388,8472827.032127801,25873511.267635595
2026-05-14,10.163679,1519290231.0,400000.0,15441577484.82,4065471.6,0.00026328084705054284,-0.11404262630723852,3074196.7930804,24015390.647635594
2026-05-15,9.98931,1519290231.0,0.0,15176661422.27,0.0,0.0,-0.24681759269947073,3135715.560978,8917694.167635597
2026-05-18,10.115407,1521112004.0,1821773.0,15386667287.4,18427975.356611,0.0011976586620353778,0.35001021048932146,6907901.3527142005,5852406.656743998
2026-05-19,10.122282,1521056955.0,-55049.0,15396566771.89,-557221.501818,-3.619128277580278e-05,-0.2699116177361693,4409257.994118599,3682746.8008933975
2026-05-20,10.222054,1521068759.0,11804.0,15548447502.65,120661.125416,7.760332688870392e-06,-0.24563032497745535,4411377.316041799,3864116.467484197
2026-05-21,10.242154,1539667721.0,18598962.0,15769513154.26,190493433.044148,0.012079855045663716,5.0955400583801165,41696969.6048714,13197080.883088399
2026-05-22,10.264551,1539642653.0,-25068.0,15803740777.04,-257311.764468,-1.6281699889802535e-05,-0.2714150690531958,41645507.251977794,13398424.937716596
2026-05-26,10.288881,1539593121.0,-49532.0,15840690016.79,-509628.853692,-3.217213727128236e-05,-0.2777934853364673,37857986.4099172,13395022.899162997
2026-05-27,10.302497,1539544357.0,-48764.0,15861150657.7,-502390.963708,-3.167430752976978e-05,-0.27744668062560573,37868952.517539196,13382324.152523896
2026-05-28,10.235268,1539528577.0,-15780.0,15757487458.82,-161512.52904,-1.024989100972414e-05,-0.26748115432826547,37812517.786648,13404660.733923797
2026-05-29,10.218772,1539511049.0,-17528.0,15731911871.31,-179114.63561599999,-1.1385433447707528e-05,-0.26793973406060834,-321991.7493048,13196283.590864496
2026-06-01,10.14963,1539360692.0,-150357.0,15623941955.08,-1526067.91791,-9.767496079398907e-05,-0.30513314808777237,-575742.9799931999,12905989.074632498
2026-06-02,10.183514,1539333011.0,-27681.0,15675819294.97,-281889.851034,-1.798246367412846e-05,-0.26945289940299116,-530195.1794616,12867802.700294796
2026-06-03,10.1431,1539301214.0,-31797.0,15613286526.93,-322520.1507,-2.065677524995862e-05,-0.26835455099289673,-494221.01686,12864788.475941395
2026-06-04,10.173271,1539301214.0,0.0,15659727946.59,0.0,0.0,-0.2591289786038333,-461918.511052,12558700.905941395
2026-06-05,10.181185,1539316555.0,15341.0,15672065969.11,156189.559085,9.966111640472492e-06,-0.254750569332197,-394857.67211180006,11013579.244133797
2026-06-08,10.186302,1539316555.0,0.0,15679943695.56,0.0,0.0,-0.25511019391014544,-89644.08852979995,11028958.936108198
2026-06-09,10.043094,1539305669.0,-10886.0,15459391274.4,-109329.121284,-7.072019806177214e-06,-0.25821696604850436,-55131.94257979996,11045140.160147496
2026-06-10,10.069924,1539113109.0,-192560.0,15498752248.03,-1939064.56544,-0.0001251110111581059,-0.31009949581577717,-378440.82552779996,10351387.167317497
2026-06-11,10.119371,1538784054.0,-329055.0,15571527436.01,-3329829.624405,-0.00021384091175953546,-0.3484665503228987,-1044406.7504088,10179392.460307246
2026-06-12,10.283707,1538784054.0,0.0,15824404517.66,0.0,0.0,-0.25371877353190475,-1075644.6622258,9976118.880307246
2026-06-15,10.243271,1538784054.0,0.0,15762181835.54,0.0,0.0,-0.25362758507323124,-1075644.6622258,9976118.880307246
2026-06-16,10.3057,1538784054.0,0.0,15858246300.1,0.0,0.0,-0.2535043265878982,-1053778.837969,9054720.112476695
2026-06-17,10.319914,1538784054.0,0.0,15880118786.58,0.0,0.0,-0.2537066773938006,-665965.9248809998,9082581.187567595
2026-06-18,10.090159,1554338561.0,15554507.0,15683522793.2,156947448.796613,0.010007155335321836,3.8721777699810924,31389489.759322602,16923920.57112745
2026-06-19,10.055041,1554338561.0,0.0,15628937803.24,0.0,0.0,-0.2719273395337413,31389489.759322602,7399248.918920048
2026-06-22,10.126628,1554338561.0,0.0,15740208629.62,0.0,0.0,-0.27197902621115344,31389489.759322602,7412114.507143448
2026-06-23,10.118234,1554416561.0,78000.0,15727950784.61,789222.252,5.017959827114057e-05,-0.25138315703457015,31547334.2097226,7477057.062428048
2026-06-24,10.150543,1554864480.0,447919.0,15782719063.68,4546621.070017001,0.00028807590451761364,-0.15388738390202103,32456658.423726004,7729507.664114298
2026-06-25,10.219992,1554748252.0,-116228.0,15889513977.37,-1187849.230176,-7.475680073460688e-05,-0.30390285699193437,829598.8183682002,7678190.829057498
2026-06-26,10.199134,1554915856.0,167604.0,15858795473.87,1709415.6549360002,0.00010778975350004018,-0.2284607543568384,1171481.9493554004,7772617.343585098
2026-06-29,10.175684,1554953351.0,37495.0,15822714314.34,381537.27158,2.4113262996489533e-05,-0.2632099877933118,1247789.4036714002,7867997.603059597
2026-06-30,10.188056,1555030700.0,77349.0,15842740499.52,788035.9435439999,4.974113812997667e-05,-0.25277750324331805,1247552.1419802003,7921493.892788498
2026-07-01,10.169958,1555030700.0,0.0,15814596282.62,0.0,0.0,-0.273382441280454,338227.9279768,7937619.900323498
2026-07-02,10.340394,1554935700.0,-95000.0,16078647434.27,-982337.4299999999,-6.109577525198093e-05,-0.29846190923344085,379330.28801200003,7888503.028823498
2026-07-03,10.365711,1554861613.0,-74087.0,16117246720.79,-767964.4308569999,-4.7648611711477074e-05,-0.2927136388417631,-116145.7291466,7842295.329326397
2026-07-06,10.33928,1555454169.0,592556.0,16082276523.91,6126602.399680001,0.00038095367845288557,-0.11660021747875984,1032867.2964734001,8148625.449310397
2026-07-07,10.353109,1555376807.0,-77362.0,16102985791.69,-800937.218458,-4.973842918443897e-05,-0.29485548328623984,715072.6640730002,8114045.044451697
2026-07-08,10.180976,1555376807.0,0.0,15835253399.4,0.0,0.0,-0.2742491994718044,715072.6640730001,8210998.272723697
2026-07-09,10.170525,1555376807.0,0.0,15818998591.2,0.0,0.0,-0.2742491994718044,911540.150073,8377489.753943947
2026-07-10,10.194812,1558768158.0,3391351.0,15891348053.23,34574185.871012,0.0021756609794966147,0.6187918000799725,7979970.2104468,10106199.047494547
2026-07-13,10.195705,1558682601.0,-85557.0,15891867764.75,-872313.932685,-5.489058590204816e-05,-0.3038208367286242,6580186.9439738,10062583.350860298
2026-07-14,10.225533,1558667051.0,-15550.0,15938200615.58,-159007.03815,-9.976473629938286e-06,-0.2835337389797134,6708572.9800354,10054632.998952797
2026-07-15,10.212727,1558667051.0,0.0,15918241028.67,0.0,0.0,-0.27969533544166236,6708572.9800354,10054632.998952797
2026-07-16,10.266956,1559469794.0,802743.0,16011008009.25,8241727.060308,0.0005147537903638876,-0.06861245470088596,8356918.392097001,2619346.912137547
2026-07-17,10.294515,1561945923.0,2476129.0,16079475157.62,25490547.132435,0.001585284773449532,0.36894589706873826,6540190.6443816,3893874.2687592967
2026-07-20,10.22085,1561945923.0,0.0,15964415294.03,0.0,0.0,-0.28679024938727654,6714653.430918601,3893874.2687592967
2026-07-21,10.280309,1561945923.0,0.0,16057287331.54,0.0,0.0,-0.28721960380424566,6746454.838548601,3854413.1561592966
2026-07-22,10.407476,1561860923.0,-85000.0,16255030199.34,-884635.4600000001,-5.442225878091071e-05,-0.30952847969266123,6569527.7465486005,3582850.3296584473
2026-07-23,10.333991,1561860923.0,0.0,16140256964.89,0.0,0.0,-0.2870157852830731,4921182.3344870005,3642242.791167247
2026-07-24,10.42865,1561837292.0,-23631.0,16287854676.55,-246439.42815,-1.513025705618583e-05,-0.29329067487045657,-226214.97763,3544450.0370129473
2026-07-27,10.472838,1561751254.0,-86038.0,16355968592.42,-901062.0358439999,-5.5090716930184594e-05,-0.309613472552535,-406427.3847988,3480320.071641747
2026-07-28,10.559586,1561751254.0,0.0,16491447232.72,0.0,0.0,-0.28682546143019244,-406427.3847988,3440918.2744645476
2026-07-29,10.595545,1561751254.0,0.0,16547605597.35,0.0,0.0,-0.28682546143019244,-229500.29279880002,3440918.2744645476
2026-07-30,10.58489,1561642119.0,-109135.0,16529810714.48,-1155181.97015,-6.988476698877553e-05,-0.3154689865577523,-460536.6868288,3432276.047457047
2026-07-31,10.556293,1561642119.0,0.0,16485151599.24,0.0,0.0,-0.28656360207615206,-411248.8011988,3470674.268999897
2026-08-03,10.546009,1561456318.0,-185801.0,16467132703.01,-1959459.018209,-0.00011899211924434383,-0.33532725628323984,-622928.1976717999,3066371.198105447
2026-08-04,10.567386,1561432035.0,-24283.0,16500255056.38,-256607.834238,-1.5551749555457925e-05,-0.2926383374978419,-674249.7645194,3093587.667316447
2026-08-05,10.57576,1561021975.0,-410060.0,16508993102.29,-4336696.1456,-0.000262686895483556,-0.3942471056169538,-1541588.9936394,2876752.860036447
2026-08-06,10.581027,1561005109.0,-16866.0,16517037329.65,-178459.60138200002,-1.0804576984375056e-05,-0.2895104368429008,-1346244.5198858,2867829.8799673473
2026-08-07,10.613668,1560983715.0,-21394.0,16567763392.39,-227068.813192,-1.3705459681799812e-05,-0.2906585583807147,-1391658.2825242,1127767.145757147
2026-08-10,10.575934,1560983715.0,0.0,16508861100.04,0.0,0.0,-0.2852818571829486,-999766.4788824001,1171382.842391397
2026-08-11,10.558045,1560965159.0,-18556.0,16480740174.77,-195915.08302,-1.1887517243911293e-05,-0.29041031359874114,-987627.9286388,1169537.4401478972
2026-08-12,10.547111,1560945159.0,-20000.0,16463461395.25,-210942.21999999997,-1.2812750304189405e-05,-0.2907846361453325,-162477.1435188,1158990.3291478972
2026-08-13,10.521382,1560945159.0,0.0,16423300882.9,0.0,0.0,-0.28708596037684375,-126785.22324239998,746903.9761324972
2026-08-14,10.499764,1560931940.0,-13219.0,16389417507.63,-138796.38031600002,-8.468658526234027e-06,-0.29060748712797185,-109130.73666719999,-534563.1995050529
2026-08-17,10.470663,1560499135.0,-432805.0,16339460552.7,-4531755.299715,-0.00027735036203298366,-0.4007581099491174,-1015481.7966102001,-761150.964490803
2026-08-18,10.47803,1560499135.0,0.0,16350956822.42,0.0,0.0,-0.2859275426526097,-976298.7800062001,-761150.964490803
2026-08-19,10.492785,1560499135.0,0.0,16373981601.71,0.0,0.0,-0.2859275426526097,-934110.3360062002,-716919.1914908029
2026-08-20,10.50256,1560499135.0,0.0,16389235612.84,0.0,0.0,-0.2771662083772763,-934110.3360062002,-716919.1914908029
2026-08-21,10.569145,1560499135.0,0.0,16493142158.9,0.0,0.0,-0.2756011450540089,-906351.0599430001,-704597.2200833028
2026-08-24,10.606181,1560499135.0,0.0,16550935999.59,0.0,0.0,-0.2760481818421428,0.0,-659544.1182911029
2026-08-25,10.637025,1560676641.0,177506.0,16600955952.51,1888135.75965,0.0001137365682465124,-0.22930210710334625,377627.15193,-565137.3303086029
2026-08-26,10.629407,1560676641.0,0.0,16589067080.23,0.0,0.0,-0.27653709814166066,377627.15193,-565137.3303086029
2026-08-27,10.548418,1560754958.0,78317.0,16463495470.48,826120.452506,5.017892184483433e-05,-0.2561197577895246,542851.2424311999,-466072.2091758029
2026-08-28,10.578882,1560754958.0,0.0,16511042566.93,0.0,0.0,-0.2766156605749002,542851.2424311999,-466072.2091758029
2026-08-31,10.579161,1560754958.0,0.0,16511477815.67,0.0,0.0,-0.27696458014365277,542851.2424311999,-368099.2582653529
2026-09-01,10.544929,1560754958.0,0.0,16458049616.41,0.0,0.0,-0.2774208178125291,165224.0905012,-355268.8665534529
