date,window,sector,asset_class,n_assets_valid,mean_corr,median_corr,min_corr,max_corr,effective_date,expected_date,coverage
2026-09-08,20,XLK,equity,3,0.713656168536196,0.6451397075188308,0.575465198963265,0.920363599126492,,,
2026-09-08,20,XLK,rates,2,0.012701311948826,0.012701311948826,-0.1032080823533696,0.1286107062510217,,,
2026-09-08,20,XLK,credit,2,0.2482239740840895,0.2482239740840895,0.1412064773005464,0.3552414708676325,,,
2026-09-08,20,XLK,commodities,2,0.080321863688836,0.080321863688836,-0.0806523548898534,0.2412960822675255,,,
2026-09-08,20,XLK,fx,2,-0.1869623551975158,-0.1869623551975158,-0.2296989663854139,-0.1442257440096177,,,
2026-09-08,20,XLK,volatility,1,-0.4625481336580372,-0.4625481336580372,-0.4625481336580372,-0.4625481336580372,,,
2026-09-08,20,XLF,equity,3,0.3296282355094758,0.2720790682492855,0.17455576055446,0.5422498777246819,,,
2026-09-08,20,XLF,rates,2,0.3213931442126525,0.3213931442126525,0.2960231971038404,0.3467630913214645,,,
2026-09-08,20,XLF,credit,2,0.4172262738847614,0.4172262738847614,0.3864361664866576,0.4480163812828652,,,
2026-09-08,20,XLF,commodities,2,-0.211741752978904,-0.211741752978904,-0.5736859785414556,0.1502024725836475,,,
2026-09-08,20,XLF,fx,2,-0.2056141143688032,-0.2056141143688032,-0.3605760959593727,-0.0506521327782337,,,
2026-09-08,20,XLF,volatility,1,-0.4346234492627835,-0.4346234492627835,-0.4346234492627835,-0.4346234492627835,,,
2026-09-08,20,XLV,equity,3,0.0700806479146196,0.178675739044177,-0.1913905246992849,0.2229567293989666,,,
2026-09-08,20,XLV,rates,2,0.587980405073619,0.587980405073619,0.534982961681568,0.6409778484656702,,,
2026-09-08,20,XLV,credit,2,0.449060525568744,0.449060525568744,0.3560151199831863,0.5421059311543016,,,
2026-09-08,20,XLV,commodities,2,0.1054404207386204,0.1054404207386204,-0.1902944652301549,0.4011753067073957,,,
2026-09-08,20,XLV,fx,2,-0.3904528415604449,-0.3904528415604449,-0.510197267472081,-0.2707084156488089,,,
2026-09-08,20,XLV,volatility,1,-0.3146113728760504,-0.3146113728760504,-0.3146113728760504,-0.3146113728760504,,,
2026-09-08,20,XLE,equity,3,-0.4649155315664779,-0.4726865587271265,-0.4999560593202135,-0.4221039766520936,,,
2026-09-08,20,XLE,rates,2,-0.5356845663953935,-0.5356845663953935,-0.5364085531925026,-0.5349605795982846,,,
2026-09-08,20,XLE,credit,2,-0.5567850326972983,-0.5567850326972983,-0.5676733610094733,-0.5458967043851233,,,
2026-09-08,20,XLE,commodities,2,0.1624073798611705,0.1624073798611705,-0.3417175788834588,0.6665323386058,,,
2026-09-08,20,XLE,fx,2,-3.004296817028796e-05,-3.004296817028796e-05,-0.0743551072903081,0.0742950213539675,,,
2026-09-08,20,XLE,volatility,1,0.3831879244446899,0.3831879244446899,0.3831879244446899,0.3831879244446899,,,
2026-09-08,20,XLY,equity,3,0.339793707278491,0.3087149576395224,0.1674147562794161,0.5432514079165346,,,
2026-09-08,20,XLY,rates,2,0.4659292656051624,0.4659292656051624,0.4079156926913649,0.5239428385189598,,,
2026-09-08,20,XLY,credit,2,0.517104698374182,0.517104698374182,0.4970610930018287,0.5371483037465352,,,
2026-09-08,20,XLY,commodities,2,-0.0306420634656439,-0.0306420634656439,-0.4506383066310285,0.3893541796997407,,,
2026-09-08,20,XLY,fx,2,-0.4461274123741657,-0.4461274123741657,-0.4872450606934615,-0.40500976405487,,,
2026-09-08,20,XLY,volatility,1,-0.5886496384863938,-0.5886496384863938,-0.5886496384863938,-0.5886496384863938,,,
2026-09-08,20,XLP,equity,3,-0.0604340051626573,0.025315142651705,-0.3034584452908684,0.0968412871511912,,,
2026-09-08,20,XLP,rates,2,0.3971363391981593,0.3971363391981593,0.3326342058070001,0.4616384725893185,,,
2026-09-08,20,XLP,credit,2,0.3094822331150653,0.3094822331150653,0.2553878020615179,0.3635766641686127,,,
2026-09-08,20,XLP,commodities,2,-0.1516010986744778,-0.1516010986744778,-0.3095428709108163,0.0063406735618607,,,
2026-09-08,20,XLP,fx,2,-0.1600769670946263,-0.1600769670946263,-0.2831042415627339,-0.0370496926265188,,,
2026-09-08,20,XLP,volatility,1,-0.1451373978162298,-0.1451373978162298,-0.1451373978162298,-0.1451373978162298,,,
2026-09-08,20,XLI,equity,3,0.5950823771018472,0.584824938845956,0.5396934246564117,0.6607287678031739,,,
2026-09-08,20,XLI,rates,2,0.0081848785763953,0.0081848785763953,-0.0574537122737041,0.0738234694264948,,,
2026-09-08,20,XLI,credit,2,0.2030611987082431,0.2030611987082431,0.1039015449194412,0.302220852497045,,,
2026-09-08,20,XLI,commodities,2,-0.0095154953568839,-0.0095154953568839,-0.2749645311851151,0.2559335404713472,,,
2026-09-08,20,XLI,fx,2,-0.0907455105312527,-0.0907455105312527,-0.135603960901921,-0.0458870601605845,,,
2026-09-08,20,XLI,volatility,1,-0.527988588133126,-0.527988588133126,-0.527988588133126,-0.527988588133126,,,
2026-09-08,20,XLB,equity,3,0.2644373646822635,0.2523183463379534,0.0397599764403104,0.5012337712685265,,,
2026-09-08,20,XLB,rates,2,0.1860206433489326,0.1860206433489326,0.1330415262513963,0.2389997604464689,,,
2026-09-08,20,XLB,credit,2,0.2375329323013496,0.2375329323013496,0.220629663118602,0.2544362014840972,,,
2026-09-08,20,XLB,commodities,2,0.1194230006692724,0.1194230006692724,-0.2873726697531072,0.5262186710916522,,,
2026-09-08,20,XLB,fx,2,-0.1679080952387084,-0.1679080952387084,-0.3275725126060403,-0.0082436778713764,,,
2026-09-08,20,XLB,volatility,1,-0.5335748510859847,-0.5335748510859847,-0.5335748510859847,-0.5335748510859847,,,
2026-09-08,20,XLRE,equity,3,0.2857105510715758,0.2348118665933206,0.2147871865450382,0.4075326000763685,,,
2026-09-08,20,XLRE,rates,2,0.451207875522378,0.451207875522378,0.4266136016770347,0.4758021493677213,,,
2026-09-08,20,XLRE,credit,2,0.4794778868764783,0.4794778868764783,0.4449237924446654,0.5140319813082911,,,
2026-09-08,20,XLRE,commodities,2,-0.0434750244917581,-0.0434750244917581,-0.3798377008006247,0.2928876518171083,,,
2026-09-08,20,XLRE,fx,2,-0.1855861872218085,-0.1855861872218085,-0.3461755599169929,-0.0249968145266241,,,
2026-09-08,20,XLRE,volatility,1,-0.2243285103440991,-0.2243285103440991,-0.2243285103440991,-0.2243285103440991,,,
2026-09-08,20,XLU,equity,3,0.0533350595145667,0.0666180367041113,-0.0112762581062887,0.1046633999458777,,,
2026-09-08,20,XLU,rates,2,0.3225838126606005,0.3225838126606005,0.2974723231738373,0.3476953021473636,,,
2026-09-08,20,XLU,credit,2,0.1760732338910237,0.1760732338910237,0.1002919587633657,0.2518545090186818,,,
2026-09-08,20,XLU,commodities,2,-0.0905316621961405,-0.0905316621961405,-0.1444626574905172,-0.0366006669017639,,,
2026-09-08,20,XLU,fx,2,-0.0203264217616421,-0.0203264217616421,-0.0401417379176572,-0.000511105605627,,,
2026-09-08,20,XLU,volatility,1,0.0850851017462758,0.0850851017462758,0.0850851017462758,0.0850851017462758,,,
2026-09-08,20,XLC,equity,3,0.2812312947233004,0.2418026419321646,0.1210225679268801,0.4808686743108563,,,
2026-09-08,20,XLC,rates,2,0.4511181548321592,0.4511181548321592,0.4107071343493841,0.4915291753149342,,,
2026-09-08,20,XLC,credit,2,0.4339310871142631,0.4339310871142631,0.4162333104285564,0.4516288637999697,,,
2026-09-08,20,XLC,commodities,2,-0.2661184320700753,-0.2661184320700753,-0.5898675181379036,0.057630653997753,,,
2026-09-08,20,XLC,fx,2,-0.1993607664785364,-0.1993607664785364,-0.2557034588888199,-0.1430180740682529,,,
2026-09-08,20,XLC,volatility,1,-0.4132994693786572,-0.4132994693786572,-0.4132994693786572,-0.4132994693786572,,,
2026-09-08,60,XLK,equity,3,0.8061915172597263,0.7814783632788345,0.6814978297149962,0.9555983587853484,,,
2026-09-08,60,XLK,rates,2,0.1559226598915481,0.1559226598915481,0.1323372079166935,0.1795081118664027,,,
2026-09-08,60,XLK,credit,2,0.3765619714296803,0.3765619714296803,0.2557564843230347,0.4973674585363259,,,
2026-09-08,60,XLK,commodities,2,0.0438787500096375,0.0438787500096375,-0.176253761118181,0.2640112611374561,,,
2026-09-08,60,XLK,fx,2,-0.0803747714218661,-0.0803747714218661,-0.1711741494011941,0.0104246065574617,,,
2026-09-08,60,XLK,volatility,1,-0.5808367295505891,-0.5808367295505891,-0.5808367295505891,-0.5808367295505891,,,
2026-09-08,60,XLF,equity,3,0.2122218603154047,0.2510484260224463,0.0268366748889675,0.3587804800348002,,,
2026-09-08,60,XLF,rates,2,0.2707687946335406,0.2707687946335406,0.243863825974348,0.2976737632927333,,,
2026-09-08,60,XLF,credit,2,0.3662701356644031,0.3662701356644031,0.336153053060388,0.3963872182684183,,,
2026-09-08,60,XLF,commodities,2,-0.1747713947264305,-0.1747713947264305,-0.5000468443776703,0.1505040549248093,,,
2026-09-08,60,XLF,fx,2,-0.0524245035744337,-0.0524245035744337,-0.088608148626473,-0.0162408585223944,,,
2026-09-08,60,XLF,volatility,1,-0.2764338041785598,-0.2764338041785598,-0.2764338041785598,-0.2764338041785598,,,
2026-09-08,60,XLV,equity,3,-0.1918228855418922,-0.1581012834306318,-0.4139207886956138,-0.0034465844994308,,,
2026-09-08,60,XLV,rates,2,0.2871398412907601,0.2871398412907601,0.2834802384260911,0.2907994441554291,,,
2026-09-08,60,XLV,credit,2,0.1363879664651097,0.1363879664651097,0.05265788363071,0.2201180492995094,,,
2026-09-08,60,XLV,commodities,2,0.0209255591271806,0.0209255591271806,-0.1136216940651203,0.1554728123194816,,,
2026-09-08,60,XLV,fx,2,-0.1351264685210516,-0.1351264685210516,-0.1449776327994743,-0.125275304242629,,,
2026-09-08,60,XLV,volatility,1,0.0735336497153137,0.0735336497153137,0.0735336497153137,0.0735336497153137,,,
2026-09-08,60,XLE,equity,3,-0.3856988103420583,-0.3573593745781596,-0.4768022303656913,-0.322934826082324,,,
2026-09-08,60,XLE,rates,2,-0.5673485599721764,-0.5673485599721764,-0.5742972180543907,-0.560399901889962,,,
2026-09-08,60,XLE,credit,2,-0.5219051767424482,-0.5219051767424482,-0.580381895673233,-0.4634284578116633,,,
2026-09-08,60,XLE,commodities,2,0.2913363392077435,0.2913363392077435,-0.1700503069065246,0.7527229853220118,,,
2026-09-08,60,XLE,fx,2,0.0416310424439193,0.0416310424439193,0.0346561660710608,0.0486059188167777,,,
2026-09-08,60,XLE,volatility,1,0.3478373047210957,0.3478373047210957,0.3478373047210957,0.3478373047210957,,,
2026-09-08,60,XLY,equity,3,0.4843354065535811,0.4199160797208373,0.3990447821805586,0.6340453577593476,,,
2026-09-08,60,XLY,rates,2,0.3588066665069165,0.3588066665069165,0.3084789942679508,0.4091343387458823,,,
2026-09-08,60,XLY,credit,2,0.5341765699749923,0.5341765699749923,0.4311673289852246,0.63718581096476,,,
2026-09-08,60,XLY,commodities,2,-0.1461974981357527,-0.1461974981357527,-0.4965236516507946,0.2041286553792892,,,
2026-09-08,60,XLY,fx,2,-0.1380570663215368,-0.1380570663215368,-0.2933003216198841,0.0171861889768104,,,
2026-09-08,60,XLY,volatility,1,-0.6115573885637609,-0.6115573885637609,-0.6115573885637609,-0.6115573885637609,,,
2026-09-08,60,XLP,equity,3,-0.259578132665505,-0.1629020530056557,-0.4601040267941003,-0.155728318196759,,,
2026-09-08,60,XLP,rates,2,0.2755776822161662,0.2755776822161662,0.259392548925898,0.2917628155064343,,,
2026-09-08,60,XLP,credit,2,0.1776454350313684,0.1776454350313684,0.117281459573563,0.2380094104891738,,,
2026-09-08,60,XLP,commodities,2,-0.1868998826792234,-0.1868998826792234,-0.2673804805469374,-0.1064192848115094,,,
2026-09-08,60,XLP,fx,2,-0.1115720627964061,-0.1115720627964061,-0.2478757056274635,0.0247315800346512,,,
2026-09-08,60,XLP,volatility,1,0.1516751384195176,0.1516751384195176,0.1516751384195176,0.1516751384195176,,,
2026-09-08,60,XLI,equity,3,0.6134942240780222,0.6109317989892763,0.5984555322761455,0.631095340968645,,,
2026-09-08,60,XLI,rates,2,0.2797624259194199,0.2797624259194199,0.270839209432924,0.2886856424059158,,,
2026-09-08,60,XLI,credit,2,0.3488299830198476,0.3488299830198476,0.3219973169231142,0.375662649116581,,,
2026-09-08,60,XLI,commodities,2,-0.1076319527742092,-0.1076319527742092,-0.3088818245908878,0.0936179190424692,,,
2026-09-08,60,XLI,fx,2,-0.0213998349469081,-0.0213998349469081,-0.0386211876508274,-0.0041784822429888,,,
2026-09-08,60,XLI,volatility,1,-0.421146502663377,-0.421146502663377,-0.421146502663377,-0.421146502663377,,,
2026-09-08,60,XLB,equity,3,0.2676708399068591,0.2892574752232758,0.1030024118224204,0.4107526326748811,,,
2026-09-08,60,XLB,rates,2,0.3297256089252861,0.3297256089252861,0.314329518228168,0.3451216996224041,,,
2026-09-08,60,XLB,credit,2,0.3239450808667697,0.3239450808667697,0.3161568667199748,0.3317332950135647,,,
2026-09-08,60,XLB,commodities,2,0.0380842738056363,0.0380842738056363,-0.3774645853659679,0.4536331329772406,,,
2026-09-08,60,XLB,fx,2,-0.1753944695328232,-0.1753944695328232,-0.210125934730594,-0.1406630043350524,,,
2026-09-08,60,XLB,volatility,1,-0.2875131329224368,-0.2875131329224368,-0.2875131329224368,-0.2875131329224368,,,
2026-09-08,60,XLRE,equity,3,-0.125968937460688,-0.0691694735764717,-0.3227539108130488,0.0140165720074565,,,
2026-09-08,60,XLRE,rates,2,0.2863898542359993,0.2863898542359993,0.2087570239464957,0.3640226845255029,,,
2026-09-08,60,XLRE,credit,2,0.2244072106105737,0.2244072106105737,0.2103930117516178,0.2384214094695297,,,
2026-09-08,60,XLRE,commodities,2,-0.0512052841118224,-0.0512052841118224,-0.1893901751764788,0.0869796069528338,,,
2026-09-08,60,XLRE,fx,2,-0.1333649320501493,-0.1333649320501493,-0.1802907908937193,-0.0864390732065792,,,
2026-09-08,60,XLRE,volatility,1,0.0913878915281236,0.0913878915281236,0.0913878915281236,0.0913878915281236,,,
2026-09-08,60,XLU,equity,3,-0.0682434922644498,-0.0686343843184212,-0.1626329825510825,0.0265368900761542,,,
2026-09-08,60,XLU,rates,2,0.2636092200854933,0.2636092200854933,0.2498206830585969,0.2773977571123898,,,
2026-09-08,60,XLU,credit,2,0.1225509928384715,0.1225509928384715,0.0610398120499864,0.1840621736269565,,,
2026-09-08,60,XLU,commodities,2,-0.0207563526199323,-0.0207563526199323,-0.078467985249465,0.0369552800096003,,,
2026-09-08,60,XLU,fx,2,-0.1383805803562436,-0.1383805803562436,-0.3189510585893423,0.042189897876855,,,
2026-09-08,60,XLU,volatility,1,-0.0073846581611282,-0.0073846581611282,-0.0073846581611282,-0.0073846581611282,,,
2026-09-08,60,XLC,equity,3,0.217787530422271,0.1802824459819043,0.0894057937559328,0.3836743515289758,,,
2026-09-08,60,XLC,rates,2,0.2254342881318943,0.2254342881318943,0.1679703085001724,0.2828982677636163,,,
2026-09-08,60,XLC,credit,2,0.3732581383303233,0.3732581383303233,0.2928128651739712,0.4537034114866753,,,
2026-09-08,60,XLC,commodities,2,-0.1876899512995127,-0.1876899512995127,-0.3963181394321968,0.0209382368331712,,,
2026-09-08,60,XLC,fx,2,-0.0639663134141878,-0.0639663134141878,-0.0715456190874092,-0.0563870077409663,,,
2026-09-08,60,XLC,volatility,1,-0.225117991353001,-0.225117991353001,-0.225117991353001,-0.225117991353001,,,
2026-09-09,20,XLK,equity,3,0.7136561685361946,0.6451397075188305,0.5754651989632618,0.9203635991264916,,,
2026-09-09,20,XLK,rates,2,0.0127013119488205,0.0127013119488205,-0.1032080823533695,0.1286107062510106,,,
2026-09-09,20,XLK,credit,2,0.2482239740840872,0.2482239740840872,0.1412064773005413,0.3552414708676332,,,
2026-09-09,20,XLK,commodities,2,0.0803218636888376,0.0803218636888376,-0.0806523548898537,0.241296082267529,,,
2026-09-09,20,XLK,fx,2,-0.1869623551975281,-0.1869623551975281,-0.229698966385431,-0.1442257440096252,,,
2026-09-09,20,XLK,volatility,1,-0.462548133658039,-0.462548133658039,-0.462548133658039,-0.462548133658039,,,
2026-09-09,20,XLF,equity,3,0.3296282355094775,0.272079068249291,0.1745557605544598,0.5422498777246819,,,
2026-09-09,20,XLF,rates,2,0.3213931442126498,0.3213931442126498,0.2960231971038395,0.3467630913214601,,,
2026-09-09,20,XLF,credit,2,0.4172262738847641,0.4172262738847641,0.3864361664866623,0.4480163812828659,,,
2026-09-09,20,XLF,commodities,2,-0.2117417529789024,-0.2117417529789024,-0.5736859785414544,0.1502024725836495,,,
2026-09-09,20,XLF,fx,2,-0.2056141143687982,-0.2056141143687982,-0.3605760959593658,-0.0506521327782306,,,
2026-09-09,20,XLF,volatility,1,-0.4346234492627827,-0.4346234492627827,-0.4346234492627827,-0.4346234492627827,,,
2026-09-09,20,XLV,equity,3,0.0700806479146212,0.178675739044177,-0.1913905246992849,0.2229567293989715,,,
2026-09-09,20,XLV,rates,2,0.5879804050736162,0.5879804050736162,0.5349829616815621,0.6409778484656702,,,
2026-09-09,20,XLV,credit,2,0.4490605255687433,0.4490605255687433,0.3560151199831863,0.5421059311543004,,,
2026-09-09,20,XLV,commodities,2,0.1054404207386203,0.1054404207386203,-0.190294465230155,0.4011753067073957,,,
2026-09-09,20,XLV,fx,2,-0.3904528415604451,-0.3904528415604451,-0.51019726747208,-0.2707084156488102,,,
2026-09-09,20,XLV,volatility,1,-0.3146113728760502,-0.3146113728760502,-0.3146113728760502,-0.3146113728760502,,,
2026-09-09,20,XLE,equity,3,-0.464915531566477,-0.4726865587271255,-0.499956059320213,-0.4221039766520924,,,
2026-09-09,20,XLE,rates,2,-0.5356845663953925,-0.5356845663953925,-0.5364085531925028,-0.5349605795982822,,,
2026-09-09,20,XLE,credit,2,-0.5567850326972938,-0.5567850326972938,-0.5676733610094654,-0.5458967043851224,,,
2026-09-09,20,XLE,commodities,2,0.162407379861171,0.162407379861171,-0.3417175788834576,0.6665323386057997,,,
2026-09-09,20,XLE,fx,2,-3.004296816950386e-05,-3.004296816950386e-05,-0.0743551072903065,0.0742950213539675,,,
2026-09-09,20,XLE,volatility,1,0.3831879244446889,0.3831879244446889,0.3831879244446889,0.3831879244446889,,,
2026-09-09,20,XLY,equity,3,0.3397937072784948,0.3087149576395307,0.167414756279418,0.5432514079165358,,,
2026-09-09,20,XLY,rates,2,0.4659292656051653,0.4659292656051653,0.4079156926913689,0.5239428385189617,,,
2026-09-09,20,XLY,credit,2,0.5171046983741885,0.5171046983741885,0.4970610930018394,0.5371483037465375,,,
2026-09-09,20,XLY,commodities,2,-0.0306420634656449,-0.0306420634656449,-0.4506383066310307,0.3893541796997407,,,
2026-09-09,20,XLY,fx,2,-0.4461274123741622,-0.4461274123741622,-0.4872450606934614,-0.405009764054863,,,
2026-09-09,20,XLY,volatility,1,-0.5886496384863957,-0.5886496384863957,-0.5886496384863957,-0.5886496384863957,,,
2026-09-09,20,XLP,equity,3,-0.0604340051626548,0.0253151426517127,-0.3034584452908684,0.0968412871511912,,,
2026-09-09,20,XLP,rates,2,0.3971363391981575,0.3971363391981575,0.3326342058069965,0.4616384725893185,,,
2026-09-09,20,XLP,credit,2,0.3094822331150703,0.3094822331150703,0.2553878020615179,0.3635766641686226,,,
2026-09-09,20,XLP,commodities,2,-0.1516010986744774,-0.1516010986744774,-0.3095428709108161,0.0063406735618613,,,
2026-09-09,20,XLP,fx,2,-0.1600769670946189,-0.1600769670946189,-0.2831042415627189,-0.0370496926265189,,,
2026-09-09,20,XLP,volatility,1,-0.1451373978162294,-0.1451373978162294,-0.1451373978162294,-0.1451373978162294,,,
2026-09-09,20,XLI,equity,3,0.5950823771018464,0.584824938845954,0.5396934246564108,0.6607287678031747,,,
2026-09-09,20,XLI,rates,2,0.0081848785763936,0.0081848785763936,-0.0574537122737033,0.0738234694264905,,,
2026-09-09,20,XLI,credit,2,0.203061198708243,0.203061198708243,0.103901544919441,0.302220852497045,,,
2026-09-09,20,XLI,commodities,2,-0.0095154953568845,-0.0095154953568845,-0.2749645311851166,0.2559335404713475,,,
2026-09-09,20,XLI,fx,2,-0.0907455105312548,-0.0907455105312548,-0.1356039609019187,-0.0458870601605909,,,
2026-09-09,20,XLI,volatility,1,-0.5279885881331271,-0.5279885881331271,-0.5279885881331271,-0.5279885881331271,,,
2026-09-09,20,XLB,equity,3,0.2644373646822623,0.2523183463379521,0.0397599764403069,0.501233771268528,,,
2026-09-09,20,XLB,rates,2,0.1860206433489313,0.1860206433489313,0.1330415262513935,0.2389997604464691,,,
2026-09-09,20,XLB,credit,2,0.2375329323013482,0.2375329323013482,0.2206296631186021,0.2544362014840942,,,
2026-09-09,20,XLB,commodities,2,0.1194230006692728,0.1194230006692728,-0.2873726697531052,0.5262186710916509,,,
2026-09-09,20,XLB,fx,2,-0.1679080952387038,-0.1679080952387038,-0.3275725126060391,-0.0082436778713685,,,
2026-09-09,20,XLB,volatility,1,-0.5335748510859831,-0.5335748510859831,-0.5335748510859831,-0.5335748510859831,,,
2026-09-09,20,XLRE,equity,3,0.2857105510715769,0.2348118665933206,0.2147871865450417,0.4075326000763685,,,
2026-09-09,20,XLRE,rates,2,0.4512078755223769,0.4512078755223769,0.4266136016770347,0.475802149367719,,,
2026-09-09,20,XLRE,credit,2,0.4794778868764771,0.4794778868764771,0.4449237924446631,0.5140319813082911,,,
2026-09-09,20,XLRE,commodities,2,-0.0434750244917579,-0.0434750244917579,-0.3798377008006245,0.2928876518171087,,,
2026-09-09,20,XLRE,fx,2,-0.1855861872218068,-0.1855861872218068,-0.3461755599169884,-0.0249968145266251,,,
2026-09-09,20,XLRE,volatility,1,-0.2243285103440987,-0.2243285103440987,-0.2243285103440987,-0.2243285103440987,,,
2026-09-09,20,XLU,equity,3,0.0533350595145687,0.0666180367041154,-0.0112762581062869,0.1046633999458777,,,
2026-09-09,20,XLU,rates,2,0.3225838126606055,0.3225838126606055,0.2974723231738369,0.3476953021473742,,,
2026-09-09,20,XLU,credit,2,0.1760732338910232,0.1760732338910232,0.1002919587633674,0.251854509018679,,,
2026-09-09,20,XLU,commodities,2,-0.0905316621961389,-0.0905316621961389,-0.1444626574905165,-0.0366006669017612,,,
2026-09-09,20,XLU,fx,2,-0.0203264217616395,-0.0203264217616395,-0.0401417379176542,-0.0005111056056248,,,
2026-09-09,20,XLU,volatility,1,0.0850851017462741,0.0850851017462741,0.0850851017462741,0.0850851017462741,,,
2026-09-09,20,XLC,equity,3,0.2812312947233017,0.2418026419321748,0.1210225679268778,0.4808686743108523,,,
2026-09-09,20,XLC,rates,2,0.4511181548321604,0.4511181548321604,0.4107071343493885,0.4915291753149323,,,
2026-09-09,20,XLC,credit,2,0.4339310871142616,0.4339310871142616,0.4162333104285549,0.4516288637999684,,,
2026-09-09,20,XLC,commodities,2,-0.2661184320700754,-0.2661184320700754,-0.5898675181379038,0.0576306539977529,,,
2026-09-09,20,XLC,fx,2,-0.1993607664785322,-0.1993607664785322,-0.2557034588888152,-0.1430180740682493,,,
2026-09-09,20,XLC,volatility,1,-0.4132994693786584,-0.4132994693786584,-0.4132994693786584,-0.4132994693786584,,,
2026-09-09,60,XLK,equity,3,0.8061915172597264,0.7814783632788344,0.6814978297149965,0.9555983587853482,,,
2026-09-09,60,XLK,rates,2,0.1559244962069985,0.1559244962069985,0.1323372079166933,0.1795117844973038,,,
2026-09-09,60,XLK,credit,2,0.376562637635513,0.376562637635513,0.2557572322535045,0.4973680430175214,,,
2026-09-09,60,XLK,commodities,2,0.0438787500096374,0.0438787500096374,-0.1762537611181811,0.2640112611374561,,,
2026-09-09,60,XLK,fx,2,-0.0803747714218654,-0.0803747714218654,-0.17117414940119,0.0104246065574591,,,
2026-09-09,60,XLK,volatility,1,-0.5808367295505896,-0.5808367295505896,-0.5808367295505896,-0.5808367295505896,,,
2026-09-09,60,XLF,equity,3,0.2122218603154046,0.2510484260224479,0.0268366748889666,0.3587804800347993,,,
2026-09-09,60,XLF,rates,2,0.2707673114874793,0.2707673114874793,0.2438638259743461,0.2976707970006126,,,
2026-09-09,60,XLF,credit,2,0.3662671068565908,0.3662671068565908,0.3361513095795075,0.3963829041336741,,,
2026-09-09,60,XLF,commodities,2,-0.1747713947264295,-0.1747713947264295,-0.5000468443776693,0.1505040549248103,,,
2026-09-09,60,XLF,fx,2,-0.0524245035744314,-0.0524245035744314,-0.0886081486264673,-0.0162408585223955,,,
2026-09-09,60,XLF,volatility,1,-0.2764338041785579,-0.2764338041785579,-0.2764338041785579,-0.2764338041785579,,,
2026-09-09,60,XLV,equity,3,-0.1918228855418915,-0.1581012834306318,-0.4139207886956138,-0.003446584499429,,,
2026-09-09,60,XLV,rates,2,0.2871367442145018,0.2871367442145018,0.2834740442735747,0.2907994441554291,,,
2026-09-09,60,XLV,credit,2,0.1363882141957023,0.1363882141957023,0.0526581716609731,0.2201182567304316,,,
2026-09-09,60,XLV,commodities,2,0.0209255591271803,0.0209255591271803,-0.1136216940651207,0.1554728123194815,,,
2026-09-09,60,XLV,fx,2,-0.1351264685210522,-0.1351264685210522,-0.1449776327994729,-0.1252753042426314,,,
2026-09-09,60,XLV,volatility,1,0.0735336497153137,0.0735336497153137,0.0735336497153137,0.0735336497153137,,,
2026-09-09,60,XLE,equity,3,-0.3856988103420569,-0.357359374578159,-0.4768022303656883,-0.3229348260823234,,,
2026-09-09,60,XLE,rates,2,-0.5673483656358937,-0.5673483656358937,-0.5742972180543903,-0.5603995132173973,,,
2026-09-09,60,XLE,credit,2,-0.5219040858473338,-0.5219040858473338,-0.5803814619523313,-0.4634267097423364,,,
2026-09-09,60,XLE,commodities,2,0.2913363392077444,0.2913363392077444,-0.1700503069065234,0.7527229853220121,,,
2026-09-09,60,XLE,fx,2,0.0416310424439224,0.0416310424439224,0.0346561660710645,0.0486059188167802,,,
2026-09-09,60,XLE,volatility,1,0.3478373047210949,0.3478373047210949,0.3478373047210949,0.3478373047210949,,,
2026-09-09,60,XLY,equity,3,0.4843354065535805,0.4199160797208381,0.3990447821805574,0.6340453577593461,,,
2026-09-09,60,XLY,rates,2,0.3588053037696642,0.3588053037696642,0.3084789942679506,0.4091316132713778,,,
2026-09-09,60,XLY,credit,2,0.5341729086214648,0.5341729086214648,0.4311677120072489,0.6371781052356806,,,
2026-09-09,60,XLY,commodities,2,-0.1461974981357532,-0.1461974981357532,-0.4965236516507955,0.2041286553792891,,,
2026-09-09,60,XLY,fx,2,-0.1380570663215406,-0.1380570663215406,-0.293300321619889,0.0171861889768077,,,
2026-09-09,60,XLY,volatility,1,-0.6115573885637596,-0.6115573885637596,-0.6115573885637596,-0.6115573885637596,,,
2026-09-09,60,XLP,equity,3,-0.2595781326655045,-0.1629020530056557,-0.4601040267941003,-0.1557283181967575,,,
2026-09-09,60,XLP,rates,2,0.2755738560202036,0.2755738560202036,0.259392548925898,0.2917551631145092,,,
2026-09-09,60,XLP,credit,2,0.1776441759093807,0.1776441759093807,0.1172790342393363,0.2380093175794251,,,
2026-09-09,60,XLP,commodities,2,-0.1868998826792234,-0.1868998826792234,-0.2673804805469376,-0.1064192848115093,,,
2026-09-09,60,XLP,fx,2,-0.1115720627964052,-0.1115720627964052,-0.247875705627461,0.0247315800346506,,,
2026-09-09,60,XLP,volatility,1,0.1516751384195178,0.1516751384195178,0.1516751384195178,0.1516751384195178,,,
2026-09-09,60,XLI,equity,3,0.613494224078023,0.610931798989277,0.5984555322761461,0.6310953409686461,,,
2026-09-09,60,XLI,rates,2,0.2797642054114352,0.2797642054114352,0.2708427684169527,0.2886856424059177,,,
2026-09-09,60,XLI,credit,2,0.3488300865974638,0.3488300865974638,0.3219993895251484,0.3756607836697793,,,
2026-09-09,60,XLI,commodities,2,-0.1076319527742122,-0.1076319527742122,-0.3088818245908898,0.0936179190424652,,,
2026-09-09,60,XLI,fx,2,-0.0213998349469042,-0.0213998349469042,-0.0386211876508242,-0.0041784822429843,,,
2026-09-09,60,XLI,volatility,1,-0.421146502663377,-0.421146502663377,-0.421146502663377,-0.421146502663377,,,
2026-09-09,60,XLB,equity,3,0.2676708399068586,0.2892574752232759,0.10300241182242,0.4107526326748797,,,
2026-09-09,60,XLB,rates,2,0.3297250358368644,0.3297250358368644,0.3143295182281684,0.3451205534455605,,,
2026-09-09,60,XLB,credit,2,0.3239451222840223,0.3239451222840223,0.3161589757456158,0.3317312688224288,,,
2026-09-09,60,XLB,commodities,2,0.0380842738056359,0.0380842738056359,-0.3774645853659668,0.4536331329772387,,,
2026-09-09,60,XLB,fx,2,-0.1753944695328205,-0.1753944695328205,-0.2101259347305907,-0.1406630043350503,,,
2026-09-09,60,XLB,volatility,1,-0.2875131329224357,-0.2875131329224357,-0.2875131329224357,-0.2875131329224357,,,
2026-09-09,60,XLRE,equity,3,-0.1259689374606878,-0.0691694735764715,-0.3227539108130486,0.0140165720074568,,,
2026-09-09,60,XLRE,rates,2,0.2863875730423498,0.2863875730423498,0.2087570239464953,0.3640181221382042,,,
2026-09-09,60,XLRE,credit,2,0.2244087655576693,0.2244087655576693,0.2103959088457397,0.2384216222695989,,,
2026-09-09,60,XLRE,commodities,2,-0.0512052841118226,-0.0512052841118226,-0.1893901751764791,0.0869796069528338,,,
2026-09-09,60,XLRE,fx,2,-0.1333649320501494,-0.1333649320501494,-0.1802907908937227,-0.086439073206576,,,
2026-09-09,60,XLRE,volatility,1,0.0913878915281233,0.0913878915281233,0.0913878915281233,0.0913878915281233,,,
2026-09-09,60,XLU,equity,3,-0.0682434922644483,-0.0686343843184189,-0.1626329825510817,0.0265368900761556,,,
2026-09-09,60,XLU,rates,2,0.2636076922833525,0.2636076922833525,0.2498206830585977,0.2773947015081074,,,
2026-09-09,60,XLU,credit,2,0.1225524715177237,0.1225524715177237,0.0610409644809893,0.1840639785544581,,,
2026-09-09,60,XLU,commodities,2,-0.0207563526199326,-0.0207563526199326,-0.078467985249463,0.0369552800095977,,,
2026-09-09,60,XLU,fx,2,-0.1383805803562376,-0.1383805803562376,-0.3189510585893368,0.0421898978768615,,,
2026-09-09,60,XLU,volatility,1,-0.0073846581611302,-0.0073846581611302,-0.0073846581611302,-0.0073846581611302,,,
2026-09-09,60,XLC,equity,3,0.2177875304222714,0.1802824459819067,0.0894057937559324,0.3836743515289749,,,
2026-09-09,60,XLC,rates,2,0.2254332788077226,0.2254332788077226,0.1679703085001725,0.2828962491152727,,,
2026-09-09,60,XLC,credit,2,0.3732552305887908,0.3732552305887908,0.2928119772927186,0.453698483884863,,,
2026-09-09,60,XLC,commodities,2,-0.1876899512995131,-0.1876899512995131,-0.3963181394321982,0.0209382368331719,,,
2026-09-09,60,XLC,fx,2,-0.0639663134141933,-0.0639663134141933,-0.0715456190874175,-0.0563870077409692,,,
2026-09-09,60,XLC,volatility,1,-0.2251179913530011,-0.2251179913530011,-0.2251179913530011,-0.2251179913530011,,,
2026-09-10,20,XLK,equity,3,0.6938193938656658,0.6286254028500234,0.5268277982586894,0.9260049804882844,,,
2026-09-10,20,XLK,rates,2,0.0553126601005914,0.0553126601005914,-0.042556987335862,0.153182307537045,,,
2026-09-10,20,XLK,credit,2,0.2578010282793794,0.2578010282793794,0.1742340673142274,0.3413679892445314,,,
2026-09-10,20,XLK,commodities,2,0.1052876403113288,0.1052876403113288,-0.1036433983084022,0.3142186789310599,,,
2026-09-10,20,XLK,fx,2,-0.2268426525370257,-0.2268426525370257,-0.255798318053743,-0.1978869870203085,,,
2026-09-10,20,XLK,volatility,1,-0.4733673651191729,-0.4733673651191729,-0.4733673651191729,-0.4733673651191729,,,
2026-09-10,20,XLF,equity,3,0.3186934938889643,0.2865831891622243,0.13716902501643,0.5323282674882386,,,
2026-09-10,20,XLF,rates,2,0.3092984837284326,0.3092984837284326,0.3000054643642588,0.3185915030926063,,,
2026-09-10,20,XLF,credit,2,0.3797022687215549,0.3797022687215549,0.3523693475189474,0.4070351899241624,,,
2026-09-10,20,XLF,commodities,2,-0.1740066072707748,-0.1740066072707748,-0.5385611979194562,0.1905479833779064,,,
2026-09-10,20,XLF,fx,2,-0.2074248164514333,-0.2074248164514333,-0.3332358363509621,-0.0816137965519045,,,
2026-09-10,20,XLF,volatility,1,-0.4560004434991686,-0.4560004434991686,-0.4560004434991686,-0.4560004434991686,,,
2026-09-10,20,XLV,equity,3,0.1129983781080774,0.2320869142676298,-0.1556878232555769,0.2625960433121794,,,
2026-09-10,20,XLV,rates,2,0.6086478542023721,0.6086478542023721,0.557892000270773,0.6594037081339711,,,
2026-09-10,20,XLV,credit,2,0.4795762241053331,0.4795762241053331,0.4011922468446196,0.5579602013660466,,,
2026-09-10,20,XLV,commodities,2,0.0789474078381206,0.0789474078381206,-0.2490422383687252,0.4069370540449666,,,
2026-09-10,20,XLV,fx,2,-0.4004982896602927,-0.4004982896602927,-0.5310349152518195,-0.2699616640687661,,,
2026-09-10,20,XLV,volatility,1,-0.3465409675881629,-0.3465409675881629,-0.3465409675881629,-0.3465409675881629,,,
2026-09-10,20,XLE,equity,3,-0.4053295050224726,-0.4022682234790178,-0.4452322922672722,-0.3684879993211278,,,
2026-09-10,20,XLE,rates,2,-0.3838729307524781,-0.3838729307524781,-0.4173981947449989,-0.3503476667599573,,,
2026-09-10,20,XLE,credit,2,-0.3660080693676283,-0.3660080693676283,-0.3783355927469178,-0.3536805459883388,,,
2026-09-10,20,XLE,commodities,2,0.113035968652004,0.113035968652004,-0.2727307715496813,0.4988027088536895,,,
2026-09-10,20,XLE,fx,2,-0.0372177266081928,-0.0372177266081928,-0.0896987548173808,0.015263301600995,,,
2026-09-10,20,XLE,volatility,1,0.2863111376735102,0.2863111376735102,0.2863111376735102,0.2863111376735102,,,
2026-09-10,20,XLY,equity,3,0.3981852777625889,0.4107777227112009,0.1959531854096399,0.5878249251669257,,,
2026-09-10,20,XLY,rates,2,0.4586861271924693,0.4586861271924693,0.4039256957084363,0.5134465586765024,,,
2026-09-10,20,XLY,credit,2,0.5031661329580532,0.5031661329580532,0.4669168632539449,0.5394154026621616,,,
2026-09-10,20,XLY,commodities,2,-0.0151691435856574,-0.0151691435856574,-0.4590132582141848,0.4286749710428699,,,
2026-09-10,20,XLY,fx,2,-0.4181537053309642,-0.4181537053309642,-0.4466011193299362,-0.3897062913319921,,,
2026-09-10,20,XLY,volatility,1,-0.6604427655474833,-0.6604427655474833,-0.6604427655474833,-0.6604427655474833,,,
2026-09-10,20,XLP,equity,3,-0.1301267550487405,0.0231543535007149,-0.4568540612131918,0.0433194425662552,,,
2026-09-10,20,XLP,rates,2,0.3169852616903597,0.3169852616903597,0.2202344741110307,0.4137360492696885,,,
2026-09-10,20,XLP,credit,2,0.193453872271835,0.193453872271835,0.1466204956641942,0.2402872488794759,,,
2026-09-10,20,XLP,commodities,2,-0.1069591802981136,-0.1069591802981136,-0.2272179680766395,0.0132996074804122,,,
2026-09-10,20,XLP,fx,2,-0.1352619481220852,-0.1352619481220852,-0.2308631914637322,-0.0396607047804381,,,
2026-09-10,20,XLP,volatility,1,-0.1531115099738756,-0.1531115099738756,-0.1531115099738756,-0.1531115099738756,,,
2026-09-10,20,XLI,equity,3,0.6046778631800677,0.5661922662139858,0.5594527428501155,0.6883885804761019,,,
2026-09-10,20,XLI,rates,2,0.0774235256755073,0.0774235256755073,0.0300803045647364,0.1247667467862782,,,
2026-09-10,20,XLI,credit,2,0.2213374821662388,0.2213374821662388,0.122937192992265,0.3197377713402127,,,
2026-09-10,20,XLI,commodities,2,-0.0347225713993693,-0.0347225713993693,-0.3032309336597129,0.2337857908609741,,,
2026-09-10,20,XLI,fx,2,-0.0882007753550701,-0.0882007753550701,-0.166318029772639,-0.0100835209375013,,,
2026-09-10,20,XLI,volatility,1,-0.5425667242891131,-0.5425667242891131,-0.5425667242891131,-0.5425667242891131,,,
2026-09-10,20,XLB,equity,3,0.4563452139111781,0.4424242560697348,0.2438421822058612,0.6827692034579382,,,
2026-09-10,20,XLB,rates,2,0.3775617605643336,0.3775617605643336,0.3719417033866251,0.3831818177420422,,,
2026-09-10,20,XLB,credit,2,0.4623180748898551,0.4623180748898551,0.4130728237351677,0.5115633260445425,,,
2026-09-10,20,XLB,commodities,2,0.0384718809329862,0.0384718809329862,-0.4885142014590899,0.5654579633250624,,,
2026-09-10,20,XLB,fx,2,-0.1834115720600363,-0.1834115720600363,-0.3350827450456309,-0.0317403990744416,,,
2026-09-10,20,XLB,volatility,1,-0.6982350017001107,-0.6982350017001107,-0.6982350017001107,-0.6982350017001107,,,
2026-09-10,20,XLRE,equity,3,0.2252888058436772,0.2560013189945099,0.0710868972964717,0.34877820124005,,,
2026-09-10,20,XLRE,rates,2,0.4739344606517643,0.4739344606517643,0.4496149810340596,0.498253940269469,,,
2026-09-10,20,XLRE,credit,2,0.4420933062768675,0.4420933062768675,0.4126994940471781,0.471487118506557,,,
2026-09-10,20,XLRE,commodities,2,0.0218658597260812,0.0218658597260812,-0.3782551351540492,0.4219868546062117,,,
2026-09-10,20,XLRE,fx,2,-0.2067054353503771,-0.2067054353503771,-0.4978226555104855,0.0844117848097313,,,
2026-09-10,20,XLRE,volatility,1,-0.326084216735835,-0.326084216735835,-0.326084216735835,-0.326084216735835,,,
2026-09-10,20,XLU,equity,3,0.0820947330722928,0.0921556450475485,-0.0323686157444871,0.1864971699138169,,,
2026-09-10,20,XLU,rates,2,0.3837466386119424,0.3837466386119424,0.3729812213968753,0.3945120558270096,,,
2026-09-10,20,XLU,credit,2,0.2376171354157469,0.2376171354157469,0.1832195471638108,0.2920147236676831,,,
2026-09-10,20,XLU,commodities,2,-0.1077336910323816,-0.1077336910323816,-0.2188506978510047,0.0033833157862414,,,
2026-09-10,20,XLU,fx,2,-0.0379309039500963,-0.0379309039500963,-0.1180558121636771,0.0421940042634843,,,
2026-09-10,20,XLU,volatility,1,-0.0318237693041239,-0.0318237693041239,-0.0318237693041239,-0.0318237693041239,,,
2026-09-10,20,XLC,equity,3,0.2111714026999745,0.257851222518431,-0.0235916118801501,0.3992545974616425,,,
2026-09-10,20,XLC,rates,2,0.2975828695980909,0.2975828695980909,0.2219477716894317,0.37321796750675,,,
2026-09-10,20,XLC,credit,2,0.2577598772656636,0.2577598772656636,0.2412532591626779,0.2742664953686492,,,
2026-09-10,20,XLC,commodities,2,-0.1547257337785266,-0.1547257337785266,-0.4536340454496999,0.1441825778926466,,,
2026-09-10,20,XLC,fx,2,-0.1472917048357132,-0.1472917048357132,-0.2250099668996892,-0.0695734427717371,,,
2026-09-10,20,XLC,volatility,1,-0.4600877017519318,-0.4600877017519318,-0.4600877017519318,-0.4600877017519318,,,
2026-09-10,60,XLK,equity,3,0.7989463971914171,0.7890550925827552,0.651589212431041,0.9561948865604556,,,
2026-09-10,60,XLK,rates,2,0.1481725668384994,0.1481725668384994,0.1284262706761088,0.1679188630008899,,,
2026-09-10,60,XLK,credit,2,0.3646883947972848,0.3646883947972848,0.2515628987039989,0.4778138908905707,,,
2026-09-10,60,XLK,commodities,2,0.0467473186802181,0.0467473186802181,-0.1969696860512152,0.2904643234116515,,,
2026-09-10,60,XLK,fx,2,-0.0857223987641234,-0.0857223987641234,-0.2821532966265258,0.1107084990982787,,,
2026-09-10,60,XLK,volatility,1,-0.5737524624901944,-0.5737524624901944,-0.5737524624901944,-0.5737524624901944,,,
2026-09-10,60,XLF,equity,3,0.2685125939150071,0.3347975406049803,0.0716739165236469,0.3990663246163939,,,
2026-09-10,60,XLF,rates,2,0.3163121091439316,0.3163121091439316,0.296652356451101,0.3359718618367621,,,
2026-09-10,60,XLF,credit,2,0.4128975280056967,0.4128975280056967,0.3652589370433441,0.4605361189680492,,,
2026-09-10,60,XLF,commodities,2,-0.1988370769127755,-0.1988370769127755,-0.5269128320361989,0.1292386782106478,,,
2026-09-10,60,XLF,fx,2,-0.0514266745956403,-0.0514266745956403,-0.0900727547300515,-0.0127805944612292,,,
2026-09-10,60,XLF,volatility,1,-0.329376224999455,-0.329376224999455,-0.329376224999455,-0.329376224999455,,,
2026-09-10,60,XLV,equity,3,-0.1802188225055973,-0.1728076405459266,-0.4109216087685876,0.0430727817977222,,,
2026-09-10,60,XLV,rates,2,0.3213276994696294,0.3213276994696294,0.2992271067248413,0.3434282922144175,,,
2026-09-10,60,XLV,credit,2,0.1585509368273439,0.1585509368273439,0.0739924531417823,0.2431094205129054,,,
2026-09-10,60,XLV,commodities,2,-0.0125272708946069,-0.0125272708946069,-0.1503483869363743,0.1252938451471604,,,
2026-09-10,60,XLV,fx,2,-0.1308695525162728,-0.1308695525162728,-0.2090363055923056,-0.0527027994402399,,,
2026-09-10,60,XLV,volatility,1,0.0739143496904922,0.0739143496904922,0.0739143496904922,0.0739143496904922,,,
2026-09-10,60,XLE,equity,3,-0.3746231544644689,-0.3748596383964183,-0.451766226745125,-0.2972435982518635,,,
2026-09-10,60,XLE,rates,2,-0.5315556112142978,-0.5315556112142978,-0.5378347156433376,-0.525276506785258,,,
2026-09-10,60,XLE,credit,2,-0.4889575624853794,-0.4889575624853794,-0.5323782650875963,-0.4455368598831626,,,
2026-09-10,60,XLE,commodities,2,0.2666708251480496,0.2666708251480496,-0.1976988793316366,0.7310405296277358,,,
2026-09-10,60,XLE,fx,2,0.0561725608225562,0.0561725608225562,-0.0290926746517622,0.1414377962968746,,,
2026-09-10,60,XLE,volatility,1,0.3523635836652944,0.3523635836652944,0.3523635836652944,0.3523635836652944,,,
2026-09-10,60,XLY,equity,3,0.4580922823336034,0.4005006292605712,0.3687642520727446,0.6050119656674943,,,
2026-09-10,60,XLY,rates,2,0.3442466422424973,0.3442466422424973,0.3308320248574095,0.3576612596275851,,,
2026-09-10,60,XLY,credit,2,0.4885264334256254,0.4885264334256254,0.3988556431095918,0.5781972237416589,,,
2026-09-10,60,XLY,commodities,2,-0.188657499519888,-0.188657499519888,-0.5404348336927147,0.1631198346529387,,,
2026-09-10,60,XLY,fx,2,-0.1072698456974633,-0.1072698456974633,-0.3207226323659288,0.1061829409710022,,,
2026-09-10,60,XLY,volatility,1,-0.5751904171007006,-0.5751904171007006,-0.5751904171007006,-0.5751904171007006,,,
2026-09-10,60,XLP,equity,3,-0.2868477995306212,-0.2177818404041545,-0.497883946534512,-0.1448776116531968,,,
2026-09-10,60,XLP,rates,2,0.2784614079075246,0.2784614079075246,0.2566899091705427,0.3002329066445066,,,
2026-09-10,60,XLP,credit,2,0.1458724286934347,0.1458724286934347,0.0740918663692601,0.2176529910176092,,,
2026-09-10,60,XLP,commodities,2,-0.2422269750907746,-0.2422269750907746,-0.3020859291293366,-0.1823680210522127,,,
2026-09-10,60,XLP,fx,2,-0.0780271757045655,-0.0780271757045655,-0.2903265550277431,0.134272203618612,,,
2026-09-10,60,XLP,volatility,1,0.2077446657426978,0.2077446657426978,0.2077446657426978,0.2077446657426978,,,
2026-09-10,60,XLI,equity,3,0.6248076962848398,0.6283052930961098,0.5927971095843777,0.6533206861740319,,,
2026-09-10,60,XLI,rates,2,0.2965232961609259,0.2965232961609259,0.2891500158449642,0.3038965764768876,,,
2026-09-10,60,XLI,credit,2,0.3608067085647927,0.3608067085647927,0.3246861065723486,0.3969273105572368,,,
2026-09-10,60,XLI,commodities,2,-0.1177525703694264,-0.1177525703694264,-0.3305301743932956,0.0950250336544426,,,
2026-09-10,60,XLI,fx,2,-0.0223766065775323,-0.0223766065775323,-0.0879694115918016,0.0432161984367369,,,
2026-09-10,60,XLI,volatility,1,-0.4366027372087719,-0.4366027372087719,-0.4366027372087719,-0.4366027372087719,,,
2026-09-10,60,XLB,equity,3,0.2947637062700125,0.2978833681644128,0.1207561148603163,0.4656516357853084,,,
2026-09-10,60,XLB,rates,2,0.3702377917977943,0.3702377917977943,0.3680618913673946,0.3724136922281941,,,
2026-09-10,60,XLB,credit,2,0.3574643326159004,0.3574643326159004,0.3447953383190579,0.3701333269127428,,,
2026-09-10,60,XLB,commodities,2,0.0075261148319379,0.0075261148319379,-0.4188262388979868,0.4338784685618626,,,
2026-09-10,60,XLB,fx,2,-0.1775112077764748,-0.1775112077764748,-0.1870362112816425,-0.1679862042713071,,,
2026-09-10,60,XLB,volatility,1,-0.3079251018987264,-0.3079251018987264,-0.3079251018987264,-0.3079251018987264,,,
2026-09-10,60,XLRE,equity,3,-0.1511730042613371,-0.1298637892219177,-0.3608535690537643,0.0371983454916705,,,
2026-09-10,60,XLRE,rates,2,0.3197152450022198,0.3197152450022198,0.2851264505859684,0.3543040394184713,,,
2026-09-10,60,XLRE,credit,2,0.2190494236735762,0.2190494236735762,0.1868510689464606,0.2512477784006918,,,
2026-09-10,60,XLRE,commodities,2,-0.1188665977128429,-0.1188665977128429,-0.2592297563554312,0.0214965609297454,,,
2026-09-10,60,XLRE,fx,2,-0.0999640650030358,-0.0999640650030358,-0.2010769681892349,0.0011488381831633,,,
2026-09-10,60,XLRE,volatility,1,0.1517638541661898,0.1517638541661898,0.1517638541661898,0.1517638541661898,,,
2026-09-10,60,XLU,equity,3,-0.0922817030100419,-0.1056475459594131,-0.1973643896612109,0.0261668265904982,,,
2026-09-10,60,XLU,rates,2,0.2820068275463583,0.2820068275463583,0.2739395724848215,0.2900740826078951,,,
2026-09-10,60,XLU,credit,2,0.1205395080368824,0.1205395080368824,0.046451022852138,0.1946279932216268,,,
2026-09-10,60,XLU,commodities,2,-0.0609365305057502,-0.0609365305057502,-0.1034326615805681,-0.0184403994309322,,,
2026-09-10,60,XLU,fx,2,-0.1264469361500417,-0.1264469361500417,-0.2906149511081022,0.0377210788080187,,,
2026-09-10,60,XLU,volatility,1,0.02942168519873,0.02942168519873,0.02942168519873,0.02942168519873,,,
2026-09-10,60,XLC,equity,3,0.1831829419256592,0.1566389694130443,0.0575856599065695,0.3353241964573637,,,
2026-09-10,60,XLC,rates,2,0.1903940919942372,0.1903940919942372,0.1783372964803477,0.2024508875081268,,,
2026-09-10,60,XLC,credit,2,0.3027753242486733,0.3027753242486733,0.2383841085188458,0.3671665399785009,,,
2026-09-10,60,XLC,commodities,2,-0.2366644388417557,-0.2366644388417557,-0.4189132775339423,-0.054415600149569,,,
2026-09-10,60,XLC,fx,2,-0.0132364403339002,-0.0132364403339002,-0.0521184943957193,0.0256456137279189,,,
2026-09-10,60,XLC,volatility,1,-0.1568301505962079,-0.1568301505962079,-0.1568301505962079,-0.1568301505962079,,,
2026-09-11,20,XLK,equity,3,0.7216749756398909,0.6580281885639292,0.5750661285042479,0.931930609851496,,,
2026-09-11,20,XLK,rates,2,0.04548398060107,0.04548398060107,-0.0351275519897833,0.1260955131919234,,,
2026-09-11,20,XLK,credit,2,0.2520574394003346,0.2520574394003346,0.1691849082004195,0.3349299706002498,,,
2026-09-11,20,XLK,commodities,2,0.0761168527853635,0.0761168527853635,-0.173940220060525,0.3261739256312522,,,
2026-09-11,20,XLK,fx,2,-0.2463153457404669,-0.2463153457404669,-0.2525997310871044,-0.2400309603938294,,,
2026-09-11,20,XLK,volatility,1,-0.5324282418808822,-0.5324282418808822,-0.5324282418808822,-0.5324282418808822,,,
2026-09-11,20,XLF,equity,3,0.3609022639845715,0.3334946504037013,0.1895124976334717,0.5596996439165416,,,
2026-09-11,20,XLF,rates,2,0.2994123802172869,0.2994123802172869,0.2945793928997788,0.304245367534795,,,
2026-09-11,20,XLF,credit,2,0.3754695398461549,0.3754695398461549,0.3488366628813018,0.4021024168110079,,,
2026-09-11,20,XLF,commodities,2,-0.1803568545972069,-0.1803568545972069,-0.5654022793219433,0.2046885701275295,,,
2026-09-11,20,XLF,fx,2,-0.2221103655393086,-0.2221103655393086,-0.3622742312746764,-0.0819464998039408,,,
2026-09-11,20,XLF,volatility,1,-0.4980786413611349,-0.4980786413611349,-0.4980786413611349,-0.4980786413611349,,,
2026-09-11,20,XLV,equity,3,0.1037288608919269,0.1883132857110242,-0.1643750840547189,0.2872483810194755,,,
2026-09-11,20,XLV,rates,2,0.5987127059516155,0.5987127059516155,0.551259368354128,0.6461660435491029,,,
2026-09-11,20,XLV,credit,2,0.4697055836507262,0.4697055836507262,0.3943437966057468,0.5450673706957057,,,
2026-09-11,20,XLV,commodities,2,0.0978997926235215,0.0978997926235215,-0.220767776693236,0.4165673619402791,,,
2026-09-11,20,XLV,fx,2,-0.4155030032836989,-0.4155030032836989,-0.5755625890721394,-0.2554434174952585,,,
2026-09-11,20,XLV,volatility,1,-0.2915386459191529,-0.2915386459191529,-0.2915386459191529,-0.2915386459191529,,,
2026-09-11,20,XLE,equity,3,-0.4156451420493182,-0.4044169267058024,-0.4471305835938088,-0.3953879158483433,,,
2026-09-11,20,XLE,rates,2,-0.3560424879472288,-0.3560424879472288,-0.3827642562202988,-0.3293207196741587,,,
2026-09-11,20,XLE,credit,2,-0.3457785758655548,-0.3457785758655548,-0.3479722694701306,-0.3435848822609791,,,
2026-09-11,20,XLE,commodities,2,0.0897440124370235,0.0897440124370235,-0.3033764291387922,0.4828644540128392,,,
2026-09-11,20,XLE,fx,2,-0.0100574460333239,-0.0100574460333239,-0.0952721511650464,0.0751572590983986,,,
2026-09-11,20,XLE,volatility,1,0.2802743760362228,0.2802743760362228,0.2802743760362228,0.2802743760362228,,,
2026-09-11,20,XLY,equity,3,0.4407190124343986,0.4483724538096787,0.2529187401362979,0.6208658433572194,,,
2026-09-11,20,XLY,rates,2,0.4516518821377078,0.4516518821377078,0.3790805243746494,0.5242232399007662,,,
2026-09-11,20,XLY,credit,2,0.5002635976134675,0.5002635976134675,0.4691889432204327,0.5313382520065024,,,
2026-09-11,20,XLY,commodities,2,-0.0330242685478427,-0.0330242685478427,-0.4990601386184607,0.4330116015227752,,,
2026-09-11,20,XLY,fx,2,-0.4258375557839995,-0.4258375557839995,-0.4314339807808089,-0.4202411307871901,,,
2026-09-11,20,XLY,volatility,1,-0.6789030501265252,-0.6789030501265252,-0.6789030501265252,-0.6789030501265252,,,
2026-09-11,20,XLP,equity,3,-0.0908776512843789,0.0534353322248268,-0.3988745714644823,0.0728062853865186,,,
2026-09-11,20,XLP,rates,2,0.3302820478155666,0.3302820478155666,0.2208286485054219,0.4397354471257113,,,
2026-09-11,20,XLP,credit,2,0.2065263601668236,0.2065263601668236,0.1537915327086126,0.2592611876250346,,,
2026-09-11,20,XLP,commodities,2,-0.1181762857149053,-0.1181762857149053,-0.2537369397646713,0.0173843683348606,,,
2026-09-11,20,XLP,fx,2,-0.136377756874519,-0.136377756874519,-0.2500327595047411,-0.022722754244297,,,
2026-09-11,20,XLP,volatility,1,-0.1875861531155312,-0.1875861531155312,-0.1875861531155312,-0.1875861531155312,,,
2026-09-11,20,XLI,equity,3,0.6551699091507377,0.656989060392133,0.6279377679226996,0.6805828991373802,,,
2026-09-11,20,XLI,rates,2,0.1114285779256501,0.1114285779256501,0.1016372189636002,0.1212199368877,,,
2026-09-11,20,XLI,credit,2,0.2507415080716922,0.2507415080716922,0.1736473909614082,0.3278356251819762,,,
2026-09-11,20,XLI,commodities,2,-0.0849479109594849,-0.0849479109594849,-0.4021246368890104,0.2322288149700406,,,
2026-09-11,20,XLI,fx,2,-0.095880482067664,-0.095880482067664,-0.0968458888136428,-0.0949150753216853,,,
2026-09-11,20,XLI,volatility,1,-0.6267383038001663,-0.6267383038001663,-0.6267383038001663,-0.6267383038001663,,,
2026-09-11,20,XLB,equity,3,0.4702468675181508,0.4612121021435404,0.2682021879606451,0.681326312450267,,,
2026-09-11,20,XLB,rates,2,0.4062492583226524,0.4062492583226524,0.3858114087853235,0.4266871078599814,,,
2026-09-11,20,XLB,credit,2,0.4894298238408359,0.4894298238408359,0.4524189622414682,0.5264406854402035,,,
2026-09-11,20,XLB,commodities,2,0.0303971667037714,0.0303971667037714,-0.5043672746165025,0.5651616080240455,,,
2026-09-11,20,XLB,fx,2,-0.1830342947107679,-0.1830342947107679,-0.3099614432553467,-0.0561071461661891,,,
2026-09-11,20,XLB,volatility,1,-0.6519373177719073,-0.6519373177719073,-0.6519373177719073,-0.6519373177719073,,,
2026-09-11,20,XLRE,equity,3,0.3037319268810183,0.2735958763001251,0.1743251792666985,0.4632747250762312,,,
2026-09-11,20,XLRE,rates,2,0.4879783137234423,0.4879783137234423,0.4303793911163343,0.5455772363305503,,,
2026-09-11,20,XLRE,credit,2,0.4597179941386153,0.4597179941386153,0.4479617155973382,0.4714742726798925,,,
2026-09-11,20,XLRE,commodities,2,-0.0245725001141104,-0.0245725001141104,-0.4610580561962807,0.4119130559680599,,,
2026-09-11,20,XLRE,fx,2,-0.2129116546612759,-0.2129116546612759,-0.4253053347610903,-0.0005179745614615,,,
2026-09-11,20,XLRE,volatility,1,-0.4389213629531641,-0.4389213629531641,-0.4389213629531641,-0.4389213629531641,,,
2026-09-11,20,XLU,equity,3,0.064208094165935,0.094567288237427,-0.0358900234498279,0.1339470177102061,,,
2026-09-11,20,XLU,rates,2,0.4427284573213222,0.4427284573213222,0.4416269360865292,0.4438299785561153,,,
2026-09-11,20,XLU,credit,2,0.2813242264297036,0.2813242264297036,0.2062425992422865,0.3564058536171207,,,
2026-09-11,20,XLU,commodities,2,-0.1151641496986991,-0.1151641496986991,-0.2143601658262121,-0.0159681335711861,,,
2026-09-11,20,XLU,fx,2,-0.0144273567399877,-0.0144273567399877,-0.0732832915080755,0.0444285780281,,,
2026-09-11,20,XLU,volatility,1,0.0051593472938868,0.0051593472938868,0.0051593472938868,0.0051593472938868,,,
2026-09-11,20,XLC,equity,3,0.261158091670121,0.2803536642406746,0.0469862685513937,0.4561343422182948,,,
2026-09-11,20,XLC,rates,2,0.3090287950488679,0.3090287950488679,0.21406219762007,0.4039953924776658,,,
2026-09-11,20,XLC,credit,2,0.2723764223908895,0.2723764223908895,0.2483785498285951,0.2963742949531838,,,
2026-09-11,20,XLC,commodities,2,-0.1721847597228903,-0.1721847597228903,-0.4955742358947843,0.1512047164490035,,,
2026-09-11,20,XLC,fx,2,-0.1530396370113241,-0.1530396370113241,-0.2639337354159464,-0.0421455386067017,,,
2026-09-11,20,XLC,volatility,1,-0.5002838361327223,-0.5002838361327223,-0.5002838361327223,-0.5002838361327223,,,
2026-09-11,60,XLK,equity,3,0.8006131112709669,0.7912042259977731,0.6540331837061553,0.9566019241089724,,,
2026-09-11,60,XLK,rates,2,0.1460604958055863,0.1460604958055863,0.1321076323517723,0.1600133592594003,,,
2026-09-11,60,XLK,credit,2,0.3623656511224297,0.3623656511224297,0.2509294921017856,0.4738018101430737,,,
2026-09-11,60,XLK,commodities,2,0.0435767293584367,0.0435767293584367,-0.2060252843030857,0.2931787430199592,,,
2026-09-11,60,XLK,fx,2,-0.0897254305151486,-0.0897254305151486,-0.2778381761307719,0.0983873151004746,,,
2026-09-11,60,XLK,volatility,1,-0.578152528565212,-0.578152528565212,-0.578152528565212,-0.578152528565212,,,
2026-09-11,60,XLF,equity,3,0.2754812578632175,0.3394842519373354,0.0800105028775636,0.4069490187747536,,,
2026-09-11,60,XLF,rates,2,0.3133276731438044,0.3133276731438044,0.2992327363989746,0.3274226098886342,,,
2026-09-11,60,XLF,credit,2,0.4105990799205514,0.4105990799205514,0.364222896884022,0.4569752629570809,,,
2026-09-11,60,XLF,commodities,2,-0.1995594652501834,-0.1995594652501834,-0.5318544938707471,0.1327355633703803,,,
2026-09-11,60,XLF,fx,2,-0.0548267894467858,-0.0548267894467858,-0.0995649345374526,-0.0100886443561191,,,
2026-09-11,60,XLF,volatility,1,-0.3409484924447594,-0.3409484924447594,-0.3409484924447594,-0.3409484924447594,,,
2026-09-11,60,XLV,equity,3,-0.1840694071080565,-0.1780861161349222,-0.4132692227388267,0.0391471175495793,,,
2026-09-11,60,XLV,rates,2,0.3209831136767574,0.3209831136767574,0.3015046042561572,0.3404616230973575,,,
2026-09-11,60,XLV,credit,2,0.1585801576295645,0.1585801576295645,0.0746676361418518,0.2424926791172772,,,
2026-09-11,60,XLV,commodities,2,-0.0103993715571373,-0.0103993715571373,-0.143606796348512,0.1228080532342372,,,
2026-09-11,60,XLV,fx,2,-0.1280007308447034,-0.1280007308447034,-0.2020012091932126,-0.0540002524961943,,,
2026-09-11,60,XLV,volatility,1,0.0835794426068397,0.0835794426068397,0.0835794426068397,0.0835794426068397,,,
2026-09-11,60,XLE,equity,3,-0.3723972609769603,-0.3706992851106533,-0.450528415509067,-0.2959640823111606,,,
2026-09-11,60,XLE,rates,2,-0.5306832472291119,-0.5306832472291119,-0.5365766891426574,-0.5247898053155663,,,
2026-09-11,60,XLE,credit,2,-0.488921709950266,-0.488921709950266,-0.532373314031937,-0.4454701058685952,,,
2026-09-11,60,XLE,commodities,2,0.2644549532426952,0.2644549532426952,-0.1975369822069461,0.7264468886923365,,,
2026-09-11,60,XLE,fx,2,0.0562669624738898,0.0562669624738898,-0.0288269623007557,0.1413608872485354,,,
2026-09-11,60,XLE,volatility,1,0.3421742655762165,0.3421742655762165,0.3421742655762165,0.3421742655762165,,,
2026-09-11,60,XLY,equity,3,0.4631088342608582,0.4048146273764996,0.374605145804166,0.6099067296019088,,,
2026-09-11,60,XLY,rates,2,0.3409715846229577,0.3409715846229577,0.3332646899310036,0.3486784793149118,,,
2026-09-11,60,XLY,credit,2,0.4857378213776616,0.4857378213776616,0.3975779810639166,0.5738976616914067,,,
2026-09-11,60,XLY,commodities,2,-0.189445446277008,-0.189445446277008,-0.5454064498059582,0.1665155572519422,,,
2026-09-11,60,XLY,fx,2,-0.1110537094241305,-0.1110537094241305,-0.3163730576174787,0.0942656387692177,,,
2026-09-11,60,XLY,volatility,1,-0.5790004355694444,-0.5790004355694444,-0.5790004355694444,-0.5790004355694444,,,
2026-09-11,60,XLP,equity,3,-0.2809672087076665,-0.2095820592937751,-0.4917547056639806,-0.1415648611652439,,,
2026-09-11,60,XLP,rates,2,0.2774198891891771,0.2774198891891771,0.2534649942498022,0.3013747841285519,,,
2026-09-11,60,XLP,credit,2,0.1455995857539787,0.1455995857539787,0.073465892894161,0.2177332786137964,,,
2026-09-11,60,XLP,commodities,2,-0.2422685353824396,-0.2422685353824396,-0.3041224554761573,-0.1804146152887219,,,
2026-09-11,60,XLP,fx,2,-0.0786386492565915,-0.0786386492565915,-0.2924373537571829,0.1351600552439998,,,
2026-09-11,60,XLP,volatility,1,0.1925855129900019,0.1925855129900019,0.1925855129900019,0.1925855129900019,,,
2026-09-11,60,XLI,equity,3,0.6299593317679232,0.6367366188841709,0.5977234186419554,0.6554179577776431,,,
2026-09-11,60,XLI,rates,2,0.2909861116113869,0.2909861116113869,0.2751354077160811,0.3068368155066927,,,
2026-09-11,60,XLI,credit,2,0.3559695498162243,0.3559695498162243,0.3219287563506498,0.3900103432817987,,,
2026-09-11,60,XLI,commodities,2,-0.1205610310993358,-0.1205610310993358,-0.3416829435615444,0.1005608813628726,,,
2026-09-11,60,XLI,fx,2,-0.0284826263096258,-0.0284826263096258,-0.0827282528682976,0.0257630002490459,,,
2026-09-11,60,XLI,volatility,1,-0.4551882495806673,-0.4551882495806673,-0.4551882495806673,-0.4551882495806673,,,
2026-09-11,60,XLB,equity,3,0.2975590939100238,0.3010068941906294,0.1244017924476151,0.4672685950918269,,,
2026-09-11,60,XLB,rates,2,0.3687508133919921,0.3687508133919921,0.3681645476830522,0.3693370791009319,,,
2026-09-11,60,XLB,credit,2,0.3568630609147204,0.3568630609147204,0.3447205580865816,0.3690055637428592,,,
2026-09-11,60,XLB,commodities,2,0.0070928307797964,0.0070928307797964,-0.4208361195506628,0.4350217811102558,,,
2026-09-11,60,XLB,fx,2,-0.1786545267773007,-0.1786545267773007,-0.1855063410690547,-0.1718027124855468,,,
2026-09-11,60,XLB,volatility,1,-0.3094646020607947,-0.3094646020607947,-0.3094646020607947,-0.3094646020607947,,,
2026-09-11,60,XLRE,equity,3,-0.1346267142898882,-0.1072787905606874,-0.3434023477302411,0.0468009954212638,,,
2026-09-11,60,XLRE,rates,2,0.3148738426884884,0.3148738426884884,0.2882301995575981,0.3415174858193787,,,
2026-09-11,60,XLRE,credit,2,0.2164936329656595,0.2164936329656595,0.183125189965492,0.2498620759658271,,,
2026-09-11,60,XLRE,commodities,2,-0.1215398965873748,-0.1215398965873748,-0.2702752049725548,0.0271954117978052,,,
2026-09-11,60,XLRE,fx,2,-0.1039666599213845,-0.1039666599213845,-0.2127728264440098,0.0048395066012408,,,
2026-09-11,60,XLRE,volatility,1,0.114059022544112,0.114059022544112,0.114059022544112,0.114059022544112,,,
2026-09-11,60,XLU,equity,3,-0.09503617171733,-0.1092747472433202,-0.199455212277617,0.0236214443689472,,,
2026-09-11,60,XLU,rates,2,0.2817713696381585,0.2817713696381585,0.275352924035559,0.288189815240758,,,
2026-09-11,60,XLU,credit,2,0.1206222734394455,0.1206222734394455,0.0469286762014279,0.1943158706774631,,,
2026-09-11,60,XLU,commodities,2,-0.059684198285217,-0.059684198285217,-0.1047218679226951,-0.0146465286477389,,,
2026-09-11,60,XLU,fx,2,-0.1241462055544928,-0.1241462055544928,-0.2850730362761496,0.0367806251671639,,,
2026-09-11,60,XLU,volatility,1,0.0363565413270529,0.0363565413270529,0.0363565413270529,0.0363565413270529,,,
2026-09-11,60,XLC,equity,3,0.1913076745538185,0.1628597634232573,0.066393433012859,0.3446698272253392,,,
2026-09-11,60,XLC,rates,2,0.188064078302554,0.188064078302554,0.1816654953011517,0.1944626613039562,,,
2026-09-11,60,XLC,credit,2,0.3008448536700576,0.3008448536700576,0.2378505499159824,0.3638391574241327,,,
2026-09-11,60,XLC,commodities,2,-0.2375160528797534,-0.2375160528797534,-0.425303174439102,-0.0497289313204047,,,
2026-09-11,60,XLC,fx,2,-0.0170847307823622,-0.0170847307823622,-0.0624188871845885,0.028249425619864,,,
2026-09-11,60,XLC,volatility,1,-0.1750967205892105,-0.1750967205892105,-0.1750967205892105,-0.1750967205892105,,,
2026-09-14,20,XLK,equity,3,0.7269361438168817,0.6894581816305346,0.5586393096675933,0.9327109401525172,2026-09-14,2026-09-15,1.0
2026-09-14,20,XLK,rates,2,0.0469650114692578,0.0469650114692578,-0.0311985487212002,0.1251285716597158,2026-09-14,2026-09-15,1.0
2026-09-14,20,XLK,credit,2,0.2572684265826583,0.2572684265826583,0.1693196597755737,0.345217193389743,2026-09-14,2026-09-15,1.0
2026-09-14,20,XLK,commodities,2,0.0874317722572313,0.0874317722572313,-0.1845518436354318,0.3594153881498945,2026-09-14,2026-09-15,1.0
2026-09-14,20,XLK,fx,2,-0.2583216265427981,-0.2583216265427981,-0.3058733771035945,-0.2107698759820018,2026-09-14,2026-09-15,1.0
2026-09-14,20,XLK,volatility,1,-0.5962312307616588,-0.5962312307616588,-0.5962312307616588,-0.5962312307616588,2026-09-14,2026-09-15,1.0
2026-09-14,20,XLF,equity,3,0.3685737468946796,0.3435927713834355,0.2139613851295182,0.5481670841710852,2026-09-14,2026-09-15,1.0
2026-09-14,20,XLF,rates,2,0.255789013976322,0.255789013976322,0.2331715732518053,0.2784064547008386,2026-09-14,2026-09-15,1.0
2026-09-14,20,XLF,credit,2,0.347405725392785,0.347405725392785,0.3010145640855388,0.3937968867000313,2026-09-14,2026-09-15,1.0
2026-09-14,20,XLF,commodities,2,-0.132661057867448,-0.132661057867448,-0.5416567798228874,0.2763346640879914,2026-09-14,2026-09-15,1.0
2026-09-14,20,XLF,fx,2,-0.2035010061594223,-0.2035010061594223,-0.28668801348697,-0.1203139988318746,2026-09-14,2026-09-15,1.0
2026-09-14,20,XLF,volatility,1,-0.4752402865762327,-0.4752402865762327,-0.4752402865762327,-0.4752402865762327,2026-09-14,2026-09-15,1.0
2026-09-14,20,XLV,equity,3,0.0656201394130024,0.1291830505137504,-0.2047134494563348,0.2723908171815918,2026-09-14,2026-09-15,1.0
2026-09-14,20,XLV,rates,2,0.5877222138321114,0.5877222138321114,0.5317220668203486,0.6437223608438741,2026-09-14,2026-09-15,1.0
2026-09-14,20,XLV,credit,2,0.4476114707468909,0.4476114707468909,0.3617779561009592,0.5334449853928226,2026-09-14,2026-09-15,1.0
2026-09-14,20,XLV,commodities,2,0.0775774783300909,0.0775774783300909,-0.2014273093224829,0.3565822659826648,2026-09-14,2026-09-15,1.0
2026-09-14,20,XLV,fx,2,-0.3738827363751338,-0.3738827363751338,-0.4751896936578653,-0.2725757790924023,2026-09-14,2026-09-15,1.0
2026-09-14,20,XLV,volatility,1,-0.1871019508484342,-0.1871019508484342,-0.1871019508484342,-0.1871019508484342,2026-09-14,2026-09-15,1.0
2026-09-14,20,XLE,equity,3,-0.3595139924565946,-0.3310122233973819,-0.4325900562769264,-0.3149396976954756,2026-09-14,2026-09-15,1.0
2026-09-14,20,XLE,rates,2,-0.3227538962241791,-0.3227538962241791,-0.3383682335768109,-0.3071395588715475,2026-09-14,2026-09-15,1.0
2026-09-14,20,XLE,credit,2,-0.3056371496907963,-0.3056371496907963,-0.30635148577119,-0.3049228136104027,2026-09-14,2026-09-15,1.0
2026-09-14,20,XLE,commodities,2,0.0830726950284321,0.0830726950284321,-0.272047850431253,0.4381932404881173,2026-09-14,2026-09-15,1.0
2026-09-14,20,XLE,fx,2,-0.0558421587778936,-0.0558421587778936,-0.1185872356714727,0.0069029181156854,2026-09-14,2026-09-15,1.0
2026-09-14,20,XLE,volatility,1,0.1408416149380004,0.1408416149380004,0.1408416149380004,0.1408416149380004,2026-09-14,2026-09-15,1.0
2026-09-14,20,XLY,equity,3,0.433455051515562,0.4559018438909373,0.2501707420949982,0.5942925685607506,2026-09-14,2026-09-15,1.0
2026-09-14,20,XLY,rates,2,0.430856133677727,0.430856133677727,0.3693301533020446,0.4923821140534093,2026-09-14,2026-09-15,1.0
2026-09-14,20,XLY,credit,2,0.4822790107824869,0.4822790107824869,0.4428469862679683,0.5217110352970056,2026-09-14,2026-09-15,1.0
2026-09-14,20,XLY,commodities,2,-0.0045636186599607,-0.0045636186599607,-0.476811252391382,0.4676840150714605,2026-09-14,2026-09-15,1.0
2026-09-14,20,XLY,fx,2,-0.4058436401539471,-0.4058436401539471,-0.4292310965671967,-0.3824561837406975,2026-09-14,2026-09-15,1.0
2026-09-14,20,XLY,volatility,1,-0.6264799430578802,-0.6264799430578802,-0.6264799430578802,-0.6264799430578802,2026-09-14,2026-09-15,1.0
2026-09-14,20,XLP,equity,3,-0.1596283577353027,-0.0525962841267091,-0.467465926494741,0.0411771374155418,2026-09-14,2026-09-15,1.0
2026-09-14,20,XLP,rates,2,0.2777281759897463,0.2777281759897463,0.1915135101651202,0.3639428418143725,2026-09-14,2026-09-15,1.0
2026-09-14,20,XLP,credit,2,0.1449256802877463,0.1449256802877463,0.0953071035539612,0.1945442570215313,2026-09-14,2026-09-15,1.0
2026-09-14,20,XLP,commodities,2,-0.0888148902669021,-0.0888148902669021,-0.1825463767211507,0.0049165961873463,2026-09-14,2026-09-15,1.0
2026-09-14,20,XLP,fx,2,-0.0738713178587409,-0.0738713178587409,-0.2017705314269439,0.054027895709462,2026-09-14,2026-09-15,1.0
2026-09-14,20,XLP,volatility,1,-0.0006763668878751,-0.0006763668878751,-0.0006763668878751,-0.0006763668878751,2026-09-14,2026-09-15,1.0
2026-09-14,20,XLI,equity,3,0.6708861553094048,0.6666986029592765,0.6477388772597776,0.6982209857091601,2026-09-14,2026-09-15,1.0
2026-09-14,20,XLI,rates,2,0.122569525986491,0.122569525986491,0.1196590671810655,0.1254799847919165,2026-09-14,2026-09-15,1.0
2026-09-14,20,XLI,credit,2,0.2646680808134272,0.2646680808134272,0.1847899509244632,0.3445462107023911,2026-09-14,2026-09-15,1.0
2026-09-14,20,XLI,commodities,2,-0.0782571755854402,-0.0782571755854402,-0.4188753665005161,0.2623610153296356,2026-09-14,2026-09-15,1.0
2026-09-14,20,XLI,fx,2,-0.1191286045539957,-0.1191286045539957,-0.1554405149177102,-0.0828166941902812,2026-09-14,2026-09-15,1.0
2026-09-14,20,XLI,volatility,1,-0.6931100977638626,-0.6931100977638626,-0.6931100977638626,-0.6931100977638626,2026-09-14,2026-09-15,1.0
2026-09-14,20,XLB,equity,3,0.4794132124311241,0.4687638951384432,0.2948174591550251,0.6746582829999042,2026-09-14,2026-09-15,1.0
2026-09-14,20,XLB,rates,2,0.3859245604432944,0.3859245604432944,0.3719437829040053,0.3999053379825834,2026-09-14,2026-09-15,1.0
2026-09-14,20,XLB,credit,2,0.4751942566963417,0.4751942566963417,0.4286280531668073,0.5217604602258762,2026-09-14,2026-09-15,1.0
2026-09-14,20,XLB,commodities,2,0.0571890256556638,0.0571890256556638,-0.4898372119265243,0.6042152632378521,2026-09-14,2026-09-15,1.0
2026-09-14,20,XLB,fx,2,-0.1743472701096216,-0.1743472701096216,-0.3468526797581207,-0.0018418604611225,2026-09-14,2026-09-15,1.0
2026-09-14,20,XLB,volatility,1,-0.6634182424091032,-0.6634182424091032,-0.6634182424091032,-0.6634182424091032,2026-09-14,2026-09-15,1.0
2026-09-14,20,XLRE,equity,3,0.3119032131641822,0.2776054951460587,0.2036601540734449,0.454443990273043,2026-09-14,2026-09-15,1.0
2026-09-14,20,XLRE,rates,2,0.4561500012451213,0.4561500012451213,0.4161395339831419,0.4961604685071007,2026-09-14,2026-09-15,1.0
2026-09-14,20,XLRE,credit,2,0.4357060939373797,0.4357060939373797,0.4066343931064902,0.4647777947682692,2026-09-14,2026-09-15,1.0
2026-09-14,20,XLRE,commodities,2,0.0259999701057878,0.0259999701057878,-0.4318904403933441,0.4838903806049198,2026-09-14,2026-09-15,1.0
2026-09-14,20,XLRE,fx,2,-0.1876676242315893,-0.1876676242315893,-0.467877573038459,0.0925423245752803,2026-09-14,2026-09-15,1.0
2026-09-14,20,XLRE,volatility,1,-0.4301610642647313,-0.4301610642647313,-0.4301610642647313,-0.4301610642647313,2026-09-14,2026-09-15,1.0
2026-09-14,20,XLU,equity,3,0.0971076450612851,0.1340093825839786,0.0184256737080385,0.1388878788918381,2026-09-14,2026-09-15,1.0
2026-09-14,20,XLU,rates,2,0.4304252699400671,0.4304252699400671,0.4275780226164467,0.4332725172636876,2026-09-14,2026-09-15,1.0
2026-09-14,20,XLU,credit,2,0.280124903887461,0.280124903887461,0.2162461862797322,0.3440036214951897,2026-09-14,2026-09-15,1.0
2026-09-14,20,XLU,commodities,2,-0.0882178653699933,-0.0882178653699933,-0.2158260766045366,0.0393903458645499,2026-09-14,2026-09-15,1.0
2026-09-14,20,XLU,fx,2,-0.0295027828183656,-0.0295027828183656,-0.1393364742837174,0.080330908646986,2026-09-14,2026-09-15,1.0
2026-09-14,20,XLU,volatility,1,-0.0798766585785961,-0.0798766585785961,-0.0798766585785961,-0.0798766585785961,2026-09-14,2026-09-15,1.0
2026-09-14,20,XLC,equity,3,0.1658100681222213,0.2605868642034477,-0.0500202396085248,0.286863579771741,2026-09-14,2026-09-15,1.0
2026-09-14,20,XLC,rates,2,0.2338557486402882,0.2338557486402882,0.1713802325444509,0.2963312647361256,2026-09-14,2026-09-15,1.0
2026-09-14,20,XLC,credit,2,0.1896183512269227,0.1896183512269227,0.1672420821930227,0.2119946202608228,2026-09-14,2026-09-15,1.0
2026-09-14,20,XLC,commodities,2,-0.1438142991783751,-0.1438142991783751,-0.4018213891909215,0.1141927908341711,2026-09-14,2026-09-15,1.0
2026-09-14,20,XLC,fx,2,-0.0673173416059885,-0.0673173416059885,-0.2097561659491678,0.0751214827371908,2026-09-14,2026-09-15,1.0
2026-09-14,20,XLC,volatility,1,-0.2354221696581629,-0.2354221696581629,-0.2354221696581629,-0.2354221696581629,2026-09-14,2026-09-15,1.0
2026-09-14,60,XLK,equity,3,0.800913389308843,0.7930580701233323,0.6539790318263674,0.9557030659768292,2026-09-14,2026-09-15,1.0
2026-09-14,60,XLK,rates,2,0.1440463477979484,0.1440463477979484,0.126647123428574,0.1614455721673228,2026-09-14,2026-09-15,1.0
2026-09-14,60,XLK,credit,2,0.3622846663320945,0.3622846663320945,0.2473177017275284,0.4772516309366607,2026-09-14,2026-09-15,1.0
2026-09-14,60,XLK,commodities,2,0.0487584869551897,0.0487584869551897,-0.2071564075864753,0.3046733814968549,2026-09-14,2026-09-15,1.0
2026-09-14,60,XLK,fx,2,-0.093071532251262,-0.093071532251262,-0.2927530800060551,0.1066100155035311,2026-09-14,2026-09-15,1.0
2026-09-14,60,XLK,volatility,1,-0.5858717021674529,-0.5858717021674529,-0.5858717021674529,-0.5858717021674529,2026-09-14,2026-09-15,1.0
2026-09-14,60,XLF,equity,3,0.2797094610015013,0.3417997589785698,0.0857415795177322,0.411587044508202,2026-09-14,2026-09-15,1.0
2026-09-14,60,XLF,rates,2,0.3113947899704773,0.3113947899704773,0.2947932988209631,0.3279962811199915,2026-09-14,2026-09-15,1.0
2026-09-14,60,XLF,credit,2,0.4107828320170396,0.4107828320170396,0.3615997625047642,0.459965901529315,2026-09-14,2026-09-15,1.0
2026-09-14,60,XLF,commodities,2,-0.1945062091310075,-0.1945062091310075,-0.5316404074559077,0.1426279891938926,2026-09-14,2026-09-15,1.0
2026-09-14,60,XLF,fx,2,-0.0586199465016428,-0.0586199465016428,-0.0923369271580939,-0.0249029658451916,2026-09-14,2026-09-15,1.0
2026-09-14,60,XLF,volatility,1,-0.349058946004979,-0.349058946004979,-0.349058946004979,-0.349058946004979,2026-09-14,2026-09-15,1.0
2026-09-14,60,XLV,equity,3,-0.1910384280436702,-0.1877477459030998,-0.4180646151087519,0.032697076880841,2026-09-14,2026-09-15,1.0
2026-09-14,60,XLV,rates,2,0.318880901200767,0.318880901200767,0.2958119597876272,0.3419498426139069,2026-09-14,2026-09-15,1.0
2026-09-14,60,XLV,credit,2,0.1536083909735296,0.1536083909735296,0.065089171643399,0.2421276103036601,2026-09-14,2026-09-15,1.0
2026-09-14,60,XLV,commodities,2,-0.0181788036591503,-0.0181788036591503,-0.1393006962173587,0.1029430888990581,2026-09-14,2026-09-15,1.0
2026-09-14,60,XLV,fx,2,-0.1197190886533555,-0.1197190886533555,-0.2096701837428744,-0.0297679935638366,2026-09-14,2026-09-15,1.0
2026-09-14,60,XLV,volatility,1,0.1024744824128291,0.1024744824128291,0.1024744824128291,0.1024744824128291,2026-09-14,2026-09-15,1.0
2026-09-14,60,XLE,equity,3,-0.3593814575675435,-0.3544119773914394,-0.440335419412048,-0.283396975899143,2026-09-14,2026-09-15,1.0
2026-09-14,60,XLE,rates,2,-0.5268391585466176,-0.5268391585466176,-0.5290500646667379,-0.5246282524264972,2026-09-14,2026-09-15,1.0
2026-09-14,60,XLE,credit,2,-0.4808973004942207,-0.4808973004942207,-0.5295800152698884,-0.4322145857185531,2026-09-14,2026-09-15,1.0
2026-09-14,60,XLE,commodities,2,0.2701423123068572,0.2701423123068572,-0.1768990560327892,0.7171836806465036,2026-09-14,2026-09-15,1.0
2026-09-14,60,XLE,fx,2,0.0485015699591777,0.0485015699591777,-0.0187147098065511,0.1157178497249065,2026-09-14,2026-09-15,1.0
2026-09-14,60,XLE,volatility,1,0.3150888139358336,0.3150888139358336,0.3150888139358336,0.3150888139358336,2026-09-14,2026-09-15,1.0
2026-09-14,60,XLY,equity,3,0.4623559694448369,0.4047395015621336,0.3741933692783127,0.6081350374940645,2026-09-14,2026-09-15,1.0
2026-09-14,60,XLY,rates,2,0.3407597648280406,0.3407597648280406,0.3327659790173865,0.3487535506386946,2026-09-14,2026-09-15,1.0
2026-09-14,60,XLY,credit,2,0.4852897916612109,0.4852897916612109,0.3974199337610089,0.573159649561413,2026-09-14,2026-09-15,1.0
2026-09-14,60,XLY,commodities,2,-0.1896755894964026,-0.1896755894964026,-0.5454280287557107,0.1660768497629054,2026-09-14,2026-09-15,1.0
2026-09-14,60,XLY,fx,2,-0.1092087411800392,-0.1092087411800392,-0.3129998165346427,0.0945823341745643,2026-09-14,2026-09-15,1.0
2026-09-14,60,XLY,volatility,1,-0.5732378466893598,-0.5732378466893598,-0.5732378466893598,-0.5732378466893598,2026-09-14,2026-09-15,1.0
2026-09-14,60,XLP,equity,3,-0.2873322372231217,-0.2197363114656888,-0.4956706958914961,-0.1465897043121802,2026-09-14,2026-09-15,1.0
2026-09-14,60,XLP,rates,2,0.2752336650845902,0.2752336650845902,0.247340060896974,0.3031272692722064,2026-09-14,2026-09-15,1.0
2026-09-14,60,XLP,credit,2,0.1400455060980916,0.1400455060980916,0.0627589268813531,0.2173320853148301,2026-09-14,2026-09-15,1.0
2026-09-14,60,XLP,commodities,2,-0.2469366778645247,-0.2469366778645247,-0.29734898772869,-0.1965243680003595,2026-09-14,2026-09-15,1.0
2026-09-14,60,XLP,fx,2,-0.0711690968469445,-0.0711690968469445,-0.2995479646252787,0.1572097709313897,2026-09-14,2026-09-15,1.0
2026-09-14,60,XLP,volatility,1,0.211123659852178,0.211123659852178,0.211123659852178,0.211123659852178,2026-09-14,2026-09-15,1.0
2026-09-14,60,XLI,equity,3,0.6311191442828005,0.6402685052754146,0.5998213628782699,0.6532675646947168,2026-09-14,2026-09-15,1.0
2026-09-14,60,XLI,rates,2,0.2857468971389448,0.2857468971389448,0.2749051330596829,0.2965886612182069,2026-09-14,2026-09-15,1.0
2026-09-14,60,XLI,credit,2,0.3549434998706042,0.3549434998706042,0.3152420167839309,0.3946449829572775,2026-09-14,2026-09-15,1.0
2026-09-14,60,XLI,commodities,2,-0.1102384221408894,-0.1102384221408894,-0.3406080538803873,0.1201312095986084,2026-09-14,2026-09-15,1.0
2026-09-14,60,XLI,fx,2,-0.0354805131925059,-0.0354805131925059,-0.1086898022352308,0.0377287758502188,2026-09-14,2026-09-15,1.0
2026-09-14,60,XLI,volatility,1,-0.4690299479871839,-0.4690299479871839,-0.4690299479871839,-0.4690299479871839,2026-09-14,2026-09-15,1.0
2026-09-14,60,XLB,equity,3,0.3025498808195059,0.3076660038721323,0.1310235287014507,0.4689601098849346,2026-09-14,2026-09-15,1.0
2026-09-14,60,XLB,rates,2,0.3657308953277128,0.3657308953277128,0.3631691257952609,0.3682926648601648,2026-09-14,2026-09-15,1.0
2026-09-14,60,XLB,credit,2,0.3571737040263165,0.3571737040263165,0.3412420242494505,0.3731053838031825,2026-09-14,2026-09-15,1.0
2026-09-14,60,XLB,commodities,2,0.0110951696499472,0.0110951696499472,-0.4207026171449631,0.4428929564448576,2026-09-14,2026-09-15,1.0
2026-09-14,60,XLB,fx,2,-0.1811868030283878,-0.1811868030283878,-0.2000963362237984,-0.1622772698329772,2026-09-14,2026-09-15,1.0
2026-09-14,60,XLB,volatility,1,-0.320535614404004,-0.320535614404004,-0.320535614404004,-0.320535614404004,2026-09-14,2026-09-15,1.0
2026-09-14,60,XLRE,equity,3,-0.1264021190711561,-0.097047559900945,-0.3333363484039301,0.0511775510914067,2026-09-14,2026-09-15,1.0
2026-09-14,60,XLRE,rates,2,0.3123537333361738,0.3123537333361738,0.282846912798317,0.3418605538740305,2026-09-14,2026-09-15,1.0
2026-09-14,60,XLRE,credit,2,0.2177981601493658,0.2177981601493658,0.1885001687587034,0.2470961515400281,2026-09-14,2026-09-15,1.0
2026-09-14,60,XLRE,commodities,2,-0.115305618935376,-0.115305618935376,-0.2710701756562143,0.0404589377854622,2026-09-14,2026-09-15,1.0
2026-09-14,60,XLRE,fx,2,-0.1081265912964132,-0.1081265912964132,-0.2032913217371515,-0.0129618608556749,2026-09-14,2026-09-15,1.0
2026-09-14,60,XLRE,volatility,1,0.0961707146450248,0.0961707146450248,0.0961707146450248,0.0961707146450248,2026-09-14,2026-09-15,1.0
2026-09-14,60,XLU,equity,3,-0.0805878539916233,-0.0906679530466449,-0.1825701654553242,0.0314745565270993,2026-09-14,2026-09-15,1.0
2026-09-14,60,XLU,rates,2,0.2756622579072112,0.2756622579072112,0.2746418862385214,0.2766826295759009,2026-09-14,2026-09-15,1.0
2026-09-14,60,XLU,credit,2,0.1232605171135957,0.1232605171135957,0.0579829201846215,0.18853811404257,2026-09-14,2026-09-15,1.0
2026-09-14,60,XLU,commodities,2,-0.0481853604574223,-0.0481853604574223,-0.0779002733776692,-0.0184704475371753,2026-09-14,2026-09-15,1.0
2026-09-14,60,XLU,fx,2,-0.1307459057346554,-0.1307459057346554,-0.2657773809193977,0.0042855694500867,2026-09-14,2026-09-15,1.0
2026-09-14,60,XLU,volatility,1,0.0071366719096811,0.0071366719096811,0.0071366719096811,0.0071366719096811,2026-09-14,2026-09-15,1.0
2026-09-14,60,XLC,equity,3,0.170719818039483,0.1485781335270846,0.0487210990813306,0.3148602215100337,2026-09-14,2026-09-15,1.0
2026-09-14,60,XLC,rates,2,0.1848276060701177,0.1848276060701177,0.184734361128092,0.1849208510121433,2026-09-14,2026-09-15,1.0
2026-09-14,60,XLC,credit,2,0.2872147763542684,0.2872147763542684,0.2349408963769415,0.3394886563315953,2026-09-14,2026-09-15,1.0
2026-09-14,60,XLC,commodities,2,-0.2435442297431296,-0.2435442297431296,-0.4096499567552865,-0.0774385027309727,2026-09-14,2026-09-15,1.0
2026-09-14,60,XLC,fx,2,-0.0060634773328022,-0.0060634773328022,-0.0773728126523865,0.065245857986782,2026-09-14,2026-09-15,1.0
2026-09-14,60,XLC,volatility,1,-0.134416862848401,-0.134416862848401,-0.134416862848401,-0.134416862848401,2026-09-14,2026-09-15,1.0
2026-09-15,20,XLK,equity,3,0.6901260300385706,0.6538787135043553,0.5044984111274415,0.912000965483915,2026-09-15,2026-09-16,1.0
2026-09-15,20,XLK,rates,2,0.1169065116532269,0.1169065116532269,0.0320197244913189,0.201793298815135,2026-09-15,2026-09-16,1.0
2026-09-15,20,XLK,credit,2,0.29059075408974,0.29059075408974,0.2363394531550574,0.3448420550244225,2026-09-15,2026-09-16,1.0
2026-09-15,20,XLK,commodities,2,0.034041268900444,0.034041268900444,-0.2314630938758771,0.2995456316767652,2026-09-15,2026-09-16,1.0
2026-09-15,20,XLK,fx,2,-0.2579268750377947,-0.2579268750377947,-0.3350256662135231,-0.1808280838620663,2026-09-15,2026-09-16,1.0
2026-09-15,20,XLK,volatility,1,-0.5907859466998272,-0.5907859466998272,-0.5907859466998272,-0.5907859466998272,2026-09-15,2026-09-16,1.0
2026-09-15,20,XLF,equity,3,0.4506780408914645,0.4125937087245058,0.320993537049913,0.6184468768999745,2026-09-15,2026-09-16,1.0
2026-09-15,20,XLF,rates,2,0.2442197275556479,0.2442197275556479,0.224397547532997,0.2640419075782987,2026-09-15,2026-09-16,1.0
2026-09-15,20,XLF,credit,2,0.3519905496088306,0.3519905496088306,0.2855568635552964,0.4184242356623646,2026-09-15,2026-09-16,1.0
2026-09-15,20,XLF,commodities,2,-0.1161635623601223,-0.1161635623601223,-0.5448940239449984,0.3125668992247538,2026-09-15,2026-09-16,1.0
2026-09-15,20,XLF,fx,2,-0.191927748112706,-0.191927748112706,-0.2512755108965767,-0.1325799853288352,2026-09-15,2026-09-16,1.0
2026-09-15,20,XLF,volatility,1,-0.5062065542858505,-0.5062065542858505,-0.5062065542858505,-0.5062065542858505,2026-09-15,2026-09-16,1.0
2026-09-15,20,XLV,equity,3,0.1768473338733245,0.2256448687180307,-0.0835174214628592,0.3884145543648021,2026-09-15,2026-09-16,1.0
2026-09-15,20,XLV,rates,2,0.5760943652292672,0.5760943652292672,0.5170419254269883,0.635146805031546,2026-09-15,2026-09-16,1.0
2026-09-15,20,XLV,credit,2,0.4616356358470379,0.4616356358470379,0.3996812040526593,0.5235900676414166,2026-09-15,2026-09-16,1.0
2026-09-15,20,XLV,commodities,2,0.1277542779095079,0.1277542779095079,-0.1936718692243727,0.4491804250433886,2026-09-15,2026-09-16,1.0
2026-09-15,20,XLV,fx,2,-0.3866601155721739,-0.3866601155721739,-0.4952937399173006,-0.2780264912270472,2026-09-15,2026-09-16,1.0
2026-09-15,20,XLV,volatility,1,-0.2437980730923602,-0.2437980730923602,-0.2437980730923602,-0.2437980730923602,2026-09-15,2026-09-16,1.0
2026-09-15,20,XLE,equity,3,-0.3024925217352836,-0.2889556841333034,-0.3777184094227556,-0.2408034716497916,2026-09-15,2026-09-16,1.0
2026-09-15,20,XLE,rates,2,-0.3948243774340547,-0.3948243774340547,-0.4263808425240892,-0.3632679123440202,2026-09-15,2026-09-16,1.0
2026-09-15,20,XLE,credit,2,-0.3404880260718391,-0.3404880260718391,-0.3505297803866216,-0.3304462717570565,2026-09-15,2026-09-16,1.0
2026-09-15,20,XLE,commodities,2,0.1929394458386899,0.1929394458386899,-0.1553959285717794,0.5412748202491593,2026-09-15,2026-09-16,1.0
2026-09-15,20,XLE,fx,2,-0.1069725344643791,-0.1069725344643791,-0.2842710921750782,0.0703260232463199,2026-09-15,2026-09-16,1.0
2026-09-15,20,XLE,volatility,1,0.0863488425310243,0.0863488425310243,0.0863488425310243,0.0863488425310243,2026-09-15,2026-09-16,1.0
2026-09-15,20,XLY,equity,3,0.4672934069329206,0.4800717960837857,0.2984103373078983,0.6233980874070777,2026-09-15,2026-09-16,1.0
2026-09-15,20,XLY,rates,2,0.433533834574669,0.433533834574669,0.3639438803837947,0.5031237887655432,2026-09-15,2026-09-16,1.0
2026-09-15,20,XLY,credit,2,0.4814508469474677,0.4814508469474677,0.4178154645450141,0.5450862293499212,2026-09-15,2026-09-16,1.0
2026-09-15,20,XLY,commodities,2,-0.0424081552041592,-0.0424081552041592,-0.5151195531693915,0.430303242761073,2026-09-15,2026-09-16,1.0
2026-09-15,20,XLY,fx,2,-0.341420328659184,-0.341420328659184,-0.4451879240489756,-0.2376527332693924,2026-09-15,2026-09-16,1.0
2026-09-15,20,XLY,volatility,1,-0.5997907626175292,-0.5997907626175292,-0.5997907626175292,-0.5997907626175292,2026-09-15,2026-09-16,1.0
2026-09-15,20,XLP,equity,3,-0.0457315936837106,0.0594080254672364,-0.3522485034082856,0.1556456968899171,2026-09-15,2026-09-16,1.0
2026-09-15,20,XLP,rates,2,0.2547597461951824,0.2547597461951824,0.1593334446843072,0.3501860477060576,2026-09-15,2026-09-16,1.0
2026-09-15,20,XLP,credit,2,0.1577644939770209,0.1577644939770209,0.1544777554493048,0.161051232504737,2026-09-15,2026-09-16,1.0
2026-09-15,20,XLP,commodities,2,-0.0733320552008831,-0.0733320552008831,-0.2082269041390501,0.0615627937372838,2026-09-15,2026-09-16,1.0
2026-09-15,20,XLP,fx,2,-0.0602849384910227,-0.0602849384910227,-0.149096448033094,0.0285265710510485,2026-09-15,2026-09-16,1.0
2026-09-15,20,XLP,volatility,1,-0.0479266596427946,-0.0479266596427946,-0.0479266596427946,-0.0479266596427946,2026-09-15,2026-09-16,1.0
2026-09-15,20,XLI,equity,3,0.6400552344690723,0.6384101547001777,0.6101156598488932,0.6716398888581462,2026-09-15,2026-09-16,1.0
2026-09-15,20,XLI,rates,2,0.1728476306125242,0.1728476306125242,0.171264127482092,0.1744311337429563,2026-09-15,2026-09-16,1.0
2026-09-15,20,XLI,credit,2,0.2835965061946827,0.2835965061946827,0.2259023302878884,0.341290682101477,2026-09-15,2026-09-16,1.0
2026-09-15,20,XLI,commodities,2,-0.1217799555616651,-0.1217799555616651,-0.4547222557888877,0.2111623446655574,2026-09-15,2026-09-16,1.0
2026-09-15,20,XLI,fx,2,-0.1075349584378077,-0.1075349584378077,-0.1671727529056949,-0.0478971639699204,2026-09-15,2026-09-16,1.0
2026-09-15,20,XLI,volatility,1,-0.6852725707246441,-0.6852725707246441,-0.6852725707246441,-0.6852725707246441,2026-09-15,2026-09-16,1.0
2026-09-15,20,XLB,equity,3,0.4146741812988515,0.4052567990310741,0.2103365084105449,0.6284292364549355,2026-09-15,2026-09-16,1.0
2026-09-15,20,XLB,rates,2,0.4134529847739663,0.4134529847739663,0.405017748481866,0.4218882210660666,2026-09-15,2026-09-16,1.0
2026-09-15,20,XLB,credit,2,0.4699349409077424,0.4699349409077424,0.4616137183393654,0.4782561634761195,2026-09-15,2026-09-16,1.0
2026-09-15,20,XLB,commodities,2,0.0608153582936459,0.0608153582936459,-0.4651953677544191,0.5868260843417109,2026-09-15,2026-09-16,1.0
2026-09-15,20,XLB,fx,2,-0.1812621066610592,-0.1812621066610592,-0.3291912733628492,-0.0333329399592692,2026-09-15,2026-09-16,1.0
2026-09-15,20,XLB,volatility,1,-0.6448551653541381,-0.6448551653541381,-0.6448551653541381,-0.6448551653541381,2026-09-15,2026-09-16,1.0
2026-09-15,20,XLRE,equity,3,0.2909718732320724,0.2585217830581834,0.1777801637010109,0.4366136729370229,2026-09-15,2026-09-16,1.0
2026-09-15,20,XLRE,rates,2,0.472669668716323,0.472669668716323,0.4341707345880506,0.5111686028445953,2026-09-15,2026-09-16,1.0
2026-09-15,20,XLRE,credit,2,0.4345847445266591,0.4345847445266591,0.4218114851124776,0.4473580039408404,2026-09-15,2026-09-16,1.0
2026-09-15,20,XLRE,commodities,2,0.0282211320133721,0.0282211320133721,-0.4227894884021367,0.479231752428881,2026-09-15,2026-09-16,1.0
2026-09-15,20,XLRE,fx,2,-0.1886285419041405,-0.1886285419041405,-0.4617099354415824,0.0844528516333013,2026-09-15,2026-09-16,1.0
2026-09-15,20,XLRE,volatility,1,-0.4227461394582685,-0.4227461394582685,-0.4227461394582685,-0.4227461394582685,2026-09-15,2026-09-16,1.0
2026-09-15,20,XLU,equity,3,0.1335382173582509,0.1652897430791023,0.0570724127141374,0.178252496281513,2026-09-15,2026-09-16,1.0
2026-09-15,20,XLU,rates,2,0.4353707144037107,0.4353707144037107,0.42558378768945,0.4451576411179714,2026-09-15,2026-09-16,1.0
2026-09-15,20,XLU,credit,2,0.2909784818035,0.2909784818035,0.2491855149632567,0.3327714486437432,2026-09-15,2026-09-16,1.0
2026-09-15,20,XLU,commodities,2,-0.1120397600627389,-0.1120397600627389,-0.2539073651257283,0.0298278450002504,2026-09-15,2026-09-16,1.0
2026-09-15,20,XLU,fx,2,-0.009978043337016,-0.009978043337016,-0.1633827280013236,0.1434266413272915,2026-09-15,2026-09-16,1.0
2026-09-15,20,XLU,volatility,1,-0.083256418105618,-0.083256418105618,-0.083256418105618,-0.083256418105618,2026-09-15,2026-09-16,1.0
2026-09-15,20,XLC,equity,3,0.162857454287527,0.2606060637567121,-0.070287869809524,0.298254168915393,2026-09-15,2026-09-16,1.0
2026-09-15,20,XLC,rates,2,0.2618960969225922,0.2618960969225922,0.1917395813110903,0.3320526125340939,2026-09-15,2026-09-16,1.0
2026-09-15,20,XLC,credit,2,0.208558914903132,0.208558914903132,0.2005644731606703,0.2165533566455938,2026-09-15,2026-09-16,1.0
2026-09-15,20,XLC,commodities,2,-0.1871554611948329,-0.1871554611948329,-0.4477295837415342,0.0734186613518684,2026-09-15,2026-09-16,1.0
2026-09-15,20,XLC,fx,2,-0.0330128365728959,-0.0330128365728959,-0.1042012407213168,0.038175567575525,2026-09-15,2026-09-16,1.0
2026-09-15,20,XLC,volatility,1,-0.2178087598985324,-0.2178087598985324,-0.2178087598985324,-0.2178087598985324,2026-09-15,2026-09-16,1.0
2026-09-15,60,XLK,equity,3,0.7894902624118522,0.7731397492835258,0.6445203425374317,0.9508106954145992,2026-09-15,2026-09-16,1.0
2026-09-15,60,XLK,rates,2,0.1702350048345904,0.1702350048345904,0.14758114655791,0.1928888631112708,2026-09-15,2026-09-16,1.0
2026-09-15,60,XLK,credit,2,0.3788526067554717,0.3788526067554717,0.2796935042473408,0.4780117092636026,2026-09-15,2026-09-16,1.0
2026-09-15,60,XLK,commodities,2,0.0150919603218524,0.0150919603218524,-0.2408523821795166,0.2710363028232215,2026-09-15,2026-09-16,1.0
2026-09-15,60,XLK,fx,2,-0.0936234469893003,-0.0936234469893003,-0.2530186559853581,0.0657717620067574,2026-09-15,2026-09-16,1.0
2026-09-15,60,XLK,volatility,1,-0.5509889951632272,-0.5509889951632272,-0.5509889951632272,-0.5509889951632272,2026-09-15,2026-09-16,1.0
2026-09-15,60,XLF,equity,3,0.302372761353699,0.3560972573406959,0.1077125248456994,0.4433085018747015,2026-09-15,2026-09-16,1.0
2026-09-15,60,XLF,rates,2,0.311608486909987,0.311608486909987,0.2954244246094571,0.327792549210517,2026-09-15,2026-09-16,1.0
2026-09-15,60,XLF,credit,2,0.4130956831528276,0.4130956831528276,0.3580336799455791,0.468157686360076,2026-09-15,2026-09-16,1.0
2026-09-15,60,XLF,commodities,2,-0.1924236791439623,-0.1924236791439623,-0.534072374828205,0.1492250165402803,2026-09-15,2026-09-16,1.0
2026-09-15,60,XLF,fx,2,-0.0554034365631052,-0.0554034365631052,-0.0707545817650864,-0.040052291361124,2026-09-15,2026-09-16,1.0
2026-09-15,60,XLF,volatility,1,-0.3736079888201775,-0.3736079888201775,-0.3736079888201775,-0.3736079888201775,2026-09-15,2026-09-16,1.0
2026-09-15,60,XLV,equity,3,-0.1655544231362755,-0.1550963256057827,-0.3974784381160501,0.0559114943130062,2026-09-15,2026-09-16,1.0
2026-09-15,60,XLV,rates,2,0.3149999476176561,0.3149999476176561,0.2900725824956934,0.3399273127396189,2026-09-15,2026-09-16,1.0
2026-09-15,60,XLV,credit,2,0.1567041802963861,0.1567041802963861,0.078359220361982,0.2350491402307903,2026-09-15,2026-09-16,1.0
2026-09-15,60,XLV,commodities,2,-0.0035653945499805,-0.0035653945499805,-0.133816532504597,0.1266857434046359,2026-09-15,2026-09-16,1.0
2026-09-15,60,XLV,fx,2,-0.1206475977711643,-0.1206475977711643,-0.1818559815477297,-0.059439213994599,2026-09-15,2026-09-16,1.0
2026-09-15,60,XLV,volatility,1,0.0699303251471783,0.0699303251471783,0.0699303251471783,0.0699303251471783,2026-09-15,2026-09-16,1.0
2026-09-15,60,XLE,equity,3,-0.3686822271626089,-0.3666598413455038,-0.4485072113214438,-0.290879628820879,2026-09-15,2026-09-16,1.0
2026-09-15,60,XLE,rates,2,-0.5283476375766443,-0.5283476375766443,-0.5312245915639526,-0.5254706835893359,2026-09-15,2026-09-16,1.0
2026-09-15,60,XLE,credit,2,-0.4839188313685011,-0.4839188313685011,-0.5220749389349469,-0.4457627238020553,2026-09-15,2026-09-16,1.0
2026-09-15,60,XLE,commodities,2,0.2807618367503726,0.2807618367503726,-0.1650506341365819,0.7265743076373271,2026-09-15,2026-09-16,1.0
2026-09-15,60,XLE,fx,2,0.038572910375693,0.038572910375693,-0.048977947348192,0.126123768099578,2026-09-15,2026-09-16,1.0
2026-09-15,60,XLE,volatility,1,0.3127812240082255,0.3127812240082255,0.3127812240082255,0.3127812240082255,2026-09-15,2026-09-16,1.0
2026-09-15,60,XLY,equity,3,0.4609513492925853,0.406030763992485,0.3662157365778808,0.6106075473073901,2026-09-15,2026-09-16,1.0
2026-09-15,60,XLY,rates,2,0.3507703453062172,0.3507703453062172,0.3414323651254884,0.3601083254869459,2026-09-15,2026-09-16,1.0
2026-09-15,60,XLY,credit,2,0.4901332899064931,0.4901332899064931,0.3987451419359994,0.5815214378769867,2026-09-15,2026-09-16,1.0
2026-09-15,60,XLY,commodities,2,-0.2100106104535972,-0.2100106104535972,-0.5652594508052713,0.1452382298980769,2026-09-15,2026-09-16,1.0
2026-09-15,60,XLY,fx,2,-0.0999807930604313,-0.0999807930604313,-0.311894542147793,0.1119329560269303,2026-09-15,2026-09-16,1.0
2026-09-15,60,XLY,volatility,1,-0.5628570165966975,-0.5628570165966975,-0.5628570165966975,-0.5628570165966975,2026-09-15,2026-09-16,1.0
2026-09-15,60,XLP,equity,3,-0.2352446429232037,-0.1544511862532889,-0.4468088736584201,-0.1044738688579021,2026-09-15,2026-09-16,1.0
2026-09-15,60,XLP,rates,2,0.2710227128524137,0.2710227128524137,0.2391765024618054,0.3028689232430219,2026-09-15,2026-09-16,1.0
2026-09-15,60,XLP,credit,2,0.1495512883525497,0.1495512883525497,0.0945253270605814,0.2045772496445179,2026-09-15,2026-09-16,1.0
2026-09-15,60,XLP,commodities,2,-0.2315907936067206,-0.2315907936067206,-0.2970348055028687,-0.1661467817105725,2026-09-15,2026-09-16,1.0
2026-09-15,60,XLP,fx,2,-0.0689704863775872,-0.0689704863775872,-0.2436455265066544,0.10570455375148,2026-09-15,2026-09-16,1.0
2026-09-15,60,XLP,volatility,1,0.1562658485087682,0.1562658485087682,0.1562658485087682,0.1562658485087682,2026-09-15,2026-09-16,1.0
2026-09-15,60,XLI,equity,3,0.6113652904008592,0.6175728382625926,0.5704793871044803,0.6460436458355048,2026-09-15,2026-09-16,1.0
2026-09-15,60,XLI,rates,2,0.3118838119885435,0.3118838119885435,0.304388310337567,0.31937931363952,2026-09-15,2026-09-16,1.0
2026-09-15,60,XLI,credit,2,0.3686365639038085,0.3686365639038085,0.3407146496047247,0.3965584782028922,2026-09-15,2026-09-16,1.0
2026-09-15,60,XLI,commodities,2,-0.1465715592616774,-0.1465715592616774,-0.3751453632208404,0.0820022446974855,2026-09-15,2026-09-16,1.0
2026-09-15,60,XLI,fx,2,-0.029770183552869,-0.029770183552869,-0.0724125128482258,0.0128721457424877,2026-09-15,2026-09-16,1.0
2026-09-15,60,XLI,volatility,1,-0.432665500692162,-0.432665500692162,-0.432665500692162,-0.432665500692162,2026-09-15,2026-09-16,1.0
2026-09-15,60,XLB,equity,3,0.2633517037565365,0.2671437301739942,0.0766652816131984,0.446246099482417,2026-09-15,2026-09-16,1.0
2026-09-15,60,XLB,rates,2,0.3800680168736114,0.3800680168736114,0.37445628057213,0.3856797531750929,2026-09-15,2026-09-16,1.0
2026-09-15,60,XLB,credit,2,0.3577498644991534,0.3577498644991534,0.3557754223734841,0.3597243066248227,2026-09-15,2026-09-16,1.0
2026-09-15,60,XLB,commodities,2,-0.0029228903428679,-0.0029228903428679,-0.4325084066536203,0.4266626259678844,2026-09-15,2026-09-16,1.0
2026-09-15,60,XLB,fx,2,-0.1842300207935817,-0.1842300207935817,-0.2028470106672914,-0.1656130309198721,2026-09-15,2026-09-16,1.0
2026-09-15,60,XLB,volatility,1,-0.2870991158915368,-0.2870991158915368,-0.2870991158915368,-0.2870991158915368,2026-09-15,2026-09-16,1.0
2026-09-15,60,XLRE,equity,3,-0.0783473664561356,-0.0380305706164807,-0.2835368568471316,0.0865253280952053,2026-09-15,2026-09-16,1.0
2026-09-15,60,XLRE,rates,2,0.3070958226796197,0.3070958226796197,0.2797376719841428,0.3344539733750967,2026-09-15,2026-09-16,1.0
2026-09-15,60,XLRE,credit,2,0.2227328000860751,0.2227328000860751,0.2073273232196282,0.2381382769525219,2026-09-15,2026-09-16,1.0
2026-09-15,60,XLRE,commodities,2,-0.0908988115581266,-0.0908988115581266,-0.261315000229139,0.0795173771128858,2026-09-15,2026-09-16,1.0
2026-09-15,60,XLRE,fx,2,-0.1133116520863422,-0.1133116520863422,-0.1685999936566551,-0.0580233105160293,2026-09-15,2026-09-16,1.0
2026-09-15,60,XLRE,volatility,1,0.039677636296131,0.039677636296131,0.039677636296131,0.039677636296131,2026-09-15,2026-09-16,1.0
2026-09-15,60,XLU,equity,3,-0.0367238525173116,-0.0405073410786593,-0.1368659493414304,0.0672017328681546,2026-09-15,2026-09-16,1.0
2026-09-15,60,XLU,rates,2,0.2727157642111713,0.2727157642111713,0.2697104666817596,0.275721061740583,2026-09-15,2026-09-16,1.0
2026-09-15,60,XLU,credit,2,0.1325229515004506,0.1325229515004506,0.088106624123648,0.1769392788772531,2026-09-15,2026-09-16,1.0
2026-09-15,60,XLU,commodities,2,-0.042246235754462,-0.042246235754462,-0.0594671571917396,-0.0250253143171844,2026-09-15,2026-09-16,1.0
2026-09-15,60,XLU,fx,2,-0.1240329006018929,-0.1240329006018929,-0.210711022023948,-0.0373547791798378,2026-09-15,2026-09-16,1.0
2026-09-15,60,XLU,volatility,1,-0.0325719408140798,-0.0325719408140798,-0.0325719408140798,-0.0325719408140798,2026-09-15,2026-09-16,1.0
2026-09-15,60,XLC,equity,3,0.1911795250485838,0.16389519337074,0.067134000059978,0.3425093817150332,2026-09-15,2026-09-16,1.0
2026-09-15,60,XLC,rates,2,0.1864657261197548,0.1864657261197548,0.185919542789632,0.1870119094498776,2026-09-15,2026-09-16,1.0
2026-09-15,60,XLC,credit,2,0.2914672037598531,0.2914672037598531,0.2307168416127477,0.3522175659069584,2026-09-15,2026-09-16,1.0
2026-09-15,60,XLC,commodities,2,-0.2458623643993484,-0.2458623643993484,-0.4159115985969327,-0.0758131302017641,2026-09-15,2026-09-16,1.0
2026-09-15,60,XLC,fx,2,-0.0004269957666897,-0.0004269957666897,-0.0501981955701485,0.0493442040367689,2026-09-15,2026-09-16,1.0
2026-09-15,60,XLC,volatility,1,-0.1482359159506824,-0.1482359159506824,-0.1482359159506824,-0.1482359159506824,2026-09-15,2026-09-16,1.0
2026-09-16,20,XLK,equity,3,0.7244798610044203,0.6794109660466506,0.5713040638620023,0.922724553104608,2026-09-16,2026-09-16,1.0
2026-09-16,20,XLK,rates,2,0.2683015696684264,0.2683015696684264,0.203813235447223,0.3327899038896299,2026-09-16,2026-09-16,1.0
2026-09-16,20,XLK,credit,2,0.4164805638751987,0.4164805638751987,0.3830642045211166,0.4498969232292808,2026-09-16,2026-09-16,1.0
2026-09-16,20,XLK,commodities,2,0.11910161095462,0.11910161095462,-0.2405387575126731,0.4787419794219133,2026-09-16,2026-09-16,1.0
2026-09-16,20,XLK,fx,2,-0.3521450506703699,-0.3521450506703699,-0.517153642202559,-0.1871364591381809,2026-09-16,2026-09-16,1.0
2026-09-16,20,XLK,volatility,1,-0.6619311845244363,-0.6619311845244363,-0.6619311845244363,-0.6619311845244363,2026-09-16,2026-09-16,1.0
2026-09-16,20,XLF,equity,3,0.4559025652192205,0.4456123167715385,0.2705556787998826,0.6515397000862402,2026-09-16,2026-09-16,1.0
2026-09-16,20,XLF,rates,2,0.3426091163413451,0.3426091163413451,0.3359999483397238,0.3492182843429665,2026-09-16,2026-09-16,1.0
2026-09-16,20,XLF,credit,2,0.3554962921512919,0.3554962921512919,0.3078057383621862,0.4031868459403978,2026-09-16,2026-09-16,1.0
2026-09-16,20,XLF,commodities,2,0.0914924538994803,0.0914924538994803,-0.2942222107978069,0.4772071185967677,2026-09-16,2026-09-16,1.0
2026-09-16,20,XLF,fx,2,-0.3425943100453495,-0.3425943100453495,-0.4834699367394791,-0.2017186833512201,2026-09-16,2026-09-16,1.0
2026-09-16,20,XLF,volatility,1,-0.5648071727153657,-0.5648071727153657,-0.5648071727153657,-0.5648071727153657,2026-09-16,2026-09-16,1.0
2026-09-16,20,XLV,equity,3,0.1471935652479165,0.1969812180064374,-0.0827683452086086,0.3273678229459207,2026-09-16,2026-09-16,1.0
2026-09-16,20,XLV,rates,2,0.3191487268084382,0.3191487268084382,0.3024058131726294,0.3358916404442471,2026-09-16,2026-09-16,1.0
2026-09-16,20,XLV,credit,2,0.2531984429557055,0.2531984429557055,0.2202339528607723,0.2861629330506388,2026-09-16,2026-09-16,1.0
2026-09-16,20,XLV,commodities,2,-0.0400022031047057,-0.0400022031047057,-0.1948661221557516,0.1148617159463401,2026-09-16,2026-09-16,1.0
2026-09-16,20,XLV,fx,2,-0.2146429426267745,-0.2146429426267745,-0.386068743730759,-0.04321714152279,2026-09-16,2026-09-16,1.0
2026-09-16,20,XLV,volatility,1,-0.0983689416796844,-0.0983689416796844,-0.0983689416796844,-0.0983689416796844,2026-09-16,2026-09-16,1.0
2026-09-16,20,XLE,equity,3,-0.2127518184017021,-0.2196723968240871,-0.281297716721435,-0.1372853416595841,2026-09-16,2026-09-16,1.0
2026-09-16,20,XLE,rates,2,-0.4097162429522223,-0.4097162429522223,-0.4949361819727222,-0.3244963039317224,2026-09-16,2026-09-16,1.0
2026-09-16,20,XLE,credit,2,-0.3761631158507951,-0.3761631158507951,-0.3815432499189776,-0.3707829817826125,2026-09-16,2026-09-16,1.0
2026-09-16,20,XLE,commodities,2,0.2779244515777365,0.2779244515777365,-0.0748190559927332,0.6306679591482064,2026-09-16,2026-09-16,1.0
2026-09-16,20,XLE,fx,2,-0.2253585157581456,-0.2253585157581456,-0.252338572990861,-0.1983784585254302,2026-09-16,2026-09-16,1.0
2026-09-16,20,XLE,volatility,1,-0.0036877414316521,-0.0036877414316521,-0.0036877414316521,-0.0036877414316521,2026-09-16,2026-09-16,1.0
2026-09-16,20,XLY,equity,3,0.4783187618356813,0.435338001417467,0.3507104452571222,0.6489078388324545,2026-09-16,2026-09-16,1.0
2026-09-16,20,XLY,rates,2,0.2391648528076248,0.2391648528076248,0.1887627201839386,0.289566985431311,2026-09-16,2026-09-16,1.0
2026-09-16,20,XLY,credit,2,0.3345162180493885,0.3345162180493885,0.2290394227339588,0.4399930133648182,2026-09-16,2026-09-16,1.0
2026-09-16,20,XLY,commodities,2,-0.1091468025580487,-0.1091468025580487,-0.467916933140352,0.2496233280242545,2026-09-16,2026-09-16,1.0
2026-09-16,20,XLY,fx,2,-0.2411789980445265,-0.2411789980445265,-0.256803894893428,-0.2255541011956251,2026-09-16,2026-09-16,1.0
2026-09-16,20,XLY,volatility,1,-0.5694728269553716,-0.5694728269553716,-0.5694728269553716,-0.5694728269553716,2026-09-16,2026-09-16,1.0
2026-09-16,20,XLP,equity,3,-0.0770326806851665,0.038367307886526,-0.3620854089822476,0.0926200590402219,2026-09-16,2026-09-16,1.0
2026-09-16,20,XLP,rates,2,0.0957706433999958,0.0957706433999958,0.0100344206939479,0.1815068661060437,2026-09-16,2026-09-16,1.0
2026-09-16,20,XLP,credit,2,0.0077769491625852,0.0077769491625852,-0.0132599924420455,0.0288138907672161,2026-09-16,2026-09-16,1.0
2026-09-16,20,XLP,commodities,2,-0.1355818330450117,-0.1355818330450117,-0.1416836010177232,-0.1294800650723002,2026-09-16,2026-09-16,1.0
2026-09-16,20,XLP,fx,2,0.0446190084402103,0.0446190084402103,-0.14736643459941,0.2366044514798306,2026-09-16,2026-09-16,1.0
2026-09-16,20,XLP,volatility,1,0.0227672215466981,0.0227672215466981,0.0227672215466981,0.0227672215466981,2026-09-16,2026-09-16,1.0
2026-09-16,20,XLI,equity,3,0.6554131379293845,0.6702290384638222,0.6114719113505375,0.6845384639737937,2026-09-16,2026-09-16,1.0
2026-09-16,20,XLI,rates,2,0.3046169320439941,0.3046169320439941,0.2676184523243062,0.341615411763682,2026-09-16,2026-09-16,1.0
2026-09-16,20,XLI,credit,2,0.385809344645805,0.385809344645805,0.3447313841055801,0.4268873051860299,2026-09-16,2026-09-16,1.0
2026-09-16,20,XLI,commodities,2,-0.0706648974262762,-0.0706648974262762,-0.4661290212761418,0.3247992264235892,2026-09-16,2026-09-16,1.0
2026-09-16,20,XLI,fx,2,-0.1483662366868864,-0.1483662366868864,-0.241800217871264,-0.0549322555025088,2026-09-16,2026-09-16,1.0
2026-09-16,20,XLI,volatility,1,-0.7277969523782949,-0.7277969523782949,-0.7277969523782949,-0.7277969523782949,2026-09-16,2026-09-16,1.0
2026-09-16,20,XLB,equity,3,0.4139226368763114,0.4086291822218141,0.2326364381472634,0.6005022902598567,2026-09-16,2026-09-16,1.0
2026-09-16,20,XLB,rates,2,0.2500184860406766,0.2500184860406766,0.2258916571908528,0.2741453148905005,2026-09-16,2026-09-16,1.0
2026-09-16,20,XLB,credit,2,0.3350389982451974,0.3350389982451974,0.3057056959132811,0.3643723005771138,2026-09-16,2026-09-16,1.0
2026-09-16,20,XLB,commodities,2,0.0646012881798881,0.0646012881798881,-0.368271479217446,0.4974740555772223,2026-09-16,2026-09-16,1.0
2026-09-16,20,XLB,fx,2,-0.1018276147747174,-0.1018276147747174,-0.1819075813134537,-0.021747648235981,2026-09-16,2026-09-16,1.0
2026-09-16,20,XLB,volatility,1,-0.6216254557959633,-0.6216254557959633,-0.6216254557959633,-0.6216254557959633,2026-09-16,2026-09-16,1.0
2026-09-16,20,XLRE,equity,3,0.278084958510163,0.1976394842997365,0.1975865404845429,0.4390288507462097,2026-09-16,2026-09-16,1.0
2026-09-16,20,XLRE,rates,2,0.3388864906966677,0.3388864906966677,0.3160572568661312,0.3617157245272043,2026-09-16,2026-09-16,1.0
2026-09-16,20,XLRE,credit,2,0.302539226809518,0.302539226809518,0.2682948840141989,0.3367835696048373,2026-09-16,2026-09-16,1.0
2026-09-16,20,XLRE,commodities,2,0.0169805534209593,0.0169805534209593,-0.3344791678373151,0.3684402746792338,2026-09-16,2026-09-16,1.0
2026-09-16,20,XLRE,fx,2,-0.1199282150191339,-0.1199282150191339,-0.3418103616797397,0.1019539316414717,2026-09-16,2026-09-16,1.0
2026-09-16,20,XLRE,volatility,1,-0.3792089310287324,-0.3792089310287324,-0.3792089310287324,-0.3792089310287324,2026-09-16,2026-09-16,1.0
2026-09-16,20,XLU,equity,3,0.1172690380537054,0.1398625626967207,0.0643786849604095,0.1475658665039861,2026-09-16,2026-09-16,1.0
2026-09-16,20,XLU,rates,2,0.4640800146371751,0.4640800146371751,0.4270734228899056,0.5010866063844445,2026-09-16,2026-09-16,1.0
2026-09-16,20,XLU,credit,2,0.2876520214791317,0.2876520214791317,0.2392612702299885,0.3360427727282749,2026-09-16,2026-09-16,1.0
2026-09-16,20,XLU,commodities,2,-0.1539951494404182,-0.1539951494404182,-0.2681811649560671,-0.0398091339247694,2026-09-16,2026-09-16,1.0
2026-09-16,20,XLU,fx,2,0.040968860502525,0.040968860502525,-0.0556485041800645,0.1375862251851146,2026-09-16,2026-09-16,1.0
2026-09-16,20,XLU,volatility,1,-0.0468690896025835,-0.0468690896025835,-0.0468690896025835,-0.0468690896025835,2026-09-16,2026-09-16,1.0
2026-09-16,20,XLC,equity,3,0.161162059664779,0.2418863321923812,-0.0726236741154733,0.3142235209174292,2026-09-16,2026-09-16,1.0
2026-09-16,20,XLC,rates,2,0.2056812290367368,0.2056812290367368,0.1371796344591146,0.2741828236143591,2026-09-16,2026-09-16,1.0
2026-09-16,20,XLC,credit,2,0.1230257079933005,0.1230257079933005,0.1225733866198202,0.1234780293667809,2026-09-16,2026-09-16,1.0
2026-09-16,20,XLC,commodities,2,-0.1409369835371389,-0.1409369835371389,-0.3020474678036526,0.0201735007293747,2026-09-16,2026-09-16,1.0
2026-09-16,20,XLC,fx,2,-0.0320920101556702,-0.0320920101556702,-0.0856457720810464,0.0214617517697059,2026-09-16,2026-09-16,1.0
2026-09-16,20,XLC,volatility,1,-0.2124188751112538,-0.2124188751112538,-0.2124188751112538,-0.2124188751112538,2026-09-16,2026-09-16,1.0
2026-09-16,60,XLK,equity,3,0.7897780500211772,0.7689878542681022,0.6496191934961969,0.9507271022992329,2026-09-16,2026-09-16,1.0
2026-09-16,60,XLK,rates,2,0.1948161907798328,0.1948161907798328,0.1716158484507805,0.2180165331088852,2026-09-16,2026-09-16,1.0
2026-09-16,60,XLK,credit,2,0.3864339435033398,0.3864339435033398,0.2950365248144582,0.4778313621922214,2026-09-16,2026-09-16,1.0
2026-09-16,60,XLK,commodities,2,0.0071841343547773,0.0071841343547773,-0.2536816795971036,0.2680499483066583,2026-09-16,2026-09-16,1.0
2026-09-16,60,XLK,fx,2,-0.0889502913349895,-0.0889502913349895,-0.2349647450843631,0.0570641624143839,2026-09-16,2026-09-16,1.0
2026-09-16,60,XLK,volatility,1,-0.5570995614979597,-0.5570995614979597,-0.5570995614979597,-0.5570995614979597,2026-09-16,2026-09-16,1.0
2026-09-16,60,XLF,equity,3,0.3046431036169376,0.3651640038516707,0.0991896065365883,0.4495757004625538,2026-09-16,2026-09-16,1.0
2026-09-16,60,XLF,rates,2,0.3303487592756373,0.3303487592756373,0.3008226233024789,0.3598748952487957,2026-09-16,2026-09-16,1.0
2026-09-16,60,XLF,credit,2,0.3869401099410787,0.3869401099410787,0.3384904247792438,0.4353897951029136,2026-09-16,2026-09-16,1.0
2026-09-16,60,XLF,commodities,2,-0.1667636894774498,-0.1667636894774498,-0.4825907155229257,0.1490633365680261,2026-09-16,2026-09-16,1.0
2026-09-16,60,XLF,fx,2,-0.0930463419373162,-0.0930463419373162,-0.1179019694401929,-0.0681907144344394,2026-09-16,2026-09-16,1.0
2026-09-16,60,XLF,volatility,1,-0.3863014730353425,-0.3863014730353425,-0.3863014730353425,-0.3863014730353425,2026-09-16,2026-09-16,1.0
2026-09-16,60,XLV,equity,3,-0.1652362871559351,-0.1517499523002865,-0.3961045399472068,0.0521456307796879,2026-09-16,2026-09-16,1.0
2026-09-16,60,XLV,rates,2,0.3116720781468765,0.3116720781468765,0.2864819994752851,0.3368621568184677,2026-09-16,2026-09-16,1.0
2026-09-16,60,XLV,credit,2,0.151733366300894,0.151733366300894,0.0782407696417233,0.2252259629600647,2026-09-16,2026-09-16,1.0
2026-09-16,60,XLV,commodities,2,0.0153035109106148,0.0153035109106148,-0.1190785951331045,0.1496856169543343,2026-09-16,2026-09-16,1.0
2026-09-16,60,XLV,fx,2,-0.1204666439113228,-0.1204666439113228,-0.1719539182744086,-0.0689793695482369,2026-09-16,2026-09-16,1.0
2026-09-16,60,XLV,volatility,1,0.0750838294548906,0.0750838294548906,0.0750838294548906,0.0750838294548906,2026-09-16,2026-09-16,1.0
2026-09-16,60,XLE,equity,3,-0.3397755360389978,-0.3275739187765868,-0.3999973005653925,-0.2917553887750143,2026-09-16,2026-09-16,1.0
2026-09-16,60,XLE,rates,2,-0.4819760787574528,-0.4819760787574528,-0.4934412264873494,-0.4705109310275562,2026-09-16,2026-09-16,1.0
2026-09-16,60,XLE,credit,2,-0.4754351818510609,-0.4754351818510609,-0.5023349751819751,-0.4485353885201467,2026-09-16,2026-09-16,1.0
2026-09-16,60,XLE,commodities,2,0.2615427754037461,0.2615427754037461,-0.1989406077192898,0.7220261585267821,2026-09-16,2026-09-16,1.0
2026-09-16,60,XLE,fx,2,-0.017567402808292,-0.017567402808292,-0.073202331802973,0.0380675261863889,2026-09-16,2026-09-16,1.0
2026-09-16,60,XLE,volatility,1,0.2621663394206908,0.2621663394206908,0.2621663394206908,0.2621663394206908,2026-09-16,2026-09-16,1.0
2026-09-16,60,XLY,equity,3,0.4651157678169432,0.4021353028928636,0.3735133413865896,0.6196986591713765,2026-09-16,2026-09-16,1.0
2026-09-16,60,XLY,rates,2,0.3279804148500097,0.3279804148500097,0.3147241048165291,0.3412367248834904,2026-09-16,2026-09-16,1.0
2026-09-16,60,XLY,credit,2,0.4798758889537978,0.4798758889537978,0.376555552972375,0.5831962249352206,2026-09-16,2026-09-16,1.0
2026-09-16,60,XLY,commodities,2,-0.172833575507707,-0.172833575507707,-0.5363028900661071,0.1906357390506931,2026-09-16,2026-09-16,1.0
2026-09-16,60,XLY,fx,2,-0.0927114996536457,-0.0927114996536457,-0.331151360313516,0.1457283610062245,2026-09-16,2026-09-16,1.0
2026-09-16,60,XLY,volatility,1,-0.5591563003247799,-0.5591563003247799,-0.5591563003247799,-0.5591563003247799,2026-09-16,2026-09-16,1.0
2026-09-16,60,XLP,equity,3,-0.2338573279751928,-0.146315256633757,-0.4448249721750742,-0.110431755116747,2026-09-16,2026-09-16,1.0
2026-09-16,60,XLP,rates,2,0.2485431449696006,0.2485431449696006,0.2183902370937633,0.2786960528454379,2026-09-16,2026-09-16,1.0
2026-09-16,60,XLP,credit,2,0.1367965541565136,0.1367965541565136,0.0930863260660396,0.1805067822469876,2026-09-16,2026-09-16,1.0
2026-09-16,60,XLP,commodities,2,-0.2024235392506675,-0.2024235392506675,-0.2666377745166183,-0.1382093039847167,2026-09-16,2026-09-16,1.0
2026-09-16,60,XLP,fx,2,-0.0761040908134591,-0.0761040908134591,-0.2227983491282599,0.0705901675013415,2026-09-16,2026-09-16,1.0
2026-09-16,60,XLP,volatility,1,0.1639627876522909,0.1639627876522909,0.1639627876522909,0.1639627876522909,2026-09-16,2026-09-16,1.0
2026-09-16,60,XLI,equity,3,0.6178665250162635,0.6261708055441658,0.5856214306270917,0.6418073388775329,2026-09-16,2026-09-16,1.0
2026-09-16,60,XLI,rates,2,0.2772691983799025,0.2772691983799025,0.269759580034164,0.2847788167256409,2026-09-16,2026-09-16,1.0
2026-09-16,60,XLI,credit,2,0.360479401878185,0.360479401878185,0.3170712239458787,0.4038875798104913,2026-09-16,2026-09-16,1.0
2026-09-16,60,XLI,commodities,2,-0.1082356779558229,-0.1082356779558229,-0.3489640689195165,0.1324927130078705,2026-09-16,2026-09-16,1.0
2026-09-16,60,XLI,fx,2,-0.0181265026746375,-0.0181265026746375,-0.0855519426210091,0.0492989372717339,2026-09-16,2026-09-16,1.0
2026-09-16,60,XLI,volatility,1,-0.4225712166449581,-0.4225712166449581,-0.4225712166449581,-0.4225712166449581,2026-09-16,2026-09-16,1.0
2026-09-16,60,XLB,equity,3,0.266595682141509,0.2751485263345046,0.0788212827971374,0.4458172372928849,2026-09-16,2026-09-16,1.0
2026-09-16,60,XLB,rates,2,0.3746839515836017,0.3746839515836017,0.3643272140969117,0.3850406890702917,2026-09-16,2026-09-16,1.0
2026-09-16,60,XLB,credit,2,0.3473809063153741,0.3473809063153741,0.3432876804284858,0.3514741322022623,2026-09-16,2026-09-16,1.0
2026-09-16,60,XLB,commodities,2,0.0303693059773325,0.0303693059773325,-0.4055896260452057,0.4663282379998709,2026-09-16,2026-09-16,1.0
2026-09-16,60,XLB,fx,2,-0.1898390022063632,-0.1898390022063632,-0.19237491014038,-0.1873030942723463,2026-09-16,2026-09-16,1.0
2026-09-16,60,XLB,volatility,1,-0.2865994733063063,-0.2865994733063063,-0.2865994733063063,-0.2865994733063063,2026-09-16,2026-09-16,1.0
2026-09-16,60,XLRE,equity,3,-0.0735658125721965,-0.0304154113045497,-0.2850140280209275,0.0947320016088878,2026-09-16,2026-09-16,1.0
2026-09-16,60,XLRE,rates,2,0.333195202537962,0.333195202537962,0.3006083900406434,0.3657820150352805,2026-09-16,2026-09-16,1.0
2026-09-16,60,XLRE,credit,2,0.2218716081600664,0.2218716081600664,0.2019287354773731,0.2418144808427597,2026-09-16,2026-09-16,1.0
2026-09-16,60,XLRE,commodities,2,-0.0892406935398739,-0.0892406935398739,-0.2556794430524709,0.077198055972723,2026-09-16,2026-09-16,1.0
2026-09-16,60,XLRE,fx,2,-0.126769963405721,-0.126769963405721,-0.175318220085378,-0.078221706726064,2026-09-16,2026-09-16,1.0
2026-09-16,60,XLRE,volatility,1,0.0298581663963039,0.0298581663963039,0.0298581663963039,0.0298581663963039,2026-09-16,2026-09-16,1.0
2026-09-16,60,XLU,equity,3,-0.0398941848802693,-0.0398722779900567,-0.1316545045809084,0.0518442279301571,2026-09-16,2026-09-16,1.0
2026-09-16,60,XLU,rates,2,0.2324265213791824,0.2324265213791824,0.2288230512030222,0.2360299915553426,2026-09-16,2026-09-16,1.0
2026-09-16,60,XLU,credit,2,0.1202503036911773,0.1202503036911773,0.092765799906674,0.1477348074756806,2026-09-16,2026-09-16,1.0
2026-09-16,60,XLU,commodities,2,-0.0033114695128581,-0.0033114695128581,-0.0142138979372259,0.0075909589115096,2026-09-16,2026-09-16,1.0
2026-09-16,60,XLU,fx,2,-0.1139120572223289,-0.1139120572223289,-0.1811918525474745,-0.0466322618971833,2026-09-16,2026-09-16,1.0
2026-09-16,60,XLU,volatility,1,-0.0132634615473078,-0.0132634615473078,-0.0132634615473078,-0.0132634615473078,2026-09-16,2026-09-16,1.0
2026-09-16,60,XLC,equity,3,0.19635666567832,0.1773515680534299,0.0629041607017875,0.3488142682797426,2026-09-16,2026-09-16,1.0
2026-09-16,60,XLC,rates,2,0.2216714854050742,0.2216714854050742,0.2175365484979267,0.2258064223122217,2026-09-16,2026-09-16,1.0
2026-09-16,60,XLC,credit,2,0.2935280371491816,0.2935280371491816,0.2421875486382786,0.3448685256600846,2026-09-16,2026-09-16,1.0
2026-09-16,60,XLC,commodities,2,-0.2560613247427331,-0.2560613247427331,-0.4172130701496759,-0.0949095793357902,2026-09-16,2026-09-16,1.0
2026-09-16,60,XLC,fx,2,-0.0207969720332574,-0.0207969720332574,-0.063617835217276,0.0220238911507611,2026-09-16,2026-09-16,1.0
2026-09-16,60,XLC,volatility,1,-0.1643932069526557,-0.1643932069526557,-0.1643932069526557,-0.1643932069526557,2026-09-16,2026-09-16,1.0
2026-09-17,20,XLK,equity,3,0.7688645646970436,0.7514163471595618,0.6169367734688944,0.9382405734626744,2026-09-17,2026-09-17,1.0
2026-09-17,20,XLK,rates,2,0.40043895086834,0.40043895086834,0.3458274292428417,0.4550504724938383,2026-09-17,2026-09-17,1.0
2026-09-17,20,XLK,credit,2,0.5202816799675027,0.5202816799675027,0.4925769392755647,0.5479864206594407,2026-09-17,2026-09-17,1.0
2026-09-17,20,XLK,commodities,2,0.1410948447044416,0.1410948447044416,-0.2579119142745041,0.5401016036833874,2026-09-17,2026-09-17,1.0
2026-09-17,20,XLK,fx,2,-0.4428047098328321,-0.4428047098328321,-0.5338551982701402,-0.3517542213955241,2026-09-17,2026-09-17,1.0
2026-09-17,20,XLK,volatility,1,-0.7274024458250847,-0.7274024458250847,-0.7274024458250847,-0.7274024458250847,2026-09-17,2026-09-17,1.0
2026-09-17,20,XLF,equity,3,0.3728946450618215,0.3816341050797891,0.1940950681091759,0.5429547619964994,2026-09-17,2026-09-17,1.0
2026-09-17,20,XLF,rates,2,0.2416135722196112,0.2416135722196112,0.22965758741431,0.2535695570249123,2026-09-17,2026-09-17,1.0
2026-09-17,20,XLF,credit,2,0.2636780686229457,0.2636780686229457,0.213328448569086,0.3140276886768053,2026-09-17,2026-09-17,1.0
2026-09-17,20,XLF,commodities,2,0.115024025686234,0.115024025686234,-0.2599103490022846,0.4899584003747527,2026-09-17,2026-09-17,1.0
2026-09-17,20,XLF,fx,2,-0.2616613461455422,-0.2616613461455422,-0.4967721902704153,-0.026550502020669,2026-09-17,2026-09-17,1.0
2026-09-17,20,XLF,volatility,1,-0.4514199523738331,-0.4514199523738331,-0.4514199523738331,-0.4514199523738331,2026-09-17,2026-09-17,1.0
2026-09-17,20,XLV,equity,3,0.0825193481709592,0.1148875482924658,-0.0977268378894644,0.2303973341098762,2026-09-17,2026-09-17,1.0
2026-09-17,20,XLV,rates,2,0.2755925528746542,0.2755925528746542,0.2697670021517114,0.2814181035975969,2026-09-17,2026-09-17,1.0
2026-09-17,20,XLV,credit,2,0.232041958786384,0.232041958786384,0.2262882248133577,0.2377956927594104,2026-09-17,2026-09-17,1.0
2026-09-17,20,XLV,commodities,2,0.0453244283034711,0.0453244283034711,-0.1448225130479742,0.2354713696549165,2026-09-17,2026-09-17,1.0
2026-09-17,20,XLV,fx,2,-0.1143649837598894,-0.1143649837598894,-0.1335895736667493,-0.0951403938530296,2026-09-17,2026-09-17,1.0
2026-09-17,20,XLV,volatility,1,-0.0597106929611125,-0.0597106929611125,-0.0597106929611125,-0.0597106929611125,2026-09-17,2026-09-17,1.0
2026-09-17,20,XLE,equity,3,-0.1342925074248665,-0.1193933963708951,-0.2362060559832807,-0.0472780699204236,2026-09-17,2026-09-17,1.0
2026-09-17,20,XLE,rates,2,-0.2838868332559978,-0.2838868332559978,-0.3655651981406173,-0.2022084683713783,2026-09-17,2026-09-17,1.0
2026-09-17,20,XLE,credit,2,-0.2554762759167012,-0.2554762759167012,-0.2662011947934072,-0.2447513570399951,2026-09-17,2026-09-17,1.0
2026-09-17,20,XLE,commodities,2,0.2848510064257407,0.2848510064257407,-0.0366248792899898,0.6063268921414713,2026-09-17,2026-09-17,1.0
2026-09-17,20,XLE,fx,2,-0.3099168038257182,-0.3099168038257182,-0.3526617299850116,-0.2671718776664246,2026-09-17,2026-09-17,1.0
2026-09-17,20,XLE,volatility,1,-0.0855900916115923,-0.0855900916115923,-0.0855900916115923,-0.0855900916115923,2026-09-17,2026-09-17,1.0
2026-09-17,20,XLY,equity,3,0.4950990062773386,0.417598917972779,0.4093199482580243,0.6583781526012125,2026-09-17,2026-09-17,1.0
2026-09-17,20,XLY,rates,2,0.2965686177405846,0.2965686177405846,0.2636141815094415,0.3295230539717277,2026-09-17,2026-09-17,1.0
2026-09-17,20,XLY,credit,2,0.3877062659307437,0.3877062659307437,0.2800821311520209,0.4953304007094665,2026-09-17,2026-09-17,1.0
2026-09-17,20,XLY,commodities,2,-0.0483200974418848,-0.0483200974418848,-0.4528833887967966,0.3562431939130268,2026-09-17,2026-09-17,1.0
2026-09-17,20,XLY,fx,2,-0.2446692515904077,-0.2446692515904077,-0.2786356120897458,-0.2107028910910696,2026-09-17,2026-09-17,1.0
2026-09-17,20,XLY,volatility,1,-0.5951426262506538,-0.5951426262506538,-0.5951426262506538,-0.5951426262506538,2026-09-17,2026-09-17,1.0
2026-09-17,20,XLP,equity,3,-0.1406767828562315,-0.0424828558367719,-0.3736184052141236,-0.0059290875177989,2026-09-17,2026-09-17,1.0
2026-09-17,20,XLP,rates,2,0.0375039175476069,0.0375039175476069,-0.0283739493306886,0.1033817844259026,2026-09-17,2026-09-17,1.0
2026-09-17,20,XLP,credit,2,-0.0324319975155679,-0.0324319975155679,-0.0728201516787947,0.0079561566476588,2026-09-17,2026-09-17,1.0
2026-09-17,20,XLP,commodities,2,-0.0870496455292682,-0.0870496455292682,-0.0970614027275326,-0.0770378883310038,2026-09-17,2026-09-17,1.0
2026-09-17,20,XLP,fx,2,0.1542091443485069,0.1542091443485069,0.081847930343585,0.2265703583534288,2026-09-17,2026-09-17,1.0
2026-09-17,20,XLP,volatility,1,0.0691839489685899,0.0691839489685899,0.0691839489685899,0.0691839489685899,2026-09-17,2026-09-17,1.0
2026-09-17,20,XLI,equity,3,0.6289359864475013,0.6333563878894534,0.5829332568229837,0.670518314630067,2026-09-17,2026-09-17,1.0
2026-09-17,20,XLI,rates,2,0.2906742017802086,0.2906742017802086,0.2634320972728487,0.3179163062875685,2026-09-17,2026-09-17,1.0
2026-09-17,20,XLI,credit,2,0.3711660622610577,0.3711660622610577,0.3270724718017964,0.415259652720319,2026-09-17,2026-09-17,1.0
2026-09-17,20,XLI,commodities,2,-0.0371604921881809,-0.0371604921881809,-0.4535275390051314,0.3792065546287696,2026-09-17,2026-09-17,1.0
2026-09-17,20,XLI,fx,2,-0.1054263522156807,-0.1054263522156807,-0.271286063526317,0.0604333590949556,2026-09-17,2026-09-17,1.0
2026-09-17,20,XLI,volatility,1,-0.679201923234427,-0.679201923234427,-0.679201923234427,-0.679201923234427,2026-09-17,2026-09-17,1.0
2026-09-17,20,XLB,equity,3,0.4781181198726629,0.4745376964577878,0.306269439987078,0.6535472231731227,2026-09-17,2026-09-17,1.0
2026-09-17,20,XLB,rates,2,0.328085468065567,0.328085468065567,0.3095036929608408,0.3466672431702931,2026-09-17,2026-09-17,1.0
2026-09-17,20,XLB,credit,2,0.3984325930797909,0.3984325930797909,0.3762161099327769,0.4206490762268048,2026-09-17,2026-09-17,1.0
2026-09-17,20,XLB,commodities,2,0.0717373256811143,0.0717373256811143,-0.3860235510623707,0.5294982024245993,2026-09-17,2026-09-17,1.0
2026-09-17,20,XLB,fx,2,-0.168957024177811,-0.168957024177811,-0.208963224354107,-0.1289508240015149,2026-09-17,2026-09-17,1.0
2026-09-17,20,XLB,volatility,1,-0.6516359300045328,-0.6516359300045328,-0.6516359300045328,-0.6516359300045328,2026-09-17,2026-09-17,1.0
2026-09-17,20,XLRE,equity,3,0.3985638519803629,0.3144784333458779,0.3126928520632078,0.5685202705320029,2026-09-17,2026-09-17,1.0
2026-09-17,20,XLRE,rates,2,0.4609165598078766,0.4609165598078766,0.4275142943159578,0.4943188252997954,2026-09-17,2026-09-17,1.0
2026-09-17,20,XLRE,credit,2,0.4143021548316007,0.4143021548316007,0.3964009719448914,0.4322033377183099,2026-09-17,2026-09-17,1.0
2026-09-17,20,XLRE,commodities,2,0.0043775112552169,0.0043775112552169,-0.3899577168833113,0.3987127393937452,2026-09-17,2026-09-17,1.0
2026-09-17,20,XLRE,fx,2,-0.2500286083301609,-0.2500286083301609,-0.3642329630960771,-0.1358242535642446,2026-09-17,2026-09-17,1.0
2026-09-17,20,XLRE,volatility,1,-0.4894839978586809,-0.4894839978586809,-0.4894839978586809,-0.4894839978586809,2026-09-17,2026-09-17,1.0
2026-09-17,20,XLU,equity,3,0.2184952935900368,0.1971736107742269,0.1954850112984225,0.262827258697461,2026-09-17,2026-09-17,1.0
2026-09-17,20,XLU,rates,2,0.545818034389602,0.545818034389602,0.5105863627445565,0.5810497060346475,2026-09-17,2026-09-17,1.0
2026-09-17,20,XLU,credit,2,0.3912690684842391,0.3912690684842391,0.350911815506335,0.4316263214621433,2026-09-17,2026-09-17,1.0
2026-09-17,20,XLU,commodities,2,-0.1130932761120912,-0.1130932761120912,-0.2842168320283184,0.058030279804136,2026-09-17,2026-09-17,1.0
2026-09-17,20,XLU,fx,2,-0.0304175115995496,-0.0304175115995496,-0.1019309609536865,0.0410959377545873,2026-09-17,2026-09-17,1.0
2026-09-17,20,XLU,volatility,1,-0.1872423862482822,-0.1872423862482822,-0.1872423862482822,-0.1872423862482822,2026-09-17,2026-09-17,1.0
2026-09-17,20,XLC,equity,3,0.0519597688582466,0.1565641463097102,-0.1713975920908683,0.1707127523558979,2026-09-17,2026-09-17,1.0
2026-09-17,20,XLC,rates,2,0.0631126888368315,0.0631126888368315,0.004248265385097,0.121977112288566,2026-09-17,2026-09-17,1.0
2026-09-17,20,XLC,credit,2,-0.0031797919870057,-0.0031797919870057,-0.0068869638921895,0.000527379918178,2026-09-17,2026-09-17,1.0
2026-09-17,20,XLC,commodities,2,-0.1361432069810121,-0.1361432069810121,-0.2591586672427441,-0.01312774671928,2026-09-17,2026-09-17,1.0
2026-09-17,20,XLC,fx,2,0.0762773789619586,0.0762773789619586,0.0419057242042751,0.1106490337196421,2026-09-17,2026-09-17,1.0
2026-09-17,20,XLC,volatility,1,-0.0711818491181404,-0.0711818491181404,-0.0711818491181404,-0.0711818491181404,2026-09-17,2026-09-17,1.0
2026-09-17,60,XLK,equity,3,0.793778361692736,0.7766227462784594,0.6525965948339731,0.9521157439657756,2026-09-17,2026-09-17,1.0
2026-09-17,60,XLK,rates,2,0.2287886675105438,0.2287886675105438,0.206993380606296,0.2505839544147916,2026-09-17,2026-09-17,1.0
2026-09-17,60,XLK,credit,2,0.4108092130558612,0.4108092130558612,0.3235790362621177,0.4980393898496048,2026-09-17,2026-09-17,1.0
2026-09-17,60,XLK,commodities,2,0.008143030032838,0.008143030032838,-0.2648508659581057,0.2811369260237817,2026-09-17,2026-09-17,1.0
2026-09-17,60,XLK,fx,2,-0.1103200749604148,-0.1103200749604148,-0.2337565643699181,0.0131164144490884,2026-09-17,2026-09-17,1.0
2026-09-17,60,XLK,volatility,1,-0.5772173214646964,-0.5772173214646964,-0.5772173214646964,-0.5772173214646964,2026-09-17,2026-09-17,1.0
2026-09-17,60,XLF,equity,3,0.3059997063067831,0.3783714928054248,0.1014611621329377,0.4381664639819867,2026-09-17,2026-09-17,1.0
2026-09-17,60,XLF,rates,2,0.3141059186944567,0.3141059186944567,0.2844264137700695,0.3437854236188439,2026-09-17,2026-09-17,1.0
2026-09-17,60,XLF,credit,2,0.3681209145473059,0.3681209145473059,0.3232974475284014,0.4129443815662105,2026-09-17,2026-09-17,1.0
2026-09-17,60,XLF,commodities,2,-0.162057616159006,-0.162057616159006,-0.4758974906702606,0.1517822583522486,2026-09-17,2026-09-17,1.0
2026-09-17,60,XLF,fx,2,-0.0967243128970326,-0.0967243128970326,-0.1248395217483201,-0.068609104045745,2026-09-17,2026-09-17,1.0
2026-09-17,60,XLF,volatility,1,-0.3625921297932281,-0.3625921297932281,-0.3625921297932281,-0.3625921297932281,2026-09-17,2026-09-17,1.0
2026-09-17,60,XLV,equity,3,-0.1681170257424689,-0.1433876814251087,-0.3989689476051721,0.038005551802874,2026-09-17,2026-09-17,1.0
2026-09-17,60,XLV,rates,2,0.3101293769566826,0.3101293769566826,0.2828555563388738,0.3374031975744913,2026-09-17,2026-09-17,1.0
2026-09-17,60,XLV,credit,2,0.1538161253847312,0.1538161253847312,0.0841821232784168,0.2234501274910455,2026-09-17,2026-09-17,1.0
2026-09-17,60,XLV,commodities,2,0.0050890255489942,0.0050890255489942,-0.1356312441089274,0.1458092952069159,2026-09-17,2026-09-17,1.0
2026-09-17,60,XLV,fx,2,-0.1122611749139877,-0.1122611749139877,-0.1638376340503032,-0.0606847157776722,2026-09-17,2026-09-17,1.0
2026-09-17,60,XLV,volatility,1,0.0554971177908775,0.0554971177908775,0.0554971177908775,0.0554971177908775,2026-09-17,2026-09-17,1.0
2026-09-17,60,XLE,equity,3,-0.3362360852872588,-0.3146894889520153,-0.4070504492166686,-0.2869683176930924,2026-09-17,2026-09-17,1.0
2026-09-17,60,XLE,rates,2,-0.4553907924293436,-0.4553907924293436,-0.4661368441480653,-0.444644740710622,2026-09-17,2026-09-17,1.0
2026-09-17,60,XLE,credit,2,-0.447914150087966,-0.447914150087966,-0.4753850819242071,-0.4204432182517249,2026-09-17,2026-09-17,1.0
2026-09-17,60,XLE,commodities,2,0.2599901229770364,0.2599901229770364,-0.1973106133965318,0.7172908593506048,2026-09-17,2026-09-17,1.0
2026-09-17,60,XLE,fx,2,-0.0164027724329718,-0.0164027724329718,-0.0744847611548391,0.0416792162888954,2026-09-17,2026-09-17,1.0
2026-09-17,60,XLE,volatility,1,0.2402691226306811,0.2402691226306811,0.2402691226306811,0.2402691226306811,2026-09-17,2026-09-17,1.0
2026-09-17,60,XLY,equity,3,0.4930898023857603,0.4375273817778893,0.4052922007463551,0.6364498246330366,2026-09-17,2026-09-17,1.0
2026-09-17,60,XLY,rates,2,0.3552719823980804,0.3552719823980804,0.3392246005993635,0.3713193641967974,2026-09-17,2026-09-17,1.0
2026-09-17,60,XLY,credit,2,0.5029540174066436,0.5029540174066436,0.4054484570466505,0.6004595777666366,2026-09-17,2026-09-17,1.0
2026-09-17,60,XLY,commodities,2,-0.1575017776294647,-0.1575017776294647,-0.5324932977557197,0.2174897424967903,2026-09-17,2026-09-17,1.0
2026-09-17,60,XLY,fx,2,-0.1300210361611985,-0.1300210361611985,-0.3484660276757852,0.0884239553533882,2026-09-17,2026-09-17,1.0
2026-09-17,60,XLY,volatility,1,-0.5679622124431254,-0.5679622124431254,-0.5679622124431254,-0.5679622124431254,2026-09-17,2026-09-17,1.0
2026-09-17,60,XLP,equity,3,-0.2219276891277591,-0.1379556458720183,-0.4294136038952988,-0.0984138176159604,2026-09-17,2026-09-17,1.0
2026-09-17,60,XLP,rates,2,0.2486399303399461,0.2486399303399461,0.2208795189648247,0.2764003417150676,2026-09-17,2026-09-17,1.0
2026-09-17,60,XLP,credit,2,0.1414645208876161,0.1414645208876161,0.0984618065526356,0.1844672352225966,2026-09-17,2026-09-17,1.0
2026-09-17,60,XLP,commodities,2,-0.195538599387781,-0.195538599387781,-0.2621822354717983,-0.1288949633037637,2026-09-17,2026-09-17,1.0
2026-09-17,60,XLP,fx,2,-0.0832686824828184,-0.0832686824828184,-0.2309038667897065,0.0643665018240696,2026-09-17,2026-09-17,1.0
2026-09-17,60,XLP,volatility,1,0.1555075457717286,0.1555075457717286,0.1555075457717286,0.1555075457717286,2026-09-17,2026-09-17,1.0
2026-09-17,60,XLI,equity,3,0.6236239463468909,0.6375923820374633,0.5865378533423958,0.6467416036608136,2026-09-17,2026-09-17,1.0
2026-09-17,60,XLI,rates,2,0.2806619693515303,0.2806619693515303,0.2670368553550884,0.2942870833479722,2026-09-17,2026-09-17,1.0
2026-09-17,60,XLI,credit,2,0.3610899261542952,0.3610899261542952,0.3145446196373808,0.4076352326712097,2026-09-17,2026-09-17,1.0
2026-09-17,60,XLI,commodities,2,-0.1381398805344699,-0.1381398805344699,-0.3972514157573392,0.1209716546883993,2026-09-17,2026-09-17,1.0
2026-09-17,60,XLI,fx,2,0.0027266956371073,0.0027266956371073,-0.0680647086941961,0.0735180999684107,2026-09-17,2026-09-17,1.0
2026-09-17,60,XLI,volatility,1,-0.450735041015257,-0.450735041015257,-0.450735041015257,-0.450735041015257,2026-09-17,2026-09-17,1.0
2026-09-17,60,XLB,equity,3,0.2684772530660934,0.2867497684967632,0.0800789463229359,0.438603044378581,2026-09-17,2026-09-17,1.0
2026-09-17,60,XLB,rates,2,0.3819752070944275,0.3819752070944275,0.3749026973595959,0.389047716829259,2026-09-17,2026-09-17,1.0
2026-09-17,60,XLB,credit,2,0.3539798648328216,0.3539798648328216,0.3485217937612141,0.3594379359044291,2026-09-17,2026-09-17,1.0
2026-09-17,60,XLB,commodities,2,0.0191206032229247,0.0191206032229247,-0.4293507446048183,0.4675919510506678,2026-09-17,2026-09-17,1.0
2026-09-17,60,XLB,fx,2,-0.1870587907567427,-0.1870587907567427,-0.1885652557890228,-0.1855523257244627,2026-09-17,2026-09-17,1.0
2026-09-17,60,XLB,volatility,1,-0.3081677679577728,-0.3081677679577728,-0.3081677679577728,-0.3081677679577728,2026-09-17,2026-09-17,1.0
2026-09-17,60,XLRE,equity,3,-0.0660217165775896,-0.0194709651207783,-0.2742687407410739,0.0956745561290832,2026-09-17,2026-09-17,1.0
2026-09-17,60,XLRE,rates,2,0.3338754070992968,0.3338754070992968,0.3033093697437123,0.3644414444548814,2026-09-17,2026-09-17,1.0
2026-09-17,60,XLRE,credit,2,0.2266654570081569,0.2266654570081569,0.2077869201631985,0.2455439938531152,2026-09-17,2026-09-17,1.0
2026-09-17,60,XLRE,commodities,2,-0.0902376790707192,-0.0902376790707192,-0.2619396162076427,0.0814642580662043,2026-09-17,2026-09-17,1.0
2026-09-17,60,XLRE,fx,2,-0.1290623761366669,-0.1290623761366669,-0.1805572127892262,-0.0775675394841076,2026-09-17,2026-09-17,1.0
2026-09-17,60,XLRE,volatility,1,0.012911326624719,0.012911326624719,0.012911326624719,0.012911326624719,2026-09-17,2026-09-17,1.0
2026-09-17,60,XLU,equity,3,-0.0235483464160657,-0.0095179075131186,-0.1116703193668091,0.0505431876317305,2026-09-17,2026-09-17,1.0
2026-09-17,60,XLU,rates,2,0.2617675736130694,0.2617675736130694,0.256762085522276,0.2667730617038629,2026-09-17,2026-09-17,1.0
2026-09-17,60,XLU,credit,2,0.1546892373739974,0.1546892373739974,0.1302249141728456,0.1791535605751491,2026-09-17,2026-09-17,1.0
2026-09-17,60,XLU,commodities,2,-0.0064805408128127,-0.0064805408128127,-0.0112068548392641,-0.0017542267863613,2026-09-17,2026-09-17,1.0
2026-09-17,60,XLU,fx,2,-0.1239352950474738,-0.1239352950474738,-0.2052440911837442,-0.0426264989112034,2026-09-17,2026-09-17,1.0
2026-09-17,60,XLU,volatility,1,-0.0593978858014811,-0.0593978858014811,-0.0593978858014811,-0.0593978858014811,2026-09-17,2026-09-17,1.0
2026-09-17,60,XLC,equity,3,0.1913387417077156,0.1858161430725562,0.0582802189209385,0.3299198631296519,2026-09-17,2026-09-17,1.0
2026-09-17,60,XLC,rates,2,0.1970373514932573,0.1970373514932573,0.1918444407694284,0.2022302622170862,2026-09-17,2026-09-17,1.0
2026-09-17,60,XLC,credit,2,0.2655631452164294,0.2655631452164294,0.218144760309097,0.3129815301237618,2026-09-17,2026-09-17,1.0
2026-09-17,60,XLC,commodities,2,-0.2516185472016656,-0.2516185472016656,-0.4064767342981291,-0.096760360105202,2026-09-17,2026-09-17,1.0
2026-09-17,60,XLC,fx,2,-0.0178510081483626,-0.0178510081483626,-0.0523921578933045,0.0166901415965792,2026-09-17,2026-09-17,1.0
2026-09-17,60,XLC,volatility,1,-0.1353068907787014,-0.1353068907787014,-0.1353068907787014,-0.1353068907787014,2026-09-17,2026-09-17,1.0
2026-09-18,20,XLK,equity,3,0.7802451456422074,0.7613589180338585,0.6372635456058501,0.9421129732869132,2026-09-18,2026-09-18,1.0
2026-09-18,20,XLK,rates,2,0.3513507266142575,0.3513507266142575,0.3039349337286414,0.3987665194998736,2026-09-18,2026-09-18,1.0
2026-09-18,20,XLK,credit,2,0.4741625264591726,0.4741625264591726,0.4434079658291917,0.5049170870891535,2026-09-18,2026-09-18,1.0
2026-09-18,20,XLK,commodities,2,0.1551461121107065,0.1551461121107065,-0.2703443717803352,0.5806365960017482,2026-09-18,2026-09-18,1.0
2026-09-18,20,XLK,fx,2,-0.4404451307619027,-0.4404451307619027,-0.5460970660193973,-0.334793195504408,2026-09-18,2026-09-18,1.0
2026-09-18,20,XLK,volatility,1,-0.7442153948724896,-0.7442153948724896,-0.7442153948724896,-0.7442153948724896,2026-09-18,2026-09-18,1.0
2026-09-18,20,XLF,equity,3,0.3407355514521379,0.3186534509058363,0.1775182664798661,0.5260349369707114,2026-09-18,2026-09-18,1.0
2026-09-18,20,XLF,rates,2,0.2747746270743328,0.2747746270743328,0.2741069068146657,0.2754423473339999,2026-09-18,2026-09-18,1.0
2026-09-18,20,XLF,credit,2,0.2591784142100274,0.2591784142100274,0.2335805964417097,0.2847762319783452,2026-09-18,2026-09-18,1.0
2026-09-18,20,XLF,commodities,2,0.0895933822441761,0.0895933822441761,-0.2546959391675057,0.433882703655858,2026-09-18,2026-09-18,1.0
2026-09-18,20,XLF,fx,2,-0.2839865723378266,-0.2839865723378266,-0.4752172452983189,-0.0927558993773342,2026-09-18,2026-09-18,1.0
2026-09-18,20,XLF,volatility,1,-0.4220634061009535,-0.4220634061009535,-0.4220634061009535,-0.4220634061009535,2026-09-18,2026-09-18,1.0
2026-09-18,20,XLV,equity,3,0.0027496014958756,0.0493940636597528,-0.1580801484822427,0.1169348893101166,2026-09-18,2026-09-18,1.0
2026-09-18,20,XLV,rates,2,0.3686964814566111,0.3686964814566111,0.359295143758763,0.3780978191544593,2026-09-18,2026-09-18,1.0
2026-09-18,20,XLV,credit,2,0.2584539819854366,0.2584539819854366,0.2104731080264217,0.3064348559444515,2026-09-18,2026-09-18,1.0
2026-09-18,20,XLV,commodities,2,-0.0122172476817063,-0.0122172476817063,-0.1228195371084291,0.0983850417450164,2026-09-18,2026-09-18,1.0
2026-09-18,20,XLV,fx,2,-0.143503913182348,-0.143503913182348,-0.2652155638287155,-0.0217922625359805,2026-09-18,2026-09-18,1.0
2026-09-18,20,XLV,volatility,1,0.0289693253731289,0.0289693253731289,0.0289693253731289,0.0289693253731289,2026-09-18,2026-09-18,1.0
2026-09-18,20,XLE,equity,3,-0.1334960188424792,-0.1236027330635547,-0.2323291788214132,-0.0445561446424698,2026-09-18,2026-09-18,1.0
2026-09-18,20,XLE,rates,2,-0.2639665090297236,-0.2639665090297236,-0.3471404351163217,-0.1807925829431254,2026-09-18,2026-09-18,1.0
2026-09-18,20,XLE,credit,2,-0.2341463622891544,-0.2341463622891544,-0.2460375847840018,-0.222255139794307,2026-09-18,2026-09-18,1.0
2026-09-18,20,XLE,commodities,2,0.2861941671429164,0.2861941671429164,-0.0338213591663875,0.6062096934522205,2026-09-18,2026-09-18,1.0
2026-09-18,20,XLE,fx,2,-0.3141307938086963,-0.3141307938086963,-0.3570443406454955,-0.2712172469718971,2026-09-18,2026-09-18,1.0
2026-09-18,20,XLE,volatility,1,-0.086072446742852,-0.086072446742852,-0.086072446742852,-0.086072446742852,2026-09-18,2026-09-18,1.0
2026-09-18,20,XLY,equity,3,0.4660992549214149,0.3985672938580575,0.3506866481680731,0.6490438227381142,2026-09-18,2026-09-18,1.0
2026-09-18,20,XLY,rates,2,0.3464106025512571,0.3464106025512571,0.2997470413786912,0.3930741637238231,2026-09-18,2026-09-18,1.0
2026-09-18,20,XLY,credit,2,0.3955139202567015,0.3955139202567015,0.3140735192019908,0.4769543213114121,2026-09-18,2026-09-18,1.0
2026-09-18,20,XLY,commodities,2,-0.090829970103037,-0.090829970103037,-0.4552685593422305,0.2736086191361563,2026-09-18,2026-09-18,1.0
2026-09-18,20,XLY,fx,2,-0.2719297983966839,-0.2719297983966839,-0.3042652071514862,-0.2395943896418816,2026-09-18,2026-09-18,1.0
2026-09-18,20,XLY,volatility,1,-0.5707141404523511,-0.5707141404523511,-0.5707141404523511,-0.5707141404523511,2026-09-18,2026-09-18,1.0
2026-09-18,20,XLP,equity,3,-0.2009396686666182,-0.0949848264036547,-0.4294133391410066,-0.0784208404551933,2026-09-18,2026-09-18,1.0
2026-09-18,20,XLP,rates,2,0.1241128424598222,0.1241128424598222,0.0545230910801821,0.1937025938394624,2026-09-18,2026-09-18,1.0
2026-09-18,20,XLP,credit,2,0.0136382660365352,0.0136382660365352,-0.00038906696679,0.0276655990398605,2026-09-18,2026-09-18,1.0
2026-09-18,20,XLP,commodities,2,-0.1287670769832025,-0.1287670769832025,-0.2022577884368196,-0.0552763655295854,2026-09-18,2026-09-18,1.0
2026-09-18,20,XLP,fx,2,0.1433754211983487,0.1433754211983487,-0.0056325897401148,0.2923834321368122,2026-09-18,2026-09-18,1.0
2026-09-18,20,XLP,volatility,1,0.1441656019177806,0.1441656019177806,0.1441656019177806,0.1441656019177806,2026-09-18,2026-09-18,1.0
2026-09-18,20,XLI,equity,3,0.6128582762429223,0.6183967937414315,0.5923659280263532,0.6278121069609823,2026-09-18,2026-09-18,1.0
2026-09-18,20,XLI,rates,2,0.2374019736013068,0.2374019736013068,0.2004128815193314,0.2743910656832822,2026-09-18,2026-09-18,1.0
2026-09-18,20,XLI,credit,2,0.3010142275204656,0.3010142275204656,0.2694478731976045,0.3325805818433267,2026-09-18,2026-09-18,1.0
2026-09-18,20,XLI,commodities,2,-0.049513807311227,-0.049513807311227,-0.4668479637746143,0.3678203491521602,2026-09-18,2026-09-18,1.0
2026-09-18,20,XLI,fx,2,-0.1022611653879557,-0.1022611653879557,-0.2617970950816213,0.0572747643057099,2026-09-18,2026-09-18,1.0
2026-09-18,20,XLI,volatility,1,-0.6756122089870552,-0.6756122089870552,-0.6756122089870552,-0.6756122089870552,2026-09-18,2026-09-18,1.0
2026-09-18,20,XLB,equity,3,0.4253593311816727,0.4346331845116114,0.2427909070971409,0.5986539019362658,2026-09-18,2026-09-18,1.0
2026-09-18,20,XLB,rates,2,0.5466044222842737,0.5466044222842737,0.5443100928467167,0.5488987517218308,2026-09-18,2026-09-18,1.0
2026-09-18,20,XLB,credit,2,0.5256352921706398,0.5256352921706398,0.4871844065193859,0.5640861778218937,2026-09-18,2026-09-18,1.0
2026-09-18,20,XLB,commodities,2,-0.0020190956481438,-0.0020190956481438,-0.362627557797764,0.3585893665014762,2026-09-18,2026-09-18,1.0
2026-09-18,20,XLB,fx,2,-0.231819087746291,-0.231819087746291,-0.3600743751996932,-0.1035638002928888,2026-09-18,2026-09-18,1.0
2026-09-18,20,XLB,volatility,1,-0.598962319361724,-0.598962319361724,-0.598962319361724,-0.598962319361724,2026-09-18,2026-09-18,1.0
2026-09-18,20,XLRE,equity,3,0.3658534261473934,0.3069169373995339,0.2562438197077305,0.5343995213349158,2026-09-18,2026-09-18,1.0
2026-09-18,20,XLRE,rates,2,0.5139456031636689,0.5139456031636689,0.4795444731701693,0.5483467331571685,2026-09-18,2026-09-18,1.0
2026-09-18,20,XLRE,credit,2,0.4513664226812311,0.4513664226812311,0.4440172790083568,0.4587155663541055,2026-09-18,2026-09-18,1.0
2026-09-18,20,XLRE,commodities,2,-0.0001659900728674,-0.0001659900728674,-0.3384162923103659,0.3380843121646311,2026-09-18,2026-09-18,1.0
2026-09-18,20,XLRE,fx,2,-0.2583029216965839,-0.2583029216965839,-0.3229049527630668,-0.193700890630101,2026-09-18,2026-09-18,1.0
2026-09-18,20,XLRE,volatility,1,-0.4335303168864078,-0.4335303168864078,-0.4335303168864078,-0.4335303168864078,2026-09-18,2026-09-18,1.0
2026-09-18,20,XLU,equity,3,0.3369189155950234,0.3666988957324728,0.2100929296446493,0.4339649214079483,2026-09-18,2026-09-18,1.0
2026-09-18,20,XLU,rates,2,0.6079002276899146,0.6079002276899146,0.5877139343678074,0.6280865210120217,2026-09-18,2026-09-18,1.0
2026-09-18,20,XLU,credit,2,0.5104061672192512,0.5104061672192512,0.5049637825744376,0.5158485518640648,2026-09-18,2026-09-18,1.0
2026-09-18,20,XLU,commodities,2,-0.0407365211313066,-0.0407365211313066,-0.2937541318717848,0.2122810896091716,2026-09-18,2026-09-18,1.0
2026-09-18,20,XLU,fx,2,-0.0301080354476554,-0.0301080354476554,-0.179029272762792,0.1188132018674811,2026-09-18,2026-09-18,1.0
2026-09-18,20,XLU,volatility,1,-0.2686374940506213,-0.2686374940506213,-0.2686374940506213,-0.2686374940506213,2026-09-18,2026-09-18,1.0
2026-09-18,20,XLC,equity,3,0.0166946508540692,0.131929199451331,-0.2219058043450236,0.1400605574559003,2026-09-18,2026-09-18,1.0
2026-09-18,20,XLC,rates,2,0.1597700704263975,0.1597700704263975,0.1060277126471941,0.2135124282056009,2026-09-18,2026-09-18,1.0
2026-09-18,20,XLC,credit,2,0.0720758263114008,0.0720758263114008,0.0613859224812062,0.0827657301415955,2026-09-18,2026-09-18,1.0
2026-09-18,20,XLC,commodities,2,-0.1485479298978063,-0.1485479298978063,-0.1966016452131951,-0.1004942145824175,2026-09-18,2026-09-18,1.0
2026-09-18,20,XLC,fx,2,0.0592896088686147,0.0592896088686147,0.0323505739414992,0.0862286437957301,2026-09-18,2026-09-18,1.0
2026-09-18,20,XLC,volatility,1,-0.0077719630300282,-0.0077719630300282,-0.0077719630300282,-0.0077719630300282,2026-09-18,2026-09-18,1.0
2026-09-18,60,XLK,equity,3,0.7952910993763918,0.7711852762334975,0.6633963459790211,0.9512916759166564,2026-09-18,2026-09-18,1.0
2026-09-18,60,XLK,rates,2,0.2311000972037523,0.2311000972037523,0.2037167178521765,0.258483476555328,2026-09-18,2026-09-18,1.0
2026-09-18,60,XLK,credit,2,0.397818262636272,0.397818262636272,0.3173182216758463,0.4783183035966977,2026-09-18,2026-09-18,1.0
2026-09-18,60,XLK,commodities,2,0.0004407467362741,0.0004407467362741,-0.2983710057076876,0.299252499180236,2026-09-18,2026-09-18,1.0
2026-09-18,60,XLK,fx,2,-0.1102467926695583,-0.1102467926695583,-0.2389063699787711,0.0184127846396544,2026-09-18,2026-09-18,1.0
2026-09-18,60,XLK,volatility,1,-0.5922309614416142,-0.5922309614416142,-0.5922309614416142,-0.5922309614416142,2026-09-18,2026-09-18,1.0
2026-09-18,60,XLF,equity,3,0.3095497852939972,0.3782667750384536,0.1041981578038973,0.4461844230396407,2026-09-18,2026-09-18,1.0
2026-09-18,60,XLF,rates,2,0.3128505248941011,0.3128505248941011,0.2843684692277667,0.3413325805604356,2026-09-18,2026-09-18,1.0
2026-09-18,60,XLF,credit,2,0.3669652156368757,0.3669652156368757,0.3224396139216813,0.4114908173520701,2026-09-18,2026-09-18,1.0
2026-09-18,60,XLF,commodities,2,-0.1636723683601611,-0.1636723683601611,-0.476565051329866,0.1492203146095437,2026-09-18,2026-09-18,1.0
2026-09-18,60,XLF,fx,2,-0.0970765596562388,-0.0970765596562388,-0.1244566943171514,-0.0696964249953261,2026-09-18,2026-09-18,1.0
2026-09-18,60,XLF,volatility,1,-0.3597419123718431,-0.3597419123718431,-0.3597419123718431,-0.3597419123718431,2026-09-18,2026-09-18,1.0
2026-09-18,60,XLV,equity,3,-0.1530488369293376,-0.1021777458364679,-0.3787039557833415,0.0217351908317967,2026-09-18,2026-09-18,1.0
2026-09-18,60,XLV,rates,2,0.3051276690339851,0.3051276690339851,0.2583851380466788,0.3518702000212914,2026-09-18,2026-09-18,1.0
2026-09-18,60,XLV,credit,2,0.1731324535875199,0.1731324535875199,0.1121331675458232,0.2341317396292165,2026-09-18,2026-09-18,1.0
2026-09-18,60,XLV,commodities,2,0.0196999332405,0.0196999332405,-0.0826852982549251,0.1220851647359252,2026-09-18,2026-09-18,1.0
2026-09-18,60,XLV,fx,2,-0.119868980121387,-0.119868980121387,-0.1838020760634879,-0.0559358841792862,2026-09-18,2026-09-18,1.0
2026-09-18,60,XLV,volatility,1,0.0789907704936077,0.0789907704936077,0.0789907704936077,0.0789907704936077,2026-09-18,2026-09-18,1.0
2026-09-18,60,XLE,equity,3,-0.3447509713256842,-0.3305825586899372,-0.3992635729087183,-0.3044067823783972,2026-09-18,2026-09-18,1.0
2026-09-18,60,XLE,rates,2,-0.43687294775414,-0.43687294775414,-0.4546973137869977,-0.4190485817212823,2026-09-18,2026-09-18,1.0
2026-09-18,60,XLE,credit,2,-0.4345907088515482,-0.4345907088515482,-0.4610823312107519,-0.4080990864923446,2026-09-18,2026-09-18,1.0
2026-09-18,60,XLE,commodities,2,0.2617742175588914,0.2617742175588914,-0.1942511407491647,0.7177995758669476,2026-09-18,2026-09-18,1.0
2026-09-18,60,XLE,fx,2,-0.0171160270068905,-0.0171160270068905,-0.0737195560810148,0.0394875020672338,2026-09-18,2026-09-18,1.0
2026-09-18,60,XLE,volatility,1,0.2403914300067803,0.2403914300067803,0.2403914300067803,0.2403914300067803,2026-09-18,2026-09-18,1.0
2026-09-18,60,XLY,equity,3,0.5061457432880712,0.4351609263334249,0.422588247952167,0.6606880555786215,2026-09-18,2026-09-18,1.0
2026-09-18,60,XLY,rates,2,0.3505961554164719,0.3505961554164719,0.3395852590852953,0.3616070517476485,2026-09-18,2026-09-18,1.0
2026-09-18,60,XLY,credit,2,0.5046158617386951,0.5046158617386951,0.4053391261471255,0.6038925973302648,2026-09-18,2026-09-18,1.0
2026-09-18,60,XLY,commodities,2,-0.1567863064574687,-0.1567863064574687,-0.5225768251931785,0.2090042122782409,2026-09-18,2026-09-18,1.0
2026-09-18,60,XLY,fx,2,-0.1312096747314369,-0.1312096747314369,-0.3478496609071655,0.0854303114442916,2026-09-18,2026-09-18,1.0
2026-09-18,60,XLY,volatility,1,-0.562975308758566,-0.562975308758566,-0.562975308758566,-0.562975308758566,2026-09-18,2026-09-18,1.0
2026-09-18,60,XLP,equity,3,-0.2152633324513659,-0.1231234899243558,-0.4235092478762604,-0.0991572595534815,2026-09-18,2026-09-18,1.0
2026-09-18,60,XLP,rates,2,0.254545114455489,0.254545114455489,0.2240318133899656,0.2850584155210124,2026-09-18,2026-09-18,1.0
2026-09-18,60,XLP,credit,2,0.1589113447883999,0.1589113447883999,0.1215946143530078,0.1962280752237919,2026-09-18,2026-09-18,1.0
2026-09-18,60,XLP,commodities,2,-0.1915863951579529,-0.1915863951579529,-0.2382981165084983,-0.1448746738074076,2026-09-18,2026-09-18,1.0
2026-09-18,60,XLP,fx,2,-0.0850825110184124,-0.0850825110184124,-0.2368277074863684,0.0666626854495436,2026-09-18,2026-09-18,1.0
2026-09-18,60,XLP,volatility,1,0.1685979836710822,0.1685979836710822,0.1685979836710822,0.1685979836710822,2026-09-18,2026-09-18,1.0
2026-09-18,60,XLI,equity,3,0.6231903925814969,0.6356457757462523,0.577540791914906,0.6563846100833325,2026-09-18,2026-09-18,1.0
2026-09-18,60,XLI,rates,2,0.286864833940277,0.286864833940277,0.2812841060518518,0.2924455618287022,2026-09-18,2026-09-18,1.0
2026-09-18,60,XLI,credit,2,0.3471657378513054,0.3471657378513054,0.3089995768873541,0.3853318988152567,2026-09-18,2026-09-18,1.0
2026-09-18,60,XLI,commodities,2,-0.1521316355796815,-0.1521316355796815,-0.4491071403144881,0.1448438691551249,2026-09-18,2026-09-18,1.0
2026-09-18,60,XLI,fx,2,0.0042101288466243,0.0042101288466243,-0.073762647351035,0.0821829050442837,2026-09-18,2026-09-18,1.0
2026-09-18,60,XLI,volatility,1,-0.4733775348027996,-0.4733775348027996,-0.4733775348027996,-0.4733775348027996,2026-09-18,2026-09-18,1.0
2026-09-18,60,XLB,equity,3,0.2614364954027435,0.2764794036834427,0.0610028139724951,0.4468272685522928,2026-09-18,2026-09-18,1.0
2026-09-18,60,XLB,rates,2,0.4050370185773636,0.4050370185773636,0.3891968622604365,0.4208771748942907,2026-09-18,2026-09-18,1.0
2026-09-18,60,XLB,credit,2,0.371610490441752,0.371610490441752,0.3661899772846618,0.3770310035988421,2026-09-18,2026-09-18,1.0
2026-09-18,60,XLB,commodities,2,0.016070739790603,0.016070739790603,-0.4269621226409624,0.4591036022221685,2026-09-18,2026-09-18,1.0
2026-09-18,60,XLB,fx,2,-0.1870074852344095,-0.1870074852344095,-0.1883811916673773,-0.1856337788014417,2026-09-18,2026-09-18,1.0
2026-09-18,60,XLB,volatility,1,-0.2951947845584039,-0.2951947845584039,-0.2951947845584039,-0.2951947845584039,2026-09-18,2026-09-18,1.0
2026-09-18,60,XLRE,equity,3,-0.0502854472856773,0.014364004500247,-0.2562788287079231,0.091058482350644,2026-09-18,2026-09-18,1.0
2026-09-18,60,XLRE,rates,2,0.3398539945578664,0.3398539945578664,0.3178871649048887,0.3618208242108442,2026-09-18,2026-09-18,1.0
2026-09-18,60,XLRE,credit,2,0.2534000350117571,0.2534000350117571,0.2438187923946347,0.2629812776288795,2026-09-18,2026-09-18,1.0
2026-09-18,60,XLRE,commodities,2,-0.0821364238320155,-0.0821364238320155,-0.2199511852721812,0.05567833760815,2026-09-18,2026-09-18,1.0
2026-09-18,60,XLRE,fx,2,-0.1338596670363473,-0.1338596670363473,-0.1936960781510635,-0.0740232559216311,2026-09-18,2026-09-18,1.0
2026-09-18,60,XLRE,volatility,1,0.0342476627410055,0.0342476627410055,0.0342476627410055,0.0342476627410055,2026-09-18,2026-09-18,1.0
2026-09-18,60,XLU,equity,3,-0.0138837674664311,0.0092828409136634,-0.1036820551316562,0.0527479118186994,2026-09-18,2026-09-18,1.0
2026-09-18,60,XLU,rates,2,0.2753012976487501,0.2753012976487501,0.2689513518654016,0.2816512434320987,2026-09-18,2026-09-18,1.0
2026-09-18,60,XLU,credit,2,0.1826355018157803,0.1826355018157803,0.16556754937148,0.1997034542600805,2026-09-18,2026-09-18,1.0
2026-09-18,60,XLU,commodities,2,0.000925342034998,0.000925342034998,-0.0225740057446303,0.0244246898146263,2026-09-18,2026-09-18,1.0
2026-09-18,60,XLU,fx,2,-0.1258899953547056,-0.1258899953547056,-0.2116848476803276,-0.0400951430290837,2026-09-18,2026-09-18,1.0
2026-09-18,60,XLU,volatility,1,-0.039997639016568,-0.039997639016568,-0.039997639016568,-0.039997639016568,2026-09-18,2026-09-18,1.0
2026-09-18,60,XLC,equity,3,0.1937050495863713,0.1903643749025524,0.0550686061114254,0.3356821677451361,2026-09-18,2026-09-18,1.0
2026-09-18,60,XLC,rates,2,0.2138952585778094,0.2138952585778094,0.206001591921574,0.2217889252340448,2026-09-18,2026-09-18,1.0
2026-09-18,60,XLC,credit,2,0.2848717974841614,0.2848717974841614,0.2351684422259811,0.3345751527423418,2026-09-18,2026-09-18,1.0
2026-09-18,60,XLC,commodities,2,-0.2480667044724121,-0.2480667044724121,-0.3883640978754,-0.1077693110694242,2026-09-18,2026-09-18,1.0
2026-09-18,60,XLC,fx,2,-0.0199295407056698,-0.0199295407056698,-0.0565809629706493,0.0167218815593097,2026-09-18,2026-09-18,1.0
2026-09-18,60,XLC,volatility,1,-0.1209082347839253,-0.1209082347839253,-0.1209082347839253,-0.1209082347839253,2026-09-18,2026-09-18,1.0
2026-09-23,20,XLK,equity,3,0.8018463242615859,0.8159339228245026,0.6580464816000489,0.931558568360206,2026-09-23,2026-09-23,1.0
2026-09-23,20,XLK,rates,2,0.5849779570371054,0.5849779570371054,0.5452181832928833,0.6247377307813275,2026-09-23,2026-09-23,1.0
2026-09-23,20,XLK,credit,2,0.6477728180666253,0.6477728180666253,0.6224701769345092,0.6730754591987416,2026-09-23,2026-09-23,1.0
2026-09-23,20,XLK,commodities,2,0.0637928374475689,0.0637928374475689,-0.484380046130761,0.611965721025899,2026-09-23,2026-09-23,1.0
2026-09-23,20,XLK,fx,2,-0.3591472919271473,-0.3591472919271473,-0.4596410062936429,-0.2586535775606517,2026-09-23,2026-09-23,1.0
2026-09-23,20,XLK,volatility,1,-0.6479071458221778,-0.6479071458221778,-0.6479071458221778,-0.6479071458221778,2026-09-23,2026-09-23,1.0
2026-09-23,20,XLF,equity,3,0.3626803646053534,0.2801636840987151,0.2387947032532004,0.5690827064641446,2026-09-23,2026-09-23,1.0
2026-09-23,20,XLF,rates,2,0.2046681939739993,0.2046681939739993,0.1733255722620198,0.2360108156859788,2026-09-23,2026-09-23,1.0
2026-09-23,20,XLF,credit,2,0.220967487303195,0.220967487303195,0.1904497599534978,0.2514852146528922,2026-09-23,2026-09-23,1.0
2026-09-23,20,XLF,commodities,2,0.1266279954837081,0.1266279954837081,-0.0358702230158617,0.2891262139832781,2026-09-23,2026-09-23,1.0
2026-09-23,20,XLF,fx,2,-0.3061874993458655,-0.3061874993458655,-0.5414404636197448,-0.0709345350719862,2026-09-23,2026-09-23,1.0
2026-09-23,20,XLF,volatility,1,-0.5454233814270473,-0.5454233814270473,-0.5454233814270473,-0.5454233814270473,2026-09-23,2026-09-23,1.0
2026-09-23,20,XLV,equity,3,0.1332690159674802,0.1826974345315317,0.0299823454671662,0.1871272679037428,2026-09-23,2026-09-23,1.0
2026-09-23,20,XLV,rates,2,0.4261973141558548,0.4261973141558548,0.413428505981236,0.4389661223304736,2026-09-23,2026-09-23,1.0
2026-09-23,20,XLV,credit,2,0.3132965319736083,0.3132965319736083,0.2688563755931751,0.3577366883540415,2026-09-23,2026-09-23,1.0
2026-09-23,20,XLV,commodities,2,-0.095788645576276,-0.095788645576276,-0.1730189557511484,-0.0185583354014036,2026-09-23,2026-09-23,1.0
2026-09-23,20,XLV,fx,2,-0.0541108082489738,-0.0541108082489738,-0.1788974962094552,0.0706758797115076,2026-09-23,2026-09-23,1.0
2026-09-23,20,XLV,volatility,1,0.0328244103755781,0.0328244103755781,0.0328244103755781,0.0328244103755781,2026-09-23,2026-09-23,1.0
2026-09-23,20,XLE,equity,3,-0.3538223065169378,-0.3700257760775891,-0.4140345583461773,-0.2774065851270469,2026-09-23,2026-09-23,1.0
2026-09-23,20,XLE,rates,2,-0.2505983916643911,-0.2505983916643911,-0.3479744592042529,-0.1532223241245292,2026-09-23,2026-09-23,1.0
2026-09-23,20,XLE,credit,2,-0.2045715946985962,-0.2045715946985962,-0.2052038860352648,-0.2039393033619276,2026-09-23,2026-09-23,1.0
2026-09-23,20,XLE,commodities,2,0.3269565918705023,0.3269565918705023,0.0095172808015845,0.6443959029394202,2026-09-23,2026-09-23,1.0
2026-09-23,20,XLE,fx,2,-0.3827783702554748,-0.3827783702554748,-0.4073237566239248,-0.3582329838870247,2026-09-23,2026-09-23,1.0
2026-09-23,20,XLE,volatility,1,-0.0897696338810854,-0.0897696338810854,-0.0897696338810854,-0.0897696338810854,2026-09-23,2026-09-23,1.0
2026-09-23,20,XLY,equity,3,0.5846425979969649,0.5701297657307824,0.4487017304284304,0.7350962978316821,2026-09-23,2026-09-23,1.0
2026-09-23,20,XLY,rates,2,0.4664481764291923,0.4664481764291923,0.4197048181510127,0.513191534707372,2026-09-23,2026-09-23,1.0
2026-09-23,20,XLY,credit,2,0.4917288413934701,0.4917288413934701,0.4139089244759085,0.5695487583110317,2026-09-23,2026-09-23,1.0
2026-09-23,20,XLY,commodities,2,-0.1919115296497912,-0.1919115296497912,-0.5817029378343247,0.1978798785347421,2026-09-23,2026-09-23,1.0
2026-09-23,20,XLY,fx,2,-0.2122462599449393,-0.2122462599449393,-0.2295694802127403,-0.1949230396771384,2026-09-23,2026-09-23,1.0
2026-09-23,20,XLY,volatility,1,-0.5623715544011162,-0.5623715544011162,-0.5623715544011162,-0.5623715544011162,2026-09-23,2026-09-23,1.0
2026-09-23,20,XLP,equity,3,-0.0841896825420987,-0.0261408465866749,-0.2782693571952604,0.051841156155639,2026-09-23,2026-09-23,1.0
2026-09-23,20,XLP,rates,2,0.11368703062908,0.11368703062908,0.0306693709461784,0.1967046903119816,2026-09-23,2026-09-23,1.0
2026-09-23,20,XLP,credit,2,-0.0083403313225913,-0.0083403313225913,-0.0175948559303034,0.0009141932851208,2026-09-23,2026-09-23,1.0
2026-09-23,20,XLP,commodities,2,-0.1955856099562248,-0.1955856099562248,-0.3570687741622075,-0.0341024457502421,2026-09-23,2026-09-23,1.0
2026-09-23,20,XLP,fx,2,0.1059037664431016,0.1059037664431016,-0.0504148020794438,0.2622223349656472,2026-09-23,2026-09-23,1.0
2026-09-23,20,XLP,volatility,1,0.0262322409124592,0.0262322409124592,0.0262322409124592,0.0262322409124592,2026-09-23,2026-09-23,1.0
2026-09-23,20,XLI,equity,3,0.6696475417339863,0.6763263424832565,0.6392617192269121,0.6933545634917901,2026-09-23,2026-09-23,1.0
2026-09-23,20,XLI,rates,2,0.4308013489092641,0.4308013489092641,0.3810978685244864,0.4805048292940418,2026-09-23,2026-09-23,1.0
2026-09-23,20,XLI,credit,2,0.4331550500389799,0.4331550500389799,0.4130487271599261,0.4532613729180337,2026-09-23,2026-09-23,1.0
2026-09-23,20,XLI,commodities,2,-0.0745392643512175,-0.0745392643512175,-0.6575765731612931,0.5084980444588582,2026-09-23,2026-09-23,1.0
2026-09-23,20,XLI,fx,2,-0.1405769082627294,-0.1405769082627294,-0.3111551651694048,0.030001348643946,2026-09-23,2026-09-23,1.0
2026-09-23,20,XLI,volatility,1,-0.693721059633451,-0.693721059633451,-0.693721059633451,-0.693721059633451,2026-09-23,2026-09-23,1.0
2026-09-23,20,XLB,equity,3,0.4454122947387393,0.4337824485457362,0.2819769482989256,0.6204774873715561,2026-09-23,2026-09-23,1.0
2026-09-23,20,XLB,rates,2,0.5669782831924034,0.5669782831924034,0.5640982296395182,0.5698583367452886,2026-09-23,2026-09-23,1.0
2026-09-23,20,XLB,credit,2,0.5251895411125583,0.5251895411125583,0.4747237566651284,0.5756553255599883,2026-09-23,2026-09-23,1.0
2026-09-23,20,XLB,commodities,2,0.0174462364511061,0.0174462364511061,-0.3459094203566657,0.3808018932588781,2026-09-23,2026-09-23,1.0
2026-09-23,20,XLB,fx,2,-0.2535666562185424,-0.2535666562185424,-0.390311994011002,-0.1168213184260828,2026-09-23,2026-09-23,1.0
2026-09-23,20,XLB,volatility,1,-0.6341342473801733,-0.6341342473801733,-0.6341342473801733,-0.6341342473801733,2026-09-23,2026-09-23,1.0
2026-09-23,20,XLRE,equity,3,0.5594824742302071,0.5485183355292628,0.4269264331379005,0.7030026540234582,2026-09-23,2026-09-23,1.0
2026-09-23,20,XLRE,rates,2,0.5518998250154419,0.5518998250154419,0.5250402839230984,0.5787593661077853,2026-09-23,2026-09-23,1.0
2026-09-23,20,XLRE,credit,2,0.4795448365444053,0.4795448365444053,0.4710745217240794,0.488015151364731,2026-09-23,2026-09-23,1.0
2026-09-23,20,XLRE,commodities,2,-0.0879719215577293,-0.0879719215577293,-0.3908928868285283,0.2149490437130695,2026-09-23,2026-09-23,1.0
2026-09-23,20,XLRE,fx,2,-0.1948853715831609,-0.1948853715831609,-0.2662315384148243,-0.1235392047514974,2026-09-23,2026-09-23,1.0
2026-09-23,20,XLRE,volatility,1,-0.4578753990418145,-0.4578753990418145,-0.4578753990418145,-0.4578753990418145,2026-09-23,2026-09-23,1.0
2026-09-23,20,XLU,equity,3,0.4030105952071833,0.4026890746944765,0.3032548649928682,0.5030878459342051,2026-09-23,2026-09-23,1.0
2026-09-23,20,XLU,rates,2,0.5671271215517677,0.5671271215517677,0.5449233394489907,0.5893309036545448,2026-09-23,2026-09-23,1.0
2026-09-23,20,XLU,credit,2,0.4511839864935931,0.4511839864935931,0.4510625118417861,0.4513054611454001,2026-09-23,2026-09-23,1.0
2026-09-23,20,XLU,commodities,2,0.0235433648726193,0.0235433648726193,-0.1725402303789766,0.2196269601242153,2026-09-23,2026-09-23,1.0
2026-09-23,20,XLU,fx,2,-0.0882784085281524,-0.0882784085281524,-0.2525948196001687,0.0760380025438638,2026-09-23,2026-09-23,1.0
2026-09-23,20,XLU,volatility,1,-0.3719809747164045,-0.3719809747164045,-0.3719809747164045,-0.3719809747164045,2026-09-23,2026-09-23,1.0
2026-09-23,20,XLC,equity,3,0.3302569627545441,0.2795656121343006,0.2738358520259672,0.4373694241033646,2026-09-23,2026-09-23,1.0
2026-09-23,20,XLC,rates,2,0.2770462366660734,0.2770462366660734,0.2466081532976543,0.3074843200344926,2026-09-23,2026-09-23,1.0
2026-09-23,20,XLC,credit,2,0.1792381714957258,0.1792381714957258,0.1763730978664275,0.182103245125024,2026-09-23,2026-09-23,1.0
2026-09-23,20,XLC,commodities,2,-0.2651122330634189,-0.2651122330634189,-0.3399627572036543,-0.1902617089231836,2026-09-23,2026-09-23,1.0
2026-09-23,20,XLC,fx,2,0.1369470772749209,0.1369470772749209,0.1237130017087387,0.1501811528411032,2026-09-23,2026-09-23,1.0
2026-09-23,20,XLC,volatility,1,-0.0025282413947872,-0.0025282413947872,-0.0025282413947872,-0.0025282413947872,2026-09-23,2026-09-23,1.0
2026-09-23,60,XLK,equity,3,0.8049746139391925,0.7809810851173303,0.6844449218973839,0.949497834802863,2026-09-23,2026-09-23,1.0
2026-09-23,60,XLK,rates,2,0.3002259267317486,0.3002259267317486,0.2695768190558578,0.3308750344076394,2026-09-23,2026-09-23,1.0
2026-09-23,60,XLK,credit,2,0.442162793365316,0.442162793365316,0.3809612986433136,0.5033642880873185,2026-09-23,2026-09-23,1.0
2026-09-23,60,XLK,commodities,2,-0.0204714864864224,-0.0204714864864224,-0.3716154975226178,0.330672524549773,2026-09-23,2026-09-23,1.0
2026-09-23,60,XLK,fx,2,-0.1164390813674559,-0.1164390813674559,-0.1968188548191044,-0.0360593079158075,2026-09-23,2026-09-23,1.0
2026-09-23,60,XLK,volatility,1,-0.5683443086955445,-0.5683443086955445,-0.5683443086955445,-0.5683443086955445,2026-09-23,2026-09-23,1.0
2026-09-23,60,XLF,equity,3,0.3437965607502058,0.3789581039116317,0.15996776990265,0.4924638084363357,2026-09-23,2026-09-23,1.0
2026-09-23,60,XLF,rates,2,0.3723326307665867,0.3723326307665867,0.3447521662632914,0.3999130952698821,2026-09-23,2026-09-23,1.0
2026-09-23,60,XLF,credit,2,0.4068916183284682,0.4068916183284682,0.368819037593955,0.4449641990629813,2026-09-23,2026-09-23,1.0
2026-09-23,60,XLF,commodities,2,-0.1272303161506234,-0.1272303161506234,-0.3945751661065725,0.1401145338053256,2026-09-23,2026-09-23,1.0
2026-09-23,60,XLF,fx,2,-0.0909406063236489,-0.0909406063236489,-0.1571363106198035,-0.0247449020274943,2026-09-23,2026-09-23,1.0
2026-09-23,60,XLF,volatility,1,-0.4009991906600492,-0.4009991906600492,-0.4009991906600492,-0.4009991906600492,2026-09-23,2026-09-23,1.0
2026-09-23,60,XLV,equity,3,-0.1149888401239431,-0.0617855089597257,-0.3317834765595681,0.0486024651474644,2026-09-23,2026-09-23,1.0
2026-09-23,60,XLV,rates,2,0.2917395779680306,0.2917395779680306,0.2439079925504592,0.339571163385602,2026-09-23,2026-09-23,1.0
2026-09-23,60,XLV,credit,2,0.1675772325514629,0.1675772325514629,0.1173984489519966,0.2177560161509291,2026-09-23,2026-09-23,1.0
2026-09-23,60,XLV,commodities,2,0.0081415236533895,0.0081415236533895,-0.0990934704877951,0.1153765177945743,2026-09-23,2026-09-23,1.0
2026-09-23,60,XLV,fx,2,-0.1027914306335377,-0.1027914306335377,-0.1597613519983985,-0.0458215092686769,2026-09-23,2026-09-23,1.0
2026-09-23,60,XLV,volatility,1,0.0567573440637569,0.0567573440637569,0.0567573440637569,0.0567573440637569,2026-09-23,2026-09-23,1.0
2026-09-23,60,XLE,equity,3,-0.3833256388938002,-0.3645349830911382,-0.421219498716551,-0.3642224348737113,2026-09-23,2026-09-23,1.0
2026-09-23,60,XLE,rates,2,-0.5085048037664854,-0.5085048037664854,-0.5241176888606813,-0.4928919186722895,2026-09-23,2026-09-23,1.0
2026-09-23,60,XLE,credit,2,-0.4760023292130843,-0.4760023292130843,-0.5215220344621692,-0.4304826239639994,2026-09-23,2026-09-23,1.0
2026-09-23,60,XLE,commodities,2,0.2731595466575351,0.2731595466575351,-0.1910242099274992,0.7373433032425695,2026-09-23,2026-09-23,1.0
2026-09-23,60,XLE,fx,2,-0.0157285366504393,-0.0157285366504393,-0.0494883916125508,0.0180313183116721,2026-09-23,2026-09-23,1.0
2026-09-23,60,XLE,volatility,1,0.2146935231699914,0.2146935231699914,0.2146935231699914,0.2146935231699914,2026-09-23,2026-09-23,1.0
2026-09-23,60,XLY,equity,3,0.5169704123978821,0.4731302484719791,0.4265688282321765,0.6512121604894907,2026-09-23,2026-09-23,1.0
2026-09-23,60,XLY,rates,2,0.3967355660739361,0.3967355660739361,0.3884286301372864,0.4050425020105858,2026-09-23,2026-09-23,1.0
2026-09-23,60,XLY,credit,2,0.516127685810592,0.516127685810592,0.4316673976404759,0.6005879739807081,2026-09-23,2026-09-23,1.0
2026-09-23,60,XLY,commodities,2,-0.1599276849826798,-0.1599276849826798,-0.5580951577840265,0.2382397878186668,2026-09-23,2026-09-23,1.0
2026-09-23,60,XLY,fx,2,-0.1304051509023916,-0.1304051509023916,-0.3248655773884744,0.0640552755836912,2026-09-23,2026-09-23,1.0
2026-09-23,60,XLY,volatility,1,-0.5604535058025123,-0.5604535058025123,-0.5604535058025123,-0.5604535058025123,2026-09-23,2026-09-23,1.0
2026-09-23,60,XLP,equity,3,-0.1952658357919906,-0.0979405485576914,-0.40021817871177,-0.0876387801065103,2026-09-23,2026-09-23,1.0
2026-09-23,60,XLP,rates,2,0.2131214400286529,0.2131214400286529,0.1812220949968468,0.2450207850604589,2026-09-23,2026-09-23,1.0
2026-09-23,60,XLP,credit,2,0.1392605836323523,0.1392605836323523,0.1192977662306905,0.159223401034014,2026-09-23,2026-09-23,1.0
2026-09-23,60,XLP,commodities,2,-0.1968247019914037,-0.1968247019914037,-0.2362510630310612,-0.1573983409517463,2026-09-23,2026-09-23,1.0
2026-09-23,60,XLP,fx,2,-0.0728289574608251,-0.0728289574608251,-0.207871821523617,0.0622139066019668,2026-09-23,2026-09-23,1.0
2026-09-23,60,XLP,volatility,1,0.1395174609659446,0.1395174609659446,0.1395174609659446,0.1395174609659446,2026-09-23,2026-09-23,1.0
2026-09-23,60,XLI,equity,3,0.6063071969632442,0.61433199935529,0.5362852451097193,0.6683043464247231,2026-09-23,2026-09-23,1.0
2026-09-23,60,XLI,rates,2,0.3464471287513017,0.3464471287513017,0.3380954451945265,0.3547988123080769,2026-09-23,2026-09-23,1.0
2026-09-23,60,XLI,credit,2,0.3776874293197485,0.3776874293197485,0.3605345667060967,0.3948402919334003,2026-09-23,2026-09-23,1.0
2026-09-23,60,XLI,commodities,2,-0.158858301640995,-0.158858301640995,-0.4917707614200545,0.1740541581380644,2026-09-23,2026-09-23,1.0
2026-09-23,60,XLI,fx,2,-0.008056498708155,-0.008056498708155,-0.0504661853167664,0.0343531879004564,2026-09-23,2026-09-23,1.0
2026-09-23,60,XLI,volatility,1,-0.4514157569218701,-0.4514157569218701,-0.4514157569218701,-0.4514157569218701,2026-09-23,2026-09-23,1.0
2026-09-23,60,XLB,equity,3,0.3055108145562134,0.3482085422489566,0.119186136656588,0.4491377647630955,2026-09-23,2026-09-23,1.0
2026-09-23,60,XLB,rates,2,0.4451283494907502,0.4451283494907502,0.4351138091743505,0.4551428898071499,2026-09-23,2026-09-23,1.0
2026-09-23,60,XLB,credit,2,0.41953166277572,0.41953166277572,0.4114523598135072,0.4276109657379329,2026-09-23,2026-09-23,1.0
2026-09-23,60,XLB,commodities,2,0.0131922636924131,0.0131922636924131,-0.4179471037458264,0.4443316311306526,2026-09-23,2026-09-23,1.0
2026-09-23,60,XLB,fx,2,-0.2011700021678729,-0.2011700021678729,-0.2230910912710738,-0.1792489130646719,2026-09-23,2026-09-23,1.0
2026-09-23,60,XLB,volatility,1,-0.3213167518032157,-0.3213167518032157,-0.3213167518032157,-0.3213167518032157,2026-09-23,2026-09-23,1.0
2026-09-23,60,XLRE,equity,3,0.0521335405596055,0.140260158597483,-0.1248257905945022,0.140966253675836,2026-09-23,2026-09-23,1.0
2026-09-23,60,XLRE,rates,2,0.3308268927664674,0.3308268927664674,0.3044892483910785,0.3571645371418562,2026-09-23,2026-09-23,1.0
2026-09-23,60,XLRE,credit,2,0.2718861866922781,0.2718861866922781,0.2553662338264247,0.2884061395581315,2026-09-23,2026-09-23,1.0
2026-09-23,60,XLRE,commodities,2,-0.1196055386868731,-0.1196055386868731,-0.2618819118659763,0.02267083449223,2026-09-23,2026-09-23,1.0
2026-09-23,60,XLRE,fx,2,-0.1026167491888788,-0.1026167491888788,-0.1405204356601918,-0.0647130627175658,2026-09-23,2026-09-23,1.0
2026-09-23,60,XLRE,volatility,1,-0.0158825596420264,-0.0158825596420264,-0.0158825596420264,-0.0158825596420264,2026-09-23,2026-09-23,1.0
2026-09-23,60,XLU,equity,3,-0.0019746920044196,0.0322263157995815,-0.0999036879844752,0.0617532961716348,2026-09-23,2026-09-23,1.0
2026-09-23,60,XLU,rates,2,0.2224568696464745,0.2224568696464745,0.2203723521688078,0.2245413871241412,2026-09-23,2026-09-23,1.0
2026-09-23,60,XLU,credit,2,0.1617552054402538,0.1617552054402538,0.157624191060775,0.1658862198197326,2026-09-23,2026-09-23,1.0
2026-09-23,60,XLU,commodities,2,-0.0134949401802519,-0.0134949401802519,-0.0230042056015665,-0.0039856747589373,2026-09-23,2026-09-23,1.0
2026-09-23,60,XLU,fx,2,-0.1095645090351378,-0.1095645090351378,-0.1954675595163734,-0.0236614585539022,2026-09-23,2026-09-23,1.0
2026-09-23,60,XLU,volatility,1,-0.0683681344208383,-0.0683681344208383,-0.0683681344208383,-0.0683681344208383,2026-09-23,2026-09-23,1.0
2026-09-23,60,XLC,equity,3,0.2817324090670647,0.2465039747587462,0.185491678980003,0.413201573462445,2026-09-23,2026-09-23,1.0
2026-09-23,60,XLC,rates,2,0.2842481643720248,0.2842481643720248,0.2772093443756653,0.2912869843683842,2026-09-23,2026-09-23,1.0
2026-09-23,60,XLC,credit,2,0.3167040833983134,0.3167040833983134,0.2788626018913796,0.3545455649052473,2026-09-23,2026-09-23,1.0
2026-09-23,60,XLC,commodities,2,-0.2713035816081124,-0.2713035816081124,-0.4177780344652639,-0.124829128750961,2026-09-23,2026-09-23,1.0
2026-09-23,60,XLC,fx,2,0.0041921575008419,0.0041921575008419,-0.0440968184958649,0.0524811334975489,2026-09-23,2026-09-23,1.0
2026-09-23,60,XLC,volatility,1,-0.11671720033137,-0.11671720033137,-0.11671720033137,-0.11671720033137,2026-09-23,2026-09-23,1.0
2026-09-24,20,XLK,equity,3,0.8126572427955883,0.8370108937884262,0.6501092873665258,0.9508515472318128,2026-09-24,2026-09-24,1.0
2026-09-24,20,XLK,rates,2,0.6535098972214657,0.6535098972214657,0.6140930099634436,0.6929267844794879,2026-09-24,2026-09-24,1.0
2026-09-24,20,XLK,credit,2,0.712758101607596,0.712758101607596,0.6763720272893524,0.7491441759258396,2026-09-24,2026-09-24,1.0
2026-09-24,20,XLK,commodities,2,0.0097696182652022,0.0097696182652022,-0.626549796353837,0.6460890328842415,2026-09-24,2026-09-24,1.0
2026-09-24,20,XLK,fx,2,-0.334118867646129,-0.334118867646129,-0.4760583655782218,-0.1921793697140361,2026-09-24,2026-09-24,1.0
2026-09-24,20,XLK,volatility,1,-0.6694210887960071,-0.6694210887960071,-0.6694210887960071,-0.6694210887960071,2026-09-24,2026-09-24,1.0
2026-09-24,20,XLF,equity,3,0.3972630010332402,0.3185041890321918,0.2666815396630861,0.6066032744044426,2026-09-24,2026-09-24,1.0
2026-09-24,20,XLF,rates,2,0.1768620968824407,0.1768620968824407,0.1334643673053449,0.2202598264595364,2026-09-24,2026-09-24,1.0
2026-09-24,20,XLF,credit,2,0.2063942105999139,0.2063942105999139,0.1680469391054358,0.244741482094392,2026-09-24,2026-09-24,1.0
2026-09-24,20,XLF,commodities,2,0.1461985304231806,0.1461985304231806,-0.0107934876168656,0.3031905484632269,2026-09-24,2026-09-24,1.0
2026-09-24,20,XLF,fx,2,-0.3319064522814149,-0.3319064522814149,-0.5659861347468047,-0.097826769816025,2026-09-24,2026-09-24,1.0
2026-09-24,20,XLF,volatility,1,-0.5772153676896847,-0.5772153676896847,-0.5772153676896847,-0.5772153676896847,2026-09-24,2026-09-24,1.0
2026-09-24,20,XLV,equity,3,0.2511043537062148,0.2898400818983234,0.1531626546602038,0.3103103245601173,2026-09-24,2026-09-24,1.0
2026-09-24,20,XLV,rates,2,0.3287607470467255,0.3287607470467255,0.2891794475365293,0.3683420465569218,2026-09-24,2026-09-24,1.0
2026-09-24,20,XLV,credit,2,0.2637439600357864,0.2637439600357864,0.2455607328241635,0.2819271872474091,2026-09-24,2026-09-24,1.0
2026-09-24,20,XLV,commodities,2,-0.0320636015308591,-0.0320636015308591,-0.0877283784709616,0.0236011754092433,2026-09-24,2026-09-24,1.0
2026-09-24,20,XLV,fx,2,-0.1258787349803827,-0.1258787349803827,-0.296385594291654,0.0446281243308885,2026-09-24,2026-09-24,1.0
2026-09-24,20,XLV,volatility,1,-0.0084288208437363,-0.0084288208437363,-0.0084288208437363,-0.0084288208437363,2026-09-24,2026-09-24,1.0
2026-09-24,20,XLE,equity,3,-0.3538435182888755,-0.3635844863347774,-0.4203536314975177,-0.2775924370343313,2026-09-24,2026-09-24,1.0
2026-09-24,20,XLE,rates,2,-0.2560126855124188,-0.2560126855124188,-0.346076459809472,-0.1659489112153657,2026-09-24,2026-09-24,1.0
2026-09-24,20,XLE,credit,2,-0.2136548392596897,-0.2136548392596897,-0.2142733589030896,-0.2130363196162898,2026-09-24,2026-09-24,1.0
2026-09-24,20,XLE,commodities,2,0.3334800826218351,0.3334800826218351,0.0132874219086572,0.6536727433350129,2026-09-24,2026-09-24,1.0
2026-09-24,20,XLE,fx,2,-0.3791557411237911,-0.3791557411237911,-0.4004838246162764,-0.3578276576313058,2026-09-24,2026-09-24,1.0
2026-09-24,20,XLE,volatility,1,-0.0872993554275372,-0.0872993554275372,-0.0872993554275372,-0.0872993554275372,2026-09-24,2026-09-24,1.0
2026-09-24,20,XLY,equity,3,0.6614470661424412,0.6648741388383937,0.5055773547252124,0.8138897048637174,2026-09-24,2026-09-24,1.0
2026-09-24,20,XLY,rates,2,0.4441554093219119,0.4441554093219119,0.4229050337265899,0.4654057849172339,2026-09-24,2026-09-24,1.0
2026-09-24,20,XLY,credit,2,0.4939126499023328,0.4939126499023328,0.4073244118128744,0.5805008879917912,2026-09-24,2026-09-24,1.0
2026-09-24,20,XLY,commodities,2,-0.1724305688539882,-0.1724305688539882,-0.5692366818566451,0.2243755441486687,2026-09-24,2026-09-24,1.0
2026-09-24,20,XLY,fx,2,-0.2179829346480507,-0.2179829346480507,-0.2239448860550979,-0.2120209832410035,2026-09-24,2026-09-24,1.0
2026-09-24,20,XLY,volatility,1,-0.6141686378297804,-0.6141686378297804,-0.6141686378297804,-0.6141686378297804,2026-09-24,2026-09-24,1.0
2026-09-24,20,XLP,equity,3,0.0137820483203639,0.082235845489873,-0.1678841614530016,0.1269944609242204,2026-09-24,2026-09-24,1.0
2026-09-24,20,XLP,rates,2,0.2119690018703134,0.2119690018703134,0.1274170675022222,0.2965209362384047,2026-09-24,2026-09-24,1.0
2026-09-24,20,XLP,credit,2,0.0913747371576063,0.0913747371576063,0.0810467348082037,0.1017027395070089,2026-09-24,2026-09-24,1.0
2026-09-24,20,XLP,commodities,2,-0.1849507537149264,-0.1849507537149264,-0.3377660520840472,-0.0321354553458057,2026-09-24,2026-09-24,1.0
2026-09-24,20,XLP,fx,2,0.1278730134333704,0.1278730134333704,0.0387658968852108,0.21698012998153,2026-09-24,2026-09-24,1.0
2026-09-24,20,XLP,volatility,1,-0.0740935394774237,-0.0740935394774237,-0.0740935394774237,-0.0740935394774237,2026-09-24,2026-09-24,1.0
2026-09-24,20,XLI,equity,3,0.7266589648765015,0.7304412820035064,0.7157170719436556,0.7338185406823428,2026-09-24,2026-09-24,1.0
2026-09-24,20,XLI,rates,2,0.4441560007883732,0.4441560007883732,0.4089420838144145,0.4793699177623318,2026-09-24,2026-09-24,1.0
2026-09-24,20,XLI,credit,2,0.4583891194422511,0.4583891194422511,0.4375683725877376,0.4792098662967646,2026-09-24,2026-09-24,1.0
2026-09-24,20,XLI,commodities,2,-0.0647900152429534,-0.0647900152429534,-0.6590983958130169,0.52951836532711,2026-09-24,2026-09-24,1.0
2026-09-24,20,XLI,fx,2,-0.1323331421032832,-0.1323331421032832,-0.338570377418123,0.0739040932115565,2026-09-24,2026-09-24,1.0
2026-09-24,20,XLI,volatility,1,-0.7399380599689059,-0.7399380599689059,-0.7399380599689059,-0.7399380599689059,2026-09-24,2026-09-24,1.0
2026-09-24,20,XLB,equity,3,0.4783292245287285,0.4735945907514062,0.3336829401112016,0.6277101427235778,2026-09-24,2026-09-24,1.0
2026-09-24,20,XLB,rates,2,0.6011067562062642,0.6011067562062642,0.5991153978403492,0.6030981145721793,2026-09-24,2026-09-24,1.0
2026-09-24,20,XLB,credit,2,0.5647776523930215,0.5647776523930215,0.513588458813445,0.6159668459725981,2026-09-24,2026-09-24,1.0
2026-09-24,20,XLB,commodities,2,0.0118680416533328,0.0118680416533328,-0.3648636357732647,0.3885997190799304,2026-09-24,2026-09-24,1.0
2026-09-24,20,XLB,fx,2,-0.199338942233014,-0.199338942233014,-0.2548414947362293,-0.1438363897297986,2026-09-24,2026-09-24,1.0
2026-09-24,20,XLB,volatility,1,-0.6721339664551876,-0.6721339664551876,-0.6721339664551876,-0.6721339664551876,2026-09-24,2026-09-24,1.0
2026-09-24,20,XLRE,equity,3,0.6415003894178839,0.6504501876211408,0.4858735651855439,0.788177415446967,2026-09-24,2026-09-24,1.0
2026-09-24,20,XLRE,rates,2,0.5386857347808582,0.5386857347808582,0.5371283024217453,0.5402431671399713,2026-09-24,2026-09-24,1.0
2026-09-24,20,XLRE,credit,2,0.4923122111953977,0.4923122111953977,0.4754095582086542,0.5092148641821411,2026-09-24,2026-09-24,1.0
2026-09-24,20,XLRE,commodities,2,-0.0681362459156825,-0.0681362459156825,-0.3808245228270943,0.2445520309957291,2026-09-24,2026-09-24,1.0
2026-09-24,20,XLRE,fx,2,-0.2015664486382723,-0.2015664486382723,-0.3019129157795412,-0.1012199814970035,2026-09-24,2026-09-24,1.0
2026-09-24,20,XLRE,volatility,1,-0.51496449923324,-0.51496449923324,-0.51496449923324,-0.51496449923324,2026-09-24,2026-09-24,1.0
2026-09-24,20,XLU,equity,3,0.4337862788156421,0.437787894342387,0.3479883224454176,0.5155826196591219,2026-09-24,2026-09-24,1.0
2026-09-24,20,XLU,rates,2,0.5791431532751382,0.5791431532751382,0.5689050436909918,0.5893812628592846,2026-09-24,2026-09-24,1.0
2026-09-24,20,XLU,credit,2,0.4799311615783367,0.4799311615783367,0.4786428971363501,0.4812194260203234,2026-09-24,2026-09-24,1.0
2026-09-24,20,XLU,commodities,2,0.0201969553184249,0.0201969553184249,-0.1891347461937742,0.2295286568306242,2026-09-24,2026-09-24,1.0
2026-09-24,20,XLU,fx,2,-0.0689744215354689,-0.0689744215354689,-0.2727618952156556,0.1348130521447178,2026-09-24,2026-09-24,1.0
2026-09-24,20,XLU,volatility,1,-0.4064098418619334,-0.4064098418619334,-0.4064098418619334,-0.4064098418619334,2026-09-24,2026-09-24,1.0
2026-09-24,20,XLC,equity,3,0.3869273873195167,0.342861286150677,0.3321466354860721,0.485774240321801,2026-09-24,2026-09-24,1.0
2026-09-24,20,XLC,rates,2,0.1817948906264985,0.1817948906264985,0.1771857321205284,0.1864040491324685,2026-09-24,2026-09-24,1.0
2026-09-24,20,XLC,credit,2,0.1215831133485072,0.1215831133485072,0.1055393962973976,0.1376268303996168,2026-09-24,2026-09-24,1.0
2026-09-24,20,XLC,commodities,2,-0.2272348117245558,-0.2272348117245558,-0.2810210964711659,-0.1734485269779457,2026-09-24,2026-09-24,1.0
2026-09-24,20,XLC,fx,2,0.0857854981448173,0.0857854981448173,0.0295858854892934,0.1419851108003412,2026-09-24,2026-09-24,1.0
2026-09-24,20,XLC,volatility,1,-0.0139847202033424,-0.0139847202033424,-0.0139847202033424,-0.0139847202033424,2026-09-24,2026-09-24,1.0
2026-09-24,60,XLK,equity,3,0.8080245619448861,0.7919569695842575,0.6847299284345514,0.9473867878158494,2026-09-24,2026-09-24,1.0
2026-09-24,60,XLK,rates,2,0.3149363397446355,0.3149363397446355,0.2777212441000354,0.3521514353892356,2026-09-24,2026-09-24,1.0
2026-09-24,60,XLK,credit,2,0.4730857397509426,0.4730857397509426,0.4049212905211756,0.5412501889807096,2026-09-24,2026-09-24,1.0
2026-09-24,60,XLK,commodities,2,0.0001674173931793,0.0001674173931793,-0.3816559914116438,0.3819908261980025,2026-09-24,2026-09-24,1.0
2026-09-24,60,XLK,fx,2,-0.1610623916307823,-0.1610623916307823,-0.2626359643772221,-0.0594888188843426,2026-09-24,2026-09-24,1.0
2026-09-24,60,XLK,volatility,1,-0.5940565077573738,-0.5940565077573738,-0.5940565077573738,-0.5940565077573738,2026-09-24,2026-09-24,1.0
2026-09-24,60,XLF,equity,3,0.3836132810315799,0.4131740221454495,0.2188305252347475,0.5188352957145427,2026-09-24,2026-09-24,1.0
2026-09-24,60,XLF,rates,2,0.3654589950495246,0.3654589950495246,0.3411490315008904,0.3897689585981587,2026-09-24,2026-09-24,1.0
2026-09-24,60,XLF,credit,2,0.3888814541979969,0.3888814541979969,0.3519634470233654,0.4257994613726283,2026-09-24,2026-09-24,1.0
2026-09-24,60,XLF,commodities,2,-0.1526222310348702,-0.1526222310348702,-0.4069318864140983,0.1016874243443578,2026-09-24,2026-09-24,1.0
2026-09-24,60,XLF,fx,2,-0.0436006843226129,-0.0436006843226129,-0.1015505964507361,0.0143492278055101,2026-09-24,2026-09-24,1.0
2026-09-24,60,XLF,volatility,1,-0.402546609839245,-0.402546609839245,-0.402546609839245,-0.402546609839245,2026-09-24,2026-09-24,1.0
2026-09-24,60,XLV,equity,3,-0.0900895087098982,-0.0542927956514554,-0.2931711301531617,0.0771953996749224,2026-09-24,2026-09-24,1.0
2026-09-24,60,XLV,rates,2,0.2690799587446343,0.2690799587446343,0.2156581816816527,0.3225017358076158,2026-09-24,2026-09-24,1.0
2026-09-24,60,XLV,credit,2,0.1266610260836881,0.1266610260836881,0.0725563420757489,0.1807657100916272,2026-09-24,2026-09-24,1.0
2026-09-24,60,XLV,commodities,2,-0.0162297811585389,-0.0162297811585389,-0.0980848642794359,0.0656253019623581,2026-09-24,2026-09-24,1.0
2026-09-24,60,XLV,fx,2,-0.049351273629402,-0.049351273629402,-0.132037675248793,0.033335127989989,2026-09-24,2026-09-24,1.0
2026-09-24,60,XLV,volatility,1,0.0789898879992157,0.0789898879992157,0.0789898879992157,0.0789898879992157,2026-09-24,2026-09-24,1.0
2026-09-24,60,XLE,equity,3,-0.3817953814536419,-0.3635824693227487,-0.4193748655544207,-0.3624288094837564,2026-09-24,2026-09-24,1.0
2026-09-24,60,XLE,rates,2,-0.4985319621613039,-0.4985319621613039,-0.5109847438790607,-0.4860791804435471,2026-09-24,2026-09-24,1.0
2026-09-24,60,XLE,credit,2,-0.4723785955171132,-0.4723785955171132,-0.5124379001961583,-0.4323192908380681,2026-09-24,2026-09-24,1.0
2026-09-24,60,XLE,commodities,2,0.2668901093824312,0.2668901093824312,-0.2020282728916755,0.7358084916565378,2026-09-24,2026-09-24,1.0
2026-09-24,60,XLE,fx,2,-0.0066922414202954,-0.0066922414202954,-0.043352657066283,0.029968174225692,2026-09-24,2026-09-24,1.0
2026-09-24,60,XLE,volatility,1,0.2173273785090691,0.2173273785090691,0.2173273785090691,0.2173273785090691,2026-09-24,2026-09-24,1.0
2026-09-24,60,XLY,equity,3,0.5135783851211171,0.4695357378093471,0.4202439212140413,0.6509554963399627,2026-09-24,2026-09-24,1.0
2026-09-24,60,XLY,rates,2,0.3952858598620193,0.3952858598620193,0.3831505829297602,0.4074211367942784,2026-09-24,2026-09-24,1.0
2026-09-24,60,XLY,credit,2,0.5214848138397499,0.5214848138397499,0.4333963718727782,0.6095732558067215,2026-09-24,2026-09-24,1.0
2026-09-24,60,XLY,commodities,2,-0.1512926751529462,-0.1512926751529462,-0.5596863056265631,0.2571009553206705,2026-09-24,2026-09-24,1.0
2026-09-24,60,XLY,fx,2,-0.1493609756041432,-0.1493609756041432,-0.3558179023134453,0.0570959511051588,2026-09-24,2026-09-24,1.0
2026-09-24,60,XLY,volatility,1,-0.5672155833943917,-0.5672155833943917,-0.5672155833943917,-0.5672155833943917,2026-09-24,2026-09-24,1.0
2026-09-24,60,XLP,equity,3,-0.1732878481134303,-0.0868430703208562,-0.3658009123608585,-0.0672195616585762,2026-09-24,2026-09-24,1.0
2026-09-24,60,XLP,rates,2,0.2315984294234969,0.2315984294234969,0.1914943063853629,0.271702552461631,2026-09-24,2026-09-24,1.0
2026-09-24,60,XLP,credit,2,0.1392834816767988,0.1392834816767988,0.1117956657149099,0.1667712976386878,2026-09-24,2026-09-24,1.0
2026-09-24,60,XLP,commodities,2,-0.2305861138439668,-0.2305861138439668,-0.2534151886420971,-0.2077570390458366,2026-09-24,2026-09-24,1.0
2026-09-24,60,XLP,fx,2,-0.0052611800136469,-0.0052611800136469,-0.1333138326726146,0.1227914726453206,2026-09-24,2026-09-24,1.0
2026-09-24,60,XLP,volatility,1,0.1499146607958637,0.1499146607958637,0.1499146607958637,0.1499146607958637,2026-09-24,2026-09-24,1.0
2026-09-24,60,XLI,equity,3,0.6172897612503969,0.6185150497941944,0.5582495345393346,0.6751046994176616,2026-09-24,2026-09-24,1.0
2026-09-24,60,XLI,rates,2,0.3543351559399266,0.3543351559399266,0.3449654768092922,0.3637048350705609,2026-09-24,2026-09-24,1.0
2026-09-24,60,XLI,credit,2,0.3824190429050733,0.3824190429050733,0.3661776278246522,0.3986604579854944,2026-09-24,2026-09-24,1.0
2026-09-24,60,XLI,commodities,2,-0.1641427472973219,-0.1641427472973219,-0.4967444362151972,0.1684589416205534,2026-09-24,2026-09-24,1.0
2026-09-24,60,XLI,fx,2,0.0117664331052755,0.0117664331052755,-0.0436787954234106,0.0672116616339617,2026-09-24,2026-09-24,1.0
2026-09-24,60,XLI,volatility,1,-0.452638838144441,-0.452638838144441,-0.452638838144441,-0.452638838144441,2026-09-24,2026-09-24,1.0
2026-09-24,60,XLB,equity,3,0.341154128789661,0.3693323705577572,0.1729891991518374,0.4811408166593884,2026-09-24,2026-09-24,1.0
2026-09-24,60,XLB,rates,2,0.466684226614582,0.466684226614582,0.4632516619651569,0.4701167912640072,2026-09-24,2026-09-24,1.0
2026-09-24,60,XLB,credit,2,0.4268240368461408,0.4268240368461408,0.423880671885311,0.4297674018069706,2026-09-24,2026-09-24,1.0
2026-09-24,60,XLB,commodities,2,-0.0076270627598788,-0.0076270627598788,-0.4378219683220436,0.422567842802286,2026-09-24,2026-09-24,1.0
2026-09-24,60,XLB,fx,2,-0.1429067512061679,-0.1429067512061679,-0.1856624301928051,-0.1001510722195307,2026-09-24,2026-09-24,1.0
2026-09-24,60,XLB,volatility,1,-0.3245806812423121,-0.3245806812423121,-0.3245806812423121,-0.3245806812423121,2026-09-24,2026-09-24,1.0
2026-09-24,60,XLRE,equity,3,0.0737804538233275,0.1521584695068084,-0.091073024679963,0.1602559166431371,2026-09-24,2026-09-24,1.0
2026-09-24,60,XLRE,rates,2,0.3355550030873477,0.3355550030873477,0.3138051458754405,0.3573048602992549,2026-09-24,2026-09-24,1.0
2026-09-24,60,XLRE,credit,2,0.266536272836529,0.266536272836529,0.2532768061656469,0.2797957395074112,2026-09-24,2026-09-24,1.0
2026-09-24,60,XLRE,commodities,2,-0.1394389578029537,-0.1394389578029537,-0.2712881536926068,-0.0075897619133006,2026-09-24,2026-09-24,1.0
2026-09-24,60,XLRE,fx,2,-0.0583552268389007,-0.0583552268389007,-0.0907639504067135,-0.0259465032710879,2026-09-24,2026-09-24,1.0
2026-09-24,60,XLRE,volatility,1,-0.010774736142897,-0.010774736142897,-0.010774736142897,-0.010774736142897,2026-09-24,2026-09-24,1.0
2026-09-24,60,XLU,equity,3,0.039387652091269,0.0528705362003357,-0.0330626074618512,0.0983550275353226,2026-09-24,2026-09-24,1.0
2026-09-24,60,XLU,rates,2,0.2460035999137182,0.2460035999137182,0.2329142243728343,0.2590929754546022,2026-09-24,2026-09-24,1.0
2026-09-24,60,XLU,credit,2,0.1585017161778875,0.1585017161778875,0.1535765063473591,0.163426926008416,2026-09-24,2026-09-24,1.0
2026-09-24,60,XLU,commodities,2,-0.0508799068821168,-0.0508799068821168,-0.0861253648651404,-0.0156344488990932,2026-09-24,2026-09-24,1.0
2026-09-24,60,XLU,fx,2,-0.0262385686619776,-0.0262385686619776,-0.1090421609717515,0.0565650236477963,2026-09-24,2026-09-24,1.0
2026-09-24,60,XLU,volatility,1,-0.0617730376478356,-0.0617730376478356,-0.0617730376478356,-0.0617730376478356,2026-09-24,2026-09-24,1.0
2026-09-24,60,XLC,equity,3,0.2773121080025028,0.2433696807928468,0.1823000865257359,0.4062665566889257,2026-09-24,2026-09-24,1.0
2026-09-24,60,XLC,rates,2,0.2461767321514013,0.2461767321514013,0.2345224799408928,0.2578309843619097,2026-09-24,2026-09-24,1.0
2026-09-24,60,XLC,credit,2,0.285075535814954,0.285075535814954,0.2418359545948552,0.3283151170350527,2026-09-24,2026-09-24,1.0
2026-09-24,60,XLC,commodities,2,-0.2645960286421862,-0.2645960286421862,-0.4029049418140029,-0.1262871154703695,2026-09-24,2026-09-24,1.0
2026-09-24,60,XLC,fx,2,-0.0103025664664758,-0.0103025664664758,-0.0788242042348247,0.0582190713018729,2026-09-24,2026-09-24,1.0
2026-09-24,60,XLC,volatility,1,-0.1095019639757471,-0.1095019639757471,-0.1095019639757471,-0.1095019639757471,2026-09-24,2026-09-24,1.0
2026-09-25,20,XLK,equity,3,0.797698011868624,0.8489215016982427,0.5918846161091738,0.9522879177984558,2026-09-25,2026-09-25,1.0
2026-09-25,20,XLK,rates,2,0.6258089132167644,0.6258089132167644,0.616129493905164,0.6354883325283646,2026-09-25,2026-09-25,1.0
2026-09-25,20,XLK,credit,2,0.6656231796031125,0.6656231796031125,0.6412722928609316,0.6899740663452935,2026-09-25,2026-09-25,1.0
2026-09-25,20,XLK,commodities,2,-0.0464680429450405,-0.0464680429450405,-0.6969303981013009,0.6039943122112197,2026-09-25,2026-09-25,1.0
2026-09-25,20,XLK,fx,2,-0.2839142293093077,-0.2839142293093077,-0.4221320812088353,-0.1456963774097802,2026-09-25,2026-09-25,1.0
2026-09-25,20,XLK,volatility,1,-0.7292717742633503,-0.7292717742633503,-0.7292717742633503,-0.7292717742633503,2026-09-25,2026-09-25,1.0
2026-09-25,20,XLF,equity,3,0.4589289045230848,0.3683941825280069,0.3594953230419159,0.6488972079993315,2026-09-25,2026-09-25,1.0
2026-09-25,20,XLF,rates,2,0.1887521281184995,0.1887521281184995,0.1448312409832284,0.2326730152537706,2026-09-25,2026-09-25,1.0
2026-09-25,20,XLF,credit,2,0.1863226808526911,0.1863226808526911,0.1711070329687927,0.2015383287365895,2026-09-25,2026-09-25,1.0
2026-09-25,20,XLF,commodities,2,0.2002929952974886,0.2002929952974886,-0.0671544966747683,0.4677404872697456,2026-09-25,2026-09-25,1.0
2026-09-25,20,XLF,fx,2,-0.3722650258254937,-0.3722650258254937,-0.6386618648966031,-0.1058681867543843,2026-09-25,2026-09-25,1.0
2026-09-25,20,XLF,volatility,1,-0.4434355195173999,-0.4434355195173999,-0.4434355195173999,-0.4434355195173999,2026-09-25,2026-09-25,1.0
2026-09-25,20,XLV,equity,3,0.3231230599701378,0.3459027077037306,0.2134229296004581,0.4100435426062246,2026-09-25,2026-09-25,1.0
2026-09-25,20,XLV,rates,2,0.4312215391627783,0.4312215391627783,0.3912075071885552,0.4712355711370015,2026-09-25,2026-09-25,1.0
2026-09-25,20,XLV,credit,2,0.3831721128353929,0.3831721128353929,0.3729894168371787,0.3933548088336069,2026-09-25,2026-09-25,1.0
2026-09-25,20,XLV,commodities,2,-0.0843150942957014,-0.0843150942957014,-0.2312933478402335,0.0626631592488306,2026-09-25,2026-09-25,1.0
2026-09-25,20,XLV,fx,2,-0.1452264750962527,-0.1452264750962527,-0.2497802487909209,-0.0406727014015846,2026-09-25,2026-09-25,1.0
2026-09-25,20,XLV,volatility,1,-0.1191125911879602,-0.1191125911879602,-0.1191125911879602,-0.1191125911879602,2026-09-25,2026-09-25,1.0
2026-09-25,20,XLE,equity,3,-0.3526439256006408,-0.3571974823731921,-0.4115944494154281,-0.2891398450133022,2026-09-25,2026-09-25,1.0
2026-09-25,20,XLE,rates,2,-0.3074268427131104,-0.3074268427131104,-0.3465242787466847,-0.2683294066795361,2026-09-25,2026-09-25,1.0
2026-09-25,20,XLE,credit,2,-0.2824322245519813,-0.2824322245519813,-0.2833129436889396,-0.281551505415023,2026-09-25,2026-09-25,1.0
2026-09-25,20,XLE,commodities,2,0.370333984278861,0.370333984278861,0.0632895847684448,0.6773783837892772,2026-09-25,2026-09-25,1.0
2026-09-25,20,XLE,fx,2,-0.3492143642152857,-0.3492143642152857,-0.4269082261457623,-0.271520502284809,2026-09-25,2026-09-25,1.0
2026-09-25,20,XLE,volatility,1,0.0133104177716611,0.0133104177716611,0.0133104177716611,0.0133104177716611,2026-09-25,2026-09-25,1.0
2026-09-25,20,XLY,equity,3,0.8170971028695537,0.8050120076937516,0.7412850409122765,0.9049942600026328,2026-09-25,2026-09-25,1.0
2026-09-25,20,XLY,rates,2,0.5830183422028871,0.5830183422028871,0.57500396074288,0.5910327236628942,2026-09-25,2026-09-25,1.0
2026-09-25,20,XLY,credit,2,0.6220918501746742,0.6220918501746742,0.5641492547830164,0.6800344455663319,2026-09-25,2026-09-25,1.0
2026-09-25,20,XLY,commodities,2,-0.0247961177823304,-0.0247961177823304,-0.5933347919269871,0.5437425563623263,2026-09-25,2026-09-25,1.0
2026-09-25,20,XLY,fx,2,-0.3532702096905687,-0.3532702096905687,-0.4606801023408992,-0.2458603170402383,2026-09-25,2026-09-25,1.0
2026-09-25,20,XLY,volatility,1,-0.6741861405057727,-0.6741861405057727,-0.6741861405057727,-0.6741861405057727,2026-09-25,2026-09-25,1.0
2026-09-25,20,XLP,equity,3,0.1522118831053013,0.1364650950025943,-0.0173053481899359,0.3374759025032457,2026-09-25,2026-09-25,1.0
2026-09-25,20,XLP,rates,2,0.2829063384487071,0.2829063384487071,0.2672446784767943,0.2985679984206199,2026-09-25,2026-09-25,1.0
2026-09-25,20,XLP,credit,2,0.1731980208815494,0.1731980208815494,0.1543429370685878,0.192053104694511,2026-09-25,2026-09-25,1.0
2026-09-25,20,XLP,commodities,2,-0.1636852916509619,-0.1636852916509619,-0.2104638934825169,-0.1169066898194068,2026-09-25,2026-09-25,1.0
2026-09-25,20,XLP,fx,2,0.0278947130035184,0.0278947130035184,0.0213619602667994,0.0344274657402375,2026-09-25,2026-09-25,1.0
2026-09-25,20,XLP,volatility,1,-0.1721040619082511,-0.1721040619082511,-0.1721040619082511,-0.1721040619082511,2026-09-25,2026-09-25,1.0
2026-09-25,20,XLI,equity,3,0.6488232331646921,0.6541244976832168,0.6034024507332734,0.6889427510775863,2026-09-25,2026-09-25,1.0
2026-09-25,20,XLI,rates,2,0.3736047091710022,0.3736047091710022,0.3674094159028018,0.3798000024392026,2026-09-25,2026-09-25,1.0
2026-09-25,20,XLI,credit,2,0.3461452249857814,0.3461452249857814,0.3454649624248729,0.3468254875466898,2026-09-25,2026-09-25,1.0
2026-09-25,20,XLI,commodities,2,-0.1105978244325981,-0.1105978244325981,-0.7038054938262571,0.4826098449610609,2026-09-25,2026-09-25,1.0
2026-09-25,20,XLI,fx,2,-0.1065049107872968,-0.1065049107872968,-0.3316534873570456,0.1186436657824518,2026-09-25,2026-09-25,1.0
2026-09-25,20,XLI,volatility,1,-0.7374013635179985,-0.7374013635179985,-0.7374013635179985,-0.7374013635179985,2026-09-25,2026-09-25,1.0
2026-09-25,20,XLB,equity,3,0.4836163840616,0.4115237757193492,0.3789038445113019,0.6604215319541492,2026-09-25,2026-09-25,1.0
2026-09-25,20,XLB,rates,2,0.5090360316322711,0.5090360316322711,0.4889827195974666,0.5290893436670754,2026-09-25,2026-09-25,1.0
2026-09-25,20,XLB,credit,2,0.4671060066090829,0.4671060066090829,0.4165316026279365,0.5176804105902293,2026-09-25,2026-09-25,1.0
2026-09-25,20,XLB,commodities,2,0.0088820516174924,0.0088820516174924,-0.4681692512161027,0.4859333544510875,2026-09-25,2026-09-25,1.0
2026-09-25,20,XLB,fx,2,-0.1950611646298827,-0.1950611646298827,-0.2163171723495286,-0.1738051569102368,2026-09-25,2026-09-25,1.0
2026-09-25,20,XLB,volatility,1,-0.6467568195486769,-0.6467568195486769,-0.6467568195486769,-0.6467568195486769,2026-09-25,2026-09-25,1.0
2026-09-25,20,XLU,equity,3,0.4962994013695892,0.5063948639979555,0.390362583564616,0.5921407565461961,2026-09-25,2026-09-25,1.0
2026-09-25,20,XLU,rates,2,0.6701005641781412,0.6701005641781412,0.6645032065771589,0.6756979217791236,2026-09-25,2026-09-25,1.0
2026-09-25,20,XLU,credit,2,0.5926804640908009,0.5926804640908009,0.5925616960176975,0.5927992321639043,2026-09-25,2026-09-25,1.0
2026-09-25,20,XLU,commodities,2,-0.0227533670120475,-0.0227533670120475,-0.3305580323980379,0.2850512983739428,2026-09-25,2026-09-25,1.0
2026-09-25,20,XLU,fx,2,-0.1090929890849784,-0.1090929890849784,-0.3816499720743797,0.1634639939044228,2026-09-25,2026-09-25,1.0
2026-09-25,20,XLU,volatility,1,-0.4831759503601005,-0.4831759503601005,-0.4831759503601005,-0.4831759503601005,2026-09-25,2026-09-25,1.0
2026-09-25,20,XLRE,equity,3,0.6898654254946215,0.6788138010138027,0.5944661425249015,0.7963163329451602,2026-09-25,2026-09-25,1.0
2026-09-25,20,XLRE,rates,2,0.6244596832875643,0.6244596832875643,0.6172491782225249,0.6316701883526037,2026-09-25,2026-09-25,1.0
2026-09-25,20,XLRE,credit,2,0.6021902024476571,0.6021902024476571,0.5869146229454999,0.6174657819498142,2026-09-25,2026-09-25,1.0
2026-09-25,20,XLRE,commodities,2,-0.0285821597946392,-0.0285821597946392,-0.4113027633379297,0.3541384437486511,2026-09-25,2026-09-25,1.0
2026-09-25,20,XLRE,fx,2,-0.2355492773800657,-0.2355492773800657,-0.3891772172460088,-0.0819213375141226,2026-09-25,2026-09-25,1.0
2026-09-25,20,XLRE,volatility,1,-0.5456104614868531,-0.5456104614868531,-0.5456104614868531,-0.5456104614868531,2026-09-25,2026-09-25,1.0
2026-09-25,20,XLC,equity,3,0.4104757028755825,0.371548458748056,0.3686509063642122,0.4912277435144793,2026-09-25,2026-09-25,1.0
2026-09-25,20,XLC,rates,2,0.2133546272057798,0.2133546272057798,0.1969606523968199,0.2297486020147396,2026-09-25,2026-09-25,1.0
2026-09-25,20,XLC,credit,2,0.1878139890444609,0.1878139890444609,0.1726768326664017,0.2029511454225201,2026-09-25,2026-09-25,1.0
2026-09-25,20,XLC,commodities,2,-0.102467370296872,-0.102467370296872,-0.144921397770723,-0.060013342823021,2026-09-25,2026-09-25,1.0
2026-09-25,20,XLC,fx,2,0.021023219178852,0.021023219178852,-0.0082366312796394,0.0502830696373434,2026-09-25,2026-09-25,1.0
2026-09-25,20,XLC,volatility,1,0.0106635649035288,0.0106635649035288,0.0106635649035288,0.0106635649035288,2026-09-25,2026-09-25,1.0
2026-09-25,60,XLK,equity,3,0.8018006870889259,0.7880097391459885,0.6711970877447002,0.9461952343760892,2026-09-25,2026-09-25,1.0
2026-09-25,60,XLK,rates,2,0.3112536756897337,0.3112536756897337,0.2777325403484245,0.3447748110310429,2026-09-25,2026-09-25,1.0
2026-09-25,60,XLK,credit,2,0.4467747435849647,0.4467747435849647,0.3943279845923286,0.4992215025776007,2026-09-25,2026-09-25,1.0
2026-09-25,60,XLK,commodities,2,-0.0019647032532183,-0.0019647032532183,-0.3895217256124446,0.3855923191060079,2026-09-25,2026-09-25,1.0
2026-09-25,60,XLK,fx,2,-0.1631425776564519,-0.1631425776564519,-0.2660945462340997,-0.0601906090788041,2026-09-25,2026-09-25,1.0
2026-09-25,60,XLK,volatility,1,-0.5974187487286814,-0.5974187487286814,-0.5974187487286814,-0.5974187487286814,2026-09-25,2026-09-25,1.0
2026-09-25,60,XLF,equity,3,0.3863290478972783,0.4139943069981482,0.2218103265323264,0.5231825101613604,2026-09-25,2026-09-25,1.0
2026-09-25,60,XLF,rates,2,0.352903711137875,0.352903711137875,0.3392188563008524,0.3665885659748976,2026-09-25,2026-09-25,1.0
2026-09-25,60,XLF,credit,2,0.3594077256515918,0.3594077256515918,0.3311320344405505,0.3876834168626332,2026-09-25,2026-09-25,1.0
2026-09-25,60,XLF,commodities,2,-0.1555068146292973,-0.1555068146292973,-0.4152440025334832,0.1042303732748884,2026-09-25,2026-09-25,1.0
2026-09-25,60,XLF,fx,2,-0.0682411001341829,-0.0682411001341829,-0.14818434540528,0.0117021451369141,2026-09-25,2026-09-25,1.0
2026-09-25,60,XLF,volatility,1,-0.3630919856020923,-0.3630919856020923,-0.3630919856020923,-0.3630919856020923,2026-09-25,2026-09-25,1.0
2026-09-25,60,XLV,equity,3,-0.0669328162703384,-0.0349131170754024,-0.2730566193208211,0.1071712875852083,2026-09-25,2026-09-25,1.0
2026-09-25,60,XLV,rates,2,0.2890076819082737,0.2890076819082737,0.2420074665394595,0.3360078972770879,2026-09-25,2026-09-25,1.0
2026-09-25,60,XLV,credit,2,0.1587785040189096,0.1587785040189096,0.1103890341931848,0.2071679738446345,2026-09-25,2026-09-25,1.0
2026-09-25,60,XLV,commodities,2,-0.0172107718685903,-0.0172107718685903,-0.1184068422553986,0.0839852985182178,2026-09-25,2026-09-25,1.0
2026-09-25,60,XLV,fx,2,-0.0605781904614265,-0.0605781904614265,-0.1277659115879264,0.0066095306650733,2026-09-25,2026-09-25,1.0
2026-09-25,60,XLV,volatility,1,0.0574607666864758,0.0574607666864758,0.0574607666864758,0.0574607666864758,2026-09-25,2026-09-25,1.0
2026-09-25,60,XLE,equity,3,-0.3848761809181362,-0.3700255400067622,-0.419981996607535,-0.3646210061401113,2026-09-25,2026-09-25,1.0
2026-09-25,60,XLE,rates,2,-0.4927479001151641,-0.4927479001151641,-0.5074758295380155,-0.4780199706923127,2026-09-25,2026-09-25,1.0
2026-09-25,60,XLE,credit,2,-0.4516031006230642,-0.4516031006230642,-0.4979998875539644,-0.4052063136921638,2026-09-25,2026-09-25,1.0
2026-09-25,60,XLE,commodities,2,0.2677921250522106,0.2677921250522106,-0.2041499599459132,0.7397342100503346,2026-09-25,2026-09-25,1.0
2026-09-25,60,XLE,fx,2,0.0044174289505829,0.0044174289505829,-0.0401572970726916,0.0489921549738575,2026-09-25,2026-09-25,1.0
2026-09-25,60,XLE,volatility,1,0.2385696975431779,0.2385696975431779,0.2385696975431779,0.2385696975431779,2026-09-25,2026-09-25,1.0
2026-09-25,60,XLY,equity,3,0.5249665934474866,0.4877762698175396,0.428876548592206,0.6582469619327144,2026-09-25,2026-09-25,1.0
2026-09-25,60,XLY,rates,2,0.4180544553700962,0.4180544553700962,0.406812582087019,0.4292963286531734,2026-09-25,2026-09-25,1.0
2026-09-25,60,XLY,credit,2,0.5294370720564334,0.5294370720564334,0.4550876902190279,0.6037864538938389,2026-09-25,2026-09-25,1.0
2026-09-25,60,XLY,commodities,2,-0.1420798420961308,-0.1420798420961308,-0.561430937717706,0.2772712535254443,2026-09-25,2026-09-25,1.0
2026-09-25,60,XLY,fx,2,-0.1552682417169902,-0.1552682417169902,-0.3748708872401182,0.0643344038061376,2026-09-25,2026-09-25,1.0
2026-09-25,60,XLY,volatility,1,-0.574732147176827,-0.574732147176827,-0.574732147176827,-0.574732147176827,2026-09-25,2026-09-25,1.0
2026-09-25,60,XLP,equity,3,-0.1497261044930991,-0.07412878468432,-0.3398957433986843,-0.0351537853962931,2026-09-25,2026-09-25,1.0
2026-09-25,60,XLP,rates,2,0.2365392226629226,0.2365392226629226,0.2028980619905845,0.2701803833352608,2026-09-25,2026-09-25,1.0
2026-09-25,60,XLP,credit,2,0.147171961096414,0.147171961096414,0.118790360240044,0.1755535619527841,2026-09-25,2026-09-25,1.0
2026-09-25,60,XLP,commodities,2,-0.2325242714115537,-0.2325242714115537,-0.2766006372847182,-0.1884479055383892,2026-09-25,2026-09-25,1.0
2026-09-25,60,XLP,fx,2,-0.0152501148192546,-0.0152501148192546,-0.1379935549372398,0.1074933252987305,2026-09-25,2026-09-25,1.0
2026-09-25,60,XLP,volatility,1,0.1241108638164485,0.1241108638164485,0.1241108638164485,0.1241108638164485,2026-09-25,2026-09-25,1.0
2026-09-25,60,XLI,equity,3,0.6043330877873728,0.6133707000622013,0.5556264115086793,0.6440021517912379,2026-09-25,2026-09-25,1.0
2026-09-25,60,XLI,rates,2,0.3349402827260948,0.3349402827260948,0.3308151810913034,0.3390653843608861,2026-09-25,2026-09-25,1.0
2026-09-25,60,XLI,credit,2,0.3419547284960718,0.3419547284960718,0.3399046705255599,0.3440047864665838,2026-09-25,2026-09-25,1.0
2026-09-25,60,XLI,commodities,2,-0.1688141992107882,-0.1688141992107882,-0.506168668683689,0.1685402702621126,2026-09-25,2026-09-25,1.0
2026-09-25,60,XLI,fx,2,-0.0003412982539422,-0.0003412982539422,-0.0593207844942022,0.0586381879863176,2026-09-25,2026-09-25,1.0
2026-09-25,60,XLI,volatility,1,-0.4572688568416813,-0.4572688568416813,-0.4572688568416813,-0.4572688568416813,2026-09-25,2026-09-25,1.0
2026-09-25,60,XLB,equity,3,0.3464568677829701,0.3628089471094316,0.1908931785248282,0.4856684777146505,2026-09-25,2026-09-25,1.0
2026-09-25,60,XLB,rates,2,0.4474253879830612,0.4474253879830612,0.4467737148871884,0.448077061078934,2026-09-25,2026-09-25,1.0
2026-09-25,60,XLB,credit,2,0.4031983600844435,0.4031983600844435,0.3969750953154147,0.4094216248534723,2026-09-25,2026-09-25,1.0
2026-09-25,60,XLB,commodities,2,-0.0167645614469391,-0.0167645614469391,-0.4556133373940705,0.4220842145001922,2026-09-25,2026-09-25,1.0
2026-09-25,60,XLB,fx,2,-0.1415989326339436,-0.1415989326339436,-0.1758455003635634,-0.1073523649043238,2026-09-25,2026-09-25,1.0
2026-09-25,60,XLB,volatility,1,-0.3378610402083201,-0.3378610402083201,-0.3378610402083201,-0.3378610402083201,2026-09-25,2026-09-25,1.0
2026-09-25,60,XLU,equity,3,0.0860340690931036,0.0975718702538056,-0.0032636239235127,0.1637939609490181,2026-09-25,2026-09-25,1.0
2026-09-25,60,XLU,rates,2,0.3194104477207967,0.3194104477207967,0.3169252029180401,0.3218956925235534,2026-09-25,2026-09-25,1.0
2026-09-25,60,XLU,credit,2,0.2493485899979919,0.2493485899979919,0.2476747113033332,0.2510224686926506,2026-09-25,2026-09-25,1.0
2026-09-25,60,XLU,commodities,2,-0.0444137200785055,-0.0444137200785055,-0.0543642289102688,-0.0344632112467422,2026-09-25,2026-09-25,1.0
2026-09-25,60,XLU,fx,2,-0.0545116517784051,-0.0545116517784051,-0.088349332829311,-0.0206739707274992,2026-09-25,2026-09-25,1.0
2026-09-25,60,XLU,volatility,1,-0.0977231421410105,-0.0977231421410105,-0.0977231421410105,-0.0977231421410105,2026-09-25,2026-09-25,1.0
2026-09-25,60,XLRE,equity,3,0.1077072653433301,0.1790675265188041,-0.0673369005217893,0.2113911700329757,2026-09-25,2026-09-25,1.0
2026-09-25,60,XLRE,rates,2,0.3835775438512582,0.3835775438512582,0.3631442525973662,0.4040108351051502,2026-09-25,2026-09-25,1.0
2026-09-25,60,XLRE,credit,2,0.3335027250696583,0.3335027250696583,0.3156436638538402,0.3513617862854763,2026-09-25,2026-09-25,1.0
2026-09-25,60,XLRE,commodities,2,-0.1215586336786284,-0.1215586336786284,-0.2750222864575249,0.0319050191002681,2026-09-25,2026-09-25,1.0
2026-09-25,60,XLRE,fx,2,-0.0726285536620947,-0.0726285536620947,-0.0754244450873095,-0.0698326622368799,2026-09-25,2026-09-25,1.0
2026-09-25,60,XLRE,volatility,1,-0.0352796051160037,-0.0352796051160037,-0.0352796051160037,-0.0352796051160037,2026-09-25,2026-09-25,1.0
2026-09-25,60,XLC,equity,3,0.2713558866200654,0.2402412650886657,0.1733775536051171,0.4004488411664133,2026-09-25,2026-09-25,1.0
2026-09-25,60,XLC,rates,2,0.2475749107309844,0.2475749107309844,0.2470459864613902,0.2481038350005785,2026-09-25,2026-09-25,1.0
2026-09-25,60,XLC,credit,2,0.2897235807789884,0.2897235807789884,0.2486305750101069,0.3308165865478699,2026-09-25,2026-09-25,1.0
2026-09-25,60,XLC,commodities,2,-0.238941446652383,-0.238941446652383,-0.365273117965925,-0.112609775338841,2026-09-25,2026-09-25,1.0
2026-09-25,60,XLC,fx,2,-0.0106241313380201,-0.0106241313380201,-0.0612812696795009,0.0400330070034606,2026-09-25,2026-09-25,1.0
2026-09-25,60,XLC,volatility,1,-0.0995856094553881,-0.0995856094553881,-0.0995856094553881,-0.0995856094553881,2026-09-25,2026-09-25,1.0
2026-09-28,20,XLK,equity,3,0.811196717685704,0.8670357286754468,0.6110114882030303,0.9555429361786348,2026-09-28,2026-09-28,1.0
2026-09-28,20,XLK,rates,2,0.6461599525283426,0.6461599525283426,0.6398801948840117,0.6524397101726735,2026-09-28,2026-09-28,1.0
2026-09-28,20,XLK,credit,2,0.6885754710781982,0.6885754710781982,0.6627021049435144,0.7144488372128818,2026-09-28,2026-09-28,1.0
2026-09-28,20,XLK,commodities,2,-0.050140582370097,-0.050140582370097,-0.7105981859729905,0.6103170212327964,2026-09-28,2026-09-28,1.0
2026-09-28,20,XLK,fx,2,-0.3077499291224052,-0.3077499291224052,-0.4429717819749463,-0.172528076269864,2026-09-28,2026-09-28,1.0
2026-09-28,20,XLK,volatility,1,-0.7528058445076958,-0.7528058445076958,-0.7528058445076958,-0.7528058445076958,2026-09-28,2026-09-28,1.0
2026-09-28,20,XLF,equity,3,0.4847792569093216,0.4142963032586086,0.3714523668755503,0.668589100593806,2026-09-28,2026-09-28,1.0
2026-09-28,20,XLF,rates,2,0.2346545532117137,0.2346545532117137,0.1892867516244291,0.2800223547989982,2026-09-28,2026-09-28,1.0
2026-09-28,20,XLF,credit,2,0.262501439783311,0.262501439783311,0.2371247561821228,0.2878781233844991,2026-09-28,2026-09-28,1.0
2026-09-28,20,XLF,commodities,2,0.2361663191182557,0.2361663191182557,-0.0535846737358621,0.5259173119723736,2026-09-28,2026-09-28,1.0
2026-09-28,20,XLF,fx,2,-0.460232632104076,-0.460232632104076,-0.714266764348102,-0.2061984998600501,2026-09-28,2026-09-28,1.0
2026-09-28,20,XLF,volatility,1,-0.4745737810647279,-0.4745737810647279,-0.4745737810647279,-0.4745737810647279,2026-09-28,2026-09-28,1.0
2026-09-28,20,XLV,equity,3,0.2895693843711743,0.3014568025216838,0.1840439584886212,0.383207392103218,2026-09-28,2026-09-28,1.0
2026-09-28,20,XLV,rates,2,0.4106377566463149,0.4106377566463149,0.3600716383585602,0.4612038749340696,2026-09-28,2026-09-28,1.0
2026-09-28,20,XLV,credit,2,0.381436995394049,0.381436995394049,0.3689143216631183,0.3939596691249798,2026-09-28,2026-09-28,1.0
2026-09-28,20,XLV,commodities,2,-0.0871491715519868,-0.0871491715519868,-0.1943981304680878,0.0200997873641141,2026-09-28,2026-09-28,1.0
2026-09-28,20,XLV,fx,2,-0.2335950229675906,-0.2335950229675906,-0.364232620116562,-0.1029574258186193,2026-09-28,2026-09-28,1.0
2026-09-28,20,XLV,volatility,1,-0.0785978042324356,-0.0785978042324356,-0.0785978042324356,-0.0785978042324356,2026-09-28,2026-09-28,1.0
2026-09-28,20,XLE,equity,3,-0.3453254624905461,-0.3424177028907075,-0.4265810701730115,-0.2669776144079192,2026-09-28,2026-09-28,1.0
2026-09-28,20,XLE,rates,2,-0.3252379475597993,-0.3252379475597993,-0.3468141720833826,-0.303661723036216,2026-09-28,2026-09-28,1.0
2026-09-28,20,XLE,credit,2,-0.3515647446876733,-0.3515647446876733,-0.3902870131008563,-0.3128424762744903,2026-09-28,2026-09-28,1.0
2026-09-28,20,XLE,commodities,2,0.3443579323017093,0.3443579323017093,0.024715160621141,0.6640007039822775,2026-09-28,2026-09-28,1.0
2026-09-28,20,XLE,fx,2,-0.2368666812015871,-0.2368666812015871,-0.3049137129526893,-0.1688196494504849,2026-09-28,2026-09-28,1.0
2026-09-28,20,XLE,volatility,1,-0.0208066654124663,-0.0208066654124663,-0.0208066654124663,-0.0208066654124663,2026-09-28,2026-09-28,1.0
2026-09-28,20,XLY,equity,3,0.8255351971635293,0.8190062044427479,0.7449967165167926,0.9126026705310476,2026-09-28,2026-09-28,1.0
2026-09-28,20,XLY,rates,2,0.6069371420785526,0.6069371420785526,0.5984766817065768,0.6153976024505285,2026-09-28,2026-09-28,1.0
2026-09-28,20,XLY,credit,2,0.6625251301009039,0.6625251301009039,0.5984218754956855,0.7266283847061223,2026-09-28,2026-09-28,1.0
2026-09-28,20,XLY,commodities,2,-0.0020959562135937,-0.0020959562135937,-0.585740127278346,0.5815482148511586,2026-09-28,2026-09-28,1.0
2026-09-28,20,XLY,fx,2,-0.4166156589571305,-0.4166156589571305,-0.5102789761457879,-0.3229523417684732,2026-09-28,2026-09-28,1.0
2026-09-28,20,XLY,volatility,1,-0.6954245211249971,-0.6954245211249971,-0.6954245211249971,-0.6954245211249971,2026-09-28,2026-09-28,1.0
2026-09-28,20,XLP,equity,3,0.1045739473236688,0.0770743536032831,-0.062081248333288,0.2987287367010114,2026-09-28,2026-09-28,1.0
2026-09-28,20,XLP,rates,2,0.2416151168759397,0.2416151168759397,0.2348910654498519,0.2483391683020275,2026-09-28,2026-09-28,1.0
2026-09-28,20,XLP,credit,2,0.1427566703686828,0.1427566703686828,0.140271690111405,0.1452416506259605,2026-09-28,2026-09-28,1.0
2026-09-28,20,XLP,commodities,2,-0.1758980194181878,-0.1758980194181878,-0.1768886502269076,-0.174907388609468,2026-09-28,2026-09-28,1.0
2026-09-28,20,XLP,fx,2,-0.0115608464809276,-0.0115608464809276,-0.0257544682819608,0.0026327753201054,2026-09-28,2026-09-28,1.0
2026-09-28,20,XLP,volatility,1,-0.113347366666755,-0.113347366666755,-0.113347366666755,-0.113347366666755,2026-09-28,2026-09-28,1.0
2026-09-28,20,XLI,equity,3,0.6691437671912887,0.6921716087936127,0.6087146638695272,0.7065450289107259,2026-09-28,2026-09-28,1.0
2026-09-28,20,XLI,rates,2,0.4143169004673906,0.4143169004673906,0.408768817440892,0.4198649834938894,2026-09-28,2026-09-28,1.0
2026-09-28,20,XLI,credit,2,0.4339635901720222,0.4339635901720222,0.4063189870145817,0.4616081933294626,2026-09-28,2026-09-28,1.0
2026-09-28,20,XLI,commodities,2,-0.0700072178941347,-0.0700072178941347,-0.6791608934948553,0.5391464577065859,2026-09-28,2026-09-28,1.0
2026-09-28,20,XLI,fx,2,-0.2485427052525124,-0.2485427052525124,-0.4646195307735604,-0.0324658797314644,2026-09-28,2026-09-28,1.0
2026-09-28,20,XLI,volatility,1,-0.7553921771839296,-0.7553921771839296,-0.7553921771839296,-0.7553921771839296,2026-09-28,2026-09-28,1.0
2026-09-28,20,XLB,equity,3,0.4860858861918714,0.4102297112896367,0.3893886891133013,0.6586392581726762,2026-09-28,2026-09-28,1.0
2026-09-28,20,XLB,rates,2,0.5195677882882411,0.5195677882882411,0.4924216371549164,0.5467139394215659,2026-09-28,2026-09-28,1.0
2026-09-28,20,XLB,credit,2,0.5005702285627011,0.5005702285627011,0.4700360813014194,0.5311043758239827,2026-09-28,2026-09-28,1.0
2026-09-28,20,XLB,commodities,2,0.0050921796797781,0.0050921796797781,-0.4519801325462054,0.4621644919057617,2026-09-28,2026-09-28,1.0
2026-09-28,20,XLB,fx,2,-0.2872966437105616,-0.2872966437105616,-0.3284515042633258,-0.2461417831577974,2026-09-28,2026-09-28,1.0
2026-09-28,20,XLB,volatility,1,-0.6415459471471159,-0.6415459471471159,-0.6415459471471159,-0.6415459471471159,2026-09-28,2026-09-28,1.0
2026-09-28,20,XLU,equity,3,0.4916636503382263,0.4945915996883344,0.3938845833980591,0.5865147679282854,2026-09-28,2026-09-28,1.0
2026-09-28,20,XLU,rates,2,0.6773404772674182,0.6773404772674182,0.6617716566243455,0.6929092979104909,2026-09-28,2026-09-28,1.0
2026-09-28,20,XLU,credit,2,0.6256899831354896,0.6256899831354896,0.601090796798495,0.6502891694724842,2026-09-28,2026-09-28,1.0
2026-09-28,20,XLU,commodities,2,-0.0113235918556259,-0.0113235918556259,-0.3030008205552603,0.2803536368440083,2026-09-28,2026-09-28,1.0
2026-09-28,20,XLU,fx,2,-0.203129584155315,-0.203129584155315,-0.4808765108563382,0.0746173425457082,2026-09-28,2026-09-28,1.0
2026-09-28,20,XLU,volatility,1,-0.472901008576176,-0.472901008576176,-0.472901008576176,-0.472901008576176,2026-09-28,2026-09-28,1.0
2026-09-28,20,XLRE,equity,3,0.6799659484524261,0.6715015463210873,0.5887470543952635,0.7796492446409274,2026-09-28,2026-09-28,1.0
2026-09-28,20,XLRE,rates,2,0.6272318130650036,0.6272318130650036,0.6263860912098449,0.6280775349201623,2026-09-28,2026-09-28,1.0
2026-09-28,20,XLRE,credit,2,0.6252582470324164,0.6252582470324164,0.58942685473288,0.6610896393319526,2026-09-28,2026-09-28,1.0
2026-09-28,20,XLRE,commodities,2,-0.0297216360741817,-0.0297216360741817,-0.3924351070582636,0.3329918349099001,2026-09-28,2026-09-28,1.0
2026-09-28,20,XLRE,fx,2,-0.3246378724618785,-0.3246378724618785,-0.4717984150200096,-0.1774773299037473,2026-09-28,2026-09-28,1.0
2026-09-28,20,XLRE,volatility,1,-0.534244459851448,-0.534244459851448,-0.534244459851448,-0.534244459851448,2026-09-28,2026-09-28,1.0
2026-09-28,20,XLC,equity,3,0.4376642112078103,0.4185415514281728,0.3775615172622417,0.5168895649330163,2026-09-28,2026-09-28,1.0
2026-09-28,20,XLC,rates,2,0.2601028365005982,0.2601028365005982,0.253096355469521,0.2671093175316754,2026-09-28,2026-09-28,1.0
2026-09-28,20,XLC,credit,2,0.2795201496627316,0.2795201496627316,0.2443601073466071,0.3146801919788561,2026-09-28,2026-09-28,1.0
2026-09-28,20,XLC,commodities,2,-0.0017121029531401,-0.0017121029531401,-0.1108250649219181,0.1074008590156379,2026-09-28,2026-09-28,1.0
2026-09-28,20,XLC,fx,2,-0.1017302031895891,-0.1017302031895891,-0.1538965713088224,-0.0495638350703558,2026-09-28,2026-09-28,1.0
2026-09-28,20,XLC,volatility,1,-0.0345936540624467,-0.0345936540624467,-0.0345936540624467,-0.0345936540624467,2026-09-28,2026-09-28,1.0
2026-09-28,60,XLK,equity,3,0.8026298313592193,0.7884940120076713,0.6735170413141555,0.9458784407558312,2026-09-28,2026-09-28,1.0
2026-09-28,60,XLK,rates,2,0.3189404623899812,0.3189404623899812,0.2857167439263587,0.3521641808536037,2026-09-28,2026-09-28,1.0
2026-09-28,60,XLK,credit,2,0.4512652621991364,0.4512652621991364,0.4007341308144703,0.5017963935838025,2026-09-28,2026-09-28,1.0
2026-09-28,60,XLK,commodities,2,-0.0007168881629226,-0.0007168881629226,-0.3898170036261608,0.3883832273003155,2026-09-28,2026-09-28,1.0
2026-09-28,60,XLK,fx,2,-0.1665100954501603,-0.1665100954501603,-0.2716214467171455,-0.0613987441831751,2026-09-28,2026-09-28,1.0
2026-09-28,60,XLK,volatility,1,-0.6006352492563415,-0.6006352492563415,-0.6006352492563415,-0.6006352492563415,2026-09-28,2026-09-28,1.0
2026-09-28,60,XLF,equity,3,0.3994382269660579,0.4224368946827795,0.239399789512869,0.536477996702525,2026-09-28,2026-09-28,1.0
2026-09-28,60,XLF,rates,2,0.3739263464944675,0.3739263464944675,0.3592090302696522,0.3886436627192828,2026-09-28,2026-09-28,1.0
2026-09-28,60,XLF,credit,2,0.3879206540009648,0.3879206540009648,0.3594743187418702,0.4163669892600595,2026-09-28,2026-09-28,1.0
2026-09-28,60,XLF,commodities,2,-0.1245104257036857,-0.1245104257036857,-0.4110401172146094,0.1620192658072378,2026-09-28,2026-09-28,1.0
2026-09-28,60,XLF,fx,2,-0.0778395209788261,-0.0778395209788261,-0.1636417456488842,0.007962703691232,2026-09-28,2026-09-28,1.0
2026-09-28,60,XLF,volatility,1,-0.3807656335686077,-0.3807656335686077,-0.3807656335686077,-0.3807656335686077,2026-09-28,2026-09-28,1.0
2026-09-28,60,XLV,equity,3,-0.0690258529492704,-0.037897250876278,-0.2737443989946006,0.1045640910230673,2026-09-28,2026-09-28,1.0
2026-09-28,60,XLV,rates,2,0.28111894940412,0.28111894940412,0.2340151422520535,0.3282227565561865,2026-09-28,2026-09-28,1.0
2026-09-28,60,XLV,credit,2,0.1493959452609979,0.1493959452609979,0.1015363580530332,0.1972555324689626,2026-09-28,2026-09-28,1.0
2026-09-28,60,XLV,commodities,2,-0.023213986165517,-0.023213986165517,-0.1178970585617397,0.0714690862307057,2026-09-28,2026-09-28,1.0
2026-09-28,60,XLV,fx,2,-0.0592609831453683,-0.0592609831453683,-0.1273050059039525,0.0087830396132159,2026-09-28,2026-09-28,1.0
2026-09-28,60,XLV,volatility,1,0.060141583229233,0.060141583229233,0.060141583229233,0.060141583229233,2026-09-28,2026-09-28,1.0
2026-09-28,60,XLE,equity,3,-0.3799606610878518,-0.363377908563712,-0.416551250084557,-0.3599528246152864,2026-09-28,2026-09-28,1.0
2026-09-28,60,XLE,rates,2,-0.4829362018823698,-0.4829362018823698,-0.4985417533990749,-0.4673306503656648,2026-09-28,2026-09-28,1.0
2026-09-28,60,XLE,credit,2,-0.4357186073798645,-0.4357186073798645,-0.482464624657,-0.388972590102729,2026-09-28,2026-09-28,1.0
2026-09-28,60,XLE,commodities,2,0.2762272026166761,0.2762272026166761,-0.1866944539018841,0.7391488591352363,2026-09-28,2026-09-28,1.0
2026-09-28,60,XLE,fx,2,0.003345779159032,0.003345779159032,-0.0404440816077747,0.0471356399258388,2026-09-28,2026-09-28,1.0
2026-09-28,60,XLE,volatility,1,0.233574248968683,0.233574248968683,0.233574248968683,0.233574248968683,2026-09-28,2026-09-28,1.0
2026-09-28,60,XLY,equity,3,0.5325059495556045,0.4938881626977263,0.4383239988409274,0.6653056871281599,2026-09-28,2026-09-28,1.0
2026-09-28,60,XLY,rates,2,0.4314213626026095,0.4314213626026095,0.4196975263359135,0.4431451988693055,2026-09-28,2026-09-28,1.0
2026-09-28,60,XLY,credit,2,0.5420030634382029,0.5420030634382029,0.470155293904602,0.6138508329718038,2026-09-28,2026-09-28,1.0
2026-09-28,60,XLY,commodities,2,-0.1265997938990622,-0.1265997938990622,-0.5586285552266749,0.3054289674285503,2026-09-28,2026-09-28,1.0
2026-09-28,60,XLY,fx,2,-0.1608961071793574,-0.1608961071793574,-0.3829893575779123,0.0611971432191974,2026-09-28,2026-09-28,1.0
2026-09-28,60,XLY,volatility,1,-0.5833462545691114,-0.5833462545691114,-0.5833462545691114,-0.5833462545691114,2026-09-28,2026-09-28,1.0
2026-09-28,60,XLP,equity,3,-0.1530619865445338,-0.0789096661612952,-0.3417612571919853,-0.0385150362803209,2026-09-28,2026-09-28,1.0
2026-09-28,60,XLP,rates,2,0.2267107575957669,0.2267107575957669,0.1927186040293154,0.2607029111622184,2026-09-28,2026-09-28,1.0
2026-09-28,60,XLP,credit,2,0.1344572693253552,0.1344572693253552,0.1059127867348374,0.163001751915873,2026-09-28,2026-09-28,1.0
2026-09-28,60,XLP,commodities,2,-0.2328711278002821,-0.2328711278002821,-0.2755828254366193,-0.190159430163945,2026-09-28,2026-09-28,1.0
2026-09-28,60,XLP,fx,2,-0.0132945847130259,-0.0132945847130259,-0.1371898120533673,0.1106006426273154,2026-09-28,2026-09-28,1.0
2026-09-28,60,XLP,volatility,1,0.1282354076660926,0.1282354076660926,0.1282354076660926,0.1282354076660926,2026-09-28,2026-09-28,1.0
2026-09-28,60,XLI,equity,3,0.6098286977168306,0.6198694006854312,0.5619078857648564,0.6477088067002041,2026-09-28,2026-09-28,1.0
2026-09-28,60,XLI,rates,2,0.3476588957664055,0.3476588957664055,0.3442909026696795,0.3510268888631315,2026-09-28,2026-09-28,1.0
2026-09-28,60,XLI,credit,2,0.3575784633330691,0.3575784633330691,0.355105176583669,0.3600517500824691,2026-09-28,2026-09-28,1.0
2026-09-28,60,XLI,commodities,2,-0.1538034396724291,-0.1538034396724291,-0.5048914386210243,0.197284559276166,2026-09-28,2026-09-28,1.0
2026-09-28,60,XLI,fx,2,-0.0069940275200034,-0.0069940275200034,-0.0700901453192333,0.0561020902792264,2026-09-28,2026-09-28,1.0
2026-09-28,60,XLI,volatility,1,-0.466417940315242,-0.466417940315242,-0.466417940315242,-0.466417940315242,2026-09-28,2026-09-28,1.0
2026-09-28,60,XLB,equity,3,0.3520505095190705,0.3689573609427012,0.1979984307075216,0.4891957369069886,2026-09-28,2026-09-28,1.0
2026-09-28,60,XLB,rates,2,0.4524401347640159,0.4524401347640159,0.4517936792347451,0.4530865902932867,2026-09-28,2026-09-28,1.0
2026-09-28,60,XLB,credit,2,0.4085830685122096,0.4085830685122096,0.4022890265321518,0.4148771104922674,2026-09-28,2026-09-28,1.0
2026-09-28,60,XLB,commodities,2,-0.0169887961453895,-0.0169887961453895,-0.4557368850051981,0.4217592927144191,2026-09-28,2026-09-28,1.0
2026-09-28,60,XLB,fx,2,-0.1451042864665971,-0.1451042864665971,-0.1818285941346384,-0.1083799787985557,2026-09-28,2026-09-28,1.0
2026-09-28,60,XLB,volatility,1,-0.3442740443778125,-0.3442740443778125,-0.3442740443778125,-0.3442740443778125,2026-09-28,2026-09-28,1.0
2026-09-28,60,XLU,equity,3,0.0930248763221377,0.1058643535036003,0.0044746505620514,0.1687356249007614,2026-09-28,2026-09-28,1.0
2026-09-28,60,XLU,rates,2,0.3250028367680252,0.3250028367680252,0.3224480000304708,0.3275576735055795,2026-09-28,2026-09-28,1.0
2026-09-28,60,XLU,credit,2,0.2569416542278442,0.2569416542278442,0.2552431415309001,0.2586401669247882,2026-09-28,2026-09-28,1.0
2026-09-28,60,XLU,commodities,2,-0.0331618079137592,-0.0331618079137592,-0.0555305408395561,-0.0107930749879622,2026-09-28,2026-09-28,1.0
2026-09-28,60,XLU,fx,2,-0.0580446046144594,-0.0580446046144594,-0.0893057394477056,-0.0267834697812132,2026-09-28,2026-09-28,1.0
2026-09-28,60,XLU,volatility,1,-0.1058493714622131,-0.1058493714622131,-0.1058493714622131,-0.1058493714622131,2026-09-28,2026-09-28,1.0
2026-09-28,60,XLRE,equity,3,0.1146296947615471,0.1865200942968167,-0.0587942730171885,0.2161632630050133,2026-09-28,2026-09-28,1.0
2026-09-28,60,XLRE,rates,2,0.3883392114083592,0.3883392114083592,0.3682294093912988,0.4084490134254196,2026-09-28,2026-09-28,1.0
2026-09-28,60,XLRE,credit,2,0.33897120175043,0.33897120175043,0.3217923664858588,0.3561500370150012,2026-09-28,2026-09-28,1.0
2026-09-28,60,XLRE,commodities,2,-0.1117614235271419,-0.1117614235271419,-0.2756899674315743,0.0521671203772904,2026-09-28,2026-09-28,1.0
2026-09-28,60,XLRE,fx,2,-0.0760863854660634,-0.0760863854660634,-0.0813195288151683,-0.0708532421169586,2026-09-28,2026-09-28,1.0
2026-09-28,60,XLRE,volatility,1,-0.0444423266935772,-0.0444423266935772,-0.0444423266935772,-0.0444423266935772,2026-09-28,2026-09-28,1.0
2026-09-28,60,XLC,equity,3,0.2849206892925848,0.251002981989153,0.1890666617247909,0.4146924241638107,2026-09-28,2026-09-28,1.0
2026-09-28,60,XLC,rates,2,0.267703249772666,0.267703249772666,0.2669322816596375,0.2684742178856945,2026-09-28,2026-09-28,1.0
2026-09-28,60,XLC,credit,2,0.3149608681655066,0.3149608681655066,0.2742861181038382,0.3556356182271751,2026-09-28,2026-09-28,1.0
2026-09-28,60,XLC,commodities,2,-0.2073649879292766,-0.2073649879292766,-0.3637000999762562,-0.0510298758822971,2026-09-28,2026-09-28,1.0
2026-09-28,60,XLC,fx,2,-0.0197742956075774,-0.0197742956075774,-0.0633493369472866,0.0238007457321317,2026-09-28,2026-09-28,1.0
2026-09-28,60,XLC,volatility,1,-0.1205307231274559,-0.1205307231274559,-0.1205307231274559,-0.1205307231274559,2026-09-28,2026-09-28,1.0
2026-09-29,20,XLK,equity,3,0.7931998684552107,0.8601612446524828,0.5709080178689403,0.9485303428442092,2026-09-29,2026-09-29,1.0
2026-09-29,20,XLK,rates,2,0.6609268510891417,0.6609268510891417,0.6578523875926066,0.6640013145856769,2026-09-29,2026-09-29,1.0
2026-09-29,20,XLK,credit,2,0.6729303658736963,0.6729303658736963,0.6445788120119318,0.7012819197354606,2026-09-29,2026-09-29,1.0
2026-09-29,20,XLK,commodities,2,-0.0346836874214176,-0.0346836874214176,-0.5843731169816755,0.5150057421388402,2026-09-29,2026-09-29,1.0
2026-09-29,20,XLK,fx,2,-0.2486535085402903,-0.2486535085402903,-0.4377060500295425,-0.059600967051038,2026-09-29,2026-09-29,1.0
2026-09-29,20,XLK,volatility,1,-0.7219291060666437,-0.7219291060666437,-0.7219291060666437,-0.7219291060666437,2026-09-29,2026-09-29,1.0
2026-09-29,20,XLF,equity,3,0.4589633381244192,0.3820221260012607,0.3403062461366966,0.6545616422353003,2026-09-29,2026-09-29,1.0
2026-09-29,20,XLF,rates,2,0.2251000682673452,0.2251000682673452,0.1840135889950733,0.2661865475396172,2026-09-29,2026-09-29,1.0
2026-09-29,20,XLF,credit,2,0.2353678774401701,0.2353678774401701,0.2091598149441239,0.2615759399362164,2026-09-29,2026-09-29,1.0
2026-09-29,20,XLF,commodities,2,0.2584832940982027,0.2584832940982027,0.0360665392387672,0.4809000489576381,2026-09-29,2026-09-29,1.0
2026-09-29,20,XLF,fx,2,-0.4333516939036885,-0.4333516939036885,-0.710712901349061,-0.1559904864583161,2026-09-29,2026-09-29,1.0
2026-09-29,20,XLF,volatility,1,-0.4474342075505385,-0.4474342075505385,-0.4474342075505385,-0.4474342075505385,2026-09-29,2026-09-29,1.0
2026-09-29,20,XLV,equity,3,0.3698338580256903,0.3761647451310007,0.2654108621446633,0.467925966801407,2026-09-29,2026-09-29,1.0
2026-09-29,20,XLV,rates,2,0.4317390491056003,0.4317390491056003,0.3875166629793241,0.4759614352318765,2026-09-29,2026-09-29,1.0
2026-09-29,20,XLV,credit,2,0.4323772346318645,0.4323772346318645,0.4022376290844385,0.4625168401792904,2026-09-29,2026-09-29,1.0
2026-09-29,20,XLV,commodities,2,-0.0756681249141417,-0.0756681249141417,-0.2118339516227399,0.0604977017944564,2026-09-29,2026-09-29,1.0
2026-09-29,20,XLV,fx,2,-0.3074021355194477,-0.3074021355194477,-0.4770628010363011,-0.1377414700025942,2026-09-29,2026-09-29,1.0
2026-09-29,20,XLV,volatility,1,-0.1488444297388613,-0.1488444297388613,-0.1488444297388613,-0.1488444297388613,2026-09-29,2026-09-29,1.0
2026-09-29,20,XLE,equity,3,-0.2770070971321082,-0.2730654529856735,-0.3614480276013165,-0.1965078108093346,2026-09-29,2026-09-29,1.0
2026-09-29,20,XLE,rates,2,-0.3106768444021635,-0.3106768444021635,-0.3300066414297058,-0.2913470473746212,2026-09-29,2026-09-29,1.0
2026-09-29,20,XLE,credit,2,-0.3067263909886962,-0.3067263909886962,-0.3334288406633871,-0.2800239413140054,2026-09-29,2026-09-29,1.0
2026-09-29,20,XLE,commodities,2,0.3725613257089972,0.3725613257089972,0.1255327286104718,0.6195899228075226,2026-09-29,2026-09-29,1.0
2026-09-29,20,XLE,fx,2,-0.3397698320655796,-0.3397698320655796,-0.4619335315862599,-0.2176061325448993,2026-09-29,2026-09-29,1.0
2026-09-29,20,XLE,volatility,1,-0.1238501435478426,-0.1238501435478426,-0.1238501435478426,-0.1238501435478426,2026-09-29,2026-09-29,1.0
2026-09-29,20,XLY,equity,3,0.7986539383122321,0.7921009741283266,0.7100232407560854,0.8938376000522843,2026-09-29,2026-09-29,1.0
2026-09-29,20,XLY,rates,2,0.6121886327385115,0.6121886327385115,0.60262874626847,0.6217485192085532,2026-09-29,2026-09-29,1.0
2026-09-29,20,XLY,credit,2,0.6386152482739577,0.6386152482739577,0.5815521563751694,0.6956783401727459,2026-09-29,2026-09-29,1.0
2026-09-29,20,XLY,commodities,2,0.0050381704506752,0.0050381704506752,-0.5123469014300024,0.522423242331353,2026-09-29,2026-09-29,1.0
2026-09-29,20,XLY,fx,2,-0.3594378520971372,-0.3594378520971372,-0.4962845048933244,-0.22259119930095,2026-09-29,2026-09-29,1.0
2026-09-29,20,XLY,volatility,1,-0.6561314308449292,-0.6561314308449292,-0.6561314308449292,-0.6561314308449292,2026-09-29,2026-09-29,1.0
2026-09-29,20,XLP,equity,3,0.1632232277197061,0.1319791638917119,-0.0090909563030627,0.3667814755704692,2026-09-29,2026-09-29,1.0
2026-09-29,20,XLP,rates,2,0.2582458413215081,0.2582458413215081,0.2464450440341787,0.2700466386088374,2026-09-29,2026-09-29,1.0
2026-09-29,20,XLP,credit,2,0.1809136037212431,0.1809136037212431,0.1700539784822938,0.1917732289601924,2026-09-29,2026-09-29,1.0
2026-09-29,20,XLP,commodities,2,-0.1734230749451007,-0.1734230749451007,-0.1947444264790643,-0.1521017234111371,2026-09-29,2026-09-29,1.0
2026-09-29,20,XLP,fx,2,-0.0613028107774246,-0.0613028107774246,-0.098075786934217,-0.0245298346206322,2026-09-29,2026-09-29,1.0
2026-09-29,20,XLP,volatility,1,-0.1732531877763123,-0.1732531877763123,-0.1732531877763123,-0.1732531877763123,2026-09-29,2026-09-29,1.0
2026-09-29,20,XLI,equity,3,0.6243765092716945,0.6467254478793766,0.557117339555061,0.6692867403806457,2026-09-29,2026-09-29,1.0
2026-09-29,20,XLI,rates,2,0.4103885020461708,0.4103885020461708,0.4050009355481371,0.4157760685442045,2026-09-29,2026-09-29,1.0
2026-09-29,20,XLI,credit,2,0.3913360491942825,0.3913360491942825,0.3739455374088353,0.4087265609797297,2026-09-29,2026-09-29,1.0
2026-09-29,20,XLI,commodities,2,-0.0697738521512394,-0.0697738521512394,-0.6074189071335887,0.4678712028311097,2026-09-29,2026-09-29,1.0
2026-09-29,20,XLI,fx,2,-0.1658517406388515,-0.1658517406388515,-0.4493576529727256,0.1176541716950225,2026-09-29,2026-09-29,1.0
2026-09-29,20,XLI,volatility,1,-0.7209732400546957,-0.7209732400546957,-0.7209732400546957,-0.7209732400546957,2026-09-29,2026-09-29,1.0
2026-09-29,20,XLB,equity,3,0.4506592361677971,0.3797109534860328,0.3371155730080685,0.6351511820092901,2026-09-29,2026-09-29,1.0
2026-09-29,20,XLB,rates,2,0.5148124879004635,0.5148124879004635,0.4991000518281621,0.530524923972765,2026-09-29,2026-09-29,1.0
2026-09-29,20,XLB,credit,2,0.4743617900965594,0.4743617900965594,0.4500652885397975,0.4986582916533212,2026-09-29,2026-09-29,1.0
2026-09-29,20,XLB,commodities,2,0.0258195267834005,0.0258195267834005,-0.3127096654947414,0.3643487190615425,2026-09-29,2026-09-29,1.0
2026-09-29,20,XLB,fx,2,-0.2550757245269955,-0.2550757245269955,-0.2749183994524848,-0.2352330496015062,2026-09-29,2026-09-29,1.0
2026-09-29,20,XLB,volatility,1,-0.610190010879771,-0.610190010879771,-0.610190010879771,-0.610190010879771,2026-09-29,2026-09-29,1.0
2026-09-29,20,XLU,equity,3,0.5690309892995952,0.5353000161641691,0.5112912221137466,0.6605017296208696,2026-09-29,2026-09-29,1.0
2026-09-29,20,XLU,rates,2,0.6659381066327156,0.6659381066327156,0.613877859327273,0.7179983539381581,2026-09-29,2026-09-29,1.0
2026-09-29,20,XLU,credit,2,0.6635112228465752,0.6635112228465752,0.658239006891672,0.6687834388014783,2026-09-29,2026-09-29,1.0
2026-09-29,20,XLU,commodities,2,-0.0385866148889434,-0.0385866148889434,-0.6069852097947267,0.5298119800168397,2026-09-29,2026-09-29,1.0
2026-09-29,20,XLU,fx,2,-0.2422181058373717,-0.2422181058373717,-0.4672660060208728,-0.0171702056538706,2026-09-29,2026-09-29,1.0
2026-09-29,20,XLU,volatility,1,-0.5830815501142335,-0.5830815501142335,-0.5830815501142335,-0.5830815501142335,2026-09-29,2026-09-29,1.0
2026-09-29,20,XLRE,equity,3,0.7168325658203455,0.7253540131094756,0.6209672949177899,0.8041763894337711,2026-09-29,2026-09-29,1.0
2026-09-29,20,XLRE,rates,2,0.6275400139895301,0.6275400139895301,0.6177432983139565,0.6373367296651037,2026-09-29,2026-09-29,1.0
2026-09-29,20,XLRE,credit,2,0.6406599243804637,0.6406599243804637,0.6105306642919843,0.6707891844689431,2026-09-29,2026-09-29,1.0
2026-09-29,20,XLRE,commodities,2,-0.0301454740681502,-0.0301454740681502,-0.4549697799900401,0.3946788318537396,2026-09-29,2026-09-29,1.0
2026-09-29,20,XLRE,fx,2,-0.3355853536248306,-0.3355853536248306,-0.4705844103996177,-0.2005862968500435,2026-09-29,2026-09-29,1.0
2026-09-29,20,XLRE,volatility,1,-0.5762527952017746,-0.5762527952017746,-0.5762527952017746,-0.5762527952017746,2026-09-29,2026-09-29,1.0
2026-09-29,20,XLC,equity,3,0.4275855487731574,0.4113462955279266,0.3647403914589187,0.5066699593326269,2026-09-29,2026-09-29,1.0
2026-09-29,20,XLC,rates,2,0.2530900262569118,0.2530900262569118,0.2469285677582968,0.2592514847555269,2026-09-29,2026-09-29,1.0
2026-09-29,20,XLC,credit,2,0.2652757356695049,0.2652757356695049,0.2330627796577072,0.2974886916813026,2026-09-29,2026-09-29,1.0
2026-09-29,20,XLC,commodities,2,-0.0015016319036727,-0.0015016319036727,-0.0839914848034841,0.0809882209961387,2026-09-29,2026-09-29,1.0
2026-09-29,20,XLC,fx,2,-0.0817974124308044,-0.0817974124308044,-0.1261320029302384,-0.0374628219313705,2026-09-29,2026-09-29,1.0
2026-09-29,20,XLC,volatility,1,-0.0045802384280035,-0.0045802384280035,-0.0045802384280035,-0.0045802384280035,2026-09-29,2026-09-29,1.0
2026-09-29,60,XLK,equity,3,0.7993811367242171,0.7880183113567546,0.6667932870123239,0.9433318118035728,2026-09-29,2026-09-29,1.0
2026-09-29,60,XLK,rates,2,0.2937501173437098,0.2937501173437098,0.2579716556791607,0.3295285790082588,2026-09-29,2026-09-29,1.0
2026-09-29,60,XLK,credit,2,0.4353198060650042,0.4353198060650042,0.3736453771793267,0.4969942349506816,2026-09-29,2026-09-29,1.0
2026-09-29,60,XLK,commodities,2,0.0058879602868868,0.0058879602868868,-0.3618442258255495,0.3736201463993232,2026-09-29,2026-09-29,1.0
2026-09-29,60,XLK,fx,2,-0.1561940469881472,-0.1561940469881472,-0.2542788081840775,-0.058109285792217,2026-09-29,2026-09-29,1.0
2026-09-29,60,XLK,volatility,1,-0.6001633707147295,-0.6001633707147295,-0.6001633707147295,-0.6001633707147295,2026-09-29,2026-09-29,1.0
2026-09-29,60,XLF,equity,3,0.4004633816790683,0.4243636084206913,0.2389699513627266,0.538056585253787,2026-09-29,2026-09-29,1.0
2026-09-29,60,XLF,rates,2,0.3774427457024243,0.3774427457024243,0.3641598173367611,0.3907256740680876,2026-09-29,2026-09-29,1.0
2026-09-29,60,XLF,credit,2,0.3906360365850456,0.3906360365850456,0.3627959034020231,0.4184761697680682,2026-09-29,2026-09-29,1.0
2026-09-29,60,XLF,commodities,2,-0.1199434860609158,-0.1199434860609158,-0.3939761470863901,0.1540891749645584,2026-09-29,2026-09-29,1.0
2026-09-29,60,XLF,fx,2,-0.0782132854040807,-0.0782132854040807,-0.1657636983700303,0.0093371275618687,2026-09-29,2026-09-29,1.0
2026-09-29,60,XLF,volatility,1,-0.3796763187759959,-0.3796763187759959,-0.3796763187759959,-0.3796763187759959,2026-09-29,2026-09-29,1.0
2026-09-29,60,XLV,equity,3,-0.0442028776636468,-0.0182274942256979,-0.2467409296154293,0.1323597908501866,2026-09-29,2026-09-29,1.0
2026-09-29,60,XLV,rates,2,0.3257198079165222,0.3257198079165222,0.2734293759396055,0.3780102398934389,2026-09-29,2026-09-29,1.0
2026-09-29,60,XLV,credit,2,0.1837219767143369,0.1837219767143369,0.1217269012511099,0.2457170521775639,2026-09-29,2026-09-29,1.0
2026-09-29,60,XLV,commodities,2,-0.0245462788135226,-0.0245462788135226,-0.134576313007012,0.0854837553799667,2026-09-29,2026-09-29,1.0
2026-09-29,60,XLV,fx,2,-0.0752379098000403,-0.0752379098000403,-0.132035658960998,-0.0184401606390827,2026-09-29,2026-09-29,1.0
2026-09-29,60,XLV,volatility,1,0.0487775581217338,0.0487775581217338,0.0487775581217338,0.0487775581217338,2026-09-29,2026-09-29,1.0
2026-09-29,60,XLE,equity,3,-0.3544177581218326,-0.344279268894723,-0.3933160267418621,-0.3256579787289126,2026-09-29,2026-09-29,1.0
2026-09-29,60,XLE,rates,2,-0.4511844655883078,-0.4511844655883078,-0.4612939225933904,-0.4410750085832251,2026-09-29,2026-09-29,1.0
2026-09-29,60,XLE,credit,2,-0.4082739552319222,-0.4082739552319222,-0.4506835625953681,-0.3658643478684764,2026-09-29,2026-09-29,1.0
2026-09-29,60,XLE,commodities,2,0.2796273134612224,0.2796273134612224,-0.1764846207070014,0.7357392476294462,2026-09-29,2026-09-29,1.0
2026-09-29,60,XLE,fx,2,-0.0187298796692579,-0.0187298796692579,-0.0449713911116686,0.0075116317731526,2026-09-29,2026-09-29,1.0
2026-09-29,60,XLE,volatility,1,0.2228290638168549,0.2228290638168549,0.2228290638168549,0.2228290638168549,2026-09-29,2026-09-29,1.0
2026-09-29,60,XLY,equity,3,0.5309419596094721,0.4909968808223439,0.4390445559361632,0.6627844420699092,2026-09-29,2026-09-29,1.0
2026-09-29,60,XLY,rates,2,0.4290225620680025,0.4290225620680025,0.4158781998306901,0.4421669243053148,2026-09-29,2026-09-29,1.0
2026-09-29,60,XLY,credit,2,0.5384633001311399,0.5384633001311399,0.4724140186782224,0.6045125815840573,2026-09-29,2026-09-29,1.0
2026-09-29,60,XLY,commodities,2,-0.1246044035515923,-0.1246044035515923,-0.5528516050505379,0.3036427979473531,2026-09-29,2026-09-29,1.0
2026-09-29,60,XLY,fx,2,-0.1577190851652684,-0.1577190851652684,-0.3771743026901851,0.0617361323596482,2026-09-29,2026-09-29,1.0
2026-09-29,60,XLY,volatility,1,-0.5820788901754147,-0.5820788901754147,-0.5820788901754147,-0.5820788901754147,2026-09-29,2026-09-29,1.0
2026-09-29,60,XLP,equity,3,-0.1366887901732287,-0.0642615150550188,-0.3257051846544361,-0.0200996708102313,2026-09-29,2026-09-29,1.0
2026-09-29,60,XLP,rates,2,0.2578045469457475,0.2578045469457475,0.21950072744203,0.2961083664494651,2026-09-29,2026-09-29,1.0
2026-09-29,60,XLP,credit,2,0.1594293649477679,0.1594293649477679,0.1228193390924424,0.1960393908030933,2026-09-29,2026-09-29,1.0
2026-09-29,60,XLP,commodities,2,-0.2328184398347192,-0.2328184398347192,-0.2804904535068964,-0.185146426162542,2026-09-29,2026-09-29,1.0
2026-09-29,60,XLP,fx,2,-0.024576230064364,-0.024576230064364,-0.1394594635497429,0.0903070034210148,2026-09-29,2026-09-29,1.0
2026-09-29,60,XLP,volatility,1,0.12068383171122,0.12068383171122,0.12068383171122,0.12068383171122,2026-09-29,2026-09-29,1.0
2026-09-29,60,XLI,equity,3,0.5970999950074616,0.6130587405324003,0.5409105777612245,0.6373306667287599,2026-09-29,2026-09-29,1.0
2026-09-29,60,XLI,rates,2,0.3170439699798116,0.3170439699798116,0.3167713055941689,0.3173166343654544,2026-09-29,2026-09-29,1.0
2026-09-29,60,XLI,credit,2,0.3334310460169065,0.3334310460169065,0.3213435015220685,0.3455185905117444,2026-09-29,2026-09-29,1.0
2026-09-29,60,XLI,commodities,2,-0.1526086121281876,-0.1526086121281876,-0.4882620945313284,0.1830448702749531,2026-09-29,2026-09-29,1.0
2026-09-29,60,XLI,fx,2,0.0111342911778343,0.0111342911778343,-0.0393386581547694,0.0616072405104381,2026-09-29,2026-09-29,1.0
2026-09-29,60,XLI,volatility,1,-0.4634725589645445,-0.4634725589645445,-0.4634725589645445,-0.4634725589645445,2026-09-29,2026-09-29,1.0
2026-09-29,60,XLB,equity,3,0.3426634138273456,0.3645227113691713,0.179589460646252,0.4838780694666135,2026-09-29,2026-09-29,1.0
2026-09-29,60,XLB,rates,2,0.4445919458218726,0.4445919458218726,0.4418209296892995,0.4473629619544458,2026-09-29,2026-09-29,1.0
2026-09-29,60,XLB,credit,2,0.403168604171036,0.403168604171036,0.4018018057569575,0.4045354025851146,2026-09-29,2026-09-29,1.0
2026-09-29,60,XLB,commodities,2,-0.0089810657027881,-0.0089810657027881,-0.4202472481717831,0.4022851167662067,2026-09-29,2026-09-29,1.0
2026-09-29,60,XLB,fx,2,-0.1409531720161545,-0.1409531720161545,-0.177103388356477,-0.1048029556758319,2026-09-29,2026-09-29,1.0
2026-09-29,60,XLB,volatility,1,-0.3383801696824191,-0.3383801696824191,-0.3383801696824191,-0.3383801696824191,2026-09-29,2026-09-29,1.0
2026-09-29,60,XLU,equity,3,0.1125464277679991,0.1127819207282513,0.0435286971973949,0.181328665378351,2026-09-29,2026-09-29,1.0
2026-09-29,60,XLU,rates,2,0.3498064928366638,0.3498064928366638,0.3413079195755444,0.3583050660977832,2026-09-29,2026-09-29,1.0
2026-09-29,60,XLU,credit,2,0.2695394894230327,0.2695394894230327,0.2390506287307892,0.3000283501152763,2026-09-29,2026-09-29,1.0
2026-09-29,60,XLU,commodities,2,-0.0463334640520121,-0.0463334640520121,-0.1233829259281119,0.0307159978240877,2026-09-29,2026-09-29,1.0
2026-09-29,60,XLU,fx,2,-0.063047296053982,-0.063047296053982,-0.0961382181363021,-0.0299563739716619,2026-09-29,2026-09-29,1.0
2026-09-29,60,XLU,volatility,1,-0.117396292200452,-0.117396292200452,-0.117396292200452,-0.117396292200452,2026-09-29,2026-09-29,1.0
2026-09-29,60,XLRE,equity,3,0.1531868844963256,0.2160007785733448,-0.01087639561213,0.2544362705277619,2026-09-29,2026-09-29,1.0
2026-09-29,60,XLRE,rates,2,0.4502987813210581,0.4502987813210581,0.4311018462492455,0.4694957163928708,2026-09-29,2026-09-29,1.0
2026-09-29,60,XLRE,credit,2,0.3866792185021189,0.3866792185021189,0.3787193776301688,0.3946390593740691,2026-09-29,2026-09-29,1.0
2026-09-29,60,XLRE,commodities,2,-0.1200171540969082,-0.1200171540969082,-0.3210036814287933,0.0809693732349768,2026-09-29,2026-09-29,1.0
2026-09-29,60,XLRE,fx,2,-0.0957708669441148,-0.0957708669441148,-0.1131269841877227,-0.0784147497005069,2026-09-29,2026-09-29,1.0
2026-09-29,60,XLRE,volatility,1,-0.0626299842197282,-0.0626299842197282,-0.0626299842197282,-0.0626299842197282,2026-09-29,2026-09-29,1.0
2026-09-29,60,XLC,equity,3,0.2974695114510779,0.2611972132628568,0.2082221228644033,0.4229891982259735,2026-09-29,2026-09-29,1.0
2026-09-29,60,XLC,rates,2,0.2842618501298111,0.2842618501298111,0.2833853035745589,0.2851383966850632,2026-09-29,2026-09-29,1.0
2026-09-29,60,XLC,credit,2,0.3268368778387723,0.3268368778387723,0.2975710397049787,0.3561027159725659,2026-09-29,2026-09-29,1.0
2026-09-29,60,XLC,commodities,2,-0.2088996764718982,-0.2088996764718982,-0.3763634312635326,-0.0414359216802639,2026-09-29,2026-09-29,1.0
2026-09-29,60,XLC,fx,2,-0.0241037169507225,-0.0241037169507225,-0.0653755547407952,0.01716812083935,2026-09-29,2026-09-29,1.0
2026-09-29,60,XLC,volatility,1,-0.1258645382580524,-0.1258645382580524,-0.1258645382580524,-0.1258645382580524,2026-09-29,2026-09-29,1.0
2026-09-30,20,XLK,equity,3,0.8294133989410337,0.8701320991942016,0.6693416723531764,0.9487664252757227,2026-09-30,2026-09-30,0.998148148148148
2026-09-30,20,XLK,rates,2,0.6725334890857793,0.6725334890857793,0.6686062485063499,0.6764607296652088,2026-09-30,2026-09-30,0.998148148148148
2026-09-30,20,XLK,credit,2,0.6862596470716646,0.6862596470716646,0.6605315208536844,0.7119877732896449,2026-09-30,2026-09-30,0.998148148148148
2026-09-30,20,XLK,commodities,2,-0.0100557398949772,-0.0100557398949772,-0.5705520051603086,0.5504405253703542,2026-09-30,2026-09-30,0.998148148148148
2026-09-30,20,XLK,fx,2,-0.2683539323315815,-0.2683539323315815,-0.4617624423357356,-0.0749454223274274,2026-09-30,2026-09-30,0.998148148148148
2026-09-30,20,XLK,volatility,1,-0.7568976515167871,-0.7568976515167871,-0.7568976515167871,-0.7568976515167871,2026-09-30,2026-09-30,0.998148148148148
2026-09-30,20,XLF,equity,3,0.4288196585079104,0.3903029852393763,0.2476086447916336,0.6485473454927212,2026-09-30,2026-09-30,0.998148148148148
2026-09-30,20,XLF,rates,2,0.2007940461631321,0.2007940461631321,0.1744503064296387,0.2271377858966256,2026-09-30,2026-09-30,0.998148148148148
2026-09-30,20,XLF,credit,2,0.2100733175006088,0.2100733175006088,0.1773040724147261,0.2428425625864914,2026-09-30,2026-09-30,0.998148148148148
2026-09-30,20,XLF,commodities,2,0.2188920165876922,0.2188920165876922,0.0012241171826976,0.4365599159926867,2026-09-30,2026-09-30,0.998148148148148
2026-09-30,20,XLF,fx,2,-0.3801568347412182,-0.3801568347412182,-0.6674382113360866,-0.0928754581463497,2026-09-30,2026-09-30,0.998148148148148
2026-09-30,20,XLF,volatility,1,-0.4091310394367544,-0.4091310394367544,-0.4091310394367544,-0.4091310394367544,2026-09-30,2026-09-30,0.998148148148148
2026-09-30,20,XLV,equity,3,0.3232331857045878,0.3501604221110705,0.238877572580974,0.3806615624217191,2026-09-30,2026-09-30,0.998148148148148
2026-09-30,20,XLV,rates,2,0.3829397918347358,0.3829397918347358,0.3719242899886533,0.3939552936808184,2026-09-30,2026-09-30,0.998148148148148
2026-09-30,20,XLV,credit,2,0.3821192291308305,0.3821192291308305,0.3460680847095743,0.4181703735520867,2026-09-30,2026-09-30,0.998148148148148
2026-09-30,20,XLV,commodities,2,-0.1170616686886921,-0.1170616686886921,-0.256985191905331,0.0228618545279467,2026-09-30,2026-09-30,0.998148148148148
2026-09-30,20,XLV,fx,2,-0.1890814535044904,-0.1890814535044904,-0.3201580247784355,-0.0580048822305453,2026-09-30,2026-09-30,0.998148148148148
2026-09-30,20,XLV,volatility,1,-0.1170163541529032,-0.1170163541529032,-0.1170163541529032,-0.1170163541529032,2026-09-30,2026-09-30,0.998148148148148
2026-09-30,20,XLE,equity,3,-0.3297641859338118,-0.3652000601350557,-0.3959390776175128,-0.2281534200488667,2026-09-30,2026-09-30,0.998148148148148
2026-09-30,20,XLE,rates,2,-0.3429396043751631,-0.3429396043751631,-0.3626433994503028,-0.3232358093000234,2026-09-30,2026-09-30,0.998148148148148
2026-09-30,20,XLE,credit,2,-0.3398818650077209,-0.3398818650077209,-0.3658817531995623,-0.3138819768158795,2026-09-30,2026-09-30,0.998148148148148
2026-09-30,20,XLE,commodities,2,0.3542682004633893,0.3542682004633893,0.0808337867079482,0.6277026142188303,2026-09-30,2026-09-30,0.998148148148148
2026-09-30,20,XLE,fx,2,-0.3244002727253435,-0.3244002727253435,-0.45886696354263,-0.1899335819080569,2026-09-30,2026-09-30,0.998148148148148
2026-09-30,20,XLE,volatility,1,-0.0816187450985743,-0.0816187450985743,-0.0816187450985743,-0.0816187450985743,2026-09-30,2026-09-30,0.998148148148148
2026-09-30,20,XLY,equity,3,0.8097715456976906,0.7976907849726382,0.7413660109815869,0.8902578411388467,2026-09-30,2026-09-30,0.998148148148148
2026-09-30,20,XLY,rates,2,0.6052937241894498,0.6052937241894498,0.5949288249028453,0.6156586234760544,2026-09-30,2026-09-30,0.998148148148148
2026-09-30,20,XLY,credit,2,0.6328166858112945,0.6328166858112945,0.574951632127915,0.690681739494674,2026-09-30,2026-09-30,0.998148148148148
2026-09-30,20,XLY,commodities,2,0.0001588094462204,0.0001588094462204,-0.5138368311977849,0.5141544500902259,2026-09-30,2026-09-30,0.998148148148148
2026-09-30,20,XLY,fx,2,-0.3497230204866982,-0.3497230204866982,-0.488867579281386,-0.2105784616920104,2026-09-30,2026-09-30,0.998148148148148
2026-09-30,20,XLY,volatility,1,-0.6517050624641847,-0.6517050624641847,-0.6517050624641847,-0.6517050624641847,2026-09-30,2026-09-30,0.998148148148148
2026-09-30,20,XLP,equity,3,0.1475111140349384,0.1356545857383491,-0.0073906599074191,0.3142694162738852,2026-09-30,2026-09-30,0.998148148148148
2026-09-30,20,XLP,rates,2,0.2366789999057611,0.2366789999057611,0.2006021513829321,0.2727558484285901,2026-09-30,2026-09-30,0.998148148148148
2026-09-30,20,XLP,credit,2,0.1641375987344527,0.1641375987344527,0.1463529861418233,0.1819222113270822,2026-09-30,2026-09-30,0.998148148148148
2026-09-30,20,XLP,commodities,2,-0.2007229633349113,-0.2007229633349113,-0.2365213426768977,-0.1649245839929248,2026-09-30,2026-09-30,0.998148148148148
2026-09-30,20,XLP,fx,2,0.0137275937637219,0.0137275937637219,-0.0023095742798412,0.0297647618072851,2026-09-30,2026-09-30,0.998148148148148
2026-09-30,20,XLP,volatility,1,-0.1534242009829303,-0.1534242009829303,-0.1534242009829303,-0.1534242009829303,2026-09-30,2026-09-30,0.998148148148148
2026-09-30,20,XLI,equity,3,0.6174060734690209,0.608890127955824,0.5856276725128705,0.6577004199383683,2026-09-30,2026-09-30,0.998148148148148
2026-09-30,20,XLI,rates,2,0.4010988047450819,0.4010988047450819,0.3884021814277721,0.4137954280623919,2026-09-30,2026-09-30,0.998148148148148
2026-09-30,20,XLI,credit,2,0.3827380401134328,0.3827380401134328,0.361502411121457,0.4039736691054086,2026-09-30,2026-09-30,0.998148148148148
2026-09-30,20,XLI,commodities,2,-0.0724348699934371,-0.0724348699934371,-0.6122718333407248,0.4674020933538506,2026-09-30,2026-09-30,0.998148148148148
2026-09-30,20,XLI,fx,2,-0.1223506199790379,-0.1223506199790379,-0.4142579364107632,0.1695566964526872,2026-09-30,2026-09-30,0.998148148148148
2026-09-30,20,XLI,volatility,1,-0.715120226637613,-0.715120226637613,-0.715120226637613,-0.715120226637613,2026-09-30,2026-09-30,0.998148148148148
2026-09-30,20,XLB,equity,3,0.4320020096308108,0.394585034505574,0.372568100541349,0.5288528938455095,2026-09-30,2026-09-30,0.998148148148148
2026-09-30,20,XLB,rates,2,0.5252637272860725,0.5252637272860725,0.5186893655020081,0.531838089070137,2026-09-30,2026-09-30,0.998148148148148
2026-09-30,20,XLB,credit,2,0.4769931526414614,0.4769931526414614,0.4550024665239074,0.4989838387590155,2026-09-30,2026-09-30,0.998148148148148
2026-09-30,20,XLB,commodities,2,-0.0534934269282851,-0.0534934269282851,-0.384658419112054,0.2776715652554838,2026-09-30,2026-09-30,0.998148148148148
2026-09-30,20,XLB,fx,2,-0.1970206463661092,-0.1970206463661092,-0.2451243897587347,-0.1489169029734837,2026-09-30,2026-09-30,0.998148148148148
2026-09-30,20,XLB,volatility,1,-0.5855337265822764,-0.5855337265822764,-0.5855337265822764,-0.5855337265822764,2026-09-30,2026-09-30,0.998148148148148
2026-09-30,20,XLU,equity,3,0.5685952205088111,0.5269116639828578,0.5197269047594119,0.6591470927841636,2026-09-30,2026-09-30,0.998148148148148
2026-09-30,20,XLU,rates,2,0.658399827113016,0.658399827113016,0.6082829056226127,0.7085167486034194,2026-09-30,2026-09-30,0.998148148148148
2026-09-30,20,XLU,credit,2,0.6563238174406512,0.6563238174406512,0.6523287615752089,0.6603188733060935,2026-09-30,2026-09-30,0.998148148148148
2026-09-30,20,XLU,commodities,2,-0.0559167164057913,-0.0559167164057913,-0.6215690623316668,0.5097356295200841,2026-09-30,2026-09-30,0.998148148148148
2026-09-30,20,XLU,fx,2,-0.2233075656079497,-0.2233075656079497,-0.4554726918844429,0.0088575606685435,2026-09-30,2026-09-30,0.998148148148148
2026-09-30,20,XLU,volatility,1,-0.5670363662064398,-0.5670363662064398,-0.5670363662064398,-0.5670363662064398,2026-09-30,2026-09-30,0.998148148148148
2026-09-30,20,XLRE,equity,3,0.7659058126820852,0.756530167614853,0.7102866676333855,0.8309006027980168,2026-09-30,2026-09-30,0.998148148148148
2026-09-30,20,XLRE,rates,2,0.6492365304295815,0.6492365304295815,0.6489534170335957,0.6495196438255673,2026-09-30,2026-09-30,0.998148148148148
2026-09-30,20,XLRE,credit,2,0.6630627750726859,0.6630627750726859,0.6320663377962314,0.6940592123491404,2026-09-30,2026-09-30,0.998148148148148
2026-09-30,20,XLRE,commodities,2,-0.0101591828730127,-0.0101591828730127,-0.4724223934324457,0.4521040276864203,2026-09-30,2026-09-30,0.998148148148148
2026-09-30,20,XLRE,fx,2,-0.3272232524507541,-0.3272232524507541,-0.4902808168968006,-0.1641656880047076,2026-09-30,2026-09-30,0.998148148148148
2026-09-30,20,XLRE,volatility,1,-0.632537172176964,-0.632537172176964,-0.632537172176964,-0.632537172176964,2026-09-30,2026-09-30,0.998148148148148
2026-09-30,20,XLC,equity,3,0.4084066150577732,0.4220247978526347,0.3066090211118777,0.4965860262088074,2026-09-30,2026-09-30,0.998148148148148
2026-09-30,20,XLC,rates,2,0.2329729368922526,0.2329729368922526,0.2209744047247583,0.2449714690597469,2026-09-30,2026-09-30,0.998148148148148
2026-09-30,20,XLC,credit,2,0.2451727393390246,0.2451727393390246,0.2092628191592874,0.2810826595187617,2026-09-30,2026-09-30,0.998148148148148
2026-09-30,20,XLC,commodities,2,-0.0355500346746211,-0.0355500346746211,-0.0977665405204115,0.0266664711711692,2026-09-30,2026-09-30,0.998148148148148
2026-09-30,20,XLC,fx,2,-0.0442342867448843,-0.0442342867448843,-0.0969458481507623,0.0084772746609935,2026-09-30,2026-09-30,0.998148148148148
2026-09-30,20,XLC,volatility,1,0.0474430289798421,0.0474430289798421,0.0474430289798421,0.0474430289798421,2026-09-30,2026-09-30,0.998148148148148
2026-09-30,60,XLK,equity,3,0.8077781755228332,0.7952567952969258,0.6830554900577115,0.945022241213862,2026-09-30,2026-09-30,0.998148148148148
2026-09-30,60,XLK,rates,2,0.2949615198487408,0.2949615198487408,0.2557929107816116,0.3341301289158701,2026-09-30,2026-09-30,0.998148148148148
2026-09-30,60,XLK,credit,2,0.4369765202465397,0.4369765202465397,0.3761550971719576,0.4977979433211217,2026-09-30,2026-09-30,0.998148148148148
2026-09-30,60,XLK,commodities,2,0.0041230159267025,0.0041230159267025,-0.3714030507647707,0.3796490826181758,2026-09-30,2026-09-30,0.998148148148148
2026-09-30,60,XLK,fx,2,-0.1501379297928725,-0.1501379297928725,-0.2501395064327444,-0.0501363531530005,2026-09-30,2026-09-30,0.998148148148148
2026-09-30,60,XLK,volatility,1,-0.610974403837399,-0.610974403837399,-0.610974403837399,-0.610974403837399,2026-09-30,2026-09-30,0.998148148148148
2026-09-30,60,XLF,equity,3,0.4016573265715761,0.4090235616226741,0.2512762788268784,0.5446721392651757,2026-09-30,2026-09-30,0.998148148148148
2026-09-30,60,XLF,rates,2,0.390146412727435,0.390146412727435,0.3865004779138721,0.3937923475409979,2026-09-30,2026-09-30,0.998148148148148
2026-09-30,60,XLF,credit,2,0.4019529986937937,0.4019529986937937,0.3716964925975797,0.4322095047900077,2026-09-30,2026-09-30,0.998148148148148
2026-09-30,60,XLF,commodities,2,-0.1198367563478859,-0.1198367563478859,-0.3849340430712267,0.1452605303754548,2026-09-30,2026-09-30,0.998148148148148
2026-09-30,60,XLF,fx,2,-0.1042882349968116,-0.1042882349968116,-0.191994538634977,-0.0165819313586461,2026-09-30,2026-09-30,0.998148148148148
2026-09-30,60,XLF,volatility,1,-0.3706530306032233,-0.3706530306032233,-0.3706530306032233,-0.3706530306032233,2026-09-30,2026-09-30,0.998148148148148
2026-09-30,60,XLV,equity,3,-0.0495905197198029,-0.0214687734599117,-0.245890937577507,0.1185881518780099,2026-09-30,2026-09-30,0.998148148148148
2026-09-30,60,XLV,rates,2,0.3300840809933114,0.3300840809933114,0.2701485364883007,0.3900196254983221,2026-09-30,2026-09-30,0.998148148148148
2026-09-30,60,XLV,credit,2,0.1886808388126696,0.1886808388126696,0.1297962174790607,0.2475654601462785,2026-09-30,2026-09-30,0.998148148148148
2026-09-30,60,XLV,commodities,2,-0.0216539312664534,-0.0216539312664534,-0.1249585291310629,0.0816506665981559,2026-09-30,2026-09-30,0.998148148148148
2026-09-30,60,XLV,fx,2,-0.0839637531965508,-0.0839637531965508,-0.136064474850724,-0.0318630315423776,2026-09-30,2026-09-30,0.998148148148148
2026-09-30,60,XLV,volatility,1,0.0590227814023739,0.0590227814023739,0.0590227814023739,0.0590227814023739,2026-09-30,2026-09-30,0.998148148148148
2026-09-30,60,XLE,equity,3,-0.3498497845333743,-0.3369097911433373,-0.3792224093151236,-0.3334171531416618,2026-09-30,2026-09-30,0.998148148148148
2026-09-30,60,XLE,rates,2,-0.4480614578485994,-0.4480614578485994,-0.458974023472072,-0.4371488922251269,2026-09-30,2026-09-30,0.998148148148148
2026-09-30,60,XLE,credit,2,-0.4026650087094625,-0.4026650087094625,-0.4478871982634113,-0.3574428191555137,2026-09-30,2026-09-30,0.998148148148148
2026-09-30,60,XLE,commodities,2,0.2822098518483409,0.2822098518483409,-0.1661049417702474,0.7305246454669293,2026-09-30,2026-09-30,0.998148148148148
2026-09-30,60,XLE,fx,2,-0.0014667640226535,-0.0014667640226535,-0.0182574037329497,0.0153238756876427,2026-09-30,2026-09-30,0.998148148148148
2026-09-30,60,XLE,volatility,1,0.2104995170576148,0.2104995170576148,0.2104995170576148,0.2104995170576148,2026-09-30,2026-09-30,0.998148148148148
2026-09-30,60,XLY,equity,3,0.530925053027859,0.4797857395373129,0.4499804314465691,0.6630089880996948,2026-09-30,2026-09-30,0.998148148148148
2026-09-30,60,XLY,rates,2,0.4297504373465242,0.4297504373465242,0.4189822537219919,0.4405186209710565,2026-09-30,2026-09-30,0.998148148148148
2026-09-30,60,XLY,credit,2,0.5386778839460402,0.5386778839460402,0.4733697920350223,0.603985975857058,2026-09-30,2026-09-30,0.998148148148148
2026-09-30,60,XLY,commodities,2,-0.1249941483780058,-0.1249941483780058,-0.5466699200800029,0.2966816233239912,2026-09-30,2026-09-30,0.998148148148148
2026-09-30,60,XLY,fx,2,-0.1779769983575199,-0.1779769983575199,-0.3932489120646694,0.0372949153496294,2026-09-30,2026-09-30,0.998148148148148
2026-09-30,60,XLY,volatility,1,-0.577239169733231,-0.577239169733231,-0.577239169733231,-0.577239169733231,2026-09-30,2026-09-30,0.998148148148148
2026-09-30,60,XLP,equity,3,-0.1330877355776165,-0.0581922493075184,-0.3221907178769673,-0.0188802395483639,2026-09-30,2026-09-30,0.998148148148148
2026-09-30,60,XLP,rates,2,0.2631399166778316,0.2631399166778316,0.2193175874771473,0.3069622458785158,2026-09-30,2026-09-30,0.998148148148148
2026-09-30,60,XLP,credit,2,0.1681636112503964,0.1681636112503964,0.1362871732259733,0.2000400492748196,2026-09-30,2026-09-30,0.998148148148148
2026-09-30,60,XLP,commodities,2,-0.2279291094480071,-0.2279291094480071,-0.2787729871197438,-0.1770852317762704,2026-09-30,2026-09-30,0.998148148148148
2026-09-30,60,XLP,fx,2,-0.0208055336853347,-0.0208055336853347,-0.1222146008427934,0.0806035334721238,2026-09-30,2026-09-30,0.998148148148148
2026-09-30,60,XLP,volatility,1,0.1177730303103819,0.1177730303103819,0.1177730303103819,0.1177730303103819,2026-09-30,2026-09-30,0.998148148148148
2026-09-30,60,XLI,equity,3,0.5925313687383168,0.6097360734170982,0.538552409772151,0.6293056230257009,2026-09-30,2026-09-30,0.998148148148148
2026-09-30,60,XLI,rates,2,0.3207784288087078,0.3207784288087078,0.3146476649445547,0.3269091926728609,2026-09-30,2026-09-30,0.998148148148148
2026-09-30,60,XLI,credit,2,0.3372197274321985,0.3372197274321985,0.3227241102520463,0.3517153446123508,2026-09-30,2026-09-30,0.998148148148148
2026-09-30,60,XLI,commodities,2,-0.1504074902605141,-0.1504074902605141,-0.4815964933807086,0.1807815128596804,2026-09-30,2026-09-30,0.998148148148148
2026-09-30,60,XLI,fx,2,0.0052637461431596,0.0052637461431596,-0.0512732387385192,0.0618007310248385,2026-09-30,2026-09-30,0.998148148148148
2026-09-30,60,XLI,volatility,1,-0.4564347903239299,-0.4564347903239299,-0.4564347903239299,-0.4564347903239299,2026-09-30,2026-09-30,0.998148148148148
2026-09-30,60,XLB,equity,3,0.3440372525773149,0.3651814784682815,0.1940751844356562,0.4728550948280069,2026-09-30,2026-09-30,0.998148148148148
2026-09-30,60,XLB,rates,2,0.4596027321688176,0.4596027321688176,0.4493940330678908,0.4698114312697443,2026-09-30,2026-09-30,0.998148148148148
2026-09-30,60,XLB,credit,2,0.4134042283556005,0.4134042283556005,0.4127392525794118,0.4140692041317892,2026-09-30,2026-09-30,0.998148148148148
2026-09-30,60,XLB,commodities,2,-0.0051461102381349,-0.0051461102381349,-0.413642877199963,0.4033506567236932,2026-09-30,2026-09-30,0.998148148148148
2026-09-30,60,XLB,fx,2,-0.1761294349372455,-0.1761294349372455,-0.2031152826287125,-0.1491435872457785,2026-09-30,2026-09-30,0.998148148148148
2026-09-30,60,XLB,volatility,1,-0.3285609660855865,-0.3285609660855865,-0.3285609660855865,-0.3285609660855865,2026-09-30,2026-09-30,0.998148148148148
2026-09-30,60,XLU,equity,3,0.1103623520712129,0.1110152283064912,0.0440322382686485,0.1760395896384991,2026-09-30,2026-09-30,0.998148148148148
2026-09-30,60,XLU,rates,2,0.3509449260130257,0.3509449260130257,0.344815075067184,0.3570747769588675,2026-09-30,2026-09-30,0.998148148148148
2026-09-30,60,XLU,credit,2,0.2705714540719439,0.2705714540719439,0.2407562588176012,0.3003866493262866,2026-09-30,2026-09-30,0.998148148148148
2026-09-30,60,XLU,commodities,2,-0.0453425400176312,-0.0453425400176312,-0.1192122132330502,0.0285271331977878,2026-09-30,2026-09-30,0.998148148148148
2026-09-30,60,XLU,fx,2,-0.0691147383463719,-0.0691147383463719,-0.0997586734367241,-0.0384708032560197,2026-09-30,2026-09-30,0.998148148148148
2026-09-30,60,XLU,volatility,1,-0.1131866078820109,-0.1131866078820109,-0.1131866078820109,-0.1131866078820109,2026-09-30,2026-09-30,0.998148148148148
2026-09-30,60,XLRE,equity,3,0.1460552835449592,0.2107979019448881,-0.0082242174751507,0.2355921661651404,2026-09-30,2026-09-30,0.998148148148148
2026-09-30,60,XLRE,rates,2,0.4594499391107656,0.4594499391107656,0.4475829777576764,0.4713169004638549,2026-09-30,2026-09-30,0.998148148148148
2026-09-30,60,XLRE,credit,2,0.393212264187095,0.393212264187095,0.3862887594826401,0.4001357688915498,2026-09-30,2026-09-30,0.998148148148148
2026-09-30,60,XLRE,commodities,2,-0.1191640702903839,-0.1191640702903839,-0.3099995865306701,0.0716714459499022,2026-09-30,2026-09-30,0.998148148148148
2026-09-30,60,XLRE,fx,2,-0.1163703782152718,-0.1163703782152718,-0.1324400920834904,-0.1003006643470531,2026-09-30,2026-09-30,0.998148148148148
2026-09-30,60,XLRE,volatility,1,-0.0455600268152124,-0.0455600268152124,-0.0455600268152124,-0.0455600268152124,2026-09-30,2026-09-30,0.998148148148148
2026-09-30,60,XLC,equity,3,0.2938269480729481,0.2491381097602087,0.2124314563794306,0.4199112780792051,2026-09-30,2026-09-30,0.998148148148148
2026-09-30,60,XLC,rates,2,0.2840375217383105,0.2840375217383105,0.2818521952606198,0.2862228482160012,2026-09-30,2026-09-30,0.998148148148148
2026-09-30,60,XLC,credit,2,0.3256958661772868,0.3256958661772868,0.2966439041107304,0.3547478282438432,2026-09-30,2026-09-30,0.998148148148148
2026-09-30,60,XLC,commodities,2,-0.2094884512702243,-0.2094884512702243,-0.3690198041341591,-0.0499570984062896,2026-09-30,2026-09-30,0.998148148148148
2026-09-30,60,XLC,fx,2,-0.0365460758604625,-0.0365460758604625,-0.0821819931617677,0.0090898414408426,2026-09-30,2026-09-30,0.998148148148148
2026-09-30,60,XLC,volatility,1,-0.1157021772326588,-0.1157021772326588,-0.1157021772326588,-0.1157021772326588,2026-09-30,2026-09-30,0.998148148148148
2026-10-01,20,XLK,equity,3,0.8252622292273344,0.8730271273939316,0.66325533948905,0.9395042207990216,2026-10-01,2026-10-01,1.0
2026-10-01,20,XLK,rates,2,0.6708996627497109,0.6708996627497109,0.6682911412827223,0.6735081842166996,2026-10-01,2026-10-01,1.0
2026-10-01,20,XLK,credit,2,0.682516723992171,0.682516723992171,0.6591620689043141,0.7058713790800278,2026-10-01,2026-10-01,1.0
2026-10-01,20,XLK,commodities,2,-0.0001145637607469,-0.0001145637607469,-0.5345383900735954,0.5343092625521014,2026-10-01,2026-10-01,1.0
2026-10-01,20,XLK,fx,2,-0.2059778821668835,-0.2059778821668835,-0.3295672324704486,-0.0823885318633184,2026-10-01,2026-10-01,1.0
2026-10-01,20,XLK,volatility,1,-0.737716160990583,-0.737716160990583,-0.737716160990583,-0.737716160990583,2026-10-01,2026-10-01,1.0
2026-10-01,20,XLF,equity,3,0.3601045761853504,0.3245499166040177,0.1768616746096743,0.5789021373423594,2026-10-01,2026-10-01,1.0
2026-10-01,20,XLF,rates,2,0.1727232596962795,0.1727232596962795,0.140207844323895,0.2052386750686641,2026-10-01,2026-10-01,1.0
2026-10-01,20,XLF,credit,2,0.1471433801341281,0.1471433801341281,0.1399008947619938,0.1543858655062624,2026-10-01,2026-10-01,1.0
2026-10-01,20,XLF,commodities,2,0.1678799554709752,0.1678799554709752,0.0104088815952121,0.3253510293467382,2026-10-01,2026-10-01,1.0
2026-10-01,20,XLF,fx,2,-0.2500269086315891,-0.2500269086315891,-0.3661107885106728,-0.1339430287525055,2026-10-01,2026-10-01,1.0
2026-10-01,20,XLF,volatility,1,-0.3537711516637164,-0.3537711516637164,-0.3537711516637164,-0.3537711516637164,2026-10-01,2026-10-01,1.0
2026-10-01,20,XLV,equity,3,0.2405471620547471,0.232030312521941,0.2001890893224791,0.2894220843198214,2026-10-01,2026-10-01,1.0
2026-10-01,20,XLV,rates,2,0.2292997521759779,0.2292997521759779,0.2192922648904249,0.239307239461531,2026-10-01,2026-10-01,1.0
2026-10-01,20,XLV,credit,2,0.2513389943547348,0.2513389943547348,0.2026533643552527,0.3000246243542169,2026-10-01,2026-10-01,1.0
2026-10-01,20,XLV,commodities,2,-0.1928029231453044,-0.1928029231453044,-0.3281141927841335,-0.0574916535064753,2026-10-01,2026-10-01,1.0
2026-10-01,20,XLV,fx,2,-0.2471763556975254,-0.2471763556975254,-0.2960430324099874,-0.1983096789850634,2026-10-01,2026-10-01,1.0
2026-10-01,20,XLV,volatility,1,-0.0977299796291021,-0.0977299796291021,-0.0977299796291021,-0.0977299796291021,2026-10-01,2026-10-01,1.0
2026-10-01,20,XLE,equity,3,-0.2396429928311804,-0.2424027342903263,-0.3142412086688276,-0.1622850355343873,2026-10-01,2026-10-01,1.0
2026-10-01,20,XLE,rates,2,-0.1920555890086572,-0.1920555890086572,-0.2292113264492375,-0.154899851568077,2026-10-01,2026-10-01,1.0
2026-10-01,20,XLE,credit,2,-0.2095062952728755,-0.2095062952728755,-0.2473271900469864,-0.1716854004987646,2026-10-01,2026-10-01,1.0
2026-10-01,20,XLE,commodities,2,0.4127795513079949,0.4127795513079949,0.1661525470268881,0.6594065555891018,2026-10-01,2026-10-01,1.0
2026-10-01,20,XLE,fx,2,-0.247443408029984,-0.247443408029984,-0.4152074427928826,-0.0796793732670853,2026-10-01,2026-10-01,1.0
2026-10-01,20,XLE,volatility,1,-0.0927862682481278,-0.0927862682481278,-0.0927862682481278,-0.0927862682481278,2026-10-01,2026-10-01,1.0
2026-10-01,20,XLY,equity,3,0.7954628040880246,0.7926330849338786,0.720682486448403,0.8730728408817919,2026-10-01,2026-10-01,1.0
2026-10-01,20,XLY,rates,2,0.5971582838423286,0.5971582838423286,0.5911274037595449,0.6031891639251122,2026-10-01,2026-10-01,1.0
2026-10-01,20,XLY,credit,2,0.6151116496409452,0.6151116496409452,0.5636559507096803,0.6665673485722101,2026-10-01,2026-10-01,1.0
2026-10-01,20,XLY,commodities,2,-0.0573470830164409,-0.0573470830164409,-0.5518699767941472,0.4371758107612652,2026-10-01,2026-10-01,1.0
2026-10-01,20,XLY,fx,2,-0.254411152576886,-0.254411152576886,-0.2614723558108542,-0.2473499493429178,2026-10-01,2026-10-01,1.0
2026-10-01,20,XLY,volatility,1,-0.6324902974174862,-0.6324902974174862,-0.6324902974174862,-0.6324902974174862,2026-10-01,2026-10-01,1.0
2026-10-01,20,XLP,equity,3,0.1535095050314552,0.1513553934957742,-0.0033491896995245,0.312522311298116,2026-10-01,2026-10-01,1.0
2026-10-01,20,XLP,rates,2,0.2288187379749194,0.2288187379749194,0.1902633886705891,0.2673740872792498,2026-10-01,2026-10-01,1.0
2026-10-01,20,XLP,credit,2,0.1634012987776228,0.1634012987776228,0.1411706593619048,0.1856319381933408,2026-10-01,2026-10-01,1.0
2026-10-01,20,XLP,commodities,2,-0.2030384090213962,-0.2030384090213962,-0.2355277779578685,-0.1705490400849239,2026-10-01,2026-10-01,1.0
2026-10-01,20,XLP,fx,2,0.0030487339783419,0.0030487339783419,-0.0016501954351964,0.0077476633918803,2026-10-01,2026-10-01,1.0
2026-10-01,20,XLP,volatility,1,-0.1614443088480627,-0.1614443088480627,-0.1614443088480627,-0.1614443088480627,2026-10-01,2026-10-01,1.0
2026-10-01,20,XLI,equity,3,0.5777530174434397,0.5855872647846323,0.5532067817330516,0.5944650058126353,2026-10-01,2026-10-01,1.0
2026-10-01,20,XLI,rates,2,0.4244838325575216,0.4244838325575216,0.4201996687693511,0.4287679963456922,2026-10-01,2026-10-01,1.0
2026-10-01,20,XLI,credit,2,0.3813607827058226,0.3813607827058226,0.3805427125149456,0.3821788528966995,2026-10-01,2026-10-01,1.0
2026-10-01,20,XLI,commodities,2,-0.061318246857987,-0.061318246857987,-0.535239800104292,0.4126033063883177,2026-10-01,2026-10-01,1.0
2026-10-01,20,XLI,fx,2,0.0384930100760125,0.0384930100760125,-0.0816386266009798,0.1586246467530049,2026-10-01,2026-10-01,1.0
2026-10-01,20,XLI,volatility,1,-0.6577129682707717,-0.6577129682707717,-0.6577129682707717,-0.6577129682707717,2026-10-01,2026-10-01,1.0
2026-10-01,20,XLB,equity,3,0.4686558659818431,0.4302727183893152,0.424324015452755,0.5513708641034591,2026-10-01,2026-10-01,1.0
2026-10-01,20,XLB,rates,2,0.5312957537980894,0.5312957537980894,0.528961777604682,0.5336297299914968,2026-10-01,2026-10-01,1.0
2026-10-01,20,XLB,credit,2,0.4971193867731199,0.4971193867731199,0.4857990419163904,0.5084397316298495,2026-10-01,2026-10-01,1.0
2026-10-01,20,XLB,commodities,2,-0.0220104742013958,-0.0220104742013958,-0.3688530065640967,0.3248320581613049,2026-10-01,2026-10-01,1.0
2026-10-01,20,XLB,fx,2,-0.2312650007613642,-0.2312650007613642,-0.2430852186134026,-0.2194447829093259,2026-10-01,2026-10-01,1.0
2026-10-01,20,XLB,volatility,1,-0.6167794362527345,-0.6167794362527345,-0.6167794362527345,-0.6167794362527345,2026-10-01,2026-10-01,1.0
2026-10-01,20,XLU,equity,3,0.5259731833807271,0.465693931027598,0.4541724395068004,0.658053179607783,2026-10-01,2026-10-01,1.0
2026-10-01,20,XLU,rates,2,0.6768522708375799,0.6768522708375799,0.6224583126100469,0.7312462290651128,2026-10-01,2026-10-01,1.0
2026-10-01,20,XLU,credit,2,0.6564486837688638,0.6564486837688638,0.6366524155559319,0.6762449519817957,2026-10-01,2026-10-01,1.0
2026-10-01,20,XLU,commodities,2,-0.0547223807407823,-0.0547223807407823,-0.5646695183966808,0.4552247569151161,2026-10-01,2026-10-01,1.0
2026-10-01,20,XLU,fx,2,-0.071878155293096,-0.071878155293096,-0.1402714474276057,-0.0034848631585863,2026-10-01,2026-10-01,1.0
2026-10-01,20,XLU,volatility,1,-0.5122372456319056,-0.5122372456319056,-0.5122372456319056,-0.5122372456319056,2026-10-01,2026-10-01,1.0
2026-10-01,20,XLRE,equity,3,0.7390929622466021,0.7171024967277754,0.7037218385663883,0.7964545514456425,2026-10-01,2026-10-01,1.0
2026-10-01,20,XLRE,rates,2,0.6267370821288794,0.6267370821288794,0.6152391608992543,0.6382350033585042,2026-10-01,2026-10-01,1.0
2026-10-01,20,XLRE,credit,2,0.6311592936668534,0.6311592936668534,0.6076036409545736,0.6547149463791332,2026-10-01,2026-10-01,1.0
2026-10-01,20,XLRE,commodities,2,-0.1222400323163609,-0.1222400323163609,-0.5719183075817916,0.3274382429490698,2026-10-01,2026-10-01,1.0
2026-10-01,20,XLRE,fx,2,-0.2395318295403118,-0.2395318295403118,-0.2681172651975805,-0.210946393883043,2026-10-01,2026-10-01,1.0
2026-10-01,20,XLRE,volatility,1,-0.6217316748916913,-0.6217316748916913,-0.6217316748916913,-0.6217316748916913,2026-10-01,2026-10-01,1.0
2026-10-01,20,XLC,equity,3,0.3639296624695887,0.3945227639809238,0.2350072396096625,0.4622589838181797,2026-10-01,2026-10-01,1.0
2026-10-01,20,XLC,rates,2,0.1688039065964343,0.1688039065964343,0.1485660557199886,0.1890417574728799,2026-10-01,2026-10-01,1.0
2026-10-01,20,XLC,credit,2,0.1843952975204341,0.1843952975204341,0.1470839095757944,0.2217066854650738,2026-10-01,2026-10-01,1.0
2026-10-01,20,XLC,commodities,2,-0.0928778371816204,-0.0928778371816204,-0.1363556359567825,-0.0494000384064582,2026-10-01,2026-10-01,1.0
2026-10-01,20,XLC,fx,2,-0.0231936715521984,-0.0231936715521984,-0.1035790146577993,0.0571916715534024,2026-10-01,2026-10-01,1.0
2026-10-01,20,XLC,volatility,1,0.0813534127198088,0.0813534127198088,0.0813534127198088,0.0813534127198088,2026-10-01,2026-10-01,1.0
2026-10-01,60,XLK,equity,3,0.8022081801782406,0.7896476037300247,0.6744550190593566,0.9425219177453402,2026-10-01,2026-10-01,1.0
2026-10-01,60,XLK,rates,2,0.2921212654851363,0.2921212654851363,0.255145140723567,0.3290973902467056,2026-10-01,2026-10-01,1.0
2026-10-01,60,XLK,credit,2,0.4366832256094036,0.4366832256094036,0.380444463601307,0.4929219876175001,2026-10-01,2026-10-01,1.0
2026-10-01,60,XLK,commodities,2,0.0134404039429573,0.0134404039429573,-0.3476098731995328,0.3744906810854475,2026-10-01,2026-10-01,1.0
2026-10-01,60,XLK,fx,2,-0.1426650154125029,-0.1426650154125029,-0.2170515901266598,-0.0682784406983461,2026-10-01,2026-10-01,1.0
2026-10-01,60,XLK,volatility,1,-0.6010855607109841,-0.6010855607109841,-0.6010855607109841,-0.6010855607109841,2026-10-01,2026-10-01,1.0
2026-10-01,60,XLF,equity,3,0.3816239555340849,0.3854363639581037,0.2269828132289554,0.5324526894151956,2026-10-01,2026-10-01,1.0
2026-10-01,60,XLF,rates,2,0.3823631739433863,0.3823631739433863,0.3811356487506459,0.3835906991361269,2026-10-01,2026-10-01,1.0
2026-10-01,60,XLF,credit,2,0.3979589259575457,0.3979589259575457,0.3713022262925645,0.4246156256225269,2026-10-01,2026-10-01,1.0
2026-10-01,60,XLF,commodities,2,-0.1156713590238029,-0.1156713590238029,-0.3656671447236187,0.1343244266760128,2026-10-01,2026-10-01,1.0
2026-10-01,60,XLF,fx,2,-0.1031586130194089,-0.1031586130194089,-0.1726248003710351,-0.0336924256677827,2026-10-01,2026-10-01,1.0
2026-10-01,60,XLF,volatility,1,-0.3562244206337133,-0.3562244206337133,-0.3562244206337133,-0.3562244206337133,2026-10-01,2026-10-01,1.0
2026-10-01,60,XLV,equity,3,-0.0527508671599413,-0.0221370575766368,-0.2460619457994976,0.1099464018963102,2026-10-01,2026-10-01,1.0
2026-10-01,60,XLV,rates,2,0.3027550669809629,0.3027550669809629,0.2379037406823825,0.3676063932795432,2026-10-01,2026-10-01,1.0
2026-10-01,60,XLV,credit,2,0.1708170630660664,0.1708170630660664,0.1214487293516556,0.2201853967804772,2026-10-01,2026-10-01,1.0
2026-10-01,60,XLV,commodities,2,-0.0344772347029266,-0.0344772347029266,-0.1446352645927812,0.0756807951869279,2026-10-01,2026-10-01,1.0
2026-10-01,60,XLV,fx,2,-0.1002139411068974,-0.1002139411068974,-0.1225464237905568,-0.077881458423238,2026-10-01,2026-10-01,1.0
2026-10-01,60,XLV,volatility,1,0.0539253013039021,0.0539253013039021,0.0539253013039021,0.0539253013039021,2026-10-01,2026-10-01,1.0
2026-10-01,60,XLE,equity,3,-0.3181799201680677,-0.3117385873054117,-0.3377153322734863,-0.3050858409253052,2026-10-01,2026-10-01,1.0
2026-10-01,60,XLE,rates,2,-0.4103244833206387,-0.4103244833206387,-0.4320798226290485,-0.3885691440122288,2026-10-01,2026-10-01,1.0
2026-10-01,60,XLE,credit,2,-0.3753837352537014,-0.3753837352537014,-0.4163349779990193,-0.3344324925083834,2026-10-01,2026-10-01,1.0
2026-10-01,60,XLE,commodities,2,0.2901477613075593,0.2901477613075593,-0.1473413832697796,0.7276369058848984,2026-10-01,2026-10-01,1.0
2026-10-01,60,XLE,fx,2,0.017774587938356,0.017774587938356,-0.0141778578969919,0.0497270337737039,2026-10-01,2026-10-01,1.0
2026-10-01,60,XLE,volatility,1,0.1932201523966662,0.1932201523966662,0.1932201523966662,0.1932201523966662,2026-10-01,2026-10-01,1.0
2026-10-01,60,XLY,equity,3,0.5172379404881168,0.46183270346277,0.4348583633720762,0.6550227546295041,2026-10-01,2026-10-01,1.0
2026-10-01,60,XLY,rates,2,0.4207032470851164,0.4207032470851164,0.4146351076171936,0.4267713865530391,2026-10-01,2026-10-01,1.0
2026-10-01,60,XLY,credit,2,0.5347758967610794,0.5347758967610794,0.470633319849993,0.5989184736721657,2026-10-01,2026-10-01,1.0
2026-10-01,60,XLY,commodities,2,-0.1225045317207751,-0.1225045317207751,-0.5339978920054381,0.2889888285638878,2026-10-01,2026-10-01,1.0
2026-10-01,60,XLY,fx,2,-0.1754029488599728,-0.1754029488599728,-0.3753304942865134,0.0245245965665677,2026-10-01,2026-10-01,1.0
2026-10-01,60,XLY,volatility,1,-0.569123470005969,-0.569123470005969,-0.569123470005969,-0.569123470005969,2026-10-01,2026-10-01,1.0
2026-10-01,60,XLP,equity,3,-0.1050959179909845,-0.0327558371796791,-0.300621982623611,0.0180900658303366,2026-10-01,2026-10-01,1.0
2026-10-01,60,XLP,rates,2,0.2770282381825666,0.2770282381825666,0.2357281716559918,0.3183283047091414,2026-10-01,2026-10-01,1.0
2026-10-01,60,XLP,credit,2,0.1792818134071689,0.1792818134071689,0.1544945663156877,0.2040690604986501,2026-10-01,2026-10-01,1.0
2026-10-01,60,XLP,commodities,2,-0.2402932682659742,-0.2402932682659742,-0.3132642687303706,-0.1673222678015777,2026-10-01,2026-10-01,1.0
2026-10-01,60,XLP,fx,2,-0.024030592494653,-0.024030592494653,-0.1069838087361495,0.0589226237468434,2026-10-01,2026-10-01,1.0
2026-10-01,60,XLP,volatility,1,0.096963904881689,0.096963904881689,0.096963904881689,0.096963904881689,2026-10-01,2026-10-01,1.0
2026-10-01,60,XLI,equity,3,0.5896461853644874,0.6033271595918125,0.5328047951639698,0.63280660133768,2026-10-01,2026-10-01,1.0
2026-10-01,60,XLI,rates,2,0.3298985772084641,0.3298985772084641,0.3267219911635246,0.3330751632534036,2026-10-01,2026-10-01,1.0
2026-10-01,60,XLI,credit,2,0.3422646327181645,0.3422646327181645,0.3341813596297063,0.3503479058066226,2026-10-01,2026-10-01,1.0
2026-10-01,60,XLI,commodities,2,-0.1368754009494315,-0.1368754009494315,-0.4534153939939803,0.1796645920951172,2026-10-01,2026-10-01,1.0
2026-10-01,60,XLI,fx,2,0.0210737216153469,0.0210737216153469,-0.0049355341388786,0.0470829773695724,2026-10-01,2026-10-01,1.0
2026-10-01,60,XLI,volatility,1,-0.4450553763235895,-0.4450553763235895,-0.4450553763235895,-0.4450553763235895,2026-10-01,2026-10-01,1.0
2026-10-01,60,XLB,equity,3,0.3425074508623669,0.363733592794912,0.1907708037854309,0.4730179560067579,2026-10-01,2026-10-01,1.0
2026-10-01,60,XLB,rates,2,0.4501478623424499,0.4501478623424499,0.4369867122740752,0.4633090124108246,2026-10-01,2026-10-01,1.0
2026-10-01,60,XLB,credit,2,0.4072045439110571,0.4072045439110571,0.4037924020010198,0.4106166858210943,2026-10-01,2026-10-01,1.0
2026-10-01,60,XLB,commodities,2,-0.0073434050279138,-0.0073434050279138,-0.4151443426619842,0.4004575326061566,2026-10-01,2026-10-01,1.0
2026-10-01,60,XLB,fx,2,-0.1773937598215619,-0.1773937598215619,-0.2050309381854147,-0.1497565814577091,2026-10-01,2026-10-01,1.0
2026-10-01,60,XLB,volatility,1,-0.3276933201016653,-0.3276933201016653,-0.3276933201016653,-0.3276933201016653,2026-10-01,2026-10-01,1.0
2026-10-01,60,XLU,equity,3,0.1246088009707537,0.120873811579283,0.0552102989789372,0.197742292354041,2026-10-01,2026-10-01,1.0
2026-10-01,60,XLU,rates,2,0.3662233615904551,0.3662233615904551,0.3554247762521583,0.3770219469287519,2026-10-01,2026-10-01,1.0
2026-10-01,60,XLU,credit,2,0.2817471815883067,0.2817471815883067,0.2499686303282002,0.3135257328484133,2026-10-01,2026-10-01,1.0
2026-10-01,60,XLU,commodities,2,-0.0377258861110635,-0.0377258861110635,-0.1118427087702529,0.0363909365481257,2026-10-01,2026-10-01,1.0
2026-10-01,60,XLU,fx,2,-0.054725203198685,-0.054725203198685,-0.1024321740118978,-0.0070182323854721,2026-10-01,2026-10-01,1.0
2026-10-01,60,XLU,volatility,1,-0.1174493552246852,-0.1174493552246852,-0.1174493552246852,-0.1174493552246852,2026-10-01,2026-10-01,1.0
2026-10-01,60,XLRE,equity,3,0.1356706843475786,0.2033056838382596,-0.0193057712794598,0.223012140483936,2026-10-01,2026-10-01,1.0
2026-10-01,60,XLRE,rates,2,0.4431234394836165,0.4431234394836165,0.4361157382991885,0.4501311406680444,2026-10-01,2026-10-01,1.0
2026-10-01,60,XLRE,credit,2,0.3820174908666774,0.3820174908666774,0.3785030834025958,0.385531898330759,2026-10-01,2026-10-01,1.0
2026-10-01,60,XLRE,commodities,2,-0.1232041062500553,-0.1232041062500553,-0.3113973510488136,0.0649891385487028,2026-10-01,2026-10-01,1.0
2026-10-01,60,XLRE,fx,2,-0.1224723012794356,-0.1224723012794356,-0.1443162037770363,-0.1006283987818348,2026-10-01,2026-10-01,1.0
2026-10-01,60,XLRE,volatility,1,-0.0401036950502534,-0.0401036950502534,-0.0401036950502534,-0.0401036950502534,2026-10-01,2026-10-01,1.0
2026-10-01,60,XLC,equity,3,0.2771270513956758,0.2264378249642158,0.1967541656820892,0.4081891635407223,2026-10-01,2026-10-01,1.0
2026-10-01,60,XLC,rates,2,0.263155875843241,0.263155875843241,0.2547608153254076,0.2715509363610744,2026-10-01,2026-10-01,1.0
2026-10-01,60,XLC,credit,2,0.3108471235742532,0.3108471235742532,0.2792150078101202,0.3424792393383861,2026-10-01,2026-10-01,1.0
2026-10-01,60,XLC,commodities,2,-0.2141364702173805,-0.2141364702173805,-0.3674772917427498,-0.0607956486920113,2026-10-01,2026-10-01,1.0
2026-10-01,60,XLC,fx,2,-0.0475715762754358,-0.0475715762754358,-0.084985153447396,-0.0101579991034756,2026-10-01,2026-10-01,1.0
2026-10-01,60,XLC,volatility,1,-0.105796873833058,-0.105796873833058,-0.105796873833058,-0.105796873833058,2026-10-01,2026-10-01,1.0
2026-10-02,20,XLK,equity,3,0.8314732037877745,0.8922492304626956,0.6591330013018716,0.943037379598756,2026-10-02,2026-10-02,1.0
2026-10-02,20,XLK,rates,2,0.6576008203634451,0.6576008203634451,0.6547851926693478,0.6604164480575425,2026-10-02,2026-10-02,1.0
2026-10-02,20,XLK,credit,2,0.6794621873931619,0.6794621873931619,0.6488388625097733,0.7100855122765504,2026-10-02,2026-10-02,1.0
2026-10-02,20,XLK,commodities,2,-0.0074216737565548,-0.0074216737565548,-0.5443408040741047,0.5294974565609949,2026-10-02,2026-10-02,1.0
2026-10-02,20,XLK,fx,2,-0.2695929577846422,-0.2695929577846422,-0.3416086847438023,-0.1975772308254822,2026-10-02,2026-10-02,1.0
2026-10-02,20,XLK,volatility,1,-0.7476352304849787,-0.7476352304849787,-0.7476352304849787,-0.7476352304849787,2026-10-02,2026-10-02,1.0
2026-10-02,20,XLF,equity,3,0.39168985322941,0.3448854719702636,0.2469665889242945,0.5832174987936718,2026-10-02,2026-10-02,1.0
2026-10-02,20,XLF,rates,2,0.184575562254101,0.184575562254101,0.1637978701199641,0.205353254388238,2026-10-02,2026-10-02,1.0
2026-10-02,20,XLF,credit,2,0.1658444061159026,0.1658444061159026,0.1481805160174634,0.1835082962143419,2026-10-02,2026-10-02,1.0
2026-10-02,20,XLF,commodities,2,0.1428713878311726,0.1428713878311726,-0.0150960722894238,0.3008388479517691,2026-10-02,2026-10-02,1.0
2026-10-02,20,XLF,fx,2,-0.2622620248636007,-0.2622620248636007,-0.383678517594082,-0.1408455321331195,2026-10-02,2026-10-02,1.0
2026-10-02,20,XLF,volatility,1,-0.3734563827248411,-0.3734563827248411,-0.3734563827248411,-0.3734563827248411,2026-10-02,2026-10-02,1.0
2026-10-02,20,XLV,equity,3,0.2504852912789475,0.2512748408909056,0.2057740262559489,0.2944070066899879,2026-10-02,2026-10-02,1.0
2026-10-02,20,XLV,rates,2,0.2847483949042388,0.2847483949042388,0.2573059503499911,0.3121908394584866,2026-10-02,2026-10-02,1.0
2026-10-02,20,XLV,credit,2,0.2902589419746759,0.2902589419746759,0.2410500411009133,0.3394678428484385,2026-10-02,2026-10-02,1.0
2026-10-02,20,XLV,commodities,2,-0.2233451910410261,-0.2233451910410261,-0.3504739961625616,-0.0962163859194905,2026-10-02,2026-10-02,1.0
2026-10-02,20,XLV,fx,2,-0.1742057599251128,-0.1742057599251128,-0.2201637463648715,-0.1282477734853541,2026-10-02,2026-10-02,1.0
2026-10-02,20,XLV,volatility,1,-0.0866351502362311,-0.0866351502362311,-0.0866351502362311,-0.0866351502362311,2026-10-02,2026-10-02,1.0
2026-10-02,20,XLE,equity,3,-0.2139570278664793,-0.1811593512363614,-0.2996035273304342,-0.1611082050326424,2026-10-02,2026-10-02,1.0
2026-10-02,20,XLE,rates,2,-0.1812804915132546,-0.1812804915132546,-0.2121962360774697,-0.1503647469490395,2026-10-02,2026-10-02,1.0
2026-10-02,20,XLE,credit,2,-0.1963212261226319,-0.1963212261226319,-0.228516569387023,-0.1641258828582407,2026-10-02,2026-10-02,1.0
2026-10-02,20,XLE,commodities,2,0.3964559606559506,0.3964559606559506,0.1493776184467824,0.6435343028651188,2026-10-02,2026-10-02,1.0
2026-10-02,20,XLE,fx,2,-0.2314253733081797,-0.2314253733081797,-0.3801389527529319,-0.0827117938634275,2026-10-02,2026-10-02,1.0
2026-10-02,20,XLE,volatility,1,-0.1010151480276493,-0.1010151480276493,-0.1010151480276493,-0.1010151480276493,2026-10-02,2026-10-02,1.0
2026-10-02,20,XLY,equity,3,0.8526949871374493,0.8494478978924808,0.8241584186583655,0.8844786448615017,2026-10-02,2026-10-02,1.0
2026-10-02,20,XLY,rates,2,0.6074420061098535,0.6074420061098535,0.5854218171330577,0.6294621950866495,2026-10-02,2026-10-02,1.0
2026-10-02,20,XLY,credit,2,0.6413727253704249,0.6413727253704249,0.5669814928709731,0.7157639578698768,2026-10-02,2026-10-02,1.0
2026-10-02,20,XLY,commodities,2,-0.1104011842626496,-0.1104011842626496,-0.5924436388811795,0.3716412703558801,2026-10-02,2026-10-02,1.0
2026-10-02,20,XLY,fx,2,-0.320440547294601,-0.320440547294601,-0.3560423674428608,-0.2848387271463412,2026-10-02,2026-10-02,1.0
2026-10-02,20,XLY,volatility,1,-0.6756123293647853,-0.6756123293647853,-0.6756123293647853,-0.6756123293647853,2026-10-02,2026-10-02,1.0
2026-10-02,20,XLP,equity,3,0.1922428368899598,0.1627453108358239,0.0245560259263786,0.389427173907677,2026-10-02,2026-10-02,1.0
2026-10-02,20,XLP,rates,2,0.2492020284993755,0.2492020284993755,0.1952594034793113,0.3031446535194397,2026-10-02,2026-10-02,1.0
2026-10-02,20,XLP,credit,2,0.1876260503947871,0.1876260503947871,0.1544787993365646,0.2207733014530096,2026-10-02,2026-10-02,1.0
2026-10-02,20,XLP,commodities,2,-0.2322758294461659,-0.2322758294461659,-0.2618221225300016,-0.2027295363623302,2026-10-02,2026-10-02,1.0
2026-10-02,20,XLP,fx,2,-0.0162584641583204,-0.0162584641583204,-0.0479545829449355,0.0154376546282946,2026-10-02,2026-10-02,1.0
2026-10-02,20,XLP,volatility,1,-0.1884239412010661,-0.1884239412010661,-0.1884239412010661,-0.1884239412010661,2026-10-02,2026-10-02,1.0
2026-10-02,20,XLI,equity,3,0.6172620682612008,0.6111907304892783,0.5822911386068401,0.658304335687484,2026-10-02,2026-10-02,1.0
2026-10-02,20,XLI,rates,2,0.3902150058710465,0.3902150058710465,0.3816745588695678,0.3987554528725252,2026-10-02,2026-10-02,1.0
2026-10-02,20,XLI,credit,2,0.3770733411663928,0.3770733411663928,0.3568902398064658,0.3972564425263197,2026-10-02,2026-10-02,1.0
2026-10-02,20,XLI,commodities,2,-0.0767512190259334,-0.0767512190259334,-0.5543950292338192,0.4008925911819524,2026-10-02,2026-10-02,1.0
2026-10-02,20,XLI,fx,2,-0.1098992751964628,-0.1098992751964628,-0.1433451418977469,-0.0764534084951786,2026-10-02,2026-10-02,1.0
2026-10-02,20,XLI,volatility,1,-0.6960082513006123,-0.6960082513006123,-0.6960082513006123,-0.6960082513006123,2026-10-02,2026-10-02,1.0
2026-10-02,20,XLB,equity,3,0.5130929672743472,0.478067577153917,0.4536949545013355,0.6075163701677889,2026-10-02,2026-10-02,1.0
2026-10-02,20,XLB,rates,2,0.5019581939523556,0.5019581939523556,0.4914952839374957,0.5124211039672155,2026-10-02,2026-10-02,1.0
2026-10-02,20,XLB,credit,2,0.4929752498566624,0.4929752498566624,0.4833044031859376,0.5026460965273872,2026-10-02,2026-10-02,1.0
2026-10-02,20,XLB,commodities,2,-0.0516248956404405,-0.0516248956404405,-0.3933888629980341,0.290139071717153,2026-10-02,2026-10-02,1.0
2026-10-02,20,XLB,fx,2,-0.3406389425784671,-0.3406389425784671,-0.3926612023283586,-0.2886166828285757,2026-10-02,2026-10-02,1.0
2026-10-02,20,XLB,volatility,1,-0.6449400737205799,-0.6449400737205799,-0.6449400737205799,-0.6449400737205799,2026-10-02,2026-10-02,1.0
2026-10-02,20,XLU,equity,3,0.5620963841833763,0.5198254785656932,0.4959525107042637,0.670511163280172,2026-10-02,2026-10-02,1.0
2026-10-02,20,XLU,rates,2,0.644865068195381,0.644865068195381,0.5956982930438204,0.6940318433469417,2026-10-02,2026-10-02,1.0
2026-10-02,20,XLU,credit,2,0.6487065751517351,0.6487065751517351,0.6446232949028615,0.6527898554006089,2026-10-02,2026-10-02,1.0
2026-10-02,20,XLU,commodities,2,-0.0667985004238963,-0.0667985004238963,-0.5824608524170838,0.448863851569291,2026-10-02,2026-10-02,1.0
2026-10-02,20,XLU,fx,2,-0.2028603110288653,-0.2028603110288653,-0.2171695008964844,-0.1885511211612462,2026-10-02,2026-10-02,1.0
2026-10-02,20,XLU,volatility,1,-0.5542340757180307,-0.5542340757180307,-0.5542340757180307,-0.5542340757180307,2026-10-02,2026-10-02,1.0
2026-10-02,20,XLRE,equity,3,0.7678110977925402,0.7762741441694909,0.7204603931775574,0.8066987560305721,2026-10-02,2026-10-02,1.0
2026-10-02,20,XLRE,rates,2,0.6210366783375438,0.6210366783375438,0.5922970759914834,0.6497762806836044,2026-10-02,2026-10-02,1.0
2026-10-02,20,XLRE,credit,2,0.6385611154779192,0.6385611154779192,0.5992989118767997,0.6778233190790387,2026-10-02,2026-10-02,1.0
2026-10-02,20,XLRE,commodities,2,-0.1516257145750082,-0.1516257145750082,-0.5922511103749873,0.2889996812249709,2026-10-02,2026-10-02,1.0
2026-10-02,20,XLRE,fx,2,-0.3041583056537763,-0.3041583056537763,-0.3292785325788764,-0.2790380787286762,2026-10-02,2026-10-02,1.0
2026-10-02,20,XLRE,volatility,1,-0.64568398785546,-0.64568398785546,-0.64568398785546,-0.64568398785546,2026-10-02,2026-10-02,1.0
2026-10-02,20,XLC,equity,3,0.3802974549662312,0.4052422189967027,0.2862605169595842,0.4493896289424064,2026-10-02,2026-10-02,1.0
2026-10-02,20,XLC,rates,2,0.1932561650722913,0.1932561650722913,0.1606930930198369,0.2258192371247457,2026-10-02,2026-10-02,1.0
2026-10-02,20,XLC,credit,2,0.2052576909661593,0.2052576909661593,0.1634746551634693,0.2470407267688493,2026-10-02,2026-10-02,1.0
2026-10-02,20,XLC,commodities,2,-0.1133575384429825,-0.1133575384429825,-0.1516122740141111,-0.0751028028718538,2026-10-02,2026-10-02,1.0
2026-10-02,20,XLC,fx,2,-0.008716371407104,-0.008716371407104,-0.0393293890397546,0.0218966462255466,2026-10-02,2026-10-02,1.0
2026-10-02,20,XLC,volatility,1,0.0704889964796902,0.0704889964796902,0.0704889964796902,0.0704889964796902,2026-10-02,2026-10-02,1.0
2026-10-02,60,XLK,equity,3,0.8037555860287818,0.7916760627577719,0.6770455224057113,0.9425451729228624,2026-10-02,2026-10-02,1.0
2026-10-02,60,XLK,rates,2,0.2864234431781818,0.2864234431781818,0.2517068078381011,0.3211400785182625,2026-10-02,2026-10-02,1.0
2026-10-02,60,XLK,credit,2,0.435433238982334,0.435433238982334,0.3771165499035847,0.4937499280610833,2026-10-02,2026-10-02,1.0
2026-10-02,60,XLK,commodities,2,0.0085737530505266,0.0085737530505266,-0.3516899357488506,0.3688374418499039,2026-10-02,2026-10-02,1.0
2026-10-02,60,XLK,fx,2,-0.1531593605529205,-0.1531593605529205,-0.2192945034728733,-0.0870242176329678,2026-10-02,2026-10-02,1.0
2026-10-02,60,XLK,volatility,1,-0.6056976640142498,-0.6056976640142498,-0.6056976640142498,-0.6056976640142498,2026-10-02,2026-10-02,1.0
2026-10-02,60,XLF,equity,3,0.3806426656967012,0.387720516643898,0.2262446322505243,0.5279628481956814,2026-10-02,2026-10-02,1.0
2026-10-02,60,XLF,rates,2,0.3808851757705454,0.3808851757705454,0.3795243184466711,0.3822460330944197,2026-10-02,2026-10-02,1.0
2026-10-02,60,XLF,credit,2,0.4005174348750065,0.4005174348750065,0.3748449207748294,0.4261899489751836,2026-10-02,2026-10-02,1.0
2026-10-02,60,XLF,commodities,2,-0.1146126660162313,-0.1146126660162313,-0.3644410665333432,0.1352157345008806,2026-10-02,2026-10-02,1.0
2026-10-02,60,XLF,fx,2,-0.1065030085070485,-0.1065030085070485,-0.1725447576671417,-0.0404612593469552,2026-10-02,2026-10-02,1.0
2026-10-02,60,XLF,volatility,1,-0.3518176762552824,-0.3518176762552824,-0.3518176762552824,-0.3518176762552824,2026-10-02,2026-10-02,1.0
2026-10-02,60,XLV,equity,3,-0.0531918480284105,-0.0155338626817835,-0.2448325810612339,0.1007908996577857,2026-10-02,2026-10-02,1.0
2026-10-02,60,XLV,rates,2,0.3060006647095628,0.3060006647095628,0.2389904942642712,0.3730108351548544,2026-10-02,2026-10-02,1.0
2026-10-02,60,XLV,credit,2,0.1682541850986036,0.1682541850986036,0.1206782466014184,0.2158301235957887,2026-10-02,2026-10-02,1.0
2026-10-02,60,XLV,commodities,2,-0.0371464508694341,-0.0371464508694341,-0.1476348065288296,0.0733419047899614,2026-10-02,2026-10-02,1.0
2026-10-02,60,XLV,fx,2,-0.0930253893022234,-0.0930253893022234,-0.1065309692727796,-0.0795198093316672,2026-10-02,2026-10-02,1.0
2026-10-02,60,XLV,volatility,1,0.0446396138690983,0.0446396138690983,0.0446396138690983,0.0446396138690983,2026-10-02,2026-10-02,1.0
2026-10-02,60,XLE,equity,3,-0.3167891691966933,-0.3122300591345779,-0.3334891740909229,-0.3046482743645791,2026-10-02,2026-10-02,1.0
2026-10-02,60,XLE,rates,2,-0.4095755798574924,-0.4095755798574924,-0.4323895110044048,-0.3867616487105799,2026-10-02,2026-10-02,1.0
2026-10-02,60,XLE,credit,2,-0.3747327049111302,-0.3747327049111302,-0.415191096506656,-0.3342743133156045,2026-10-02,2026-10-02,1.0
2026-10-02,60,XLE,commodities,2,0.2900710465937288,0.2900710465937288,-0.1461788118875954,0.726320905075053,2026-10-02,2026-10-02,1.0
2026-10-02,60,XLE,fx,2,0.0194572364471092,0.0194572364471092,-0.0137227976742211,0.0526372705684395,2026-10-02,2026-10-02,1.0
2026-10-02,60,XLE,volatility,1,0.1953709721871281,0.1953709721871281,0.1953709721871281,0.1953709721871281,2026-10-02,2026-10-02,1.0
2026-10-02,60,XLY,equity,3,0.5261480899693308,0.4764465939235961,0.441948698148522,0.6600489778358746,2026-10-02,2026-10-02,1.0
2026-10-02,60,XLY,rates,2,0.408267998563835,0.408267998563835,0.405542373999359,0.410993623128311,2026-10-02,2026-10-02,1.0
2026-10-02,60,XLY,credit,2,0.5312840855493436,0.5312840855493436,0.4640692869142572,0.59849888418443,2026-10-02,2026-10-02,1.0
2026-10-02,60,XLY,commodities,2,-0.1295507817470605,-0.1295507817470605,-0.5385442969738815,0.2794427334797604,2026-10-02,2026-10-02,1.0
2026-10-02,60,XLY,fx,2,-0.2000859574674998,-0.2000859574674998,-0.3803422880549454,-0.0198296268800542,2026-10-02,2026-10-02,1.0
2026-10-02,60,XLY,volatility,1,-0.5752406011747015,-0.5752406011747015,-0.5752406011747015,-0.5752406011747015,2026-10-02,2026-10-02,1.0
2026-10-02,60,XLP,equity,3,-0.1030024411164246,-0.0391409678130665,-0.3026366407610564,0.032770285224849,2026-10-02,2026-10-02,1.0
2026-10-02,60,XLP,rates,2,0.2763384543043762,0.2763384543043762,0.2354959874552557,0.3171809211534966,2026-10-02,2026-10-02,1.0
2026-10-02,60,XLP,credit,2,0.1862756516625703,0.1862756516625703,0.1588728707212879,0.2136784326038527,2026-10-02,2026-10-02,1.0
2026-10-02,60,XLP,commodities,2,-0.2404019108166309,-0.2404019108166309,-0.3141988021331934,-0.1666050195000683,2026-10-02,2026-10-02,1.0
2026-10-02,60,XLP,fx,2,-0.034706054870306,-0.034706054870306,-0.1241188246716695,0.0547067149310573,2026-10-02,2026-10-02,1.0
2026-10-02,60,XLP,volatility,1,0.1077280534885857,0.1077280534885857,0.1077280534885857,0.1077280534885857,2026-10-02,2026-10-02,1.0
2026-10-02,60,XLI,equity,3,0.5976614821380397,0.6075810220942348,0.5385846971178779,0.6468187272020062,2026-10-02,2026-10-02,1.0
2026-10-02,60,XLI,rates,2,0.3195375138900947,0.3195375138900947,0.3138856053831211,0.3251894223970684,2026-10-02,2026-10-02,1.0
2026-10-02,60,XLI,credit,2,0.34239651483156,0.34239651483156,0.3316984432372702,0.3530945864258498,2026-10-02,2026-10-02,1.0
2026-10-02,60,XLI,commodities,2,-0.1427118796977943,-0.1427118796977943,-0.4585141777666313,0.1730904183710426,2026-10-02,2026-10-02,1.0
2026-10-02,60,XLI,fx,2,-0.0053609300064606,-0.0053609300064606,-0.0126345223525814,0.0019126623396601,2026-10-02,2026-10-02,1.0
2026-10-02,60,XLI,volatility,1,-0.4498945896270872,-0.4498945896270872,-0.4498945896270872,-0.4498945896270872,2026-10-02,2026-10-02,1.0
2026-10-02,60,XLB,equity,3,0.3524207695402063,0.36486444720621,0.1966334687790951,0.4957643926353139,2026-10-02,2026-10-02,1.0
2026-10-02,60,XLB,rates,2,0.4472154823156057,0.4472154823156057,0.4334207711983945,0.4610101934328169,2026-10-02,2026-10-02,1.0
2026-10-02,60,XLB,credit,2,0.4162139571659913,0.4162139571659913,0.4135643946982722,0.4188635196337104,2026-10-02,2026-10-02,1.0
2026-10-02,60,XLB,commodities,2,-0.0085631120641497,-0.0085631120641497,-0.4205317419755349,0.4034055178472354,2026-10-02,2026-10-02,1.0
2026-10-02,60,XLB,fx,2,-0.1976254050407866,-0.1976254050407866,-0.2140018217590123,-0.1812489883225609,2026-10-02,2026-10-02,1.0
2026-10-02,60,XLB,volatility,1,-0.3252777711433495,-0.3252777711433495,-0.3252777711433495,-0.3252777711433495,2026-10-02,2026-10-02,1.0
2026-10-02,60,XLU,equity,3,0.1340683441249439,0.1232976041044864,0.0612938615883956,0.2176135666819496,2026-10-02,2026-10-02,1.0
2026-10-02,60,XLU,rates,2,0.3606031994224532,0.3606031994224532,0.350774144598384,0.3704322542465224,2026-10-02,2026-10-02,1.0
2026-10-02,60,XLU,credit,2,0.2865547930333057,0.2865547930333057,0.2548778649906996,0.3182317210759118,2026-10-02,2026-10-02,1.0
2026-10-02,60,XLU,commodities,2,-0.0406596978483798,-0.0406596978483798,-0.1160598836106325,0.0347404879138728,2026-10-02,2026-10-02,1.0
2026-10-02,60,XLU,fx,2,-0.0729272189378001,-0.0729272189378001,-0.1332462109491164,-0.0126082269264837,2026-10-02,2026-10-02,1.0
2026-10-02,60,XLU,volatility,1,-0.1169282859523958,-0.1169282859523958,-0.1169282859523958,-0.1169282859523958,2026-10-02,2026-10-02,1.0
2026-10-02,60,XLRE,equity,3,0.1431470639196116,0.2048823913887707,-0.0141669175275051,0.2387257178975693,2026-10-02,2026-10-02,1.0
2026-10-02,60,XLRE,rates,2,0.4381806635744865,0.4381806635744865,0.4322180626746061,0.4441432644743668,2026-10-02,2026-10-02,1.0
2026-10-02,60,XLRE,credit,2,0.3860766145044457,0.3860766145044457,0.3826761141508625,0.3894771148580289,2026-10-02,2026-10-02,1.0
2026-10-02,60,XLRE,commodities,2,-0.1254786787379964,-0.1254786787379964,-0.3145725349867614,0.0636151775107684,2026-10-02,2026-10-02,1.0
2026-10-02,60,XLRE,fx,2,-0.1383373641997621,-0.1383373641997621,-0.151398563300867,-0.1252761650986573,2026-10-02,2026-10-02,1.0
2026-10-02,60,XLRE,volatility,1,-0.0396369228905895,-0.0396369228905895,-0.0396369228905895,-0.0396369228905895,2026-10-02,2026-10-02,1.0
2026-10-02,60,XLC,equity,3,0.2792900409819578,0.2357338681878045,0.1974187070618719,0.4047175476961969,2026-10-02,2026-10-02,1.0
2026-10-02,60,XLC,rates,2,0.2611580039061231,0.2611580039061231,0.2529540281219859,0.2693619796902604,2026-10-02,2026-10-02,1.0
2026-10-02,60,XLC,credit,2,0.3153633525132591,0.3153633525132591,0.2848793891068005,0.3458473159197177,2026-10-02,2026-10-02,1.0
2026-10-02,60,XLC,commodities,2,-0.2137559614982278,-0.2137559614982278,-0.3675631879004358,-0.0599487350960198,2026-10-02,2026-10-02,1.0
2026-10-02,60,XLC,fx,2,-0.0560950155695002,-0.0560950155695002,-0.0973482321458623,-0.014841798993138,2026-10-02,2026-10-02,1.0
2026-10-02,60,XLC,volatility,1,-0.1005153811543789,-0.1005153811543789,-0.1005153811543789,-0.1005153811543789,2026-10-02,2026-10-02,1.0
2026-10-05,20,XLK,equity,3,0.8203761661501386,0.8790341252873912,0.6439796013612641,0.9381147718017608,2026-10-05,2026-10-05,1.0
2026-10-05,20,XLK,rates,2,0.6554899349632257,0.6554899349632257,0.6547399650569323,0.6562399048695192,2026-10-05,2026-10-05,1.0
2026-10-05,20,XLK,credit,2,0.6760822263715058,0.6760822263715058,0.649398372962201,0.7027660797808106,2026-10-05,2026-10-05,1.0
2026-10-05,20,XLK,commodities,2,-0.0061902899273619,-0.0061902899273619,-0.5421444082195935,0.5297638283648697,2026-10-05,2026-10-05,1.0
2026-10-05,20,XLK,fx,2,-0.2608418659825439,-0.2608418659825439,-0.3383990789536403,-0.1832846530114474,2026-10-05,2026-10-05,1.0
2026-10-05,20,XLK,volatility,1,-0.7438619203967142,-0.7438619203967142,-0.7438619203967142,-0.7438619203967142,2026-10-05,2026-10-05,1.0
2026-10-05,20,XLF,equity,3,0.4323511363347134,0.3704758273894019,0.317286292411603,0.6092912892031354,2026-10-05,2026-10-05,1.0
2026-10-05,20,XLF,rates,2,0.1657673096377992,0.1657673096377992,0.1336362712080253,0.1978983480675732,2026-10-05,2026-10-05,1.0
2026-10-05,20,XLF,credit,2,0.2033564152986589,0.2033564152986589,0.1682492300707938,0.2384636005265239,2026-10-05,2026-10-05,1.0
2026-10-05,20,XLF,commodities,2,0.1068615389615014,0.1068615389615014,-0.076059981931839,0.289783059854842,2026-10-05,2026-10-05,1.0
2026-10-05,20,XLF,fx,2,-0.1972693257287351,-0.1972693257287351,-0.3409549213106926,-0.0535837301467775,2026-10-05,2026-10-05,1.0
2026-10-05,20,XLF,volatility,1,-0.333317152905182,-0.333317152905182,-0.333317152905182,-0.333317152905182,2026-10-05,2026-10-05,1.0
2026-10-05,20,XLV,equity,3,0.2870076885191887,0.2892146601330133,0.2319996584672981,0.3398087469572545,2026-10-05,2026-10-05,1.0
2026-10-05,20,XLV,rates,2,0.2712613852652561,0.2712613852652561,0.2534125300314505,0.2891102404990617,2026-10-05,2026-10-05,1.0
2026-10-05,20,XLV,credit,2,0.312338507174246,0.312338507174246,0.2537370363145421,0.3709399780339499,2026-10-05,2026-10-05,1.0
2026-10-05,20,XLV,commodities,2,-0.2333618716808563,-0.2333618716808563,-0.3778155124625863,-0.0889082308991263,2026-10-05,2026-10-05,1.0
2026-10-05,20,XLV,fx,2,-0.1348846184155737,-0.1348846184155737,-0.2003037351722533,-0.069465501658894,2026-10-05,2026-10-05,1.0
2026-10-05,20,XLV,volatility,1,-0.0719753854135021,-0.0719753854135021,-0.0719753854135021,-0.0719753854135021,2026-10-05,2026-10-05,1.0
2026-10-05,20,XLE,equity,3,-0.1614871297280584,-0.1140100464646429,-0.2606077913792121,-0.1098435513403204,2026-10-05,2026-10-05,1.0
2026-10-05,20,XLE,rates,2,-0.1819850359746915,-0.1819850359746915,-0.2195443596249381,-0.144425712324445,2026-10-05,2026-10-05,1.0
2026-10-05,20,XLE,credit,2,-0.1599374164315119,-0.1599374164315119,-0.1773526057852413,-0.1425222270777825,2026-10-05,2026-10-05,1.0
2026-10-05,20,XLE,commodities,2,0.3662473351837376,0.3662473351837376,0.1502813925411051,0.58221327782637,2026-10-05,2026-10-05,1.0
2026-10-05,20,XLE,fx,2,-0.1933218489253415,-0.1933218489253415,-0.3174827646042336,-0.0691609332464493,2026-10-05,2026-10-05,1.0
2026-10-05,20,XLE,volatility,1,-0.0881989573059387,-0.0881989573059387,-0.0881989573059387,-0.0881989573059387,2026-10-05,2026-10-05,1.0
2026-10-05,20,XLY,equity,3,0.8526098320292124,0.8457330397820981,0.8275123208753894,0.8845841354301497,2026-10-05,2026-10-05,1.0
2026-10-05,20,XLY,rates,2,0.5983717382901746,0.5983717382901746,0.5819836693561766,0.6147598072241727,2026-10-05,2026-10-05,1.0
2026-10-05,20,XLY,credit,2,0.6464958847978648,0.6464958847978648,0.5713628686414355,0.7216289009542942,2026-10-05,2026-10-05,1.0
2026-10-05,20,XLY,commodities,2,-0.1153697740913592,-0.1153697740913592,-0.6016456952960486,0.3709061471133301,2026-10-05,2026-10-05,1.0
2026-10-05,20,XLY,fx,2,-0.2949806849109585,-0.2949806849109585,-0.3445938343171997,-0.2453675355047173,2026-10-05,2026-10-05,1.0
2026-10-05,20,XLY,volatility,1,-0.661721148997421,-0.661721148997421,-0.661721148997421,-0.661721148997421,2026-10-05,2026-10-05,1.0
2026-10-05,20,XLP,equity,3,0.2348642714452281,0.2098557535228166,0.0613471401061952,0.4333899207066725,2026-10-05,2026-10-05,1.0
2026-10-05,20,XLP,rates,2,0.2344321679578127,0.2344321679578127,0.1921370446082391,0.2767272913073862,2026-10-05,2026-10-05,1.0
2026-10-05,20,XLP,credit,2,0.2165289692024254,0.2165289692024254,0.1711212011047654,0.2619367373000853,2026-10-05,2026-10-05,1.0
2026-10-05,20,XLP,commodities,2,-0.2433849321558571,-0.2433849321558571,-0.2961838792423658,-0.1905859850693483,2026-10-05,2026-10-05,1.0
2026-10-05,20,XLP,fx,2,0.0206200390698888,0.0206200390698888,-0.0312760397168102,0.0725161178565878,2026-10-05,2026-10-05,1.0
2026-10-05,20,XLP,volatility,1,-0.1681918183971524,-0.1681918183971524,-0.1681918183971524,-0.1681918183971524,2026-10-05,2026-10-05,1.0
2026-10-05,20,XLI,equity,3,0.6135919196838796,0.6026531359998409,0.5837423928336487,0.6543802302181493,2026-10-05,2026-10-05,1.0
2026-10-05,20,XLI,rates,2,0.3877700292963318,0.3877700292963318,0.3817811892924823,0.3937588693001814,2026-10-05,2026-10-05,1.0
2026-10-05,20,XLI,credit,2,0.3802260840862562,0.3802260840862562,0.3600901423804944,0.4003620257920181,2026-10-05,2026-10-05,1.0
2026-10-05,20,XLI,commodities,2,-0.0768392824922651,-0.0768392824922651,-0.554965154602228,0.4012865896176976,2026-10-05,2026-10-05,1.0
2026-10-05,20,XLI,fx,2,-0.1002214079975723,-0.1002214079975723,-0.139406819960302,-0.0610359960348427,2026-10-05,2026-10-05,1.0
2026-10-05,20,XLI,volatility,1,-0.6907036338873427,-0.6907036338873427,-0.6907036338873427,-0.6907036338873427,2026-10-05,2026-10-05,1.0
2026-10-05,20,XLB,equity,3,0.5433312431552214,0.5148465441248858,0.468801766003281,0.6463454193374975,2026-10-05,2026-10-05,1.0
2026-10-05,20,XLB,rates,2,0.4460219687251767,0.4460219687251767,0.4397592617932555,0.4522846756570979,2026-10-05,2026-10-05,1.0
2026-10-05,20,XLB,credit,2,0.5032066778693225,0.5032066778693225,0.4736841990170815,0.5327291567215635,2026-10-05,2026-10-05,1.0
2026-10-05,20,XLB,commodities,2,-0.0780771208371901,-0.0780771208371901,-0.4280317369943954,0.2718774953200151,2026-10-05,2026-10-05,1.0
2026-10-05,20,XLB,fx,2,-0.2460393438550408,-0.2460393438550408,-0.254372093176149,-0.2377065945339326,2026-10-05,2026-10-05,1.0
2026-10-05,20,XLB,volatility,1,-0.5633892525817109,-0.5633892525817109,-0.5633892525817109,-0.5633892525817109,2026-10-05,2026-10-05,1.0
2026-10-05,20,XLU,equity,3,0.5800485784844672,0.5417259064375796,0.5103539650013753,0.6880658640144469,2026-10-05,2026-10-05,1.0
2026-10-05,20,XLU,rates,2,0.6251388742870873,0.6251388742870873,0.5688566800560722,0.6814210685181024,2026-10-05,2026-10-05,1.0
2026-10-05,20,XLU,credit,2,0.6569864620192798,0.6569864620192798,0.6540503314573601,0.6599225925811993,2026-10-05,2026-10-05,1.0
2026-10-05,20,XLU,commodities,2,-0.0776826136022182,-0.0776826136022182,-0.5983314124839892,0.4429661852795527,2026-10-05,2026-10-05,1.0
2026-10-05,20,XLU,fx,2,-0.1660161842260702,-0.1660161842260702,-0.1719528461422234,-0.1600795223099171,2026-10-05,2026-10-05,1.0
2026-10-05,20,XLU,volatility,1,-0.5302219141384985,-0.5302219141384985,-0.5302219141384985,-0.5302219141384985,2026-10-05,2026-10-05,1.0
2026-10-05,20,XLRE,equity,3,0.7495665892047577,0.7469403696445939,0.7133989249453092,0.7883604730243702,2026-10-05,2026-10-05,1.0
2026-10-05,20,XLRE,rates,2,0.6203147441797632,0.6203147441797632,0.5922977904933194,0.6483316978662068,2026-10-05,2026-10-05,1.0
2026-10-05,20,XLRE,credit,2,0.6308757660700881,0.6308757660700881,0.5974337972689131,0.664317734871263,2026-10-05,2026-10-05,1.0
2026-10-05,20,XLRE,commodities,2,-0.1469961965067096,-0.1469961965067096,-0.5830231626714363,0.2890307696580169,2026-10-05,2026-10-05,1.0
2026-10-05,20,XLRE,fx,2,-0.2997058440073791,-0.2997058440073791,-0.3284623391738622,-0.2709493488408959,2026-10-05,2026-10-05,1.0
2026-10-05,20,XLRE,volatility,1,-0.6445584054498087,-0.6445584054498087,-0.6445584054498087,-0.6445584054498087,2026-10-05,2026-10-05,1.0
2026-10-05,20,XLC,equity,3,0.4064819415741617,0.4218719903033109,0.3245614860130423,0.4730123484061318,2026-10-05,2026-10-05,1.0
2026-10-05,20,XLC,rates,2,0.1846744101367738,0.1846744101367738,0.1602307131887203,0.2091181070848273,2026-10-05,2026-10-05,1.0
2026-10-05,20,XLC,credit,2,0.2272156446606411,0.2272156446606411,0.1767983442635343,0.2776329450577478,2026-10-05,2026-10-05,1.0
2026-10-05,20,XLC,commodities,2,-0.1260418562541307,-0.1260418562541307,-0.1824214433451128,-0.0696622691631486,2026-10-05,2026-10-05,1.0
2026-10-05,20,XLC,fx,2,0.0197526340252123,0.0197526340252123,0.0066637893592168,0.0328414786912079,2026-10-05,2026-10-05,1.0
2026-10-05,20,XLC,volatility,1,0.0793260670566096,0.0793260670566096,0.0793260670566096,0.0793260670566096,2026-10-05,2026-10-05,1.0
2026-10-05,60,XLK,equity,3,0.7974382897530385,0.7839635659768256,0.669779935321367,0.9385713679609232,2026-10-05,2026-10-05,1.0
2026-10-05,60,XLK,rates,2,0.269359690995215,0.269359690995215,0.2347471448873828,0.3039722371030473,2026-10-05,2026-10-05,1.0
2026-10-05,60,XLK,credit,2,0.4210697487194861,0.4210697487194861,0.3600789663034702,0.482060531135502,2026-10-05,2026-10-05,1.0
2026-10-05,60,XLK,commodities,2,0.0133438850135996,0.0133438850135996,-0.3101595390015134,0.3368473090287128,2026-10-05,2026-10-05,1.0
2026-10-05,60,XLK,fx,2,-0.153126011050195,-0.153126011050195,-0.1955152675917725,-0.1107367545086174,2026-10-05,2026-10-05,1.0
2026-10-05,60,XLK,volatility,1,-0.5825896728335448,-0.5825896728335448,-0.5825896728335448,-0.5825896728335448,2026-10-05,2026-10-05,1.0
2026-10-05,60,XLF,equity,3,0.4172903074946958,0.4181133699200824,0.269410007760586,0.5643475448034193,2026-10-05,2026-10-05,1.0
2026-10-05,60,XLF,rates,2,0.3876629180933294,0.3876629180933294,0.3840937771170943,0.3912320590695645,2026-10-05,2026-10-05,1.0
2026-10-05,60,XLF,credit,2,0.4258674787657259,0.4258674787657259,0.3976571111839853,0.4540778463474665,2026-10-05,2026-10-05,1.0
2026-10-05,60,XLF,commodities,2,-0.1358163113550248,-0.1358163113550248,-0.4355496932974465,0.1639170705873968,2026-10-05,2026-10-05,1.0
2026-10-05,60,XLF,fx,2,-0.099438298270808,-0.099438298270808,-0.1751897285326379,-0.023686868008978,2026-10-05,2026-10-05,1.0
2026-10-05,60,XLF,volatility,1,-0.3918485885400047,-0.3918485885400047,-0.3918485885400047,-0.3918485885400047,2026-10-05,2026-10-05,1.0
2026-10-05,60,XLV,equity,3,-0.0413732863510709,-0.0018717042174507,-0.2355831391086089,0.1133349842728467,2026-10-05,2026-10-05,1.0
2026-10-05,60,XLV,rates,2,0.3056267102544004,0.3056267102544004,0.2410922747033706,0.3701611458054302,2026-10-05,2026-10-05,1.0
2026-10-05,60,XLV,credit,2,0.1772394957766951,0.1772394957766951,0.1310836956610784,0.2233952958923118,2026-10-05,2026-10-05,1.0
2026-10-05,60,XLV,commodities,2,-0.0461049545990393,-0.0461049545990393,-0.1729098393233008,0.0806999301252221,2026-10-05,2026-10-05,1.0
2026-10-05,60,XLV,fx,2,-0.0887120705075351,-0.0887120705075351,-0.1011906430915922,-0.0762334979234779,2026-10-05,2026-10-05,1.0
2026-10-05,60,XLV,volatility,1,0.0401619742113132,0.0401619742113132,0.0401619742113132,0.0401619742113132,2026-10-05,2026-10-05,1.0
2026-10-05,60,XLE,equity,3,-0.2745062935105813,-0.2713318103501259,-0.300991454367828,-0.25119561581379,2026-10-05,2026-10-05,1.0
2026-10-05,60,XLE,rates,2,-0.3998805198116658,-0.3998805198116658,-0.4275095460842547,-0.3722514935390769,2026-10-05,2026-10-05,1.0
2026-10-05,60,XLE,credit,2,-0.3486779313150976,-0.3486779313150976,-0.3926897786731985,-0.3046660839569966,2026-10-05,2026-10-05,1.0
2026-10-05,60,XLE,commodities,2,0.2972313879406867,0.2972313879406867,-0.0903146290014345,0.684777404882808,2026-10-05,2026-10-05,1.0
2026-10-05,60,XLE,fx,2,0.02264765121499,0.02264765121499,0.0185894446211001,0.0267058578088799,2026-10-05,2026-10-05,1.0
2026-10-05,60,XLE,volatility,1,0.1348816418660952,0.1348816418660952,0.1348816418660952,0.1348816418660952,2026-10-05,2026-10-05,1.0
2026-10-05,60,XLY,equity,3,0.5203033430261277,0.4713339322722175,0.4339604590273686,0.6556156377787971,2026-10-05,2026-10-05,1.0
2026-10-05,60,XLY,rates,2,0.398180733402516,0.398180733402516,0.3947225033327856,0.4016389634722463,2026-10-05,2026-10-05,1.0
2026-10-05,60,XLY,credit,2,0.5257058072393573,0.5257058072393573,0.4570335215380995,0.594378092940615,2026-10-05,2026-10-05,1.0
2026-10-05,60,XLY,commodities,2,-0.1370281632285361,-0.1370281632285361,-0.5370726836811547,0.2630163572240825,2026-10-05,2026-10-05,1.0
2026-10-05,60,XLY,fx,2,-0.1978835803116176,-0.1978835803116176,-0.3661813991531545,-0.0295857614700806,2026-10-05,2026-10-05,1.0
2026-10-05,60,XLY,volatility,1,-0.5687286652412301,-0.5687286652412301,-0.5687286652412301,-0.5687286652412301,2026-10-05,2026-10-05,1.0
2026-10-05,60,XLP,equity,3,-0.0810851377865491,-0.0154783647029108,-0.2817200437778837,0.053942995121147,2026-10-05,2026-10-05,1.0
2026-10-05,60,XLP,rates,2,0.281226914683467,0.281226914683467,0.2436916866398921,0.3187621427270419,2026-10-05,2026-10-05,1.0
2026-10-05,60,XLP,credit,2,0.2035690194820543,0.2035690194820543,0.1778251932871576,0.2293128456769511,2026-10-05,2026-10-05,1.0
2026-10-05,60,XLP,commodities,2,-0.2599006895447413,-0.2599006895447413,-0.3664508248929497,-0.1533505541965329,2026-10-05,2026-10-05,1.0
2026-10-05,60,XLP,fx,2,-0.0298737519703971,-0.0298737519703971,-0.1129504868756764,0.0532029829348821,2026-10-05,2026-10-05,1.0
2026-10-05,60,XLP,volatility,1,0.0918157973748629,0.0918157973748629,0.0918157973748629,0.0918157973748629,2026-10-05,2026-10-05,1.0
2026-10-05,60,XLI,equity,3,0.5905227935313921,0.6002682838697999,0.5307327299434041,0.6405673667809725,2026-10-05,2026-10-05,1.0
2026-10-05,60,XLI,rates,2,0.3095096552881761,0.3095096552881761,0.3038487874727639,0.3151705231035883,2026-10-05,2026-10-05,1.0
2026-10-05,60,XLI,credit,2,0.3333820530093881,0.3333820530093881,0.3220217615628209,0.3447423444559555,2026-10-05,2026-10-05,1.0
2026-10-05,60,XLI,commodities,2,-0.1484167936799607,-0.1484167936799607,-0.4495045587717491,0.1526709714118276,2026-10-05,2026-10-05,1.0
2026-10-05,60,XLI,fx,2,-0.0028064830978436,-0.0028064830978436,-0.00883771624685,0.0032247500511627,2026-10-05,2026-10-05,1.0
2026-10-05,60,XLI,volatility,1,-0.4380928172160241,-0.4380928172160241,-0.4380928172160241,-0.4380928172160241,2026-10-05,2026-10-05,1.0
2026-10-05,60,XLB,equity,3,0.3559930648346105,0.3705717331841591,0.1967621817691512,0.5006452795505211,2026-10-05,2026-10-05,1.0
2026-10-05,60,XLB,rates,2,0.426464932276159,0.426464932276159,0.4164409062294218,0.4364889583228963,2026-10-05,2026-10-05,1.0
2026-10-05,60,XLB,credit,2,0.4127919200264441,0.4127919200264441,0.4058890035853599,0.4196948364675283,2026-10-05,2026-10-05,1.0
2026-10-05,60,XLB,commodities,2,-0.0206830444007402,-0.0206830444007402,-0.4294891348190199,0.3881230460175395,2026-10-05,2026-10-05,1.0
2026-10-05,60,XLB,fx,2,-0.1847456390418254,-0.1847456390418254,-0.1868288926513834,-0.1826623854322674,2026-10-05,2026-10-05,1.0
2026-10-05,60,XLB,volatility,1,-0.3071829623909362,-0.3071829623909362,-0.3071829623909362,-0.3071829623909362,2026-10-05,2026-10-05,1.0
2026-10-05,60,XLU,equity,3,0.1686207847236902,0.1568636190892598,0.1020646727611861,0.2469340623206246,2026-10-05,2026-10-05,1.0
2026-10-05,60,XLU,rates,2,0.3746813446849905,0.3746813446849905,0.3605821926945667,0.3887804966754143,2026-10-05,2026-10-05,1.0
2026-10-05,60,XLU,credit,2,0.3138898730526153,0.3138898730526153,0.2830458356142541,0.3447339104909763,2026-10-05,2026-10-05,1.0
2026-10-05,60,XLU,commodities,2,-0.0557557341191074,-0.0557557341191074,-0.1782021699387313,0.0666907017005164,2026-10-05,2026-10-05,1.0
2026-10-05,60,XLU,fx,2,-0.0694873193791979,-0.0694873193791979,-0.1171690228939815,-0.0218056158644142,2026-10-05,2026-10-05,1.0
2026-10-05,60,XLU,volatility,1,-0.1567106558227305,-0.1567106558227305,-0.1567106558227305,-0.1567106558227305,2026-10-05,2026-10-05,1.0
2026-10-05,60,XLRE,equity,3,0.160828860012185,0.2219356412767782,0.008963566690079,0.2515873720696979,2026-10-05,2026-10-05,1.0
2026-10-05,60,XLRE,rates,2,0.4576966407255234,0.4576966407255234,0.4500782709875176,0.4653150104635293,2026-10-05,2026-10-05,1.0
2026-10-05,60,XLRE,credit,2,0.4058751650603861,0.4058751650603861,0.4001419065216512,0.411608423599121,2026-10-05,2026-10-05,1.0
2026-10-05,60,XLRE,commodities,2,-0.1361344814568005,-0.1361344814568005,-0.3665552235071758,0.0942862605935747,2026-10-05,2026-10-05,1.0
2026-10-05,60,XLRE,fx,2,-0.1430865216357757,-0.1430865216357757,-0.1709852018508442,-0.1151878414207073,2026-10-05,2026-10-05,1.0
2026-10-05,60,XLRE,volatility,1,-0.0745118732563075,-0.0745118732563075,-0.0745118732563075,-0.0745118732563075,2026-10-05,2026-10-05,1.0
2026-10-05,60,XLC,equity,3,0.2908955460963286,0.246902415182524,0.2091268599066293,0.4166573631998325,2026-10-05,2026-10-05,1.0
2026-10-05,60,XLC,rates,2,0.2538498479809229,0.2538498479809229,0.2485234904755718,0.259176205486274,2026-10-05,2026-10-05,1.0
2026-10-05,60,XLC,credit,2,0.3206181310913852,0.3206181310913852,0.2875384784442092,0.3536977837385612,2026-10-05,2026-10-05,1.0
2026-10-05,60,XLC,commodities,2,-0.22900373018474,-0.22900373018474,-0.3932450209156996,-0.0647624394537804,2026-10-05,2026-10-05,1.0
2026-10-05,60,XLC,fx,2,-0.0488496482904254,-0.0488496482904254,-0.0942624461302252,-0.0034368504506256,2026-10-05,2026-10-05,1.0
2026-10-05,60,XLC,volatility,1,-0.0983809653733022,-0.0983809653733022,-0.0983809653733022,-0.0983809653733022,2026-10-05,2026-10-05,1.0
2026-10-06,20,XLK,equity,3,0.8134133138640095,0.8723892468535803,0.6296788950707952,0.9381717996676524,2026-10-06,2026-10-06,1.0
2026-10-06,20,XLK,rates,2,0.6482486667490261,0.6482486667490261,0.6454033876875424,0.6510939458105098,2026-10-06,2026-10-06,1.0
2026-10-06,20,XLK,credit,2,0.6458023606155816,0.6458023606155816,0.6391663129514464,0.6524384082797168,2026-10-06,2026-10-06,1.0
2026-10-06,20,XLK,commodities,2,-0.0059528643838155,-0.0059528643838155,-0.5394148237240561,0.527509094956425,2026-10-06,2026-10-06,1.0
2026-10-06,20,XLK,fx,2,-0.2610185239099583,-0.2610185239099583,-0.3359126767664246,-0.186124371053492,2026-10-06,2026-10-06,1.0
2026-10-06,20,XLK,volatility,1,-0.7425181832648956,-0.7425181832648956,-0.7425181832648956,-0.7425181832648956,2026-10-06,2026-10-06,1.0
2026-10-06,20,XLF,equity,3,0.4243786308232997,0.3717623384150412,0.2815806372288916,0.6197929168259665,2026-10-06,2026-10-06,1.0
2026-10-06,20,XLF,rates,2,0.1934865896504252,0.1934865896504252,0.1596907619873922,0.2272824173134582,2026-10-06,2026-10-06,1.0
2026-10-06,20,XLF,credit,2,0.2415479322937044,0.2415479322937044,0.199901382532672,0.2831944820547368,2026-10-06,2026-10-06,1.0
2026-10-06,20,XLF,commodities,2,0.1216997623710449,0.1216997623710449,-0.0662923730572076,0.3096918977992976,2026-10-06,2026-10-06,1.0
2026-10-06,20,XLF,fx,2,-0.2228341507890758,-0.2228341507890758,-0.3669631901959885,-0.0787051113821631,2026-10-06,2026-10-06,1.0
2026-10-06,20,XLF,volatility,1,-0.3451801290225044,-0.3451801290225044,-0.3451801290225044,-0.3451801290225044,2026-10-06,2026-10-06,1.0
2026-10-06,20,XLV,equity,3,0.2827671548232228,0.2746080263359453,0.2287612294053406,0.3449322087283825,2026-10-06,2026-10-06,1.0
2026-10-06,20,XLV,rates,2,0.2524133720919771,0.2524133720919771,0.232491066578898,0.2723356776050563,2026-10-06,2026-10-06,1.0
2026-10-06,20,XLV,credit,2,0.2709544998974854,0.2709544998974854,0.2317347305746898,0.310174269220281,2026-10-06,2026-10-06,1.0
2026-10-06,20,XLV,commodities,2,-0.2389825556942054,-0.2389825556942054,-0.379826557379892,-0.0981385540085187,2026-10-06,2026-10-06,1.0
2026-10-06,20,XLV,fx,2,-0.1181717062294326,-0.1181717062294326,-0.1780085029575843,-0.058334909501281,2026-10-06,2026-10-06,1.0
2026-10-06,20,XLV,volatility,1,-0.0643112828314483,-0.0643112828314483,-0.0643112828314483,-0.0643112828314483,2026-10-06,2026-10-06,1.0
2026-10-06,20,XLE,equity,3,-0.1584037142457317,-0.1277062493660365,-0.2552340177052354,-0.0922708756659231,2026-10-06,2026-10-06,1.0
2026-10-06,20,XLE,rates,2,-0.1580524217022823,-0.1580524217022823,-0.197450761038831,-0.1186540823657336,2026-10-06,2026-10-06,1.0
2026-10-06,20,XLE,credit,2,-0.1179300896772585,-0.1179300896772585,-0.1201908799223974,-0.1156692994321197,2026-10-06,2026-10-06,1.0
2026-10-06,20,XLE,commodities,2,0.3737141558555739,0.3737141558555739,0.1637269380608274,0.5837013736503203,2026-10-06,2026-10-06,1.0
2026-10-06,20,XLE,fx,2,-0.2090063240183637,-0.2090063240183637,-0.3273776932257345,-0.090634954810993,2026-10-06,2026-10-06,1.0
2026-10-06,20,XLE,volatility,1,-0.0980260272230314,-0.0980260272230314,-0.0980260272230314,-0.0980260272230314,2026-10-06,2026-10-06,1.0
2026-10-06,20,XLY,equity,3,0.8045015917511836,0.7963068624800681,0.7385053012962018,0.8786926114772807,2026-10-06,2026-10-06,1.0
2026-10-06,20,XLY,rates,2,0.6196451506269246,0.6196451506269246,0.6086788738040102,0.630611427449839,2026-10-06,2026-10-06,1.0
2026-10-06,20,XLY,credit,2,0.6777247052611972,0.6777247052611972,0.6005715374537478,0.7548778730686466,2026-10-06,2026-10-06,1.0
2026-10-06,20,XLY,commodities,2,-0.0762416106556664,-0.0762416106556664,-0.5526906630413744,0.4002074417300415,2026-10-06,2026-10-06,1.0
2026-10-06,20,XLY,fx,2,-0.3379598049821609,-0.3379598049821609,-0.3954603559179641,-0.2804592540463577,2026-10-06,2026-10-06,1.0
2026-10-06,20,XLY,volatility,1,-0.6586495996937473,-0.6586495996937473,-0.6586495996937473,-0.6586495996937473,2026-10-06,2026-10-06,1.0
2026-10-06,20,XLP,equity,3,0.2238107985787612,0.2481270533647992,0.0711364875120605,0.352168854859424,2026-10-06,2026-10-06,1.0
2026-10-06,20,XLP,rates,2,0.2824642787734073,0.2824642787734073,0.2490393856038057,0.3158891719430088,2026-10-06,2026-10-06,1.0
2026-10-06,20,XLP,credit,2,0.2960166793422011,0.2960166793422011,0.2321487305065901,0.3598846281778122,2026-10-06,2026-10-06,1.0
2026-10-06,20,XLP,commodities,2,-0.1933642767816531,-0.1933642767816531,-0.2632529909239411,-0.123475562639365,2026-10-06,2026-10-06,1.0
2026-10-06,20,XLP,fx,2,-0.0461124280291341,-0.0461124280291341,-0.1085372716280611,0.0163124155697928,2026-10-06,2026-10-06,1.0
2026-10-06,20,XLP,volatility,1,-0.1941733238292873,-0.1941733238292873,-0.1941733238292873,-0.1941733238292873,2026-10-06,2026-10-06,1.0
2026-10-06,20,XLI,equity,3,0.5896212799967073,0.5731516366398984,0.5302424482645097,0.6654697550857138,2026-10-06,2026-10-06,1.0
2026-10-06,20,XLI,rates,2,0.4195447846894395,0.4195447846894395,0.4178083622381585,0.4212812071407206,2026-10-06,2026-10-06,1.0
2026-10-06,20,XLI,credit,2,0.4302068072795971,0.4302068072795971,0.3990325790106816,0.4613810355485127,2026-10-06,2026-10-06,1.0
2026-10-06,20,XLI,commodities,2,-0.0473525550651601,-0.0473525550651601,-0.520700032477499,0.4259949223471787,2026-10-06,2026-10-06,1.0
2026-10-06,20,XLI,fx,2,-0.1480529507317692,-0.1480529507317692,-0.1957877409323065,-0.100318160531232,2026-10-06,2026-10-06,1.0
2026-10-06,20,XLI,volatility,1,-0.6913700003584494,-0.6913700003584494,-0.6913700003584494,-0.6913700003584494,2026-10-06,2026-10-06,1.0
2026-10-06,20,XLB,equity,3,0.5320593985925732,0.5285166297862959,0.4682833077377599,0.5993782582536639,2026-10-06,2026-10-06,1.0
2026-10-06,20,XLB,rates,2,0.4652835630025485,0.4652835630025485,0.4574756703427636,0.4730914556623334,2026-10-06,2026-10-06,1.0
2026-10-06,20,XLB,credit,2,0.5220375422470801,0.5220375422470801,0.4942197653727502,0.54985531912141,2026-10-06,2026-10-06,1.0
2026-10-06,20,XLB,commodities,2,-0.0592337923882718,-0.0592337923882718,-0.4117971325037702,0.2933295477272266,2026-10-06,2026-10-06,1.0
2026-10-06,20,XLB,fx,2,-0.2726200812617139,-0.2726200812617139,-0.2751475831527618,-0.2700925793706659,2026-10-06,2026-10-06,1.0
2026-10-06,20,XLB,volatility,1,-0.5707409965476135,-0.5707409965476135,-0.5707409965476135,-0.5707409965476135,2026-10-06,2026-10-06,1.0
2026-10-06,20,XLU,equity,3,0.4363041637959848,0.4066219821593207,0.3966608690493604,0.5056296401792731,2026-10-06,2026-10-06,1.0
2026-10-06,20,XLU,rates,2,0.5898420753137242,0.5898420753137242,0.5369171219122948,0.6427670287151537,2026-10-06,2026-10-06,1.0
2026-10-06,20,XLU,credit,2,0.6761723426655964,0.6761723426655964,0.6277683921055311,0.7245762932256617,2026-10-06,2026-10-06,1.0
2026-10-06,20,XLU,commodities,2,0.0135210787274891,0.0135210787274891,-0.4102110144004564,0.4372531718554347,2026-10-06,2026-10-06,1.0
2026-10-06,20,XLU,fx,2,-0.2565169641645354,-0.2565169641645354,-0.2890845546934259,-0.223949373635645,2026-10-06,2026-10-06,1.0
2026-10-06,20,XLU,volatility,1,-0.4665364016585328,-0.4665364016585328,-0.4665364016585328,-0.4665364016585328,2026-10-06,2026-10-06,1.0
2026-10-06,20,XLRE,equity,3,0.6709110680289756,0.6564476063724218,0.5877216687001651,0.7685639290143398,2026-10-06,2026-10-06,1.0
2026-10-06,20,XLRE,rates,2,0.6336881063524051,0.6336881063524051,0.6159970528840886,0.6513791598207218,2026-10-06,2026-10-06,1.0
2026-10-06,20,XLRE,credit,2,0.6747197228426004,0.6747197228426004,0.623290584786037,0.7261488608991638,2026-10-06,2026-10-06,1.0
2026-10-06,20,XLRE,commodities,2,-0.0842628890616818,-0.0842628890616818,-0.4984872827937795,0.3299615046704159,2026-10-06,2026-10-06,1.0
2026-10-06,20,XLRE,fx,2,-0.3526935881724606,-0.3526935881724606,-0.3949973533160029,-0.3103898230289184,2026-10-06,2026-10-06,1.0
2026-10-06,20,XLRE,volatility,1,-0.6232170721654757,-0.6232170721654757,-0.6232170721654757,-0.6232170721654757,2026-10-06,2026-10-06,1.0
2026-10-06,20,XLC,equity,3,0.4028726193020711,0.4215582256522978,0.3201061680938033,0.4669534641601123,2026-10-06,2026-10-06,1.0
2026-10-06,20,XLC,rates,2,0.1811299699834541,0.1811299699834541,0.156420306044576,0.2058396339223322,2026-10-06,2026-10-06,1.0
2026-10-06,20,XLC,credit,2,0.2125082167085908,0.2125082167085908,0.1722216603393298,0.2527947730778518,2026-10-06,2026-10-06,1.0
2026-10-06,20,XLC,commodities,2,-0.1253306658297958,-0.1253306658297958,-0.1821343128879275,-0.0685270187716641,2026-10-06,2026-10-06,1.0
2026-10-06,20,XLC,fx,2,0.019027009819545,0.019027009819545,0.0064426901125125,0.0316113295265776,2026-10-06,2026-10-06,1.0
2026-10-06,20,XLC,volatility,1,0.0787370646675947,0.0787370646675947,0.0787370646675947,0.0787370646675947,2026-10-06,2026-10-06,1.0
2026-10-06,60,XLK,equity,3,0.7939423527265538,0.7826340726193173,0.661006938514326,0.9381860470460178,2026-10-06,2026-10-06,1.0
2026-10-06,60,XLK,rates,2,0.2646881168680414,0.2646881168680414,0.2325985009529957,0.2967777327830871,2026-10-06,2026-10-06,1.0
2026-10-06,60,XLK,credit,2,0.4111665833208438,0.4111665833208438,0.3546893853552713,0.4676437812864163,2026-10-06,2026-10-06,1.0
2026-10-06,60,XLK,commodities,2,0.0065299378085161,0.0065299378085161,-0.3180870990332076,0.3311469746502399,2026-10-06,2026-10-06,1.0
2026-10-06,60,XLK,fx,2,-0.1468124108052115,-0.1468124108052115,-0.1856201005627017,-0.1080047210477213,2026-10-06,2026-10-06,1.0
2026-10-06,60,XLK,volatility,1,-0.5802017813379292,-0.5802017813379292,-0.5802017813379292,-0.5802017813379292,2026-10-06,2026-10-06,1.0
2026-10-06,60,XLF,equity,3,0.4139057019017484,0.4087166783303794,0.2681137907691059,0.5648866366057598,2026-10-06,2026-10-06,1.0
2026-10-06,60,XLF,rates,2,0.3885182985618913,0.3885182985618913,0.3848409428319704,0.3921956542918123,2026-10-06,2026-10-06,1.0
2026-10-06,60,XLF,credit,2,0.4244687581604973,0.4244687581604973,0.39840645501286,0.4505310613081347,2026-10-06,2026-10-06,1.0
2026-10-06,60,XLF,commodities,2,-0.1379661578262279,-0.1379661578262279,-0.4386720278647451,0.1627397122122891,2026-10-06,2026-10-06,1.0
2026-10-06,60,XLF,fx,2,-0.1004678267119283,-0.1004678267119283,-0.1733642228979535,-0.0275714305259032,2026-10-06,2026-10-06,1.0
2026-10-06,60,XLF,volatility,1,-0.3918928443184384,-0.3918928443184384,-0.3918928443184384,-0.3918928443184384,2026-10-06,2026-10-06,1.0
2026-10-06,60,XLV,equity,3,-0.0226767883959149,0.0089380250697524,-0.2158434786785135,0.1388750884210161,2026-10-06,2026-10-06,1.0
2026-10-06,60,XLV,rates,2,0.3389221109585395,0.3389221109585395,0.2830469670733203,0.3947972548437587,2026-10-06,2026-10-06,1.0
2026-10-06,60,XLV,credit,2,0.2079890607138672,0.2079890607138672,0.1619498109050381,0.2540283105226963,2026-10-06,2026-10-06,1.0
2026-10-06,60,XLV,commodities,2,-0.0243379014598484,-0.0243379014598484,-0.16088491492821,0.112209112008513,2026-10-06,2026-10-06,1.0
2026-10-06,60,XLV,fx,2,-0.1192394564298868,-0.1192394564298868,-0.1208232002550629,-0.1176557126047108,2026-10-06,2026-10-06,1.0
2026-10-06,60,XLV,volatility,1,0.0230128797213169,0.0230128797213169,0.0230128797213169,0.0230128797213169,2026-10-06,2026-10-06,1.0
2026-10-06,60,XLE,equity,3,-0.2754986490815218,-0.2689534922493997,-0.3040473629656042,-0.2534950920295614,2026-10-06,2026-10-06,1.0
2026-10-06,60,XLE,rates,2,-0.3989208312142704,-0.3989208312142704,-0.4258236791409579,-0.372017983287583,2026-10-06,2026-10-06,1.0
2026-10-06,60,XLE,credit,2,-0.3415232786711645,-0.3415232786711645,-0.3896826098367815,-0.2933639475055475,2026-10-06,2026-10-06,1.0
2026-10-06,60,XLE,commodities,2,0.2970772896189677,0.2970772896189677,-0.0911655382928559,0.6853201175307913,2026-10-06,2026-10-06,1.0
2026-10-06,60,XLE,fx,2,0.0219181423424227,0.0219181423424227,0.0156396172235576,0.0281966674612878,2026-10-06,2026-10-06,1.0
2026-10-06,60,XLE,volatility,1,0.1347493986630059,0.1347493986630059,0.1347493986630059,0.1347493986630059,2026-10-06,2026-10-06,1.0
2026-10-06,60,XLY,equity,3,0.5170318850238975,0.452027948237268,0.4386741577880359,0.6603935490463886,2026-10-06,2026-10-06,1.0
2026-10-06,60,XLY,rates,2,0.4082572059958282,0.4082572059958282,0.4006690113053157,0.4158454006863407,2026-10-06,2026-10-06,1.0
2026-10-06,60,XLY,credit,2,0.5401326076475401,0.5401326076475401,0.4694499897965224,0.6108152254985577,2026-10-06,2026-10-06,1.0
2026-10-06,60,XLY,commodities,2,-0.1307309680215974,-0.1307309680215974,-0.5313921457259304,0.2699302096827355,2026-10-06,2026-10-06,1.0
2026-10-06,60,XLY,fx,2,-0.2120892274527553,-0.2120892274527553,-0.3756695619360842,-0.0485088929694263,2026-10-06,2026-10-06,1.0
2026-10-06,60,XLY,volatility,1,-0.5726550486756884,-0.5726550486756884,-0.5726550486756884,-0.5726550486756884,2026-10-06,2026-10-06,1.0
2026-10-06,60,XLP,equity,3,-0.0668991576666214,0.0062564152900124,-0.2591290751693003,0.0521751868794235,2026-10-06,2026-10-06,1.0
2026-10-06,60,XLP,rates,2,0.3142991959534654,0.3142991959534654,0.2879499987267178,0.3406483931802129,2026-10-06,2026-10-06,1.0
2026-10-06,60,XLP,credit,2,0.2514975672842265,0.2514975672842265,0.235888618154639,0.267106516413814,2026-10-06,2026-10-06,1.0
2026-10-06,60,XLP,commodities,2,-0.2415279735954196,-0.2415279735954196,-0.3556719336489318,-0.1273840135419074,2026-10-06,2026-10-06,1.0
2026-10-06,60,XLP,fx,2,-0.064181065813395,-0.064181065813395,-0.1452876378888121,0.016925506262022,2026-10-06,2026-10-06,1.0
2026-10-06,60,XLP,volatility,1,0.0706684550160984,0.0706684550160984,0.0706684550160984,0.0706684550160984,2026-10-06,2026-10-06,1.0
2026-10-06,60,XLI,equity,3,0.5846436288631492,0.6044560004637884,0.5322824742047234,0.6171924119209357,2026-10-06,2026-10-06,1.0
2026-10-06,60,XLI,rates,2,0.3181099284953584,0.3181099284953584,0.3155222075724665,0.3206976494182504,2026-10-06,2026-10-06,1.0
2026-10-06,60,XLI,credit,2,0.3497008914221537,0.3497008914221537,0.33367878377583,0.3657229990684775,2026-10-06,2026-10-06,1.0
2026-10-06,60,XLI,commodities,2,-0.1443133973231219,-0.1443133973231219,-0.4460157695590233,0.1573889749127793,2026-10-06,2026-10-06,1.0
2026-10-06,60,XLI,fx,2,-0.0142464202600161,-0.0142464202600161,-0.0266887283435141,-0.0018041121765182,2026-10-06,2026-10-06,1.0
2026-10-06,60,XLI,volatility,1,-0.4411513587464954,-0.4411513587464954,-0.4411513587464954,-0.4411513587464954,2026-10-06,2026-10-06,1.0
2026-10-06,60,XLB,equity,3,0.3540988166664172,0.3735349487985158,0.1981150712849199,0.4906464299158158,2026-10-06,2026-10-06,1.0
2026-10-06,60,XLB,rates,2,0.4301980478912522,0.4301980478912522,0.4216787080354566,0.4387173877470479,2026-10-06,2026-10-06,1.0
2026-10-06,60,XLB,credit,2,0.4164679390411831,0.4164679390411831,0.4101221656188359,0.4228137124635303,2026-10-06,2026-10-06,1.0
2026-10-06,60,XLB,commodities,2,-0.0196768443178863,-0.0196768443178863,-0.4301246340067995,0.3907709453710269,2026-10-06,2026-10-06,1.0
2026-10-06,60,XLB,fx,2,-0.1889513294573845,-0.1889513294573845,-0.1894762242864247,-0.1884264346283442,2026-10-06,2026-10-06,1.0
2026-10-06,60,XLB,volatility,1,-0.3093141295895465,-0.3093141295895465,-0.3093141295895465,-0.3093141295895465,2026-10-06,2026-10-06,1.0
2026-10-06,60,XLU,equity,3,0.1531912445460337,0.1734444207637724,0.1073372309660864,0.1787920819082425,2026-10-06,2026-10-06,1.0
2026-10-06,60,XLU,rates,2,0.3769066994422288,0.3769066994422288,0.3539326800438355,0.3998807188406221,2026-10-06,2026-10-06,1.0
2026-10-06,60,XLU,credit,2,0.3597696549925641,0.3597696549925641,0.3565540231018286,0.3629852868832995,2026-10-06,2026-10-06,1.0
2026-10-06,60,XLU,commodities,2,-0.0372170579364961,-0.0372170579364961,-0.156281021870093,0.0818469059971008,2026-10-06,2026-10-06,1.0
2026-10-06,60,XLU,fx,2,-0.1038291244109829,-0.1038291244109829,-0.1656272188224142,-0.0420310299995517,2026-10-06,2026-10-06,1.0
2026-10-06,60,XLU,volatility,1,-0.164837879779368,-0.164837879779368,-0.164837879779368,-0.164837879779368,2026-10-06,2026-10-06,1.0
2026-10-06,60,XLRE,equity,3,0.1636295169771795,0.2289759036801017,0.0235957866481055,0.2383168606033312,2026-10-06,2026-10-06,1.0
2026-10-06,60,XLRE,rates,2,0.474349748538598,0.474349748538598,0.4588054337821139,0.4898940632950821,2026-10-06,2026-10-06,1.0
2026-10-06,60,XLRE,credit,2,0.4388883121708506,0.4388883121708506,0.434671643515664,0.4431049808260374,2026-10-06,2026-10-06,1.0
2026-10-06,60,XLRE,commodities,2,-0.1217466278794419,-0.1217466278794419,-0.35397566780995,0.110482412051066,2026-10-06,2026-10-06,1.0
2026-10-06,60,XLRE,fx,2,-0.1677577842998538,-0.1677577842998538,-0.1906726564636196,-0.144842912136088,2026-10-06,2026-10-06,1.0
2026-10-06,60,XLRE,volatility,1,-0.0893679302226835,-0.0893679302226835,-0.0893679302226835,-0.0893679302226835,2026-10-06,2026-10-06,1.0
2026-10-06,60,XLC,equity,3,0.2918198299538731,0.2468877600585942,0.2120698054235523,0.4165019243794727,2026-10-06,2026-10-06,1.0
2026-10-06,60,XLC,rates,2,0.255512214030356,0.255512214030356,0.2512515259094204,0.2597729021512917,2026-10-06,2026-10-06,1.0
2026-10-06,60,XLC,credit,2,0.3184502014679462,0.3184502014679462,0.2884269974798325,0.3484734054560598,2026-10-06,2026-10-06,1.0
2026-10-06,60,XLC,commodities,2,-0.2282671672632671,-0.2282671672632671,-0.3931665197704695,-0.0633678147560648,2026-10-06,2026-10-06,1.0
2026-10-06,60,XLC,fx,2,-0.050317144929447,-0.050317144929447,-0.0947573267516955,-0.0058769631071985,2026-10-06,2026-10-06,1.0
2026-10-06,60,XLC,volatility,1,-0.0997138300822204,-0.0997138300822204,-0.0997138300822204,-0.0997138300822204,2026-10-06,2026-10-06,1.0
2026-10-07,20,XLK,equity,3,0.8232258150005757,0.87933385545818,0.6500278777490123,0.9403157117945344,2026-10-07,2026-10-07,0.998148148148148
2026-10-07,20,XLK,rates,2,0.6317972615755236,0.6317972615755236,0.6266179290154533,0.636976594135594,2026-10-07,2026-10-07,0.998148148148148
2026-10-07,20,XLK,credit,2,0.636823777137763,0.636823777137763,0.6266594339121663,0.6469881203633596,2026-10-07,2026-10-07,0.998148148148148
2026-10-07,20,XLK,commodities,2,0.021686858953591,0.021686858953591,-0.5251164524847389,0.5684901703919211,2026-10-07,2026-10-07,0.998148148148148
2026-10-07,20,XLK,fx,2,-0.2882140304259881,-0.2882140304259881,-0.3588772207804674,-0.2175508400715089,2026-10-07,2026-10-07,0.998148148148148
2026-10-07,20,XLK,volatility,1,-0.7398831688543701,-0.7398831688543701,-0.7398831688543701,-0.7398831688543701,2026-10-07,2026-10-07,0.998148148148148
2026-10-07,20,XLF,equity,3,0.429695335207874,0.3739220892528874,0.2892786905620154,0.6258852258087193,2026-10-07,2026-10-07,0.998148148148148
2026-10-07,20,XLF,rates,2,0.1862915160795413,0.1862915160795413,0.1532207317216544,0.2193623004374281,2026-10-07,2026-10-07,0.998148148148148
2026-10-07,20,XLF,credit,2,0.2386712299838531,0.2386712299838531,0.195738062918482,0.2816043970492242,2026-10-07,2026-10-07,0.998148148148148
2026-10-07,20,XLF,commodities,2,0.138587273430224,0.138587273430224,-0.0545923944805019,0.33176694134095,2026-10-07,2026-10-07,0.998148148148148
2026-10-07,20,XLF,fx,2,-0.2447567087592079,-0.2447567087592079,-0.3961073424405855,-0.0934060750778303,2026-10-07,2026-10-07,0.998148148148148
2026-10-07,20,XLF,volatility,1,-0.3440685946860273,-0.3440685946860273,-0.3440685946860273,-0.3440685946860273,2026-10-07,2026-10-07,0.998148148148148
2026-10-07,20,XLV,equity,3,0.1838619970931573,0.1835681376721535,0.1634432387092969,0.2045746148980216,2026-10-07,2026-10-07,0.998148148148148
2026-10-07,20,XLV,rates,2,0.247928226498312,0.247928226498312,0.2344341211208832,0.2614223318757409,2026-10-07,2026-10-07,0.998148148148148
2026-10-07,20,XLV,credit,2,0.2594931720113413,0.2594931720113413,0.235416257332087,0.2835700866905956,2026-10-07,2026-10-07,0.998148148148148
2026-10-07,20,XLV,commodities,2,-0.2519712621751363,-0.2519712621751363,-0.3607467408256508,-0.1431957835246218,2026-10-07,2026-10-07,0.998148148148148
2026-10-07,20,XLV,fx,2,-0.0056551852972685,-0.0056551852972685,-0.1192084704024358,0.1078980998078987,2026-10-07,2026-10-07,0.998148148148148
2026-10-07,20,XLV,volatility,1,-0.0315588706350553,-0.0315588706350553,-0.0315588706350553,-0.0315588706350553,2026-10-07,2026-10-07,0.998148148148148
2026-10-07,20,XLE,equity,3,-0.1016945350037882,-0.0482776580644556,-0.2222662517576842,-0.0345396951892247,2026-10-07,2026-10-07,0.998148148148148
2026-10-07,20,XLE,rates,2,-0.1498905042048816,-0.1498905042048816,-0.186504643886865,-0.1132763645228982,2026-10-07,2026-10-07,0.998148148148148
2026-10-07,20,XLE,credit,2,-0.1134490918010827,-0.1134490918010827,-0.1192086298128857,-0.1076895537892798,2026-10-07,2026-10-07,0.998148148148148
2026-10-07,20,XLE,commodities,2,0.361500343713955,0.361500343713955,0.152930323593644,0.570070363834266,2026-10-07,2026-10-07,0.998148148148148
2026-10-07,20,XLE,fx,2,-0.2290935312084689,-0.2290935312084689,-0.3696349682957711,-0.0885520941211668,2026-10-07,2026-10-07,0.998148148148148
2026-10-07,20,XLE,volatility,1,-0.1344590499890036,-0.1344590499890036,-0.1344590499890036,-0.1344590499890036,2026-10-07,2026-10-07,0.998148148148148
2026-10-07,20,XLY,equity,3,0.787956487367845,0.8019154992772286,0.6847134845792573,0.8772404782470489,2026-10-07,2026-10-07,0.998148148148148
2026-10-07,20,XLY,rates,2,0.6197161643256381,0.6197161643256381,0.6100060375314691,0.6294262911198073,2026-10-07,2026-10-07,0.998148148148148
2026-10-07,20,XLY,credit,2,0.6984034395258607,0.6984034395258607,0.6233255630879602,0.7734813159637612,2026-10-07,2026-10-07,0.998148148148148
2026-10-07,20,XLY,commodities,2,-0.0068649458785253,-0.0068649458785253,-0.5169465877870628,0.5032166960300121,2026-10-07,2026-10-07,0.998148148148148
2026-10-07,20,XLY,fx,2,-0.388863776421213,-0.388863776421213,-0.5313024934350037,-0.2464250594074225,2026-10-07,2026-10-07,0.998148148148148
2026-10-07,20,XLY,volatility,1,-0.6447296570852619,-0.6447296570852619,-0.6447296570852619,-0.6447296570852619,2026-10-07,2026-10-07,0.998148148148148
2026-10-07,20,XLP,equity,3,0.1607123724201933,0.1978476654028252,0.030140298254235,0.2541491536035198,2026-10-07,2026-10-07,0.998148148148148
2026-10-07,20,XLP,rates,2,0.2674655589753335,0.2674655589753335,0.235474245209151,0.2994568727415158,2026-10-07,2026-10-07,0.998148148148148
2026-10-07,20,XLP,credit,2,0.2987937322247806,0.2987937322247806,0.2401529090535248,0.3574345553960363,2026-10-07,2026-10-07,0.998148148148148
2026-10-07,20,XLP,commodities,2,-0.1299931668146944,-0.1299931668146944,-0.2063412168654047,-0.0536451167639841,2026-10-07,2026-10-07,0.998148148148148
2026-10-07,20,XLP,fx,2,-0.0902449037692219,-0.0902449037692219,-0.2425162973423885,0.0620264898039447,2026-10-07,2026-10-07,0.998148148148148
2026-10-07,20,XLP,volatility,1,-0.1452617570903827,-0.1452617570903827,-0.1452617570903827,-0.1452617570903827,2026-10-07,2026-10-07,0.998148148148148
2026-10-07,20,XLI,equity,3,0.5671680126803746,0.5472497300861774,0.541969440461997,0.6122848674929495,2026-10-07,2026-10-07,0.998148148148148
2026-10-07,20,XLI,rates,2,0.3261778768316897,0.3261778768316897,0.3203294861764304,0.332026267486949,2026-10-07,2026-10-07,0.998148148148148
2026-10-07,20,XLI,credit,2,0.3730157743539528,0.3730157743539528,0.3360314312456208,0.4100001174622848,2026-10-07,2026-10-07,0.998148148148148
2026-10-07,20,XLI,commodities,2,0.105307176791411,0.105307176791411,-0.3829759654246925,0.5935903190075145,2026-10-07,2026-10-07,0.998148148148148
2026-10-07,20,XLI,fx,2,-0.3241960355798274,-0.3241960355798274,-0.3790732052783852,-0.2693188658812697,2026-10-07,2026-10-07,0.998148148148148
2026-10-07,20,XLI,volatility,1,-0.5950769524859928,-0.5950769524859928,-0.5950769524859928,-0.5950769524859928,2026-10-07,2026-10-07,0.998148148148148
2026-10-07,20,XLB,equity,3,0.5336839502574533,0.5150555496918772,0.4669560348967091,0.6190402661837735,2026-10-07,2026-10-07,0.998148148148148
2026-10-07,20,XLB,rates,2,0.4148287509102394,0.4148287509102394,0.4103722792351422,0.4192852225853367,2026-10-07,2026-10-07,0.998148148148148
2026-10-07,20,XLB,credit,2,0.4919408027687718,0.4919408027687718,0.4591865116781709,0.5246950938593726,2026-10-07,2026-10-07,0.998148148148148
2026-10-07,20,XLB,commodities,2,0.0316594398436936,0.0316594398436936,-0.3434946073193604,0.4068134870067477,2026-10-07,2026-10-07,0.998148148148148
2026-10-07,20,XLB,fx,2,-0.3675230239328911,-0.3675230239328911,-0.3778378026681104,-0.3572082451976717,2026-10-07,2026-10-07,0.998148148148148
2026-10-07,20,XLB,volatility,1,-0.5313453642472392,-0.5313453642472392,-0.5313453642472392,-0.5313453642472392,2026-10-07,2026-10-07,0.998148148148148
2026-10-07,20,XLU,equity,3,0.3938174439966302,0.3828899444921534,0.321572330433946,0.4769900570637913,2026-10-07,2026-10-07,0.998148148148148
2026-10-07,20,XLU,rates,2,0.5864477080066589,0.5864477080066589,0.5304518558299515,0.6424435601833663,2026-10-07,2026-10-07,0.998148148148148
2026-10-07,20,XLU,credit,2,0.6819108127474106,0.6819108127474106,0.6384296828053827,0.7253919426894385,2026-10-07,2026-10-07,0.998148148148148
2026-10-07,20,XLU,commodities,2,0.0453222122941759,0.0453222122941759,-0.3845798072699007,0.4752242318582526,2026-10-07,2026-10-07,0.998148148148148
2026-10-07,20,XLU,fx,2,-0.2980278000615868,-0.2980278000615868,-0.4369957613278313,-0.1590598387953423,2026-10-07,2026-10-07,0.998148148148148
2026-10-07,20,XLU,volatility,1,-0.4452396738011729,-0.4452396738011729,-0.4452396738011729,-0.4452396738011729,2026-10-07,2026-10-07,0.998148148148148
2026-10-07,20,XLRE,equity,3,0.6663274249026804,0.6516220611838202,0.5957076369358562,0.7516525765883648,2026-10-07,2026-10-07,0.998148148148148
2026-10-07,20,XLRE,rates,2,0.5845813433935474,0.5845813433935474,0.5644258337767484,0.6047368530103463,2026-10-07,2026-10-07,0.998148148148148
2026-10-07,20,XLRE,credit,2,0.6485310424217383,0.6485310424217383,0.5935839036408797,0.7034781812025969,2026-10-07,2026-10-07,0.998148148148148
2026-10-07,20,XLRE,commodities,2,0.0131635069713402,0.0131635069713402,-0.4274347592264567,0.4537617731691372,2026-10-07,2026-10-07,0.998148148148148
2026-10-07,20,XLRE,fx,2,-0.4670077673535061,-0.4670077673535061,-0.5541664256415224,-0.3798491090654897,2026-10-07,2026-10-07,0.998148148148148
2026-10-07,20,XLRE,volatility,1,-0.5838345550404745,-0.5838345550404745,-0.5838345550404745,-0.5838345550404745,2026-10-07,2026-10-07,0.998148148148148
2026-10-07,20,XLC,equity,3,0.3943818093001592,0.4169737609616217,0.3057852929609477,0.4603863739779081,2026-10-07,2026-10-07,0.998148148148148
2026-10-07,20,XLC,rates,2,0.1688181165867608,0.1688181165867608,0.1439880498229187,0.193648183350603,2026-10-07,2026-10-07,0.998148148148148
2026-10-07,20,XLC,credit,2,0.2078935545463432,0.2078935545463432,0.1680541779992523,0.2477329310934342,2026-10-07,2026-10-07,0.998148148148148
2026-10-07,20,XLC,commodities,2,-0.0940590247215562,-0.0940590247215562,-0.1589440411994976,-0.0291740082436149,2026-10-07,2026-10-07,0.998148148148148
2026-10-07,20,XLC,fx,2,-0.0051512067870517,-0.0051512067870517,-0.0067473092949278,-0.0035551042791756,2026-10-07,2026-10-07,0.998148148148148
2026-10-07,20,XLC,volatility,1,0.0990314174423341,0.0990314174423341,0.0990314174423341,0.0990314174423341,2026-10-07,2026-10-07,0.998148148148148
2026-10-07,60,XLK,equity,3,0.8018898269723627,0.7954401247564062,0.6702788091878515,0.93995054697283,2026-10-07,2026-10-07,0.998148148148148
2026-10-07,60,XLK,rates,2,0.2773980372762247,0.2773980372762247,0.2416043239751142,0.3131917505773352,2026-10-07,2026-10-07,0.998148148148148
2026-10-07,60,XLK,credit,2,0.4313778205247991,0.4313778205247991,0.3751622948442097,0.4875933462053886,2026-10-07,2026-10-07,0.998148148148148
2026-10-07,60,XLK,commodities,2,0.0100316914367832,0.0100316914367832,-0.3147529519932969,0.3348163348668634,2026-10-07,2026-10-07,0.998148148148148
2026-10-07,60,XLK,fx,2,-0.1567612031615444,-0.1567612031615444,-0.2169636749372362,-0.0965587313858526,2026-10-07,2026-10-07,0.998148148148148
2026-10-07,60,XLK,volatility,1,-0.59696615535458,-0.59696615535458,-0.59696615535458,-0.59696615535458,2026-10-07,2026-10-07,0.998148148148148
2026-10-07,60,XLF,equity,3,0.4173097335271742,0.4092538360582272,0.2780502121590854,0.5646251523642102,2026-10-07,2026-10-07,0.998148148148148
2026-10-07,60,XLF,rates,2,0.3799061875613678,0.3799061875613678,0.3798847805708926,0.379927594551843,2026-10-07,2026-10-07,0.998148148148148
2026-10-07,60,XLF,credit,2,0.4148895775131888,0.4148895775131888,0.3854591072632543,0.4443200477631232,2026-10-07,2026-10-07,0.998148148148148
2026-10-07,60,XLF,commodities,2,-0.1338544067656937,-0.1338544067656937,-0.4412414580412525,0.1735326445098649,2026-10-07,2026-10-07,0.998148148148148
2026-10-07,60,XLF,fx,2,-0.1135198281457083,-0.1135198281457083,-0.1644126815267777,-0.0626269747646389,2026-10-07,2026-10-07,0.998148148148148
2026-10-07,60,XLF,volatility,1,-0.3841856233280676,-0.3841856233280676,-0.3841856233280676,-0.3841856233280676,2026-10-07,2026-10-07,0.998148148148148
2026-10-07,60,XLV,equity,3,-0.0336341552384594,0.0033831370267194,-0.2199947229783023,0.1157091202362044,2026-10-07,2026-10-07,0.998148148148148
2026-10-07,60,XLV,rates,2,0.3407103598376084,0.3407103598376084,0.2879806741088251,0.3934400455663916,2026-10-07,2026-10-07,0.998148148148148
2026-10-07,60,XLV,credit,2,0.2085124707191806,0.2085124707191806,0.1580102354476943,0.259014705990667,2026-10-07,2026-10-07,0.998148148148148
2026-10-07,60,XLV,commodities,2,-0.0354935032598939,-0.0354935032598939,-0.1639574780990786,0.0929704715792907,2026-10-07,2026-10-07,0.998148148148148
2026-10-07,60,XLV,fx,2,-0.0989326033234509,-0.0989326033234509,-0.1029245850720329,-0.0949406215748689,2026-10-07,2026-10-07,0.998148148148148
2026-10-07,60,XLV,volatility,1,0.0224739571461989,0.0224739571461989,0.0224739571461989,0.0224739571461989,2026-10-07,2026-10-07,0.998148148148148
2026-10-07,60,XLE,equity,3,-0.2631777278576074,-0.2583868302040828,-0.2762726294224222,-0.2548737239463173,2026-10-07,2026-10-07,0.998148148148148
2026-10-07,60,XLE,rates,2,-0.3921615175045461,-0.3921615175045461,-0.4200602962711047,-0.3642627387379874,2026-10-07,2026-10-07,0.998148148148148
2026-10-07,60,XLE,credit,2,-0.3296680591914424,-0.3296680591914424,-0.3804893874635771,-0.2788467309193077,2026-10-07,2026-10-07,0.998148148148148
2026-10-07,60,XLE,commodities,2,0.3072439116995231,0.3072439116995231,-0.0780549868322688,0.6925428102313151,2026-10-07,2026-10-07,0.998148148148148
2026-10-07,60,XLE,fx,2,0.0062325578675974,0.0062325578675974,-0.007541316597048,0.0200064323322428,2026-10-07,2026-10-07,0.998148148148148
2026-10-07,60,XLE,volatility,1,0.1244711013114577,0.1244711013114577,0.1244711013114577,0.1244711013114577,2026-10-07,2026-10-07,0.998148148148148
2026-10-07,60,XLY,equity,3,0.5169331347962473,0.4468771300949635,0.4447322970627423,0.659189977231036,2026-10-07,2026-10-07,0.998148148148148
2026-10-07,60,XLY,rates,2,0.4020155148894573,0.4020155148894573,0.3968287618954615,0.407202267883453,2026-10-07,2026-10-07,0.998148148148148
2026-10-07,60,XLY,credit,2,0.5335867203099739,0.5335867203099739,0.4609487465690173,0.6062246940509304,2026-10-07,2026-10-07,0.998148148148148
2026-10-07,60,XLY,commodities,2,-0.1314951501833313,-0.1314951501833313,-0.5359554739101864,0.2729651735435236,2026-10-07,2026-10-07,0.998148148148148
2026-10-07,60,XLY,fx,2,-0.2226956310011076,-0.2226956310011076,-0.3727478038335341,-0.072643458168681,2026-10-07,2026-10-07,0.998148148148148
2026-10-07,60,XLY,volatility,1,-0.5681810984453057,-0.5681810984453057,-0.5681810984453057,-0.5681810984453057,2026-10-07,2026-10-07,0.998148148148148
2026-10-07,60,XLP,equity,3,-0.0659451281667068,0.0066105949511545,-0.2580916416017791,0.053645662150504,2026-10-07,2026-10-07,0.998148148148148
2026-10-07,60,XLP,rates,2,0.3147686419100826,0.3147686419100826,0.2886754670795129,0.3408618167406522,2026-10-07,2026-10-07,0.998148148148148
2026-10-07,60,XLP,credit,2,0.2526400175078928,0.2526400175078928,0.2369386410892605,0.268341393926525,2026-10-07,2026-10-07,0.998148148148148
2026-10-07,60,XLP,commodities,2,-0.2393291517319983,-0.2393291517319983,-0.3551018772995665,-0.1235564261644302,2026-10-07,2026-10-07,0.998148148148148
2026-10-07,60,XLP,fx,2,-0.0731305438779896,-0.0731305438779896,-0.1498047262543787,0.0035436384983995,2026-10-07,2026-10-07,0.998148148148148
2026-10-07,60,XLP,volatility,1,0.0717232079733036,0.0717232079733036,0.0717232079733036,0.0717232079733036,2026-10-07,2026-10-07,0.998148148148148
2026-10-07,60,XLI,equity,3,0.5855009596761044,0.5972582468360866,0.520933132101811,0.6383115000904155,2026-10-07,2026-10-07,0.998148148148148
2026-10-07,60,XLI,rates,2,0.3068131629951427,0.3068131629951427,0.3019503081929663,0.3116760177973191,2026-10-07,2026-10-07,0.998148148148148
2026-10-07,60,XLI,credit,2,0.3466919850889493,0.3466919850889493,0.3231215957860813,0.3702623743918173,2026-10-07,2026-10-07,0.998148148148148
2026-10-07,60,XLI,commodities,2,-0.111451713587209,-0.111451713587209,-0.414837292146114,0.191933864971696,2026-10-07,2026-10-07,0.998148148148148
2026-10-07,60,XLI,fx,2,-0.06467424299742,-0.06467424299742,-0.0687345582577249,-0.0606139277371151,2026-10-07,2026-10-07,0.998148148148148
2026-10-07,60,XLI,volatility,1,-0.4304385302858088,-0.4304385302858088,-0.4304385302858088,-0.4304385302858088,2026-10-07,2026-10-07,0.998148148148148
2026-10-07,60,XLB,equity,3,0.3648226985743188,0.3802184389890031,0.2008836649685333,0.5133659917654203,2026-10-07,2026-10-07,0.998148148148148
2026-10-07,60,XLB,rates,2,0.4271066963065456,0.4271066963065456,0.4183868138200101,0.4358265787930812,2026-10-07,2026-10-07,0.998148148148148
2026-10-07,60,XLB,credit,2,0.4212087156550108,0.4212087156550108,0.4102730542928447,0.4321443770171768,2026-10-07,2026-10-07,0.998148148148148
2026-10-07,60,XLB,commodities,2,-0.0028652405331179,-0.0028652405331179,-0.4135953347741132,0.4078648537078773,2026-10-07,2026-10-07,0.998148148148148
2026-10-07,60,XLB,fx,2,-0.2184994183463905,-0.2184994183463905,-0.2267624072389537,-0.2102364294538274,2026-10-07,2026-10-07,0.998148148148148
2026-10-07,60,XLB,volatility,1,-0.3112449551447723,-0.3112449551447723,-0.3112449551447723,-0.3112449551447723,2026-10-07,2026-10-07,0.998148148148148
2026-10-07,60,XLU,equity,3,0.1553544357531214,0.177656014350837,0.1022251355511989,0.1861821573573283,2026-10-07,2026-10-07,0.998148148148148
2026-10-07,60,XLU,rates,2,0.392946820990111,0.392946820990111,0.364828272150604,0.421065369829618,2026-10-07,2026-10-07,0.998148148148148
2026-10-07,60,XLU,credit,2,0.3805164790648772,0.3805164790648772,0.3743138460944676,0.3867191120352868,2026-10-07,2026-10-07,0.998148148148148
2026-10-07,60,XLU,commodities,2,-0.03819308283737,-0.03819308283737,-0.1546655131730085,0.0782793474982684,2026-10-07,2026-10-07,0.998148148148148
2026-10-07,60,XLU,fx,2,-0.124998711152955,-0.124998711152955,-0.1429952736280899,-0.1070021486778202,2026-10-07,2026-10-07,0.998148148148148
2026-10-07,60,XLU,volatility,1,-0.178362586432703,-0.178362586432703,-0.178362586432703,-0.178362586432703,2026-10-07,2026-10-07,0.998148148148148
2026-10-07,60,XLRE,equity,3,0.1764659267681055,0.242390587146076,0.0330684167107835,0.2539387764474569,2026-10-07,2026-10-07,0.998148148148148
2026-10-07,60,XLRE,rates,2,0.4628474598808472,0.4628474598808472,0.4502247464119115,0.4754701733497829,2026-10-07,2026-10-07,0.998148148148148
2026-10-07,60,XLRE,credit,2,0.4324455218984863,0.4324455218984863,0.4225740453630434,0.4423169984339293,2026-10-07,2026-10-07,0.998148148148148
2026-10-07,60,XLRE,commodities,2,-0.1026080529412196,-0.1026080529412196,-0.341292638836015,0.1360765329535758,2026-10-07,2026-10-07,0.998148148148148
2026-10-07,60,XLRE,fx,2,-0.2034615058968306,-0.2034615058968306,-0.2244310280032963,-0.182491983790365,2026-10-07,2026-10-07,0.998148148148148
2026-10-07,60,XLRE,volatility,1,-0.0857865561172712,-0.0857865561172712,-0.0857865561172712,-0.0857865561172712,2026-10-07,2026-10-07,0.998148148148148
2026-10-07,60,XLC,equity,3,0.2925685624501338,0.2397791123860094,0.2238954372774356,0.4140311376869563,2026-10-07,2026-10-07,0.998148148148148
2026-10-07,60,XLC,rates,2,0.2437082360718973,0.2437082360718973,0.2344546484953777,0.2529618236484168,2026-10-07,2026-10-07,0.998148148148148
2026-10-07,60,XLC,credit,2,0.3034211285677324,0.3034211285677324,0.2702213621106707,0.3366208950247941,2026-10-07,2026-10-07,0.998148148148148
2026-10-07,60,XLC,commodities,2,-0.2300194552259388,-0.2300194552259388,-0.4021463626825106,-0.057892547769367,2026-10-07,2026-10-07,0.998148148148148
2026-10-07,60,XLC,fx,2,-0.0542607758068913,-0.0542607758068913,-0.1324357120185393,0.0239141604047566,2026-10-07,2026-10-07,0.998148148148148
2026-10-07,60,XLC,volatility,1,-0.0849214494864704,-0.0849214494864704,-0.0849214494864704,-0.0849214494864704,2026-10-07,2026-10-07,0.998148148148148
2026-10-08,20,XLK,equity,3,0.7799612430997523,0.8579318268038838,0.5391322526813811,0.9428196498139922,2026-10-08,2026-10-08,0.998148148148148
2026-10-08,20,XLK,rates,2,0.3488106295404404,0.3488106295404404,0.3252603639690476,0.3723608951118332,2026-10-08,2026-10-08,0.998148148148148
2026-10-08,20,XLK,credit,2,0.4608859912976618,0.4608859912976618,0.3889600871980237,0.5328118953973,2026-10-08,2026-10-08,0.998148148148148
2026-10-08,20,XLK,commodities,2,-0.0445327163945968,-0.0445327163945968,-0.4843869918500357,0.3953215590608419,2026-10-08,2026-10-08,0.998148148148148
2026-10-08,20,XLK,fx,2,-0.0966578693965103,-0.0966578693965103,-0.1674754315037351,-0.0258403072892856,2026-10-08,2026-10-08,0.998148148148148
2026-10-08,20,XLK,volatility,1,-0.6780727197629969,-0.6780727197629969,-0.6780727197629969,-0.6780727197629969,2026-10-08,2026-10-08,0.998148148148148
2026-10-08,20,XLF,equity,3,0.3421651592674449,0.2906375372937895,0.2099044227996939,0.5259535177088513,2026-10-08,2026-10-08,0.998148148148148
2026-10-08,20,XLF,rates,2,0.2823319008007897,0.2823319008007897,0.2643953747586836,0.3002684268428958,2026-10-08,2026-10-08,0.998148148148148
2026-10-08,20,XLF,credit,2,0.2746857581887595,0.2746857581887595,0.2686179206451035,0.2807535957324156,2026-10-08,2026-10-08,0.998148148148148
2026-10-08,20,XLF,commodities,2,0.2060872683376547,0.2060872683376547,0.0404246528463983,0.3717498838289112,2026-10-08,2026-10-08,0.998148148148148
2026-10-08,20,XLF,fx,2,-0.3123820778951313,-0.3123820778951313,-0.4555045949363862,-0.1692595608538764,2026-10-08,2026-10-08,0.998148148148148
2026-10-08,20,XLF,volatility,1,-0.2984674086421066,-0.2984674086421066,-0.2984674086421066,-0.2984674086421066,2026-10-08,2026-10-08,0.998148148148148
2026-10-08,20,XLV,equity,3,0.156555031565736,0.1544425355187944,0.129111898542693,0.1861106606357205,2026-10-08,2026-10-08,0.998148148148148
2026-10-08,20,XLV,rates,2,0.1260818552603993,0.1260818552603993,0.1206976521546946,0.1314660583661041,2026-10-08,2026-10-08,0.998148148148148
2026-10-08,20,XLV,credit,2,0.1766161728464684,0.1766161728464684,0.1251464464422848,0.228085899250652,2026-10-08,2026-10-08,0.998148148148148
2026-10-08,20,XLV,commodities,2,-0.2792809793093692,-0.2792809793093692,-0.3311810907678221,-0.2273808678509162,2026-10-08,2026-10-08,0.998148148148148
2026-10-08,20,XLV,fx,2,0.077739341408508,0.077739341408508,-0.0347770047395869,0.190255687556603,2026-10-08,2026-10-08,0.998148148148148
2026-10-08,20,XLV,volatility,1,0.0251077124568169,0.0251077124568169,0.0251077124568169,0.0251077124568169,2026-10-08,2026-10-08,0.998148148148148
2026-10-08,20,XLE,equity,3,-0.1982232787007642,-0.160065503966944,-0.4012912949225573,-0.0333130372127914,2026-10-08,2026-10-08,0.998148148148148
2026-10-08,20,XLE,rates,2,0.0002332024750662,0.0002332024750662,-0.0003123070973962,0.0007787120475287,2026-10-08,2026-10-08,0.998148148148148
2026-10-08,20,XLE,credit,2,-0.0728633681235899,-0.0728633681235899,-0.1168985363974432,-0.0288281998497367,2026-10-08,2026-10-08,0.998148148148148
2026-10-08,20,XLE,commodities,2,0.4593638123313772,0.4593638123313772,0.2006116144268943,0.71811601023586,2026-10-08,2026-10-08,0.998148148148148
2026-10-08,20,XLE,fx,2,-0.3179071139505792,-0.3179071139505792,-0.4281726588075047,-0.2076415690936536,2026-10-08,2026-10-08,0.998148148148148
2026-10-08,20,XLE,volatility,1,-0.0413078710068945,-0.0413078710068945,-0.0413078710068945,-0.0413078710068945,2026-10-08,2026-10-08,0.998148148148148
2026-10-08,20,XLY,equity,3,0.7499844183974353,0.7192207135024199,0.6841125987774967,0.8466199429123895,2026-10-08,2026-10-08,0.998148148148148
2026-10-08,20,XLY,rates,2,0.6137019509626587,0.6137019509626587,0.6131192931197427,0.6142846088055746,2026-10-08,2026-10-08,0.998148148148148
2026-10-08,20,XLY,credit,2,0.7093572166168622,0.7093572166168622,0.635694755116476,0.7830196781172484,2026-10-08,2026-10-08,0.998148148148148
2026-10-08,20,XLY,commodities,2,0.0046867537578119,0.0046867537578119,-0.4902822494567095,0.4996557569723334,2026-10-08,2026-10-08,0.998148148148148
2026-10-08,20,XLY,fx,2,-0.3834588692598101,-0.3834588692598101,-0.5238772453484027,-0.2430404931712175,2026-10-08,2026-10-08,0.998148148148148
2026-10-08,20,XLY,volatility,1,-0.634738005856112,-0.634738005856112,-0.634738005856112,-0.634738005856112,2026-10-08,2026-10-08,0.998148148148148
2026-10-08,20,XLP,equity,3,0.0420397436349924,0.0610583906462923,-0.1818516799012336,0.2469125201599186,2026-10-08,2026-10-08,0.998148148148148
2026-10-08,20,XLP,rates,2,0.4153393297897242,0.4153393297897242,0.3662571811265929,0.4644214784528555,2026-10-08,2026-10-08,0.998148148148148
2026-10-08,20,XLP,credit,2,0.3438355972268706,0.3438355972268706,0.3321876703889876,0.3554835240647535,2026-10-08,2026-10-08,0.998148148148148
2026-10-08,20,XLP,commodities,2,0.00164470754676,0.00164470754676,-0.0549899181593293,0.0582793332528494,2026-10-08,2026-10-08,0.998148148148148
2026-10-08,20,XLP,fx,2,-0.2281667654463897,-0.2281667654463897,-0.3593285273765835,-0.097005003516196,2026-10-08,2026-10-08,0.998148148148148
2026-10-08,20,XLP,volatility,1,-0.0729899219744275,-0.0729899219744275,-0.0729899219744275,-0.0729899219744275,2026-10-08,2026-10-08,0.998148148148148
2026-10-08,20,XLI,equity,3,0.5125264524875693,0.5253907896433009,0.4488383132919628,0.5633502545274442,2026-10-08,2026-10-08,0.998148148148148
2026-10-08,20,XLI,rates,2,0.3061960230149795,0.3061960230149795,0.2988322074823002,0.3135598385476589,2026-10-08,2026-10-08,0.998148148148148
2026-10-08,20,XLI,credit,2,0.3481284250931116,0.3481284250931116,0.3133860065543313,0.3828708436318919,2026-10-08,2026-10-08,0.998148148148148
2026-10-08,20,XLI,commodities,2,0.1361694923382703,0.1361694923382703,-0.3121809150712079,0.5845198997477487,2026-10-08,2026-10-08,0.998148148148148
2026-10-08,20,XLI,fx,2,-0.3256432375588332,-0.3256432375588332,-0.3907053852078013,-0.2605810899098649,2026-10-08,2026-10-08,0.998148148148148
2026-10-08,20,XLI,volatility,1,-0.5639557134394781,-0.5639557134394781,-0.5639557134394781,-0.5639557134394781,2026-10-08,2026-10-08,0.998148148148148
2026-10-08,20,XLB,equity,3,0.439553985510845,0.424177115819264,0.3069551259660808,0.5875297147471904,2026-10-08,2026-10-08,0.998148148148148
2026-10-08,20,XLB,rates,2,0.3932618851087073,0.3932618851087073,0.3906574760747823,0.3958662941426322,2026-10-08,2026-10-08,0.998148148148148
2026-10-08,20,XLB,credit,2,0.4518424539960028,0.4518424539960028,0.4267835100890949,0.4769013979029108,2026-10-08,2026-10-08,0.998148148148148
2026-10-08,20,XLB,commodities,2,0.0957746001034334,0.0957746001034334,-0.1944952417097079,0.3860444419165748,2026-10-08,2026-10-08,0.998148148148148
2026-10-08,20,XLB,fx,2,-0.3764425177596642,-0.3764425177596642,-0.3998387637941968,-0.3530462717251316,2026-10-08,2026-10-08,0.998148148148148
2026-10-08,20,XLB,volatility,1,-0.4532979554974327,-0.4532979554974327,-0.4532979554974327,-0.4532979554974327,2026-10-08,2026-10-08,0.998148148148148
2026-10-08,20,XLU,equity,3,0.3559633589257731,0.3293801240515305,0.2903525462275116,0.4481574064982771,2026-10-08,2026-10-08,0.998148148148148
2026-10-08,20,XLU,rates,2,0.5351220669806341,0.5351220669806341,0.4655472394875911,0.6046968944736771,2026-10-08,2026-10-08,0.998148148148148
2026-10-08,20,XLU,credit,2,0.6637997193220054,0.6637997193220054,0.6096750399931958,0.717924398650815,2026-10-08,2026-10-08,0.998148148148148
2026-10-08,20,XLU,commodities,2,0.0515331102942568,0.0515331102942568,-0.3409993535128615,0.4440655741013753,2026-10-08,2026-10-08,0.998148148148148
2026-10-08,20,XLU,fx,2,-0.2599452935809468,-0.2599452935809468,-0.3991118449052469,-0.1207787422566466,2026-10-08,2026-10-08,0.998148148148148
2026-10-08,20,XLU,volatility,1,-0.4162456972097389,-0.4162456972097389,-0.4162456972097389,-0.4162456972097389,2026-10-08,2026-10-08,0.998148148148148
2026-10-08,20,XLRE,equity,3,0.5532087068197514,0.565156492709124,0.4550235124789502,0.6394461152711799,2026-10-08,2026-10-08,0.998148148148148
2026-10-08,20,XLRE,rates,2,0.6065113377292515,0.6065113377292515,0.5823214611144434,0.6307012143440597,2026-10-08,2026-10-08,0.998148148148148
2026-10-08,20,XLRE,credit,2,0.6393167515011171,0.6393167515011171,0.6083929625096929,0.6702405404925413,2026-10-08,2026-10-08,0.998148148148148
2026-10-08,20,XLRE,commodities,2,0.0816596275639692,0.0816596275639692,-0.292263918559714,0.4555831736876525,2026-10-08,2026-10-08,0.998148148148148
2026-10-08,20,XLRE,fx,2,-0.4961632969238836,-0.4961632969238836,-0.5884749508746011,-0.4038516429731662,2026-10-08,2026-10-08,0.998148148148148
2026-10-08,20,XLRE,volatility,1,-0.5061503444724431,-0.5061503444724431,-0.5061503444724431,-0.5061503444724431,2026-10-08,2026-10-08,0.998148148148148
2026-10-08,20,XLC,equity,3,0.4024486041952458,0.3930235607333793,0.3465518363517151,0.4677704155006432,2026-10-08,2026-10-08,0.998148148148148
2026-10-08,20,XLC,rates,2,0.2415230798704813,0.2415230798704813,0.218998968863836,0.2640471908771267,2026-10-08,2026-10-08,0.998148148148148
2026-10-08,20,XLC,credit,2,0.2717032061883151,0.2717032061883151,0.2472412088231685,0.2961652035534616,2026-10-08,2026-10-08,0.998148148148148
2026-10-08,20,XLC,commodities,2,-0.0896889871465303,-0.0896889871465303,-0.1947823700043262,0.0154043957112655,2026-10-08,2026-10-08,0.998148148148148
2026-10-08,20,XLC,fx,2,-0.0540261299917574,-0.0540261299917574,-0.0563290601072736,-0.0517231998762411,2026-10-08,2026-10-08,0.998148148148148
2026-10-08,20,XLC,volatility,1,0.0824001578657822,0.0824001578657822,0.0824001578657822,0.0824001578657822,2026-10-08,2026-10-08,0.998148148148148
2026-10-08,60,XLK,equity,3,0.8028386814940621,0.7947271935962273,0.6746168899636578,0.9391719609223012,2026-10-08,2026-10-08,0.998148148148148
2026-10-08,60,XLK,rates,2,0.2435053359165311,0.2435053359165311,0.2057640675839225,0.2812466042491398,2026-10-08,2026-10-08,0.998148148148148
2026-10-08,60,XLK,credit,2,0.4217891658858896,0.4217891658858896,0.3482092747179244,0.4953690570538548,2026-10-08,2026-10-08,0.998148148148148
2026-10-08,60,XLK,commodities,2,-0.0263522361833369,-0.0263522361833369,-0.3490340466912017,0.2963295743245279,2026-10-08,2026-10-08,0.998148148148148
2026-10-08,60,XLK,fx,2,-0.1041199269347314,-0.1041199269347314,-0.183984791213464,-0.0242550626559988,2026-10-08,2026-10-08,0.998148148148148
2026-10-08,60,XLK,volatility,1,-0.5857645919803595,-0.5857645919803595,-0.5857645919803595,-0.5857645919803595,2026-10-08,2026-10-08,0.998148148148148
2026-10-08,60,XLF,equity,3,0.4067390237184921,0.4054088843162565,0.26289265338215,0.5519155334570698,2026-10-08,2026-10-08,0.998148148148148
2026-10-08,60,XLF,rates,2,0.3999925003833094,0.3999925003833094,0.3988168343722503,0.4011681663943686,2026-10-08,2026-10-08,0.998148148148148
2026-10-08,60,XLF,credit,2,0.4189895369371261,0.4189895369371261,0.4016465499379875,0.4363325239362647,2026-10-08,2026-10-08,0.998148148148148
2026-10-08,60,XLF,commodities,2,-0.1097052762805672,-0.1097052762805672,-0.4149319492703229,0.1955213967091884,2026-10-08,2026-10-08,0.998148148148148
2026-10-08,60,XLF,fx,2,-0.1469832534927732,-0.1469832534927732,-0.1857549140583325,-0.1082115929272139,2026-10-08,2026-10-08,0.998148148148148
2026-10-08,60,XLF,volatility,1,-0.3847222202428744,-0.3847222202428744,-0.3847222202428744,-0.3847222202428744,2026-10-08,2026-10-08,0.998148148148148
2026-10-08,60,XLV,equity,3,-8.587420662856578e-05,0.0429198072135678,-0.1612384738787961,0.1180610440453426,2026-10-08,2026-10-08,0.998148148148148
2026-10-08,60,XLV,rates,2,0.3296848080412213,0.3296848080412213,0.2811786248274076,0.3781909912550351,2026-10-08,2026-10-08,0.998148148148148
2026-10-08,60,XLV,credit,2,0.2086602493972106,0.2086602493972106,0.1613996436913783,0.255920855103043,2026-10-08,2026-10-08,0.998148148148148
2026-10-08,60,XLV,commodities,2,-0.0038516321514854,-0.0038516321514854,-0.1524805330512324,0.1447772687482614,2026-10-08,2026-10-08,0.998148148148148
2026-10-08,60,XLV,fx,2,-0.1310702518115556,-0.1310702518115556,-0.1405985612055477,-0.1215419424175635,2026-10-08,2026-10-08,0.998148148148148
2026-10-08,60,XLV,volatility,1,-0.0191813474444989,-0.0191813474444989,-0.0191813474444989,-0.0191813474444989,2026-10-08,2026-10-08,0.998148148148148
2026-10-08,60,XLE,equity,3,-0.2700760503649404,-0.2670643556281247,-0.2782618258725343,-0.2649019695941622,2026-10-08,2026-10-08,0.998148148148148
2026-10-08,60,XLE,rates,2,-0.3182694683555135,-0.3182694683555135,-0.3387270518523159,-0.2978118848587111,2026-10-08,2026-10-08,0.998148148148148
2026-10-08,60,XLE,credit,2,-0.2977397007201933,-0.2977397007201933,-0.3222063696985741,-0.2732730317418126,2026-10-08,2026-10-08,0.998148148148148
2026-10-08,60,XLE,commodities,2,0.3251062684241003,0.3251062684241003,-0.0484649568895239,0.6986774937377247,2026-10-08,2026-10-08,0.998148148148148
2026-10-08,60,XLE,fx,2,-0.0454965600405739,-0.0454965600405739,-0.0486907192086878,-0.04230240087246,2026-10-08,2026-10-08,0.998148148148148
2026-10-08,60,XLE,volatility,1,0.1240421476447412,0.1240421476447412,0.1240421476447412,0.1240421476447412,2026-10-08,2026-10-08,0.998148148148148
2026-10-08,60,XLY,equity,3,0.5188577100121012,0.4505210151782873,0.4447831612064127,0.6612689536516035,2026-10-08,2026-10-08,0.998148148148148
2026-10-08,60,XLY,rates,2,0.4018295384742523,0.4018295384742523,0.3957040954165243,0.4079549815319803,2026-10-08,2026-10-08,0.998148148148148
2026-10-08,60,XLY,credit,2,0.5335857351405264,0.5335857351405264,0.4619787131692548,0.605192757111798,2026-10-08,2026-10-08,0.998148148148148
2026-10-08,60,XLY,commodities,2,-0.1212717971087859,-0.1212717971087859,-0.5285770609109119,0.2860334666933401,2026-10-08,2026-10-08,0.998148148148148
2026-10-08,60,XLY,fx,2,-0.2337236372810643,-0.2337236372810643,-0.3791412082274066,-0.0883060663347221,2026-10-08,2026-10-08,0.998148148148148
2026-10-08,60,XLY,volatility,1,-0.5763352569711288,-0.5763352569711288,-0.5763352569711288,-0.5763352569711288,2026-10-08,2026-10-08,0.998148148148148
2026-10-08,60,XLP,equity,3,-0.0524819773738663,0.0252041023566552,-0.2383369433633183,0.0556869088850639,2026-10-08,2026-10-08,0.998148148148148
2026-10-08,60,XLP,rates,2,0.3752872082216872,0.3752872082216872,0.347747850227379,0.4028265662159956,2026-10-08,2026-10-08,0.998148148148148
2026-10-08,60,XLP,credit,2,0.2789632782554856,0.2789632782554856,0.2365476628811867,0.3213788936297845,2026-10-08,2026-10-08,0.998148148148148
2026-10-08,60,XLP,commodities,2,-0.1723586969028805,-0.1723586969028805,-0.3048865240346151,-0.0398308697711459,2026-10-08,2026-10-08,0.998148148148148
2026-10-08,60,XLP,fx,2,-0.1792134409096485,-0.1792134409096485,-0.2959639710063012,-0.0624629108129958,2026-10-08,2026-10-08,0.998148148148148
2026-10-08,60,XLP,volatility,1,0.03292698304893,0.03292698304893,0.03292698304893,0.03292698304893,2026-10-08,2026-10-08,0.998148148148148
2026-10-08,60,XLI,equity,3,0.5833197015729397,0.5945889910496461,0.5177340223090309,0.6376360913601419,2026-10-08,2026-10-08,0.998148148148148
2026-10-08,60,XLI,rates,2,0.3118004284226883,0.3118004284226883,0.3072267931882656,0.3163740636571109,2026-10-08,2026-10-08,0.998148148148148
2026-10-08,60,XLI,credit,2,0.348312052102973,0.348312052102973,0.3279358132125662,0.3686882909933798,2026-10-08,2026-10-08,0.998148148148148
2026-10-08,60,XLI,commodities,2,-0.1026285513790108,-0.1026285513790108,-0.4067166658713593,0.2014595631133375,2026-10-08,2026-10-08,0.998148148148148
2026-10-08,60,XLI,fx,2,-0.0785033114459369,-0.0785033114459369,-0.0845141741522243,-0.0724924487396495,2026-10-08,2026-10-08,0.998148148148148
2026-10-08,60,XLI,volatility,1,-0.4335218410138584,-0.4335218410138584,-0.4335218410138584,-0.4335218410138584,2026-10-08,2026-10-08,0.998148148148148
2026-10-08,60,XLB,equity,3,0.3701705773613248,0.3862564714349009,0.2097901303585986,0.514465130290475,2026-10-08,2026-10-08,0.998148148148148
2026-10-08,60,XLB,rates,2,0.4340428846301887,0.4340428846301887,0.426446189482199,0.4416395797781783,2026-10-08,2026-10-08,0.998148148148148
2026-10-08,60,XLB,credit,2,0.4246820048427546,0.4246820048427546,0.4185347548652722,0.4308292548202371,2026-10-08,2026-10-08,0.998148148148148
2026-10-08,60,XLB,commodities,2,0.0193729127385199,0.0193729127385199,-0.3984144436344464,0.4371602691114863,2026-10-08,2026-10-08,0.998148148148148
2026-10-08,60,XLB,fx,2,-0.2460926231764777,-0.2460926231764777,-0.2462771406084719,-0.2459081057444834,2026-10-08,2026-10-08,0.998148148148148
2026-10-08,60,XLB,volatility,1,-0.324886023583407,-0.324886023583407,-0.324886023583407,-0.324886023583407,2026-10-08,2026-10-08,0.998148148148148
2026-10-08,60,XLU,equity,3,0.1671791668800004,0.1780219759509245,0.1240173389970629,0.1994981856920137,2026-10-08,2026-10-08,0.998148148148148
2026-10-08,60,XLU,rates,2,0.3857638696125461,0.3857638696125461,0.3556549511394718,0.4158727880856205,2026-10-08,2026-10-08,0.998148148148148
2026-10-08,60,XLU,credit,2,0.3796041050679997,0.3796041050679997,0.3750488696846106,0.3841593404513887,2026-10-08,2026-10-08,0.998148148148148
2026-10-08,60,XLU,commodities,2,-0.0247386316679507,-0.0247386316679507,-0.1471616571322969,0.0976843937963953,2026-10-08,2026-10-08,0.998148148148148
2026-10-08,60,XLU,fx,2,-0.1390410999036339,-0.1390410999036339,-0.1629867843971622,-0.1150954154101056,2026-10-08,2026-10-08,0.998148148148148
2026-10-08,60,XLU,volatility,1,-0.1948980655900999,-0.1948980655900999,-0.1948980655900999,-0.1948980655900999,2026-10-08,2026-10-08,0.998148148148148
2026-10-08,60,XLRE,equity,3,0.2140891931400802,0.2682296599011127,0.0865532680659164,0.2874846514532114,2026-10-08,2026-10-08,0.998148148148148
2026-10-08,60,XLRE,rates,2,0.5065201577569516,0.5065201577569516,0.4911092981843313,0.5219310173295718,2026-10-08,2026-10-08,0.998148148148148
2026-10-08,60,XLRE,credit,2,0.4642085520274764,0.4642085520274764,0.4622722707884069,0.4661448332665459,2026-10-08,2026-10-08,0.998148148148148
2026-10-08,60,XLRE,commodities,2,-0.0463030546204617,-0.0463030546204617,-0.3155268268736732,0.2229207176327498,2026-10-08,2026-10-08,0.998148148148148
2026-10-08,60,XLRE,fx,2,-0.2930316423467339,-0.2930316423467339,-0.2983179134509245,-0.2877453712425432,2026-10-08,2026-10-08,0.998148148148148
2026-10-08,60,XLRE,volatility,1,-0.1374658724892723,-0.1374658724892723,-0.1374658724892723,-0.1374658724892723,2026-10-08,2026-10-08,0.998148148148148
2026-10-08,60,XLC,equity,3,0.2804269777184218,0.2404853786180796,0.2002801403513511,0.4005154141858347,2026-10-08,2026-10-08,0.998148148148148
2026-10-08,60,XLC,rates,2,0.2536461873621869,0.2536461873621869,0.2435342043543095,0.2637581703700642,2026-10-08,2026-10-08,0.998148148148148
2026-10-08,60,XLC,credit,2,0.3069831401349841,0.3069831401349841,0.2776865146912797,0.3362797655786885,2026-10-08,2026-10-08,0.998148148148148
2026-10-08,60,XLC,commodities,2,-0.2333444695508404,-0.2333444695508404,-0.4004438484422672,-0.0662450906594136,2026-10-08,2026-10-08,0.998148148148148
2026-10-08,60,XLC,fx,2,-0.0562759381312742,-0.0562759381312742,-0.1339639214987077,0.0214120452361593,2026-10-08,2026-10-08,0.998148148148148
2026-10-08,60,XLC,volatility,1,-0.0732219304179253,-0.0732219304179253,-0.0732219304179253,-0.0732219304179253,2026-10-08,2026-10-08,0.998148148148148
2026-10-09,20,XLK,equity,3,0.7681263253777174,0.8446331357554479,0.5168476912007475,0.9428981491769568,2026-10-09,2026-10-09,0.9981481481481481
2026-10-09,20,XLK,rates,2,0.3552383662143149,0.3552383662143149,0.3164420778674219,0.39403465456120795,2026-10-09,2026-10-09,0.9981481481481481
2026-10-09,20,XLK,credit,2,0.46391473289399116,0.46391473289399116,0.3934370322788847,0.5343924335090976,2026-10-09,2026-10-09,0.9981481481481481
2026-10-09,20,XLK,commodities,2,-0.04560508405116895,-0.04560508405116895,-0.4628517781791234,0.3716416100767855,2026-10-09,2026-10-09,0.9981481481481481
2026-10-09,20,XLK,fx,2,-0.10391777655938973,-0.10391777655938973,-0.19338267713692,-0.014452875981859448,2026-10-09,2026-10-09,0.9981481481481481
2026-10-09,20,XLK,volatility,1,-0.6747729786627131,-0.6747729786627131,-0.6747729786627131,-0.6747729786627131,2026-10-09,2026-10-09,0.9981481481481481
2026-10-09,20,XLF,equity,3,0.3361116205436924,0.3051972535855805,0.18846914400157946,0.5146684640439174,2026-10-09,2026-10-09,0.9981481481481481
2026-10-09,20,XLF,rates,2,0.2915613857487157,0.2915613857487157,0.26853712433554594,0.3145856471618855,2026-10-09,2026-10-09,0.9981481481481481
2026-10-09,20,XLF,credit,2,0.28811084074042126,0.28811084074042126,0.26049645123477616,0.31572523024606636,2026-10-09,2026-10-09,0.9981481481481481
2026-10-09,20,XLF,commodities,2,0.25949663113037263,0.25949663113037263,0.10448668523850428,0.41450657702224103,2026-10-09,2026-10-09,0.9981481481481481
2026-10-09,20,XLF,fx,2,-0.2567026250048673,-0.2567026250048673,-0.4205317745738461,-0.09287347543588848,2026-10-09,2026-10-09,0.9981481481481481
2026-10-09,20,XLF,volatility,1,-0.2372523954919547,-0.2372523954919547,-0.2372523954919547,-0.2372523954919547,2026-10-09,2026-10-09,0.9981481481481481
2026-10-09,20,XLV,equity,3,0.2250073409279977,0.22430541053454917,0.1774155838672935,0.2733010283821504,2026-10-09,2026-10-09,0.9981481481481481
2026-10-09,20,XLV,rates,2,0.14017630014473104,0.14017630014473104,0.10885021914009586,0.1715023811493662,2026-10-09,2026-10-09,0.9981481481481481
2026-10-09,20,XLV,credit,2,0.19856418912981444,0.19856418912981444,0.11830068455787027,0.27882769370175864,2026-10-09,2026-10-09,0.9981481481481481
2026-10-09,20,XLV,commodities,2,-0.17883439172733134,-0.17883439172733134,-0.2973316932842745,-0.06033709017038821,2026-10-09,2026-10-09,0.9981481481481481
2026-10-09,20,XLV,fx,2,0.08699658179003589,0.08699658179003589,-0.07670397860066709,0.25069714218073885,2026-10-09,2026-10-09,0.9981481481481481
2026-10-09,20,XLV,volatility,1,-0.08001132870036937,-0.08001132870036937,-0.08001132870036937,-0.08001132870036937,2026-10-09,2026-10-09,0.9981481481481481
2026-10-09,20,XLE,equity,3,-0.2163563770339426,-0.1839078008842574,-0.4134505455364614,-0.051710784681108866,2026-10-09,2026-10-09,0.9981481481481481
2026-10-09,20,XLE,rates,2,-0.003079382220894024,-0.003079382220894024,-0.008243279223879527,0.0020845147820914792,2026-10-09,2026-10-09,0.9981481481481481
2026-10-09,20,XLE,credit,2,-0.07744343741118426,-0.07744343741118426,-0.12503057570603124,-0.029856299116337283,2026-10-09,2026-10-09,0.9981481481481481
2026-10-09,20,XLE,commodities,2,0.4525268046600818,0.4525268046600818,0.17257278693160105,0.7324808223885626,2026-10-09,2026-10-09,0.9981481481481481
2026-10-09,20,XLE,fx,2,-0.29665766879469535,-0.29665766879469535,-0.4283451967685598,-0.16497014082083084,2026-10-09,2026-10-09,0.9981481481481481
2026-10-09,20,XLE,volatility,1,-0.01636944824838104,-0.01636944824838104,-0.01636944824838104,-0.01636944824838104,2026-10-09,2026-10-09,0.9981481481481481
2026-10-09,20,XLY,equity,3,0.7435275232715025,0.700925681306111,0.688007502728645,0.8416493857797516,2026-10-09,2026-10-09,0.9981481481481481
2026-10-09,20,XLY,rates,2,0.6208179792459296,0.6208179792459296,0.6132409197285479,0.6283950387633115,2026-10-09,2026-10-09,0.9981481481481481
2026-10-09,20,XLY,credit,2,0.7147107639512104,0.7147107639512104,0.6283104834876208,0.8011110444148,2026-10-09,2026-10-09,0.9981481481481481
2026-10-09,20,XLY,commodities,2,0.044119857000560786,0.044119857000560786,-0.43681249619582013,0.5250522101969417,2026-10-09,2026-10-09,0.9981481481481481
2026-10-09,20,XLY,fx,2,-0.34828570745349685,-0.34828570745349685,-0.5162191307200285,-0.18035228418696522,2026-10-09,2026-10-09,0.9981481481481481
2026-10-09,20,XLY,volatility,1,-0.6211676974023973,-0.6211676974023973,-0.6211676974023973,-0.6211676974023973,2026-10-09,2026-10-09,0.9981481481481481
2026-10-09,20,XLP,equity,3,0.024132808175226183,0.03900523324650044,-0.19584897881744034,0.22924217009661846,2026-10-09,2026-10-09,0.9981481481481481
2026-10-09,20,XLP,rates,2,0.41518695698412833,0.41518695698412833,0.3733549487335832,0.45701896523467345,2026-10-09,2026-10-09,0.9981481481481481
2026-10-09,20,XLP,credit,2,0.33969158487867196,0.33969158487867196,0.32412615463017036,0.35525701512717356,2026-10-09,2026-10-09,0.9981481481481481
2026-10-09,20,XLP,commodities,2,-3.316820132822154e-05,-3.316820132822154e-05,-0.04239788373758431,0.04233154733492787,2026-10-09,2026-10-09,0.9981481481481481
2026-10-09,20,XLP,fx,2,-0.20456743335212496,-0.20456743335212496,-0.313435440499331,-0.09569942620491892,2026-10-09,2026-10-09,0.9981481481481481
2026-10-09,20,XLP,volatility,1,-0.03830642709945619,-0.03830642709945619,-0.03830642709945619,-0.03830642709945619,2026-10-09,2026-10-09,0.9981481481481481
2026-10-09,20,XLI,equity,3,0.4962393093338237,0.5157571255014852,0.43330354219724665,0.5396572603027392,2026-10-09,2026-10-09,0.9981481481481481
2026-10-09,20,XLI,rates,2,0.3208627112053598,0.3208627112053598,0.3112929585321143,0.3304324638786053,2026-10-09,2026-10-09,0.9981481481481481
2026-10-09,20,XLI,credit,2,0.36154261641932467,0.36154261641932467,0.31959249330567874,0.4034927395329706,2026-10-09,2026-10-09,0.9981481481481481
2026-10-09,20,XLI,commodities,2,0.16006700145585837,0.16006700145585837,-0.26546483546264127,0.585598838374358,2026-10-09,2026-10-09,0.9981481481481481
2026-10-09,20,XLI,fx,2,-0.3054615243718056,-0.3054615243718056,-0.3823454001318711,-0.22857764861174015,2026-10-09,2026-10-09,0.9981481481481481
2026-10-09,20,XLI,volatility,1,-0.5164006049317563,-0.5164006049317563,-0.5164006049317563,-0.5164006049317563,2026-10-09,2026-10-09,0.9981481481481481
2026-10-09,20,XLB,equity,3,0.43448460233469216,0.41943343772838415,0.29805108665567775,0.5859692826200145,2026-10-09,2026-10-09,0.9981481481481481
2026-10-09,20,XLB,rates,2,0.39889367742283954,0.39889367742283954,0.39608000799005977,0.4017073468556193,2026-10-09,2026-10-09,0.9981481481481481
2026-10-09,20,XLB,credit,2,0.45579064799862734,0.45579064799862734,0.4260290743579002,0.48555222163935446,2026-10-09,2026-10-09,0.9981481481481481
2026-10-09,20,XLB,commodities,2,0.11081661462394951,0.11081661462394951,-0.16799314354853967,0.3896263727964387,2026-10-09,2026-10-09,0.9981481481481481
2026-10-09,20,XLB,fx,2,-0.35459916540721037,-0.35459916540721037,-0.38764606561314296,-0.3215522652012777,2026-10-09,2026-10-09,0.9981481481481481
2026-10-09,20,XLB,volatility,1,-0.45773180776813366,-0.45773180776813366,-0.45773180776813366,-0.45773180776813366,2026-10-09,2026-10-09,0.9981481481481481
2026-10-09,20,XLU,equity,3,0.3899050000015419,0.3422942187530799,0.33262556531967147,0.4947952159318743,2026-10-09,2026-10-09,0.9981481481481481
2026-10-09,20,XLU,rates,2,0.5374829194459086,0.5374829194459086,0.4804120232149486,0.5945538156768687,2026-10-09,2026-10-09,0.9981481481481481
2026-10-09,20,XLU,credit,2,0.6651374572421364,0.6651374572421364,0.6007637294371501,0.7295111850471226,2026-10-09,2026-10-09,0.9981481481481481
2026-10-09,20,XLU,commodities,2,0.07444381372177672,0.07444381372177672,-0.3350596626199476,0.483947290063501,2026-10-09,2026-10-09,0.9981481481481481
2026-10-09,20,XLU,fx,2,-0.24849351301397243,-0.24849351301397243,-0.41753741284064766,-0.0794496131872972,2026-10-09,2026-10-09,0.9981481481481481
2026-10-09,20,XLU,volatility,1,-0.5073655766998736,-0.5073655766998736,-0.5073655766998736,-0.5073655766998736,2026-10-09,2026-10-09,0.9981481481481481
2026-10-09,20,XLRE,equity,3,0.5153373294826628,0.5591300421400522,0.39195435954738184,0.5949275867605541,2026-10-09,2026-10-09,0.9981481481481481
2026-10-09,20,XLRE,rates,2,0.5605389630833763,0.5605389630833763,0.5370886572053666,0.5839892689613859,2026-10-09,2026-10-09,0.9981481481481481
2026-10-09,20,XLRE,credit,2,0.5975464305034714,0.5975464305034714,0.5327387096131017,0.6623541513938414,2026-10-09,2026-10-09,0.9981481481481481
2026-10-09,20,XLRE,commodities,2,0.16916018963170598,0.16916018963170598,-0.1762647101934107,0.5145850894568227,2026-10-09,2026-10-09,0.9981481481481481
2026-10-09,20,XLRE,fx,2,-0.3707536686426172,-0.3707536686426172,-0.5089366027810895,-0.23257073450414492,2026-10-09,2026-10-09,0.9981481481481481
2026-10-09,20,XLRE,volatility,1,-0.422779342839186,-0.422779342839186,-0.422779342839186,-0.422779342839186,2026-10-09,2026-10-09,0.9981481481481481
2026-10-09,20,XLC,equity,3,0.32899982212984,0.3529543071233771,0.25430476565658217,0.37974039360956074,2026-10-09,2026-10-09,0.9981481481481481
2026-10-09,20,XLC,rates,2,0.22104047463175197,0.22104047463175197,0.21828476245360004,0.22379618680990393,2026-10-09,2026-10-09,0.9981481481481481
2026-10-09,20,XLC,credit,2,0.23897490351202302,0.23897490351202302,0.2387238614360942,0.23922594558795185,2026-10-09,2026-10-09,0.9981481481481481
2026-10-09,20,XLC,commodities,2,-0.13186136184426978,-0.13186136184426978,-0.18003791039314246,-0.08368481329539712,2026-10-09,2026-10-09,0.9981481481481481
2026-10-09,20,XLC,fx,2,-0.05592748641095428,-0.05592748641095428,-0.09989253800784702,-0.011962434814061552,2026-10-09,2026-10-09,0.9981481481481481
2026-10-09,20,XLC,volatility,1,0.2124478081925288,0.2124478081925288,0.2124478081925288,0.2124478081925288,2026-10-09,2026-10-09,0.9981481481481481
2026-10-09,60,XLK,equity,3,0.8016438895651441,0.7921630334271097,0.6720063430674436,0.9407622922008789,2026-10-09,2026-10-09,0.9981481481481481
2026-10-09,60,XLK,rates,2,0.25571435150351396,0.25571435150351396,0.21958535704687537,0.29184334596015254,2026-10-09,2026-10-09,0.9981481481481481
2026-10-09,60,XLK,credit,2,0.4224399058481058,0.4224399058481058,0.3548736392527254,0.4900061724434862,2026-10-09,2026-10-09,0.9981481481481481
2026-10-09,60,XLK,commodities,2,-0.01560733508157261,-0.01560733508157261,-0.33855735901297024,0.307342688849825,2026-10-09,2026-10-09,0.9981481481481481
2026-10-09,60,XLK,fx,2,-0.11294682340296983,-0.11294682340296983,-0.19304336805842795,-0.032850278747511716,2026-10-09,2026-10-09,0.9981481481481481
2026-10-09,60,XLK,volatility,1,-0.5814638025587843,-0.5814638025587843,-0.5814638025587843,-0.5814638025587843,2026-10-09,2026-10-09,0.9981481481481481
2026-10-09,60,XLF,equity,3,0.399997205274008,0.4083804622102814,0.24607584148439243,0.5455353121273503,2026-10-09,2026-10-09,0.9981481481481481
2026-10-09,60,XLF,rates,2,0.4171194816035004,0.4171194816035004,0.4100013719522296,0.4242375912547712,2026-10-09,2026-10-09,0.9981481481481481
2026-10-09,60,XLF,credit,2,0.42136107404627676,0.42136107404627676,0.40673573880001684,0.4359864092925366,2026-10-09,2026-10-09,0.9981481481481481
2026-10-09,60,XLF,commodities,2,-0.08519223982971333,-0.08519223982971333,-0.3958176075896937,0.22543312793026704,2026-10-09,2026-10-09,0.9981481481481481
2026-10-09,60,XLF,fx,2,-0.1447014689195838,-0.1447014689195838,-0.1747136211455802,-0.11468931669358742,2026-10-09,2026-10-09,0.9981481481481481
2026-10-09,60,XLF,volatility,1,-0.3678101038034427,-0.3678101038034427,-0.3678101038034427,-0.3678101038034427,2026-10-09,2026-10-09,0.9981481481481481
2026-10-09,60,XLV,equity,3,0.0021431654182605627,0.04611292937811169,-0.1677509348061075,0.1280675016827775,2026-10-09,2026-10-09,0.9981481481481481
2026-10-09,60,XLV,rates,2,0.33752387796897576,0.33752387796897576,0.2838179213093763,0.39122983462857525,2026-10-09,2026-10-09,0.9981481481481481
2026-10-09,60,XLV,credit,2,0.21215160231277436,0.21215160231277436,0.16890671103084073,0.255396493594708,2026-10-09,2026-10-09,0.9981481481481481
2026-10-09,60,XLV,commodities,2,0.01623015675910175,0.01623015675910175,-0.13941132968502015,0.17187164320322365,2026-10-09,2026-10-09,0.9981481481481481
2026-10-09,60,XLV,fx,2,-0.12851631459064464,-0.12851631459064464,-0.13852541090911014,-0.11850721827217912,2026-10-09,2026-10-09,0.9981481481481481
2026-10-09,60,XLV,volatility,1,-0.010865937271785014,-0.010865937271785014,-0.010865937271785014,-0.010865937271785014,2026-10-09,2026-10-09,0.9981481481481481
2026-10-09,60,XLE,equity,3,-0.26301212803206075,-0.26308470822700264,-0.26826747035396203,-0.25768420551521753,2026-10-09,2026-10-09,0.9981481481481481
2026-10-09,60,XLE,rates,2,-0.3296629569082219,-0.3296629569082219,-0.35257468324298874,-0.306751230573455,2026-10-09,2026-10-09,0.9981481481481481
2026-10-09,60,XLE,credit,2,-0.29835425718839126,-0.29835425718839126,-0.3273520837810476,-0.2693564305957349,2026-10-09,2026-10-09,0.9981481481481481
2026-10-09,60,XLE,commodities,2,0.31685791849486283,0.31685791849486283,-0.06094792777313292,0.6946637647628586,2026-10-09,2026-10-09,0.9981481481481481
2026-10-09,60,XLE,fx,2,-0.036831816636584705,-0.036831816636584705,-0.042689223446363424,-0.03097440982680599,2026-10-09,2026-10-09,0.9981481481481481
2026-10-09,60,XLE,volatility,1,0.10623442376175395,0.10623442376175395,0.10623442376175395,0.10623442376175395,2026-10-09,2026-10-09,0.9981481481481481
2026-10-09,60,XLY,equity,3,0.511219586608231,0.44623334431545414,0.4341165027073285,0.6533089128019101,2026-10-09,2026-10-09,0.9981481481481481
2026-10-09,60,XLY,rates,2,0.4246479905734415,0.4246479905734415,0.42346163670169007,0.4258343444451929,2026-10-09,2026-10-09,0.9981481481481481
2026-10-09,60,XLY,credit,2,0.5386968860914993,0.5386968860914993,0.4733463898125182,0.6040473823704804,2026-10-09,2026-10-09,0.9981481481481481
2026-10-09,60,XLY,commodities,2,-0.09923217253748251,-0.09923217253748251,-0.5125268724103551,0.3140625273353901,2026-10-09,2026-10-09,0.9981481481481481
2026-10-09,60,XLY,fx,2,-0.23974660092599404,-0.23974660092599404,-0.37950110808141396,-0.09999209377057412,2026-10-09,2026-10-09,0.9981481481481481
2026-10-09,60,XLY,volatility,1,-0.5613990616440031,-0.5613990616440031,-0.5613990616440031,-0.5613990616440031,2026-10-09,2026-10-09,0.9981481481481481
2026-10-09,60,XLP,equity,3,-0.06939442535391917,0.005152043063948467,-0.26256932260298826,0.0492340034772823,2026-10-09,2026-10-09,0.9981481481481481
2026-10-09,60,XLP,rates,2,0.38738981761154384,0.38738981761154384,0.3582257698306741,0.41655386539241357,2026-10-09,2026-10-09,0.9981481481481481
2026-10-09,60,XLP,credit,2,0.27783070370094287,0.27783070370094287,0.228195649348244,0.3274657580536417,2026-10-09,2026-10-09,0.9981481481481481
2026-10-09,60,XLP,commodities,2,-0.16327127179323642,-0.16327127179323642,-0.29459431285421767,-0.03194823073225518,2026-10-09,2026-10-09,0.9981481481481481
2026-10-09,60,XLP,fx,2,-0.17819639760218645,-0.17819639760218645,-0.3069713000603044,-0.049421495144068524,2026-10-09,2026-10-09,0.9981481481481481
2026-10-09,60,XLP,volatility,1,0.062066930266190735,0.062066930266190735,0.062066930266190735,0.062066930266190735,2026-10-09,2026-10-09,0.9981481481481481
2026-10-09,60,XLI,equity,3,0.5871864064462534,0.6018293363457592,0.5203595972808119,0.6393702857121892,2026-10-09,2026-10-09,0.9981481481481481
2026-10-09,60,XLI,rates,2,0.31804246187765073,0.31804246187765073,0.3108461158344882,0.32523880792081333,2026-10-09,2026-10-09,0.9981481481481481
2026-10-09,60,XLI,credit,2,0.35022981113113566,0.35022981113113566,0.32927848909337026,0.37118113316890106,2026-10-09,2026-10-09,0.9981481481481481
2026-10-09,60,XLI,commodities,2,-0.09507894861923125,-0.09507894861923125,-0.40347965325843704,0.21332175601997455,2026-10-09,2026-10-09,0.9981481481481481
2026-10-09,60,XLI,fx,2,-0.07670222711560791,-0.07670222711560791,-0.0853987814065783,-0.06800567282463751,2026-10-09,2026-10-09,0.9981481481481481
2026-10-09,60,XLI,volatility,1,-0.441023295811533,-0.441023295811533,-0.441023295811533,-0.441023295811533,2026-10-09,2026-10-09,0.9981481481481481
2026-10-09,60,XLB,equity,3,0.3640332299295357,0.3798807560580029,0.19924903172321698,0.5129699020073871,2026-10-09,2026-10-09,0.9981481481481481
2026-10-09,60,XLB,rates,2,0.4454717582557715,0.4454717582557715,0.4356010716474023,0.4553424448641407,2026-10-09,2026-10-09,0.9981481481481481
2026-10-09,60,XLB,credit,2,0.42568581888034096,0.42568581888034096,0.423702386191367,0.42766925156931485,2026-10-09,2026-10-09,0.9981481481481481
2026-10-09,60,XLB,commodities,2,0.02857485388028788,0.02857485388028788,-0.39073916726451413,0.4478888750250899,2026-10-09,2026-10-09,0.9981481481481481
2026-10-09,60,XLB,fx,2,-0.24841507185221012,-0.24841507185221012,-0.25368109282032447,-0.24314905088409577,2026-10-09,2026-10-09,0.9981481481481481
2026-10-09,60,XLB,volatility,1,-0.31598030977192537,-0.31598030977192537,-0.31598030977192537,-0.31598030977192537,2026-10-09,2026-10-09,0.9981481481481481
2026-10-09,60,XLU,equity,3,0.16755071287136133,0.1840516608268615,0.11797172716480768,0.20062875062241478,2026-10-09,2026-10-09,0.9981481481481481
2026-10-09,60,XLU,rates,2,0.39399883434896044,0.39399883434896044,0.3683430799404081,0.41965458875751277,2026-10-09,2026-10-09,0.9981481481481481
2026-10-09,60,XLU,credit,2,0.3815189306951449,0.3815189306951449,0.37833278816387506,0.3847050732264148,2026-10-09,2026-10-09,0.9981481481481481
2026-10-09,60,XLU,commodities,2,-0.009015022318024542,-0.009015022318024542,-0.1368973190433887,0.11886727440733962,2026-10-09,2026-10-09,0.9981481481481481
2026-10-09,60,XLU,fx,2,-0.13747659226504694,-0.13747659226504694,-0.16335521896598243,-0.11159796556411143,2026-10-09,2026-10-09,0.9981481481481481
2026-10-09,60,XLU,volatility,1,-0.1902646484445932,-0.1902646484445932,-0.1902646484445932,-0.1902646484445932,2026-10-09,2026-10-09,0.9981481481481481
2026-10-09,60,XLRE,equity,3,0.23090431304972173,0.28315872355497423,0.09898070681288669,0.3105735087813043,2026-10-09,2026-10-09,0.9981481481481481
2026-10-09,60,XLRE,rates,2,0.4875477033926176,0.4875477033926176,0.48124460980405037,0.49385079698118484,2026-10-09,2026-10-09,0.9981481481481481
2026-10-09,60,XLRE,credit,2,0.4538818998539175,0.4538818998539175,0.4400286579280278,0.46773514177980724,2026-10-09,2026-10-09,0.9981481481481481
2026-10-09,60,XLRE,commodities,2,-0.025472003275526733,-0.025472003275526733,-0.30139473866291067,0.2504507321118572,2026-10-09,2026-10-09,0.9981481481481481
2026-10-09,60,XLRE,fx,2,-0.26350885613687813,-0.26350885613687813,-0.26961210176701444,-0.2574056105067419,2026-10-09,2026-10-09,0.9981481481481481
2026-10-09,60,XLRE,volatility,1,-0.15885872780170743,-0.15885872780170743,-0.15885872780170743,-0.15885872780170743,2026-10-09,2026-10-09,0.9981481481481481
2026-10-09,60,XLC,equity,3,0.24506772626125292,0.21489964210847531,0.16398517486639022,0.3563183618088932,2026-10-09,2026-10-09,0.9981481481481481
2026-10-09,60,XLC,rates,2,0.2671185084725063,0.2671185084725063,0.2585936472987005,0.27564336964631203,2026-10-09,2026-10-09,0.9981481481481481
2026-10-09,60,XLC,credit,2,0.2962384316656457,0.2962384316656457,0.28641325441956894,0.3060636089117224,2026-10-09,2026-10-09,0.9981481481481481
2026-10-09,60,XLC,commodities,2,-0.22638870930868538,-0.22638870930868538,-0.38017187276863323,-0.07260554584873749,2026-10-09,2026-10-09,0.9981481481481481
2026-10-09,60,XLC,fx,2,-0.06793748069583777,-0.06793748069583777,-0.15593675503389132,0.02006179364221577,2026-10-09,2026-10-09,0.9981481481481481
2026-10-09,60,XLC,volatility,1,-0.016210923147128777,-0.016210923147128777,-0.016210923147128777,-0.016210923147128777,2026-10-09,2026-10-09,0.9981481481481481
