date,window,sector,asset_class,asset,correlation,n_obs_pair,effective_date,expected_date,coverage
2026-09-08,20,XLK,equity,SPY,0.6451397075188308,18,,,
2026-09-08,20,XLK,equity,QQQ,0.920363599126492,18,,,
2026-09-08,20,XLK,equity,IWM,0.575465198963265,18,,,
2026-09-08,20,XLK,rates,TLT,-0.1032080823533696,18,,,
2026-09-08,20,XLK,rates,IEF,0.1286107062510217,18,,,
2026-09-08,20,XLK,credit,HYG,0.3552414708676325,18,,,
2026-09-08,20,XLK,credit,LQD,0.1412064773005464,18,,,
2026-09-08,20,XLK,commodities,USO,-0.0806523548898534,18,,,
2026-09-08,20,XLK,commodities,GLD,0.2412960822675255,18,,,
2026-09-08,20,XLK,fx,DX-Y.NYB,-0.1442257440096177,18,,,
2026-09-08,20,XLK,fx,EURUSD=X,-0.2296989663854139,18,,,
2026-09-08,20,XLK,volatility,^VIX,-0.4625481336580372,18,,,
2026-09-08,20,XLF,equity,SPY,0.5422498777246819,18,,,
2026-09-08,20,XLF,equity,QQQ,0.17455576055446,18,,,
2026-09-08,20,XLF,equity,IWM,0.2720790682492855,18,,,
2026-09-08,20,XLF,rates,TLT,0.2960231971038404,18,,,
2026-09-08,20,XLF,rates,IEF,0.3467630913214645,18,,,
2026-09-08,20,XLF,credit,HYG,0.4480163812828652,18,,,
2026-09-08,20,XLF,credit,LQD,0.3864361664866576,18,,,
2026-09-08,20,XLF,commodities,USO,-0.5736859785414556,18,,,
2026-09-08,20,XLF,commodities,GLD,0.1502024725836475,18,,,
2026-09-08,20,XLF,fx,DX-Y.NYB,-0.0506521327782337,18,,,
2026-09-08,20,XLF,fx,EURUSD=X,-0.3605760959593727,18,,,
2026-09-08,20,XLF,volatility,^VIX,-0.4346234492627835,18,,,
2026-09-08,20,XLV,equity,SPY,0.178675739044177,18,,,
2026-09-08,20,XLV,equity,QQQ,-0.1913905246992849,18,,,
2026-09-08,20,XLV,equity,IWM,0.2229567293989666,18,,,
2026-09-08,20,XLV,rates,TLT,0.6409778484656702,18,,,
2026-09-08,20,XLV,rates,IEF,0.534982961681568,18,,,
2026-09-08,20,XLV,credit,HYG,0.3560151199831863,18,,,
2026-09-08,20,XLV,credit,LQD,0.5421059311543016,18,,,
2026-09-08,20,XLV,commodities,USO,-0.1902944652301549,18,,,
2026-09-08,20,XLV,commodities,GLD,0.4011753067073957,18,,,
2026-09-08,20,XLV,fx,DX-Y.NYB,-0.510197267472081,18,,,
2026-09-08,20,XLV,fx,EURUSD=X,-0.2707084156488089,18,,,
2026-09-08,20,XLV,volatility,^VIX,-0.3146113728760504,18,,,
2026-09-08,20,XLE,equity,SPY,-0.4999560593202135,18,,,
2026-09-08,20,XLE,equity,QQQ,-0.4726865587271265,18,,,
2026-09-08,20,XLE,equity,IWM,-0.4221039766520936,18,,,
2026-09-08,20,XLE,rates,TLT,-0.5364085531925026,18,,,
2026-09-08,20,XLE,rates,IEF,-0.5349605795982846,18,,,
2026-09-08,20,XLE,credit,HYG,-0.5458967043851233,18,,,
2026-09-08,20,XLE,credit,LQD,-0.5676733610094733,18,,,
2026-09-08,20,XLE,commodities,USO,0.6665323386058,18,,,
2026-09-08,20,XLE,commodities,GLD,-0.3417175788834588,18,,,
2026-09-08,20,XLE,fx,DX-Y.NYB,0.0742950213539675,18,,,
2026-09-08,20,XLE,fx,EURUSD=X,-0.0743551072903081,18,,,
2026-09-08,20,XLE,volatility,^VIX,0.3831879244446899,18,,,
2026-09-08,20,XLY,equity,SPY,0.5432514079165346,18,,,
2026-09-08,20,XLY,equity,QQQ,0.1674147562794161,18,,,
2026-09-08,20,XLY,equity,IWM,0.3087149576395224,18,,,
2026-09-08,20,XLY,rates,TLT,0.5239428385189598,18,,,
2026-09-08,20,XLY,rates,IEF,0.4079156926913649,18,,,
2026-09-08,20,XLY,credit,HYG,0.5371483037465352,18,,,
2026-09-08,20,XLY,credit,LQD,0.4970610930018287,18,,,
2026-09-08,20,XLY,commodities,USO,-0.4506383066310285,18,,,
2026-09-08,20,XLY,commodities,GLD,0.3893541796997407,18,,,
2026-09-08,20,XLY,fx,DX-Y.NYB,-0.4872450606934615,18,,,
2026-09-08,20,XLY,fx,EURUSD=X,-0.40500976405487,18,,,
2026-09-08,20,XLY,volatility,^VIX,-0.5886496384863938,18,,,
2026-09-08,20,XLP,equity,SPY,0.0968412871511912,18,,,
2026-09-08,20,XLP,equity,QQQ,-0.3034584452908684,18,,,
2026-09-08,20,XLP,equity,IWM,0.025315142651705,18,,,
2026-09-08,20,XLP,rates,TLT,0.4616384725893185,18,,,
2026-09-08,20,XLP,rates,IEF,0.3326342058070001,18,,,
2026-09-08,20,XLP,credit,HYG,0.2553878020615179,18,,,
2026-09-08,20,XLP,credit,LQD,0.3635766641686127,18,,,
2026-09-08,20,XLP,commodities,USO,-0.3095428709108163,18,,,
2026-09-08,20,XLP,commodities,GLD,0.0063406735618607,18,,,
2026-09-08,20,XLP,fx,DX-Y.NYB,-0.0370496926265188,18,,,
2026-09-08,20,XLP,fx,EURUSD=X,-0.2831042415627339,18,,,
2026-09-08,20,XLP,volatility,^VIX,-0.1451373978162298,18,,,
2026-09-08,20,XLI,equity,SPY,0.5396934246564117,18,,,
2026-09-08,20,XLI,equity,QQQ,0.584824938845956,18,,,
2026-09-08,20,XLI,equity,IWM,0.6607287678031739,18,,,
2026-09-08,20,XLI,rates,TLT,-0.0574537122737041,18,,,
2026-09-08,20,XLI,rates,IEF,0.0738234694264948,18,,,
2026-09-08,20,XLI,credit,HYG,0.302220852497045,18,,,
2026-09-08,20,XLI,credit,LQD,0.1039015449194412,18,,,
2026-09-08,20,XLI,commodities,USO,-0.2749645311851151,18,,,
2026-09-08,20,XLI,commodities,GLD,0.2559335404713472,18,,,
2026-09-08,20,XLI,fx,DX-Y.NYB,-0.135603960901921,18,,,
2026-09-08,20,XLI,fx,EURUSD=X,-0.0458870601605845,18,,,
2026-09-08,20,XLI,volatility,^VIX,-0.527988588133126,18,,,
2026-09-08,20,XLB,equity,SPY,0.2523183463379534,18,,,
2026-09-08,20,XLB,equity,QQQ,0.0397599764403104,18,,,
2026-09-08,20,XLB,equity,IWM,0.5012337712685265,18,,,
2026-09-08,20,XLB,rates,TLT,0.2389997604464689,18,,,
2026-09-08,20,XLB,rates,IEF,0.1330415262513963,18,,,
2026-09-08,20,XLB,credit,HYG,0.2544362014840972,18,,,
2026-09-08,20,XLB,credit,LQD,0.220629663118602,18,,,
2026-09-08,20,XLB,commodities,USO,-0.2873726697531072,18,,,
2026-09-08,20,XLB,commodities,GLD,0.5262186710916522,18,,,
2026-09-08,20,XLB,fx,DX-Y.NYB,-0.3275725126060403,18,,,
2026-09-08,20,XLB,fx,EURUSD=X,-0.0082436778713764,18,,,
2026-09-08,20,XLB,volatility,^VIX,-0.5335748510859847,18,,,
2026-09-08,20,XLRE,equity,SPY,0.4075326000763685,18,,,
2026-09-08,20,XLRE,equity,QQQ,0.2348118665933206,18,,,
2026-09-08,20,XLRE,equity,IWM,0.2147871865450382,18,,,
2026-09-08,20,XLRE,rates,TLT,0.4266136016770347,18,,,
2026-09-08,20,XLRE,rates,IEF,0.4758021493677213,18,,,
2026-09-08,20,XLRE,credit,HYG,0.5140319813082911,18,,,
2026-09-08,20,XLRE,credit,LQD,0.4449237924446654,18,,,
2026-09-08,20,XLRE,commodities,USO,-0.3798377008006247,18,,,
2026-09-08,20,XLRE,commodities,GLD,0.2928876518171083,18,,,
2026-09-08,20,XLRE,fx,DX-Y.NYB,-0.3461755599169929,18,,,
2026-09-08,20,XLRE,fx,EURUSD=X,-0.0249968145266241,18,,,
2026-09-08,20,XLRE,volatility,^VIX,-0.2243285103440991,18,,,
2026-09-08,20,XLU,equity,SPY,0.0666180367041113,18,,,
2026-09-08,20,XLU,equity,QQQ,-0.0112762581062887,18,,,
2026-09-08,20,XLU,equity,IWM,0.1046633999458777,18,,,
2026-09-08,20,XLU,rates,TLT,0.2974723231738373,18,,,
2026-09-08,20,XLU,rates,IEF,0.3476953021473636,18,,,
2026-09-08,20,XLU,credit,HYG,0.1002919587633657,18,,,
2026-09-08,20,XLU,credit,LQD,0.2518545090186818,18,,,
2026-09-08,20,XLU,commodities,USO,-0.1444626574905172,18,,,
2026-09-08,20,XLU,commodities,GLD,-0.0366006669017639,18,,,
2026-09-08,20,XLU,fx,DX-Y.NYB,-0.0401417379176572,18,,,
2026-09-08,20,XLU,fx,EURUSD=X,-0.000511105605627,18,,,
2026-09-08,20,XLU,volatility,^VIX,0.0850851017462758,18,,,
2026-09-08,20,XLC,equity,SPY,0.4808686743108563,18,,,
2026-09-08,20,XLC,equity,QQQ,0.1210225679268801,18,,,
2026-09-08,20,XLC,equity,IWM,0.2418026419321646,18,,,
2026-09-08,20,XLC,rates,TLT,0.4915291753149342,18,,,
2026-09-08,20,XLC,rates,IEF,0.4107071343493841,18,,,
2026-09-08,20,XLC,credit,HYG,0.4162333104285564,18,,,
2026-09-08,20,XLC,credit,LQD,0.4516288637999697,18,,,
2026-09-08,20,XLC,commodities,USO,-0.5898675181379036,18,,,
2026-09-08,20,XLC,commodities,GLD,0.057630653997753,18,,,
2026-09-08,20,XLC,fx,DX-Y.NYB,-0.1430180740682529,18,,,
2026-09-08,20,XLC,fx,EURUSD=X,-0.2557034588888199,18,,,
2026-09-08,20,XLC,volatility,^VIX,-0.4132994693786572,18,,,
2026-09-08,60,XLK,equity,SPY,0.7814783632788345,54,,,
2026-09-08,60,XLK,equity,QQQ,0.9555983587853484,54,,,
2026-09-08,60,XLK,equity,IWM,0.6814978297149962,54,,,
2026-09-08,60,XLK,rates,TLT,0.1323372079166935,54,,,
2026-09-08,60,XLK,rates,IEF,0.1795081118664027,54,,,
2026-09-08,60,XLK,credit,HYG,0.4973674585363259,54,,,
2026-09-08,60,XLK,credit,LQD,0.2557564843230347,54,,,
2026-09-08,60,XLK,commodities,USO,-0.176253761118181,54,,,
2026-09-08,60,XLK,commodities,GLD,0.2640112611374561,54,,,
2026-09-08,60,XLK,fx,DX-Y.NYB,-0.1711741494011941,54,,,
2026-09-08,60,XLK,fx,EURUSD=X,0.0104246065574617,54,,,
2026-09-08,60,XLK,volatility,^VIX,-0.5808367295505891,54,,,
2026-09-08,60,XLF,equity,SPY,0.3587804800348002,54,,,
2026-09-08,60,XLF,equity,QQQ,0.0268366748889675,54,,,
2026-09-08,60,XLF,equity,IWM,0.2510484260224463,54,,,
2026-09-08,60,XLF,rates,TLT,0.243863825974348,54,,,
2026-09-08,60,XLF,rates,IEF,0.2976737632927333,54,,,
2026-09-08,60,XLF,credit,HYG,0.3963872182684183,54,,,
2026-09-08,60,XLF,credit,LQD,0.336153053060388,54,,,
2026-09-08,60,XLF,commodities,USO,-0.5000468443776703,54,,,
2026-09-08,60,XLF,commodities,GLD,0.1505040549248093,54,,,
2026-09-08,60,XLF,fx,DX-Y.NYB,-0.088608148626473,54,,,
2026-09-08,60,XLF,fx,EURUSD=X,-0.0162408585223944,54,,,
2026-09-08,60,XLF,volatility,^VIX,-0.2764338041785598,54,,,
2026-09-08,60,XLV,equity,SPY,-0.1581012834306318,54,,,
2026-09-08,60,XLV,equity,QQQ,-0.4139207886956138,54,,,
2026-09-08,60,XLV,equity,IWM,-0.0034465844994308,54,,,
2026-09-08,60,XLV,rates,TLT,0.2907994441554291,54,,,
2026-09-08,60,XLV,rates,IEF,0.2834802384260911,54,,,
2026-09-08,60,XLV,credit,HYG,0.05265788363071,54,,,
2026-09-08,60,XLV,credit,LQD,0.2201180492995094,54,,,
2026-09-08,60,XLV,commodities,USO,-0.1136216940651203,54,,,
2026-09-08,60,XLV,commodities,GLD,0.1554728123194816,54,,,
2026-09-08,60,XLV,fx,DX-Y.NYB,-0.125275304242629,54,,,
2026-09-08,60,XLV,fx,EURUSD=X,-0.1449776327994743,54,,,
2026-09-08,60,XLV,volatility,^VIX,0.0735336497153137,54,,,
2026-09-08,60,XLE,equity,SPY,-0.3573593745781596,54,,,
2026-09-08,60,XLE,equity,QQQ,-0.322934826082324,54,,,
2026-09-08,60,XLE,equity,IWM,-0.4768022303656913,54,,,
2026-09-08,60,XLE,rates,TLT,-0.5742972180543907,54,,,
2026-09-08,60,XLE,rates,IEF,-0.560399901889962,54,,,
2026-09-08,60,XLE,credit,HYG,-0.4634284578116633,54,,,
2026-09-08,60,XLE,credit,LQD,-0.580381895673233,54,,,
2026-09-08,60,XLE,commodities,USO,0.7527229853220118,54,,,
2026-09-08,60,XLE,commodities,GLD,-0.1700503069065246,54,,,
2026-09-08,60,XLE,fx,DX-Y.NYB,0.0346561660710608,54,,,
2026-09-08,60,XLE,fx,EURUSD=X,0.0486059188167777,54,,,
2026-09-08,60,XLE,volatility,^VIX,0.3478373047210957,54,,,
2026-09-08,60,XLY,equity,SPY,0.6340453577593476,54,,,
2026-09-08,60,XLY,equity,QQQ,0.3990447821805586,54,,,
2026-09-08,60,XLY,equity,IWM,0.4199160797208373,54,,,
2026-09-08,60,XLY,rates,TLT,0.3084789942679508,54,,,
2026-09-08,60,XLY,rates,IEF,0.4091343387458823,54,,,
2026-09-08,60,XLY,credit,HYG,0.63718581096476,54,,,
2026-09-08,60,XLY,credit,LQD,0.4311673289852246,54,,,
2026-09-08,60,XLY,commodities,USO,-0.4965236516507946,54,,,
2026-09-08,60,XLY,commodities,GLD,0.2041286553792892,54,,,
2026-09-08,60,XLY,fx,DX-Y.NYB,-0.2933003216198841,54,,,
2026-09-08,60,XLY,fx,EURUSD=X,0.0171861889768104,54,,,
2026-09-08,60,XLY,volatility,^VIX,-0.6115573885637609,54,,,
2026-09-08,60,XLP,equity,SPY,-0.1629020530056557,54,,,
2026-09-08,60,XLP,equity,QQQ,-0.4601040267941003,54,,,
2026-09-08,60,XLP,equity,IWM,-0.155728318196759,54,,,
2026-09-08,60,XLP,rates,TLT,0.259392548925898,54,,,
2026-09-08,60,XLP,rates,IEF,0.2917628155064343,54,,,
2026-09-08,60,XLP,credit,HYG,0.117281459573563,54,,,
2026-09-08,60,XLP,credit,LQD,0.2380094104891738,54,,,
2026-09-08,60,XLP,commodities,USO,-0.2673804805469374,54,,,
2026-09-08,60,XLP,commodities,GLD,-0.1064192848115094,54,,,
2026-09-08,60,XLP,fx,DX-Y.NYB,0.0247315800346512,54,,,
2026-09-08,60,XLP,fx,EURUSD=X,-0.2478757056274635,54,,,
2026-09-08,60,XLP,volatility,^VIX,0.1516751384195176,54,,,
2026-09-08,60,XLI,equity,SPY,0.6109317989892763,54,,,
2026-09-08,60,XLI,equity,QQQ,0.5984555322761455,54,,,
2026-09-08,60,XLI,equity,IWM,0.631095340968645,54,,,
2026-09-08,60,XLI,rates,TLT,0.2886856424059158,54,,,
2026-09-08,60,XLI,rates,IEF,0.270839209432924,54,,,
2026-09-08,60,XLI,credit,HYG,0.375662649116581,54,,,
2026-09-08,60,XLI,credit,LQD,0.3219973169231142,54,,,
2026-09-08,60,XLI,commodities,USO,-0.3088818245908878,54,,,
2026-09-08,60,XLI,commodities,GLD,0.0936179190424692,54,,,
2026-09-08,60,XLI,fx,DX-Y.NYB,-0.0386211876508274,54,,,
2026-09-08,60,XLI,fx,EURUSD=X,-0.0041784822429888,54,,,
2026-09-08,60,XLI,volatility,^VIX,-0.421146502663377,54,,,
2026-09-08,60,XLB,equity,SPY,0.2892574752232758,54,,,
2026-09-08,60,XLB,equity,QQQ,0.1030024118224204,54,,,
2026-09-08,60,XLB,equity,IWM,0.4107526326748811,54,,,
2026-09-08,60,XLB,rates,TLT,0.314329518228168,54,,,
2026-09-08,60,XLB,rates,IEF,0.3451216996224041,54,,,
2026-09-08,60,XLB,credit,HYG,0.3317332950135647,54,,,
2026-09-08,60,XLB,credit,LQD,0.3161568667199748,54,,,
2026-09-08,60,XLB,commodities,USO,-0.3774645853659679,54,,,
2026-09-08,60,XLB,commodities,GLD,0.4536331329772406,54,,,
2026-09-08,60,XLB,fx,DX-Y.NYB,-0.210125934730594,54,,,
2026-09-08,60,XLB,fx,EURUSD=X,-0.1406630043350524,54,,,
2026-09-08,60,XLB,volatility,^VIX,-0.2875131329224368,54,,,
2026-09-08,60,XLRE,equity,SPY,-0.0691694735764717,54,,,
2026-09-08,60,XLRE,equity,QQQ,-0.3227539108130488,54,,,
2026-09-08,60,XLRE,equity,IWM,0.0140165720074565,54,,,
2026-09-08,60,XLRE,rates,TLT,0.2087570239464957,54,,,
2026-09-08,60,XLRE,rates,IEF,0.3640226845255029,54,,,
2026-09-08,60,XLRE,credit,HYG,0.2103930117516178,54,,,
2026-09-08,60,XLRE,credit,LQD,0.2384214094695297,54,,,
2026-09-08,60,XLRE,commodities,USO,-0.1893901751764788,54,,,
2026-09-08,60,XLRE,commodities,GLD,0.0869796069528338,54,,,
2026-09-08,60,XLRE,fx,DX-Y.NYB,-0.0864390732065792,54,,,
2026-09-08,60,XLRE,fx,EURUSD=X,-0.1802907908937193,54,,,
2026-09-08,60,XLRE,volatility,^VIX,0.0913878915281236,54,,,
2026-09-08,60,XLU,equity,SPY,-0.0686343843184212,54,,,
2026-09-08,60,XLU,equity,QQQ,-0.1626329825510825,54,,,
2026-09-08,60,XLU,equity,IWM,0.0265368900761542,54,,,
2026-09-08,60,XLU,rates,TLT,0.2498206830585969,54,,,
2026-09-08,60,XLU,rates,IEF,0.2773977571123898,54,,,
2026-09-08,60,XLU,credit,HYG,0.0610398120499864,54,,,
2026-09-08,60,XLU,credit,LQD,0.1840621736269565,54,,,
2026-09-08,60,XLU,commodities,USO,0.0369552800096003,54,,,
2026-09-08,60,XLU,commodities,GLD,-0.078467985249465,54,,,
2026-09-08,60,XLU,fx,DX-Y.NYB,0.042189897876855,54,,,
2026-09-08,60,XLU,fx,EURUSD=X,-0.3189510585893423,54,,,
2026-09-08,60,XLU,volatility,^VIX,-0.0073846581611282,54,,,
2026-09-08,60,XLC,equity,SPY,0.3836743515289758,54,,,
2026-09-08,60,XLC,equity,QQQ,0.0894057937559328,54,,,
2026-09-08,60,XLC,equity,IWM,0.1802824459819043,54,,,
2026-09-08,60,XLC,rates,TLT,0.1679703085001724,54,,,
2026-09-08,60,XLC,rates,IEF,0.2828982677636163,54,,,
2026-09-08,60,XLC,credit,HYG,0.4537034114866753,54,,,
2026-09-08,60,XLC,credit,LQD,0.2928128651739712,54,,,
2026-09-08,60,XLC,commodities,USO,-0.3963181394321968,54,,,
2026-09-08,60,XLC,commodities,GLD,0.0209382368331712,54,,,
2026-09-08,60,XLC,fx,DX-Y.NYB,-0.0563870077409663,54,,,
2026-09-08,60,XLC,fx,EURUSD=X,-0.0715456190874092,54,,,
2026-09-08,60,XLC,volatility,^VIX,-0.225117991353001,54,,,
2026-09-09,20,XLK,equity,SPY,0.6451397075188305,18,,,
2026-09-09,20,XLK,equity,QQQ,0.9203635991264916,18,,,
2026-09-09,20,XLK,equity,IWM,0.5754651989632618,18,,,
2026-09-09,20,XLK,rates,TLT,-0.1032080823533695,18,,,
2026-09-09,20,XLK,rates,IEF,0.1286107062510106,18,,,
2026-09-09,20,XLK,credit,HYG,0.3552414708676332,18,,,
2026-09-09,20,XLK,credit,LQD,0.1412064773005413,18,,,
2026-09-09,20,XLK,commodities,USO,-0.0806523548898537,18,,,
2026-09-09,20,XLK,commodities,GLD,0.241296082267529,18,,,
2026-09-09,20,XLK,fx,DX-Y.NYB,-0.1442257440096252,18,,,
2026-09-09,20,XLK,fx,EURUSD=X,-0.229698966385431,18,,,
2026-09-09,20,XLK,volatility,^VIX,-0.462548133658039,18,,,
2026-09-09,20,XLF,equity,SPY,0.5422498777246819,18,,,
2026-09-09,20,XLF,equity,QQQ,0.1745557605544598,18,,,
2026-09-09,20,XLF,equity,IWM,0.272079068249291,18,,,
2026-09-09,20,XLF,rates,TLT,0.2960231971038395,18,,,
2026-09-09,20,XLF,rates,IEF,0.3467630913214601,18,,,
2026-09-09,20,XLF,credit,HYG,0.4480163812828659,18,,,
2026-09-09,20,XLF,credit,LQD,0.3864361664866623,18,,,
2026-09-09,20,XLF,commodities,USO,-0.5736859785414544,18,,,
2026-09-09,20,XLF,commodities,GLD,0.1502024725836495,18,,,
2026-09-09,20,XLF,fx,DX-Y.NYB,-0.0506521327782306,18,,,
2026-09-09,20,XLF,fx,EURUSD=X,-0.3605760959593658,18,,,
2026-09-09,20,XLF,volatility,^VIX,-0.4346234492627827,18,,,
2026-09-09,20,XLV,equity,SPY,0.178675739044177,18,,,
2026-09-09,20,XLV,equity,QQQ,-0.1913905246992849,18,,,
2026-09-09,20,XLV,equity,IWM,0.2229567293989715,18,,,
2026-09-09,20,XLV,rates,TLT,0.6409778484656702,18,,,
2026-09-09,20,XLV,rates,IEF,0.5349829616815621,18,,,
2026-09-09,20,XLV,credit,HYG,0.3560151199831863,18,,,
2026-09-09,20,XLV,credit,LQD,0.5421059311543004,18,,,
2026-09-09,20,XLV,commodities,USO,-0.190294465230155,18,,,
2026-09-09,20,XLV,commodities,GLD,0.4011753067073957,18,,,
2026-09-09,20,XLV,fx,DX-Y.NYB,-0.51019726747208,18,,,
2026-09-09,20,XLV,fx,EURUSD=X,-0.2707084156488102,18,,,
2026-09-09,20,XLV,volatility,^VIX,-0.3146113728760502,18,,,
2026-09-09,20,XLE,equity,SPY,-0.499956059320213,18,,,
2026-09-09,20,XLE,equity,QQQ,-0.4726865587271255,18,,,
2026-09-09,20,XLE,equity,IWM,-0.4221039766520924,18,,,
2026-09-09,20,XLE,rates,TLT,-0.5364085531925028,18,,,
2026-09-09,20,XLE,rates,IEF,-0.5349605795982822,18,,,
2026-09-09,20,XLE,credit,HYG,-0.5458967043851224,18,,,
2026-09-09,20,XLE,credit,LQD,-0.5676733610094654,18,,,
2026-09-09,20,XLE,commodities,USO,0.6665323386057997,18,,,
2026-09-09,20,XLE,commodities,GLD,-0.3417175788834576,18,,,
2026-09-09,20,XLE,fx,DX-Y.NYB,0.0742950213539675,18,,,
2026-09-09,20,XLE,fx,EURUSD=X,-0.0743551072903065,18,,,
2026-09-09,20,XLE,volatility,^VIX,0.3831879244446889,18,,,
2026-09-09,20,XLY,equity,SPY,0.5432514079165358,18,,,
2026-09-09,20,XLY,equity,QQQ,0.167414756279418,18,,,
2026-09-09,20,XLY,equity,IWM,0.3087149576395307,18,,,
2026-09-09,20,XLY,rates,TLT,0.5239428385189617,18,,,
2026-09-09,20,XLY,rates,IEF,0.4079156926913689,18,,,
2026-09-09,20,XLY,credit,HYG,0.5371483037465375,18,,,
2026-09-09,20,XLY,credit,LQD,0.4970610930018394,18,,,
2026-09-09,20,XLY,commodities,USO,-0.4506383066310307,18,,,
2026-09-09,20,XLY,commodities,GLD,0.3893541796997407,18,,,
2026-09-09,20,XLY,fx,DX-Y.NYB,-0.4872450606934614,18,,,
2026-09-09,20,XLY,fx,EURUSD=X,-0.405009764054863,18,,,
2026-09-09,20,XLY,volatility,^VIX,-0.5886496384863957,18,,,
2026-09-09,20,XLP,equity,SPY,0.0968412871511912,18,,,
2026-09-09,20,XLP,equity,QQQ,-0.3034584452908684,18,,,
2026-09-09,20,XLP,equity,IWM,0.0253151426517127,18,,,
2026-09-09,20,XLP,rates,TLT,0.4616384725893185,18,,,
2026-09-09,20,XLP,rates,IEF,0.3326342058069965,18,,,
2026-09-09,20,XLP,credit,HYG,0.2553878020615179,18,,,
2026-09-09,20,XLP,credit,LQD,0.3635766641686226,18,,,
2026-09-09,20,XLP,commodities,USO,-0.3095428709108161,18,,,
2026-09-09,20,XLP,commodities,GLD,0.0063406735618613,18,,,
2026-09-09,20,XLP,fx,DX-Y.NYB,-0.0370496926265189,18,,,
2026-09-09,20,XLP,fx,EURUSD=X,-0.2831042415627189,18,,,
2026-09-09,20,XLP,volatility,^VIX,-0.1451373978162294,18,,,
2026-09-09,20,XLI,equity,SPY,0.5396934246564108,18,,,
2026-09-09,20,XLI,equity,QQQ,0.584824938845954,18,,,
2026-09-09,20,XLI,equity,IWM,0.6607287678031747,18,,,
2026-09-09,20,XLI,rates,TLT,-0.0574537122737033,18,,,
2026-09-09,20,XLI,rates,IEF,0.0738234694264905,18,,,
2026-09-09,20,XLI,credit,HYG,0.302220852497045,18,,,
2026-09-09,20,XLI,credit,LQD,0.103901544919441,18,,,
2026-09-09,20,XLI,commodities,USO,-0.2749645311851166,18,,,
2026-09-09,20,XLI,commodities,GLD,0.2559335404713475,18,,,
2026-09-09,20,XLI,fx,DX-Y.NYB,-0.1356039609019187,18,,,
2026-09-09,20,XLI,fx,EURUSD=X,-0.0458870601605909,18,,,
2026-09-09,20,XLI,volatility,^VIX,-0.5279885881331271,18,,,
2026-09-09,20,XLB,equity,SPY,0.2523183463379521,18,,,
2026-09-09,20,XLB,equity,QQQ,0.0397599764403069,18,,,
2026-09-09,20,XLB,equity,IWM,0.501233771268528,18,,,
2026-09-09,20,XLB,rates,TLT,0.2389997604464691,18,,,
2026-09-09,20,XLB,rates,IEF,0.1330415262513935,18,,,
2026-09-09,20,XLB,credit,HYG,0.2544362014840942,18,,,
2026-09-09,20,XLB,credit,LQD,0.2206296631186021,18,,,
2026-09-09,20,XLB,commodities,USO,-0.2873726697531052,18,,,
2026-09-09,20,XLB,commodities,GLD,0.5262186710916509,18,,,
2026-09-09,20,XLB,fx,DX-Y.NYB,-0.3275725126060391,18,,,
2026-09-09,20,XLB,fx,EURUSD=X,-0.0082436778713685,18,,,
2026-09-09,20,XLB,volatility,^VIX,-0.5335748510859831,18,,,
2026-09-09,20,XLRE,equity,SPY,0.4075326000763685,18,,,
2026-09-09,20,XLRE,equity,QQQ,0.2348118665933206,18,,,
2026-09-09,20,XLRE,equity,IWM,0.2147871865450417,18,,,
2026-09-09,20,XLRE,rates,TLT,0.4266136016770347,18,,,
2026-09-09,20,XLRE,rates,IEF,0.475802149367719,18,,,
2026-09-09,20,XLRE,credit,HYG,0.5140319813082911,18,,,
2026-09-09,20,XLRE,credit,LQD,0.4449237924446631,18,,,
2026-09-09,20,XLRE,commodities,USO,-0.3798377008006245,18,,,
2026-09-09,20,XLRE,commodities,GLD,0.2928876518171087,18,,,
2026-09-09,20,XLRE,fx,DX-Y.NYB,-0.3461755599169884,18,,,
2026-09-09,20,XLRE,fx,EURUSD=X,-0.0249968145266251,18,,,
2026-09-09,20,XLRE,volatility,^VIX,-0.2243285103440987,18,,,
2026-09-09,20,XLU,equity,SPY,0.0666180367041154,18,,,
2026-09-09,20,XLU,equity,QQQ,-0.0112762581062869,18,,,
2026-09-09,20,XLU,equity,IWM,0.1046633999458777,18,,,
2026-09-09,20,XLU,rates,TLT,0.2974723231738369,18,,,
2026-09-09,20,XLU,rates,IEF,0.3476953021473742,18,,,
2026-09-09,20,XLU,credit,HYG,0.1002919587633674,18,,,
2026-09-09,20,XLU,credit,LQD,0.251854509018679,18,,,
2026-09-09,20,XLU,commodities,USO,-0.1444626574905165,18,,,
2026-09-09,20,XLU,commodities,GLD,-0.0366006669017612,18,,,
2026-09-09,20,XLU,fx,DX-Y.NYB,-0.0401417379176542,18,,,
2026-09-09,20,XLU,fx,EURUSD=X,-0.0005111056056248,18,,,
2026-09-09,20,XLU,volatility,^VIX,0.0850851017462741,18,,,
2026-09-09,20,XLC,equity,SPY,0.4808686743108523,18,,,
2026-09-09,20,XLC,equity,QQQ,0.1210225679268778,18,,,
2026-09-09,20,XLC,equity,IWM,0.2418026419321748,18,,,
2026-09-09,20,XLC,rates,TLT,0.4915291753149323,18,,,
2026-09-09,20,XLC,rates,IEF,0.4107071343493885,18,,,
2026-09-09,20,XLC,credit,HYG,0.4162333104285549,18,,,
2026-09-09,20,XLC,credit,LQD,0.4516288637999684,18,,,
2026-09-09,20,XLC,commodities,USO,-0.5898675181379038,18,,,
2026-09-09,20,XLC,commodities,GLD,0.0576306539977529,18,,,
2026-09-09,20,XLC,fx,DX-Y.NYB,-0.1430180740682493,18,,,
2026-09-09,20,XLC,fx,EURUSD=X,-0.2557034588888152,18,,,
2026-09-09,20,XLC,volatility,^VIX,-0.4132994693786584,18,,,
2026-09-09,60,XLK,equity,SPY,0.7814783632788344,54,,,
2026-09-09,60,XLK,equity,QQQ,0.9555983587853482,54,,,
2026-09-09,60,XLK,equity,IWM,0.6814978297149965,54,,,
2026-09-09,60,XLK,rates,TLT,0.1323372079166933,54,,,
2026-09-09,60,XLK,rates,IEF,0.1795117844973038,54,,,
2026-09-09,60,XLK,credit,HYG,0.4973680430175214,54,,,
2026-09-09,60,XLK,credit,LQD,0.2557572322535045,54,,,
2026-09-09,60,XLK,commodities,USO,-0.1762537611181811,54,,,
2026-09-09,60,XLK,commodities,GLD,0.2640112611374561,54,,,
2026-09-09,60,XLK,fx,DX-Y.NYB,-0.17117414940119,54,,,
2026-09-09,60,XLK,fx,EURUSD=X,0.0104246065574591,54,,,
2026-09-09,60,XLK,volatility,^VIX,-0.5808367295505896,54,,,
2026-09-09,60,XLF,equity,SPY,0.3587804800347993,54,,,
2026-09-09,60,XLF,equity,QQQ,0.0268366748889666,54,,,
2026-09-09,60,XLF,equity,IWM,0.2510484260224479,54,,,
2026-09-09,60,XLF,rates,TLT,0.2438638259743461,54,,,
2026-09-09,60,XLF,rates,IEF,0.2976707970006126,54,,,
2026-09-09,60,XLF,credit,HYG,0.3963829041336741,54,,,
2026-09-09,60,XLF,credit,LQD,0.3361513095795075,54,,,
2026-09-09,60,XLF,commodities,USO,-0.5000468443776693,54,,,
2026-09-09,60,XLF,commodities,GLD,0.1505040549248103,54,,,
2026-09-09,60,XLF,fx,DX-Y.NYB,-0.0886081486264673,54,,,
2026-09-09,60,XLF,fx,EURUSD=X,-0.0162408585223955,54,,,
2026-09-09,60,XLF,volatility,^VIX,-0.2764338041785579,54,,,
2026-09-09,60,XLV,equity,SPY,-0.1581012834306318,54,,,
2026-09-09,60,XLV,equity,QQQ,-0.4139207886956138,54,,,
2026-09-09,60,XLV,equity,IWM,-0.003446584499429,54,,,
2026-09-09,60,XLV,rates,TLT,0.2907994441554291,54,,,
2026-09-09,60,XLV,rates,IEF,0.2834740442735747,54,,,
2026-09-09,60,XLV,credit,HYG,0.0526581716609731,54,,,
2026-09-09,60,XLV,credit,LQD,0.2201182567304316,54,,,
2026-09-09,60,XLV,commodities,USO,-0.1136216940651207,54,,,
2026-09-09,60,XLV,commodities,GLD,0.1554728123194815,54,,,
2026-09-09,60,XLV,fx,DX-Y.NYB,-0.1252753042426314,54,,,
2026-09-09,60,XLV,fx,EURUSD=X,-0.1449776327994729,54,,,
2026-09-09,60,XLV,volatility,^VIX,0.0735336497153137,54,,,
2026-09-09,60,XLE,equity,SPY,-0.357359374578159,54,,,
2026-09-09,60,XLE,equity,QQQ,-0.3229348260823234,54,,,
2026-09-09,60,XLE,equity,IWM,-0.4768022303656883,54,,,
2026-09-09,60,XLE,rates,TLT,-0.5742972180543903,54,,,
2026-09-09,60,XLE,rates,IEF,-0.5603995132173973,54,,,
2026-09-09,60,XLE,credit,HYG,-0.4634267097423364,54,,,
2026-09-09,60,XLE,credit,LQD,-0.5803814619523313,54,,,
2026-09-09,60,XLE,commodities,USO,0.7527229853220121,54,,,
2026-09-09,60,XLE,commodities,GLD,-0.1700503069065234,54,,,
2026-09-09,60,XLE,fx,DX-Y.NYB,0.0346561660710645,54,,,
2026-09-09,60,XLE,fx,EURUSD=X,0.0486059188167802,54,,,
2026-09-09,60,XLE,volatility,^VIX,0.3478373047210949,54,,,
2026-09-09,60,XLY,equity,SPY,0.6340453577593461,54,,,
2026-09-09,60,XLY,equity,QQQ,0.3990447821805574,54,,,
2026-09-09,60,XLY,equity,IWM,0.4199160797208381,54,,,
2026-09-09,60,XLY,rates,TLT,0.3084789942679506,54,,,
2026-09-09,60,XLY,rates,IEF,0.4091316132713778,54,,,
2026-09-09,60,XLY,credit,HYG,0.6371781052356806,54,,,
2026-09-09,60,XLY,credit,LQD,0.4311677120072489,54,,,
2026-09-09,60,XLY,commodities,USO,-0.4965236516507955,54,,,
2026-09-09,60,XLY,commodities,GLD,0.2041286553792891,54,,,
2026-09-09,60,XLY,fx,DX-Y.NYB,-0.293300321619889,54,,,
2026-09-09,60,XLY,fx,EURUSD=X,0.0171861889768077,54,,,
2026-09-09,60,XLY,volatility,^VIX,-0.6115573885637596,54,,,
2026-09-09,60,XLP,equity,SPY,-0.1629020530056557,54,,,
2026-09-09,60,XLP,equity,QQQ,-0.4601040267941003,54,,,
2026-09-09,60,XLP,equity,IWM,-0.1557283181967575,54,,,
2026-09-09,60,XLP,rates,TLT,0.259392548925898,54,,,
2026-09-09,60,XLP,rates,IEF,0.2917551631145092,54,,,
2026-09-09,60,XLP,credit,HYG,0.1172790342393363,54,,,
2026-09-09,60,XLP,credit,LQD,0.2380093175794251,54,,,
2026-09-09,60,XLP,commodities,USO,-0.2673804805469376,54,,,
2026-09-09,60,XLP,commodities,GLD,-0.1064192848115093,54,,,
2026-09-09,60,XLP,fx,DX-Y.NYB,0.0247315800346506,54,,,
2026-09-09,60,XLP,fx,EURUSD=X,-0.247875705627461,54,,,
2026-09-09,60,XLP,volatility,^VIX,0.1516751384195178,54,,,
2026-09-09,60,XLI,equity,SPY,0.610931798989277,54,,,
2026-09-09,60,XLI,equity,QQQ,0.5984555322761461,54,,,
2026-09-09,60,XLI,equity,IWM,0.6310953409686461,54,,,
2026-09-09,60,XLI,rates,TLT,0.2886856424059177,54,,,
2026-09-09,60,XLI,rates,IEF,0.2708427684169527,54,,,
2026-09-09,60,XLI,credit,HYG,0.3756607836697793,54,,,
2026-09-09,60,XLI,credit,LQD,0.3219993895251484,54,,,
2026-09-09,60,XLI,commodities,USO,-0.3088818245908898,54,,,
2026-09-09,60,XLI,commodities,GLD,0.0936179190424652,54,,,
2026-09-09,60,XLI,fx,DX-Y.NYB,-0.0386211876508242,54,,,
2026-09-09,60,XLI,fx,EURUSD=X,-0.0041784822429843,54,,,
2026-09-09,60,XLI,volatility,^VIX,-0.421146502663377,54,,,
2026-09-09,60,XLB,equity,SPY,0.2892574752232759,54,,,
2026-09-09,60,XLB,equity,QQQ,0.10300241182242,54,,,
2026-09-09,60,XLB,equity,IWM,0.4107526326748797,54,,,
2026-09-09,60,XLB,rates,TLT,0.3143295182281684,54,,,
2026-09-09,60,XLB,rates,IEF,0.3451205534455605,54,,,
2026-09-09,60,XLB,credit,HYG,0.3317312688224288,54,,,
2026-09-09,60,XLB,credit,LQD,0.3161589757456158,54,,,
2026-09-09,60,XLB,commodities,USO,-0.3774645853659668,54,,,
2026-09-09,60,XLB,commodities,GLD,0.4536331329772387,54,,,
2026-09-09,60,XLB,fx,DX-Y.NYB,-0.2101259347305907,54,,,
2026-09-09,60,XLB,fx,EURUSD=X,-0.1406630043350503,54,,,
2026-09-09,60,XLB,volatility,^VIX,-0.2875131329224357,54,,,
2026-09-09,60,XLRE,equity,SPY,-0.0691694735764715,54,,,
2026-09-09,60,XLRE,equity,QQQ,-0.3227539108130486,54,,,
2026-09-09,60,XLRE,equity,IWM,0.0140165720074568,54,,,
2026-09-09,60,XLRE,rates,TLT,0.2087570239464953,54,,,
2026-09-09,60,XLRE,rates,IEF,0.3640181221382042,54,,,
2026-09-09,60,XLRE,credit,HYG,0.2103959088457397,54,,,
2026-09-09,60,XLRE,credit,LQD,0.2384216222695989,54,,,
2026-09-09,60,XLRE,commodities,USO,-0.1893901751764791,54,,,
2026-09-09,60,XLRE,commodities,GLD,0.0869796069528338,54,,,
2026-09-09,60,XLRE,fx,DX-Y.NYB,-0.086439073206576,54,,,
2026-09-09,60,XLRE,fx,EURUSD=X,-0.1802907908937227,54,,,
2026-09-09,60,XLRE,volatility,^VIX,0.0913878915281233,54,,,
2026-09-09,60,XLU,equity,SPY,-0.0686343843184189,54,,,
2026-09-09,60,XLU,equity,QQQ,-0.1626329825510817,54,,,
2026-09-09,60,XLU,equity,IWM,0.0265368900761556,54,,,
2026-09-09,60,XLU,rates,TLT,0.2498206830585977,54,,,
2026-09-09,60,XLU,rates,IEF,0.2773947015081074,54,,,
2026-09-09,60,XLU,credit,HYG,0.0610409644809893,54,,,
2026-09-09,60,XLU,credit,LQD,0.1840639785544581,54,,,
2026-09-09,60,XLU,commodities,USO,0.0369552800095977,54,,,
2026-09-09,60,XLU,commodities,GLD,-0.078467985249463,54,,,
2026-09-09,60,XLU,fx,DX-Y.NYB,0.0421898978768615,54,,,
2026-09-09,60,XLU,fx,EURUSD=X,-0.3189510585893368,54,,,
2026-09-09,60,XLU,volatility,^VIX,-0.0073846581611302,54,,,
2026-09-09,60,XLC,equity,SPY,0.3836743515289749,54,,,
2026-09-09,60,XLC,equity,QQQ,0.0894057937559324,54,,,
2026-09-09,60,XLC,equity,IWM,0.1802824459819067,54,,,
2026-09-09,60,XLC,rates,TLT,0.1679703085001725,54,,,
2026-09-09,60,XLC,rates,IEF,0.2828962491152727,54,,,
2026-09-09,60,XLC,credit,HYG,0.453698483884863,54,,,
2026-09-09,60,XLC,credit,LQD,0.2928119772927186,54,,,
2026-09-09,60,XLC,commodities,USO,-0.3963181394321982,54,,,
2026-09-09,60,XLC,commodities,GLD,0.0209382368331719,54,,,
2026-09-09,60,XLC,fx,DX-Y.NYB,-0.0563870077409692,54,,,
2026-09-09,60,XLC,fx,EURUSD=X,-0.0715456190874175,54,,,
2026-09-09,60,XLC,volatility,^VIX,-0.2251179913530011,54,,,
2026-09-10,20,XLK,equity,SPY,0.6286254028500234,18,,,
2026-09-10,20,XLK,equity,QQQ,0.9260049804882844,18,,,
2026-09-10,20,XLK,equity,IWM,0.5268277982586894,18,,,
2026-09-10,20,XLK,rates,TLT,-0.042556987335862,18,,,
2026-09-10,20,XLK,rates,IEF,0.153182307537045,18,,,
2026-09-10,20,XLK,credit,HYG,0.3413679892445314,18,,,
2026-09-10,20,XLK,credit,LQD,0.1742340673142274,18,,,
2026-09-10,20,XLK,commodities,USO,-0.1036433983084022,18,,,
2026-09-10,20,XLK,commodities,GLD,0.3142186789310599,18,,,
2026-09-10,20,XLK,fx,DX-Y.NYB,-0.255798318053743,18,,,
2026-09-10,20,XLK,fx,EURUSD=X,-0.1978869870203085,18,,,
2026-09-10,20,XLK,volatility,^VIX,-0.4733673651191729,18,,,
2026-09-10,20,XLF,equity,SPY,0.5323282674882386,18,,,
2026-09-10,20,XLF,equity,QQQ,0.13716902501643,18,,,
2026-09-10,20,XLF,equity,IWM,0.2865831891622243,18,,,
2026-09-10,20,XLF,rates,TLT,0.3000054643642588,18,,,
2026-09-10,20,XLF,rates,IEF,0.3185915030926063,18,,,
2026-09-10,20,XLF,credit,HYG,0.4070351899241624,18,,,
2026-09-10,20,XLF,credit,LQD,0.3523693475189474,18,,,
2026-09-10,20,XLF,commodities,USO,-0.5385611979194562,18,,,
2026-09-10,20,XLF,commodities,GLD,0.1905479833779064,18,,,
2026-09-10,20,XLF,fx,DX-Y.NYB,-0.0816137965519045,18,,,
2026-09-10,20,XLF,fx,EURUSD=X,-0.3332358363509621,18,,,
2026-09-10,20,XLF,volatility,^VIX,-0.4560004434991686,18,,,
2026-09-10,20,XLV,equity,SPY,0.2320869142676298,18,,,
2026-09-10,20,XLV,equity,QQQ,-0.1556878232555769,18,,,
2026-09-10,20,XLV,equity,IWM,0.2625960433121794,18,,,
2026-09-10,20,XLV,rates,TLT,0.6594037081339711,18,,,
2026-09-10,20,XLV,rates,IEF,0.557892000270773,18,,,
2026-09-10,20,XLV,credit,HYG,0.4011922468446196,18,,,
2026-09-10,20,XLV,credit,LQD,0.5579602013660466,18,,,
2026-09-10,20,XLV,commodities,USO,-0.2490422383687252,18,,,
2026-09-10,20,XLV,commodities,GLD,0.4069370540449666,18,,,
2026-09-10,20,XLV,fx,DX-Y.NYB,-0.5310349152518195,18,,,
2026-09-10,20,XLV,fx,EURUSD=X,-0.2699616640687661,18,,,
2026-09-10,20,XLV,volatility,^VIX,-0.3465409675881629,18,,,
2026-09-10,20,XLE,equity,SPY,-0.4452322922672722,18,,,
2026-09-10,20,XLE,equity,QQQ,-0.4022682234790178,18,,,
2026-09-10,20,XLE,equity,IWM,-0.3684879993211278,18,,,
2026-09-10,20,XLE,rates,TLT,-0.4173981947449989,18,,,
2026-09-10,20,XLE,rates,IEF,-0.3503476667599573,18,,,
2026-09-10,20,XLE,credit,HYG,-0.3536805459883388,18,,,
2026-09-10,20,XLE,credit,LQD,-0.3783355927469178,18,,,
2026-09-10,20,XLE,commodities,USO,0.4988027088536895,18,,,
2026-09-10,20,XLE,commodities,GLD,-0.2727307715496813,18,,,
2026-09-10,20,XLE,fx,DX-Y.NYB,0.015263301600995,18,,,
2026-09-10,20,XLE,fx,EURUSD=X,-0.0896987548173808,18,,,
2026-09-10,20,XLE,volatility,^VIX,0.2863111376735102,18,,,
2026-09-10,20,XLY,equity,SPY,0.5878249251669257,18,,,
2026-09-10,20,XLY,equity,QQQ,0.1959531854096399,18,,,
2026-09-10,20,XLY,equity,IWM,0.4107777227112009,18,,,
2026-09-10,20,XLY,rates,TLT,0.5134465586765024,18,,,
2026-09-10,20,XLY,rates,IEF,0.4039256957084363,18,,,
2026-09-10,20,XLY,credit,HYG,0.5394154026621616,18,,,
2026-09-10,20,XLY,credit,LQD,0.4669168632539449,18,,,
2026-09-10,20,XLY,commodities,USO,-0.4590132582141848,18,,,
2026-09-10,20,XLY,commodities,GLD,0.4286749710428699,18,,,
2026-09-10,20,XLY,fx,DX-Y.NYB,-0.4466011193299362,18,,,
2026-09-10,20,XLY,fx,EURUSD=X,-0.3897062913319921,18,,,
2026-09-10,20,XLY,volatility,^VIX,-0.6604427655474833,18,,,
2026-09-10,20,XLP,equity,SPY,0.0231543535007149,18,,,
2026-09-10,20,XLP,equity,QQQ,-0.4568540612131918,18,,,
2026-09-10,20,XLP,equity,IWM,0.0433194425662552,18,,,
2026-09-10,20,XLP,rates,TLT,0.4137360492696885,18,,,
2026-09-10,20,XLP,rates,IEF,0.2202344741110307,18,,,
2026-09-10,20,XLP,credit,HYG,0.1466204956641942,18,,,
2026-09-10,20,XLP,credit,LQD,0.2402872488794759,18,,,
2026-09-10,20,XLP,commodities,USO,-0.2272179680766395,18,,,
2026-09-10,20,XLP,commodities,GLD,0.0132996074804122,18,,,
2026-09-10,20,XLP,fx,DX-Y.NYB,-0.0396607047804381,18,,,
2026-09-10,20,XLP,fx,EURUSD=X,-0.2308631914637322,18,,,
2026-09-10,20,XLP,volatility,^VIX,-0.1531115099738756,18,,,
2026-09-10,20,XLI,equity,SPY,0.5594527428501155,18,,,
2026-09-10,20,XLI,equity,QQQ,0.5661922662139858,18,,,
2026-09-10,20,XLI,equity,IWM,0.6883885804761019,18,,,
2026-09-10,20,XLI,rates,TLT,0.0300803045647364,18,,,
2026-09-10,20,XLI,rates,IEF,0.1247667467862782,18,,,
2026-09-10,20,XLI,credit,HYG,0.3197377713402127,18,,,
2026-09-10,20,XLI,credit,LQD,0.122937192992265,18,,,
2026-09-10,20,XLI,commodities,USO,-0.3032309336597129,18,,,
2026-09-10,20,XLI,commodities,GLD,0.2337857908609741,18,,,
2026-09-10,20,XLI,fx,DX-Y.NYB,-0.166318029772639,18,,,
2026-09-10,20,XLI,fx,EURUSD=X,-0.0100835209375013,18,,,
2026-09-10,20,XLI,volatility,^VIX,-0.5425667242891131,18,,,
2026-09-10,20,XLB,equity,SPY,0.4424242560697348,18,,,
2026-09-10,20,XLB,equity,QQQ,0.2438421822058612,18,,,
2026-09-10,20,XLB,equity,IWM,0.6827692034579382,18,,,
2026-09-10,20,XLB,rates,TLT,0.3831818177420422,18,,,
2026-09-10,20,XLB,rates,IEF,0.3719417033866251,18,,,
2026-09-10,20,XLB,credit,HYG,0.5115633260445425,18,,,
2026-09-10,20,XLB,credit,LQD,0.4130728237351677,18,,,
2026-09-10,20,XLB,commodities,USO,-0.4885142014590899,18,,,
2026-09-10,20,XLB,commodities,GLD,0.5654579633250624,18,,,
2026-09-10,20,XLB,fx,DX-Y.NYB,-0.3350827450456309,18,,,
2026-09-10,20,XLB,fx,EURUSD=X,-0.0317403990744416,18,,,
2026-09-10,20,XLB,volatility,^VIX,-0.6982350017001107,18,,,
2026-09-10,20,XLRE,equity,SPY,0.34877820124005,18,,,
2026-09-10,20,XLRE,equity,QQQ,0.0710868972964717,18,,,
2026-09-10,20,XLRE,equity,IWM,0.2560013189945099,18,,,
2026-09-10,20,XLRE,rates,TLT,0.498253940269469,18,,,
2026-09-10,20,XLRE,rates,IEF,0.4496149810340596,18,,,
2026-09-10,20,XLRE,credit,HYG,0.471487118506557,18,,,
2026-09-10,20,XLRE,credit,LQD,0.4126994940471781,18,,,
2026-09-10,20,XLRE,commodities,USO,-0.3782551351540492,18,,,
2026-09-10,20,XLRE,commodities,GLD,0.4219868546062117,18,,,
2026-09-10,20,XLRE,fx,DX-Y.NYB,-0.4978226555104855,18,,,
2026-09-10,20,XLRE,fx,EURUSD=X,0.0844117848097313,18,,,
2026-09-10,20,XLRE,volatility,^VIX,-0.326084216735835,18,,,
2026-09-10,20,XLU,equity,SPY,0.0921556450475485,18,,,
2026-09-10,20,XLU,equity,QQQ,-0.0323686157444871,18,,,
2026-09-10,20,XLU,equity,IWM,0.1864971699138169,18,,,
2026-09-10,20,XLU,rates,TLT,0.3729812213968753,18,,,
2026-09-10,20,XLU,rates,IEF,0.3945120558270096,18,,,
2026-09-10,20,XLU,credit,HYG,0.1832195471638108,18,,,
2026-09-10,20,XLU,credit,LQD,0.2920147236676831,18,,,
2026-09-10,20,XLU,commodities,USO,-0.2188506978510047,18,,,
2026-09-10,20,XLU,commodities,GLD,0.0033833157862414,18,,,
2026-09-10,20,XLU,fx,DX-Y.NYB,-0.1180558121636771,18,,,
2026-09-10,20,XLU,fx,EURUSD=X,0.0421940042634843,18,,,
2026-09-10,20,XLU,volatility,^VIX,-0.0318237693041239,18,,,
2026-09-10,20,XLC,equity,SPY,0.3992545974616425,18,,,
2026-09-10,20,XLC,equity,QQQ,-0.0235916118801501,18,,,
2026-09-10,20,XLC,equity,IWM,0.257851222518431,18,,,
2026-09-10,20,XLC,rates,TLT,0.37321796750675,18,,,
2026-09-10,20,XLC,rates,IEF,0.2219477716894317,18,,,
2026-09-10,20,XLC,credit,HYG,0.2412532591626779,18,,,
2026-09-10,20,XLC,credit,LQD,0.2742664953686492,18,,,
2026-09-10,20,XLC,commodities,USO,-0.4536340454496999,18,,,
2026-09-10,20,XLC,commodities,GLD,0.1441825778926466,18,,,
2026-09-10,20,XLC,fx,DX-Y.NYB,-0.0695734427717371,18,,,
2026-09-10,20,XLC,fx,EURUSD=X,-0.2250099668996892,18,,,
2026-09-10,20,XLC,volatility,^VIX,-0.4600877017519318,18,,,
2026-09-10,60,XLK,equity,SPY,0.7890550925827552,54,,,
2026-09-10,60,XLK,equity,QQQ,0.9561948865604556,54,,,
2026-09-10,60,XLK,equity,IWM,0.651589212431041,54,,,
2026-09-10,60,XLK,rates,TLT,0.1284262706761088,54,,,
2026-09-10,60,XLK,rates,IEF,0.1679188630008899,54,,,
2026-09-10,60,XLK,credit,HYG,0.4778138908905707,54,,,
2026-09-10,60,XLK,credit,LQD,0.2515628987039989,54,,,
2026-09-10,60,XLK,commodities,USO,-0.1969696860512152,54,,,
2026-09-10,60,XLK,commodities,GLD,0.2904643234116515,54,,,
2026-09-10,60,XLK,fx,DX-Y.NYB,-0.2821532966265258,54,,,
2026-09-10,60,XLK,fx,EURUSD=X,0.1107084990982787,54,,,
2026-09-10,60,XLK,volatility,^VIX,-0.5737524624901944,54,,,
2026-09-10,60,XLF,equity,SPY,0.3990663246163939,54,,,
2026-09-10,60,XLF,equity,QQQ,0.0716739165236469,54,,,
2026-09-10,60,XLF,equity,IWM,0.3347975406049803,54,,,
2026-09-10,60,XLF,rates,TLT,0.296652356451101,54,,,
2026-09-10,60,XLF,rates,IEF,0.3359718618367621,54,,,
2026-09-10,60,XLF,credit,HYG,0.4605361189680492,54,,,
2026-09-10,60,XLF,credit,LQD,0.3652589370433441,54,,,
2026-09-10,60,XLF,commodities,USO,-0.5269128320361989,54,,,
2026-09-10,60,XLF,commodities,GLD,0.1292386782106478,54,,,
2026-09-10,60,XLF,fx,DX-Y.NYB,-0.0127805944612292,54,,,
2026-09-10,60,XLF,fx,EURUSD=X,-0.0900727547300515,54,,,
2026-09-10,60,XLF,volatility,^VIX,-0.329376224999455,54,,,
2026-09-10,60,XLV,equity,SPY,-0.1728076405459266,54,,,
2026-09-10,60,XLV,equity,QQQ,-0.4109216087685876,54,,,
2026-09-10,60,XLV,equity,IWM,0.0430727817977222,54,,,
2026-09-10,60,XLV,rates,TLT,0.3434282922144175,54,,,
2026-09-10,60,XLV,rates,IEF,0.2992271067248413,54,,,
2026-09-10,60,XLV,credit,HYG,0.0739924531417823,54,,,
2026-09-10,60,XLV,credit,LQD,0.2431094205129054,54,,,
2026-09-10,60,XLV,commodities,USO,-0.1503483869363743,54,,,
2026-09-10,60,XLV,commodities,GLD,0.1252938451471604,54,,,
2026-09-10,60,XLV,fx,DX-Y.NYB,-0.0527027994402399,54,,,
2026-09-10,60,XLV,fx,EURUSD=X,-0.2090363055923056,54,,,
2026-09-10,60,XLV,volatility,^VIX,0.0739143496904922,54,,,
2026-09-10,60,XLE,equity,SPY,-0.3748596383964183,54,,,
2026-09-10,60,XLE,equity,QQQ,-0.2972435982518635,54,,,
2026-09-10,60,XLE,equity,IWM,-0.451766226745125,54,,,
2026-09-10,60,XLE,rates,TLT,-0.525276506785258,54,,,
2026-09-10,60,XLE,rates,IEF,-0.5378347156433376,54,,,
2026-09-10,60,XLE,credit,HYG,-0.4455368598831626,54,,,
2026-09-10,60,XLE,credit,LQD,-0.5323782650875963,54,,,
2026-09-10,60,XLE,commodities,USO,0.7310405296277358,54,,,
2026-09-10,60,XLE,commodities,GLD,-0.1976988793316366,54,,,
2026-09-10,60,XLE,fx,DX-Y.NYB,0.1414377962968746,54,,,
2026-09-10,60,XLE,fx,EURUSD=X,-0.0290926746517622,54,,,
2026-09-10,60,XLE,volatility,^VIX,0.3523635836652944,54,,,
2026-09-10,60,XLY,equity,SPY,0.6050119656674943,54,,,
2026-09-10,60,XLY,equity,QQQ,0.3687642520727446,54,,,
2026-09-10,60,XLY,equity,IWM,0.4005006292605712,54,,,
2026-09-10,60,XLY,rates,TLT,0.3308320248574095,54,,,
2026-09-10,60,XLY,rates,IEF,0.3576612596275851,54,,,
2026-09-10,60,XLY,credit,HYG,0.5781972237416589,54,,,
2026-09-10,60,XLY,credit,LQD,0.3988556431095918,54,,,
2026-09-10,60,XLY,commodities,USO,-0.5404348336927147,54,,,
2026-09-10,60,XLY,commodities,GLD,0.1631198346529387,54,,,
2026-09-10,60,XLY,fx,DX-Y.NYB,-0.3207226323659288,54,,,
2026-09-10,60,XLY,fx,EURUSD=X,0.1061829409710022,54,,,
2026-09-10,60,XLY,volatility,^VIX,-0.5751904171007006,54,,,
2026-09-10,60,XLP,equity,SPY,-0.2177818404041545,54,,,
2026-09-10,60,XLP,equity,QQQ,-0.497883946534512,54,,,
2026-09-10,60,XLP,equity,IWM,-0.1448776116531968,54,,,
2026-09-10,60,XLP,rates,TLT,0.3002329066445066,54,,,
2026-09-10,60,XLP,rates,IEF,0.2566899091705427,54,,,
2026-09-10,60,XLP,credit,HYG,0.0740918663692601,54,,,
2026-09-10,60,XLP,credit,LQD,0.2176529910176092,54,,,
2026-09-10,60,XLP,commodities,USO,-0.3020859291293366,54,,,
2026-09-10,60,XLP,commodities,GLD,-0.1823680210522127,54,,,
2026-09-10,60,XLP,fx,DX-Y.NYB,0.134272203618612,54,,,
2026-09-10,60,XLP,fx,EURUSD=X,-0.2903265550277431,54,,,
2026-09-10,60,XLP,volatility,^VIX,0.2077446657426978,54,,,
2026-09-10,60,XLI,equity,SPY,0.6283052930961098,54,,,
2026-09-10,60,XLI,equity,QQQ,0.5927971095843777,54,,,
2026-09-10,60,XLI,equity,IWM,0.6533206861740319,54,,,
2026-09-10,60,XLI,rates,TLT,0.3038965764768876,54,,,
2026-09-10,60,XLI,rates,IEF,0.2891500158449642,54,,,
2026-09-10,60,XLI,credit,HYG,0.3969273105572368,54,,,
2026-09-10,60,XLI,credit,LQD,0.3246861065723486,54,,,
2026-09-10,60,XLI,commodities,USO,-0.3305301743932956,54,,,
2026-09-10,60,XLI,commodities,GLD,0.0950250336544426,54,,,
2026-09-10,60,XLI,fx,DX-Y.NYB,-0.0879694115918016,54,,,
2026-09-10,60,XLI,fx,EURUSD=X,0.0432161984367369,54,,,
2026-09-10,60,XLI,volatility,^VIX,-0.4366027372087719,54,,,
2026-09-10,60,XLB,equity,SPY,0.2978833681644128,54,,,
2026-09-10,60,XLB,equity,QQQ,0.1207561148603163,54,,,
2026-09-10,60,XLB,equity,IWM,0.4656516357853084,54,,,
2026-09-10,60,XLB,rates,TLT,0.3680618913673946,54,,,
2026-09-10,60,XLB,rates,IEF,0.3724136922281941,54,,,
2026-09-10,60,XLB,credit,HYG,0.3701333269127428,54,,,
2026-09-10,60,XLB,credit,LQD,0.3447953383190579,54,,,
2026-09-10,60,XLB,commodities,USO,-0.4188262388979868,54,,,
2026-09-10,60,XLB,commodities,GLD,0.4338784685618626,54,,,
2026-09-10,60,XLB,fx,DX-Y.NYB,-0.1870362112816425,54,,,
2026-09-10,60,XLB,fx,EURUSD=X,-0.1679862042713071,54,,,
2026-09-10,60,XLB,volatility,^VIX,-0.3079251018987264,54,,,
2026-09-10,60,XLRE,equity,SPY,-0.1298637892219177,54,,,
2026-09-10,60,XLRE,equity,QQQ,-0.3608535690537643,54,,,
2026-09-10,60,XLRE,equity,IWM,0.0371983454916705,54,,,
2026-09-10,60,XLRE,rates,TLT,0.2851264505859684,54,,,
2026-09-10,60,XLRE,rates,IEF,0.3543040394184713,54,,,
2026-09-10,60,XLRE,credit,HYG,0.1868510689464606,54,,,
2026-09-10,60,XLRE,credit,LQD,0.2512477784006918,54,,,
2026-09-10,60,XLRE,commodities,USO,-0.2592297563554312,54,,,
2026-09-10,60,XLRE,commodities,GLD,0.0214965609297454,54,,,
2026-09-10,60,XLRE,fx,DX-Y.NYB,0.0011488381831633,54,,,
2026-09-10,60,XLRE,fx,EURUSD=X,-0.2010769681892349,54,,,
2026-09-10,60,XLRE,volatility,^VIX,0.1517638541661898,54,,,
2026-09-10,60,XLU,equity,SPY,-0.1056475459594131,54,,,
2026-09-10,60,XLU,equity,QQQ,-0.1973643896612109,54,,,
2026-09-10,60,XLU,equity,IWM,0.0261668265904982,54,,,
2026-09-10,60,XLU,rates,TLT,0.2900740826078951,54,,,
2026-09-10,60,XLU,rates,IEF,0.2739395724848215,54,,,
2026-09-10,60,XLU,credit,HYG,0.046451022852138,54,,,
2026-09-10,60,XLU,credit,LQD,0.1946279932216268,54,,,
2026-09-10,60,XLU,commodities,USO,-0.0184403994309322,54,,,
2026-09-10,60,XLU,commodities,GLD,-0.1034326615805681,54,,,
2026-09-10,60,XLU,fx,DX-Y.NYB,0.0377210788080187,54,,,
2026-09-10,60,XLU,fx,EURUSD=X,-0.2906149511081022,54,,,
2026-09-10,60,XLU,volatility,^VIX,0.02942168519873,54,,,
2026-09-10,60,XLC,equity,SPY,0.3353241964573637,54,,,
2026-09-10,60,XLC,equity,QQQ,0.0575856599065695,54,,,
2026-09-10,60,XLC,equity,IWM,0.1566389694130443,54,,,
2026-09-10,60,XLC,rates,TLT,0.1783372964803477,54,,,
2026-09-10,60,XLC,rates,IEF,0.2024508875081268,54,,,
2026-09-10,60,XLC,credit,HYG,0.3671665399785009,54,,,
2026-09-10,60,XLC,credit,LQD,0.2383841085188458,54,,,
2026-09-10,60,XLC,commodities,USO,-0.4189132775339423,54,,,
2026-09-10,60,XLC,commodities,GLD,-0.054415600149569,54,,,
2026-09-10,60,XLC,fx,DX-Y.NYB,0.0256456137279189,54,,,
2026-09-10,60,XLC,fx,EURUSD=X,-0.0521184943957193,54,,,
2026-09-10,60,XLC,volatility,^VIX,-0.1568301505962079,54,,,
2026-09-11,20,XLK,equity,SPY,0.6580281885639292,18,,,
2026-09-11,20,XLK,equity,QQQ,0.931930609851496,18,,,
2026-09-11,20,XLK,equity,IWM,0.5750661285042479,18,,,
2026-09-11,20,XLK,rates,TLT,-0.0351275519897833,18,,,
2026-09-11,20,XLK,rates,IEF,0.1260955131919234,18,,,
2026-09-11,20,XLK,credit,HYG,0.3349299706002498,18,,,
2026-09-11,20,XLK,credit,LQD,0.1691849082004195,18,,,
2026-09-11,20,XLK,commodities,USO,-0.173940220060525,18,,,
2026-09-11,20,XLK,commodities,GLD,0.3261739256312522,18,,,
2026-09-11,20,XLK,fx,DX-Y.NYB,-0.2525997310871044,18,,,
2026-09-11,20,XLK,fx,EURUSD=X,-0.2400309603938294,18,,,
2026-09-11,20,XLK,volatility,^VIX,-0.5324282418808822,18,,,
2026-09-11,20,XLF,equity,SPY,0.5596996439165416,18,,,
2026-09-11,20,XLF,equity,QQQ,0.1895124976334717,18,,,
2026-09-11,20,XLF,equity,IWM,0.3334946504037013,18,,,
2026-09-11,20,XLF,rates,TLT,0.304245367534795,18,,,
2026-09-11,20,XLF,rates,IEF,0.2945793928997788,18,,,
2026-09-11,20,XLF,credit,HYG,0.4021024168110079,18,,,
2026-09-11,20,XLF,credit,LQD,0.3488366628813018,18,,,
2026-09-11,20,XLF,commodities,USO,-0.5654022793219433,18,,,
2026-09-11,20,XLF,commodities,GLD,0.2046885701275295,18,,,
2026-09-11,20,XLF,fx,DX-Y.NYB,-0.0819464998039408,18,,,
2026-09-11,20,XLF,fx,EURUSD=X,-0.3622742312746764,18,,,
2026-09-11,20,XLF,volatility,^VIX,-0.4980786413611349,18,,,
2026-09-11,20,XLV,equity,SPY,0.1883132857110242,18,,,
2026-09-11,20,XLV,equity,QQQ,-0.1643750840547189,18,,,
2026-09-11,20,XLV,equity,IWM,0.2872483810194755,18,,,
2026-09-11,20,XLV,rates,TLT,0.6461660435491029,18,,,
2026-09-11,20,XLV,rates,IEF,0.551259368354128,18,,,
2026-09-11,20,XLV,credit,HYG,0.3943437966057468,18,,,
2026-09-11,20,XLV,credit,LQD,0.5450673706957057,18,,,
2026-09-11,20,XLV,commodities,USO,-0.220767776693236,18,,,
2026-09-11,20,XLV,commodities,GLD,0.4165673619402791,18,,,
2026-09-11,20,XLV,fx,DX-Y.NYB,-0.5755625890721394,18,,,
2026-09-11,20,XLV,fx,EURUSD=X,-0.2554434174952585,18,,,
2026-09-11,20,XLV,volatility,^VIX,-0.2915386459191529,18,,,
2026-09-11,20,XLE,equity,SPY,-0.4044169267058024,18,,,
2026-09-11,20,XLE,equity,QQQ,-0.3953879158483433,18,,,
2026-09-11,20,XLE,equity,IWM,-0.4471305835938088,18,,,
2026-09-11,20,XLE,rates,TLT,-0.3827642562202988,18,,,
2026-09-11,20,XLE,rates,IEF,-0.3293207196741587,18,,,
2026-09-11,20,XLE,credit,HYG,-0.3479722694701306,18,,,
2026-09-11,20,XLE,credit,LQD,-0.3435848822609791,18,,,
2026-09-11,20,XLE,commodities,USO,0.4828644540128392,18,,,
2026-09-11,20,XLE,commodities,GLD,-0.3033764291387922,18,,,
2026-09-11,20,XLE,fx,DX-Y.NYB,0.0751572590983986,18,,,
2026-09-11,20,XLE,fx,EURUSD=X,-0.0952721511650464,18,,,
2026-09-11,20,XLE,volatility,^VIX,0.2802743760362228,18,,,
2026-09-11,20,XLY,equity,SPY,0.6208658433572194,18,,,
2026-09-11,20,XLY,equity,QQQ,0.2529187401362979,18,,,
2026-09-11,20,XLY,equity,IWM,0.4483724538096787,18,,,
2026-09-11,20,XLY,rates,TLT,0.5242232399007662,18,,,
2026-09-11,20,XLY,rates,IEF,0.3790805243746494,18,,,
2026-09-11,20,XLY,credit,HYG,0.5313382520065024,18,,,
2026-09-11,20,XLY,credit,LQD,0.4691889432204327,18,,,
2026-09-11,20,XLY,commodities,USO,-0.4990601386184607,18,,,
2026-09-11,20,XLY,commodities,GLD,0.4330116015227752,18,,,
2026-09-11,20,XLY,fx,DX-Y.NYB,-0.4314339807808089,18,,,
2026-09-11,20,XLY,fx,EURUSD=X,-0.4202411307871901,18,,,
2026-09-11,20,XLY,volatility,^VIX,-0.6789030501265252,18,,,
2026-09-11,20,XLP,equity,SPY,0.0728062853865186,18,,,
2026-09-11,20,XLP,equity,QQQ,-0.3988745714644823,18,,,
2026-09-11,20,XLP,equity,IWM,0.0534353322248268,18,,,
2026-09-11,20,XLP,rates,TLT,0.4397354471257113,18,,,
2026-09-11,20,XLP,rates,IEF,0.2208286485054219,18,,,
2026-09-11,20,XLP,credit,HYG,0.1537915327086126,18,,,
2026-09-11,20,XLP,credit,LQD,0.2592611876250346,18,,,
2026-09-11,20,XLP,commodities,USO,-0.2537369397646713,18,,,
2026-09-11,20,XLP,commodities,GLD,0.0173843683348606,18,,,
2026-09-11,20,XLP,fx,DX-Y.NYB,-0.022722754244297,18,,,
2026-09-11,20,XLP,fx,EURUSD=X,-0.2500327595047411,18,,,
2026-09-11,20,XLP,volatility,^VIX,-0.1875861531155312,18,,,
2026-09-11,20,XLI,equity,SPY,0.656989060392133,18,,,
2026-09-11,20,XLI,equity,QQQ,0.6279377679226996,18,,,
2026-09-11,20,XLI,equity,IWM,0.6805828991373802,18,,,
2026-09-11,20,XLI,rates,TLT,0.1016372189636002,18,,,
2026-09-11,20,XLI,rates,IEF,0.1212199368877,18,,,
2026-09-11,20,XLI,credit,HYG,0.3278356251819762,18,,,
2026-09-11,20,XLI,credit,LQD,0.1736473909614082,18,,,
2026-09-11,20,XLI,commodities,USO,-0.4021246368890104,18,,,
2026-09-11,20,XLI,commodities,GLD,0.2322288149700406,18,,,
2026-09-11,20,XLI,fx,DX-Y.NYB,-0.0968458888136428,18,,,
2026-09-11,20,XLI,fx,EURUSD=X,-0.0949150753216853,18,,,
2026-09-11,20,XLI,volatility,^VIX,-0.6267383038001663,18,,,
2026-09-11,20,XLB,equity,SPY,0.4612121021435404,18,,,
2026-09-11,20,XLB,equity,QQQ,0.2682021879606451,18,,,
2026-09-11,20,XLB,equity,IWM,0.681326312450267,18,,,
2026-09-11,20,XLB,rates,TLT,0.4266871078599814,18,,,
2026-09-11,20,XLB,rates,IEF,0.3858114087853235,18,,,
2026-09-11,20,XLB,credit,HYG,0.5264406854402035,18,,,
2026-09-11,20,XLB,credit,LQD,0.4524189622414682,18,,,
2026-09-11,20,XLB,commodities,USO,-0.5043672746165025,18,,,
2026-09-11,20,XLB,commodities,GLD,0.5651616080240455,18,,,
2026-09-11,20,XLB,fx,DX-Y.NYB,-0.3099614432553467,18,,,
2026-09-11,20,XLB,fx,EURUSD=X,-0.0561071461661891,18,,,
2026-09-11,20,XLB,volatility,^VIX,-0.6519373177719073,18,,,
2026-09-11,20,XLRE,equity,SPY,0.4632747250762312,18,,,
2026-09-11,20,XLRE,equity,QQQ,0.1743251792666985,18,,,
2026-09-11,20,XLRE,equity,IWM,0.2735958763001251,18,,,
2026-09-11,20,XLRE,rates,TLT,0.5455772363305503,18,,,
2026-09-11,20,XLRE,rates,IEF,0.4303793911163343,18,,,
2026-09-11,20,XLRE,credit,HYG,0.4714742726798925,18,,,
2026-09-11,20,XLRE,credit,LQD,0.4479617155973382,18,,,
2026-09-11,20,XLRE,commodities,USO,-0.4610580561962807,18,,,
2026-09-11,20,XLRE,commodities,GLD,0.4119130559680599,18,,,
2026-09-11,20,XLRE,fx,DX-Y.NYB,-0.4253053347610903,18,,,
2026-09-11,20,XLRE,fx,EURUSD=X,-0.0005179745614615,18,,,
2026-09-11,20,XLRE,volatility,^VIX,-0.4389213629531641,18,,,
2026-09-11,20,XLU,equity,SPY,0.094567288237427,18,,,
2026-09-11,20,XLU,equity,QQQ,-0.0358900234498279,18,,,
2026-09-11,20,XLU,equity,IWM,0.1339470177102061,18,,,
2026-09-11,20,XLU,rates,TLT,0.4416269360865292,18,,,
2026-09-11,20,XLU,rates,IEF,0.4438299785561153,18,,,
2026-09-11,20,XLU,credit,HYG,0.2062425992422865,18,,,
2026-09-11,20,XLU,credit,LQD,0.3564058536171207,18,,,
2026-09-11,20,XLU,commodities,USO,-0.2143601658262121,18,,,
2026-09-11,20,XLU,commodities,GLD,-0.0159681335711861,18,,,
2026-09-11,20,XLU,fx,DX-Y.NYB,-0.0732832915080755,18,,,
2026-09-11,20,XLU,fx,EURUSD=X,0.0444285780281,18,,,
2026-09-11,20,XLU,volatility,^VIX,0.0051593472938868,18,,,
2026-09-11,20,XLC,equity,SPY,0.4561343422182948,18,,,
2026-09-11,20,XLC,equity,QQQ,0.0469862685513937,18,,,
2026-09-11,20,XLC,equity,IWM,0.2803536642406746,18,,,
2026-09-11,20,XLC,rates,TLT,0.4039953924776658,18,,,
2026-09-11,20,XLC,rates,IEF,0.21406219762007,18,,,
2026-09-11,20,XLC,credit,HYG,0.2483785498285951,18,,,
2026-09-11,20,XLC,credit,LQD,0.2963742949531838,18,,,
2026-09-11,20,XLC,commodities,USO,-0.4955742358947843,18,,,
2026-09-11,20,XLC,commodities,GLD,0.1512047164490035,18,,,
2026-09-11,20,XLC,fx,DX-Y.NYB,-0.0421455386067017,18,,,
2026-09-11,20,XLC,fx,EURUSD=X,-0.2639337354159464,18,,,
2026-09-11,20,XLC,volatility,^VIX,-0.5002838361327223,18,,,
2026-09-11,60,XLK,equity,SPY,0.7912042259977731,55,,,
2026-09-11,60,XLK,equity,QQQ,0.9566019241089724,55,,,
2026-09-11,60,XLK,equity,IWM,0.6540331837061553,55,,,
2026-09-11,60,XLK,rates,TLT,0.1321076323517723,55,,,
2026-09-11,60,XLK,rates,IEF,0.1600133592594003,55,,,
2026-09-11,60,XLK,credit,HYG,0.4738018101430737,55,,,
2026-09-11,60,XLK,credit,LQD,0.2509294921017856,55,,,
2026-09-11,60,XLK,commodities,USO,-0.2060252843030857,55,,,
2026-09-11,60,XLK,commodities,GLD,0.2931787430199592,55,,,
2026-09-11,60,XLK,fx,DX-Y.NYB,-0.2778381761307719,55,,,
2026-09-11,60,XLK,fx,EURUSD=X,0.0983873151004746,55,,,
2026-09-11,60,XLK,volatility,^VIX,-0.578152528565212,55,,,
2026-09-11,60,XLF,equity,SPY,0.4069490187747536,55,,,
2026-09-11,60,XLF,equity,QQQ,0.0800105028775636,55,,,
2026-09-11,60,XLF,equity,IWM,0.3394842519373354,55,,,
2026-09-11,60,XLF,rates,TLT,0.2992327363989746,55,,,
2026-09-11,60,XLF,rates,IEF,0.3274226098886342,55,,,
2026-09-11,60,XLF,credit,HYG,0.4569752629570809,55,,,
2026-09-11,60,XLF,credit,LQD,0.364222896884022,55,,,
2026-09-11,60,XLF,commodities,USO,-0.5318544938707471,55,,,
2026-09-11,60,XLF,commodities,GLD,0.1327355633703803,55,,,
2026-09-11,60,XLF,fx,DX-Y.NYB,-0.0100886443561191,55,,,
2026-09-11,60,XLF,fx,EURUSD=X,-0.0995649345374526,55,,,
2026-09-11,60,XLF,volatility,^VIX,-0.3409484924447594,55,,,
2026-09-11,60,XLV,equity,SPY,-0.1780861161349222,55,,,
2026-09-11,60,XLV,equity,QQQ,-0.4132692227388267,55,,,
2026-09-11,60,XLV,equity,IWM,0.0391471175495793,55,,,
2026-09-11,60,XLV,rates,TLT,0.3404616230973575,55,,,
2026-09-11,60,XLV,rates,IEF,0.3015046042561572,55,,,
2026-09-11,60,XLV,credit,HYG,0.0746676361418518,55,,,
2026-09-11,60,XLV,credit,LQD,0.2424926791172772,55,,,
2026-09-11,60,XLV,commodities,USO,-0.143606796348512,55,,,
2026-09-11,60,XLV,commodities,GLD,0.1228080532342372,55,,,
2026-09-11,60,XLV,fx,DX-Y.NYB,-0.0540002524961943,55,,,
2026-09-11,60,XLV,fx,EURUSD=X,-0.2020012091932126,55,,,
2026-09-11,60,XLV,volatility,^VIX,0.0835794426068397,55,,,
2026-09-11,60,XLE,equity,SPY,-0.3706992851106533,55,,,
2026-09-11,60,XLE,equity,QQQ,-0.2959640823111606,55,,,
2026-09-11,60,XLE,equity,IWM,-0.450528415509067,55,,,
2026-09-11,60,XLE,rates,TLT,-0.5247898053155663,55,,,
2026-09-11,60,XLE,rates,IEF,-0.5365766891426574,55,,,
2026-09-11,60,XLE,credit,HYG,-0.4454701058685952,55,,,
2026-09-11,60,XLE,credit,LQD,-0.532373314031937,55,,,
2026-09-11,60,XLE,commodities,USO,0.7264468886923365,55,,,
2026-09-11,60,XLE,commodities,GLD,-0.1975369822069461,55,,,
2026-09-11,60,XLE,fx,DX-Y.NYB,0.1413608872485354,55,,,
2026-09-11,60,XLE,fx,EURUSD=X,-0.0288269623007557,55,,,
2026-09-11,60,XLE,volatility,^VIX,0.3421742655762165,55,,,
2026-09-11,60,XLY,equity,SPY,0.6099067296019088,55,,,
2026-09-11,60,XLY,equity,QQQ,0.374605145804166,55,,,
2026-09-11,60,XLY,equity,IWM,0.4048146273764996,55,,,
2026-09-11,60,XLY,rates,TLT,0.3332646899310036,55,,,
2026-09-11,60,XLY,rates,IEF,0.3486784793149118,55,,,
2026-09-11,60,XLY,credit,HYG,0.5738976616914067,55,,,
2026-09-11,60,XLY,credit,LQD,0.3975779810639166,55,,,
2026-09-11,60,XLY,commodities,USO,-0.5454064498059582,55,,,
2026-09-11,60,XLY,commodities,GLD,0.1665155572519422,55,,,
2026-09-11,60,XLY,fx,DX-Y.NYB,-0.3163730576174787,55,,,
2026-09-11,60,XLY,fx,EURUSD=X,0.0942656387692177,55,,,
2026-09-11,60,XLY,volatility,^VIX,-0.5790004355694444,55,,,
2026-09-11,60,XLP,equity,SPY,-0.2095820592937751,55,,,
2026-09-11,60,XLP,equity,QQQ,-0.4917547056639806,55,,,
2026-09-11,60,XLP,equity,IWM,-0.1415648611652439,55,,,
2026-09-11,60,XLP,rates,TLT,0.3013747841285519,55,,,
2026-09-11,60,XLP,rates,IEF,0.2534649942498022,55,,,
2026-09-11,60,XLP,credit,HYG,0.073465892894161,55,,,
2026-09-11,60,XLP,credit,LQD,0.2177332786137964,55,,,
2026-09-11,60,XLP,commodities,USO,-0.3041224554761573,55,,,
2026-09-11,60,XLP,commodities,GLD,-0.1804146152887219,55,,,
2026-09-11,60,XLP,fx,DX-Y.NYB,0.1351600552439998,55,,,
2026-09-11,60,XLP,fx,EURUSD=X,-0.2924373537571829,55,,,
2026-09-11,60,XLP,volatility,^VIX,0.1925855129900019,55,,,
2026-09-11,60,XLI,equity,SPY,0.6367366188841709,55,,,
2026-09-11,60,XLI,equity,QQQ,0.5977234186419554,55,,,
2026-09-11,60,XLI,equity,IWM,0.6554179577776431,55,,,
2026-09-11,60,XLI,rates,TLT,0.3068368155066927,55,,,
2026-09-11,60,XLI,rates,IEF,0.2751354077160811,55,,,
2026-09-11,60,XLI,credit,HYG,0.3900103432817987,55,,,
2026-09-11,60,XLI,credit,LQD,0.3219287563506498,55,,,
2026-09-11,60,XLI,commodities,USO,-0.3416829435615444,55,,,
2026-09-11,60,XLI,commodities,GLD,0.1005608813628726,55,,,
2026-09-11,60,XLI,fx,DX-Y.NYB,-0.0827282528682976,55,,,
2026-09-11,60,XLI,fx,EURUSD=X,0.0257630002490459,55,,,
2026-09-11,60,XLI,volatility,^VIX,-0.4551882495806673,55,,,
2026-09-11,60,XLB,equity,SPY,0.3010068941906294,55,,,
2026-09-11,60,XLB,equity,QQQ,0.1244017924476151,55,,,
2026-09-11,60,XLB,equity,IWM,0.4672685950918269,55,,,
2026-09-11,60,XLB,rates,TLT,0.3693370791009319,55,,,
2026-09-11,60,XLB,rates,IEF,0.3681645476830522,55,,,
2026-09-11,60,XLB,credit,HYG,0.3690055637428592,55,,,
2026-09-11,60,XLB,credit,LQD,0.3447205580865816,55,,,
2026-09-11,60,XLB,commodities,USO,-0.4208361195506628,55,,,
2026-09-11,60,XLB,commodities,GLD,0.4350217811102558,55,,,
2026-09-11,60,XLB,fx,DX-Y.NYB,-0.1855063410690547,55,,,
2026-09-11,60,XLB,fx,EURUSD=X,-0.1718027124855468,55,,,
2026-09-11,60,XLB,volatility,^VIX,-0.3094646020607947,55,,,
2026-09-11,60,XLRE,equity,SPY,-0.1072787905606874,55,,,
2026-09-11,60,XLRE,equity,QQQ,-0.3434023477302411,55,,,
2026-09-11,60,XLRE,equity,IWM,0.0468009954212638,55,,,
2026-09-11,60,XLRE,rates,TLT,0.2882301995575981,55,,,
2026-09-11,60,XLRE,rates,IEF,0.3415174858193787,55,,,
2026-09-11,60,XLRE,credit,HYG,0.183125189965492,55,,,
2026-09-11,60,XLRE,credit,LQD,0.2498620759658271,55,,,
2026-09-11,60,XLRE,commodities,USO,-0.2702752049725548,55,,,
2026-09-11,60,XLRE,commodities,GLD,0.0271954117978052,55,,,
2026-09-11,60,XLRE,fx,DX-Y.NYB,0.0048395066012408,55,,,
2026-09-11,60,XLRE,fx,EURUSD=X,-0.2127728264440098,55,,,
2026-09-11,60,XLRE,volatility,^VIX,0.114059022544112,55,,,
2026-09-11,60,XLU,equity,SPY,-0.1092747472433202,55,,,
2026-09-11,60,XLU,equity,QQQ,-0.199455212277617,55,,,
2026-09-11,60,XLU,equity,IWM,0.0236214443689472,55,,,
2026-09-11,60,XLU,rates,TLT,0.288189815240758,55,,,
2026-09-11,60,XLU,rates,IEF,0.275352924035559,55,,,
2026-09-11,60,XLU,credit,HYG,0.0469286762014279,55,,,
2026-09-11,60,XLU,credit,LQD,0.1943158706774631,55,,,
2026-09-11,60,XLU,commodities,USO,-0.0146465286477389,55,,,
2026-09-11,60,XLU,commodities,GLD,-0.1047218679226951,55,,,
2026-09-11,60,XLU,fx,DX-Y.NYB,0.0367806251671639,55,,,
2026-09-11,60,XLU,fx,EURUSD=X,-0.2850730362761496,55,,,
2026-09-11,60,XLU,volatility,^VIX,0.0363565413270529,55,,,
2026-09-11,60,XLC,equity,SPY,0.3446698272253392,55,,,
2026-09-11,60,XLC,equity,QQQ,0.066393433012859,55,,,
2026-09-11,60,XLC,equity,IWM,0.1628597634232573,55,,,
2026-09-11,60,XLC,rates,TLT,0.1816654953011517,55,,,
2026-09-11,60,XLC,rates,IEF,0.1944626613039562,55,,,
2026-09-11,60,XLC,credit,HYG,0.3638391574241327,55,,,
2026-09-11,60,XLC,credit,LQD,0.2378505499159824,55,,,
2026-09-11,60,XLC,commodities,USO,-0.425303174439102,55,,,
2026-09-11,60,XLC,commodities,GLD,-0.0497289313204047,55,,,
2026-09-11,60,XLC,fx,DX-Y.NYB,0.028249425619864,55,,,
2026-09-11,60,XLC,fx,EURUSD=X,-0.0624188871845885,55,,,
2026-09-11,60,XLC,volatility,^VIX,-0.1750967205892105,55,,,
2026-09-14,20,XLK,equity,SPY,0.6894581816305346,18,2026-09-14,2026-09-15,1.0
2026-09-14,20,XLK,equity,QQQ,0.9327109401525172,18,2026-09-14,2026-09-15,1.0
2026-09-14,20,XLK,equity,IWM,0.5586393096675933,18,2026-09-14,2026-09-15,1.0
2026-09-14,20,XLK,rates,TLT,-0.0311985487212002,18,2026-09-14,2026-09-15,1.0
2026-09-14,20,XLK,rates,IEF,0.1251285716597158,18,2026-09-14,2026-09-15,1.0
2026-09-14,20,XLK,credit,HYG,0.345217193389743,18,2026-09-14,2026-09-15,1.0
2026-09-14,20,XLK,credit,LQD,0.1693196597755737,18,2026-09-14,2026-09-15,1.0
2026-09-14,20,XLK,commodities,USO,-0.1845518436354318,18,2026-09-14,2026-09-15,1.0
2026-09-14,20,XLK,commodities,GLD,0.3594153881498945,18,2026-09-14,2026-09-15,1.0
2026-09-14,20,XLK,fx,DX-Y.NYB,-0.3058733771035945,18,2026-09-14,2026-09-15,1.0
2026-09-14,20,XLK,fx,EURUSD=X,-0.2107698759820018,18,2026-09-14,2026-09-15,1.0
2026-09-14,20,XLK,volatility,^VIX,-0.5962312307616588,18,2026-09-14,2026-09-15,1.0
2026-09-14,20,XLF,equity,SPY,0.5481670841710852,18,2026-09-14,2026-09-15,1.0
2026-09-14,20,XLF,equity,QQQ,0.2139613851295182,18,2026-09-14,2026-09-15,1.0
2026-09-14,20,XLF,equity,IWM,0.3435927713834355,18,2026-09-14,2026-09-15,1.0
2026-09-14,20,XLF,rates,TLT,0.2331715732518053,18,2026-09-14,2026-09-15,1.0
2026-09-14,20,XLF,rates,IEF,0.2784064547008386,18,2026-09-14,2026-09-15,1.0
2026-09-14,20,XLF,credit,HYG,0.3937968867000313,18,2026-09-14,2026-09-15,1.0
2026-09-14,20,XLF,credit,LQD,0.3010145640855388,18,2026-09-14,2026-09-15,1.0
2026-09-14,20,XLF,commodities,USO,-0.5416567798228874,18,2026-09-14,2026-09-15,1.0
2026-09-14,20,XLF,commodities,GLD,0.2763346640879914,18,2026-09-14,2026-09-15,1.0
2026-09-14,20,XLF,fx,DX-Y.NYB,-0.1203139988318746,18,2026-09-14,2026-09-15,1.0
2026-09-14,20,XLF,fx,EURUSD=X,-0.28668801348697,18,2026-09-14,2026-09-15,1.0
2026-09-14,20,XLF,volatility,^VIX,-0.4752402865762327,18,2026-09-14,2026-09-15,1.0
2026-09-14,20,XLV,equity,SPY,0.1291830505137504,18,2026-09-14,2026-09-15,1.0
2026-09-14,20,XLV,equity,QQQ,-0.2047134494563348,18,2026-09-14,2026-09-15,1.0
2026-09-14,20,XLV,equity,IWM,0.2723908171815918,18,2026-09-14,2026-09-15,1.0
2026-09-14,20,XLV,rates,TLT,0.6437223608438741,18,2026-09-14,2026-09-15,1.0
2026-09-14,20,XLV,rates,IEF,0.5317220668203486,18,2026-09-14,2026-09-15,1.0
2026-09-14,20,XLV,credit,HYG,0.3617779561009592,18,2026-09-14,2026-09-15,1.0
2026-09-14,20,XLV,credit,LQD,0.5334449853928226,18,2026-09-14,2026-09-15,1.0
2026-09-14,20,XLV,commodities,USO,-0.2014273093224829,18,2026-09-14,2026-09-15,1.0
2026-09-14,20,XLV,commodities,GLD,0.3565822659826648,18,2026-09-14,2026-09-15,1.0
2026-09-14,20,XLV,fx,DX-Y.NYB,-0.4751896936578653,18,2026-09-14,2026-09-15,1.0
2026-09-14,20,XLV,fx,EURUSD=X,-0.2725757790924023,18,2026-09-14,2026-09-15,1.0
2026-09-14,20,XLV,volatility,^VIX,-0.1871019508484342,18,2026-09-14,2026-09-15,1.0
2026-09-14,20,XLE,equity,SPY,-0.3149396976954756,18,2026-09-14,2026-09-15,1.0
2026-09-14,20,XLE,equity,QQQ,-0.3310122233973819,18,2026-09-14,2026-09-15,1.0
2026-09-14,20,XLE,equity,IWM,-0.4325900562769264,18,2026-09-14,2026-09-15,1.0
2026-09-14,20,XLE,rates,TLT,-0.3383682335768109,18,2026-09-14,2026-09-15,1.0
2026-09-14,20,XLE,rates,IEF,-0.3071395588715475,18,2026-09-14,2026-09-15,1.0
2026-09-14,20,XLE,credit,HYG,-0.3049228136104027,18,2026-09-14,2026-09-15,1.0
2026-09-14,20,XLE,credit,LQD,-0.30635148577119,18,2026-09-14,2026-09-15,1.0
2026-09-14,20,XLE,commodities,USO,0.4381932404881173,18,2026-09-14,2026-09-15,1.0
2026-09-14,20,XLE,commodities,GLD,-0.272047850431253,18,2026-09-14,2026-09-15,1.0
2026-09-14,20,XLE,fx,DX-Y.NYB,0.0069029181156854,18,2026-09-14,2026-09-15,1.0
2026-09-14,20,XLE,fx,EURUSD=X,-0.1185872356714727,18,2026-09-14,2026-09-15,1.0
2026-09-14,20,XLE,volatility,^VIX,0.1408416149380004,18,2026-09-14,2026-09-15,1.0
2026-09-14,20,XLY,equity,SPY,0.5942925685607506,18,2026-09-14,2026-09-15,1.0
2026-09-14,20,XLY,equity,QQQ,0.2501707420949982,18,2026-09-14,2026-09-15,1.0
2026-09-14,20,XLY,equity,IWM,0.4559018438909373,18,2026-09-14,2026-09-15,1.0
2026-09-14,20,XLY,rates,TLT,0.4923821140534093,18,2026-09-14,2026-09-15,1.0
2026-09-14,20,XLY,rates,IEF,0.3693301533020446,18,2026-09-14,2026-09-15,1.0
2026-09-14,20,XLY,credit,HYG,0.5217110352970056,18,2026-09-14,2026-09-15,1.0
2026-09-14,20,XLY,credit,LQD,0.4428469862679683,18,2026-09-14,2026-09-15,1.0
2026-09-14,20,XLY,commodities,USO,-0.476811252391382,18,2026-09-14,2026-09-15,1.0
2026-09-14,20,XLY,commodities,GLD,0.4676840150714605,18,2026-09-14,2026-09-15,1.0
2026-09-14,20,XLY,fx,DX-Y.NYB,-0.4292310965671967,18,2026-09-14,2026-09-15,1.0
2026-09-14,20,XLY,fx,EURUSD=X,-0.3824561837406975,18,2026-09-14,2026-09-15,1.0
2026-09-14,20,XLY,volatility,^VIX,-0.6264799430578802,18,2026-09-14,2026-09-15,1.0
2026-09-14,20,XLP,equity,SPY,-0.0525962841267091,18,2026-09-14,2026-09-15,1.0
2026-09-14,20,XLP,equity,QQQ,-0.467465926494741,18,2026-09-14,2026-09-15,1.0
2026-09-14,20,XLP,equity,IWM,0.0411771374155418,18,2026-09-14,2026-09-15,1.0
2026-09-14,20,XLP,rates,TLT,0.3639428418143725,18,2026-09-14,2026-09-15,1.0
2026-09-14,20,XLP,rates,IEF,0.1915135101651202,18,2026-09-14,2026-09-15,1.0
2026-09-14,20,XLP,credit,HYG,0.0953071035539612,18,2026-09-14,2026-09-15,1.0
2026-09-14,20,XLP,credit,LQD,0.1945442570215313,18,2026-09-14,2026-09-15,1.0
2026-09-14,20,XLP,commodities,USO,-0.1825463767211507,18,2026-09-14,2026-09-15,1.0
2026-09-14,20,XLP,commodities,GLD,0.0049165961873463,18,2026-09-14,2026-09-15,1.0
2026-09-14,20,XLP,fx,DX-Y.NYB,0.054027895709462,18,2026-09-14,2026-09-15,1.0
2026-09-14,20,XLP,fx,EURUSD=X,-0.2017705314269439,18,2026-09-14,2026-09-15,1.0
2026-09-14,20,XLP,volatility,^VIX,-0.0006763668878751,18,2026-09-14,2026-09-15,1.0
2026-09-14,20,XLI,equity,SPY,0.6982209857091601,18,2026-09-14,2026-09-15,1.0
2026-09-14,20,XLI,equity,QQQ,0.6477388772597776,18,2026-09-14,2026-09-15,1.0
2026-09-14,20,XLI,equity,IWM,0.6666986029592765,18,2026-09-14,2026-09-15,1.0
2026-09-14,20,XLI,rates,TLT,0.1196590671810655,18,2026-09-14,2026-09-15,1.0
2026-09-14,20,XLI,rates,IEF,0.1254799847919165,18,2026-09-14,2026-09-15,1.0
2026-09-14,20,XLI,credit,HYG,0.3445462107023911,18,2026-09-14,2026-09-15,1.0
2026-09-14,20,XLI,credit,LQD,0.1847899509244632,18,2026-09-14,2026-09-15,1.0
2026-09-14,20,XLI,commodities,USO,-0.4188753665005161,18,2026-09-14,2026-09-15,1.0
2026-09-14,20,XLI,commodities,GLD,0.2623610153296356,18,2026-09-14,2026-09-15,1.0
2026-09-14,20,XLI,fx,DX-Y.NYB,-0.1554405149177102,18,2026-09-14,2026-09-15,1.0
2026-09-14,20,XLI,fx,EURUSD=X,-0.0828166941902812,18,2026-09-14,2026-09-15,1.0
2026-09-14,20,XLI,volatility,^VIX,-0.6931100977638626,18,2026-09-14,2026-09-15,1.0
2026-09-14,20,XLB,equity,SPY,0.4687638951384432,18,2026-09-14,2026-09-15,1.0
2026-09-14,20,XLB,equity,QQQ,0.2948174591550251,18,2026-09-14,2026-09-15,1.0
2026-09-14,20,XLB,equity,IWM,0.6746582829999042,18,2026-09-14,2026-09-15,1.0
2026-09-14,20,XLB,rates,TLT,0.3999053379825834,18,2026-09-14,2026-09-15,1.0
2026-09-14,20,XLB,rates,IEF,0.3719437829040053,18,2026-09-14,2026-09-15,1.0
2026-09-14,20,XLB,credit,HYG,0.5217604602258762,18,2026-09-14,2026-09-15,1.0
2026-09-14,20,XLB,credit,LQD,0.4286280531668073,18,2026-09-14,2026-09-15,1.0
2026-09-14,20,XLB,commodities,USO,-0.4898372119265243,18,2026-09-14,2026-09-15,1.0
2026-09-14,20,XLB,commodities,GLD,0.6042152632378521,18,2026-09-14,2026-09-15,1.0
2026-09-14,20,XLB,fx,DX-Y.NYB,-0.3468526797581207,18,2026-09-14,2026-09-15,1.0
2026-09-14,20,XLB,fx,EURUSD=X,-0.0018418604611225,18,2026-09-14,2026-09-15,1.0
2026-09-14,20,XLB,volatility,^VIX,-0.6634182424091032,18,2026-09-14,2026-09-15,1.0
2026-09-14,20,XLRE,equity,SPY,0.454443990273043,18,2026-09-14,2026-09-15,1.0
2026-09-14,20,XLRE,equity,QQQ,0.2036601540734449,18,2026-09-14,2026-09-15,1.0
2026-09-14,20,XLRE,equity,IWM,0.2776054951460587,18,2026-09-14,2026-09-15,1.0
2026-09-14,20,XLRE,rates,TLT,0.4961604685071007,18,2026-09-14,2026-09-15,1.0
2026-09-14,20,XLRE,rates,IEF,0.4161395339831419,18,2026-09-14,2026-09-15,1.0
2026-09-14,20,XLRE,credit,HYG,0.4647777947682692,18,2026-09-14,2026-09-15,1.0
2026-09-14,20,XLRE,credit,LQD,0.4066343931064902,18,2026-09-14,2026-09-15,1.0
2026-09-14,20,XLRE,commodities,USO,-0.4318904403933441,18,2026-09-14,2026-09-15,1.0
2026-09-14,20,XLRE,commodities,GLD,0.4838903806049198,18,2026-09-14,2026-09-15,1.0
2026-09-14,20,XLRE,fx,DX-Y.NYB,-0.467877573038459,18,2026-09-14,2026-09-15,1.0
2026-09-14,20,XLRE,fx,EURUSD=X,0.0925423245752803,18,2026-09-14,2026-09-15,1.0
2026-09-14,20,XLRE,volatility,^VIX,-0.4301610642647313,18,2026-09-14,2026-09-15,1.0
2026-09-14,20,XLU,equity,SPY,0.1388878788918381,18,2026-09-14,2026-09-15,1.0
2026-09-14,20,XLU,equity,QQQ,0.0184256737080385,18,2026-09-14,2026-09-15,1.0
2026-09-14,20,XLU,equity,IWM,0.1340093825839786,18,2026-09-14,2026-09-15,1.0
2026-09-14,20,XLU,rates,TLT,0.4332725172636876,18,2026-09-14,2026-09-15,1.0
2026-09-14,20,XLU,rates,IEF,0.4275780226164467,18,2026-09-14,2026-09-15,1.0
2026-09-14,20,XLU,credit,HYG,0.2162461862797322,18,2026-09-14,2026-09-15,1.0
2026-09-14,20,XLU,credit,LQD,0.3440036214951897,18,2026-09-14,2026-09-15,1.0
2026-09-14,20,XLU,commodities,USO,-0.2158260766045366,18,2026-09-14,2026-09-15,1.0
2026-09-14,20,XLU,commodities,GLD,0.0393903458645499,18,2026-09-14,2026-09-15,1.0
2026-09-14,20,XLU,fx,DX-Y.NYB,-0.1393364742837174,18,2026-09-14,2026-09-15,1.0
2026-09-14,20,XLU,fx,EURUSD=X,0.080330908646986,18,2026-09-14,2026-09-15,1.0
2026-09-14,20,XLU,volatility,^VIX,-0.0798766585785961,18,2026-09-14,2026-09-15,1.0
2026-09-14,20,XLC,equity,SPY,0.286863579771741,18,2026-09-14,2026-09-15,1.0
2026-09-14,20,XLC,equity,QQQ,-0.0500202396085248,18,2026-09-14,2026-09-15,1.0
2026-09-14,20,XLC,equity,IWM,0.2605868642034477,18,2026-09-14,2026-09-15,1.0
2026-09-14,20,XLC,rates,TLT,0.2963312647361256,18,2026-09-14,2026-09-15,1.0
2026-09-14,20,XLC,rates,IEF,0.1713802325444509,18,2026-09-14,2026-09-15,1.0
2026-09-14,20,XLC,credit,HYG,0.1672420821930227,18,2026-09-14,2026-09-15,1.0
2026-09-14,20,XLC,credit,LQD,0.2119946202608228,18,2026-09-14,2026-09-15,1.0
2026-09-14,20,XLC,commodities,USO,-0.4018213891909215,18,2026-09-14,2026-09-15,1.0
2026-09-14,20,XLC,commodities,GLD,0.1141927908341711,18,2026-09-14,2026-09-15,1.0
2026-09-14,20,XLC,fx,DX-Y.NYB,0.0751214827371908,18,2026-09-14,2026-09-15,1.0
2026-09-14,20,XLC,fx,EURUSD=X,-0.2097561659491678,18,2026-09-14,2026-09-15,1.0
2026-09-14,20,XLC,volatility,^VIX,-0.2354221696581629,18,2026-09-14,2026-09-15,1.0
2026-09-14,60,XLK,equity,SPY,0.7930580701233323,56,2026-09-14,2026-09-15,1.0
2026-09-14,60,XLK,equity,QQQ,0.9557030659768292,56,2026-09-14,2026-09-15,1.0
2026-09-14,60,XLK,equity,IWM,0.6539790318263674,56,2026-09-14,2026-09-15,1.0
2026-09-14,60,XLK,rates,TLT,0.126647123428574,56,2026-09-14,2026-09-15,1.0
2026-09-14,60,XLK,rates,IEF,0.1614455721673228,56,2026-09-14,2026-09-15,1.0
2026-09-14,60,XLK,credit,HYG,0.4772516309366607,56,2026-09-14,2026-09-15,1.0
2026-09-14,60,XLK,credit,LQD,0.2473177017275284,56,2026-09-14,2026-09-15,1.0
2026-09-14,60,XLK,commodities,USO,-0.2071564075864753,56,2026-09-14,2026-09-15,1.0
2026-09-14,60,XLK,commodities,GLD,0.3046733814968549,56,2026-09-14,2026-09-15,1.0
2026-09-14,60,XLK,fx,DX-Y.NYB,-0.2927530800060551,56,2026-09-14,2026-09-15,1.0
2026-09-14,60,XLK,fx,EURUSD=X,0.1066100155035311,56,2026-09-14,2026-09-15,1.0
2026-09-14,60,XLK,volatility,^VIX,-0.5858717021674529,56,2026-09-14,2026-09-15,1.0
2026-09-14,60,XLF,equity,SPY,0.411587044508202,56,2026-09-14,2026-09-15,1.0
2026-09-14,60,XLF,equity,QQQ,0.0857415795177322,56,2026-09-14,2026-09-15,1.0
2026-09-14,60,XLF,equity,IWM,0.3417997589785698,56,2026-09-14,2026-09-15,1.0
2026-09-14,60,XLF,rates,TLT,0.2947932988209631,56,2026-09-14,2026-09-15,1.0
2026-09-14,60,XLF,rates,IEF,0.3279962811199915,56,2026-09-14,2026-09-15,1.0
2026-09-14,60,XLF,credit,HYG,0.459965901529315,56,2026-09-14,2026-09-15,1.0
2026-09-14,60,XLF,credit,LQD,0.3615997625047642,56,2026-09-14,2026-09-15,1.0
2026-09-14,60,XLF,commodities,USO,-0.5316404074559077,56,2026-09-14,2026-09-15,1.0
2026-09-14,60,XLF,commodities,GLD,0.1426279891938926,56,2026-09-14,2026-09-15,1.0
2026-09-14,60,XLF,fx,DX-Y.NYB,-0.0249029658451916,56,2026-09-14,2026-09-15,1.0
2026-09-14,60,XLF,fx,EURUSD=X,-0.0923369271580939,56,2026-09-14,2026-09-15,1.0
2026-09-14,60,XLF,volatility,^VIX,-0.349058946004979,56,2026-09-14,2026-09-15,1.0
2026-09-14,60,XLV,equity,SPY,-0.1877477459030998,56,2026-09-14,2026-09-15,1.0
2026-09-14,60,XLV,equity,QQQ,-0.4180646151087519,56,2026-09-14,2026-09-15,1.0
2026-09-14,60,XLV,equity,IWM,0.032697076880841,56,2026-09-14,2026-09-15,1.0
2026-09-14,60,XLV,rates,TLT,0.3419498426139069,56,2026-09-14,2026-09-15,1.0
2026-09-14,60,XLV,rates,IEF,0.2958119597876272,56,2026-09-14,2026-09-15,1.0
2026-09-14,60,XLV,credit,HYG,0.065089171643399,56,2026-09-14,2026-09-15,1.0
2026-09-14,60,XLV,credit,LQD,0.2421276103036601,56,2026-09-14,2026-09-15,1.0
2026-09-14,60,XLV,commodities,USO,-0.1393006962173587,56,2026-09-14,2026-09-15,1.0
2026-09-14,60,XLV,commodities,GLD,0.1029430888990581,56,2026-09-14,2026-09-15,1.0
2026-09-14,60,XLV,fx,DX-Y.NYB,-0.0297679935638366,56,2026-09-14,2026-09-15,1.0
2026-09-14,60,XLV,fx,EURUSD=X,-0.2096701837428744,56,2026-09-14,2026-09-15,1.0
2026-09-14,60,XLV,volatility,^VIX,0.1024744824128291,56,2026-09-14,2026-09-15,1.0
2026-09-14,60,XLE,equity,SPY,-0.3544119773914394,56,2026-09-14,2026-09-15,1.0
2026-09-14,60,XLE,equity,QQQ,-0.283396975899143,56,2026-09-14,2026-09-15,1.0
2026-09-14,60,XLE,equity,IWM,-0.440335419412048,56,2026-09-14,2026-09-15,1.0
2026-09-14,60,XLE,rates,TLT,-0.5246282524264972,56,2026-09-14,2026-09-15,1.0
2026-09-14,60,XLE,rates,IEF,-0.5290500646667379,56,2026-09-14,2026-09-15,1.0
2026-09-14,60,XLE,credit,HYG,-0.4322145857185531,56,2026-09-14,2026-09-15,1.0
2026-09-14,60,XLE,credit,LQD,-0.5295800152698884,56,2026-09-14,2026-09-15,1.0
2026-09-14,60,XLE,commodities,USO,0.7171836806465036,56,2026-09-14,2026-09-15,1.0
2026-09-14,60,XLE,commodities,GLD,-0.1768990560327892,56,2026-09-14,2026-09-15,1.0
2026-09-14,60,XLE,fx,DX-Y.NYB,0.1157178497249065,56,2026-09-14,2026-09-15,1.0
2026-09-14,60,XLE,fx,EURUSD=X,-0.0187147098065511,56,2026-09-14,2026-09-15,1.0
2026-09-14,60,XLE,volatility,^VIX,0.3150888139358336,56,2026-09-14,2026-09-15,1.0
2026-09-14,60,XLY,equity,SPY,0.6081350374940645,56,2026-09-14,2026-09-15,1.0
2026-09-14,60,XLY,equity,QQQ,0.3741933692783127,56,2026-09-14,2026-09-15,1.0
2026-09-14,60,XLY,equity,IWM,0.4047395015621336,56,2026-09-14,2026-09-15,1.0
2026-09-14,60,XLY,rates,TLT,0.3327659790173865,56,2026-09-14,2026-09-15,1.0
2026-09-14,60,XLY,rates,IEF,0.3487535506386946,56,2026-09-14,2026-09-15,1.0
2026-09-14,60,XLY,credit,HYG,0.573159649561413,56,2026-09-14,2026-09-15,1.0
2026-09-14,60,XLY,credit,LQD,0.3974199337610089,56,2026-09-14,2026-09-15,1.0
2026-09-14,60,XLY,commodities,USO,-0.5454280287557107,56,2026-09-14,2026-09-15,1.0
2026-09-14,60,XLY,commodities,GLD,0.1660768497629054,56,2026-09-14,2026-09-15,1.0
2026-09-14,60,XLY,fx,DX-Y.NYB,-0.3129998165346427,56,2026-09-14,2026-09-15,1.0
2026-09-14,60,XLY,fx,EURUSD=X,0.0945823341745643,56,2026-09-14,2026-09-15,1.0
2026-09-14,60,XLY,volatility,^VIX,-0.5732378466893598,56,2026-09-14,2026-09-15,1.0
2026-09-14,60,XLP,equity,SPY,-0.2197363114656888,56,2026-09-14,2026-09-15,1.0
2026-09-14,60,XLP,equity,QQQ,-0.4956706958914961,56,2026-09-14,2026-09-15,1.0
2026-09-14,60,XLP,equity,IWM,-0.1465897043121802,56,2026-09-14,2026-09-15,1.0
2026-09-14,60,XLP,rates,TLT,0.3031272692722064,56,2026-09-14,2026-09-15,1.0
2026-09-14,60,XLP,rates,IEF,0.247340060896974,56,2026-09-14,2026-09-15,1.0
2026-09-14,60,XLP,credit,HYG,0.0627589268813531,56,2026-09-14,2026-09-15,1.0
2026-09-14,60,XLP,credit,LQD,0.2173320853148301,56,2026-09-14,2026-09-15,1.0
2026-09-14,60,XLP,commodities,USO,-0.29734898772869,56,2026-09-14,2026-09-15,1.0
2026-09-14,60,XLP,commodities,GLD,-0.1965243680003595,56,2026-09-14,2026-09-15,1.0
2026-09-14,60,XLP,fx,DX-Y.NYB,0.1572097709313897,56,2026-09-14,2026-09-15,1.0
2026-09-14,60,XLP,fx,EURUSD=X,-0.2995479646252787,56,2026-09-14,2026-09-15,1.0
2026-09-14,60,XLP,volatility,^VIX,0.211123659852178,56,2026-09-14,2026-09-15,1.0
2026-09-14,60,XLI,equity,SPY,0.6402685052754146,56,2026-09-14,2026-09-15,1.0
2026-09-14,60,XLI,equity,QQQ,0.5998213628782699,56,2026-09-14,2026-09-15,1.0
2026-09-14,60,XLI,equity,IWM,0.6532675646947168,56,2026-09-14,2026-09-15,1.0
2026-09-14,60,XLI,rates,TLT,0.2965886612182069,56,2026-09-14,2026-09-15,1.0
2026-09-14,60,XLI,rates,IEF,0.2749051330596829,56,2026-09-14,2026-09-15,1.0
2026-09-14,60,XLI,credit,HYG,0.3946449829572775,56,2026-09-14,2026-09-15,1.0
2026-09-14,60,XLI,credit,LQD,0.3152420167839309,56,2026-09-14,2026-09-15,1.0
2026-09-14,60,XLI,commodities,USO,-0.3406080538803873,56,2026-09-14,2026-09-15,1.0
2026-09-14,60,XLI,commodities,GLD,0.1201312095986084,56,2026-09-14,2026-09-15,1.0
2026-09-14,60,XLI,fx,DX-Y.NYB,-0.1086898022352308,56,2026-09-14,2026-09-15,1.0
2026-09-14,60,XLI,fx,EURUSD=X,0.0377287758502188,56,2026-09-14,2026-09-15,1.0
2026-09-14,60,XLI,volatility,^VIX,-0.4690299479871839,56,2026-09-14,2026-09-15,1.0
2026-09-14,60,XLB,equity,SPY,0.3076660038721323,56,2026-09-14,2026-09-15,1.0
2026-09-14,60,XLB,equity,QQQ,0.1310235287014507,56,2026-09-14,2026-09-15,1.0
2026-09-14,60,XLB,equity,IWM,0.4689601098849346,56,2026-09-14,2026-09-15,1.0
2026-09-14,60,XLB,rates,TLT,0.3631691257952609,56,2026-09-14,2026-09-15,1.0
2026-09-14,60,XLB,rates,IEF,0.3682926648601648,56,2026-09-14,2026-09-15,1.0
2026-09-14,60,XLB,credit,HYG,0.3731053838031825,56,2026-09-14,2026-09-15,1.0
2026-09-14,60,XLB,credit,LQD,0.3412420242494505,56,2026-09-14,2026-09-15,1.0
2026-09-14,60,XLB,commodities,USO,-0.4207026171449631,56,2026-09-14,2026-09-15,1.0
2026-09-14,60,XLB,commodities,GLD,0.4428929564448576,56,2026-09-14,2026-09-15,1.0
2026-09-14,60,XLB,fx,DX-Y.NYB,-0.2000963362237984,56,2026-09-14,2026-09-15,1.0
2026-09-14,60,XLB,fx,EURUSD=X,-0.1622772698329772,56,2026-09-14,2026-09-15,1.0
2026-09-14,60,XLB,volatility,^VIX,-0.320535614404004,56,2026-09-14,2026-09-15,1.0
2026-09-14,60,XLRE,equity,SPY,-0.097047559900945,56,2026-09-14,2026-09-15,1.0
2026-09-14,60,XLRE,equity,QQQ,-0.3333363484039301,56,2026-09-14,2026-09-15,1.0
2026-09-14,60,XLRE,equity,IWM,0.0511775510914067,56,2026-09-14,2026-09-15,1.0
2026-09-14,60,XLRE,rates,TLT,0.282846912798317,56,2026-09-14,2026-09-15,1.0
2026-09-14,60,XLRE,rates,IEF,0.3418605538740305,56,2026-09-14,2026-09-15,1.0
2026-09-14,60,XLRE,credit,HYG,0.1885001687587034,56,2026-09-14,2026-09-15,1.0
2026-09-14,60,XLRE,credit,LQD,0.2470961515400281,56,2026-09-14,2026-09-15,1.0
2026-09-14,60,XLRE,commodities,USO,-0.2710701756562143,56,2026-09-14,2026-09-15,1.0
2026-09-14,60,XLRE,commodities,GLD,0.0404589377854622,56,2026-09-14,2026-09-15,1.0
2026-09-14,60,XLRE,fx,DX-Y.NYB,-0.0129618608556749,56,2026-09-14,2026-09-15,1.0
2026-09-14,60,XLRE,fx,EURUSD=X,-0.2032913217371515,56,2026-09-14,2026-09-15,1.0
2026-09-14,60,XLRE,volatility,^VIX,0.0961707146450248,56,2026-09-14,2026-09-15,1.0
2026-09-14,60,XLU,equity,SPY,-0.0906679530466449,56,2026-09-14,2026-09-15,1.0
2026-09-14,60,XLU,equity,QQQ,-0.1825701654553242,56,2026-09-14,2026-09-15,1.0
2026-09-14,60,XLU,equity,IWM,0.0314745565270993,56,2026-09-14,2026-09-15,1.0
2026-09-14,60,XLU,rates,TLT,0.2766826295759009,56,2026-09-14,2026-09-15,1.0
2026-09-14,60,XLU,rates,IEF,0.2746418862385214,56,2026-09-14,2026-09-15,1.0
2026-09-14,60,XLU,credit,HYG,0.0579829201846215,56,2026-09-14,2026-09-15,1.0
2026-09-14,60,XLU,credit,LQD,0.18853811404257,56,2026-09-14,2026-09-15,1.0
2026-09-14,60,XLU,commodities,USO,-0.0184704475371753,56,2026-09-14,2026-09-15,1.0
2026-09-14,60,XLU,commodities,GLD,-0.0779002733776692,56,2026-09-14,2026-09-15,1.0
2026-09-14,60,XLU,fx,DX-Y.NYB,0.0042855694500867,56,2026-09-14,2026-09-15,1.0
2026-09-14,60,XLU,fx,EURUSD=X,-0.2657773809193977,56,2026-09-14,2026-09-15,1.0
2026-09-14,60,XLU,volatility,^VIX,0.0071366719096811,56,2026-09-14,2026-09-15,1.0
2026-09-14,60,XLC,equity,SPY,0.3148602215100337,56,2026-09-14,2026-09-15,1.0
2026-09-14,60,XLC,equity,QQQ,0.0487210990813306,56,2026-09-14,2026-09-15,1.0
2026-09-14,60,XLC,equity,IWM,0.1485781335270846,56,2026-09-14,2026-09-15,1.0
2026-09-14,60,XLC,rates,TLT,0.1849208510121433,56,2026-09-14,2026-09-15,1.0
2026-09-14,60,XLC,rates,IEF,0.184734361128092,56,2026-09-14,2026-09-15,1.0
2026-09-14,60,XLC,credit,HYG,0.3394886563315953,56,2026-09-14,2026-09-15,1.0
2026-09-14,60,XLC,credit,LQD,0.2349408963769415,56,2026-09-14,2026-09-15,1.0
2026-09-14,60,XLC,commodities,USO,-0.4096499567552865,56,2026-09-14,2026-09-15,1.0
2026-09-14,60,XLC,commodities,GLD,-0.0774385027309727,56,2026-09-14,2026-09-15,1.0
2026-09-14,60,XLC,fx,DX-Y.NYB,0.065245857986782,56,2026-09-14,2026-09-15,1.0
2026-09-14,60,XLC,fx,EURUSD=X,-0.0773728126523865,56,2026-09-14,2026-09-15,1.0
2026-09-14,60,XLC,volatility,^VIX,-0.134416862848401,56,2026-09-14,2026-09-15,1.0
2026-09-15,20,XLK,equity,SPY,0.6538787135043553,18,2026-09-15,2026-09-16,1.0
2026-09-15,20,XLK,equity,QQQ,0.912000965483915,18,2026-09-15,2026-09-16,1.0
2026-09-15,20,XLK,equity,IWM,0.5044984111274415,18,2026-09-15,2026-09-16,1.0
2026-09-15,20,XLK,rates,TLT,0.0320197244913189,18,2026-09-15,2026-09-16,1.0
2026-09-15,20,XLK,rates,IEF,0.201793298815135,18,2026-09-15,2026-09-16,1.0
2026-09-15,20,XLK,credit,HYG,0.3448420550244225,18,2026-09-15,2026-09-16,1.0
2026-09-15,20,XLK,credit,LQD,0.2363394531550574,18,2026-09-15,2026-09-16,1.0
2026-09-15,20,XLK,commodities,USO,-0.2314630938758771,18,2026-09-15,2026-09-16,1.0
2026-09-15,20,XLK,commodities,GLD,0.2995456316767652,18,2026-09-15,2026-09-16,1.0
2026-09-15,20,XLK,fx,DX-Y.NYB,-0.3350256662135231,18,2026-09-15,2026-09-16,1.0
2026-09-15,20,XLK,fx,EURUSD=X,-0.1808280838620663,18,2026-09-15,2026-09-16,1.0
2026-09-15,20,XLK,volatility,^VIX,-0.5907859466998272,18,2026-09-15,2026-09-16,1.0
2026-09-15,20,XLF,equity,SPY,0.6184468768999745,18,2026-09-15,2026-09-16,1.0
2026-09-15,20,XLF,equity,QQQ,0.320993537049913,18,2026-09-15,2026-09-16,1.0
2026-09-15,20,XLF,equity,IWM,0.4125937087245058,18,2026-09-15,2026-09-16,1.0
2026-09-15,20,XLF,rates,TLT,0.224397547532997,18,2026-09-15,2026-09-16,1.0
2026-09-15,20,XLF,rates,IEF,0.2640419075782987,18,2026-09-15,2026-09-16,1.0
2026-09-15,20,XLF,credit,HYG,0.4184242356623646,18,2026-09-15,2026-09-16,1.0
2026-09-15,20,XLF,credit,LQD,0.2855568635552964,18,2026-09-15,2026-09-16,1.0
2026-09-15,20,XLF,commodities,USO,-0.5448940239449984,18,2026-09-15,2026-09-16,1.0
2026-09-15,20,XLF,commodities,GLD,0.3125668992247538,18,2026-09-15,2026-09-16,1.0
2026-09-15,20,XLF,fx,DX-Y.NYB,-0.1325799853288352,18,2026-09-15,2026-09-16,1.0
2026-09-15,20,XLF,fx,EURUSD=X,-0.2512755108965767,18,2026-09-15,2026-09-16,1.0
2026-09-15,20,XLF,volatility,^VIX,-0.5062065542858505,18,2026-09-15,2026-09-16,1.0
2026-09-15,20,XLV,equity,SPY,0.2256448687180307,18,2026-09-15,2026-09-16,1.0
2026-09-15,20,XLV,equity,QQQ,-0.0835174214628592,18,2026-09-15,2026-09-16,1.0
2026-09-15,20,XLV,equity,IWM,0.3884145543648021,18,2026-09-15,2026-09-16,1.0
2026-09-15,20,XLV,rates,TLT,0.635146805031546,18,2026-09-15,2026-09-16,1.0
2026-09-15,20,XLV,rates,IEF,0.5170419254269883,18,2026-09-15,2026-09-16,1.0
2026-09-15,20,XLV,credit,HYG,0.3996812040526593,18,2026-09-15,2026-09-16,1.0
2026-09-15,20,XLV,credit,LQD,0.5235900676414166,18,2026-09-15,2026-09-16,1.0
2026-09-15,20,XLV,commodities,USO,-0.1936718692243727,18,2026-09-15,2026-09-16,1.0
2026-09-15,20,XLV,commodities,GLD,0.4491804250433886,18,2026-09-15,2026-09-16,1.0
2026-09-15,20,XLV,fx,DX-Y.NYB,-0.4952937399173006,18,2026-09-15,2026-09-16,1.0
2026-09-15,20,XLV,fx,EURUSD=X,-0.2780264912270472,18,2026-09-15,2026-09-16,1.0
2026-09-15,20,XLV,volatility,^VIX,-0.2437980730923602,18,2026-09-15,2026-09-16,1.0
2026-09-15,20,XLE,equity,SPY,-0.2889556841333034,18,2026-09-15,2026-09-16,1.0
2026-09-15,20,XLE,equity,QQQ,-0.2408034716497916,18,2026-09-15,2026-09-16,1.0
2026-09-15,20,XLE,equity,IWM,-0.3777184094227556,18,2026-09-15,2026-09-16,1.0
2026-09-15,20,XLE,rates,TLT,-0.4263808425240892,18,2026-09-15,2026-09-16,1.0
2026-09-15,20,XLE,rates,IEF,-0.3632679123440202,18,2026-09-15,2026-09-16,1.0
2026-09-15,20,XLE,credit,HYG,-0.3505297803866216,18,2026-09-15,2026-09-16,1.0
2026-09-15,20,XLE,credit,LQD,-0.3304462717570565,18,2026-09-15,2026-09-16,1.0
2026-09-15,20,XLE,commodities,USO,0.5412748202491593,18,2026-09-15,2026-09-16,1.0
2026-09-15,20,XLE,commodities,GLD,-0.1553959285717794,18,2026-09-15,2026-09-16,1.0
2026-09-15,20,XLE,fx,DX-Y.NYB,0.0703260232463199,18,2026-09-15,2026-09-16,1.0
2026-09-15,20,XLE,fx,EURUSD=X,-0.2842710921750782,18,2026-09-15,2026-09-16,1.0
2026-09-15,20,XLE,volatility,^VIX,0.0863488425310243,18,2026-09-15,2026-09-16,1.0
2026-09-15,20,XLY,equity,SPY,0.6233980874070777,18,2026-09-15,2026-09-16,1.0
2026-09-15,20,XLY,equity,QQQ,0.2984103373078983,18,2026-09-15,2026-09-16,1.0
2026-09-15,20,XLY,equity,IWM,0.4800717960837857,18,2026-09-15,2026-09-16,1.0
2026-09-15,20,XLY,rates,TLT,0.5031237887655432,18,2026-09-15,2026-09-16,1.0
2026-09-15,20,XLY,rates,IEF,0.3639438803837947,18,2026-09-15,2026-09-16,1.0
2026-09-15,20,XLY,credit,HYG,0.5450862293499212,18,2026-09-15,2026-09-16,1.0
2026-09-15,20,XLY,credit,LQD,0.4178154645450141,18,2026-09-15,2026-09-16,1.0
2026-09-15,20,XLY,commodities,USO,-0.5151195531693915,18,2026-09-15,2026-09-16,1.0
2026-09-15,20,XLY,commodities,GLD,0.430303242761073,18,2026-09-15,2026-09-16,1.0
2026-09-15,20,XLY,fx,DX-Y.NYB,-0.4451879240489756,18,2026-09-15,2026-09-16,1.0
2026-09-15,20,XLY,fx,EURUSD=X,-0.2376527332693924,18,2026-09-15,2026-09-16,1.0
2026-09-15,20,XLY,volatility,^VIX,-0.5997907626175292,18,2026-09-15,2026-09-16,1.0
2026-09-15,20,XLP,equity,SPY,0.0594080254672364,18,2026-09-15,2026-09-16,1.0
2026-09-15,20,XLP,equity,QQQ,-0.3522485034082856,18,2026-09-15,2026-09-16,1.0
2026-09-15,20,XLP,equity,IWM,0.1556456968899171,18,2026-09-15,2026-09-16,1.0
2026-09-15,20,XLP,rates,TLT,0.3501860477060576,18,2026-09-15,2026-09-16,1.0
2026-09-15,20,XLP,rates,IEF,0.1593334446843072,18,2026-09-15,2026-09-16,1.0
2026-09-15,20,XLP,credit,HYG,0.1544777554493048,18,2026-09-15,2026-09-16,1.0
2026-09-15,20,XLP,credit,LQD,0.161051232504737,18,2026-09-15,2026-09-16,1.0
2026-09-15,20,XLP,commodities,USO,-0.2082269041390501,18,2026-09-15,2026-09-16,1.0
2026-09-15,20,XLP,commodities,GLD,0.0615627937372838,18,2026-09-15,2026-09-16,1.0
2026-09-15,20,XLP,fx,DX-Y.NYB,0.0285265710510485,18,2026-09-15,2026-09-16,1.0
2026-09-15,20,XLP,fx,EURUSD=X,-0.149096448033094,18,2026-09-15,2026-09-16,1.0
2026-09-15,20,XLP,volatility,^VIX,-0.0479266596427946,18,2026-09-15,2026-09-16,1.0
2026-09-15,20,XLI,equity,SPY,0.6716398888581462,18,2026-09-15,2026-09-16,1.0
2026-09-15,20,XLI,equity,QQQ,0.6101156598488932,18,2026-09-15,2026-09-16,1.0
2026-09-15,20,XLI,equity,IWM,0.6384101547001777,18,2026-09-15,2026-09-16,1.0
2026-09-15,20,XLI,rates,TLT,0.171264127482092,18,2026-09-15,2026-09-16,1.0
2026-09-15,20,XLI,rates,IEF,0.1744311337429563,18,2026-09-15,2026-09-16,1.0
2026-09-15,20,XLI,credit,HYG,0.341290682101477,18,2026-09-15,2026-09-16,1.0
2026-09-15,20,XLI,credit,LQD,0.2259023302878884,18,2026-09-15,2026-09-16,1.0
2026-09-15,20,XLI,commodities,USO,-0.4547222557888877,18,2026-09-15,2026-09-16,1.0
2026-09-15,20,XLI,commodities,GLD,0.2111623446655574,18,2026-09-15,2026-09-16,1.0
2026-09-15,20,XLI,fx,DX-Y.NYB,-0.1671727529056949,18,2026-09-15,2026-09-16,1.0
2026-09-15,20,XLI,fx,EURUSD=X,-0.0478971639699204,18,2026-09-15,2026-09-16,1.0
2026-09-15,20,XLI,volatility,^VIX,-0.6852725707246441,18,2026-09-15,2026-09-16,1.0
2026-09-15,20,XLB,equity,SPY,0.4052567990310741,18,2026-09-15,2026-09-16,1.0
2026-09-15,20,XLB,equity,QQQ,0.2103365084105449,18,2026-09-15,2026-09-16,1.0
2026-09-15,20,XLB,equity,IWM,0.6284292364549355,18,2026-09-15,2026-09-16,1.0
2026-09-15,20,XLB,rates,TLT,0.4218882210660666,18,2026-09-15,2026-09-16,1.0
2026-09-15,20,XLB,rates,IEF,0.405017748481866,18,2026-09-15,2026-09-16,1.0
2026-09-15,20,XLB,credit,HYG,0.4782561634761195,18,2026-09-15,2026-09-16,1.0
2026-09-15,20,XLB,credit,LQD,0.4616137183393654,18,2026-09-15,2026-09-16,1.0
2026-09-15,20,XLB,commodities,USO,-0.4651953677544191,18,2026-09-15,2026-09-16,1.0
2026-09-15,20,XLB,commodities,GLD,0.5868260843417109,18,2026-09-15,2026-09-16,1.0
2026-09-15,20,XLB,fx,DX-Y.NYB,-0.3291912733628492,18,2026-09-15,2026-09-16,1.0
2026-09-15,20,XLB,fx,EURUSD=X,-0.0333329399592692,18,2026-09-15,2026-09-16,1.0
2026-09-15,20,XLB,volatility,^VIX,-0.6448551653541381,18,2026-09-15,2026-09-16,1.0
2026-09-15,20,XLRE,equity,SPY,0.4366136729370229,18,2026-09-15,2026-09-16,1.0
2026-09-15,20,XLRE,equity,QQQ,0.1777801637010109,18,2026-09-15,2026-09-16,1.0
2026-09-15,20,XLRE,equity,IWM,0.2585217830581834,18,2026-09-15,2026-09-16,1.0
2026-09-15,20,XLRE,rates,TLT,0.5111686028445953,18,2026-09-15,2026-09-16,1.0
2026-09-15,20,XLRE,rates,IEF,0.4341707345880506,18,2026-09-15,2026-09-16,1.0
2026-09-15,20,XLRE,credit,HYG,0.4473580039408404,18,2026-09-15,2026-09-16,1.0
2026-09-15,20,XLRE,credit,LQD,0.4218114851124776,18,2026-09-15,2026-09-16,1.0
2026-09-15,20,XLRE,commodities,USO,-0.4227894884021367,18,2026-09-15,2026-09-16,1.0
2026-09-15,20,XLRE,commodities,GLD,0.479231752428881,18,2026-09-15,2026-09-16,1.0
2026-09-15,20,XLRE,fx,DX-Y.NYB,-0.4617099354415824,18,2026-09-15,2026-09-16,1.0
2026-09-15,20,XLRE,fx,EURUSD=X,0.0844528516333013,18,2026-09-15,2026-09-16,1.0
2026-09-15,20,XLRE,volatility,^VIX,-0.4227461394582685,18,2026-09-15,2026-09-16,1.0
2026-09-15,20,XLU,equity,SPY,0.178252496281513,18,2026-09-15,2026-09-16,1.0
2026-09-15,20,XLU,equity,QQQ,0.0570724127141374,18,2026-09-15,2026-09-16,1.0
2026-09-15,20,XLU,equity,IWM,0.1652897430791023,18,2026-09-15,2026-09-16,1.0
2026-09-15,20,XLU,rates,TLT,0.4451576411179714,18,2026-09-15,2026-09-16,1.0
2026-09-15,20,XLU,rates,IEF,0.42558378768945,18,2026-09-15,2026-09-16,1.0
2026-09-15,20,XLU,credit,HYG,0.2491855149632567,18,2026-09-15,2026-09-16,1.0
2026-09-15,20,XLU,credit,LQD,0.3327714486437432,18,2026-09-15,2026-09-16,1.0
2026-09-15,20,XLU,commodities,USO,-0.2539073651257283,18,2026-09-15,2026-09-16,1.0
2026-09-15,20,XLU,commodities,GLD,0.0298278450002504,18,2026-09-15,2026-09-16,1.0
2026-09-15,20,XLU,fx,DX-Y.NYB,-0.1633827280013236,18,2026-09-15,2026-09-16,1.0
2026-09-15,20,XLU,fx,EURUSD=X,0.1434266413272915,18,2026-09-15,2026-09-16,1.0
2026-09-15,20,XLU,volatility,^VIX,-0.083256418105618,18,2026-09-15,2026-09-16,1.0
2026-09-15,20,XLC,equity,SPY,0.298254168915393,18,2026-09-15,2026-09-16,1.0
2026-09-15,20,XLC,equity,QQQ,-0.070287869809524,18,2026-09-15,2026-09-16,1.0
2026-09-15,20,XLC,equity,IWM,0.2606060637567121,18,2026-09-15,2026-09-16,1.0
2026-09-15,20,XLC,rates,TLT,0.3320526125340939,18,2026-09-15,2026-09-16,1.0
2026-09-15,20,XLC,rates,IEF,0.1917395813110903,18,2026-09-15,2026-09-16,1.0
2026-09-15,20,XLC,credit,HYG,0.2005644731606703,18,2026-09-15,2026-09-16,1.0
2026-09-15,20,XLC,credit,LQD,0.2165533566455938,18,2026-09-15,2026-09-16,1.0
2026-09-15,20,XLC,commodities,USO,-0.4477295837415342,18,2026-09-15,2026-09-16,1.0
2026-09-15,20,XLC,commodities,GLD,0.0734186613518684,18,2026-09-15,2026-09-16,1.0
2026-09-15,20,XLC,fx,DX-Y.NYB,0.038175567575525,18,2026-09-15,2026-09-16,1.0
2026-09-15,20,XLC,fx,EURUSD=X,-0.1042012407213168,18,2026-09-15,2026-09-16,1.0
2026-09-15,20,XLC,volatility,^VIX,-0.2178087598985324,18,2026-09-15,2026-09-16,1.0
2026-09-15,60,XLK,equity,SPY,0.7731397492835258,56,2026-09-15,2026-09-16,1.0
2026-09-15,60,XLK,equity,QQQ,0.9508106954145992,56,2026-09-15,2026-09-16,1.0
2026-09-15,60,XLK,equity,IWM,0.6445203425374317,56,2026-09-15,2026-09-16,1.0
2026-09-15,60,XLK,rates,TLT,0.14758114655791,56,2026-09-15,2026-09-16,1.0
2026-09-15,60,XLK,rates,IEF,0.1928888631112708,56,2026-09-15,2026-09-16,1.0
2026-09-15,60,XLK,credit,HYG,0.4780117092636026,56,2026-09-15,2026-09-16,1.0
2026-09-15,60,XLK,credit,LQD,0.2796935042473408,56,2026-09-15,2026-09-16,1.0
2026-09-15,60,XLK,commodities,USO,-0.2408523821795166,56,2026-09-15,2026-09-16,1.0
2026-09-15,60,XLK,commodities,GLD,0.2710363028232215,56,2026-09-15,2026-09-16,1.0
2026-09-15,60,XLK,fx,DX-Y.NYB,-0.2530186559853581,56,2026-09-15,2026-09-16,1.0
2026-09-15,60,XLK,fx,EURUSD=X,0.0657717620067574,56,2026-09-15,2026-09-16,1.0
2026-09-15,60,XLK,volatility,^VIX,-0.5509889951632272,56,2026-09-15,2026-09-16,1.0
2026-09-15,60,XLF,equity,SPY,0.4433085018747015,56,2026-09-15,2026-09-16,1.0
2026-09-15,60,XLF,equity,QQQ,0.1077125248456994,56,2026-09-15,2026-09-16,1.0
2026-09-15,60,XLF,equity,IWM,0.3560972573406959,56,2026-09-15,2026-09-16,1.0
2026-09-15,60,XLF,rates,TLT,0.2954244246094571,56,2026-09-15,2026-09-16,1.0
2026-09-15,60,XLF,rates,IEF,0.327792549210517,56,2026-09-15,2026-09-16,1.0
2026-09-15,60,XLF,credit,HYG,0.468157686360076,56,2026-09-15,2026-09-16,1.0
2026-09-15,60,XLF,credit,LQD,0.3580336799455791,56,2026-09-15,2026-09-16,1.0
2026-09-15,60,XLF,commodities,USO,-0.534072374828205,56,2026-09-15,2026-09-16,1.0
2026-09-15,60,XLF,commodities,GLD,0.1492250165402803,56,2026-09-15,2026-09-16,1.0
2026-09-15,60,XLF,fx,DX-Y.NYB,-0.040052291361124,56,2026-09-15,2026-09-16,1.0
2026-09-15,60,XLF,fx,EURUSD=X,-0.0707545817650864,56,2026-09-15,2026-09-16,1.0
2026-09-15,60,XLF,volatility,^VIX,-0.3736079888201775,56,2026-09-15,2026-09-16,1.0
2026-09-15,60,XLV,equity,SPY,-0.1550963256057827,56,2026-09-15,2026-09-16,1.0
2026-09-15,60,XLV,equity,QQQ,-0.3974784381160501,56,2026-09-15,2026-09-16,1.0
2026-09-15,60,XLV,equity,IWM,0.0559114943130062,56,2026-09-15,2026-09-16,1.0
2026-09-15,60,XLV,rates,TLT,0.3399273127396189,56,2026-09-15,2026-09-16,1.0
2026-09-15,60,XLV,rates,IEF,0.2900725824956934,56,2026-09-15,2026-09-16,1.0
2026-09-15,60,XLV,credit,HYG,0.078359220361982,56,2026-09-15,2026-09-16,1.0
2026-09-15,60,XLV,credit,LQD,0.2350491402307903,56,2026-09-15,2026-09-16,1.0
2026-09-15,60,XLV,commodities,USO,-0.133816532504597,56,2026-09-15,2026-09-16,1.0
2026-09-15,60,XLV,commodities,GLD,0.1266857434046359,56,2026-09-15,2026-09-16,1.0
2026-09-15,60,XLV,fx,DX-Y.NYB,-0.059439213994599,56,2026-09-15,2026-09-16,1.0
2026-09-15,60,XLV,fx,EURUSD=X,-0.1818559815477297,56,2026-09-15,2026-09-16,1.0
2026-09-15,60,XLV,volatility,^VIX,0.0699303251471783,56,2026-09-15,2026-09-16,1.0
2026-09-15,60,XLE,equity,SPY,-0.3666598413455038,56,2026-09-15,2026-09-16,1.0
2026-09-15,60,XLE,equity,QQQ,-0.290879628820879,56,2026-09-15,2026-09-16,1.0
2026-09-15,60,XLE,equity,IWM,-0.4485072113214438,56,2026-09-15,2026-09-16,1.0
2026-09-15,60,XLE,rates,TLT,-0.5254706835893359,56,2026-09-15,2026-09-16,1.0
2026-09-15,60,XLE,rates,IEF,-0.5312245915639526,56,2026-09-15,2026-09-16,1.0
2026-09-15,60,XLE,credit,HYG,-0.4457627238020553,56,2026-09-15,2026-09-16,1.0
2026-09-15,60,XLE,credit,LQD,-0.5220749389349469,56,2026-09-15,2026-09-16,1.0
2026-09-15,60,XLE,commodities,USO,0.7265743076373271,56,2026-09-15,2026-09-16,1.0
2026-09-15,60,XLE,commodities,GLD,-0.1650506341365819,56,2026-09-15,2026-09-16,1.0
2026-09-15,60,XLE,fx,DX-Y.NYB,0.126123768099578,56,2026-09-15,2026-09-16,1.0
2026-09-15,60,XLE,fx,EURUSD=X,-0.048977947348192,56,2026-09-15,2026-09-16,1.0
2026-09-15,60,XLE,volatility,^VIX,0.3127812240082255,56,2026-09-15,2026-09-16,1.0
2026-09-15,60,XLY,equity,SPY,0.6106075473073901,56,2026-09-15,2026-09-16,1.0
2026-09-15,60,XLY,equity,QQQ,0.3662157365778808,56,2026-09-15,2026-09-16,1.0
2026-09-15,60,XLY,equity,IWM,0.406030763992485,56,2026-09-15,2026-09-16,1.0
2026-09-15,60,XLY,rates,TLT,0.3414323651254884,56,2026-09-15,2026-09-16,1.0
2026-09-15,60,XLY,rates,IEF,0.3601083254869459,56,2026-09-15,2026-09-16,1.0
2026-09-15,60,XLY,credit,HYG,0.5815214378769867,56,2026-09-15,2026-09-16,1.0
2026-09-15,60,XLY,credit,LQD,0.3987451419359994,56,2026-09-15,2026-09-16,1.0
2026-09-15,60,XLY,commodities,USO,-0.5652594508052713,56,2026-09-15,2026-09-16,1.0
2026-09-15,60,XLY,commodities,GLD,0.1452382298980769,56,2026-09-15,2026-09-16,1.0
2026-09-15,60,XLY,fx,DX-Y.NYB,-0.311894542147793,56,2026-09-15,2026-09-16,1.0
2026-09-15,60,XLY,fx,EURUSD=X,0.1119329560269303,56,2026-09-15,2026-09-16,1.0
2026-09-15,60,XLY,volatility,^VIX,-0.5628570165966975,56,2026-09-15,2026-09-16,1.0
2026-09-15,60,XLP,equity,SPY,-0.1544511862532889,56,2026-09-15,2026-09-16,1.0
2026-09-15,60,XLP,equity,QQQ,-0.4468088736584201,56,2026-09-15,2026-09-16,1.0
2026-09-15,60,XLP,equity,IWM,-0.1044738688579021,56,2026-09-15,2026-09-16,1.0
2026-09-15,60,XLP,rates,TLT,0.3028689232430219,56,2026-09-15,2026-09-16,1.0
2026-09-15,60,XLP,rates,IEF,0.2391765024618054,56,2026-09-15,2026-09-16,1.0
2026-09-15,60,XLP,credit,HYG,0.0945253270605814,56,2026-09-15,2026-09-16,1.0
2026-09-15,60,XLP,credit,LQD,0.2045772496445179,56,2026-09-15,2026-09-16,1.0
2026-09-15,60,XLP,commodities,USO,-0.2970348055028687,56,2026-09-15,2026-09-16,1.0
2026-09-15,60,XLP,commodities,GLD,-0.1661467817105725,56,2026-09-15,2026-09-16,1.0
2026-09-15,60,XLP,fx,DX-Y.NYB,0.10570455375148,56,2026-09-15,2026-09-16,1.0
2026-09-15,60,XLP,fx,EURUSD=X,-0.2436455265066544,56,2026-09-15,2026-09-16,1.0
2026-09-15,60,XLP,volatility,^VIX,0.1562658485087682,56,2026-09-15,2026-09-16,1.0
2026-09-15,60,XLI,equity,SPY,0.6175728382625926,56,2026-09-15,2026-09-16,1.0
2026-09-15,60,XLI,equity,QQQ,0.5704793871044803,56,2026-09-15,2026-09-16,1.0
2026-09-15,60,XLI,equity,IWM,0.6460436458355048,56,2026-09-15,2026-09-16,1.0
2026-09-15,60,XLI,rates,TLT,0.31937931363952,56,2026-09-15,2026-09-16,1.0
2026-09-15,60,XLI,rates,IEF,0.304388310337567,56,2026-09-15,2026-09-16,1.0
2026-09-15,60,XLI,credit,HYG,0.3965584782028922,56,2026-09-15,2026-09-16,1.0
2026-09-15,60,XLI,credit,LQD,0.3407146496047247,56,2026-09-15,2026-09-16,1.0
2026-09-15,60,XLI,commodities,USO,-0.3751453632208404,56,2026-09-15,2026-09-16,1.0
2026-09-15,60,XLI,commodities,GLD,0.0820022446974855,56,2026-09-15,2026-09-16,1.0
2026-09-15,60,XLI,fx,DX-Y.NYB,-0.0724125128482258,56,2026-09-15,2026-09-16,1.0
2026-09-15,60,XLI,fx,EURUSD=X,0.0128721457424877,56,2026-09-15,2026-09-16,1.0
2026-09-15,60,XLI,volatility,^VIX,-0.432665500692162,56,2026-09-15,2026-09-16,1.0
2026-09-15,60,XLB,equity,SPY,0.2671437301739942,56,2026-09-15,2026-09-16,1.0
2026-09-15,60,XLB,equity,QQQ,0.0766652816131984,56,2026-09-15,2026-09-16,1.0
2026-09-15,60,XLB,equity,IWM,0.446246099482417,56,2026-09-15,2026-09-16,1.0
2026-09-15,60,XLB,rates,TLT,0.37445628057213,56,2026-09-15,2026-09-16,1.0
2026-09-15,60,XLB,rates,IEF,0.3856797531750929,56,2026-09-15,2026-09-16,1.0
2026-09-15,60,XLB,credit,HYG,0.3557754223734841,56,2026-09-15,2026-09-16,1.0
2026-09-15,60,XLB,credit,LQD,0.3597243066248227,56,2026-09-15,2026-09-16,1.0
2026-09-15,60,XLB,commodities,USO,-0.4325084066536203,56,2026-09-15,2026-09-16,1.0
2026-09-15,60,XLB,commodities,GLD,0.4266626259678844,56,2026-09-15,2026-09-16,1.0
2026-09-15,60,XLB,fx,DX-Y.NYB,-0.1656130309198721,56,2026-09-15,2026-09-16,1.0
2026-09-15,60,XLB,fx,EURUSD=X,-0.2028470106672914,56,2026-09-15,2026-09-16,1.0
2026-09-15,60,XLB,volatility,^VIX,-0.2870991158915368,56,2026-09-15,2026-09-16,1.0
2026-09-15,60,XLRE,equity,SPY,-0.0380305706164807,56,2026-09-15,2026-09-16,1.0
2026-09-15,60,XLRE,equity,QQQ,-0.2835368568471316,56,2026-09-15,2026-09-16,1.0
2026-09-15,60,XLRE,equity,IWM,0.0865253280952053,56,2026-09-15,2026-09-16,1.0
2026-09-15,60,XLRE,rates,TLT,0.2797376719841428,56,2026-09-15,2026-09-16,1.0
2026-09-15,60,XLRE,rates,IEF,0.3344539733750967,56,2026-09-15,2026-09-16,1.0
2026-09-15,60,XLRE,credit,HYG,0.2073273232196282,56,2026-09-15,2026-09-16,1.0
2026-09-15,60,XLRE,credit,LQD,0.2381382769525219,56,2026-09-15,2026-09-16,1.0
2026-09-15,60,XLRE,commodities,USO,-0.261315000229139,56,2026-09-15,2026-09-16,1.0
2026-09-15,60,XLRE,commodities,GLD,0.0795173771128858,56,2026-09-15,2026-09-16,1.0
2026-09-15,60,XLRE,fx,DX-Y.NYB,-0.0580233105160293,56,2026-09-15,2026-09-16,1.0
2026-09-15,60,XLRE,fx,EURUSD=X,-0.1685999936566551,56,2026-09-15,2026-09-16,1.0
2026-09-15,60,XLRE,volatility,^VIX,0.039677636296131,56,2026-09-15,2026-09-16,1.0
2026-09-15,60,XLU,equity,SPY,-0.0405073410786593,56,2026-09-15,2026-09-16,1.0
2026-09-15,60,XLU,equity,QQQ,-0.1368659493414304,56,2026-09-15,2026-09-16,1.0
2026-09-15,60,XLU,equity,IWM,0.0672017328681546,56,2026-09-15,2026-09-16,1.0
2026-09-15,60,XLU,rates,TLT,0.275721061740583,56,2026-09-15,2026-09-16,1.0
2026-09-15,60,XLU,rates,IEF,0.2697104666817596,56,2026-09-15,2026-09-16,1.0
2026-09-15,60,XLU,credit,HYG,0.088106624123648,56,2026-09-15,2026-09-16,1.0
2026-09-15,60,XLU,credit,LQD,0.1769392788772531,56,2026-09-15,2026-09-16,1.0
2026-09-15,60,XLU,commodities,USO,-0.0250253143171844,56,2026-09-15,2026-09-16,1.0
2026-09-15,60,XLU,commodities,GLD,-0.0594671571917396,56,2026-09-15,2026-09-16,1.0
2026-09-15,60,XLU,fx,DX-Y.NYB,-0.0373547791798378,56,2026-09-15,2026-09-16,1.0
2026-09-15,60,XLU,fx,EURUSD=X,-0.210711022023948,56,2026-09-15,2026-09-16,1.0
2026-09-15,60,XLU,volatility,^VIX,-0.0325719408140798,56,2026-09-15,2026-09-16,1.0
2026-09-15,60,XLC,equity,SPY,0.3425093817150332,56,2026-09-15,2026-09-16,1.0
2026-09-15,60,XLC,equity,QQQ,0.067134000059978,56,2026-09-15,2026-09-16,1.0
2026-09-15,60,XLC,equity,IWM,0.16389519337074,56,2026-09-15,2026-09-16,1.0
2026-09-15,60,XLC,rates,TLT,0.1870119094498776,56,2026-09-15,2026-09-16,1.0
2026-09-15,60,XLC,rates,IEF,0.185919542789632,56,2026-09-15,2026-09-16,1.0
2026-09-15,60,XLC,credit,HYG,0.3522175659069584,56,2026-09-15,2026-09-16,1.0
2026-09-15,60,XLC,credit,LQD,0.2307168416127477,56,2026-09-15,2026-09-16,1.0
2026-09-15,60,XLC,commodities,USO,-0.4159115985969327,56,2026-09-15,2026-09-16,1.0
2026-09-15,60,XLC,commodities,GLD,-0.0758131302017641,56,2026-09-15,2026-09-16,1.0
2026-09-15,60,XLC,fx,DX-Y.NYB,0.0493442040367689,56,2026-09-15,2026-09-16,1.0
2026-09-15,60,XLC,fx,EURUSD=X,-0.0501981955701485,56,2026-09-15,2026-09-16,1.0
2026-09-15,60,XLC,volatility,^VIX,-0.1482359159506824,56,2026-09-15,2026-09-16,1.0
2026-09-16,20,XLK,equity,SPY,0.6794109660466506,18,2026-09-16,2026-09-16,1.0
2026-09-16,20,XLK,equity,QQQ,0.922724553104608,18,2026-09-16,2026-09-16,1.0
2026-09-16,20,XLK,equity,IWM,0.5713040638620023,18,2026-09-16,2026-09-16,1.0
2026-09-16,20,XLK,rates,TLT,0.203813235447223,18,2026-09-16,2026-09-16,1.0
2026-09-16,20,XLK,rates,IEF,0.3327899038896299,18,2026-09-16,2026-09-16,1.0
2026-09-16,20,XLK,credit,HYG,0.4498969232292808,18,2026-09-16,2026-09-16,1.0
2026-09-16,20,XLK,credit,LQD,0.3830642045211166,18,2026-09-16,2026-09-16,1.0
2026-09-16,20,XLK,commodities,USO,-0.2405387575126731,18,2026-09-16,2026-09-16,1.0
2026-09-16,20,XLK,commodities,GLD,0.4787419794219133,18,2026-09-16,2026-09-16,1.0
2026-09-16,20,XLK,fx,DX-Y.NYB,-0.517153642202559,18,2026-09-16,2026-09-16,1.0
2026-09-16,20,XLK,fx,EURUSD=X,-0.1871364591381809,18,2026-09-16,2026-09-16,1.0
2026-09-16,20,XLK,volatility,^VIX,-0.6619311845244363,18,2026-09-16,2026-09-16,1.0
2026-09-16,20,XLF,equity,SPY,0.6515397000862402,18,2026-09-16,2026-09-16,1.0
2026-09-16,20,XLF,equity,QQQ,0.2705556787998826,18,2026-09-16,2026-09-16,1.0
2026-09-16,20,XLF,equity,IWM,0.4456123167715385,18,2026-09-16,2026-09-16,1.0
2026-09-16,20,XLF,rates,TLT,0.3359999483397238,18,2026-09-16,2026-09-16,1.0
2026-09-16,20,XLF,rates,IEF,0.3492182843429665,18,2026-09-16,2026-09-16,1.0
2026-09-16,20,XLF,credit,HYG,0.4031868459403978,18,2026-09-16,2026-09-16,1.0
2026-09-16,20,XLF,credit,LQD,0.3078057383621862,18,2026-09-16,2026-09-16,1.0
2026-09-16,20,XLF,commodities,USO,-0.2942222107978069,18,2026-09-16,2026-09-16,1.0
2026-09-16,20,XLF,commodities,GLD,0.4772071185967677,18,2026-09-16,2026-09-16,1.0
2026-09-16,20,XLF,fx,DX-Y.NYB,-0.4834699367394791,18,2026-09-16,2026-09-16,1.0
2026-09-16,20,XLF,fx,EURUSD=X,-0.2017186833512201,18,2026-09-16,2026-09-16,1.0
2026-09-16,20,XLF,volatility,^VIX,-0.5648071727153657,18,2026-09-16,2026-09-16,1.0
2026-09-16,20,XLV,equity,SPY,0.1969812180064374,18,2026-09-16,2026-09-16,1.0
2026-09-16,20,XLV,equity,QQQ,-0.0827683452086086,18,2026-09-16,2026-09-16,1.0
2026-09-16,20,XLV,equity,IWM,0.3273678229459207,18,2026-09-16,2026-09-16,1.0
2026-09-16,20,XLV,rates,TLT,0.3358916404442471,18,2026-09-16,2026-09-16,1.0
2026-09-16,20,XLV,rates,IEF,0.3024058131726294,18,2026-09-16,2026-09-16,1.0
2026-09-16,20,XLV,credit,HYG,0.2202339528607723,18,2026-09-16,2026-09-16,1.0
2026-09-16,20,XLV,credit,LQD,0.2861629330506388,18,2026-09-16,2026-09-16,1.0
2026-09-16,20,XLV,commodities,USO,-0.1948661221557516,18,2026-09-16,2026-09-16,1.0
2026-09-16,20,XLV,commodities,GLD,0.1148617159463401,18,2026-09-16,2026-09-16,1.0
2026-09-16,20,XLV,fx,DX-Y.NYB,-0.04321714152279,18,2026-09-16,2026-09-16,1.0
2026-09-16,20,XLV,fx,EURUSD=X,-0.386068743730759,18,2026-09-16,2026-09-16,1.0
2026-09-16,20,XLV,volatility,^VIX,-0.0983689416796844,18,2026-09-16,2026-09-16,1.0
2026-09-16,20,XLE,equity,SPY,-0.1372853416595841,18,2026-09-16,2026-09-16,1.0
2026-09-16,20,XLE,equity,QQQ,-0.2196723968240871,18,2026-09-16,2026-09-16,1.0
2026-09-16,20,XLE,equity,IWM,-0.281297716721435,18,2026-09-16,2026-09-16,1.0
2026-09-16,20,XLE,rates,TLT,-0.4949361819727222,18,2026-09-16,2026-09-16,1.0
2026-09-16,20,XLE,rates,IEF,-0.3244963039317224,18,2026-09-16,2026-09-16,1.0
2026-09-16,20,XLE,credit,HYG,-0.3707829817826125,18,2026-09-16,2026-09-16,1.0
2026-09-16,20,XLE,credit,LQD,-0.3815432499189776,18,2026-09-16,2026-09-16,1.0
2026-09-16,20,XLE,commodities,USO,0.6306679591482064,18,2026-09-16,2026-09-16,1.0
2026-09-16,20,XLE,commodities,GLD,-0.0748190559927332,18,2026-09-16,2026-09-16,1.0
2026-09-16,20,XLE,fx,DX-Y.NYB,-0.252338572990861,18,2026-09-16,2026-09-16,1.0
2026-09-16,20,XLE,fx,EURUSD=X,-0.1983784585254302,18,2026-09-16,2026-09-16,1.0
2026-09-16,20,XLE,volatility,^VIX,-0.0036877414316521,18,2026-09-16,2026-09-16,1.0
2026-09-16,20,XLY,equity,SPY,0.6489078388324545,18,2026-09-16,2026-09-16,1.0
2026-09-16,20,XLY,equity,QQQ,0.3507104452571222,18,2026-09-16,2026-09-16,1.0
2026-09-16,20,XLY,equity,IWM,0.435338001417467,18,2026-09-16,2026-09-16,1.0
2026-09-16,20,XLY,rates,TLT,0.289566985431311,18,2026-09-16,2026-09-16,1.0
2026-09-16,20,XLY,rates,IEF,0.1887627201839386,18,2026-09-16,2026-09-16,1.0
2026-09-16,20,XLY,credit,HYG,0.4399930133648182,18,2026-09-16,2026-09-16,1.0
2026-09-16,20,XLY,credit,LQD,0.2290394227339588,18,2026-09-16,2026-09-16,1.0
2026-09-16,20,XLY,commodities,USO,-0.467916933140352,18,2026-09-16,2026-09-16,1.0
2026-09-16,20,XLY,commodities,GLD,0.2496233280242545,18,2026-09-16,2026-09-16,1.0
2026-09-16,20,XLY,fx,DX-Y.NYB,-0.2255541011956251,18,2026-09-16,2026-09-16,1.0
2026-09-16,20,XLY,fx,EURUSD=X,-0.256803894893428,18,2026-09-16,2026-09-16,1.0
2026-09-16,20,XLY,volatility,^VIX,-0.5694728269553716,18,2026-09-16,2026-09-16,1.0
2026-09-16,20,XLP,equity,SPY,0.038367307886526,18,2026-09-16,2026-09-16,1.0
2026-09-16,20,XLP,equity,QQQ,-0.3620854089822476,18,2026-09-16,2026-09-16,1.0
2026-09-16,20,XLP,equity,IWM,0.0926200590402219,18,2026-09-16,2026-09-16,1.0
2026-09-16,20,XLP,rates,TLT,0.1815068661060437,18,2026-09-16,2026-09-16,1.0
2026-09-16,20,XLP,rates,IEF,0.0100344206939479,18,2026-09-16,2026-09-16,1.0
2026-09-16,20,XLP,credit,HYG,0.0288138907672161,18,2026-09-16,2026-09-16,1.0
2026-09-16,20,XLP,credit,LQD,-0.0132599924420455,18,2026-09-16,2026-09-16,1.0
2026-09-16,20,XLP,commodities,USO,-0.1416836010177232,18,2026-09-16,2026-09-16,1.0
2026-09-16,20,XLP,commodities,GLD,-0.1294800650723002,18,2026-09-16,2026-09-16,1.0
2026-09-16,20,XLP,fx,DX-Y.NYB,0.2366044514798306,18,2026-09-16,2026-09-16,1.0
2026-09-16,20,XLP,fx,EURUSD=X,-0.14736643459941,18,2026-09-16,2026-09-16,1.0
2026-09-16,20,XLP,volatility,^VIX,0.0227672215466981,18,2026-09-16,2026-09-16,1.0
2026-09-16,20,XLI,equity,SPY,0.6702290384638222,18,2026-09-16,2026-09-16,1.0
2026-09-16,20,XLI,equity,QQQ,0.6114719113505375,18,2026-09-16,2026-09-16,1.0
2026-09-16,20,XLI,equity,IWM,0.6845384639737937,18,2026-09-16,2026-09-16,1.0
2026-09-16,20,XLI,rates,TLT,0.341615411763682,18,2026-09-16,2026-09-16,1.0
2026-09-16,20,XLI,rates,IEF,0.2676184523243062,18,2026-09-16,2026-09-16,1.0
2026-09-16,20,XLI,credit,HYG,0.4268873051860299,18,2026-09-16,2026-09-16,1.0
2026-09-16,20,XLI,credit,LQD,0.3447313841055801,18,2026-09-16,2026-09-16,1.0
2026-09-16,20,XLI,commodities,USO,-0.4661290212761418,18,2026-09-16,2026-09-16,1.0
2026-09-16,20,XLI,commodities,GLD,0.3247992264235892,18,2026-09-16,2026-09-16,1.0
2026-09-16,20,XLI,fx,DX-Y.NYB,-0.241800217871264,18,2026-09-16,2026-09-16,1.0
2026-09-16,20,XLI,fx,EURUSD=X,-0.0549322555025088,18,2026-09-16,2026-09-16,1.0
2026-09-16,20,XLI,volatility,^VIX,-0.7277969523782949,18,2026-09-16,2026-09-16,1.0
2026-09-16,20,XLB,equity,SPY,0.4086291822218141,18,2026-09-16,2026-09-16,1.0
2026-09-16,20,XLB,equity,QQQ,0.2326364381472634,18,2026-09-16,2026-09-16,1.0
2026-09-16,20,XLB,equity,IWM,0.6005022902598567,18,2026-09-16,2026-09-16,1.0
2026-09-16,20,XLB,rates,TLT,0.2258916571908528,18,2026-09-16,2026-09-16,1.0
2026-09-16,20,XLB,rates,IEF,0.2741453148905005,18,2026-09-16,2026-09-16,1.0
2026-09-16,20,XLB,credit,HYG,0.3643723005771138,18,2026-09-16,2026-09-16,1.0
2026-09-16,20,XLB,credit,LQD,0.3057056959132811,18,2026-09-16,2026-09-16,1.0
2026-09-16,20,XLB,commodities,USO,-0.368271479217446,18,2026-09-16,2026-09-16,1.0
2026-09-16,20,XLB,commodities,GLD,0.4974740555772223,18,2026-09-16,2026-09-16,1.0
2026-09-16,20,XLB,fx,DX-Y.NYB,-0.1819075813134537,18,2026-09-16,2026-09-16,1.0
2026-09-16,20,XLB,fx,EURUSD=X,-0.021747648235981,18,2026-09-16,2026-09-16,1.0
2026-09-16,20,XLB,volatility,^VIX,-0.6216254557959633,18,2026-09-16,2026-09-16,1.0
2026-09-16,20,XLRE,equity,SPY,0.4390288507462097,18,2026-09-16,2026-09-16,1.0
2026-09-16,20,XLRE,equity,QQQ,0.1976394842997365,18,2026-09-16,2026-09-16,1.0
2026-09-16,20,XLRE,equity,IWM,0.1975865404845429,18,2026-09-16,2026-09-16,1.0
2026-09-16,20,XLRE,rates,TLT,0.3617157245272043,18,2026-09-16,2026-09-16,1.0
2026-09-16,20,XLRE,rates,IEF,0.3160572568661312,18,2026-09-16,2026-09-16,1.0
2026-09-16,20,XLRE,credit,HYG,0.3367835696048373,18,2026-09-16,2026-09-16,1.0
2026-09-16,20,XLRE,credit,LQD,0.2682948840141989,18,2026-09-16,2026-09-16,1.0
2026-09-16,20,XLRE,commodities,USO,-0.3344791678373151,18,2026-09-16,2026-09-16,1.0
2026-09-16,20,XLRE,commodities,GLD,0.3684402746792338,18,2026-09-16,2026-09-16,1.0
2026-09-16,20,XLRE,fx,DX-Y.NYB,-0.3418103616797397,18,2026-09-16,2026-09-16,1.0
2026-09-16,20,XLRE,fx,EURUSD=X,0.1019539316414717,18,2026-09-16,2026-09-16,1.0
2026-09-16,20,XLRE,volatility,^VIX,-0.3792089310287324,18,2026-09-16,2026-09-16,1.0
2026-09-16,20,XLU,equity,SPY,0.1475658665039861,18,2026-09-16,2026-09-16,1.0
2026-09-16,20,XLU,equity,QQQ,0.0643786849604095,18,2026-09-16,2026-09-16,1.0
2026-09-16,20,XLU,equity,IWM,0.1398625626967207,18,2026-09-16,2026-09-16,1.0
2026-09-16,20,XLU,rates,TLT,0.5010866063844445,18,2026-09-16,2026-09-16,1.0
2026-09-16,20,XLU,rates,IEF,0.4270734228899056,18,2026-09-16,2026-09-16,1.0
2026-09-16,20,XLU,credit,HYG,0.2392612702299885,18,2026-09-16,2026-09-16,1.0
2026-09-16,20,XLU,credit,LQD,0.3360427727282749,18,2026-09-16,2026-09-16,1.0
2026-09-16,20,XLU,commodities,USO,-0.2681811649560671,18,2026-09-16,2026-09-16,1.0
2026-09-16,20,XLU,commodities,GLD,-0.0398091339247694,18,2026-09-16,2026-09-16,1.0
2026-09-16,20,XLU,fx,DX-Y.NYB,-0.0556485041800645,18,2026-09-16,2026-09-16,1.0
2026-09-16,20,XLU,fx,EURUSD=X,0.1375862251851146,18,2026-09-16,2026-09-16,1.0
2026-09-16,20,XLU,volatility,^VIX,-0.0468690896025835,18,2026-09-16,2026-09-16,1.0
2026-09-16,20,XLC,equity,SPY,0.3142235209174292,18,2026-09-16,2026-09-16,1.0
2026-09-16,20,XLC,equity,QQQ,-0.0726236741154733,18,2026-09-16,2026-09-16,1.0
2026-09-16,20,XLC,equity,IWM,0.2418863321923812,18,2026-09-16,2026-09-16,1.0
2026-09-16,20,XLC,rates,TLT,0.2741828236143591,18,2026-09-16,2026-09-16,1.0
2026-09-16,20,XLC,rates,IEF,0.1371796344591146,18,2026-09-16,2026-09-16,1.0
2026-09-16,20,XLC,credit,HYG,0.1225733866198202,18,2026-09-16,2026-09-16,1.0
2026-09-16,20,XLC,credit,LQD,0.1234780293667809,18,2026-09-16,2026-09-16,1.0
2026-09-16,20,XLC,commodities,USO,-0.3020474678036526,18,2026-09-16,2026-09-16,1.0
2026-09-16,20,XLC,commodities,GLD,0.0201735007293747,18,2026-09-16,2026-09-16,1.0
2026-09-16,20,XLC,fx,DX-Y.NYB,0.0214617517697059,18,2026-09-16,2026-09-16,1.0
2026-09-16,20,XLC,fx,EURUSD=X,-0.0856457720810464,18,2026-09-16,2026-09-16,1.0
2026-09-16,20,XLC,volatility,^VIX,-0.2124188751112538,18,2026-09-16,2026-09-16,1.0
2026-09-16,60,XLK,equity,SPY,0.7689878542681022,56,2026-09-16,2026-09-16,1.0
2026-09-16,60,XLK,equity,QQQ,0.9507271022992329,56,2026-09-16,2026-09-16,1.0
2026-09-16,60,XLK,equity,IWM,0.6496191934961969,56,2026-09-16,2026-09-16,1.0
2026-09-16,60,XLK,rates,TLT,0.1716158484507805,56,2026-09-16,2026-09-16,1.0
2026-09-16,60,XLK,rates,IEF,0.2180165331088852,56,2026-09-16,2026-09-16,1.0
2026-09-16,60,XLK,credit,HYG,0.4778313621922214,56,2026-09-16,2026-09-16,1.0
2026-09-16,60,XLK,credit,LQD,0.2950365248144582,56,2026-09-16,2026-09-16,1.0
2026-09-16,60,XLK,commodities,USO,-0.2536816795971036,56,2026-09-16,2026-09-16,1.0
2026-09-16,60,XLK,commodities,GLD,0.2680499483066583,56,2026-09-16,2026-09-16,1.0
2026-09-16,60,XLK,fx,DX-Y.NYB,-0.2349647450843631,56,2026-09-16,2026-09-16,1.0
2026-09-16,60,XLK,fx,EURUSD=X,0.0570641624143839,56,2026-09-16,2026-09-16,1.0
2026-09-16,60,XLK,volatility,^VIX,-0.5570995614979597,56,2026-09-16,2026-09-16,1.0
2026-09-16,60,XLF,equity,SPY,0.4495757004625538,56,2026-09-16,2026-09-16,1.0
2026-09-16,60,XLF,equity,QQQ,0.0991896065365883,56,2026-09-16,2026-09-16,1.0
2026-09-16,60,XLF,equity,IWM,0.3651640038516707,56,2026-09-16,2026-09-16,1.0
2026-09-16,60,XLF,rates,TLT,0.3008226233024789,56,2026-09-16,2026-09-16,1.0
2026-09-16,60,XLF,rates,IEF,0.3598748952487957,56,2026-09-16,2026-09-16,1.0
2026-09-16,60,XLF,credit,HYG,0.4353897951029136,56,2026-09-16,2026-09-16,1.0
2026-09-16,60,XLF,credit,LQD,0.3384904247792438,56,2026-09-16,2026-09-16,1.0
2026-09-16,60,XLF,commodities,USO,-0.4825907155229257,56,2026-09-16,2026-09-16,1.0
2026-09-16,60,XLF,commodities,GLD,0.1490633365680261,56,2026-09-16,2026-09-16,1.0
2026-09-16,60,XLF,fx,DX-Y.NYB,-0.1179019694401929,56,2026-09-16,2026-09-16,1.0
2026-09-16,60,XLF,fx,EURUSD=X,-0.0681907144344394,56,2026-09-16,2026-09-16,1.0
2026-09-16,60,XLF,volatility,^VIX,-0.3863014730353425,56,2026-09-16,2026-09-16,1.0
2026-09-16,60,XLV,equity,SPY,-0.1517499523002865,56,2026-09-16,2026-09-16,1.0
2026-09-16,60,XLV,equity,QQQ,-0.3961045399472068,56,2026-09-16,2026-09-16,1.0
2026-09-16,60,XLV,equity,IWM,0.0521456307796879,56,2026-09-16,2026-09-16,1.0
2026-09-16,60,XLV,rates,TLT,0.3368621568184677,56,2026-09-16,2026-09-16,1.0
2026-09-16,60,XLV,rates,IEF,0.2864819994752851,56,2026-09-16,2026-09-16,1.0
2026-09-16,60,XLV,credit,HYG,0.0782407696417233,56,2026-09-16,2026-09-16,1.0
2026-09-16,60,XLV,credit,LQD,0.2252259629600647,56,2026-09-16,2026-09-16,1.0
2026-09-16,60,XLV,commodities,USO,-0.1190785951331045,56,2026-09-16,2026-09-16,1.0
2026-09-16,60,XLV,commodities,GLD,0.1496856169543343,56,2026-09-16,2026-09-16,1.0
2026-09-16,60,XLV,fx,DX-Y.NYB,-0.0689793695482369,56,2026-09-16,2026-09-16,1.0
2026-09-16,60,XLV,fx,EURUSD=X,-0.1719539182744086,56,2026-09-16,2026-09-16,1.0
2026-09-16,60,XLV,volatility,^VIX,0.0750838294548906,56,2026-09-16,2026-09-16,1.0
2026-09-16,60,XLE,equity,SPY,-0.3275739187765868,56,2026-09-16,2026-09-16,1.0
2026-09-16,60,XLE,equity,QQQ,-0.2917553887750143,56,2026-09-16,2026-09-16,1.0
2026-09-16,60,XLE,equity,IWM,-0.3999973005653925,56,2026-09-16,2026-09-16,1.0
2026-09-16,60,XLE,rates,TLT,-0.4934412264873494,56,2026-09-16,2026-09-16,1.0
2026-09-16,60,XLE,rates,IEF,-0.4705109310275562,56,2026-09-16,2026-09-16,1.0
2026-09-16,60,XLE,credit,HYG,-0.4485353885201467,56,2026-09-16,2026-09-16,1.0
2026-09-16,60,XLE,credit,LQD,-0.5023349751819751,56,2026-09-16,2026-09-16,1.0
2026-09-16,60,XLE,commodities,USO,0.7220261585267821,56,2026-09-16,2026-09-16,1.0
2026-09-16,60,XLE,commodities,GLD,-0.1989406077192898,56,2026-09-16,2026-09-16,1.0
2026-09-16,60,XLE,fx,DX-Y.NYB,0.0380675261863889,56,2026-09-16,2026-09-16,1.0
2026-09-16,60,XLE,fx,EURUSD=X,-0.073202331802973,56,2026-09-16,2026-09-16,1.0
2026-09-16,60,XLE,volatility,^VIX,0.2621663394206908,56,2026-09-16,2026-09-16,1.0
2026-09-16,60,XLY,equity,SPY,0.6196986591713765,56,2026-09-16,2026-09-16,1.0
2026-09-16,60,XLY,equity,QQQ,0.3735133413865896,56,2026-09-16,2026-09-16,1.0
2026-09-16,60,XLY,equity,IWM,0.4021353028928636,56,2026-09-16,2026-09-16,1.0
2026-09-16,60,XLY,rates,TLT,0.3147241048165291,56,2026-09-16,2026-09-16,1.0
2026-09-16,60,XLY,rates,IEF,0.3412367248834904,56,2026-09-16,2026-09-16,1.0
2026-09-16,60,XLY,credit,HYG,0.5831962249352206,56,2026-09-16,2026-09-16,1.0
2026-09-16,60,XLY,credit,LQD,0.376555552972375,56,2026-09-16,2026-09-16,1.0
2026-09-16,60,XLY,commodities,USO,-0.5363028900661071,56,2026-09-16,2026-09-16,1.0
2026-09-16,60,XLY,commodities,GLD,0.1906357390506931,56,2026-09-16,2026-09-16,1.0
2026-09-16,60,XLY,fx,DX-Y.NYB,-0.331151360313516,56,2026-09-16,2026-09-16,1.0
2026-09-16,60,XLY,fx,EURUSD=X,0.1457283610062245,56,2026-09-16,2026-09-16,1.0
2026-09-16,60,XLY,volatility,^VIX,-0.5591563003247799,56,2026-09-16,2026-09-16,1.0
2026-09-16,60,XLP,equity,SPY,-0.146315256633757,56,2026-09-16,2026-09-16,1.0
2026-09-16,60,XLP,equity,QQQ,-0.4448249721750742,56,2026-09-16,2026-09-16,1.0
2026-09-16,60,XLP,equity,IWM,-0.110431755116747,56,2026-09-16,2026-09-16,1.0
2026-09-16,60,XLP,rates,TLT,0.2786960528454379,56,2026-09-16,2026-09-16,1.0
2026-09-16,60,XLP,rates,IEF,0.2183902370937633,56,2026-09-16,2026-09-16,1.0
2026-09-16,60,XLP,credit,HYG,0.0930863260660396,56,2026-09-16,2026-09-16,1.0
2026-09-16,60,XLP,credit,LQD,0.1805067822469876,56,2026-09-16,2026-09-16,1.0
2026-09-16,60,XLP,commodities,USO,-0.2666377745166183,56,2026-09-16,2026-09-16,1.0
2026-09-16,60,XLP,commodities,GLD,-0.1382093039847167,56,2026-09-16,2026-09-16,1.0
2026-09-16,60,XLP,fx,DX-Y.NYB,0.0705901675013415,56,2026-09-16,2026-09-16,1.0
2026-09-16,60,XLP,fx,EURUSD=X,-0.2227983491282599,56,2026-09-16,2026-09-16,1.0
2026-09-16,60,XLP,volatility,^VIX,0.1639627876522909,56,2026-09-16,2026-09-16,1.0
2026-09-16,60,XLI,equity,SPY,0.6261708055441658,56,2026-09-16,2026-09-16,1.0
2026-09-16,60,XLI,equity,QQQ,0.5856214306270917,56,2026-09-16,2026-09-16,1.0
2026-09-16,60,XLI,equity,IWM,0.6418073388775329,56,2026-09-16,2026-09-16,1.0
2026-09-16,60,XLI,rates,TLT,0.2847788167256409,56,2026-09-16,2026-09-16,1.0
2026-09-16,60,XLI,rates,IEF,0.269759580034164,56,2026-09-16,2026-09-16,1.0
2026-09-16,60,XLI,credit,HYG,0.4038875798104913,56,2026-09-16,2026-09-16,1.0
2026-09-16,60,XLI,credit,LQD,0.3170712239458787,56,2026-09-16,2026-09-16,1.0
2026-09-16,60,XLI,commodities,USO,-0.3489640689195165,56,2026-09-16,2026-09-16,1.0
2026-09-16,60,XLI,commodities,GLD,0.1324927130078705,56,2026-09-16,2026-09-16,1.0
2026-09-16,60,XLI,fx,DX-Y.NYB,-0.0855519426210091,56,2026-09-16,2026-09-16,1.0
2026-09-16,60,XLI,fx,EURUSD=X,0.0492989372717339,56,2026-09-16,2026-09-16,1.0
2026-09-16,60,XLI,volatility,^VIX,-0.4225712166449581,56,2026-09-16,2026-09-16,1.0
2026-09-16,60,XLB,equity,SPY,0.2751485263345046,56,2026-09-16,2026-09-16,1.0
2026-09-16,60,XLB,equity,QQQ,0.0788212827971374,56,2026-09-16,2026-09-16,1.0
2026-09-16,60,XLB,equity,IWM,0.4458172372928849,56,2026-09-16,2026-09-16,1.0
2026-09-16,60,XLB,rates,TLT,0.3643272140969117,56,2026-09-16,2026-09-16,1.0
2026-09-16,60,XLB,rates,IEF,0.3850406890702917,56,2026-09-16,2026-09-16,1.0
2026-09-16,60,XLB,credit,HYG,0.3514741322022623,56,2026-09-16,2026-09-16,1.0
2026-09-16,60,XLB,credit,LQD,0.3432876804284858,56,2026-09-16,2026-09-16,1.0
2026-09-16,60,XLB,commodities,USO,-0.4055896260452057,56,2026-09-16,2026-09-16,1.0
2026-09-16,60,XLB,commodities,GLD,0.4663282379998709,56,2026-09-16,2026-09-16,1.0
2026-09-16,60,XLB,fx,DX-Y.NYB,-0.19237491014038,56,2026-09-16,2026-09-16,1.0
2026-09-16,60,XLB,fx,EURUSD=X,-0.1873030942723463,56,2026-09-16,2026-09-16,1.0
2026-09-16,60,XLB,volatility,^VIX,-0.2865994733063063,56,2026-09-16,2026-09-16,1.0
2026-09-16,60,XLRE,equity,SPY,-0.0304154113045497,56,2026-09-16,2026-09-16,1.0
2026-09-16,60,XLRE,equity,QQQ,-0.2850140280209275,56,2026-09-16,2026-09-16,1.0
2026-09-16,60,XLRE,equity,IWM,0.0947320016088878,56,2026-09-16,2026-09-16,1.0
2026-09-16,60,XLRE,rates,TLT,0.3006083900406434,56,2026-09-16,2026-09-16,1.0
2026-09-16,60,XLRE,rates,IEF,0.3657820150352805,56,2026-09-16,2026-09-16,1.0
2026-09-16,60,XLRE,credit,HYG,0.2019287354773731,56,2026-09-16,2026-09-16,1.0
2026-09-16,60,XLRE,credit,LQD,0.2418144808427597,56,2026-09-16,2026-09-16,1.0
2026-09-16,60,XLRE,commodities,USO,-0.2556794430524709,56,2026-09-16,2026-09-16,1.0
2026-09-16,60,XLRE,commodities,GLD,0.077198055972723,56,2026-09-16,2026-09-16,1.0
2026-09-16,60,XLRE,fx,DX-Y.NYB,-0.078221706726064,56,2026-09-16,2026-09-16,1.0
2026-09-16,60,XLRE,fx,EURUSD=X,-0.175318220085378,56,2026-09-16,2026-09-16,1.0
2026-09-16,60,XLRE,volatility,^VIX,0.0298581663963039,56,2026-09-16,2026-09-16,1.0
2026-09-16,60,XLU,equity,SPY,-0.0398722779900567,56,2026-09-16,2026-09-16,1.0
2026-09-16,60,XLU,equity,QQQ,-0.1316545045809084,56,2026-09-16,2026-09-16,1.0
2026-09-16,60,XLU,equity,IWM,0.0518442279301571,56,2026-09-16,2026-09-16,1.0
2026-09-16,60,XLU,rates,TLT,0.2360299915553426,56,2026-09-16,2026-09-16,1.0
2026-09-16,60,XLU,rates,IEF,0.2288230512030222,56,2026-09-16,2026-09-16,1.0
2026-09-16,60,XLU,credit,HYG,0.092765799906674,56,2026-09-16,2026-09-16,1.0
2026-09-16,60,XLU,credit,LQD,0.1477348074756806,56,2026-09-16,2026-09-16,1.0
2026-09-16,60,XLU,commodities,USO,0.0075909589115096,56,2026-09-16,2026-09-16,1.0
2026-09-16,60,XLU,commodities,GLD,-0.0142138979372259,56,2026-09-16,2026-09-16,1.0
2026-09-16,60,XLU,fx,DX-Y.NYB,-0.0466322618971833,56,2026-09-16,2026-09-16,1.0
2026-09-16,60,XLU,fx,EURUSD=X,-0.1811918525474745,56,2026-09-16,2026-09-16,1.0
2026-09-16,60,XLU,volatility,^VIX,-0.0132634615473078,56,2026-09-16,2026-09-16,1.0
2026-09-16,60,XLC,equity,SPY,0.3488142682797426,56,2026-09-16,2026-09-16,1.0
2026-09-16,60,XLC,equity,QQQ,0.0629041607017875,56,2026-09-16,2026-09-16,1.0
2026-09-16,60,XLC,equity,IWM,0.1773515680534299,56,2026-09-16,2026-09-16,1.0
2026-09-16,60,XLC,rates,TLT,0.2175365484979267,56,2026-09-16,2026-09-16,1.0
2026-09-16,60,XLC,rates,IEF,0.2258064223122217,56,2026-09-16,2026-09-16,1.0
2026-09-16,60,XLC,credit,HYG,0.3448685256600846,56,2026-09-16,2026-09-16,1.0
2026-09-16,60,XLC,credit,LQD,0.2421875486382786,56,2026-09-16,2026-09-16,1.0
2026-09-16,60,XLC,commodities,USO,-0.4172130701496759,56,2026-09-16,2026-09-16,1.0
2026-09-16,60,XLC,commodities,GLD,-0.0949095793357902,56,2026-09-16,2026-09-16,1.0
2026-09-16,60,XLC,fx,DX-Y.NYB,0.0220238911507611,56,2026-09-16,2026-09-16,1.0
2026-09-16,60,XLC,fx,EURUSD=X,-0.063617835217276,56,2026-09-16,2026-09-16,1.0
2026-09-16,60,XLC,volatility,^VIX,-0.1643932069526557,56,2026-09-16,2026-09-16,1.0
2026-09-17,20,XLK,equity,SPY,0.7514163471595618,18,2026-09-17,2026-09-17,1.0
2026-09-17,20,XLK,equity,QQQ,0.9382405734626744,18,2026-09-17,2026-09-17,1.0
2026-09-17,20,XLK,equity,IWM,0.6169367734688944,18,2026-09-17,2026-09-17,1.0
2026-09-17,20,XLK,rates,TLT,0.3458274292428417,18,2026-09-17,2026-09-17,1.0
2026-09-17,20,XLK,rates,IEF,0.4550504724938383,18,2026-09-17,2026-09-17,1.0
2026-09-17,20,XLK,credit,HYG,0.5479864206594407,18,2026-09-17,2026-09-17,1.0
2026-09-17,20,XLK,credit,LQD,0.4925769392755647,18,2026-09-17,2026-09-17,1.0
2026-09-17,20,XLK,commodities,USO,-0.2579119142745041,18,2026-09-17,2026-09-17,1.0
2026-09-17,20,XLK,commodities,GLD,0.5401016036833874,18,2026-09-17,2026-09-17,1.0
2026-09-17,20,XLK,fx,DX-Y.NYB,-0.5338551982701402,18,2026-09-17,2026-09-17,1.0
2026-09-17,20,XLK,fx,EURUSD=X,-0.3517542213955241,18,2026-09-17,2026-09-17,1.0
2026-09-17,20,XLK,volatility,^VIX,-0.7274024458250847,18,2026-09-17,2026-09-17,1.0
2026-09-17,20,XLF,equity,SPY,0.5429547619964994,18,2026-09-17,2026-09-17,1.0
2026-09-17,20,XLF,equity,QQQ,0.1940950681091759,18,2026-09-17,2026-09-17,1.0
2026-09-17,20,XLF,equity,IWM,0.3816341050797891,18,2026-09-17,2026-09-17,1.0
2026-09-17,20,XLF,rates,TLT,0.22965758741431,18,2026-09-17,2026-09-17,1.0
2026-09-17,20,XLF,rates,IEF,0.2535695570249123,18,2026-09-17,2026-09-17,1.0
2026-09-17,20,XLF,credit,HYG,0.3140276886768053,18,2026-09-17,2026-09-17,1.0
2026-09-17,20,XLF,credit,LQD,0.213328448569086,18,2026-09-17,2026-09-17,1.0
2026-09-17,20,XLF,commodities,USO,-0.2599103490022846,18,2026-09-17,2026-09-17,1.0
2026-09-17,20,XLF,commodities,GLD,0.4899584003747527,18,2026-09-17,2026-09-17,1.0
2026-09-17,20,XLF,fx,DX-Y.NYB,-0.4967721902704153,18,2026-09-17,2026-09-17,1.0
2026-09-17,20,XLF,fx,EURUSD=X,-0.026550502020669,18,2026-09-17,2026-09-17,1.0
2026-09-17,20,XLF,volatility,^VIX,-0.4514199523738331,18,2026-09-17,2026-09-17,1.0
2026-09-17,20,XLV,equity,SPY,0.1148875482924658,18,2026-09-17,2026-09-17,1.0
2026-09-17,20,XLV,equity,QQQ,-0.0977268378894644,18,2026-09-17,2026-09-17,1.0
2026-09-17,20,XLV,equity,IWM,0.2303973341098762,18,2026-09-17,2026-09-17,1.0
2026-09-17,20,XLV,rates,TLT,0.2697670021517114,18,2026-09-17,2026-09-17,1.0
2026-09-17,20,XLV,rates,IEF,0.2814181035975969,18,2026-09-17,2026-09-17,1.0
2026-09-17,20,XLV,credit,HYG,0.2262882248133577,18,2026-09-17,2026-09-17,1.0
2026-09-17,20,XLV,credit,LQD,0.2377956927594104,18,2026-09-17,2026-09-17,1.0
2026-09-17,20,XLV,commodities,USO,-0.1448225130479742,18,2026-09-17,2026-09-17,1.0
2026-09-17,20,XLV,commodities,GLD,0.2354713696549165,18,2026-09-17,2026-09-17,1.0
2026-09-17,20,XLV,fx,DX-Y.NYB,-0.0951403938530296,18,2026-09-17,2026-09-17,1.0
2026-09-17,20,XLV,fx,EURUSD=X,-0.1335895736667493,18,2026-09-17,2026-09-17,1.0
2026-09-17,20,XLV,volatility,^VIX,-0.0597106929611125,18,2026-09-17,2026-09-17,1.0
2026-09-17,20,XLE,equity,SPY,-0.0472780699204236,18,2026-09-17,2026-09-17,1.0
2026-09-17,20,XLE,equity,QQQ,-0.1193933963708951,18,2026-09-17,2026-09-17,1.0
2026-09-17,20,XLE,equity,IWM,-0.2362060559832807,18,2026-09-17,2026-09-17,1.0
2026-09-17,20,XLE,rates,TLT,-0.3655651981406173,18,2026-09-17,2026-09-17,1.0
2026-09-17,20,XLE,rates,IEF,-0.2022084683713783,18,2026-09-17,2026-09-17,1.0
2026-09-17,20,XLE,credit,HYG,-0.2447513570399951,18,2026-09-17,2026-09-17,1.0
2026-09-17,20,XLE,credit,LQD,-0.2662011947934072,18,2026-09-17,2026-09-17,1.0
2026-09-17,20,XLE,commodities,USO,0.6063268921414713,18,2026-09-17,2026-09-17,1.0
2026-09-17,20,XLE,commodities,GLD,-0.0366248792899898,18,2026-09-17,2026-09-17,1.0
2026-09-17,20,XLE,fx,DX-Y.NYB,-0.2671718776664246,18,2026-09-17,2026-09-17,1.0
2026-09-17,20,XLE,fx,EURUSD=X,-0.3526617299850116,18,2026-09-17,2026-09-17,1.0
2026-09-17,20,XLE,volatility,^VIX,-0.0855900916115923,18,2026-09-17,2026-09-17,1.0
2026-09-17,20,XLY,equity,SPY,0.6583781526012125,18,2026-09-17,2026-09-17,1.0
2026-09-17,20,XLY,equity,QQQ,0.4093199482580243,18,2026-09-17,2026-09-17,1.0
2026-09-17,20,XLY,equity,IWM,0.417598917972779,18,2026-09-17,2026-09-17,1.0
2026-09-17,20,XLY,rates,TLT,0.3295230539717277,18,2026-09-17,2026-09-17,1.0
2026-09-17,20,XLY,rates,IEF,0.2636141815094415,18,2026-09-17,2026-09-17,1.0
2026-09-17,20,XLY,credit,HYG,0.4953304007094665,18,2026-09-17,2026-09-17,1.0
2026-09-17,20,XLY,credit,LQD,0.2800821311520209,18,2026-09-17,2026-09-17,1.0
2026-09-17,20,XLY,commodities,USO,-0.4528833887967966,18,2026-09-17,2026-09-17,1.0
2026-09-17,20,XLY,commodities,GLD,0.3562431939130268,18,2026-09-17,2026-09-17,1.0
2026-09-17,20,XLY,fx,DX-Y.NYB,-0.2786356120897458,18,2026-09-17,2026-09-17,1.0
2026-09-17,20,XLY,fx,EURUSD=X,-0.2107028910910696,18,2026-09-17,2026-09-17,1.0
2026-09-17,20,XLY,volatility,^VIX,-0.5951426262506538,18,2026-09-17,2026-09-17,1.0
2026-09-17,20,XLP,equity,SPY,-0.0424828558367719,18,2026-09-17,2026-09-17,1.0
2026-09-17,20,XLP,equity,QQQ,-0.3736184052141236,18,2026-09-17,2026-09-17,1.0
2026-09-17,20,XLP,equity,IWM,-0.0059290875177989,18,2026-09-17,2026-09-17,1.0
2026-09-17,20,XLP,rates,TLT,0.1033817844259026,18,2026-09-17,2026-09-17,1.0
2026-09-17,20,XLP,rates,IEF,-0.0283739493306886,18,2026-09-17,2026-09-17,1.0
2026-09-17,20,XLP,credit,HYG,0.0079561566476588,18,2026-09-17,2026-09-17,1.0
2026-09-17,20,XLP,credit,LQD,-0.0728201516787947,18,2026-09-17,2026-09-17,1.0
2026-09-17,20,XLP,commodities,USO,-0.0970614027275326,18,2026-09-17,2026-09-17,1.0
2026-09-17,20,XLP,commodities,GLD,-0.0770378883310038,18,2026-09-17,2026-09-17,1.0
2026-09-17,20,XLP,fx,DX-Y.NYB,0.2265703583534288,18,2026-09-17,2026-09-17,1.0
2026-09-17,20,XLP,fx,EURUSD=X,0.081847930343585,18,2026-09-17,2026-09-17,1.0
2026-09-17,20,XLP,volatility,^VIX,0.0691839489685899,18,2026-09-17,2026-09-17,1.0
2026-09-17,20,XLI,equity,SPY,0.6333563878894534,18,2026-09-17,2026-09-17,1.0
2026-09-17,20,XLI,equity,QQQ,0.5829332568229837,18,2026-09-17,2026-09-17,1.0
2026-09-17,20,XLI,equity,IWM,0.670518314630067,18,2026-09-17,2026-09-17,1.0
2026-09-17,20,XLI,rates,TLT,0.3179163062875685,18,2026-09-17,2026-09-17,1.0
2026-09-17,20,XLI,rates,IEF,0.2634320972728487,18,2026-09-17,2026-09-17,1.0
2026-09-17,20,XLI,credit,HYG,0.415259652720319,18,2026-09-17,2026-09-17,1.0
2026-09-17,20,XLI,credit,LQD,0.3270724718017964,18,2026-09-17,2026-09-17,1.0
2026-09-17,20,XLI,commodities,USO,-0.4535275390051314,18,2026-09-17,2026-09-17,1.0
2026-09-17,20,XLI,commodities,GLD,0.3792065546287696,18,2026-09-17,2026-09-17,1.0
2026-09-17,20,XLI,fx,DX-Y.NYB,-0.271286063526317,18,2026-09-17,2026-09-17,1.0
2026-09-17,20,XLI,fx,EURUSD=X,0.0604333590949556,18,2026-09-17,2026-09-17,1.0
2026-09-17,20,XLI,volatility,^VIX,-0.679201923234427,18,2026-09-17,2026-09-17,1.0
2026-09-17,20,XLB,equity,SPY,0.4745376964577878,18,2026-09-17,2026-09-17,1.0
2026-09-17,20,XLB,equity,QQQ,0.306269439987078,18,2026-09-17,2026-09-17,1.0
2026-09-17,20,XLB,equity,IWM,0.6535472231731227,18,2026-09-17,2026-09-17,1.0
2026-09-17,20,XLB,rates,TLT,0.3095036929608408,18,2026-09-17,2026-09-17,1.0
2026-09-17,20,XLB,rates,IEF,0.3466672431702931,18,2026-09-17,2026-09-17,1.0
2026-09-17,20,XLB,credit,HYG,0.4206490762268048,18,2026-09-17,2026-09-17,1.0
2026-09-17,20,XLB,credit,LQD,0.3762161099327769,18,2026-09-17,2026-09-17,1.0
2026-09-17,20,XLB,commodities,USO,-0.3860235510623707,18,2026-09-17,2026-09-17,1.0
2026-09-17,20,XLB,commodities,GLD,0.5294982024245993,18,2026-09-17,2026-09-17,1.0
2026-09-17,20,XLB,fx,DX-Y.NYB,-0.208963224354107,18,2026-09-17,2026-09-17,1.0
2026-09-17,20,XLB,fx,EURUSD=X,-0.1289508240015149,18,2026-09-17,2026-09-17,1.0
2026-09-17,20,XLB,volatility,^VIX,-0.6516359300045328,18,2026-09-17,2026-09-17,1.0
2026-09-17,20,XLRE,equity,SPY,0.5685202705320029,18,2026-09-17,2026-09-17,1.0
2026-09-17,20,XLRE,equity,QQQ,0.3126928520632078,18,2026-09-17,2026-09-17,1.0
2026-09-17,20,XLRE,equity,IWM,0.3144784333458779,18,2026-09-17,2026-09-17,1.0
2026-09-17,20,XLRE,rates,TLT,0.4943188252997954,18,2026-09-17,2026-09-17,1.0
2026-09-17,20,XLRE,rates,IEF,0.4275142943159578,18,2026-09-17,2026-09-17,1.0
2026-09-17,20,XLRE,credit,HYG,0.4322033377183099,18,2026-09-17,2026-09-17,1.0
2026-09-17,20,XLRE,credit,LQD,0.3964009719448914,18,2026-09-17,2026-09-17,1.0
2026-09-17,20,XLRE,commodities,USO,-0.3899577168833113,18,2026-09-17,2026-09-17,1.0
2026-09-17,20,XLRE,commodities,GLD,0.3987127393937452,18,2026-09-17,2026-09-17,1.0
2026-09-17,20,XLRE,fx,DX-Y.NYB,-0.3642329630960771,18,2026-09-17,2026-09-17,1.0
2026-09-17,20,XLRE,fx,EURUSD=X,-0.1358242535642446,18,2026-09-17,2026-09-17,1.0
2026-09-17,20,XLRE,volatility,^VIX,-0.4894839978586809,18,2026-09-17,2026-09-17,1.0
2026-09-17,20,XLU,equity,SPY,0.262827258697461,18,2026-09-17,2026-09-17,1.0
2026-09-17,20,XLU,equity,QQQ,0.1971736107742269,18,2026-09-17,2026-09-17,1.0
2026-09-17,20,XLU,equity,IWM,0.1954850112984225,18,2026-09-17,2026-09-17,1.0
2026-09-17,20,XLU,rates,TLT,0.5810497060346475,18,2026-09-17,2026-09-17,1.0
2026-09-17,20,XLU,rates,IEF,0.5105863627445565,18,2026-09-17,2026-09-17,1.0
2026-09-17,20,XLU,credit,HYG,0.350911815506335,18,2026-09-17,2026-09-17,1.0
2026-09-17,20,XLU,credit,LQD,0.4316263214621433,18,2026-09-17,2026-09-17,1.0
2026-09-17,20,XLU,commodities,USO,-0.2842168320283184,18,2026-09-17,2026-09-17,1.0
2026-09-17,20,XLU,commodities,GLD,0.058030279804136,18,2026-09-17,2026-09-17,1.0
2026-09-17,20,XLU,fx,DX-Y.NYB,-0.1019309609536865,18,2026-09-17,2026-09-17,1.0
2026-09-17,20,XLU,fx,EURUSD=X,0.0410959377545873,18,2026-09-17,2026-09-17,1.0
2026-09-17,20,XLU,volatility,^VIX,-0.1872423862482822,18,2026-09-17,2026-09-17,1.0
2026-09-17,20,XLC,equity,SPY,0.1707127523558979,18,2026-09-17,2026-09-17,1.0
2026-09-17,20,XLC,equity,QQQ,-0.1713975920908683,18,2026-09-17,2026-09-17,1.0
2026-09-17,20,XLC,equity,IWM,0.1565641463097102,18,2026-09-17,2026-09-17,1.0
2026-09-17,20,XLC,rates,TLT,0.121977112288566,18,2026-09-17,2026-09-17,1.0
2026-09-17,20,XLC,rates,IEF,0.004248265385097,18,2026-09-17,2026-09-17,1.0
2026-09-17,20,XLC,credit,HYG,0.000527379918178,18,2026-09-17,2026-09-17,1.0
2026-09-17,20,XLC,credit,LQD,-0.0068869638921895,18,2026-09-17,2026-09-17,1.0
2026-09-17,20,XLC,commodities,USO,-0.2591586672427441,18,2026-09-17,2026-09-17,1.0
2026-09-17,20,XLC,commodities,GLD,-0.01312774671928,18,2026-09-17,2026-09-17,1.0
2026-09-17,20,XLC,fx,DX-Y.NYB,0.0419057242042751,18,2026-09-17,2026-09-17,1.0
2026-09-17,20,XLC,fx,EURUSD=X,0.1106490337196421,18,2026-09-17,2026-09-17,1.0
2026-09-17,20,XLC,volatility,^VIX,-0.0711818491181404,18,2026-09-17,2026-09-17,1.0
2026-09-17,60,XLK,equity,SPY,0.7766227462784594,56,2026-09-17,2026-09-17,1.0
2026-09-17,60,XLK,equity,QQQ,0.9521157439657756,56,2026-09-17,2026-09-17,1.0
2026-09-17,60,XLK,equity,IWM,0.6525965948339731,56,2026-09-17,2026-09-17,1.0
2026-09-17,60,XLK,rates,TLT,0.206993380606296,56,2026-09-17,2026-09-17,1.0
2026-09-17,60,XLK,rates,IEF,0.2505839544147916,56,2026-09-17,2026-09-17,1.0
2026-09-17,60,XLK,credit,HYG,0.4980393898496048,56,2026-09-17,2026-09-17,1.0
2026-09-17,60,XLK,credit,LQD,0.3235790362621177,56,2026-09-17,2026-09-17,1.0
2026-09-17,60,XLK,commodities,USO,-0.2648508659581057,56,2026-09-17,2026-09-17,1.0
2026-09-17,60,XLK,commodities,GLD,0.2811369260237817,56,2026-09-17,2026-09-17,1.0
2026-09-17,60,XLK,fx,DX-Y.NYB,-0.2337565643699181,56,2026-09-17,2026-09-17,1.0
2026-09-17,60,XLK,fx,EURUSD=X,0.0131164144490884,56,2026-09-17,2026-09-17,1.0
2026-09-17,60,XLK,volatility,^VIX,-0.5772173214646964,56,2026-09-17,2026-09-17,1.0
2026-09-17,60,XLF,equity,SPY,0.4381664639819867,56,2026-09-17,2026-09-17,1.0
2026-09-17,60,XLF,equity,QQQ,0.1014611621329377,56,2026-09-17,2026-09-17,1.0
2026-09-17,60,XLF,equity,IWM,0.3783714928054248,56,2026-09-17,2026-09-17,1.0
2026-09-17,60,XLF,rates,TLT,0.2844264137700695,56,2026-09-17,2026-09-17,1.0
2026-09-17,60,XLF,rates,IEF,0.3437854236188439,56,2026-09-17,2026-09-17,1.0
2026-09-17,60,XLF,credit,HYG,0.4129443815662105,56,2026-09-17,2026-09-17,1.0
2026-09-17,60,XLF,credit,LQD,0.3232974475284014,56,2026-09-17,2026-09-17,1.0
2026-09-17,60,XLF,commodities,USO,-0.4758974906702606,56,2026-09-17,2026-09-17,1.0
2026-09-17,60,XLF,commodities,GLD,0.1517822583522486,56,2026-09-17,2026-09-17,1.0
2026-09-17,60,XLF,fx,DX-Y.NYB,-0.1248395217483201,56,2026-09-17,2026-09-17,1.0
2026-09-17,60,XLF,fx,EURUSD=X,-0.068609104045745,56,2026-09-17,2026-09-17,1.0
2026-09-17,60,XLF,volatility,^VIX,-0.3625921297932281,56,2026-09-17,2026-09-17,1.0
2026-09-17,60,XLV,equity,SPY,-0.1433876814251087,56,2026-09-17,2026-09-17,1.0
2026-09-17,60,XLV,equity,QQQ,-0.3989689476051721,56,2026-09-17,2026-09-17,1.0
2026-09-17,60,XLV,equity,IWM,0.038005551802874,56,2026-09-17,2026-09-17,1.0
2026-09-17,60,XLV,rates,TLT,0.3374031975744913,56,2026-09-17,2026-09-17,1.0
2026-09-17,60,XLV,rates,IEF,0.2828555563388738,56,2026-09-17,2026-09-17,1.0
2026-09-17,60,XLV,credit,HYG,0.0841821232784168,56,2026-09-17,2026-09-17,1.0
2026-09-17,60,XLV,credit,LQD,0.2234501274910455,56,2026-09-17,2026-09-17,1.0
2026-09-17,60,XLV,commodities,USO,-0.1356312441089274,56,2026-09-17,2026-09-17,1.0
2026-09-17,60,XLV,commodities,GLD,0.1458092952069159,56,2026-09-17,2026-09-17,1.0
2026-09-17,60,XLV,fx,DX-Y.NYB,-0.0606847157776722,56,2026-09-17,2026-09-17,1.0
2026-09-17,60,XLV,fx,EURUSD=X,-0.1638376340503032,56,2026-09-17,2026-09-17,1.0
2026-09-17,60,XLV,volatility,^VIX,0.0554971177908775,56,2026-09-17,2026-09-17,1.0
2026-09-17,60,XLE,equity,SPY,-0.3146894889520153,56,2026-09-17,2026-09-17,1.0
2026-09-17,60,XLE,equity,QQQ,-0.2869683176930924,56,2026-09-17,2026-09-17,1.0
2026-09-17,60,XLE,equity,IWM,-0.4070504492166686,56,2026-09-17,2026-09-17,1.0
2026-09-17,60,XLE,rates,TLT,-0.4661368441480653,56,2026-09-17,2026-09-17,1.0
2026-09-17,60,XLE,rates,IEF,-0.444644740710622,56,2026-09-17,2026-09-17,1.0
2026-09-17,60,XLE,credit,HYG,-0.4204432182517249,56,2026-09-17,2026-09-17,1.0
2026-09-17,60,XLE,credit,LQD,-0.4753850819242071,56,2026-09-17,2026-09-17,1.0
2026-09-17,60,XLE,commodities,USO,0.7172908593506048,56,2026-09-17,2026-09-17,1.0
2026-09-17,60,XLE,commodities,GLD,-0.1973106133965318,56,2026-09-17,2026-09-17,1.0
2026-09-17,60,XLE,fx,DX-Y.NYB,0.0416792162888954,56,2026-09-17,2026-09-17,1.0
2026-09-17,60,XLE,fx,EURUSD=X,-0.0744847611548391,56,2026-09-17,2026-09-17,1.0
2026-09-17,60,XLE,volatility,^VIX,0.2402691226306811,56,2026-09-17,2026-09-17,1.0
2026-09-17,60,XLY,equity,SPY,0.6364498246330366,56,2026-09-17,2026-09-17,1.0
2026-09-17,60,XLY,equity,QQQ,0.4052922007463551,56,2026-09-17,2026-09-17,1.0
2026-09-17,60,XLY,equity,IWM,0.4375273817778893,56,2026-09-17,2026-09-17,1.0
2026-09-17,60,XLY,rates,TLT,0.3392246005993635,56,2026-09-17,2026-09-17,1.0
2026-09-17,60,XLY,rates,IEF,0.3713193641967974,56,2026-09-17,2026-09-17,1.0
2026-09-17,60,XLY,credit,HYG,0.6004595777666366,56,2026-09-17,2026-09-17,1.0
2026-09-17,60,XLY,credit,LQD,0.4054484570466505,56,2026-09-17,2026-09-17,1.0
2026-09-17,60,XLY,commodities,USO,-0.5324932977557197,56,2026-09-17,2026-09-17,1.0
2026-09-17,60,XLY,commodities,GLD,0.2174897424967903,56,2026-09-17,2026-09-17,1.0
2026-09-17,60,XLY,fx,DX-Y.NYB,-0.3484660276757852,56,2026-09-17,2026-09-17,1.0
2026-09-17,60,XLY,fx,EURUSD=X,0.0884239553533882,56,2026-09-17,2026-09-17,1.0
2026-09-17,60,XLY,volatility,^VIX,-0.5679622124431254,56,2026-09-17,2026-09-17,1.0
2026-09-17,60,XLP,equity,SPY,-0.1379556458720183,56,2026-09-17,2026-09-17,1.0
2026-09-17,60,XLP,equity,QQQ,-0.4294136038952988,56,2026-09-17,2026-09-17,1.0
2026-09-17,60,XLP,equity,IWM,-0.0984138176159604,56,2026-09-17,2026-09-17,1.0
2026-09-17,60,XLP,rates,TLT,0.2764003417150676,56,2026-09-17,2026-09-17,1.0
2026-09-17,60,XLP,rates,IEF,0.2208795189648247,56,2026-09-17,2026-09-17,1.0
2026-09-17,60,XLP,credit,HYG,0.0984618065526356,56,2026-09-17,2026-09-17,1.0
2026-09-17,60,XLP,credit,LQD,0.1844672352225966,56,2026-09-17,2026-09-17,1.0
2026-09-17,60,XLP,commodities,USO,-0.2621822354717983,56,2026-09-17,2026-09-17,1.0
2026-09-17,60,XLP,commodities,GLD,-0.1288949633037637,56,2026-09-17,2026-09-17,1.0
2026-09-17,60,XLP,fx,DX-Y.NYB,0.0643665018240696,56,2026-09-17,2026-09-17,1.0
2026-09-17,60,XLP,fx,EURUSD=X,-0.2309038667897065,56,2026-09-17,2026-09-17,1.0
2026-09-17,60,XLP,volatility,^VIX,0.1555075457717286,56,2026-09-17,2026-09-17,1.0
2026-09-17,60,XLI,equity,SPY,0.6467416036608136,56,2026-09-17,2026-09-17,1.0
2026-09-17,60,XLI,equity,QQQ,0.5865378533423958,56,2026-09-17,2026-09-17,1.0
2026-09-17,60,XLI,equity,IWM,0.6375923820374633,56,2026-09-17,2026-09-17,1.0
2026-09-17,60,XLI,rates,TLT,0.2942870833479722,56,2026-09-17,2026-09-17,1.0
2026-09-17,60,XLI,rates,IEF,0.2670368553550884,56,2026-09-17,2026-09-17,1.0
2026-09-17,60,XLI,credit,HYG,0.4076352326712097,56,2026-09-17,2026-09-17,1.0
2026-09-17,60,XLI,credit,LQD,0.3145446196373808,56,2026-09-17,2026-09-17,1.0
2026-09-17,60,XLI,commodities,USO,-0.3972514157573392,56,2026-09-17,2026-09-17,1.0
2026-09-17,60,XLI,commodities,GLD,0.1209716546883993,56,2026-09-17,2026-09-17,1.0
2026-09-17,60,XLI,fx,DX-Y.NYB,-0.0680647086941961,56,2026-09-17,2026-09-17,1.0
2026-09-17,60,XLI,fx,EURUSD=X,0.0735180999684107,56,2026-09-17,2026-09-17,1.0
2026-09-17,60,XLI,volatility,^VIX,-0.450735041015257,56,2026-09-17,2026-09-17,1.0
2026-09-17,60,XLB,equity,SPY,0.2867497684967632,56,2026-09-17,2026-09-17,1.0
2026-09-17,60,XLB,equity,QQQ,0.0800789463229359,56,2026-09-17,2026-09-17,1.0
2026-09-17,60,XLB,equity,IWM,0.438603044378581,56,2026-09-17,2026-09-17,1.0
2026-09-17,60,XLB,rates,TLT,0.3749026973595959,56,2026-09-17,2026-09-17,1.0
2026-09-17,60,XLB,rates,IEF,0.389047716829259,56,2026-09-17,2026-09-17,1.0
2026-09-17,60,XLB,credit,HYG,0.3594379359044291,56,2026-09-17,2026-09-17,1.0
2026-09-17,60,XLB,credit,LQD,0.3485217937612141,56,2026-09-17,2026-09-17,1.0
2026-09-17,60,XLB,commodities,USO,-0.4293507446048183,56,2026-09-17,2026-09-17,1.0
2026-09-17,60,XLB,commodities,GLD,0.4675919510506678,56,2026-09-17,2026-09-17,1.0
2026-09-17,60,XLB,fx,DX-Y.NYB,-0.1855523257244627,56,2026-09-17,2026-09-17,1.0
2026-09-17,60,XLB,fx,EURUSD=X,-0.1885652557890228,56,2026-09-17,2026-09-17,1.0
2026-09-17,60,XLB,volatility,^VIX,-0.3081677679577728,56,2026-09-17,2026-09-17,1.0
2026-09-17,60,XLRE,equity,SPY,-0.0194709651207783,56,2026-09-17,2026-09-17,1.0
2026-09-17,60,XLRE,equity,QQQ,-0.2742687407410739,56,2026-09-17,2026-09-17,1.0
2026-09-17,60,XLRE,equity,IWM,0.0956745561290832,56,2026-09-17,2026-09-17,1.0
2026-09-17,60,XLRE,rates,TLT,0.3033093697437123,56,2026-09-17,2026-09-17,1.0
2026-09-17,60,XLRE,rates,IEF,0.3644414444548814,56,2026-09-17,2026-09-17,1.0
2026-09-17,60,XLRE,credit,HYG,0.2077869201631985,56,2026-09-17,2026-09-17,1.0
2026-09-17,60,XLRE,credit,LQD,0.2455439938531152,56,2026-09-17,2026-09-17,1.0
2026-09-17,60,XLRE,commodities,USO,-0.2619396162076427,56,2026-09-17,2026-09-17,1.0
2026-09-17,60,XLRE,commodities,GLD,0.0814642580662043,56,2026-09-17,2026-09-17,1.0
2026-09-17,60,XLRE,fx,DX-Y.NYB,-0.0775675394841076,56,2026-09-17,2026-09-17,1.0
2026-09-17,60,XLRE,fx,EURUSD=X,-0.1805572127892262,56,2026-09-17,2026-09-17,1.0
2026-09-17,60,XLRE,volatility,^VIX,0.012911326624719,56,2026-09-17,2026-09-17,1.0
2026-09-17,60,XLU,equity,SPY,-0.0095179075131186,56,2026-09-17,2026-09-17,1.0
2026-09-17,60,XLU,equity,QQQ,-0.1116703193668091,56,2026-09-17,2026-09-17,1.0
2026-09-17,60,XLU,equity,IWM,0.0505431876317305,56,2026-09-17,2026-09-17,1.0
2026-09-17,60,XLU,rates,TLT,0.2667730617038629,56,2026-09-17,2026-09-17,1.0
2026-09-17,60,XLU,rates,IEF,0.256762085522276,56,2026-09-17,2026-09-17,1.0
2026-09-17,60,XLU,credit,HYG,0.1302249141728456,56,2026-09-17,2026-09-17,1.0
2026-09-17,60,XLU,credit,LQD,0.1791535605751491,56,2026-09-17,2026-09-17,1.0
2026-09-17,60,XLU,commodities,USO,-0.0112068548392641,56,2026-09-17,2026-09-17,1.0
2026-09-17,60,XLU,commodities,GLD,-0.0017542267863613,56,2026-09-17,2026-09-17,1.0
2026-09-17,60,XLU,fx,DX-Y.NYB,-0.0426264989112034,56,2026-09-17,2026-09-17,1.0
2026-09-17,60,XLU,fx,EURUSD=X,-0.2052440911837442,56,2026-09-17,2026-09-17,1.0
2026-09-17,60,XLU,volatility,^VIX,-0.0593978858014811,56,2026-09-17,2026-09-17,1.0
2026-09-17,60,XLC,equity,SPY,0.3299198631296519,56,2026-09-17,2026-09-17,1.0
2026-09-17,60,XLC,equity,QQQ,0.0582802189209385,56,2026-09-17,2026-09-17,1.0
2026-09-17,60,XLC,equity,IWM,0.1858161430725562,56,2026-09-17,2026-09-17,1.0
2026-09-17,60,XLC,rates,TLT,0.1918444407694284,56,2026-09-17,2026-09-17,1.0
2026-09-17,60,XLC,rates,IEF,0.2022302622170862,56,2026-09-17,2026-09-17,1.0
2026-09-17,60,XLC,credit,HYG,0.3129815301237618,56,2026-09-17,2026-09-17,1.0
2026-09-17,60,XLC,credit,LQD,0.218144760309097,56,2026-09-17,2026-09-17,1.0
2026-09-17,60,XLC,commodities,USO,-0.4064767342981291,56,2026-09-17,2026-09-17,1.0
2026-09-17,60,XLC,commodities,GLD,-0.096760360105202,56,2026-09-17,2026-09-17,1.0
2026-09-17,60,XLC,fx,DX-Y.NYB,0.0166901415965792,56,2026-09-17,2026-09-17,1.0
2026-09-17,60,XLC,fx,EURUSD=X,-0.0523921578933045,56,2026-09-17,2026-09-17,1.0
2026-09-17,60,XLC,volatility,^VIX,-0.1353068907787014,56,2026-09-17,2026-09-17,1.0
2026-09-18,20,XLK,equity,SPY,0.7613589180338585,18,2026-09-18,2026-09-18,1.0
2026-09-18,20,XLK,equity,QQQ,0.9421129732869132,18,2026-09-18,2026-09-18,1.0
2026-09-18,20,XLK,equity,IWM,0.6372635456058501,18,2026-09-18,2026-09-18,1.0
2026-09-18,20,XLK,rates,TLT,0.3039349337286414,18,2026-09-18,2026-09-18,1.0
2026-09-18,20,XLK,rates,IEF,0.3987665194998736,18,2026-09-18,2026-09-18,1.0
2026-09-18,20,XLK,credit,HYG,0.5049170870891535,18,2026-09-18,2026-09-18,1.0
2026-09-18,20,XLK,credit,LQD,0.4434079658291917,18,2026-09-18,2026-09-18,1.0
2026-09-18,20,XLK,commodities,USO,-0.2703443717803352,18,2026-09-18,2026-09-18,1.0
2026-09-18,20,XLK,commodities,GLD,0.5806365960017482,18,2026-09-18,2026-09-18,1.0
2026-09-18,20,XLK,fx,DX-Y.NYB,-0.5460970660193973,18,2026-09-18,2026-09-18,1.0
2026-09-18,20,XLK,fx,EURUSD=X,-0.334793195504408,18,2026-09-18,2026-09-18,1.0
2026-09-18,20,XLK,volatility,^VIX,-0.7442153948724896,18,2026-09-18,2026-09-18,1.0
2026-09-18,20,XLF,equity,SPY,0.5260349369707114,18,2026-09-18,2026-09-18,1.0
2026-09-18,20,XLF,equity,QQQ,0.1775182664798661,18,2026-09-18,2026-09-18,1.0
2026-09-18,20,XLF,equity,IWM,0.3186534509058363,18,2026-09-18,2026-09-18,1.0
2026-09-18,20,XLF,rates,TLT,0.2741069068146657,18,2026-09-18,2026-09-18,1.0
2026-09-18,20,XLF,rates,IEF,0.2754423473339999,18,2026-09-18,2026-09-18,1.0
2026-09-18,20,XLF,credit,HYG,0.2847762319783452,18,2026-09-18,2026-09-18,1.0
2026-09-18,20,XLF,credit,LQD,0.2335805964417097,18,2026-09-18,2026-09-18,1.0
2026-09-18,20,XLF,commodities,USO,-0.2546959391675057,18,2026-09-18,2026-09-18,1.0
2026-09-18,20,XLF,commodities,GLD,0.433882703655858,18,2026-09-18,2026-09-18,1.0
2026-09-18,20,XLF,fx,DX-Y.NYB,-0.4752172452983189,18,2026-09-18,2026-09-18,1.0
2026-09-18,20,XLF,fx,EURUSD=X,-0.0927558993773342,18,2026-09-18,2026-09-18,1.0
2026-09-18,20,XLF,volatility,^VIX,-0.4220634061009535,18,2026-09-18,2026-09-18,1.0
2026-09-18,20,XLV,equity,SPY,0.0493940636597528,18,2026-09-18,2026-09-18,1.0
2026-09-18,20,XLV,equity,QQQ,-0.1580801484822427,18,2026-09-18,2026-09-18,1.0
2026-09-18,20,XLV,equity,IWM,0.1169348893101166,18,2026-09-18,2026-09-18,1.0
2026-09-18,20,XLV,rates,TLT,0.3780978191544593,18,2026-09-18,2026-09-18,1.0
2026-09-18,20,XLV,rates,IEF,0.359295143758763,18,2026-09-18,2026-09-18,1.0
2026-09-18,20,XLV,credit,HYG,0.2104731080264217,18,2026-09-18,2026-09-18,1.0
2026-09-18,20,XLV,credit,LQD,0.3064348559444515,18,2026-09-18,2026-09-18,1.0
2026-09-18,20,XLV,commodities,USO,-0.1228195371084291,18,2026-09-18,2026-09-18,1.0
2026-09-18,20,XLV,commodities,GLD,0.0983850417450164,18,2026-09-18,2026-09-18,1.0
2026-09-18,20,XLV,fx,DX-Y.NYB,-0.0217922625359805,18,2026-09-18,2026-09-18,1.0
2026-09-18,20,XLV,fx,EURUSD=X,-0.2652155638287155,18,2026-09-18,2026-09-18,1.0
2026-09-18,20,XLV,volatility,^VIX,0.0289693253731289,18,2026-09-18,2026-09-18,1.0
2026-09-18,20,XLE,equity,SPY,-0.0445561446424698,18,2026-09-18,2026-09-18,1.0
2026-09-18,20,XLE,equity,QQQ,-0.1236027330635547,18,2026-09-18,2026-09-18,1.0
2026-09-18,20,XLE,equity,IWM,-0.2323291788214132,18,2026-09-18,2026-09-18,1.0
2026-09-18,20,XLE,rates,TLT,-0.3471404351163217,18,2026-09-18,2026-09-18,1.0
2026-09-18,20,XLE,rates,IEF,-0.1807925829431254,18,2026-09-18,2026-09-18,1.0
2026-09-18,20,XLE,credit,HYG,-0.222255139794307,18,2026-09-18,2026-09-18,1.0
2026-09-18,20,XLE,credit,LQD,-0.2460375847840018,18,2026-09-18,2026-09-18,1.0
2026-09-18,20,XLE,commodities,USO,0.6062096934522205,18,2026-09-18,2026-09-18,1.0
2026-09-18,20,XLE,commodities,GLD,-0.0338213591663875,18,2026-09-18,2026-09-18,1.0
2026-09-18,20,XLE,fx,DX-Y.NYB,-0.2712172469718971,18,2026-09-18,2026-09-18,1.0
2026-09-18,20,XLE,fx,EURUSD=X,-0.3570443406454955,18,2026-09-18,2026-09-18,1.0
2026-09-18,20,XLE,volatility,^VIX,-0.086072446742852,18,2026-09-18,2026-09-18,1.0
2026-09-18,20,XLY,equity,SPY,0.6490438227381142,18,2026-09-18,2026-09-18,1.0
2026-09-18,20,XLY,equity,QQQ,0.3985672938580575,18,2026-09-18,2026-09-18,1.0
2026-09-18,20,XLY,equity,IWM,0.3506866481680731,18,2026-09-18,2026-09-18,1.0
2026-09-18,20,XLY,rates,TLT,0.3930741637238231,18,2026-09-18,2026-09-18,1.0
2026-09-18,20,XLY,rates,IEF,0.2997470413786912,18,2026-09-18,2026-09-18,1.0
2026-09-18,20,XLY,credit,HYG,0.4769543213114121,18,2026-09-18,2026-09-18,1.0
2026-09-18,20,XLY,credit,LQD,0.3140735192019908,18,2026-09-18,2026-09-18,1.0
2026-09-18,20,XLY,commodities,USO,-0.4552685593422305,18,2026-09-18,2026-09-18,1.0
2026-09-18,20,XLY,commodities,GLD,0.2736086191361563,18,2026-09-18,2026-09-18,1.0
2026-09-18,20,XLY,fx,DX-Y.NYB,-0.2395943896418816,18,2026-09-18,2026-09-18,1.0
2026-09-18,20,XLY,fx,EURUSD=X,-0.3042652071514862,18,2026-09-18,2026-09-18,1.0
2026-09-18,20,XLY,volatility,^VIX,-0.5707141404523511,18,2026-09-18,2026-09-18,1.0
2026-09-18,20,XLP,equity,SPY,-0.0949848264036547,18,2026-09-18,2026-09-18,1.0
2026-09-18,20,XLP,equity,QQQ,-0.4294133391410066,18,2026-09-18,2026-09-18,1.0
2026-09-18,20,XLP,equity,IWM,-0.0784208404551933,18,2026-09-18,2026-09-18,1.0
2026-09-18,20,XLP,rates,TLT,0.1937025938394624,18,2026-09-18,2026-09-18,1.0
2026-09-18,20,XLP,rates,IEF,0.0545230910801821,18,2026-09-18,2026-09-18,1.0
2026-09-18,20,XLP,credit,HYG,0.0276655990398605,18,2026-09-18,2026-09-18,1.0
2026-09-18,20,XLP,credit,LQD,-0.00038906696679,18,2026-09-18,2026-09-18,1.0
2026-09-18,20,XLP,commodities,USO,-0.0552763655295854,18,2026-09-18,2026-09-18,1.0
2026-09-18,20,XLP,commodities,GLD,-0.2022577884368196,18,2026-09-18,2026-09-18,1.0
2026-09-18,20,XLP,fx,DX-Y.NYB,0.2923834321368122,18,2026-09-18,2026-09-18,1.0
2026-09-18,20,XLP,fx,EURUSD=X,-0.0056325897401148,18,2026-09-18,2026-09-18,1.0
2026-09-18,20,XLP,volatility,^VIX,0.1441656019177806,18,2026-09-18,2026-09-18,1.0
2026-09-18,20,XLI,equity,SPY,0.6183967937414315,18,2026-09-18,2026-09-18,1.0
2026-09-18,20,XLI,equity,QQQ,0.5923659280263532,18,2026-09-18,2026-09-18,1.0
2026-09-18,20,XLI,equity,IWM,0.6278121069609823,18,2026-09-18,2026-09-18,1.0
2026-09-18,20,XLI,rates,TLT,0.2743910656832822,18,2026-09-18,2026-09-18,1.0
2026-09-18,20,XLI,rates,IEF,0.2004128815193314,18,2026-09-18,2026-09-18,1.0
2026-09-18,20,XLI,credit,HYG,0.3325805818433267,18,2026-09-18,2026-09-18,1.0
2026-09-18,20,XLI,credit,LQD,0.2694478731976045,18,2026-09-18,2026-09-18,1.0
2026-09-18,20,XLI,commodities,USO,-0.4668479637746143,18,2026-09-18,2026-09-18,1.0
2026-09-18,20,XLI,commodities,GLD,0.3678203491521602,18,2026-09-18,2026-09-18,1.0
2026-09-18,20,XLI,fx,DX-Y.NYB,-0.2617970950816213,18,2026-09-18,2026-09-18,1.0
2026-09-18,20,XLI,fx,EURUSD=X,0.0572747643057099,18,2026-09-18,2026-09-18,1.0
2026-09-18,20,XLI,volatility,^VIX,-0.6756122089870552,18,2026-09-18,2026-09-18,1.0
2026-09-18,20,XLB,equity,SPY,0.4346331845116114,18,2026-09-18,2026-09-18,1.0
2026-09-18,20,XLB,equity,QQQ,0.2427909070971409,18,2026-09-18,2026-09-18,1.0
2026-09-18,20,XLB,equity,IWM,0.5986539019362658,18,2026-09-18,2026-09-18,1.0
2026-09-18,20,XLB,rates,TLT,0.5443100928467167,18,2026-09-18,2026-09-18,1.0
2026-09-18,20,XLB,rates,IEF,0.5488987517218308,18,2026-09-18,2026-09-18,1.0
2026-09-18,20,XLB,credit,HYG,0.4871844065193859,18,2026-09-18,2026-09-18,1.0
2026-09-18,20,XLB,credit,LQD,0.5640861778218937,18,2026-09-18,2026-09-18,1.0
2026-09-18,20,XLB,commodities,USO,-0.362627557797764,18,2026-09-18,2026-09-18,1.0
2026-09-18,20,XLB,commodities,GLD,0.3585893665014762,18,2026-09-18,2026-09-18,1.0
2026-09-18,20,XLB,fx,DX-Y.NYB,-0.1035638002928888,18,2026-09-18,2026-09-18,1.0
2026-09-18,20,XLB,fx,EURUSD=X,-0.3600743751996932,18,2026-09-18,2026-09-18,1.0
2026-09-18,20,XLB,volatility,^VIX,-0.598962319361724,18,2026-09-18,2026-09-18,1.0
2026-09-18,20,XLRE,equity,SPY,0.5343995213349158,18,2026-09-18,2026-09-18,1.0
2026-09-18,20,XLRE,equity,QQQ,0.2562438197077305,18,2026-09-18,2026-09-18,1.0
2026-09-18,20,XLRE,equity,IWM,0.3069169373995339,18,2026-09-18,2026-09-18,1.0
2026-09-18,20,XLRE,rates,TLT,0.5483467331571685,18,2026-09-18,2026-09-18,1.0
2026-09-18,20,XLRE,rates,IEF,0.4795444731701693,18,2026-09-18,2026-09-18,1.0
2026-09-18,20,XLRE,credit,HYG,0.4587155663541055,18,2026-09-18,2026-09-18,1.0
2026-09-18,20,XLRE,credit,LQD,0.4440172790083568,18,2026-09-18,2026-09-18,1.0
2026-09-18,20,XLRE,commodities,USO,-0.3384162923103659,18,2026-09-18,2026-09-18,1.0
2026-09-18,20,XLRE,commodities,GLD,0.3380843121646311,18,2026-09-18,2026-09-18,1.0
2026-09-18,20,XLRE,fx,DX-Y.NYB,-0.3229049527630668,18,2026-09-18,2026-09-18,1.0
2026-09-18,20,XLRE,fx,EURUSD=X,-0.193700890630101,18,2026-09-18,2026-09-18,1.0
2026-09-18,20,XLRE,volatility,^VIX,-0.4335303168864078,18,2026-09-18,2026-09-18,1.0
2026-09-18,20,XLU,equity,SPY,0.3666988957324728,18,2026-09-18,2026-09-18,1.0
2026-09-18,20,XLU,equity,QQQ,0.2100929296446493,18,2026-09-18,2026-09-18,1.0
2026-09-18,20,XLU,equity,IWM,0.4339649214079483,18,2026-09-18,2026-09-18,1.0
2026-09-18,20,XLU,rates,TLT,0.6280865210120217,18,2026-09-18,2026-09-18,1.0
2026-09-18,20,XLU,rates,IEF,0.5877139343678074,18,2026-09-18,2026-09-18,1.0
2026-09-18,20,XLU,credit,HYG,0.5158485518640648,18,2026-09-18,2026-09-18,1.0
2026-09-18,20,XLU,credit,LQD,0.5049637825744376,18,2026-09-18,2026-09-18,1.0
2026-09-18,20,XLU,commodities,USO,-0.2937541318717848,18,2026-09-18,2026-09-18,1.0
2026-09-18,20,XLU,commodities,GLD,0.2122810896091716,18,2026-09-18,2026-09-18,1.0
2026-09-18,20,XLU,fx,DX-Y.NYB,-0.179029272762792,18,2026-09-18,2026-09-18,1.0
2026-09-18,20,XLU,fx,EURUSD=X,0.1188132018674811,18,2026-09-18,2026-09-18,1.0
2026-09-18,20,XLU,volatility,^VIX,-0.2686374940506213,18,2026-09-18,2026-09-18,1.0
2026-09-18,20,XLC,equity,SPY,0.131929199451331,18,2026-09-18,2026-09-18,1.0
2026-09-18,20,XLC,equity,QQQ,-0.2219058043450236,18,2026-09-18,2026-09-18,1.0
2026-09-18,20,XLC,equity,IWM,0.1400605574559003,18,2026-09-18,2026-09-18,1.0
2026-09-18,20,XLC,rates,TLT,0.2135124282056009,18,2026-09-18,2026-09-18,1.0
2026-09-18,20,XLC,rates,IEF,0.1060277126471941,18,2026-09-18,2026-09-18,1.0
2026-09-18,20,XLC,credit,HYG,0.0613859224812062,18,2026-09-18,2026-09-18,1.0
2026-09-18,20,XLC,credit,LQD,0.0827657301415955,18,2026-09-18,2026-09-18,1.0
2026-09-18,20,XLC,commodities,USO,-0.1966016452131951,18,2026-09-18,2026-09-18,1.0
2026-09-18,20,XLC,commodities,GLD,-0.1004942145824175,18,2026-09-18,2026-09-18,1.0
2026-09-18,20,XLC,fx,DX-Y.NYB,0.0862286437957301,18,2026-09-18,2026-09-18,1.0
2026-09-18,20,XLC,fx,EURUSD=X,0.0323505739414992,18,2026-09-18,2026-09-18,1.0
2026-09-18,20,XLC,volatility,^VIX,-0.0077719630300282,18,2026-09-18,2026-09-18,1.0
2026-09-18,60,XLK,equity,SPY,0.7711852762334975,56,2026-09-18,2026-09-18,1.0
2026-09-18,60,XLK,equity,QQQ,0.9512916759166564,56,2026-09-18,2026-09-18,1.0
2026-09-18,60,XLK,equity,IWM,0.6633963459790211,56,2026-09-18,2026-09-18,1.0
2026-09-18,60,XLK,rates,TLT,0.2037167178521765,56,2026-09-18,2026-09-18,1.0
2026-09-18,60,XLK,rates,IEF,0.258483476555328,56,2026-09-18,2026-09-18,1.0
2026-09-18,60,XLK,credit,HYG,0.4783183035966977,56,2026-09-18,2026-09-18,1.0
2026-09-18,60,XLK,credit,LQD,0.3173182216758463,56,2026-09-18,2026-09-18,1.0
2026-09-18,60,XLK,commodities,USO,-0.2983710057076876,56,2026-09-18,2026-09-18,1.0
2026-09-18,60,XLK,commodities,GLD,0.299252499180236,56,2026-09-18,2026-09-18,1.0
2026-09-18,60,XLK,fx,DX-Y.NYB,-0.2389063699787711,56,2026-09-18,2026-09-18,1.0
2026-09-18,60,XLK,fx,EURUSD=X,0.0184127846396544,56,2026-09-18,2026-09-18,1.0
2026-09-18,60,XLK,volatility,^VIX,-0.5922309614416142,56,2026-09-18,2026-09-18,1.0
2026-09-18,60,XLF,equity,SPY,0.4461844230396407,56,2026-09-18,2026-09-18,1.0
2026-09-18,60,XLF,equity,QQQ,0.1041981578038973,56,2026-09-18,2026-09-18,1.0
2026-09-18,60,XLF,equity,IWM,0.3782667750384536,56,2026-09-18,2026-09-18,1.0
2026-09-18,60,XLF,rates,TLT,0.2843684692277667,56,2026-09-18,2026-09-18,1.0
2026-09-18,60,XLF,rates,IEF,0.3413325805604356,56,2026-09-18,2026-09-18,1.0
2026-09-18,60,XLF,credit,HYG,0.4114908173520701,56,2026-09-18,2026-09-18,1.0
2026-09-18,60,XLF,credit,LQD,0.3224396139216813,56,2026-09-18,2026-09-18,1.0
2026-09-18,60,XLF,commodities,USO,-0.476565051329866,56,2026-09-18,2026-09-18,1.0
2026-09-18,60,XLF,commodities,GLD,0.1492203146095437,56,2026-09-18,2026-09-18,1.0
2026-09-18,60,XLF,fx,DX-Y.NYB,-0.1244566943171514,56,2026-09-18,2026-09-18,1.0
2026-09-18,60,XLF,fx,EURUSD=X,-0.0696964249953261,56,2026-09-18,2026-09-18,1.0
2026-09-18,60,XLF,volatility,^VIX,-0.3597419123718431,56,2026-09-18,2026-09-18,1.0
2026-09-18,60,XLV,equity,SPY,-0.1021777458364679,56,2026-09-18,2026-09-18,1.0
2026-09-18,60,XLV,equity,QQQ,-0.3787039557833415,56,2026-09-18,2026-09-18,1.0
2026-09-18,60,XLV,equity,IWM,0.0217351908317967,56,2026-09-18,2026-09-18,1.0
2026-09-18,60,XLV,rates,TLT,0.3518702000212914,56,2026-09-18,2026-09-18,1.0
2026-09-18,60,XLV,rates,IEF,0.2583851380466788,56,2026-09-18,2026-09-18,1.0
2026-09-18,60,XLV,credit,HYG,0.1121331675458232,56,2026-09-18,2026-09-18,1.0
2026-09-18,60,XLV,credit,LQD,0.2341317396292165,56,2026-09-18,2026-09-18,1.0
2026-09-18,60,XLV,commodities,USO,-0.0826852982549251,56,2026-09-18,2026-09-18,1.0
2026-09-18,60,XLV,commodities,GLD,0.1220851647359252,56,2026-09-18,2026-09-18,1.0
2026-09-18,60,XLV,fx,DX-Y.NYB,-0.0559358841792862,56,2026-09-18,2026-09-18,1.0
2026-09-18,60,XLV,fx,EURUSD=X,-0.1838020760634879,56,2026-09-18,2026-09-18,1.0
2026-09-18,60,XLV,volatility,^VIX,0.0789907704936077,56,2026-09-18,2026-09-18,1.0
2026-09-18,60,XLE,equity,SPY,-0.3305825586899372,56,2026-09-18,2026-09-18,1.0
2026-09-18,60,XLE,equity,QQQ,-0.3044067823783972,56,2026-09-18,2026-09-18,1.0
2026-09-18,60,XLE,equity,IWM,-0.3992635729087183,56,2026-09-18,2026-09-18,1.0
2026-09-18,60,XLE,rates,TLT,-0.4546973137869977,56,2026-09-18,2026-09-18,1.0
2026-09-18,60,XLE,rates,IEF,-0.4190485817212823,56,2026-09-18,2026-09-18,1.0
2026-09-18,60,XLE,credit,HYG,-0.4080990864923446,56,2026-09-18,2026-09-18,1.0
2026-09-18,60,XLE,credit,LQD,-0.4610823312107519,56,2026-09-18,2026-09-18,1.0
2026-09-18,60,XLE,commodities,USO,0.7177995758669476,56,2026-09-18,2026-09-18,1.0
2026-09-18,60,XLE,commodities,GLD,-0.1942511407491647,56,2026-09-18,2026-09-18,1.0
2026-09-18,60,XLE,fx,DX-Y.NYB,0.0394875020672338,56,2026-09-18,2026-09-18,1.0
2026-09-18,60,XLE,fx,EURUSD=X,-0.0737195560810148,56,2026-09-18,2026-09-18,1.0
2026-09-18,60,XLE,volatility,^VIX,0.2403914300067803,56,2026-09-18,2026-09-18,1.0
2026-09-18,60,XLY,equity,SPY,0.6606880555786215,56,2026-09-18,2026-09-18,1.0
2026-09-18,60,XLY,equity,QQQ,0.422588247952167,56,2026-09-18,2026-09-18,1.0
2026-09-18,60,XLY,equity,IWM,0.4351609263334249,56,2026-09-18,2026-09-18,1.0
2026-09-18,60,XLY,rates,TLT,0.3395852590852953,56,2026-09-18,2026-09-18,1.0
2026-09-18,60,XLY,rates,IEF,0.3616070517476485,56,2026-09-18,2026-09-18,1.0
2026-09-18,60,XLY,credit,HYG,0.6038925973302648,56,2026-09-18,2026-09-18,1.0
2026-09-18,60,XLY,credit,LQD,0.4053391261471255,56,2026-09-18,2026-09-18,1.0
2026-09-18,60,XLY,commodities,USO,-0.5225768251931785,56,2026-09-18,2026-09-18,1.0
2026-09-18,60,XLY,commodities,GLD,0.2090042122782409,56,2026-09-18,2026-09-18,1.0
2026-09-18,60,XLY,fx,DX-Y.NYB,-0.3478496609071655,56,2026-09-18,2026-09-18,1.0
2026-09-18,60,XLY,fx,EURUSD=X,0.0854303114442916,56,2026-09-18,2026-09-18,1.0
2026-09-18,60,XLY,volatility,^VIX,-0.562975308758566,56,2026-09-18,2026-09-18,1.0
2026-09-18,60,XLP,equity,SPY,-0.1231234899243558,56,2026-09-18,2026-09-18,1.0
2026-09-18,60,XLP,equity,QQQ,-0.4235092478762604,56,2026-09-18,2026-09-18,1.0
2026-09-18,60,XLP,equity,IWM,-0.0991572595534815,56,2026-09-18,2026-09-18,1.0
2026-09-18,60,XLP,rates,TLT,0.2850584155210124,56,2026-09-18,2026-09-18,1.0
2026-09-18,60,XLP,rates,IEF,0.2240318133899656,56,2026-09-18,2026-09-18,1.0
2026-09-18,60,XLP,credit,HYG,0.1215946143530078,56,2026-09-18,2026-09-18,1.0
2026-09-18,60,XLP,credit,LQD,0.1962280752237919,56,2026-09-18,2026-09-18,1.0
2026-09-18,60,XLP,commodities,USO,-0.2382981165084983,56,2026-09-18,2026-09-18,1.0
2026-09-18,60,XLP,commodities,GLD,-0.1448746738074076,56,2026-09-18,2026-09-18,1.0
2026-09-18,60,XLP,fx,DX-Y.NYB,0.0666626854495436,56,2026-09-18,2026-09-18,1.0
2026-09-18,60,XLP,fx,EURUSD=X,-0.2368277074863684,56,2026-09-18,2026-09-18,1.0
2026-09-18,60,XLP,volatility,^VIX,0.1685979836710822,56,2026-09-18,2026-09-18,1.0
2026-09-18,60,XLI,equity,SPY,0.6356457757462523,56,2026-09-18,2026-09-18,1.0
2026-09-18,60,XLI,equity,QQQ,0.577540791914906,56,2026-09-18,2026-09-18,1.0
2026-09-18,60,XLI,equity,IWM,0.6563846100833325,56,2026-09-18,2026-09-18,1.0
2026-09-18,60,XLI,rates,TLT,0.2924455618287022,56,2026-09-18,2026-09-18,1.0
2026-09-18,60,XLI,rates,IEF,0.2812841060518518,56,2026-09-18,2026-09-18,1.0
2026-09-18,60,XLI,credit,HYG,0.3853318988152567,56,2026-09-18,2026-09-18,1.0
2026-09-18,60,XLI,credit,LQD,0.3089995768873541,56,2026-09-18,2026-09-18,1.0
2026-09-18,60,XLI,commodities,USO,-0.4491071403144881,56,2026-09-18,2026-09-18,1.0
2026-09-18,60,XLI,commodities,GLD,0.1448438691551249,56,2026-09-18,2026-09-18,1.0
2026-09-18,60,XLI,fx,DX-Y.NYB,-0.073762647351035,56,2026-09-18,2026-09-18,1.0
2026-09-18,60,XLI,fx,EURUSD=X,0.0821829050442837,56,2026-09-18,2026-09-18,1.0
2026-09-18,60,XLI,volatility,^VIX,-0.4733775348027996,56,2026-09-18,2026-09-18,1.0
2026-09-18,60,XLB,equity,SPY,0.2764794036834427,56,2026-09-18,2026-09-18,1.0
2026-09-18,60,XLB,equity,QQQ,0.0610028139724951,56,2026-09-18,2026-09-18,1.0
2026-09-18,60,XLB,equity,IWM,0.4468272685522928,56,2026-09-18,2026-09-18,1.0
2026-09-18,60,XLB,rates,TLT,0.3891968622604365,56,2026-09-18,2026-09-18,1.0
2026-09-18,60,XLB,rates,IEF,0.4208771748942907,56,2026-09-18,2026-09-18,1.0
2026-09-18,60,XLB,credit,HYG,0.3770310035988421,56,2026-09-18,2026-09-18,1.0
2026-09-18,60,XLB,credit,LQD,0.3661899772846618,56,2026-09-18,2026-09-18,1.0
2026-09-18,60,XLB,commodities,USO,-0.4269621226409624,56,2026-09-18,2026-09-18,1.0
2026-09-18,60,XLB,commodities,GLD,0.4591036022221685,56,2026-09-18,2026-09-18,1.0
2026-09-18,60,XLB,fx,DX-Y.NYB,-0.1856337788014417,56,2026-09-18,2026-09-18,1.0
2026-09-18,60,XLB,fx,EURUSD=X,-0.1883811916673773,56,2026-09-18,2026-09-18,1.0
2026-09-18,60,XLB,volatility,^VIX,-0.2951947845584039,56,2026-09-18,2026-09-18,1.0
2026-09-18,60,XLRE,equity,SPY,0.014364004500247,56,2026-09-18,2026-09-18,1.0
2026-09-18,60,XLRE,equity,QQQ,-0.2562788287079231,56,2026-09-18,2026-09-18,1.0
2026-09-18,60,XLRE,equity,IWM,0.091058482350644,56,2026-09-18,2026-09-18,1.0
2026-09-18,60,XLRE,rates,TLT,0.3178871649048887,56,2026-09-18,2026-09-18,1.0
2026-09-18,60,XLRE,rates,IEF,0.3618208242108442,56,2026-09-18,2026-09-18,1.0
2026-09-18,60,XLRE,credit,HYG,0.2438187923946347,56,2026-09-18,2026-09-18,1.0
2026-09-18,60,XLRE,credit,LQD,0.2629812776288795,56,2026-09-18,2026-09-18,1.0
2026-09-18,60,XLRE,commodities,USO,-0.2199511852721812,56,2026-09-18,2026-09-18,1.0
2026-09-18,60,XLRE,commodities,GLD,0.05567833760815,56,2026-09-18,2026-09-18,1.0
2026-09-18,60,XLRE,fx,DX-Y.NYB,-0.0740232559216311,56,2026-09-18,2026-09-18,1.0
2026-09-18,60,XLRE,fx,EURUSD=X,-0.1936960781510635,56,2026-09-18,2026-09-18,1.0
2026-09-18,60,XLRE,volatility,^VIX,0.0342476627410055,56,2026-09-18,2026-09-18,1.0
2026-09-18,60,XLU,equity,SPY,0.0092828409136634,56,2026-09-18,2026-09-18,1.0
2026-09-18,60,XLU,equity,QQQ,-0.1036820551316562,56,2026-09-18,2026-09-18,1.0
2026-09-18,60,XLU,equity,IWM,0.0527479118186994,56,2026-09-18,2026-09-18,1.0
2026-09-18,60,XLU,rates,TLT,0.2816512434320987,56,2026-09-18,2026-09-18,1.0
2026-09-18,60,XLU,rates,IEF,0.2689513518654016,56,2026-09-18,2026-09-18,1.0
2026-09-18,60,XLU,credit,HYG,0.16556754937148,56,2026-09-18,2026-09-18,1.0
2026-09-18,60,XLU,credit,LQD,0.1997034542600805,56,2026-09-18,2026-09-18,1.0
2026-09-18,60,XLU,commodities,USO,0.0244246898146263,56,2026-09-18,2026-09-18,1.0
2026-09-18,60,XLU,commodities,GLD,-0.0225740057446303,56,2026-09-18,2026-09-18,1.0
2026-09-18,60,XLU,fx,DX-Y.NYB,-0.0400951430290837,56,2026-09-18,2026-09-18,1.0
2026-09-18,60,XLU,fx,EURUSD=X,-0.2116848476803276,56,2026-09-18,2026-09-18,1.0
2026-09-18,60,XLU,volatility,^VIX,-0.039997639016568,56,2026-09-18,2026-09-18,1.0
2026-09-18,60,XLC,equity,SPY,0.3356821677451361,56,2026-09-18,2026-09-18,1.0
2026-09-18,60,XLC,equity,QQQ,0.0550686061114254,56,2026-09-18,2026-09-18,1.0
2026-09-18,60,XLC,equity,IWM,0.1903643749025524,56,2026-09-18,2026-09-18,1.0
2026-09-18,60,XLC,rates,TLT,0.206001591921574,56,2026-09-18,2026-09-18,1.0
2026-09-18,60,XLC,rates,IEF,0.2217889252340448,56,2026-09-18,2026-09-18,1.0
2026-09-18,60,XLC,credit,HYG,0.3345751527423418,56,2026-09-18,2026-09-18,1.0
2026-09-18,60,XLC,credit,LQD,0.2351684422259811,56,2026-09-18,2026-09-18,1.0
2026-09-18,60,XLC,commodities,USO,-0.3883640978754,56,2026-09-18,2026-09-18,1.0
2026-09-18,60,XLC,commodities,GLD,-0.1077693110694242,56,2026-09-18,2026-09-18,1.0
2026-09-18,60,XLC,fx,DX-Y.NYB,0.0167218815593097,56,2026-09-18,2026-09-18,1.0
2026-09-18,60,XLC,fx,EURUSD=X,-0.0565809629706493,56,2026-09-18,2026-09-18,1.0
2026-09-18,60,XLC,volatility,^VIX,-0.1209082347839253,56,2026-09-18,2026-09-18,1.0
2026-09-23,20,XLK,equity,SPY,0.8159339228245026,16,2026-09-23,2026-09-23,1.0
2026-09-23,20,XLK,equity,QQQ,0.931558568360206,16,2026-09-23,2026-09-23,1.0
2026-09-23,20,XLK,equity,IWM,0.6580464816000489,16,2026-09-23,2026-09-23,1.0
2026-09-23,20,XLK,rates,TLT,0.5452181832928833,16,2026-09-23,2026-09-23,1.0
2026-09-23,20,XLK,rates,IEF,0.6247377307813275,16,2026-09-23,2026-09-23,1.0
2026-09-23,20,XLK,credit,HYG,0.6730754591987416,16,2026-09-23,2026-09-23,1.0
2026-09-23,20,XLK,credit,LQD,0.6224701769345092,16,2026-09-23,2026-09-23,1.0
2026-09-23,20,XLK,commodities,USO,-0.484380046130761,16,2026-09-23,2026-09-23,1.0
2026-09-23,20,XLK,commodities,GLD,0.611965721025899,16,2026-09-23,2026-09-23,1.0
2026-09-23,20,XLK,fx,DX-Y.NYB,-0.4596410062936429,16,2026-09-23,2026-09-23,1.0
2026-09-23,20,XLK,fx,EURUSD=X,-0.2586535775606517,16,2026-09-23,2026-09-23,1.0
2026-09-23,20,XLK,volatility,^VIX,-0.6479071458221778,16,2026-09-23,2026-09-23,1.0
2026-09-23,20,XLF,equity,SPY,0.5690827064641446,18,2026-09-23,2026-09-23,1.0
2026-09-23,20,XLF,equity,QQQ,0.2801636840987151,18,2026-09-23,2026-09-23,1.0
2026-09-23,20,XLF,equity,IWM,0.2387947032532004,18,2026-09-23,2026-09-23,1.0
2026-09-23,20,XLF,rates,TLT,0.1733255722620198,18,2026-09-23,2026-09-23,1.0
2026-09-23,20,XLF,rates,IEF,0.2360108156859788,16,2026-09-23,2026-09-23,1.0
2026-09-23,20,XLF,credit,HYG,0.2514852146528922,16,2026-09-23,2026-09-23,1.0
2026-09-23,20,XLF,credit,LQD,0.1904497599534978,16,2026-09-23,2026-09-23,1.0
2026-09-23,20,XLF,commodities,USO,-0.0358702230158617,18,2026-09-23,2026-09-23,1.0
2026-09-23,20,XLF,commodities,GLD,0.2891262139832781,18,2026-09-23,2026-09-23,1.0
2026-09-23,20,XLF,fx,DX-Y.NYB,-0.5414404636197448,16,2026-09-23,2026-09-23,1.0
2026-09-23,20,XLF,fx,EURUSD=X,-0.0709345350719862,18,2026-09-23,2026-09-23,1.0
2026-09-23,20,XLF,volatility,^VIX,-0.5454233814270473,16,2026-09-23,2026-09-23,1.0
2026-09-23,20,XLV,equity,SPY,0.1826974345315317,16,2026-09-23,2026-09-23,1.0
2026-09-23,20,XLV,equity,QQQ,0.0299823454671662,16,2026-09-23,2026-09-23,1.0
2026-09-23,20,XLV,equity,IWM,0.1871272679037428,16,2026-09-23,2026-09-23,1.0
2026-09-23,20,XLV,rates,TLT,0.4389661223304736,16,2026-09-23,2026-09-23,1.0
2026-09-23,20,XLV,rates,IEF,0.413428505981236,16,2026-09-23,2026-09-23,1.0
2026-09-23,20,XLV,credit,HYG,0.2688563755931751,16,2026-09-23,2026-09-23,1.0
2026-09-23,20,XLV,credit,LQD,0.3577366883540415,16,2026-09-23,2026-09-23,1.0
2026-09-23,20,XLV,commodities,USO,-0.1730189557511484,16,2026-09-23,2026-09-23,1.0
2026-09-23,20,XLV,commodities,GLD,-0.0185583354014036,16,2026-09-23,2026-09-23,1.0
2026-09-23,20,XLV,fx,DX-Y.NYB,0.0706758797115076,16,2026-09-23,2026-09-23,1.0
2026-09-23,20,XLV,fx,EURUSD=X,-0.1788974962094552,16,2026-09-23,2026-09-23,1.0
2026-09-23,20,XLV,volatility,^VIX,0.0328244103755781,16,2026-09-23,2026-09-23,1.0
2026-09-23,20,XLE,equity,SPY,-0.2774065851270469,18,2026-09-23,2026-09-23,1.0
2026-09-23,20,XLE,equity,QQQ,-0.4140345583461773,18,2026-09-23,2026-09-23,1.0
2026-09-23,20,XLE,equity,IWM,-0.3700257760775891,18,2026-09-23,2026-09-23,1.0
2026-09-23,20,XLE,rates,TLT,-0.3479744592042529,18,2026-09-23,2026-09-23,1.0
2026-09-23,20,XLE,rates,IEF,-0.1532223241245292,16,2026-09-23,2026-09-23,1.0
2026-09-23,20,XLE,credit,HYG,-0.2039393033619276,16,2026-09-23,2026-09-23,1.0
2026-09-23,20,XLE,credit,LQD,-0.2052038860352648,16,2026-09-23,2026-09-23,1.0
2026-09-23,20,XLE,commodities,USO,0.6443959029394202,18,2026-09-23,2026-09-23,1.0
2026-09-23,20,XLE,commodities,GLD,0.0095172808015845,18,2026-09-23,2026-09-23,1.0
2026-09-23,20,XLE,fx,DX-Y.NYB,-0.3582329838870247,16,2026-09-23,2026-09-23,1.0
2026-09-23,20,XLE,fx,EURUSD=X,-0.4073237566239248,18,2026-09-23,2026-09-23,1.0
2026-09-23,20,XLE,volatility,^VIX,-0.0897696338810854,16,2026-09-23,2026-09-23,1.0
2026-09-23,20,XLY,equity,SPY,0.7350962978316821,16,2026-09-23,2026-09-23,1.0
2026-09-23,20,XLY,equity,QQQ,0.5701297657307824,16,2026-09-23,2026-09-23,1.0
2026-09-23,20,XLY,equity,IWM,0.4487017304284304,16,2026-09-23,2026-09-23,1.0
2026-09-23,20,XLY,rates,TLT,0.513191534707372,16,2026-09-23,2026-09-23,1.0
2026-09-23,20,XLY,rates,IEF,0.4197048181510127,16,2026-09-23,2026-09-23,1.0
2026-09-23,20,XLY,credit,HYG,0.5695487583110317,16,2026-09-23,2026-09-23,1.0
2026-09-23,20,XLY,credit,LQD,0.4139089244759085,16,2026-09-23,2026-09-23,1.0
2026-09-23,20,XLY,commodities,USO,-0.5817029378343247,16,2026-09-23,2026-09-23,1.0
2026-09-23,20,XLY,commodities,GLD,0.1978798785347421,16,2026-09-23,2026-09-23,1.0
2026-09-23,20,XLY,fx,DX-Y.NYB,-0.1949230396771384,16,2026-09-23,2026-09-23,1.0
2026-09-23,20,XLY,fx,EURUSD=X,-0.2295694802127403,16,2026-09-23,2026-09-23,1.0
2026-09-23,20,XLY,volatility,^VIX,-0.5623715544011162,16,2026-09-23,2026-09-23,1.0
2026-09-23,20,XLP,equity,SPY,-0.0261408465866749,16,2026-09-23,2026-09-23,1.0
2026-09-23,20,XLP,equity,QQQ,-0.2782693571952604,16,2026-09-23,2026-09-23,1.0
2026-09-23,20,XLP,equity,IWM,0.051841156155639,16,2026-09-23,2026-09-23,1.0
2026-09-23,20,XLP,rates,TLT,0.1967046903119816,16,2026-09-23,2026-09-23,1.0
2026-09-23,20,XLP,rates,IEF,0.0306693709461784,16,2026-09-23,2026-09-23,1.0
2026-09-23,20,XLP,credit,HYG,0.0009141932851208,16,2026-09-23,2026-09-23,1.0
2026-09-23,20,XLP,credit,LQD,-0.0175948559303034,16,2026-09-23,2026-09-23,1.0
2026-09-23,20,XLP,commodities,USO,-0.0341024457502421,16,2026-09-23,2026-09-23,1.0
2026-09-23,20,XLP,commodities,GLD,-0.3570687741622075,16,2026-09-23,2026-09-23,1.0
2026-09-23,20,XLP,fx,DX-Y.NYB,0.2622223349656472,16,2026-09-23,2026-09-23,1.0
2026-09-23,20,XLP,fx,EURUSD=X,-0.0504148020794438,16,2026-09-23,2026-09-23,1.0
2026-09-23,20,XLP,volatility,^VIX,0.0262322409124592,16,2026-09-23,2026-09-23,1.0
2026-09-23,20,XLI,equity,SPY,0.6763263424832565,16,2026-09-23,2026-09-23,1.0
2026-09-23,20,XLI,equity,QQQ,0.6392617192269121,16,2026-09-23,2026-09-23,1.0
2026-09-23,20,XLI,equity,IWM,0.6933545634917901,16,2026-09-23,2026-09-23,1.0
2026-09-23,20,XLI,rates,TLT,0.4805048292940418,16,2026-09-23,2026-09-23,1.0
2026-09-23,20,XLI,rates,IEF,0.3810978685244864,16,2026-09-23,2026-09-23,1.0
2026-09-23,20,XLI,credit,HYG,0.4532613729180337,16,2026-09-23,2026-09-23,1.0
2026-09-23,20,XLI,credit,LQD,0.4130487271599261,16,2026-09-23,2026-09-23,1.0
2026-09-23,20,XLI,commodities,USO,-0.6575765731612931,16,2026-09-23,2026-09-23,1.0
2026-09-23,20,XLI,commodities,GLD,0.5084980444588582,16,2026-09-23,2026-09-23,1.0
2026-09-23,20,XLI,fx,DX-Y.NYB,-0.3111551651694048,16,2026-09-23,2026-09-23,1.0
2026-09-23,20,XLI,fx,EURUSD=X,0.030001348643946,16,2026-09-23,2026-09-23,1.0
2026-09-23,20,XLI,volatility,^VIX,-0.693721059633451,16,2026-09-23,2026-09-23,1.0
2026-09-23,20,XLB,equity,SPY,0.4337824485457362,16,2026-09-23,2026-09-23,1.0
2026-09-23,20,XLB,equity,QQQ,0.2819769482989256,16,2026-09-23,2026-09-23,1.0
2026-09-23,20,XLB,equity,IWM,0.6204774873715561,16,2026-09-23,2026-09-23,1.0
2026-09-23,20,XLB,rates,TLT,0.5698583367452886,16,2026-09-23,2026-09-23,1.0
2026-09-23,20,XLB,rates,IEF,0.5640982296395182,16,2026-09-23,2026-09-23,1.0
2026-09-23,20,XLB,credit,HYG,0.4747237566651284,16,2026-09-23,2026-09-23,1.0
2026-09-23,20,XLB,credit,LQD,0.5756553255599883,16,2026-09-23,2026-09-23,1.0
2026-09-23,20,XLB,commodities,USO,-0.3459094203566657,16,2026-09-23,2026-09-23,1.0
2026-09-23,20,XLB,commodities,GLD,0.3808018932588781,16,2026-09-23,2026-09-23,1.0
2026-09-23,20,XLB,fx,DX-Y.NYB,-0.1168213184260828,16,2026-09-23,2026-09-23,1.0
2026-09-23,20,XLB,fx,EURUSD=X,-0.390311994011002,16,2026-09-23,2026-09-23,1.0
2026-09-23,20,XLB,volatility,^VIX,-0.6341342473801733,16,2026-09-23,2026-09-23,1.0
2026-09-23,20,XLRE,equity,SPY,0.7030026540234582,16,2026-09-23,2026-09-23,1.0
2026-09-23,20,XLRE,equity,QQQ,0.5485183355292628,16,2026-09-23,2026-09-23,1.0
2026-09-23,20,XLRE,equity,IWM,0.4269264331379005,16,2026-09-23,2026-09-23,1.0
2026-09-23,20,XLRE,rates,TLT,0.5787593661077853,16,2026-09-23,2026-09-23,1.0
2026-09-23,20,XLRE,rates,IEF,0.5250402839230984,16,2026-09-23,2026-09-23,1.0
2026-09-23,20,XLRE,credit,HYG,0.488015151364731,16,2026-09-23,2026-09-23,1.0
2026-09-23,20,XLRE,credit,LQD,0.4710745217240794,16,2026-09-23,2026-09-23,1.0
2026-09-23,20,XLRE,commodities,USO,-0.3908928868285283,16,2026-09-23,2026-09-23,1.0
2026-09-23,20,XLRE,commodities,GLD,0.2149490437130695,16,2026-09-23,2026-09-23,1.0
2026-09-23,20,XLRE,fx,DX-Y.NYB,-0.2662315384148243,16,2026-09-23,2026-09-23,1.0
2026-09-23,20,XLRE,fx,EURUSD=X,-0.1235392047514974,16,2026-09-23,2026-09-23,1.0
2026-09-23,20,XLRE,volatility,^VIX,-0.4578753990418145,16,2026-09-23,2026-09-23,1.0
2026-09-23,20,XLU,equity,SPY,0.4026890746944765,16,2026-09-23,2026-09-23,1.0
2026-09-23,20,XLU,equity,QQQ,0.3032548649928682,16,2026-09-23,2026-09-23,1.0
2026-09-23,20,XLU,equity,IWM,0.5030878459342051,16,2026-09-23,2026-09-23,1.0
2026-09-23,20,XLU,rates,TLT,0.5893309036545448,16,2026-09-23,2026-09-23,1.0
2026-09-23,20,XLU,rates,IEF,0.5449233394489907,16,2026-09-23,2026-09-23,1.0
2026-09-23,20,XLU,credit,HYG,0.4510625118417861,16,2026-09-23,2026-09-23,1.0
2026-09-23,20,XLU,credit,LQD,0.4513054611454001,16,2026-09-23,2026-09-23,1.0
2026-09-23,20,XLU,commodities,USO,-0.1725402303789766,16,2026-09-23,2026-09-23,1.0
2026-09-23,20,XLU,commodities,GLD,0.2196269601242153,16,2026-09-23,2026-09-23,1.0
2026-09-23,20,XLU,fx,DX-Y.NYB,-0.2525948196001687,16,2026-09-23,2026-09-23,1.0
2026-09-23,20,XLU,fx,EURUSD=X,0.0760380025438638,16,2026-09-23,2026-09-23,1.0
2026-09-23,20,XLU,volatility,^VIX,-0.3719809747164045,16,2026-09-23,2026-09-23,1.0
2026-09-23,20,XLC,equity,SPY,0.4373694241033646,16,2026-09-23,2026-09-23,1.0
2026-09-23,20,XLC,equity,QQQ,0.2795656121343006,16,2026-09-23,2026-09-23,1.0
2026-09-23,20,XLC,equity,IWM,0.2738358520259672,16,2026-09-23,2026-09-23,1.0
2026-09-23,20,XLC,rates,TLT,0.3074843200344926,16,2026-09-23,2026-09-23,1.0
2026-09-23,20,XLC,rates,IEF,0.2466081532976543,16,2026-09-23,2026-09-23,1.0
2026-09-23,20,XLC,credit,HYG,0.1763730978664275,16,2026-09-23,2026-09-23,1.0
2026-09-23,20,XLC,credit,LQD,0.182103245125024,16,2026-09-23,2026-09-23,1.0
2026-09-23,20,XLC,commodities,USO,-0.3399627572036543,16,2026-09-23,2026-09-23,1.0
2026-09-23,20,XLC,commodities,GLD,-0.1902617089231836,16,2026-09-23,2026-09-23,1.0
2026-09-23,20,XLC,fx,DX-Y.NYB,0.1501811528411032,16,2026-09-23,2026-09-23,1.0
2026-09-23,20,XLC,fx,EURUSD=X,0.1237130017087387,16,2026-09-23,2026-09-23,1.0
2026-09-23,20,XLC,volatility,^VIX,-0.0025282413947872,16,2026-09-23,2026-09-23,1.0
2026-09-23,60,XLK,equity,SPY,0.7809810851173303,54,2026-09-23,2026-09-23,1.0
2026-09-23,60,XLK,equity,QQQ,0.949497834802863,54,2026-09-23,2026-09-23,1.0
2026-09-23,60,XLK,equity,IWM,0.6844449218973839,54,2026-09-23,2026-09-23,1.0
2026-09-23,60,XLK,rates,TLT,0.2695768190558578,54,2026-09-23,2026-09-23,1.0
2026-09-23,60,XLK,rates,IEF,0.3308750344076394,54,2026-09-23,2026-09-23,1.0
2026-09-23,60,XLK,credit,HYG,0.5033642880873185,54,2026-09-23,2026-09-23,1.0
2026-09-23,60,XLK,credit,LQD,0.3809612986433136,54,2026-09-23,2026-09-23,1.0
2026-09-23,60,XLK,commodities,USO,-0.3716154975226178,54,2026-09-23,2026-09-23,1.0
2026-09-23,60,XLK,commodities,GLD,0.330672524549773,54,2026-09-23,2026-09-23,1.0
2026-09-23,60,XLK,fx,DX-Y.NYB,-0.1968188548191044,54,2026-09-23,2026-09-23,1.0
2026-09-23,60,XLK,fx,EURUSD=X,-0.0360593079158075,54,2026-09-23,2026-09-23,1.0
2026-09-23,60,XLK,volatility,^VIX,-0.5683443086955445,54,2026-09-23,2026-09-23,1.0
2026-09-23,60,XLF,equity,SPY,0.4924638084363357,56,2026-09-23,2026-09-23,1.0
2026-09-23,60,XLF,equity,QQQ,0.15996776990265,56,2026-09-23,2026-09-23,1.0
2026-09-23,60,XLF,equity,IWM,0.3789581039116317,56,2026-09-23,2026-09-23,1.0
2026-09-23,60,XLF,rates,TLT,0.3447521662632914,56,2026-09-23,2026-09-23,1.0
2026-09-23,60,XLF,rates,IEF,0.3999130952698821,54,2026-09-23,2026-09-23,1.0
2026-09-23,60,XLF,credit,HYG,0.4449641990629813,54,2026-09-23,2026-09-23,1.0
2026-09-23,60,XLF,credit,LQD,0.368819037593955,54,2026-09-23,2026-09-23,1.0
2026-09-23,60,XLF,commodities,USO,-0.3945751661065725,56,2026-09-23,2026-09-23,1.0
2026-09-23,60,XLF,commodities,GLD,0.1401145338053256,56,2026-09-23,2026-09-23,1.0
2026-09-23,60,XLF,fx,DX-Y.NYB,-0.1571363106198035,54,2026-09-23,2026-09-23,1.0
2026-09-23,60,XLF,fx,EURUSD=X,-0.0247449020274943,56,2026-09-23,2026-09-23,1.0
2026-09-23,60,XLF,volatility,^VIX,-0.4009991906600492,54,2026-09-23,2026-09-23,1.0
2026-09-23,60,XLV,equity,SPY,-0.0617855089597257,54,2026-09-23,2026-09-23,1.0
2026-09-23,60,XLV,equity,QQQ,-0.3317834765595681,54,2026-09-23,2026-09-23,1.0
2026-09-23,60,XLV,equity,IWM,0.0486024651474644,54,2026-09-23,2026-09-23,1.0
2026-09-23,60,XLV,rates,TLT,0.339571163385602,54,2026-09-23,2026-09-23,1.0
2026-09-23,60,XLV,rates,IEF,0.2439079925504592,54,2026-09-23,2026-09-23,1.0
2026-09-23,60,XLV,credit,HYG,0.1173984489519966,54,2026-09-23,2026-09-23,1.0
2026-09-23,60,XLV,credit,LQD,0.2177560161509291,54,2026-09-23,2026-09-23,1.0
2026-09-23,60,XLV,commodities,USO,-0.0990934704877951,54,2026-09-23,2026-09-23,1.0
2026-09-23,60,XLV,commodities,GLD,0.1153765177945743,54,2026-09-23,2026-09-23,1.0
2026-09-23,60,XLV,fx,DX-Y.NYB,-0.0458215092686769,54,2026-09-23,2026-09-23,1.0
2026-09-23,60,XLV,fx,EURUSD=X,-0.1597613519983985,54,2026-09-23,2026-09-23,1.0
2026-09-23,60,XLV,volatility,^VIX,0.0567573440637569,54,2026-09-23,2026-09-23,1.0
2026-09-23,60,XLE,equity,SPY,-0.3645349830911382,56,2026-09-23,2026-09-23,1.0
2026-09-23,60,XLE,equity,QQQ,-0.3642224348737113,56,2026-09-23,2026-09-23,1.0
2026-09-23,60,XLE,equity,IWM,-0.421219498716551,56,2026-09-23,2026-09-23,1.0
2026-09-23,60,XLE,rates,TLT,-0.5241176888606813,56,2026-09-23,2026-09-23,1.0
2026-09-23,60,XLE,rates,IEF,-0.4928919186722895,54,2026-09-23,2026-09-23,1.0
2026-09-23,60,XLE,credit,HYG,-0.4304826239639994,54,2026-09-23,2026-09-23,1.0
2026-09-23,60,XLE,credit,LQD,-0.5215220344621692,54,2026-09-23,2026-09-23,1.0
2026-09-23,60,XLE,commodities,USO,0.7373433032425695,56,2026-09-23,2026-09-23,1.0
2026-09-23,60,XLE,commodities,GLD,-0.1910242099274992,56,2026-09-23,2026-09-23,1.0
2026-09-23,60,XLE,fx,DX-Y.NYB,0.0180313183116721,54,2026-09-23,2026-09-23,1.0
2026-09-23,60,XLE,fx,EURUSD=X,-0.0494883916125508,56,2026-09-23,2026-09-23,1.0
2026-09-23,60,XLE,volatility,^VIX,0.2146935231699914,54,2026-09-23,2026-09-23,1.0
2026-09-23,60,XLY,equity,SPY,0.6512121604894907,54,2026-09-23,2026-09-23,1.0
2026-09-23,60,XLY,equity,QQQ,0.4265688282321765,54,2026-09-23,2026-09-23,1.0
2026-09-23,60,XLY,equity,IWM,0.4731302484719791,54,2026-09-23,2026-09-23,1.0
2026-09-23,60,XLY,rates,TLT,0.3884286301372864,54,2026-09-23,2026-09-23,1.0
2026-09-23,60,XLY,rates,IEF,0.4050425020105858,54,2026-09-23,2026-09-23,1.0
2026-09-23,60,XLY,credit,HYG,0.6005879739807081,54,2026-09-23,2026-09-23,1.0
2026-09-23,60,XLY,credit,LQD,0.4316673976404759,54,2026-09-23,2026-09-23,1.0
2026-09-23,60,XLY,commodities,USO,-0.5580951577840265,54,2026-09-23,2026-09-23,1.0
2026-09-23,60,XLY,commodities,GLD,0.2382397878186668,54,2026-09-23,2026-09-23,1.0
2026-09-23,60,XLY,fx,DX-Y.NYB,-0.3248655773884744,54,2026-09-23,2026-09-23,1.0
2026-09-23,60,XLY,fx,EURUSD=X,0.0640552755836912,54,2026-09-23,2026-09-23,1.0
2026-09-23,60,XLY,volatility,^VIX,-0.5604535058025123,54,2026-09-23,2026-09-23,1.0
2026-09-23,60,XLP,equity,SPY,-0.0979405485576914,54,2026-09-23,2026-09-23,1.0
2026-09-23,60,XLP,equity,QQQ,-0.40021817871177,54,2026-09-23,2026-09-23,1.0
2026-09-23,60,XLP,equity,IWM,-0.0876387801065103,54,2026-09-23,2026-09-23,1.0
2026-09-23,60,XLP,rates,TLT,0.2450207850604589,54,2026-09-23,2026-09-23,1.0
2026-09-23,60,XLP,rates,IEF,0.1812220949968468,54,2026-09-23,2026-09-23,1.0
2026-09-23,60,XLP,credit,HYG,0.1192977662306905,54,2026-09-23,2026-09-23,1.0
2026-09-23,60,XLP,credit,LQD,0.159223401034014,54,2026-09-23,2026-09-23,1.0
2026-09-23,60,XLP,commodities,USO,-0.2362510630310612,54,2026-09-23,2026-09-23,1.0
2026-09-23,60,XLP,commodities,GLD,-0.1573983409517463,54,2026-09-23,2026-09-23,1.0
2026-09-23,60,XLP,fx,DX-Y.NYB,0.0622139066019668,54,2026-09-23,2026-09-23,1.0
2026-09-23,60,XLP,fx,EURUSD=X,-0.207871821523617,54,2026-09-23,2026-09-23,1.0
2026-09-23,60,XLP,volatility,^VIX,0.1395174609659446,54,2026-09-23,2026-09-23,1.0
2026-09-23,60,XLI,equity,SPY,0.61433199935529,54,2026-09-23,2026-09-23,1.0
2026-09-23,60,XLI,equity,QQQ,0.5362852451097193,54,2026-09-23,2026-09-23,1.0
2026-09-23,60,XLI,equity,IWM,0.6683043464247231,54,2026-09-23,2026-09-23,1.0
2026-09-23,60,XLI,rates,TLT,0.3547988123080769,54,2026-09-23,2026-09-23,1.0
2026-09-23,60,XLI,rates,IEF,0.3380954451945265,54,2026-09-23,2026-09-23,1.0
2026-09-23,60,XLI,credit,HYG,0.3948402919334003,54,2026-09-23,2026-09-23,1.0
2026-09-23,60,XLI,credit,LQD,0.3605345667060967,54,2026-09-23,2026-09-23,1.0
2026-09-23,60,XLI,commodities,USO,-0.4917707614200545,54,2026-09-23,2026-09-23,1.0
2026-09-23,60,XLI,commodities,GLD,0.1740541581380644,54,2026-09-23,2026-09-23,1.0
2026-09-23,60,XLI,fx,DX-Y.NYB,-0.0504661853167664,54,2026-09-23,2026-09-23,1.0
2026-09-23,60,XLI,fx,EURUSD=X,0.0343531879004564,54,2026-09-23,2026-09-23,1.0
2026-09-23,60,XLI,volatility,^VIX,-0.4514157569218701,54,2026-09-23,2026-09-23,1.0
2026-09-23,60,XLB,equity,SPY,0.3482085422489566,54,2026-09-23,2026-09-23,1.0
2026-09-23,60,XLB,equity,QQQ,0.119186136656588,54,2026-09-23,2026-09-23,1.0
2026-09-23,60,XLB,equity,IWM,0.4491377647630955,54,2026-09-23,2026-09-23,1.0
2026-09-23,60,XLB,rates,TLT,0.4351138091743505,54,2026-09-23,2026-09-23,1.0
2026-09-23,60,XLB,rates,IEF,0.4551428898071499,54,2026-09-23,2026-09-23,1.0
2026-09-23,60,XLB,credit,HYG,0.4276109657379329,54,2026-09-23,2026-09-23,1.0
2026-09-23,60,XLB,credit,LQD,0.4114523598135072,54,2026-09-23,2026-09-23,1.0
2026-09-23,60,XLB,commodities,USO,-0.4179471037458264,54,2026-09-23,2026-09-23,1.0
2026-09-23,60,XLB,commodities,GLD,0.4443316311306526,54,2026-09-23,2026-09-23,1.0
2026-09-23,60,XLB,fx,DX-Y.NYB,-0.2230910912710738,54,2026-09-23,2026-09-23,1.0
2026-09-23,60,XLB,fx,EURUSD=X,-0.1792489130646719,54,2026-09-23,2026-09-23,1.0
2026-09-23,60,XLB,volatility,^VIX,-0.3213167518032157,54,2026-09-23,2026-09-23,1.0
2026-09-23,60,XLRE,equity,SPY,0.140260158597483,54,2026-09-23,2026-09-23,1.0
2026-09-23,60,XLRE,equity,QQQ,-0.1248257905945022,54,2026-09-23,2026-09-23,1.0
2026-09-23,60,XLRE,equity,IWM,0.140966253675836,54,2026-09-23,2026-09-23,1.0
2026-09-23,60,XLRE,rates,TLT,0.3044892483910785,54,2026-09-23,2026-09-23,1.0
2026-09-23,60,XLRE,rates,IEF,0.3571645371418562,54,2026-09-23,2026-09-23,1.0
2026-09-23,60,XLRE,credit,HYG,0.2884061395581315,54,2026-09-23,2026-09-23,1.0
2026-09-23,60,XLRE,credit,LQD,0.2553662338264247,54,2026-09-23,2026-09-23,1.0
2026-09-23,60,XLRE,commodities,USO,-0.2618819118659763,54,2026-09-23,2026-09-23,1.0
2026-09-23,60,XLRE,commodities,GLD,0.02267083449223,54,2026-09-23,2026-09-23,1.0
2026-09-23,60,XLRE,fx,DX-Y.NYB,-0.0647130627175658,54,2026-09-23,2026-09-23,1.0
2026-09-23,60,XLRE,fx,EURUSD=X,-0.1405204356601918,54,2026-09-23,2026-09-23,1.0
2026-09-23,60,XLRE,volatility,^VIX,-0.0158825596420264,54,2026-09-23,2026-09-23,1.0
2026-09-23,60,XLU,equity,SPY,0.0322263157995815,54,2026-09-23,2026-09-23,1.0
2026-09-23,60,XLU,equity,QQQ,-0.0999036879844752,54,2026-09-23,2026-09-23,1.0
2026-09-23,60,XLU,equity,IWM,0.0617532961716348,54,2026-09-23,2026-09-23,1.0
2026-09-23,60,XLU,rates,TLT,0.2245413871241412,54,2026-09-23,2026-09-23,1.0
2026-09-23,60,XLU,rates,IEF,0.2203723521688078,54,2026-09-23,2026-09-23,1.0
2026-09-23,60,XLU,credit,HYG,0.1658862198197326,54,2026-09-23,2026-09-23,1.0
2026-09-23,60,XLU,credit,LQD,0.157624191060775,54,2026-09-23,2026-09-23,1.0
2026-09-23,60,XLU,commodities,USO,-0.0039856747589373,54,2026-09-23,2026-09-23,1.0
2026-09-23,60,XLU,commodities,GLD,-0.0230042056015665,54,2026-09-23,2026-09-23,1.0
2026-09-23,60,XLU,fx,DX-Y.NYB,-0.0236614585539022,54,2026-09-23,2026-09-23,1.0
2026-09-23,60,XLU,fx,EURUSD=X,-0.1954675595163734,54,2026-09-23,2026-09-23,1.0
2026-09-23,60,XLU,volatility,^VIX,-0.0683681344208383,54,2026-09-23,2026-09-23,1.0
2026-09-23,60,XLC,equity,SPY,0.413201573462445,54,2026-09-23,2026-09-23,1.0
2026-09-23,60,XLC,equity,QQQ,0.185491678980003,54,2026-09-23,2026-09-23,1.0
2026-09-23,60,XLC,equity,IWM,0.2465039747587462,54,2026-09-23,2026-09-23,1.0
2026-09-23,60,XLC,rates,TLT,0.2772093443756653,54,2026-09-23,2026-09-23,1.0
2026-09-23,60,XLC,rates,IEF,0.2912869843683842,54,2026-09-23,2026-09-23,1.0
2026-09-23,60,XLC,credit,HYG,0.3545455649052473,54,2026-09-23,2026-09-23,1.0
2026-09-23,60,XLC,credit,LQD,0.2788626018913796,54,2026-09-23,2026-09-23,1.0
2026-09-23,60,XLC,commodities,USO,-0.4177780344652639,54,2026-09-23,2026-09-23,1.0
2026-09-23,60,XLC,commodities,GLD,-0.124829128750961,54,2026-09-23,2026-09-23,1.0
2026-09-23,60,XLC,fx,DX-Y.NYB,0.0524811334975489,54,2026-09-23,2026-09-23,1.0
2026-09-23,60,XLC,fx,EURUSD=X,-0.0440968184958649,54,2026-09-23,2026-09-23,1.0
2026-09-23,60,XLC,volatility,^VIX,-0.11671720033137,54,2026-09-23,2026-09-23,1.0
2026-09-24,20,XLK,equity,SPY,0.8370108937884262,16,2026-09-24,2026-09-24,1.0
2026-09-24,20,XLK,equity,QQQ,0.9508515472318128,16,2026-09-24,2026-09-24,1.0
2026-09-24,20,XLK,equity,IWM,0.6501092873665258,16,2026-09-24,2026-09-24,1.0
2026-09-24,20,XLK,rates,TLT,0.6140930099634436,16,2026-09-24,2026-09-24,1.0
2026-09-24,20,XLK,rates,IEF,0.6929267844794879,16,2026-09-24,2026-09-24,1.0
2026-09-24,20,XLK,credit,HYG,0.7491441759258396,16,2026-09-24,2026-09-24,1.0
2026-09-24,20,XLK,credit,LQD,0.6763720272893524,16,2026-09-24,2026-09-24,1.0
2026-09-24,20,XLK,commodities,USO,-0.626549796353837,16,2026-09-24,2026-09-24,1.0
2026-09-24,20,XLK,commodities,GLD,0.6460890328842415,16,2026-09-24,2026-09-24,1.0
2026-09-24,20,XLK,fx,DX-Y.NYB,-0.4760583655782218,16,2026-09-24,2026-09-24,1.0
2026-09-24,20,XLK,fx,EURUSD=X,-0.1921793697140361,16,2026-09-24,2026-09-24,1.0
2026-09-24,20,XLK,volatility,^VIX,-0.6694210887960071,16,2026-09-24,2026-09-24,1.0
2026-09-24,20,XLF,equity,SPY,0.6066032744044426,18,2026-09-24,2026-09-24,1.0
2026-09-24,20,XLF,equity,QQQ,0.3185041890321918,18,2026-09-24,2026-09-24,1.0
2026-09-24,20,XLF,equity,IWM,0.2666815396630861,18,2026-09-24,2026-09-24,1.0
2026-09-24,20,XLF,rates,TLT,0.1334643673053449,18,2026-09-24,2026-09-24,1.0
2026-09-24,20,XLF,rates,IEF,0.2202598264595364,16,2026-09-24,2026-09-24,1.0
2026-09-24,20,XLF,credit,HYG,0.244741482094392,16,2026-09-24,2026-09-24,1.0
2026-09-24,20,XLF,credit,LQD,0.1680469391054358,16,2026-09-24,2026-09-24,1.0
2026-09-24,20,XLF,commodities,USO,-0.0107934876168656,18,2026-09-24,2026-09-24,1.0
2026-09-24,20,XLF,commodities,GLD,0.3031905484632269,18,2026-09-24,2026-09-24,1.0
2026-09-24,20,XLF,fx,DX-Y.NYB,-0.5659861347468047,16,2026-09-24,2026-09-24,1.0
2026-09-24,20,XLF,fx,EURUSD=X,-0.097826769816025,18,2026-09-24,2026-09-24,1.0
2026-09-24,20,XLF,volatility,^VIX,-0.5772153676896847,16,2026-09-24,2026-09-24,1.0
2026-09-24,20,XLV,equity,SPY,0.2898400818983234,16,2026-09-24,2026-09-24,1.0
2026-09-24,20,XLV,equity,QQQ,0.1531626546602038,16,2026-09-24,2026-09-24,1.0
2026-09-24,20,XLV,equity,IWM,0.3103103245601173,16,2026-09-24,2026-09-24,1.0
2026-09-24,20,XLV,rates,TLT,0.2891794475365293,16,2026-09-24,2026-09-24,1.0
2026-09-24,20,XLV,rates,IEF,0.3683420465569218,16,2026-09-24,2026-09-24,1.0
2026-09-24,20,XLV,credit,HYG,0.2455607328241635,16,2026-09-24,2026-09-24,1.0
2026-09-24,20,XLV,credit,LQD,0.2819271872474091,16,2026-09-24,2026-09-24,1.0
2026-09-24,20,XLV,commodities,USO,-0.0877283784709616,16,2026-09-24,2026-09-24,1.0
2026-09-24,20,XLV,commodities,GLD,0.0236011754092433,16,2026-09-24,2026-09-24,1.0
2026-09-24,20,XLV,fx,DX-Y.NYB,0.0446281243308885,16,2026-09-24,2026-09-24,1.0
2026-09-24,20,XLV,fx,EURUSD=X,-0.296385594291654,16,2026-09-24,2026-09-24,1.0
2026-09-24,20,XLV,volatility,^VIX,-0.0084288208437363,16,2026-09-24,2026-09-24,1.0
2026-09-24,20,XLE,equity,SPY,-0.2775924370343313,18,2026-09-24,2026-09-24,1.0
2026-09-24,20,XLE,equity,QQQ,-0.4203536314975177,18,2026-09-24,2026-09-24,1.0
2026-09-24,20,XLE,equity,IWM,-0.3635844863347774,18,2026-09-24,2026-09-24,1.0
2026-09-24,20,XLE,rates,TLT,-0.346076459809472,18,2026-09-24,2026-09-24,1.0
2026-09-24,20,XLE,rates,IEF,-0.1659489112153657,16,2026-09-24,2026-09-24,1.0
2026-09-24,20,XLE,credit,HYG,-0.2130363196162898,16,2026-09-24,2026-09-24,1.0
2026-09-24,20,XLE,credit,LQD,-0.2142733589030896,16,2026-09-24,2026-09-24,1.0
2026-09-24,20,XLE,commodities,USO,0.6536727433350129,18,2026-09-24,2026-09-24,1.0
2026-09-24,20,XLE,commodities,GLD,0.0132874219086572,18,2026-09-24,2026-09-24,1.0
2026-09-24,20,XLE,fx,DX-Y.NYB,-0.3578276576313058,16,2026-09-24,2026-09-24,1.0
2026-09-24,20,XLE,fx,EURUSD=X,-0.4004838246162764,18,2026-09-24,2026-09-24,1.0
2026-09-24,20,XLE,volatility,^VIX,-0.0872993554275372,16,2026-09-24,2026-09-24,1.0
2026-09-24,20,XLY,equity,SPY,0.8138897048637174,16,2026-09-24,2026-09-24,1.0
2026-09-24,20,XLY,equity,QQQ,0.6648741388383937,16,2026-09-24,2026-09-24,1.0
2026-09-24,20,XLY,equity,IWM,0.5055773547252124,16,2026-09-24,2026-09-24,1.0
2026-09-24,20,XLY,rates,TLT,0.4654057849172339,16,2026-09-24,2026-09-24,1.0
2026-09-24,20,XLY,rates,IEF,0.4229050337265899,16,2026-09-24,2026-09-24,1.0
2026-09-24,20,XLY,credit,HYG,0.5805008879917912,16,2026-09-24,2026-09-24,1.0
2026-09-24,20,XLY,credit,LQD,0.4073244118128744,16,2026-09-24,2026-09-24,1.0
2026-09-24,20,XLY,commodities,USO,-0.5692366818566451,16,2026-09-24,2026-09-24,1.0
2026-09-24,20,XLY,commodities,GLD,0.2243755441486687,16,2026-09-24,2026-09-24,1.0
2026-09-24,20,XLY,fx,DX-Y.NYB,-0.2239448860550979,16,2026-09-24,2026-09-24,1.0
2026-09-24,20,XLY,fx,EURUSD=X,-0.2120209832410035,16,2026-09-24,2026-09-24,1.0
2026-09-24,20,XLY,volatility,^VIX,-0.6141686378297804,16,2026-09-24,2026-09-24,1.0
2026-09-24,20,XLP,equity,SPY,0.082235845489873,16,2026-09-24,2026-09-24,1.0
2026-09-24,20,XLP,equity,QQQ,-0.1678841614530016,16,2026-09-24,2026-09-24,1.0
2026-09-24,20,XLP,equity,IWM,0.1269944609242204,16,2026-09-24,2026-09-24,1.0
2026-09-24,20,XLP,rates,TLT,0.2965209362384047,16,2026-09-24,2026-09-24,1.0
2026-09-24,20,XLP,rates,IEF,0.1274170675022222,16,2026-09-24,2026-09-24,1.0
2026-09-24,20,XLP,credit,HYG,0.0810467348082037,16,2026-09-24,2026-09-24,1.0
2026-09-24,20,XLP,credit,LQD,0.1017027395070089,16,2026-09-24,2026-09-24,1.0
2026-09-24,20,XLP,commodities,USO,-0.0321354553458057,16,2026-09-24,2026-09-24,1.0
2026-09-24,20,XLP,commodities,GLD,-0.3377660520840472,16,2026-09-24,2026-09-24,1.0
2026-09-24,20,XLP,fx,DX-Y.NYB,0.21698012998153,16,2026-09-24,2026-09-24,1.0
2026-09-24,20,XLP,fx,EURUSD=X,0.0387658968852108,16,2026-09-24,2026-09-24,1.0
2026-09-24,20,XLP,volatility,^VIX,-0.0740935394774237,16,2026-09-24,2026-09-24,1.0
2026-09-24,20,XLI,equity,SPY,0.7338185406823428,16,2026-09-24,2026-09-24,1.0
2026-09-24,20,XLI,equity,QQQ,0.7157170719436556,16,2026-09-24,2026-09-24,1.0
2026-09-24,20,XLI,equity,IWM,0.7304412820035064,16,2026-09-24,2026-09-24,1.0
2026-09-24,20,XLI,rates,TLT,0.4793699177623318,16,2026-09-24,2026-09-24,1.0
2026-09-24,20,XLI,rates,IEF,0.4089420838144145,16,2026-09-24,2026-09-24,1.0
2026-09-24,20,XLI,credit,HYG,0.4792098662967646,16,2026-09-24,2026-09-24,1.0
2026-09-24,20,XLI,credit,LQD,0.4375683725877376,16,2026-09-24,2026-09-24,1.0
2026-09-24,20,XLI,commodities,USO,-0.6590983958130169,16,2026-09-24,2026-09-24,1.0
2026-09-24,20,XLI,commodities,GLD,0.52951836532711,16,2026-09-24,2026-09-24,1.0
2026-09-24,20,XLI,fx,DX-Y.NYB,-0.338570377418123,16,2026-09-24,2026-09-24,1.0
2026-09-24,20,XLI,fx,EURUSD=X,0.0739040932115565,16,2026-09-24,2026-09-24,1.0
2026-09-24,20,XLI,volatility,^VIX,-0.7399380599689059,16,2026-09-24,2026-09-24,1.0
2026-09-24,20,XLB,equity,SPY,0.4735945907514062,16,2026-09-24,2026-09-24,1.0
2026-09-24,20,XLB,equity,QQQ,0.3336829401112016,16,2026-09-24,2026-09-24,1.0
2026-09-24,20,XLB,equity,IWM,0.6277101427235778,16,2026-09-24,2026-09-24,1.0
2026-09-24,20,XLB,rates,TLT,0.5991153978403492,16,2026-09-24,2026-09-24,1.0
2026-09-24,20,XLB,rates,IEF,0.6030981145721793,16,2026-09-24,2026-09-24,1.0
2026-09-24,20,XLB,credit,HYG,0.513588458813445,16,2026-09-24,2026-09-24,1.0
2026-09-24,20,XLB,credit,LQD,0.6159668459725981,16,2026-09-24,2026-09-24,1.0
2026-09-24,20,XLB,commodities,USO,-0.3648636357732647,16,2026-09-24,2026-09-24,1.0
2026-09-24,20,XLB,commodities,GLD,0.3885997190799304,16,2026-09-24,2026-09-24,1.0
2026-09-24,20,XLB,fx,DX-Y.NYB,-0.1438363897297986,16,2026-09-24,2026-09-24,1.0
2026-09-24,20,XLB,fx,EURUSD=X,-0.2548414947362293,16,2026-09-24,2026-09-24,1.0
2026-09-24,20,XLB,volatility,^VIX,-0.6721339664551876,16,2026-09-24,2026-09-24,1.0
2026-09-24,20,XLRE,equity,SPY,0.788177415446967,16,2026-09-24,2026-09-24,1.0
2026-09-24,20,XLRE,equity,QQQ,0.6504501876211408,16,2026-09-24,2026-09-24,1.0
2026-09-24,20,XLRE,equity,IWM,0.4858735651855439,16,2026-09-24,2026-09-24,1.0
2026-09-24,20,XLRE,rates,TLT,0.5402431671399713,16,2026-09-24,2026-09-24,1.0
2026-09-24,20,XLRE,rates,IEF,0.5371283024217453,16,2026-09-24,2026-09-24,1.0
2026-09-24,20,XLRE,credit,HYG,0.5092148641821411,16,2026-09-24,2026-09-24,1.0
2026-09-24,20,XLRE,credit,LQD,0.4754095582086542,16,2026-09-24,2026-09-24,1.0
2026-09-24,20,XLRE,commodities,USO,-0.3808245228270943,16,2026-09-24,2026-09-24,1.0
2026-09-24,20,XLRE,commodities,GLD,0.2445520309957291,16,2026-09-24,2026-09-24,1.0
2026-09-24,20,XLRE,fx,DX-Y.NYB,-0.3019129157795412,16,2026-09-24,2026-09-24,1.0
2026-09-24,20,XLRE,fx,EURUSD=X,-0.1012199814970035,16,2026-09-24,2026-09-24,1.0
2026-09-24,20,XLRE,volatility,^VIX,-0.51496449923324,16,2026-09-24,2026-09-24,1.0
2026-09-24,20,XLU,equity,SPY,0.437787894342387,16,2026-09-24,2026-09-24,1.0
2026-09-24,20,XLU,equity,QQQ,0.3479883224454176,16,2026-09-24,2026-09-24,1.0
2026-09-24,20,XLU,equity,IWM,0.5155826196591219,16,2026-09-24,2026-09-24,1.0
2026-09-24,20,XLU,rates,TLT,0.5893812628592846,16,2026-09-24,2026-09-24,1.0
2026-09-24,20,XLU,rates,IEF,0.5689050436909918,16,2026-09-24,2026-09-24,1.0
2026-09-24,20,XLU,credit,HYG,0.4786428971363501,16,2026-09-24,2026-09-24,1.0
2026-09-24,20,XLU,credit,LQD,0.4812194260203234,16,2026-09-24,2026-09-24,1.0
2026-09-24,20,XLU,commodities,USO,-0.1891347461937742,16,2026-09-24,2026-09-24,1.0
2026-09-24,20,XLU,commodities,GLD,0.2295286568306242,16,2026-09-24,2026-09-24,1.0
2026-09-24,20,XLU,fx,DX-Y.NYB,-0.2727618952156556,16,2026-09-24,2026-09-24,1.0
2026-09-24,20,XLU,fx,EURUSD=X,0.1348130521447178,16,2026-09-24,2026-09-24,1.0
2026-09-24,20,XLU,volatility,^VIX,-0.4064098418619334,16,2026-09-24,2026-09-24,1.0
2026-09-24,20,XLC,equity,SPY,0.485774240321801,16,2026-09-24,2026-09-24,1.0
2026-09-24,20,XLC,equity,QQQ,0.342861286150677,16,2026-09-24,2026-09-24,1.0
2026-09-24,20,XLC,equity,IWM,0.3321466354860721,16,2026-09-24,2026-09-24,1.0
2026-09-24,20,XLC,rates,TLT,0.1771857321205284,16,2026-09-24,2026-09-24,1.0
2026-09-24,20,XLC,rates,IEF,0.1864040491324685,16,2026-09-24,2026-09-24,1.0
2026-09-24,20,XLC,credit,HYG,0.1376268303996168,16,2026-09-24,2026-09-24,1.0
2026-09-24,20,XLC,credit,LQD,0.1055393962973976,16,2026-09-24,2026-09-24,1.0
2026-09-24,20,XLC,commodities,USO,-0.2810210964711659,16,2026-09-24,2026-09-24,1.0
2026-09-24,20,XLC,commodities,GLD,-0.1734485269779457,16,2026-09-24,2026-09-24,1.0
2026-09-24,20,XLC,fx,DX-Y.NYB,0.1419851108003412,16,2026-09-24,2026-09-24,1.0
2026-09-24,20,XLC,fx,EURUSD=X,0.0295858854892934,16,2026-09-24,2026-09-24,1.0
2026-09-24,20,XLC,volatility,^VIX,-0.0139847202033424,16,2026-09-24,2026-09-24,1.0
2026-09-24,60,XLK,equity,SPY,0.7919569695842575,54,2026-09-24,2026-09-24,1.0
2026-09-24,60,XLK,equity,QQQ,0.9473867878158494,54,2026-09-24,2026-09-24,1.0
2026-09-24,60,XLK,equity,IWM,0.6847299284345514,54,2026-09-24,2026-09-24,1.0
2026-09-24,60,XLK,rates,TLT,0.2777212441000354,54,2026-09-24,2026-09-24,1.0
2026-09-24,60,XLK,rates,IEF,0.3521514353892356,54,2026-09-24,2026-09-24,1.0
2026-09-24,60,XLK,credit,HYG,0.5412501889807096,54,2026-09-24,2026-09-24,1.0
2026-09-24,60,XLK,credit,LQD,0.4049212905211756,54,2026-09-24,2026-09-24,1.0
2026-09-24,60,XLK,commodities,USO,-0.3816559914116438,54,2026-09-24,2026-09-24,1.0
2026-09-24,60,XLK,commodities,GLD,0.3819908261980025,54,2026-09-24,2026-09-24,1.0
2026-09-24,60,XLK,fx,DX-Y.NYB,-0.2626359643772221,54,2026-09-24,2026-09-24,1.0
2026-09-24,60,XLK,fx,EURUSD=X,-0.0594888188843426,54,2026-09-24,2026-09-24,1.0
2026-09-24,60,XLK,volatility,^VIX,-0.5940565077573738,54,2026-09-24,2026-09-24,1.0
2026-09-24,60,XLF,equity,SPY,0.5188352957145427,56,2026-09-24,2026-09-24,1.0
2026-09-24,60,XLF,equity,QQQ,0.2188305252347475,56,2026-09-24,2026-09-24,1.0
2026-09-24,60,XLF,equity,IWM,0.4131740221454495,56,2026-09-24,2026-09-24,1.0
2026-09-24,60,XLF,rates,TLT,0.3411490315008904,56,2026-09-24,2026-09-24,1.0
2026-09-24,60,XLF,rates,IEF,0.3897689585981587,54,2026-09-24,2026-09-24,1.0
2026-09-24,60,XLF,credit,HYG,0.4257994613726283,54,2026-09-24,2026-09-24,1.0
2026-09-24,60,XLF,credit,LQD,0.3519634470233654,54,2026-09-24,2026-09-24,1.0
2026-09-24,60,XLF,commodities,USO,-0.4069318864140983,56,2026-09-24,2026-09-24,1.0
2026-09-24,60,XLF,commodities,GLD,0.1016874243443578,56,2026-09-24,2026-09-24,1.0
2026-09-24,60,XLF,fx,DX-Y.NYB,-0.1015505964507361,54,2026-09-24,2026-09-24,1.0
2026-09-24,60,XLF,fx,EURUSD=X,0.0143492278055101,56,2026-09-24,2026-09-24,1.0
2026-09-24,60,XLF,volatility,^VIX,-0.402546609839245,54,2026-09-24,2026-09-24,1.0
2026-09-24,60,XLV,equity,SPY,-0.0542927956514554,54,2026-09-24,2026-09-24,1.0
2026-09-24,60,XLV,equity,QQQ,-0.2931711301531617,54,2026-09-24,2026-09-24,1.0
2026-09-24,60,XLV,equity,IWM,0.0771953996749224,54,2026-09-24,2026-09-24,1.0
2026-09-24,60,XLV,rates,TLT,0.3225017358076158,54,2026-09-24,2026-09-24,1.0
2026-09-24,60,XLV,rates,IEF,0.2156581816816527,54,2026-09-24,2026-09-24,1.0
2026-09-24,60,XLV,credit,HYG,0.0725563420757489,54,2026-09-24,2026-09-24,1.0
2026-09-24,60,XLV,credit,LQD,0.1807657100916272,54,2026-09-24,2026-09-24,1.0
2026-09-24,60,XLV,commodities,USO,-0.0980848642794359,54,2026-09-24,2026-09-24,1.0
2026-09-24,60,XLV,commodities,GLD,0.0656253019623581,54,2026-09-24,2026-09-24,1.0
2026-09-24,60,XLV,fx,DX-Y.NYB,0.033335127989989,54,2026-09-24,2026-09-24,1.0
2026-09-24,60,XLV,fx,EURUSD=X,-0.132037675248793,54,2026-09-24,2026-09-24,1.0
2026-09-24,60,XLV,volatility,^VIX,0.0789898879992157,54,2026-09-24,2026-09-24,1.0
2026-09-24,60,XLE,equity,SPY,-0.3635824693227487,56,2026-09-24,2026-09-24,1.0
2026-09-24,60,XLE,equity,QQQ,-0.3624288094837564,56,2026-09-24,2026-09-24,1.0
2026-09-24,60,XLE,equity,IWM,-0.4193748655544207,56,2026-09-24,2026-09-24,1.0
2026-09-24,60,XLE,rates,TLT,-0.5109847438790607,56,2026-09-24,2026-09-24,1.0
2026-09-24,60,XLE,rates,IEF,-0.4860791804435471,54,2026-09-24,2026-09-24,1.0
2026-09-24,60,XLE,credit,HYG,-0.4323192908380681,54,2026-09-24,2026-09-24,1.0
2026-09-24,60,XLE,credit,LQD,-0.5124379001961583,54,2026-09-24,2026-09-24,1.0
2026-09-24,60,XLE,commodities,USO,0.7358084916565378,56,2026-09-24,2026-09-24,1.0
2026-09-24,60,XLE,commodities,GLD,-0.2020282728916755,56,2026-09-24,2026-09-24,1.0
2026-09-24,60,XLE,fx,DX-Y.NYB,0.029968174225692,54,2026-09-24,2026-09-24,1.0
2026-09-24,60,XLE,fx,EURUSD=X,-0.043352657066283,56,2026-09-24,2026-09-24,1.0
2026-09-24,60,XLE,volatility,^VIX,0.2173273785090691,54,2026-09-24,2026-09-24,1.0
2026-09-24,60,XLY,equity,SPY,0.6509554963399627,54,2026-09-24,2026-09-24,1.0
2026-09-24,60,XLY,equity,QQQ,0.4202439212140413,54,2026-09-24,2026-09-24,1.0
2026-09-24,60,XLY,equity,IWM,0.4695357378093471,54,2026-09-24,2026-09-24,1.0
2026-09-24,60,XLY,rates,TLT,0.3831505829297602,54,2026-09-24,2026-09-24,1.0
2026-09-24,60,XLY,rates,IEF,0.4074211367942784,54,2026-09-24,2026-09-24,1.0
2026-09-24,60,XLY,credit,HYG,0.6095732558067215,54,2026-09-24,2026-09-24,1.0
2026-09-24,60,XLY,credit,LQD,0.4333963718727782,54,2026-09-24,2026-09-24,1.0
2026-09-24,60,XLY,commodities,USO,-0.5596863056265631,54,2026-09-24,2026-09-24,1.0
2026-09-24,60,XLY,commodities,GLD,0.2571009553206705,54,2026-09-24,2026-09-24,1.0
2026-09-24,60,XLY,fx,DX-Y.NYB,-0.3558179023134453,54,2026-09-24,2026-09-24,1.0
2026-09-24,60,XLY,fx,EURUSD=X,0.0570959511051588,54,2026-09-24,2026-09-24,1.0
2026-09-24,60,XLY,volatility,^VIX,-0.5672155833943917,54,2026-09-24,2026-09-24,1.0
2026-09-24,60,XLP,equity,SPY,-0.0868430703208562,54,2026-09-24,2026-09-24,1.0
2026-09-24,60,XLP,equity,QQQ,-0.3658009123608585,54,2026-09-24,2026-09-24,1.0
2026-09-24,60,XLP,equity,IWM,-0.0672195616585762,54,2026-09-24,2026-09-24,1.0
2026-09-24,60,XLP,rates,TLT,0.271702552461631,54,2026-09-24,2026-09-24,1.0
2026-09-24,60,XLP,rates,IEF,0.1914943063853629,54,2026-09-24,2026-09-24,1.0
2026-09-24,60,XLP,credit,HYG,0.1117956657149099,54,2026-09-24,2026-09-24,1.0
2026-09-24,60,XLP,credit,LQD,0.1667712976386878,54,2026-09-24,2026-09-24,1.0
2026-09-24,60,XLP,commodities,USO,-0.2534151886420971,54,2026-09-24,2026-09-24,1.0
2026-09-24,60,XLP,commodities,GLD,-0.2077570390458366,54,2026-09-24,2026-09-24,1.0
2026-09-24,60,XLP,fx,DX-Y.NYB,0.1227914726453206,54,2026-09-24,2026-09-24,1.0
2026-09-24,60,XLP,fx,EURUSD=X,-0.1333138326726146,54,2026-09-24,2026-09-24,1.0
2026-09-24,60,XLP,volatility,^VIX,0.1499146607958637,54,2026-09-24,2026-09-24,1.0
2026-09-24,60,XLI,equity,SPY,0.6185150497941944,54,2026-09-24,2026-09-24,1.0
2026-09-24,60,XLI,equity,QQQ,0.5582495345393346,54,2026-09-24,2026-09-24,1.0
2026-09-24,60,XLI,equity,IWM,0.6751046994176616,54,2026-09-24,2026-09-24,1.0
2026-09-24,60,XLI,rates,TLT,0.3637048350705609,54,2026-09-24,2026-09-24,1.0
2026-09-24,60,XLI,rates,IEF,0.3449654768092922,54,2026-09-24,2026-09-24,1.0
2026-09-24,60,XLI,credit,HYG,0.3986604579854944,54,2026-09-24,2026-09-24,1.0
2026-09-24,60,XLI,credit,LQD,0.3661776278246522,54,2026-09-24,2026-09-24,1.0
2026-09-24,60,XLI,commodities,USO,-0.4967444362151972,54,2026-09-24,2026-09-24,1.0
2026-09-24,60,XLI,commodities,GLD,0.1684589416205534,54,2026-09-24,2026-09-24,1.0
2026-09-24,60,XLI,fx,DX-Y.NYB,-0.0436787954234106,54,2026-09-24,2026-09-24,1.0
2026-09-24,60,XLI,fx,EURUSD=X,0.0672116616339617,54,2026-09-24,2026-09-24,1.0
2026-09-24,60,XLI,volatility,^VIX,-0.452638838144441,54,2026-09-24,2026-09-24,1.0
2026-09-24,60,XLB,equity,SPY,0.3693323705577572,54,2026-09-24,2026-09-24,1.0
2026-09-24,60,XLB,equity,QQQ,0.1729891991518374,54,2026-09-24,2026-09-24,1.0
2026-09-24,60,XLB,equity,IWM,0.4811408166593884,54,2026-09-24,2026-09-24,1.0
2026-09-24,60,XLB,rates,TLT,0.4632516619651569,54,2026-09-24,2026-09-24,1.0
2026-09-24,60,XLB,rates,IEF,0.4701167912640072,54,2026-09-24,2026-09-24,1.0
2026-09-24,60,XLB,credit,HYG,0.4297674018069706,54,2026-09-24,2026-09-24,1.0
2026-09-24,60,XLB,credit,LQD,0.423880671885311,54,2026-09-24,2026-09-24,1.0
2026-09-24,60,XLB,commodities,USO,-0.4378219683220436,54,2026-09-24,2026-09-24,1.0
2026-09-24,60,XLB,commodities,GLD,0.422567842802286,54,2026-09-24,2026-09-24,1.0
2026-09-24,60,XLB,fx,DX-Y.NYB,-0.1856624301928051,54,2026-09-24,2026-09-24,1.0
2026-09-24,60,XLB,fx,EURUSD=X,-0.1001510722195307,54,2026-09-24,2026-09-24,1.0
2026-09-24,60,XLB,volatility,^VIX,-0.3245806812423121,54,2026-09-24,2026-09-24,1.0
2026-09-24,60,XLRE,equity,SPY,0.1521584695068084,54,2026-09-24,2026-09-24,1.0
2026-09-24,60,XLRE,equity,QQQ,-0.091073024679963,54,2026-09-24,2026-09-24,1.0
2026-09-24,60,XLRE,equity,IWM,0.1602559166431371,54,2026-09-24,2026-09-24,1.0
2026-09-24,60,XLRE,rates,TLT,0.3138051458754405,54,2026-09-24,2026-09-24,1.0
2026-09-24,60,XLRE,rates,IEF,0.3573048602992549,54,2026-09-24,2026-09-24,1.0
2026-09-24,60,XLRE,credit,HYG,0.2797957395074112,54,2026-09-24,2026-09-24,1.0
2026-09-24,60,XLRE,credit,LQD,0.2532768061656469,54,2026-09-24,2026-09-24,1.0
2026-09-24,60,XLRE,commodities,USO,-0.2712881536926068,54,2026-09-24,2026-09-24,1.0
2026-09-24,60,XLRE,commodities,GLD,-0.0075897619133006,54,2026-09-24,2026-09-24,1.0
2026-09-24,60,XLRE,fx,DX-Y.NYB,-0.0259465032710879,54,2026-09-24,2026-09-24,1.0
2026-09-24,60,XLRE,fx,EURUSD=X,-0.0907639504067135,54,2026-09-24,2026-09-24,1.0
2026-09-24,60,XLRE,volatility,^VIX,-0.010774736142897,54,2026-09-24,2026-09-24,1.0
2026-09-24,60,XLU,equity,SPY,0.0528705362003357,54,2026-09-24,2026-09-24,1.0
2026-09-24,60,XLU,equity,QQQ,-0.0330626074618512,54,2026-09-24,2026-09-24,1.0
2026-09-24,60,XLU,equity,IWM,0.0983550275353226,54,2026-09-24,2026-09-24,1.0
2026-09-24,60,XLU,rates,TLT,0.2590929754546022,54,2026-09-24,2026-09-24,1.0
2026-09-24,60,XLU,rates,IEF,0.2329142243728343,54,2026-09-24,2026-09-24,1.0
2026-09-24,60,XLU,credit,HYG,0.1535765063473591,54,2026-09-24,2026-09-24,1.0
2026-09-24,60,XLU,credit,LQD,0.163426926008416,54,2026-09-24,2026-09-24,1.0
2026-09-24,60,XLU,commodities,USO,-0.0156344488990932,54,2026-09-24,2026-09-24,1.0
2026-09-24,60,XLU,commodities,GLD,-0.0861253648651404,54,2026-09-24,2026-09-24,1.0
2026-09-24,60,XLU,fx,DX-Y.NYB,0.0565650236477963,54,2026-09-24,2026-09-24,1.0
2026-09-24,60,XLU,fx,EURUSD=X,-0.1090421609717515,54,2026-09-24,2026-09-24,1.0
2026-09-24,60,XLU,volatility,^VIX,-0.0617730376478356,54,2026-09-24,2026-09-24,1.0
2026-09-24,60,XLC,equity,SPY,0.4062665566889257,54,2026-09-24,2026-09-24,1.0
2026-09-24,60,XLC,equity,QQQ,0.1823000865257359,54,2026-09-24,2026-09-24,1.0
2026-09-24,60,XLC,equity,IWM,0.2433696807928468,54,2026-09-24,2026-09-24,1.0
2026-09-24,60,XLC,rates,TLT,0.2345224799408928,54,2026-09-24,2026-09-24,1.0
2026-09-24,60,XLC,rates,IEF,0.2578309843619097,54,2026-09-24,2026-09-24,1.0
2026-09-24,60,XLC,credit,HYG,0.3283151170350527,54,2026-09-24,2026-09-24,1.0
2026-09-24,60,XLC,credit,LQD,0.2418359545948552,54,2026-09-24,2026-09-24,1.0
2026-09-24,60,XLC,commodities,USO,-0.4029049418140029,54,2026-09-24,2026-09-24,1.0
2026-09-24,60,XLC,commodities,GLD,-0.1262871154703695,54,2026-09-24,2026-09-24,1.0
2026-09-24,60,XLC,fx,DX-Y.NYB,0.0582190713018729,54,2026-09-24,2026-09-24,1.0
2026-09-24,60,XLC,fx,EURUSD=X,-0.0788242042348247,54,2026-09-24,2026-09-24,1.0
2026-09-24,60,XLC,volatility,^VIX,-0.1095019639757471,54,2026-09-24,2026-09-24,1.0
2026-09-25,20,XLK,equity,SPY,0.8489215016982427,18,2026-09-25,2026-09-25,1.0
2026-09-25,20,XLK,equity,QQQ,0.9522879177984558,18,2026-09-25,2026-09-25,1.0
2026-09-25,20,XLK,equity,IWM,0.5918846161091738,18,2026-09-25,2026-09-25,1.0
2026-09-25,20,XLK,rates,TLT,0.616129493905164,18,2026-09-25,2026-09-25,1.0
2026-09-25,20,XLK,rates,IEF,0.6354883325283646,18,2026-09-25,2026-09-25,1.0
2026-09-25,20,XLK,credit,HYG,0.6899740663452935,18,2026-09-25,2026-09-25,1.0
2026-09-25,20,XLK,credit,LQD,0.6412722928609316,18,2026-09-25,2026-09-25,1.0
2026-09-25,20,XLK,commodities,USO,-0.6969303981013009,18,2026-09-25,2026-09-25,1.0
2026-09-25,20,XLK,commodities,GLD,0.6039943122112197,18,2026-09-25,2026-09-25,1.0
2026-09-25,20,XLK,fx,DX-Y.NYB,-0.4221320812088353,18,2026-09-25,2026-09-25,1.0
2026-09-25,20,XLK,fx,EURUSD=X,-0.1456963774097802,18,2026-09-25,2026-09-25,1.0
2026-09-25,20,XLK,volatility,^VIX,-0.7292717742633503,18,2026-09-25,2026-09-25,1.0
2026-09-25,20,XLF,equity,SPY,0.6488972079993315,18,2026-09-25,2026-09-25,1.0
2026-09-25,20,XLF,equity,QQQ,0.3683941825280069,18,2026-09-25,2026-09-25,1.0
2026-09-25,20,XLF,equity,IWM,0.3594953230419159,18,2026-09-25,2026-09-25,1.0
2026-09-25,20,XLF,rates,TLT,0.1448312409832284,18,2026-09-25,2026-09-25,1.0
2026-09-25,20,XLF,rates,IEF,0.2326730152537706,18,2026-09-25,2026-09-25,1.0
2026-09-25,20,XLF,credit,HYG,0.2015383287365895,18,2026-09-25,2026-09-25,1.0
2026-09-25,20,XLF,credit,LQD,0.1711070329687927,18,2026-09-25,2026-09-25,1.0
2026-09-25,20,XLF,commodities,USO,-0.0671544966747683,18,2026-09-25,2026-09-25,1.0
2026-09-25,20,XLF,commodities,GLD,0.4677404872697456,18,2026-09-25,2026-09-25,1.0
2026-09-25,20,XLF,fx,DX-Y.NYB,-0.6386618648966031,18,2026-09-25,2026-09-25,1.0
2026-09-25,20,XLF,fx,EURUSD=X,-0.1058681867543843,18,2026-09-25,2026-09-25,1.0
2026-09-25,20,XLF,volatility,^VIX,-0.4434355195173999,18,2026-09-25,2026-09-25,1.0
2026-09-25,20,XLV,equity,SPY,0.3459027077037306,18,2026-09-25,2026-09-25,1.0
2026-09-25,20,XLV,equity,QQQ,0.2134229296004581,18,2026-09-25,2026-09-25,1.0
2026-09-25,20,XLV,equity,IWM,0.4100435426062246,18,2026-09-25,2026-09-25,1.0
2026-09-25,20,XLV,rates,TLT,0.3912075071885552,18,2026-09-25,2026-09-25,1.0
2026-09-25,20,XLV,rates,IEF,0.4712355711370015,18,2026-09-25,2026-09-25,1.0
2026-09-25,20,XLV,credit,HYG,0.3729894168371787,18,2026-09-25,2026-09-25,1.0
2026-09-25,20,XLV,credit,LQD,0.3933548088336069,18,2026-09-25,2026-09-25,1.0
2026-09-25,20,XLV,commodities,USO,-0.2312933478402335,18,2026-09-25,2026-09-25,1.0
2026-09-25,20,XLV,commodities,GLD,0.0626631592488306,18,2026-09-25,2026-09-25,1.0
2026-09-25,20,XLV,fx,DX-Y.NYB,-0.0406727014015846,18,2026-09-25,2026-09-25,1.0
2026-09-25,20,XLV,fx,EURUSD=X,-0.2497802487909209,18,2026-09-25,2026-09-25,1.0
2026-09-25,20,XLV,volatility,^VIX,-0.1191125911879602,18,2026-09-25,2026-09-25,1.0
2026-09-25,20,XLE,equity,SPY,-0.2891398450133022,18,2026-09-25,2026-09-25,1.0
2026-09-25,20,XLE,equity,QQQ,-0.4115944494154281,18,2026-09-25,2026-09-25,1.0
2026-09-25,20,XLE,equity,IWM,-0.3571974823731921,18,2026-09-25,2026-09-25,1.0
2026-09-25,20,XLE,rates,TLT,-0.3465242787466847,18,2026-09-25,2026-09-25,1.0
2026-09-25,20,XLE,rates,IEF,-0.2683294066795361,18,2026-09-25,2026-09-25,1.0
2026-09-25,20,XLE,credit,HYG,-0.281551505415023,18,2026-09-25,2026-09-25,1.0
2026-09-25,20,XLE,credit,LQD,-0.2833129436889396,18,2026-09-25,2026-09-25,1.0
2026-09-25,20,XLE,commodities,USO,0.6773783837892772,18,2026-09-25,2026-09-25,1.0
2026-09-25,20,XLE,commodities,GLD,0.0632895847684448,18,2026-09-25,2026-09-25,1.0
2026-09-25,20,XLE,fx,DX-Y.NYB,-0.271520502284809,18,2026-09-25,2026-09-25,1.0
2026-09-25,20,XLE,fx,EURUSD=X,-0.4269082261457623,18,2026-09-25,2026-09-25,1.0
2026-09-25,20,XLE,volatility,^VIX,0.0133104177716611,18,2026-09-25,2026-09-25,1.0
2026-09-25,20,XLY,equity,SPY,0.9049942600026328,18,2026-09-25,2026-09-25,1.0
2026-09-25,20,XLY,equity,QQQ,0.8050120076937516,18,2026-09-25,2026-09-25,1.0
2026-09-25,20,XLY,equity,IWM,0.7412850409122765,18,2026-09-25,2026-09-25,1.0
2026-09-25,20,XLY,rates,TLT,0.57500396074288,18,2026-09-25,2026-09-25,1.0
2026-09-25,20,XLY,rates,IEF,0.5910327236628942,18,2026-09-25,2026-09-25,1.0
2026-09-25,20,XLY,credit,HYG,0.6800344455663319,18,2026-09-25,2026-09-25,1.0
2026-09-25,20,XLY,credit,LQD,0.5641492547830164,18,2026-09-25,2026-09-25,1.0
2026-09-25,20,XLY,commodities,USO,-0.5933347919269871,18,2026-09-25,2026-09-25,1.0
2026-09-25,20,XLY,commodities,GLD,0.5437425563623263,18,2026-09-25,2026-09-25,1.0
2026-09-25,20,XLY,fx,DX-Y.NYB,-0.4606801023408992,18,2026-09-25,2026-09-25,1.0
2026-09-25,20,XLY,fx,EURUSD=X,-0.2458603170402383,18,2026-09-25,2026-09-25,1.0
2026-09-25,20,XLY,volatility,^VIX,-0.6741861405057727,18,2026-09-25,2026-09-25,1.0
2026-09-25,20,XLP,equity,SPY,0.1364650950025943,18,2026-09-25,2026-09-25,1.0
2026-09-25,20,XLP,equity,QQQ,-0.0173053481899359,18,2026-09-25,2026-09-25,1.0
2026-09-25,20,XLP,equity,IWM,0.3374759025032457,18,2026-09-25,2026-09-25,1.0
2026-09-25,20,XLP,rates,TLT,0.2985679984206199,18,2026-09-25,2026-09-25,1.0
2026-09-25,20,XLP,rates,IEF,0.2672446784767943,18,2026-09-25,2026-09-25,1.0
2026-09-25,20,XLP,credit,HYG,0.1543429370685878,18,2026-09-25,2026-09-25,1.0
2026-09-25,20,XLP,credit,LQD,0.192053104694511,18,2026-09-25,2026-09-25,1.0
2026-09-25,20,XLP,commodities,USO,-0.2104638934825169,18,2026-09-25,2026-09-25,1.0
2026-09-25,20,XLP,commodities,GLD,-0.1169066898194068,18,2026-09-25,2026-09-25,1.0
2026-09-25,20,XLP,fx,DX-Y.NYB,0.0344274657402375,18,2026-09-25,2026-09-25,1.0
2026-09-25,20,XLP,fx,EURUSD=X,0.0213619602667994,18,2026-09-25,2026-09-25,1.0
2026-09-25,20,XLP,volatility,^VIX,-0.1721040619082511,18,2026-09-25,2026-09-25,1.0
2026-09-25,20,XLI,equity,SPY,0.6889427510775863,18,2026-09-25,2026-09-25,1.0
2026-09-25,20,XLI,equity,QQQ,0.6541244976832168,18,2026-09-25,2026-09-25,1.0
2026-09-25,20,XLI,equity,IWM,0.6034024507332734,18,2026-09-25,2026-09-25,1.0
2026-09-25,20,XLI,rates,TLT,0.3798000024392026,18,2026-09-25,2026-09-25,1.0
2026-09-25,20,XLI,rates,IEF,0.3674094159028018,18,2026-09-25,2026-09-25,1.0
2026-09-25,20,XLI,credit,HYG,0.3468254875466898,18,2026-09-25,2026-09-25,1.0
2026-09-25,20,XLI,credit,LQD,0.3454649624248729,18,2026-09-25,2026-09-25,1.0
2026-09-25,20,XLI,commodities,USO,-0.7038054938262571,18,2026-09-25,2026-09-25,1.0
2026-09-25,20,XLI,commodities,GLD,0.4826098449610609,18,2026-09-25,2026-09-25,1.0
2026-09-25,20,XLI,fx,DX-Y.NYB,-0.3316534873570456,18,2026-09-25,2026-09-25,1.0
2026-09-25,20,XLI,fx,EURUSD=X,0.1186436657824518,18,2026-09-25,2026-09-25,1.0
2026-09-25,20,XLI,volatility,^VIX,-0.7374013635179985,18,2026-09-25,2026-09-25,1.0
2026-09-25,20,XLB,equity,SPY,0.4115237757193492,18,2026-09-25,2026-09-25,1.0
2026-09-25,20,XLB,equity,QQQ,0.3789038445113019,18,2026-09-25,2026-09-25,1.0
2026-09-25,20,XLB,equity,IWM,0.6604215319541492,18,2026-09-25,2026-09-25,1.0
2026-09-25,20,XLB,rates,TLT,0.4889827195974666,18,2026-09-25,2026-09-25,1.0
2026-09-25,20,XLB,rates,IEF,0.5290893436670754,18,2026-09-25,2026-09-25,1.0
2026-09-25,20,XLB,credit,HYG,0.4165316026279365,18,2026-09-25,2026-09-25,1.0
2026-09-25,20,XLB,credit,LQD,0.5176804105902293,18,2026-09-25,2026-09-25,1.0
2026-09-25,20,XLB,commodities,USO,-0.4681692512161027,18,2026-09-25,2026-09-25,1.0
2026-09-25,20,XLB,commodities,GLD,0.4859333544510875,18,2026-09-25,2026-09-25,1.0
2026-09-25,20,XLB,fx,DX-Y.NYB,-0.1738051569102368,18,2026-09-25,2026-09-25,1.0
2026-09-25,20,XLB,fx,EURUSD=X,-0.2163171723495286,18,2026-09-25,2026-09-25,1.0
2026-09-25,20,XLB,volatility,^VIX,-0.6467568195486769,18,2026-09-25,2026-09-25,1.0
2026-09-25,20,XLU,equity,SPY,0.5063948639979555,18,2026-09-25,2026-09-25,1.0
2026-09-25,20,XLU,equity,QQQ,0.390362583564616,18,2026-09-25,2026-09-25,1.0
2026-09-25,20,XLU,equity,IWM,0.5921407565461961,18,2026-09-25,2026-09-25,1.0
2026-09-25,20,XLU,rates,TLT,0.6645032065771589,18,2026-09-25,2026-09-25,1.0
2026-09-25,20,XLU,rates,IEF,0.6756979217791236,18,2026-09-25,2026-09-25,1.0
2026-09-25,20,XLU,credit,HYG,0.5927992321639043,18,2026-09-25,2026-09-25,1.0
2026-09-25,20,XLU,credit,LQD,0.5925616960176975,18,2026-09-25,2026-09-25,1.0
2026-09-25,20,XLU,commodities,USO,-0.3305580323980379,18,2026-09-25,2026-09-25,1.0
2026-09-25,20,XLU,commodities,GLD,0.2850512983739428,18,2026-09-25,2026-09-25,1.0
2026-09-25,20,XLU,fx,DX-Y.NYB,-0.3816499720743797,18,2026-09-25,2026-09-25,1.0
2026-09-25,20,XLU,fx,EURUSD=X,0.1634639939044228,18,2026-09-25,2026-09-25,1.0
2026-09-25,20,XLU,volatility,^VIX,-0.4831759503601005,18,2026-09-25,2026-09-25,1.0
2026-09-25,20,XLRE,equity,SPY,0.7963163329451602,18,2026-09-25,2026-09-25,1.0
2026-09-25,20,XLRE,equity,QQQ,0.6788138010138027,18,2026-09-25,2026-09-25,1.0
2026-09-25,20,XLRE,equity,IWM,0.5944661425249015,18,2026-09-25,2026-09-25,1.0
2026-09-25,20,XLRE,rates,TLT,0.6316701883526037,18,2026-09-25,2026-09-25,1.0
2026-09-25,20,XLRE,rates,IEF,0.6172491782225249,18,2026-09-25,2026-09-25,1.0
2026-09-25,20,XLRE,credit,HYG,0.6174657819498142,18,2026-09-25,2026-09-25,1.0
2026-09-25,20,XLRE,credit,LQD,0.5869146229454999,18,2026-09-25,2026-09-25,1.0
2026-09-25,20,XLRE,commodities,USO,-0.4113027633379297,18,2026-09-25,2026-09-25,1.0
2026-09-25,20,XLRE,commodities,GLD,0.3541384437486511,18,2026-09-25,2026-09-25,1.0
2026-09-25,20,XLRE,fx,DX-Y.NYB,-0.3891772172460088,18,2026-09-25,2026-09-25,1.0
2026-09-25,20,XLRE,fx,EURUSD=X,-0.0819213375141226,18,2026-09-25,2026-09-25,1.0
2026-09-25,20,XLRE,volatility,^VIX,-0.5456104614868531,18,2026-09-25,2026-09-25,1.0
2026-09-25,20,XLC,equity,SPY,0.4912277435144793,18,2026-09-25,2026-09-25,1.0
2026-09-25,20,XLC,equity,QQQ,0.3686509063642122,18,2026-09-25,2026-09-25,1.0
2026-09-25,20,XLC,equity,IWM,0.371548458748056,18,2026-09-25,2026-09-25,1.0
2026-09-25,20,XLC,rates,TLT,0.2297486020147396,18,2026-09-25,2026-09-25,1.0
2026-09-25,20,XLC,rates,IEF,0.1969606523968199,18,2026-09-25,2026-09-25,1.0
2026-09-25,20,XLC,credit,HYG,0.2029511454225201,18,2026-09-25,2026-09-25,1.0
2026-09-25,20,XLC,credit,LQD,0.1726768326664017,18,2026-09-25,2026-09-25,1.0
2026-09-25,20,XLC,commodities,USO,-0.144921397770723,18,2026-09-25,2026-09-25,1.0
2026-09-25,20,XLC,commodities,GLD,-0.060013342823021,18,2026-09-25,2026-09-25,1.0
2026-09-25,20,XLC,fx,DX-Y.NYB,0.0502830696373434,18,2026-09-25,2026-09-25,1.0
2026-09-25,20,XLC,fx,EURUSD=X,-0.0082366312796394,18,2026-09-25,2026-09-25,1.0
2026-09-25,20,XLC,volatility,^VIX,0.0106635649035288,18,2026-09-25,2026-09-25,1.0
2026-09-25,60,XLK,equity,SPY,0.7880097391459885,57,2026-09-25,2026-09-25,1.0
2026-09-25,60,XLK,equity,QQQ,0.9461952343760892,57,2026-09-25,2026-09-25,1.0
2026-09-25,60,XLK,equity,IWM,0.6711970877447002,57,2026-09-25,2026-09-25,1.0
2026-09-25,60,XLK,rates,TLT,0.2777325403484245,57,2026-09-25,2026-09-25,1.0
2026-09-25,60,XLK,rates,IEF,0.3447748110310429,57,2026-09-25,2026-09-25,1.0
2026-09-25,60,XLK,credit,HYG,0.4992215025776007,57,2026-09-25,2026-09-25,1.0
2026-09-25,60,XLK,credit,LQD,0.3943279845923286,57,2026-09-25,2026-09-25,1.0
2026-09-25,60,XLK,commodities,USO,-0.3895217256124446,57,2026-09-25,2026-09-25,1.0
2026-09-25,60,XLK,commodities,GLD,0.3855923191060079,57,2026-09-25,2026-09-25,1.0
2026-09-25,60,XLK,fx,DX-Y.NYB,-0.2660945462340997,57,2026-09-25,2026-09-25,1.0
2026-09-25,60,XLK,fx,EURUSD=X,-0.0601906090788041,57,2026-09-25,2026-09-25,1.0
2026-09-25,60,XLK,volatility,^VIX,-0.5974187487286814,57,2026-09-25,2026-09-25,1.0
2026-09-25,60,XLF,equity,SPY,0.5231825101613604,57,2026-09-25,2026-09-25,1.0
2026-09-25,60,XLF,equity,QQQ,0.2218103265323264,57,2026-09-25,2026-09-25,1.0
2026-09-25,60,XLF,equity,IWM,0.4139943069981482,57,2026-09-25,2026-09-25,1.0
2026-09-25,60,XLF,rates,TLT,0.3392188563008524,57,2026-09-25,2026-09-25,1.0
2026-09-25,60,XLF,rates,IEF,0.3665885659748976,57,2026-09-25,2026-09-25,1.0
2026-09-25,60,XLF,credit,HYG,0.3876834168626332,57,2026-09-25,2026-09-25,1.0
2026-09-25,60,XLF,credit,LQD,0.3311320344405505,57,2026-09-25,2026-09-25,1.0
2026-09-25,60,XLF,commodities,USO,-0.4152440025334832,57,2026-09-25,2026-09-25,1.0
2026-09-25,60,XLF,commodities,GLD,0.1042303732748884,57,2026-09-25,2026-09-25,1.0
2026-09-25,60,XLF,fx,DX-Y.NYB,-0.14818434540528,57,2026-09-25,2026-09-25,1.0
2026-09-25,60,XLF,fx,EURUSD=X,0.0117021451369141,57,2026-09-25,2026-09-25,1.0
2026-09-25,60,XLF,volatility,^VIX,-0.3630919856020923,57,2026-09-25,2026-09-25,1.0
2026-09-25,60,XLV,equity,SPY,-0.0349131170754024,57,2026-09-25,2026-09-25,1.0
2026-09-25,60,XLV,equity,QQQ,-0.2730566193208211,57,2026-09-25,2026-09-25,1.0
2026-09-25,60,XLV,equity,IWM,0.1071712875852083,57,2026-09-25,2026-09-25,1.0
2026-09-25,60,XLV,rates,TLT,0.3360078972770879,57,2026-09-25,2026-09-25,1.0
2026-09-25,60,XLV,rates,IEF,0.2420074665394595,57,2026-09-25,2026-09-25,1.0
2026-09-25,60,XLV,credit,HYG,0.1103890341931848,57,2026-09-25,2026-09-25,1.0
2026-09-25,60,XLV,credit,LQD,0.2071679738446345,57,2026-09-25,2026-09-25,1.0
2026-09-25,60,XLV,commodities,USO,-0.1184068422553986,57,2026-09-25,2026-09-25,1.0
2026-09-25,60,XLV,commodities,GLD,0.0839852985182178,57,2026-09-25,2026-09-25,1.0
2026-09-25,60,XLV,fx,DX-Y.NYB,0.0066095306650733,57,2026-09-25,2026-09-25,1.0
2026-09-25,60,XLV,fx,EURUSD=X,-0.1277659115879264,57,2026-09-25,2026-09-25,1.0
2026-09-25,60,XLV,volatility,^VIX,0.0574607666864758,57,2026-09-25,2026-09-25,1.0
2026-09-25,60,XLE,equity,SPY,-0.3700255400067622,57,2026-09-25,2026-09-25,1.0
2026-09-25,60,XLE,equity,QQQ,-0.3646210061401113,57,2026-09-25,2026-09-25,1.0
2026-09-25,60,XLE,equity,IWM,-0.419981996607535,57,2026-09-25,2026-09-25,1.0
2026-09-25,60,XLE,rates,TLT,-0.5074758295380155,57,2026-09-25,2026-09-25,1.0
2026-09-25,60,XLE,rates,IEF,-0.4780199706923127,57,2026-09-25,2026-09-25,1.0
2026-09-25,60,XLE,credit,HYG,-0.4052063136921638,57,2026-09-25,2026-09-25,1.0
2026-09-25,60,XLE,credit,LQD,-0.4979998875539644,57,2026-09-25,2026-09-25,1.0
2026-09-25,60,XLE,commodities,USO,0.7397342100503346,57,2026-09-25,2026-09-25,1.0
2026-09-25,60,XLE,commodities,GLD,-0.2041499599459132,57,2026-09-25,2026-09-25,1.0
2026-09-25,60,XLE,fx,DX-Y.NYB,0.0489921549738575,57,2026-09-25,2026-09-25,1.0
2026-09-25,60,XLE,fx,EURUSD=X,-0.0401572970726916,57,2026-09-25,2026-09-25,1.0
2026-09-25,60,XLE,volatility,^VIX,0.2385696975431779,57,2026-09-25,2026-09-25,1.0
2026-09-25,60,XLY,equity,SPY,0.6582469619327144,57,2026-09-25,2026-09-25,1.0
2026-09-25,60,XLY,equity,QQQ,0.428876548592206,57,2026-09-25,2026-09-25,1.0
2026-09-25,60,XLY,equity,IWM,0.4877762698175396,57,2026-09-25,2026-09-25,1.0
2026-09-25,60,XLY,rates,TLT,0.406812582087019,57,2026-09-25,2026-09-25,1.0
2026-09-25,60,XLY,rates,IEF,0.4292963286531734,57,2026-09-25,2026-09-25,1.0
2026-09-25,60,XLY,credit,HYG,0.6037864538938389,57,2026-09-25,2026-09-25,1.0
2026-09-25,60,XLY,credit,LQD,0.4550876902190279,57,2026-09-25,2026-09-25,1.0
2026-09-25,60,XLY,commodities,USO,-0.561430937717706,57,2026-09-25,2026-09-25,1.0
2026-09-25,60,XLY,commodities,GLD,0.2772712535254443,57,2026-09-25,2026-09-25,1.0
2026-09-25,60,XLY,fx,DX-Y.NYB,-0.3748708872401182,57,2026-09-25,2026-09-25,1.0
2026-09-25,60,XLY,fx,EURUSD=X,0.0643344038061376,57,2026-09-25,2026-09-25,1.0
2026-09-25,60,XLY,volatility,^VIX,-0.574732147176827,57,2026-09-25,2026-09-25,1.0
2026-09-25,60,XLP,equity,SPY,-0.07412878468432,57,2026-09-25,2026-09-25,1.0
2026-09-25,60,XLP,equity,QQQ,-0.3398957433986843,57,2026-09-25,2026-09-25,1.0
2026-09-25,60,XLP,equity,IWM,-0.0351537853962931,57,2026-09-25,2026-09-25,1.0
2026-09-25,60,XLP,rates,TLT,0.2701803833352608,57,2026-09-25,2026-09-25,1.0
2026-09-25,60,XLP,rates,IEF,0.2028980619905845,57,2026-09-25,2026-09-25,1.0
2026-09-25,60,XLP,credit,HYG,0.118790360240044,57,2026-09-25,2026-09-25,1.0
2026-09-25,60,XLP,credit,LQD,0.1755535619527841,57,2026-09-25,2026-09-25,1.0
2026-09-25,60,XLP,commodities,USO,-0.2766006372847182,57,2026-09-25,2026-09-25,1.0
2026-09-25,60,XLP,commodities,GLD,-0.1884479055383892,57,2026-09-25,2026-09-25,1.0
2026-09-25,60,XLP,fx,DX-Y.NYB,0.1074933252987305,57,2026-09-25,2026-09-25,1.0
2026-09-25,60,XLP,fx,EURUSD=X,-0.1379935549372398,57,2026-09-25,2026-09-25,1.0
2026-09-25,60,XLP,volatility,^VIX,0.1241108638164485,57,2026-09-25,2026-09-25,1.0
2026-09-25,60,XLI,equity,SPY,0.6133707000622013,57,2026-09-25,2026-09-25,1.0
2026-09-25,60,XLI,equity,QQQ,0.5556264115086793,57,2026-09-25,2026-09-25,1.0
2026-09-25,60,XLI,equity,IWM,0.6440021517912379,57,2026-09-25,2026-09-25,1.0
2026-09-25,60,XLI,rates,TLT,0.3390653843608861,57,2026-09-25,2026-09-25,1.0
2026-09-25,60,XLI,rates,IEF,0.3308151810913034,57,2026-09-25,2026-09-25,1.0
2026-09-25,60,XLI,credit,HYG,0.3440047864665838,57,2026-09-25,2026-09-25,1.0
2026-09-25,60,XLI,credit,LQD,0.3399046705255599,57,2026-09-25,2026-09-25,1.0
2026-09-25,60,XLI,commodities,USO,-0.506168668683689,57,2026-09-25,2026-09-25,1.0
2026-09-25,60,XLI,commodities,GLD,0.1685402702621126,57,2026-09-25,2026-09-25,1.0
2026-09-25,60,XLI,fx,DX-Y.NYB,-0.0593207844942022,57,2026-09-25,2026-09-25,1.0
2026-09-25,60,XLI,fx,EURUSD=X,0.0586381879863176,57,2026-09-25,2026-09-25,1.0
2026-09-25,60,XLI,volatility,^VIX,-0.4572688568416813,57,2026-09-25,2026-09-25,1.0
2026-09-25,60,XLB,equity,SPY,0.3628089471094316,57,2026-09-25,2026-09-25,1.0
2026-09-25,60,XLB,equity,QQQ,0.1908931785248282,57,2026-09-25,2026-09-25,1.0
2026-09-25,60,XLB,equity,IWM,0.4856684777146505,57,2026-09-25,2026-09-25,1.0
2026-09-25,60,XLB,rates,TLT,0.448077061078934,57,2026-09-25,2026-09-25,1.0
2026-09-25,60,XLB,rates,IEF,0.4467737148871884,57,2026-09-25,2026-09-25,1.0
2026-09-25,60,XLB,credit,HYG,0.3969750953154147,57,2026-09-25,2026-09-25,1.0
2026-09-25,60,XLB,credit,LQD,0.4094216248534723,57,2026-09-25,2026-09-25,1.0
2026-09-25,60,XLB,commodities,USO,-0.4556133373940705,57,2026-09-25,2026-09-25,1.0
2026-09-25,60,XLB,commodities,GLD,0.4220842145001922,57,2026-09-25,2026-09-25,1.0
2026-09-25,60,XLB,fx,DX-Y.NYB,-0.1758455003635634,57,2026-09-25,2026-09-25,1.0
2026-09-25,60,XLB,fx,EURUSD=X,-0.1073523649043238,57,2026-09-25,2026-09-25,1.0
2026-09-25,60,XLB,volatility,^VIX,-0.3378610402083201,57,2026-09-25,2026-09-25,1.0
2026-09-25,60,XLU,equity,SPY,0.0975718702538056,57,2026-09-25,2026-09-25,1.0
2026-09-25,60,XLU,equity,QQQ,-0.0032636239235127,57,2026-09-25,2026-09-25,1.0
2026-09-25,60,XLU,equity,IWM,0.1637939609490181,57,2026-09-25,2026-09-25,1.0
2026-09-25,60,XLU,rates,TLT,0.3169252029180401,57,2026-09-25,2026-09-25,1.0
2026-09-25,60,XLU,rates,IEF,0.3218956925235534,57,2026-09-25,2026-09-25,1.0
2026-09-25,60,XLU,credit,HYG,0.2510224686926506,57,2026-09-25,2026-09-25,1.0
2026-09-25,60,XLU,credit,LQD,0.2476747113033332,57,2026-09-25,2026-09-25,1.0
2026-09-25,60,XLU,commodities,USO,-0.0543642289102688,57,2026-09-25,2026-09-25,1.0
2026-09-25,60,XLU,commodities,GLD,-0.0344632112467422,57,2026-09-25,2026-09-25,1.0
2026-09-25,60,XLU,fx,DX-Y.NYB,-0.0206739707274992,57,2026-09-25,2026-09-25,1.0
2026-09-25,60,XLU,fx,EURUSD=X,-0.088349332829311,57,2026-09-25,2026-09-25,1.0
2026-09-25,60,XLU,volatility,^VIX,-0.0977231421410105,57,2026-09-25,2026-09-25,1.0
2026-09-25,60,XLRE,equity,SPY,0.1790675265188041,57,2026-09-25,2026-09-25,1.0
2026-09-25,60,XLRE,equity,QQQ,-0.0673369005217893,57,2026-09-25,2026-09-25,1.0
2026-09-25,60,XLRE,equity,IWM,0.2113911700329757,57,2026-09-25,2026-09-25,1.0
2026-09-25,60,XLRE,rates,TLT,0.3631442525973662,57,2026-09-25,2026-09-25,1.0
2026-09-25,60,XLRE,rates,IEF,0.4040108351051502,57,2026-09-25,2026-09-25,1.0
2026-09-25,60,XLRE,credit,HYG,0.3513617862854763,57,2026-09-25,2026-09-25,1.0
2026-09-25,60,XLRE,credit,LQD,0.3156436638538402,57,2026-09-25,2026-09-25,1.0
2026-09-25,60,XLRE,commodities,USO,-0.2750222864575249,57,2026-09-25,2026-09-25,1.0
2026-09-25,60,XLRE,commodities,GLD,0.0319050191002681,57,2026-09-25,2026-09-25,1.0
2026-09-25,60,XLRE,fx,DX-Y.NYB,-0.0754244450873095,57,2026-09-25,2026-09-25,1.0
2026-09-25,60,XLRE,fx,EURUSD=X,-0.0698326622368799,57,2026-09-25,2026-09-25,1.0
2026-09-25,60,XLRE,volatility,^VIX,-0.0352796051160037,57,2026-09-25,2026-09-25,1.0
2026-09-25,60,XLC,equity,SPY,0.4004488411664133,57,2026-09-25,2026-09-25,1.0
2026-09-25,60,XLC,equity,QQQ,0.1733775536051171,57,2026-09-25,2026-09-25,1.0
2026-09-25,60,XLC,equity,IWM,0.2402412650886657,57,2026-09-25,2026-09-25,1.0
2026-09-25,60,XLC,rates,TLT,0.2481038350005785,57,2026-09-25,2026-09-25,1.0
2026-09-25,60,XLC,rates,IEF,0.2470459864613902,57,2026-09-25,2026-09-25,1.0
2026-09-25,60,XLC,credit,HYG,0.3308165865478699,57,2026-09-25,2026-09-25,1.0
2026-09-25,60,XLC,credit,LQD,0.2486305750101069,57,2026-09-25,2026-09-25,1.0
2026-09-25,60,XLC,commodities,USO,-0.365273117965925,57,2026-09-25,2026-09-25,1.0
2026-09-25,60,XLC,commodities,GLD,-0.112609775338841,57,2026-09-25,2026-09-25,1.0
2026-09-25,60,XLC,fx,DX-Y.NYB,0.0400330070034606,57,2026-09-25,2026-09-25,1.0
2026-09-25,60,XLC,fx,EURUSD=X,-0.0612812696795009,57,2026-09-25,2026-09-25,1.0
2026-09-25,60,XLC,volatility,^VIX,-0.0995856094553881,57,2026-09-25,2026-09-25,1.0
2026-09-28,20,XLK,equity,SPY,0.8670357286754468,18,2026-09-28,2026-09-28,1.0
2026-09-28,20,XLK,equity,QQQ,0.9555429361786348,18,2026-09-28,2026-09-28,1.0
2026-09-28,20,XLK,equity,IWM,0.6110114882030303,18,2026-09-28,2026-09-28,1.0
2026-09-28,20,XLK,rates,TLT,0.6398801948840117,18,2026-09-28,2026-09-28,1.0
2026-09-28,20,XLK,rates,IEF,0.6524397101726735,18,2026-09-28,2026-09-28,1.0
2026-09-28,20,XLK,credit,HYG,0.7144488372128818,18,2026-09-28,2026-09-28,1.0
2026-09-28,20,XLK,credit,LQD,0.6627021049435144,18,2026-09-28,2026-09-28,1.0
2026-09-28,20,XLK,commodities,USO,-0.7105981859729905,18,2026-09-28,2026-09-28,1.0
2026-09-28,20,XLK,commodities,GLD,0.6103170212327964,18,2026-09-28,2026-09-28,1.0
2026-09-28,20,XLK,fx,DX-Y.NYB,-0.4429717819749463,18,2026-09-28,2026-09-28,1.0
2026-09-28,20,XLK,fx,EURUSD=X,-0.172528076269864,18,2026-09-28,2026-09-28,1.0
2026-09-28,20,XLK,volatility,^VIX,-0.7528058445076958,18,2026-09-28,2026-09-28,1.0
2026-09-28,20,XLF,equity,SPY,0.668589100593806,18,2026-09-28,2026-09-28,1.0
2026-09-28,20,XLF,equity,QQQ,0.4142963032586086,18,2026-09-28,2026-09-28,1.0
2026-09-28,20,XLF,equity,IWM,0.3714523668755503,18,2026-09-28,2026-09-28,1.0
2026-09-28,20,XLF,rates,TLT,0.1892867516244291,18,2026-09-28,2026-09-28,1.0
2026-09-28,20,XLF,rates,IEF,0.2800223547989982,18,2026-09-28,2026-09-28,1.0
2026-09-28,20,XLF,credit,HYG,0.2878781233844991,18,2026-09-28,2026-09-28,1.0
2026-09-28,20,XLF,credit,LQD,0.2371247561821228,18,2026-09-28,2026-09-28,1.0
2026-09-28,20,XLF,commodities,USO,-0.0535846737358621,18,2026-09-28,2026-09-28,1.0
2026-09-28,20,XLF,commodities,GLD,0.5259173119723736,18,2026-09-28,2026-09-28,1.0
2026-09-28,20,XLF,fx,DX-Y.NYB,-0.714266764348102,18,2026-09-28,2026-09-28,1.0
2026-09-28,20,XLF,fx,EURUSD=X,-0.2061984998600501,18,2026-09-28,2026-09-28,1.0
2026-09-28,20,XLF,volatility,^VIX,-0.4745737810647279,18,2026-09-28,2026-09-28,1.0
2026-09-28,20,XLV,equity,SPY,0.3014568025216838,18,2026-09-28,2026-09-28,1.0
2026-09-28,20,XLV,equity,QQQ,0.1840439584886212,18,2026-09-28,2026-09-28,1.0
2026-09-28,20,XLV,equity,IWM,0.383207392103218,18,2026-09-28,2026-09-28,1.0
2026-09-28,20,XLV,rates,TLT,0.3600716383585602,18,2026-09-28,2026-09-28,1.0
2026-09-28,20,XLV,rates,IEF,0.4612038749340696,18,2026-09-28,2026-09-28,1.0
2026-09-28,20,XLV,credit,HYG,0.3939596691249798,18,2026-09-28,2026-09-28,1.0
2026-09-28,20,XLV,credit,LQD,0.3689143216631183,18,2026-09-28,2026-09-28,1.0
2026-09-28,20,XLV,commodities,USO,-0.1943981304680878,18,2026-09-28,2026-09-28,1.0
2026-09-28,20,XLV,commodities,GLD,0.0200997873641141,18,2026-09-28,2026-09-28,1.0
2026-09-28,20,XLV,fx,DX-Y.NYB,-0.1029574258186193,18,2026-09-28,2026-09-28,1.0
2026-09-28,20,XLV,fx,EURUSD=X,-0.364232620116562,18,2026-09-28,2026-09-28,1.0
2026-09-28,20,XLV,volatility,^VIX,-0.0785978042324356,18,2026-09-28,2026-09-28,1.0
2026-09-28,20,XLE,equity,SPY,-0.2669776144079192,18,2026-09-28,2026-09-28,1.0
2026-09-28,20,XLE,equity,QQQ,-0.4265810701730115,18,2026-09-28,2026-09-28,1.0
2026-09-28,20,XLE,equity,IWM,-0.3424177028907075,18,2026-09-28,2026-09-28,1.0
2026-09-28,20,XLE,rates,TLT,-0.3468141720833826,18,2026-09-28,2026-09-28,1.0
2026-09-28,20,XLE,rates,IEF,-0.303661723036216,18,2026-09-28,2026-09-28,1.0
2026-09-28,20,XLE,credit,HYG,-0.3902870131008563,18,2026-09-28,2026-09-28,1.0
2026-09-28,20,XLE,credit,LQD,-0.3128424762744903,18,2026-09-28,2026-09-28,1.0
2026-09-28,20,XLE,commodities,USO,0.6640007039822775,18,2026-09-28,2026-09-28,1.0
2026-09-28,20,XLE,commodities,GLD,0.024715160621141,18,2026-09-28,2026-09-28,1.0
2026-09-28,20,XLE,fx,DX-Y.NYB,-0.1688196494504849,18,2026-09-28,2026-09-28,1.0
2026-09-28,20,XLE,fx,EURUSD=X,-0.3049137129526893,18,2026-09-28,2026-09-28,1.0
2026-09-28,20,XLE,volatility,^VIX,-0.0208066654124663,18,2026-09-28,2026-09-28,1.0
2026-09-28,20,XLY,equity,SPY,0.9126026705310476,18,2026-09-28,2026-09-28,1.0
2026-09-28,20,XLY,equity,QQQ,0.8190062044427479,18,2026-09-28,2026-09-28,1.0
2026-09-28,20,XLY,equity,IWM,0.7449967165167926,18,2026-09-28,2026-09-28,1.0
2026-09-28,20,XLY,rates,TLT,0.5984766817065768,18,2026-09-28,2026-09-28,1.0
2026-09-28,20,XLY,rates,IEF,0.6153976024505285,18,2026-09-28,2026-09-28,1.0
2026-09-28,20,XLY,credit,HYG,0.7266283847061223,18,2026-09-28,2026-09-28,1.0
2026-09-28,20,XLY,credit,LQD,0.5984218754956855,18,2026-09-28,2026-09-28,1.0
2026-09-28,20,XLY,commodities,USO,-0.585740127278346,18,2026-09-28,2026-09-28,1.0
2026-09-28,20,XLY,commodities,GLD,0.5815482148511586,18,2026-09-28,2026-09-28,1.0
2026-09-28,20,XLY,fx,DX-Y.NYB,-0.5102789761457879,18,2026-09-28,2026-09-28,1.0
2026-09-28,20,XLY,fx,EURUSD=X,-0.3229523417684732,18,2026-09-28,2026-09-28,1.0
2026-09-28,20,XLY,volatility,^VIX,-0.6954245211249971,18,2026-09-28,2026-09-28,1.0
2026-09-28,20,XLP,equity,SPY,0.0770743536032831,18,2026-09-28,2026-09-28,1.0
2026-09-28,20,XLP,equity,QQQ,-0.062081248333288,18,2026-09-28,2026-09-28,1.0
2026-09-28,20,XLP,equity,IWM,0.2987287367010114,18,2026-09-28,2026-09-28,1.0
2026-09-28,20,XLP,rates,TLT,0.2483391683020275,18,2026-09-28,2026-09-28,1.0
2026-09-28,20,XLP,rates,IEF,0.2348910654498519,18,2026-09-28,2026-09-28,1.0
2026-09-28,20,XLP,credit,HYG,0.140271690111405,18,2026-09-28,2026-09-28,1.0
2026-09-28,20,XLP,credit,LQD,0.1452416506259605,18,2026-09-28,2026-09-28,1.0
2026-09-28,20,XLP,commodities,USO,-0.1768886502269076,18,2026-09-28,2026-09-28,1.0
2026-09-28,20,XLP,commodities,GLD,-0.174907388609468,18,2026-09-28,2026-09-28,1.0
2026-09-28,20,XLP,fx,DX-Y.NYB,0.0026327753201054,18,2026-09-28,2026-09-28,1.0
2026-09-28,20,XLP,fx,EURUSD=X,-0.0257544682819608,18,2026-09-28,2026-09-28,1.0
2026-09-28,20,XLP,volatility,^VIX,-0.113347366666755,18,2026-09-28,2026-09-28,1.0
2026-09-28,20,XLI,equity,SPY,0.7065450289107259,18,2026-09-28,2026-09-28,1.0
2026-09-28,20,XLI,equity,QQQ,0.6921716087936127,18,2026-09-28,2026-09-28,1.0
2026-09-28,20,XLI,equity,IWM,0.6087146638695272,18,2026-09-28,2026-09-28,1.0
2026-09-28,20,XLI,rates,TLT,0.408768817440892,18,2026-09-28,2026-09-28,1.0
2026-09-28,20,XLI,rates,IEF,0.4198649834938894,18,2026-09-28,2026-09-28,1.0
2026-09-28,20,XLI,credit,HYG,0.4616081933294626,18,2026-09-28,2026-09-28,1.0
2026-09-28,20,XLI,credit,LQD,0.4063189870145817,18,2026-09-28,2026-09-28,1.0
2026-09-28,20,XLI,commodities,USO,-0.6791608934948553,18,2026-09-28,2026-09-28,1.0
2026-09-28,20,XLI,commodities,GLD,0.5391464577065859,18,2026-09-28,2026-09-28,1.0
2026-09-28,20,XLI,fx,DX-Y.NYB,-0.4646195307735604,18,2026-09-28,2026-09-28,1.0
2026-09-28,20,XLI,fx,EURUSD=X,-0.0324658797314644,18,2026-09-28,2026-09-28,1.0
2026-09-28,20,XLI,volatility,^VIX,-0.7553921771839296,18,2026-09-28,2026-09-28,1.0
2026-09-28,20,XLB,equity,SPY,0.4102297112896367,18,2026-09-28,2026-09-28,1.0
2026-09-28,20,XLB,equity,QQQ,0.3893886891133013,18,2026-09-28,2026-09-28,1.0
2026-09-28,20,XLB,equity,IWM,0.6586392581726762,18,2026-09-28,2026-09-28,1.0
2026-09-28,20,XLB,rates,TLT,0.4924216371549164,18,2026-09-28,2026-09-28,1.0
2026-09-28,20,XLB,rates,IEF,0.5467139394215659,18,2026-09-28,2026-09-28,1.0
2026-09-28,20,XLB,credit,HYG,0.4700360813014194,18,2026-09-28,2026-09-28,1.0
2026-09-28,20,XLB,credit,LQD,0.5311043758239827,18,2026-09-28,2026-09-28,1.0
2026-09-28,20,XLB,commodities,USO,-0.4519801325462054,18,2026-09-28,2026-09-28,1.0
2026-09-28,20,XLB,commodities,GLD,0.4621644919057617,18,2026-09-28,2026-09-28,1.0
2026-09-28,20,XLB,fx,DX-Y.NYB,-0.2461417831577974,18,2026-09-28,2026-09-28,1.0
2026-09-28,20,XLB,fx,EURUSD=X,-0.3284515042633258,18,2026-09-28,2026-09-28,1.0
2026-09-28,20,XLB,volatility,^VIX,-0.6415459471471159,18,2026-09-28,2026-09-28,1.0
2026-09-28,20,XLU,equity,SPY,0.4945915996883344,18,2026-09-28,2026-09-28,1.0
2026-09-28,20,XLU,equity,QQQ,0.3938845833980591,18,2026-09-28,2026-09-28,1.0
2026-09-28,20,XLU,equity,IWM,0.5865147679282854,18,2026-09-28,2026-09-28,1.0
2026-09-28,20,XLU,rates,TLT,0.6617716566243455,18,2026-09-28,2026-09-28,1.0
2026-09-28,20,XLU,rates,IEF,0.6929092979104909,18,2026-09-28,2026-09-28,1.0
2026-09-28,20,XLU,credit,HYG,0.6502891694724842,18,2026-09-28,2026-09-28,1.0
2026-09-28,20,XLU,credit,LQD,0.601090796798495,18,2026-09-28,2026-09-28,1.0
2026-09-28,20,XLU,commodities,USO,-0.3030008205552603,18,2026-09-28,2026-09-28,1.0
2026-09-28,20,XLU,commodities,GLD,0.2803536368440083,18,2026-09-28,2026-09-28,1.0
2026-09-28,20,XLU,fx,DX-Y.NYB,-0.4808765108563382,18,2026-09-28,2026-09-28,1.0
2026-09-28,20,XLU,fx,EURUSD=X,0.0746173425457082,18,2026-09-28,2026-09-28,1.0
2026-09-28,20,XLU,volatility,^VIX,-0.472901008576176,18,2026-09-28,2026-09-28,1.0
2026-09-28,20,XLRE,equity,SPY,0.7796492446409274,18,2026-09-28,2026-09-28,1.0
2026-09-28,20,XLRE,equity,QQQ,0.6715015463210873,18,2026-09-28,2026-09-28,1.0
2026-09-28,20,XLRE,equity,IWM,0.5887470543952635,18,2026-09-28,2026-09-28,1.0
2026-09-28,20,XLRE,rates,TLT,0.6263860912098449,18,2026-09-28,2026-09-28,1.0
2026-09-28,20,XLRE,rates,IEF,0.6280775349201623,18,2026-09-28,2026-09-28,1.0
2026-09-28,20,XLRE,credit,HYG,0.6610896393319526,18,2026-09-28,2026-09-28,1.0
2026-09-28,20,XLRE,credit,LQD,0.58942685473288,18,2026-09-28,2026-09-28,1.0
2026-09-28,20,XLRE,commodities,USO,-0.3924351070582636,18,2026-09-28,2026-09-28,1.0
2026-09-28,20,XLRE,commodities,GLD,0.3329918349099001,18,2026-09-28,2026-09-28,1.0
2026-09-28,20,XLRE,fx,DX-Y.NYB,-0.4717984150200096,18,2026-09-28,2026-09-28,1.0
2026-09-28,20,XLRE,fx,EURUSD=X,-0.1774773299037473,18,2026-09-28,2026-09-28,1.0
2026-09-28,20,XLRE,volatility,^VIX,-0.534244459851448,18,2026-09-28,2026-09-28,1.0
2026-09-28,20,XLC,equity,SPY,0.5168895649330163,18,2026-09-28,2026-09-28,1.0
2026-09-28,20,XLC,equity,QQQ,0.4185415514281728,18,2026-09-28,2026-09-28,1.0
2026-09-28,20,XLC,equity,IWM,0.3775615172622417,18,2026-09-28,2026-09-28,1.0
2026-09-28,20,XLC,rates,TLT,0.2671093175316754,18,2026-09-28,2026-09-28,1.0
2026-09-28,20,XLC,rates,IEF,0.253096355469521,18,2026-09-28,2026-09-28,1.0
2026-09-28,20,XLC,credit,HYG,0.3146801919788561,18,2026-09-28,2026-09-28,1.0
2026-09-28,20,XLC,credit,LQD,0.2443601073466071,18,2026-09-28,2026-09-28,1.0
2026-09-28,20,XLC,commodities,USO,-0.1108250649219181,18,2026-09-28,2026-09-28,1.0
2026-09-28,20,XLC,commodities,GLD,0.1074008590156379,18,2026-09-28,2026-09-28,1.0
2026-09-28,20,XLC,fx,DX-Y.NYB,-0.0495638350703558,18,2026-09-28,2026-09-28,1.0
2026-09-28,20,XLC,fx,EURUSD=X,-0.1538965713088224,18,2026-09-28,2026-09-28,1.0
2026-09-28,20,XLC,volatility,^VIX,-0.0345936540624467,18,2026-09-28,2026-09-28,1.0
2026-09-28,60,XLK,equity,SPY,0.7884940120076713,58,2026-09-28,2026-09-28,1.0
2026-09-28,60,XLK,equity,QQQ,0.9458784407558312,58,2026-09-28,2026-09-28,1.0
2026-09-28,60,XLK,equity,IWM,0.6735170413141555,58,2026-09-28,2026-09-28,1.0
2026-09-28,60,XLK,rates,TLT,0.2857167439263587,58,2026-09-28,2026-09-28,1.0
2026-09-28,60,XLK,rates,IEF,0.3521641808536037,58,2026-09-28,2026-09-28,1.0
2026-09-28,60,XLK,credit,HYG,0.5017963935838025,58,2026-09-28,2026-09-28,1.0
2026-09-28,60,XLK,credit,LQD,0.4007341308144703,58,2026-09-28,2026-09-28,1.0
2026-09-28,60,XLK,commodities,USO,-0.3898170036261608,58,2026-09-28,2026-09-28,1.0
2026-09-28,60,XLK,commodities,GLD,0.3883832273003155,58,2026-09-28,2026-09-28,1.0
2026-09-28,60,XLK,fx,DX-Y.NYB,-0.2716214467171455,58,2026-09-28,2026-09-28,1.0
2026-09-28,60,XLK,fx,EURUSD=X,-0.0613987441831751,58,2026-09-28,2026-09-28,1.0
2026-09-28,60,XLK,volatility,^VIX,-0.6006352492563415,58,2026-09-28,2026-09-28,1.0
2026-09-28,60,XLF,equity,SPY,0.536477996702525,58,2026-09-28,2026-09-28,1.0
2026-09-28,60,XLF,equity,QQQ,0.239399789512869,58,2026-09-28,2026-09-28,1.0
2026-09-28,60,XLF,equity,IWM,0.4224368946827795,58,2026-09-28,2026-09-28,1.0
2026-09-28,60,XLF,rates,TLT,0.3592090302696522,58,2026-09-28,2026-09-28,1.0
2026-09-28,60,XLF,rates,IEF,0.3886436627192828,58,2026-09-28,2026-09-28,1.0
2026-09-28,60,XLF,credit,HYG,0.4163669892600595,58,2026-09-28,2026-09-28,1.0
2026-09-28,60,XLF,credit,LQD,0.3594743187418702,58,2026-09-28,2026-09-28,1.0
2026-09-28,60,XLF,commodities,USO,-0.4110401172146094,58,2026-09-28,2026-09-28,1.0
2026-09-28,60,XLF,commodities,GLD,0.1620192658072378,58,2026-09-28,2026-09-28,1.0
2026-09-28,60,XLF,fx,DX-Y.NYB,-0.1636417456488842,58,2026-09-28,2026-09-28,1.0
2026-09-28,60,XLF,fx,EURUSD=X,0.007962703691232,58,2026-09-28,2026-09-28,1.0
2026-09-28,60,XLF,volatility,^VIX,-0.3807656335686077,58,2026-09-28,2026-09-28,1.0
2026-09-28,60,XLV,equity,SPY,-0.037897250876278,58,2026-09-28,2026-09-28,1.0
2026-09-28,60,XLV,equity,QQQ,-0.2737443989946006,58,2026-09-28,2026-09-28,1.0
2026-09-28,60,XLV,equity,IWM,0.1045640910230673,58,2026-09-28,2026-09-28,1.0
2026-09-28,60,XLV,rates,TLT,0.3282227565561865,58,2026-09-28,2026-09-28,1.0
2026-09-28,60,XLV,rates,IEF,0.2340151422520535,58,2026-09-28,2026-09-28,1.0
2026-09-28,60,XLV,credit,HYG,0.1015363580530332,58,2026-09-28,2026-09-28,1.0
2026-09-28,60,XLV,credit,LQD,0.1972555324689626,58,2026-09-28,2026-09-28,1.0
2026-09-28,60,XLV,commodities,USO,-0.1178970585617397,58,2026-09-28,2026-09-28,1.0
2026-09-28,60,XLV,commodities,GLD,0.0714690862307057,58,2026-09-28,2026-09-28,1.0
2026-09-28,60,XLV,fx,DX-Y.NYB,0.0087830396132159,58,2026-09-28,2026-09-28,1.0
2026-09-28,60,XLV,fx,EURUSD=X,-0.1273050059039525,58,2026-09-28,2026-09-28,1.0
2026-09-28,60,XLV,volatility,^VIX,0.060141583229233,58,2026-09-28,2026-09-28,1.0
2026-09-28,60,XLE,equity,SPY,-0.363377908563712,58,2026-09-28,2026-09-28,1.0
2026-09-28,60,XLE,equity,QQQ,-0.3599528246152864,58,2026-09-28,2026-09-28,1.0
2026-09-28,60,XLE,equity,IWM,-0.416551250084557,58,2026-09-28,2026-09-28,1.0
2026-09-28,60,XLE,rates,TLT,-0.4985417533990749,58,2026-09-28,2026-09-28,1.0
2026-09-28,60,XLE,rates,IEF,-0.4673306503656648,58,2026-09-28,2026-09-28,1.0
2026-09-28,60,XLE,credit,HYG,-0.388972590102729,58,2026-09-28,2026-09-28,1.0
2026-09-28,60,XLE,credit,LQD,-0.482464624657,58,2026-09-28,2026-09-28,1.0
2026-09-28,60,XLE,commodities,USO,0.7391488591352363,58,2026-09-28,2026-09-28,1.0
2026-09-28,60,XLE,commodities,GLD,-0.1866944539018841,58,2026-09-28,2026-09-28,1.0
2026-09-28,60,XLE,fx,DX-Y.NYB,0.0471356399258388,58,2026-09-28,2026-09-28,1.0
2026-09-28,60,XLE,fx,EURUSD=X,-0.0404440816077747,58,2026-09-28,2026-09-28,1.0
2026-09-28,60,XLE,volatility,^VIX,0.233574248968683,58,2026-09-28,2026-09-28,1.0
2026-09-28,60,XLY,equity,SPY,0.6653056871281599,58,2026-09-28,2026-09-28,1.0
2026-09-28,60,XLY,equity,QQQ,0.4383239988409274,58,2026-09-28,2026-09-28,1.0
2026-09-28,60,XLY,equity,IWM,0.4938881626977263,58,2026-09-28,2026-09-28,1.0
2026-09-28,60,XLY,rates,TLT,0.4196975263359135,58,2026-09-28,2026-09-28,1.0
2026-09-28,60,XLY,rates,IEF,0.4431451988693055,58,2026-09-28,2026-09-28,1.0
2026-09-28,60,XLY,credit,HYG,0.6138508329718038,58,2026-09-28,2026-09-28,1.0
2026-09-28,60,XLY,credit,LQD,0.470155293904602,58,2026-09-28,2026-09-28,1.0
2026-09-28,60,XLY,commodities,USO,-0.5586285552266749,58,2026-09-28,2026-09-28,1.0
2026-09-28,60,XLY,commodities,GLD,0.3054289674285503,58,2026-09-28,2026-09-28,1.0
2026-09-28,60,XLY,fx,DX-Y.NYB,-0.3829893575779123,58,2026-09-28,2026-09-28,1.0
2026-09-28,60,XLY,fx,EURUSD=X,0.0611971432191974,58,2026-09-28,2026-09-28,1.0
2026-09-28,60,XLY,volatility,^VIX,-0.5833462545691114,58,2026-09-28,2026-09-28,1.0
2026-09-28,60,XLP,equity,SPY,-0.0789096661612952,58,2026-09-28,2026-09-28,1.0
2026-09-28,60,XLP,equity,QQQ,-0.3417612571919853,58,2026-09-28,2026-09-28,1.0
2026-09-28,60,XLP,equity,IWM,-0.0385150362803209,58,2026-09-28,2026-09-28,1.0
2026-09-28,60,XLP,rates,TLT,0.2607029111622184,58,2026-09-28,2026-09-28,1.0
2026-09-28,60,XLP,rates,IEF,0.1927186040293154,58,2026-09-28,2026-09-28,1.0
2026-09-28,60,XLP,credit,HYG,0.1059127867348374,58,2026-09-28,2026-09-28,1.0
2026-09-28,60,XLP,credit,LQD,0.163001751915873,58,2026-09-28,2026-09-28,1.0
2026-09-28,60,XLP,commodities,USO,-0.2755828254366193,58,2026-09-28,2026-09-28,1.0
2026-09-28,60,XLP,commodities,GLD,-0.190159430163945,58,2026-09-28,2026-09-28,1.0
2026-09-28,60,XLP,fx,DX-Y.NYB,0.1106006426273154,58,2026-09-28,2026-09-28,1.0
2026-09-28,60,XLP,fx,EURUSD=X,-0.1371898120533673,58,2026-09-28,2026-09-28,1.0
2026-09-28,60,XLP,volatility,^VIX,0.1282354076660926,58,2026-09-28,2026-09-28,1.0
2026-09-28,60,XLI,equity,SPY,0.6198694006854312,58,2026-09-28,2026-09-28,1.0
2026-09-28,60,XLI,equity,QQQ,0.5619078857648564,58,2026-09-28,2026-09-28,1.0
2026-09-28,60,XLI,equity,IWM,0.6477088067002041,58,2026-09-28,2026-09-28,1.0
2026-09-28,60,XLI,rates,TLT,0.3510268888631315,58,2026-09-28,2026-09-28,1.0
2026-09-28,60,XLI,rates,IEF,0.3442909026696795,58,2026-09-28,2026-09-28,1.0
2026-09-28,60,XLI,credit,HYG,0.3600517500824691,58,2026-09-28,2026-09-28,1.0
2026-09-28,60,XLI,credit,LQD,0.355105176583669,58,2026-09-28,2026-09-28,1.0
2026-09-28,60,XLI,commodities,USO,-0.5048914386210243,58,2026-09-28,2026-09-28,1.0
2026-09-28,60,XLI,commodities,GLD,0.197284559276166,58,2026-09-28,2026-09-28,1.0
2026-09-28,60,XLI,fx,DX-Y.NYB,-0.0700901453192333,58,2026-09-28,2026-09-28,1.0
2026-09-28,60,XLI,fx,EURUSD=X,0.0561020902792264,58,2026-09-28,2026-09-28,1.0
2026-09-28,60,XLI,volatility,^VIX,-0.466417940315242,58,2026-09-28,2026-09-28,1.0
2026-09-28,60,XLB,equity,SPY,0.3689573609427012,58,2026-09-28,2026-09-28,1.0
2026-09-28,60,XLB,equity,QQQ,0.1979984307075216,58,2026-09-28,2026-09-28,1.0
2026-09-28,60,XLB,equity,IWM,0.4891957369069886,58,2026-09-28,2026-09-28,1.0
2026-09-28,60,XLB,rates,TLT,0.4530865902932867,58,2026-09-28,2026-09-28,1.0
2026-09-28,60,XLB,rates,IEF,0.4517936792347451,58,2026-09-28,2026-09-28,1.0
2026-09-28,60,XLB,credit,HYG,0.4022890265321518,58,2026-09-28,2026-09-28,1.0
2026-09-28,60,XLB,credit,LQD,0.4148771104922674,58,2026-09-28,2026-09-28,1.0
2026-09-28,60,XLB,commodities,USO,-0.4557368850051981,58,2026-09-28,2026-09-28,1.0
2026-09-28,60,XLB,commodities,GLD,0.4217592927144191,58,2026-09-28,2026-09-28,1.0
2026-09-28,60,XLB,fx,DX-Y.NYB,-0.1818285941346384,58,2026-09-28,2026-09-28,1.0
2026-09-28,60,XLB,fx,EURUSD=X,-0.1083799787985557,58,2026-09-28,2026-09-28,1.0
2026-09-28,60,XLB,volatility,^VIX,-0.3442740443778125,58,2026-09-28,2026-09-28,1.0
2026-09-28,60,XLU,equity,SPY,0.1058643535036003,58,2026-09-28,2026-09-28,1.0
2026-09-28,60,XLU,equity,QQQ,0.0044746505620514,58,2026-09-28,2026-09-28,1.0
2026-09-28,60,XLU,equity,IWM,0.1687356249007614,58,2026-09-28,2026-09-28,1.0
2026-09-28,60,XLU,rates,TLT,0.3224480000304708,58,2026-09-28,2026-09-28,1.0
2026-09-28,60,XLU,rates,IEF,0.3275576735055795,58,2026-09-28,2026-09-28,1.0
2026-09-28,60,XLU,credit,HYG,0.2586401669247882,58,2026-09-28,2026-09-28,1.0
2026-09-28,60,XLU,credit,LQD,0.2552431415309001,58,2026-09-28,2026-09-28,1.0
2026-09-28,60,XLU,commodities,USO,-0.0555305408395561,58,2026-09-28,2026-09-28,1.0
2026-09-28,60,XLU,commodities,GLD,-0.0107930749879622,58,2026-09-28,2026-09-28,1.0
2026-09-28,60,XLU,fx,DX-Y.NYB,-0.0267834697812132,58,2026-09-28,2026-09-28,1.0
2026-09-28,60,XLU,fx,EURUSD=X,-0.0893057394477056,58,2026-09-28,2026-09-28,1.0
2026-09-28,60,XLU,volatility,^VIX,-0.1058493714622131,58,2026-09-28,2026-09-28,1.0
2026-09-28,60,XLRE,equity,SPY,0.1865200942968167,58,2026-09-28,2026-09-28,1.0
2026-09-28,60,XLRE,equity,QQQ,-0.0587942730171885,58,2026-09-28,2026-09-28,1.0
2026-09-28,60,XLRE,equity,IWM,0.2161632630050133,58,2026-09-28,2026-09-28,1.0
2026-09-28,60,XLRE,rates,TLT,0.3682294093912988,58,2026-09-28,2026-09-28,1.0
2026-09-28,60,XLRE,rates,IEF,0.4084490134254196,58,2026-09-28,2026-09-28,1.0
2026-09-28,60,XLRE,credit,HYG,0.3561500370150012,58,2026-09-28,2026-09-28,1.0
2026-09-28,60,XLRE,credit,LQD,0.3217923664858588,58,2026-09-28,2026-09-28,1.0
2026-09-28,60,XLRE,commodities,USO,-0.2756899674315743,58,2026-09-28,2026-09-28,1.0
2026-09-28,60,XLRE,commodities,GLD,0.0521671203772904,58,2026-09-28,2026-09-28,1.0
2026-09-28,60,XLRE,fx,DX-Y.NYB,-0.0813195288151683,58,2026-09-28,2026-09-28,1.0
2026-09-28,60,XLRE,fx,EURUSD=X,-0.0708532421169586,58,2026-09-28,2026-09-28,1.0
2026-09-28,60,XLRE,volatility,^VIX,-0.0444423266935772,58,2026-09-28,2026-09-28,1.0
2026-09-28,60,XLC,equity,SPY,0.4146924241638107,58,2026-09-28,2026-09-28,1.0
2026-09-28,60,XLC,equity,QQQ,0.1890666617247909,58,2026-09-28,2026-09-28,1.0
2026-09-28,60,XLC,equity,IWM,0.251002981989153,58,2026-09-28,2026-09-28,1.0
2026-09-28,60,XLC,rates,TLT,0.2669322816596375,58,2026-09-28,2026-09-28,1.0
2026-09-28,60,XLC,rates,IEF,0.2684742178856945,58,2026-09-28,2026-09-28,1.0
2026-09-28,60,XLC,credit,HYG,0.3556356182271751,58,2026-09-28,2026-09-28,1.0
2026-09-28,60,XLC,credit,LQD,0.2742861181038382,58,2026-09-28,2026-09-28,1.0
2026-09-28,60,XLC,commodities,USO,-0.3637000999762562,58,2026-09-28,2026-09-28,1.0
2026-09-28,60,XLC,commodities,GLD,-0.0510298758822971,58,2026-09-28,2026-09-28,1.0
2026-09-28,60,XLC,fx,DX-Y.NYB,0.0238007457321317,58,2026-09-28,2026-09-28,1.0
2026-09-28,60,XLC,fx,EURUSD=X,-0.0633493369472866,58,2026-09-28,2026-09-28,1.0
2026-09-28,60,XLC,volatility,^VIX,-0.1205307231274559,58,2026-09-28,2026-09-28,1.0
2026-09-29,20,XLK,equity,SPY,0.8601612446524828,18,2026-09-29,2026-09-29,1.0
2026-09-29,20,XLK,equity,QQQ,0.9485303428442092,18,2026-09-29,2026-09-29,1.0
2026-09-29,20,XLK,equity,IWM,0.5709080178689403,18,2026-09-29,2026-09-29,1.0
2026-09-29,20,XLK,rates,TLT,0.6640013145856769,18,2026-09-29,2026-09-29,1.0
2026-09-29,20,XLK,rates,IEF,0.6578523875926066,18,2026-09-29,2026-09-29,1.0
2026-09-29,20,XLK,credit,HYG,0.7012819197354606,18,2026-09-29,2026-09-29,1.0
2026-09-29,20,XLK,credit,LQD,0.6445788120119318,18,2026-09-29,2026-09-29,1.0
2026-09-29,20,XLK,commodities,USO,-0.5843731169816755,18,2026-09-29,2026-09-29,1.0
2026-09-29,20,XLK,commodities,GLD,0.5150057421388402,18,2026-09-29,2026-09-29,1.0
2026-09-29,20,XLK,fx,DX-Y.NYB,-0.4377060500295425,18,2026-09-29,2026-09-29,1.0
2026-09-29,20,XLK,fx,EURUSD=X,-0.059600967051038,18,2026-09-29,2026-09-29,1.0
2026-09-29,20,XLK,volatility,^VIX,-0.7219291060666437,18,2026-09-29,2026-09-29,1.0
2026-09-29,20,XLF,equity,SPY,0.6545616422353003,18,2026-09-29,2026-09-29,1.0
2026-09-29,20,XLF,equity,QQQ,0.3820221260012607,18,2026-09-29,2026-09-29,1.0
2026-09-29,20,XLF,equity,IWM,0.3403062461366966,18,2026-09-29,2026-09-29,1.0
2026-09-29,20,XLF,rates,TLT,0.1840135889950733,18,2026-09-29,2026-09-29,1.0
2026-09-29,20,XLF,rates,IEF,0.2661865475396172,18,2026-09-29,2026-09-29,1.0
2026-09-29,20,XLF,credit,HYG,0.2615759399362164,18,2026-09-29,2026-09-29,1.0
2026-09-29,20,XLF,credit,LQD,0.2091598149441239,18,2026-09-29,2026-09-29,1.0
2026-09-29,20,XLF,commodities,USO,0.0360665392387672,18,2026-09-29,2026-09-29,1.0
2026-09-29,20,XLF,commodities,GLD,0.4809000489576381,18,2026-09-29,2026-09-29,1.0
2026-09-29,20,XLF,fx,DX-Y.NYB,-0.710712901349061,18,2026-09-29,2026-09-29,1.0
2026-09-29,20,XLF,fx,EURUSD=X,-0.1559904864583161,18,2026-09-29,2026-09-29,1.0
2026-09-29,20,XLF,volatility,^VIX,-0.4474342075505385,18,2026-09-29,2026-09-29,1.0
2026-09-29,20,XLV,equity,SPY,0.3761647451310007,18,2026-09-29,2026-09-29,1.0
2026-09-29,20,XLV,equity,QQQ,0.2654108621446633,18,2026-09-29,2026-09-29,1.0
2026-09-29,20,XLV,equity,IWM,0.467925966801407,18,2026-09-29,2026-09-29,1.0
2026-09-29,20,XLV,rates,TLT,0.3875166629793241,18,2026-09-29,2026-09-29,1.0
2026-09-29,20,XLV,rates,IEF,0.4759614352318765,18,2026-09-29,2026-09-29,1.0
2026-09-29,20,XLV,credit,HYG,0.4625168401792904,18,2026-09-29,2026-09-29,1.0
2026-09-29,20,XLV,credit,LQD,0.4022376290844385,18,2026-09-29,2026-09-29,1.0
2026-09-29,20,XLV,commodities,USO,-0.2118339516227399,18,2026-09-29,2026-09-29,1.0
2026-09-29,20,XLV,commodities,GLD,0.0604977017944564,18,2026-09-29,2026-09-29,1.0
2026-09-29,20,XLV,fx,DX-Y.NYB,-0.1377414700025942,18,2026-09-29,2026-09-29,1.0
2026-09-29,20,XLV,fx,EURUSD=X,-0.4770628010363011,18,2026-09-29,2026-09-29,1.0
2026-09-29,20,XLV,volatility,^VIX,-0.1488444297388613,18,2026-09-29,2026-09-29,1.0
2026-09-29,20,XLE,equity,SPY,-0.1965078108093346,18,2026-09-29,2026-09-29,1.0
2026-09-29,20,XLE,equity,QQQ,-0.3614480276013165,18,2026-09-29,2026-09-29,1.0
2026-09-29,20,XLE,equity,IWM,-0.2730654529856735,18,2026-09-29,2026-09-29,1.0
2026-09-29,20,XLE,rates,TLT,-0.3300066414297058,18,2026-09-29,2026-09-29,1.0
2026-09-29,20,XLE,rates,IEF,-0.2913470473746212,18,2026-09-29,2026-09-29,1.0
2026-09-29,20,XLE,credit,HYG,-0.3334288406633871,18,2026-09-29,2026-09-29,1.0
2026-09-29,20,XLE,credit,LQD,-0.2800239413140054,18,2026-09-29,2026-09-29,1.0
2026-09-29,20,XLE,commodities,USO,0.6195899228075226,18,2026-09-29,2026-09-29,1.0
2026-09-29,20,XLE,commodities,GLD,0.1255327286104718,18,2026-09-29,2026-09-29,1.0
2026-09-29,20,XLE,fx,DX-Y.NYB,-0.2176061325448993,18,2026-09-29,2026-09-29,1.0
2026-09-29,20,XLE,fx,EURUSD=X,-0.4619335315862599,18,2026-09-29,2026-09-29,1.0
2026-09-29,20,XLE,volatility,^VIX,-0.1238501435478426,18,2026-09-29,2026-09-29,1.0
2026-09-29,20,XLY,equity,SPY,0.8938376000522843,18,2026-09-29,2026-09-29,1.0
2026-09-29,20,XLY,equity,QQQ,0.7921009741283266,18,2026-09-29,2026-09-29,1.0
2026-09-29,20,XLY,equity,IWM,0.7100232407560854,18,2026-09-29,2026-09-29,1.0
2026-09-29,20,XLY,rates,TLT,0.60262874626847,18,2026-09-29,2026-09-29,1.0
2026-09-29,20,XLY,rates,IEF,0.6217485192085532,18,2026-09-29,2026-09-29,1.0
2026-09-29,20,XLY,credit,HYG,0.6956783401727459,18,2026-09-29,2026-09-29,1.0
2026-09-29,20,XLY,credit,LQD,0.5815521563751694,18,2026-09-29,2026-09-29,1.0
2026-09-29,20,XLY,commodities,USO,-0.5123469014300024,18,2026-09-29,2026-09-29,1.0
2026-09-29,20,XLY,commodities,GLD,0.522423242331353,18,2026-09-29,2026-09-29,1.0
2026-09-29,20,XLY,fx,DX-Y.NYB,-0.4962845048933244,18,2026-09-29,2026-09-29,1.0
2026-09-29,20,XLY,fx,EURUSD=X,-0.22259119930095,18,2026-09-29,2026-09-29,1.0
2026-09-29,20,XLY,volatility,^VIX,-0.6561314308449292,18,2026-09-29,2026-09-29,1.0
2026-09-29,20,XLP,equity,SPY,0.1319791638917119,18,2026-09-29,2026-09-29,1.0
2026-09-29,20,XLP,equity,QQQ,-0.0090909563030627,18,2026-09-29,2026-09-29,1.0
2026-09-29,20,XLP,equity,IWM,0.3667814755704692,18,2026-09-29,2026-09-29,1.0
2026-09-29,20,XLP,rates,TLT,0.2700466386088374,18,2026-09-29,2026-09-29,1.0
2026-09-29,20,XLP,rates,IEF,0.2464450440341787,18,2026-09-29,2026-09-29,1.0
2026-09-29,20,XLP,credit,HYG,0.1917732289601924,18,2026-09-29,2026-09-29,1.0
2026-09-29,20,XLP,credit,LQD,0.1700539784822938,18,2026-09-29,2026-09-29,1.0
2026-09-29,20,XLP,commodities,USO,-0.1947444264790643,18,2026-09-29,2026-09-29,1.0
2026-09-29,20,XLP,commodities,GLD,-0.1521017234111371,18,2026-09-29,2026-09-29,1.0
2026-09-29,20,XLP,fx,DX-Y.NYB,-0.0245298346206322,18,2026-09-29,2026-09-29,1.0
2026-09-29,20,XLP,fx,EURUSD=X,-0.098075786934217,18,2026-09-29,2026-09-29,1.0
2026-09-29,20,XLP,volatility,^VIX,-0.1732531877763123,18,2026-09-29,2026-09-29,1.0
2026-09-29,20,XLI,equity,SPY,0.6692867403806457,18,2026-09-29,2026-09-29,1.0
2026-09-29,20,XLI,equity,QQQ,0.6467254478793766,18,2026-09-29,2026-09-29,1.0
2026-09-29,20,XLI,equity,IWM,0.557117339555061,18,2026-09-29,2026-09-29,1.0
2026-09-29,20,XLI,rates,TLT,0.4050009355481371,18,2026-09-29,2026-09-29,1.0
2026-09-29,20,XLI,rates,IEF,0.4157760685442045,18,2026-09-29,2026-09-29,1.0
2026-09-29,20,XLI,credit,HYG,0.4087265609797297,18,2026-09-29,2026-09-29,1.0
2026-09-29,20,XLI,credit,LQD,0.3739455374088353,18,2026-09-29,2026-09-29,1.0
2026-09-29,20,XLI,commodities,USO,-0.6074189071335887,18,2026-09-29,2026-09-29,1.0
2026-09-29,20,XLI,commodities,GLD,0.4678712028311097,18,2026-09-29,2026-09-29,1.0
2026-09-29,20,XLI,fx,DX-Y.NYB,-0.4493576529727256,18,2026-09-29,2026-09-29,1.0
2026-09-29,20,XLI,fx,EURUSD=X,0.1176541716950225,18,2026-09-29,2026-09-29,1.0
2026-09-29,20,XLI,volatility,^VIX,-0.7209732400546957,18,2026-09-29,2026-09-29,1.0
2026-09-29,20,XLB,equity,SPY,0.3797109534860328,18,2026-09-29,2026-09-29,1.0
2026-09-29,20,XLB,equity,QQQ,0.3371155730080685,18,2026-09-29,2026-09-29,1.0
2026-09-29,20,XLB,equity,IWM,0.6351511820092901,18,2026-09-29,2026-09-29,1.0
2026-09-29,20,XLB,rates,TLT,0.4991000518281621,18,2026-09-29,2026-09-29,1.0
2026-09-29,20,XLB,rates,IEF,0.530524923972765,18,2026-09-29,2026-09-29,1.0
2026-09-29,20,XLB,credit,HYG,0.4500652885397975,18,2026-09-29,2026-09-29,1.0
2026-09-29,20,XLB,credit,LQD,0.4986582916533212,18,2026-09-29,2026-09-29,1.0
2026-09-29,20,XLB,commodities,USO,-0.3127096654947414,18,2026-09-29,2026-09-29,1.0
2026-09-29,20,XLB,commodities,GLD,0.3643487190615425,18,2026-09-29,2026-09-29,1.0
2026-09-29,20,XLB,fx,DX-Y.NYB,-0.2352330496015062,18,2026-09-29,2026-09-29,1.0
2026-09-29,20,XLB,fx,EURUSD=X,-0.2749183994524848,18,2026-09-29,2026-09-29,1.0
2026-09-29,20,XLB,volatility,^VIX,-0.610190010879771,18,2026-09-29,2026-09-29,1.0
2026-09-29,20,XLU,equity,SPY,0.5353000161641691,18,2026-09-29,2026-09-29,1.0
2026-09-29,20,XLU,equity,QQQ,0.5112912221137466,18,2026-09-29,2026-09-29,1.0
2026-09-29,20,XLU,equity,IWM,0.6605017296208696,18,2026-09-29,2026-09-29,1.0
2026-09-29,20,XLU,rates,TLT,0.613877859327273,18,2026-09-29,2026-09-29,1.0
2026-09-29,20,XLU,rates,IEF,0.7179983539381581,18,2026-09-29,2026-09-29,1.0
2026-09-29,20,XLU,credit,HYG,0.658239006891672,18,2026-09-29,2026-09-29,1.0
2026-09-29,20,XLU,credit,LQD,0.6687834388014783,18,2026-09-29,2026-09-29,1.0
2026-09-29,20,XLU,commodities,USO,-0.6069852097947267,18,2026-09-29,2026-09-29,1.0
2026-09-29,20,XLU,commodities,GLD,0.5298119800168397,18,2026-09-29,2026-09-29,1.0
2026-09-29,20,XLU,fx,DX-Y.NYB,-0.4672660060208728,18,2026-09-29,2026-09-29,1.0
2026-09-29,20,XLU,fx,EURUSD=X,-0.0171702056538706,18,2026-09-29,2026-09-29,1.0
2026-09-29,20,XLU,volatility,^VIX,-0.5830815501142335,18,2026-09-29,2026-09-29,1.0
2026-09-29,20,XLRE,equity,SPY,0.8041763894337711,18,2026-09-29,2026-09-29,1.0
2026-09-29,20,XLRE,equity,QQQ,0.7253540131094756,18,2026-09-29,2026-09-29,1.0
2026-09-29,20,XLRE,equity,IWM,0.6209672949177899,18,2026-09-29,2026-09-29,1.0
2026-09-29,20,XLRE,rates,TLT,0.6177432983139565,18,2026-09-29,2026-09-29,1.0
2026-09-29,20,XLRE,rates,IEF,0.6373367296651037,18,2026-09-29,2026-09-29,1.0
2026-09-29,20,XLRE,credit,HYG,0.6707891844689431,18,2026-09-29,2026-09-29,1.0
2026-09-29,20,XLRE,credit,LQD,0.6105306642919843,18,2026-09-29,2026-09-29,1.0
2026-09-29,20,XLRE,commodities,USO,-0.4549697799900401,18,2026-09-29,2026-09-29,1.0
2026-09-29,20,XLRE,commodities,GLD,0.3946788318537396,18,2026-09-29,2026-09-29,1.0
2026-09-29,20,XLRE,fx,DX-Y.NYB,-0.4705844103996177,18,2026-09-29,2026-09-29,1.0
2026-09-29,20,XLRE,fx,EURUSD=X,-0.2005862968500435,18,2026-09-29,2026-09-29,1.0
2026-09-29,20,XLRE,volatility,^VIX,-0.5762527952017746,18,2026-09-29,2026-09-29,1.0
2026-09-29,20,XLC,equity,SPY,0.5066699593326269,18,2026-09-29,2026-09-29,1.0
2026-09-29,20,XLC,equity,QQQ,0.4113462955279266,18,2026-09-29,2026-09-29,1.0
2026-09-29,20,XLC,equity,IWM,0.3647403914589187,18,2026-09-29,2026-09-29,1.0
2026-09-29,20,XLC,rates,TLT,0.2592514847555269,18,2026-09-29,2026-09-29,1.0
2026-09-29,20,XLC,rates,IEF,0.2469285677582968,18,2026-09-29,2026-09-29,1.0
2026-09-29,20,XLC,credit,HYG,0.2974886916813026,18,2026-09-29,2026-09-29,1.0
2026-09-29,20,XLC,credit,LQD,0.2330627796577072,18,2026-09-29,2026-09-29,1.0
2026-09-29,20,XLC,commodities,USO,-0.0839914848034841,18,2026-09-29,2026-09-29,1.0
2026-09-29,20,XLC,commodities,GLD,0.0809882209961387,18,2026-09-29,2026-09-29,1.0
2026-09-29,20,XLC,fx,DX-Y.NYB,-0.0374628219313705,18,2026-09-29,2026-09-29,1.0
2026-09-29,20,XLC,fx,EURUSD=X,-0.1261320029302384,18,2026-09-29,2026-09-29,1.0
2026-09-29,20,XLC,volatility,^VIX,-0.0045802384280035,18,2026-09-29,2026-09-29,1.0
2026-09-29,60,XLK,equity,SPY,0.7880183113567546,58,2026-09-29,2026-09-29,1.0
2026-09-29,60,XLK,equity,QQQ,0.9433318118035728,58,2026-09-29,2026-09-29,1.0
2026-09-29,60,XLK,equity,IWM,0.6667932870123239,58,2026-09-29,2026-09-29,1.0
2026-09-29,60,XLK,rates,TLT,0.2579716556791607,58,2026-09-29,2026-09-29,1.0
2026-09-29,60,XLK,rates,IEF,0.3295285790082588,58,2026-09-29,2026-09-29,1.0
2026-09-29,60,XLK,credit,HYG,0.4969942349506816,58,2026-09-29,2026-09-29,1.0
2026-09-29,60,XLK,credit,LQD,0.3736453771793267,58,2026-09-29,2026-09-29,1.0
2026-09-29,60,XLK,commodities,USO,-0.3618442258255495,58,2026-09-29,2026-09-29,1.0
2026-09-29,60,XLK,commodities,GLD,0.3736201463993232,58,2026-09-29,2026-09-29,1.0
2026-09-29,60,XLK,fx,DX-Y.NYB,-0.2542788081840775,58,2026-09-29,2026-09-29,1.0
2026-09-29,60,XLK,fx,EURUSD=X,-0.058109285792217,58,2026-09-29,2026-09-29,1.0
2026-09-29,60,XLK,volatility,^VIX,-0.6001633707147295,58,2026-09-29,2026-09-29,1.0
2026-09-29,60,XLF,equity,SPY,0.538056585253787,58,2026-09-29,2026-09-29,1.0
2026-09-29,60,XLF,equity,QQQ,0.2389699513627266,58,2026-09-29,2026-09-29,1.0
2026-09-29,60,XLF,equity,IWM,0.4243636084206913,58,2026-09-29,2026-09-29,1.0
2026-09-29,60,XLF,rates,TLT,0.3641598173367611,58,2026-09-29,2026-09-29,1.0
2026-09-29,60,XLF,rates,IEF,0.3907256740680876,58,2026-09-29,2026-09-29,1.0
2026-09-29,60,XLF,credit,HYG,0.4184761697680682,58,2026-09-29,2026-09-29,1.0
2026-09-29,60,XLF,credit,LQD,0.3627959034020231,58,2026-09-29,2026-09-29,1.0
2026-09-29,60,XLF,commodities,USO,-0.3939761470863901,58,2026-09-29,2026-09-29,1.0
2026-09-29,60,XLF,commodities,GLD,0.1540891749645584,58,2026-09-29,2026-09-29,1.0
2026-09-29,60,XLF,fx,DX-Y.NYB,-0.1657636983700303,58,2026-09-29,2026-09-29,1.0
2026-09-29,60,XLF,fx,EURUSD=X,0.0093371275618687,58,2026-09-29,2026-09-29,1.0
2026-09-29,60,XLF,volatility,^VIX,-0.3796763187759959,58,2026-09-29,2026-09-29,1.0
2026-09-29,60,XLV,equity,SPY,-0.0182274942256979,58,2026-09-29,2026-09-29,1.0
2026-09-29,60,XLV,equity,QQQ,-0.2467409296154293,58,2026-09-29,2026-09-29,1.0
2026-09-29,60,XLV,equity,IWM,0.1323597908501866,58,2026-09-29,2026-09-29,1.0
2026-09-29,60,XLV,rates,TLT,0.3780102398934389,58,2026-09-29,2026-09-29,1.0
2026-09-29,60,XLV,rates,IEF,0.2734293759396055,58,2026-09-29,2026-09-29,1.0
2026-09-29,60,XLV,credit,HYG,0.1217269012511099,58,2026-09-29,2026-09-29,1.0
2026-09-29,60,XLV,credit,LQD,0.2457170521775639,58,2026-09-29,2026-09-29,1.0
2026-09-29,60,XLV,commodities,USO,-0.134576313007012,58,2026-09-29,2026-09-29,1.0
2026-09-29,60,XLV,commodities,GLD,0.0854837553799667,58,2026-09-29,2026-09-29,1.0
2026-09-29,60,XLV,fx,DX-Y.NYB,-0.0184401606390827,58,2026-09-29,2026-09-29,1.0
2026-09-29,60,XLV,fx,EURUSD=X,-0.132035658960998,58,2026-09-29,2026-09-29,1.0
2026-09-29,60,XLV,volatility,^VIX,0.0487775581217338,58,2026-09-29,2026-09-29,1.0
2026-09-29,60,XLE,equity,SPY,-0.344279268894723,58,2026-09-29,2026-09-29,1.0
2026-09-29,60,XLE,equity,QQQ,-0.3256579787289126,58,2026-09-29,2026-09-29,1.0
2026-09-29,60,XLE,equity,IWM,-0.3933160267418621,58,2026-09-29,2026-09-29,1.0
2026-09-29,60,XLE,rates,TLT,-0.4612939225933904,58,2026-09-29,2026-09-29,1.0
2026-09-29,60,XLE,rates,IEF,-0.4410750085832251,58,2026-09-29,2026-09-29,1.0
2026-09-29,60,XLE,credit,HYG,-0.3658643478684764,58,2026-09-29,2026-09-29,1.0
2026-09-29,60,XLE,credit,LQD,-0.4506835625953681,58,2026-09-29,2026-09-29,1.0
2026-09-29,60,XLE,commodities,USO,0.7357392476294462,58,2026-09-29,2026-09-29,1.0
2026-09-29,60,XLE,commodities,GLD,-0.1764846207070014,58,2026-09-29,2026-09-29,1.0
2026-09-29,60,XLE,fx,DX-Y.NYB,0.0075116317731526,58,2026-09-29,2026-09-29,1.0
2026-09-29,60,XLE,fx,EURUSD=X,-0.0449713911116686,58,2026-09-29,2026-09-29,1.0
2026-09-29,60,XLE,volatility,^VIX,0.2228290638168549,58,2026-09-29,2026-09-29,1.0
2026-09-29,60,XLY,equity,SPY,0.6627844420699092,58,2026-09-29,2026-09-29,1.0
2026-09-29,60,XLY,equity,QQQ,0.4390445559361632,58,2026-09-29,2026-09-29,1.0
2026-09-29,60,XLY,equity,IWM,0.4909968808223439,58,2026-09-29,2026-09-29,1.0
2026-09-29,60,XLY,rates,TLT,0.4158781998306901,58,2026-09-29,2026-09-29,1.0
2026-09-29,60,XLY,rates,IEF,0.4421669243053148,58,2026-09-29,2026-09-29,1.0
2026-09-29,60,XLY,credit,HYG,0.6045125815840573,58,2026-09-29,2026-09-29,1.0
2026-09-29,60,XLY,credit,LQD,0.4724140186782224,58,2026-09-29,2026-09-29,1.0
2026-09-29,60,XLY,commodities,USO,-0.5528516050505379,58,2026-09-29,2026-09-29,1.0
2026-09-29,60,XLY,commodities,GLD,0.3036427979473531,58,2026-09-29,2026-09-29,1.0
2026-09-29,60,XLY,fx,DX-Y.NYB,-0.3771743026901851,58,2026-09-29,2026-09-29,1.0
2026-09-29,60,XLY,fx,EURUSD=X,0.0617361323596482,58,2026-09-29,2026-09-29,1.0
2026-09-29,60,XLY,volatility,^VIX,-0.5820788901754147,58,2026-09-29,2026-09-29,1.0
2026-09-29,60,XLP,equity,SPY,-0.0642615150550188,58,2026-09-29,2026-09-29,1.0
2026-09-29,60,XLP,equity,QQQ,-0.3257051846544361,58,2026-09-29,2026-09-29,1.0
2026-09-29,60,XLP,equity,IWM,-0.0200996708102313,58,2026-09-29,2026-09-29,1.0
2026-09-29,60,XLP,rates,TLT,0.2961083664494651,58,2026-09-29,2026-09-29,1.0
2026-09-29,60,XLP,rates,IEF,0.21950072744203,58,2026-09-29,2026-09-29,1.0
2026-09-29,60,XLP,credit,HYG,0.1228193390924424,58,2026-09-29,2026-09-29,1.0
2026-09-29,60,XLP,credit,LQD,0.1960393908030933,58,2026-09-29,2026-09-29,1.0
2026-09-29,60,XLP,commodities,USO,-0.2804904535068964,58,2026-09-29,2026-09-29,1.0
2026-09-29,60,XLP,commodities,GLD,-0.185146426162542,58,2026-09-29,2026-09-29,1.0
2026-09-29,60,XLP,fx,DX-Y.NYB,0.0903070034210148,58,2026-09-29,2026-09-29,1.0
2026-09-29,60,XLP,fx,EURUSD=X,-0.1394594635497429,58,2026-09-29,2026-09-29,1.0
2026-09-29,60,XLP,volatility,^VIX,0.12068383171122,58,2026-09-29,2026-09-29,1.0
2026-09-29,60,XLI,equity,SPY,0.6130587405324003,58,2026-09-29,2026-09-29,1.0
2026-09-29,60,XLI,equity,QQQ,0.5409105777612245,58,2026-09-29,2026-09-29,1.0
2026-09-29,60,XLI,equity,IWM,0.6373306667287599,58,2026-09-29,2026-09-29,1.0
2026-09-29,60,XLI,rates,TLT,0.3167713055941689,58,2026-09-29,2026-09-29,1.0
2026-09-29,60,XLI,rates,IEF,0.3173166343654544,58,2026-09-29,2026-09-29,1.0
2026-09-29,60,XLI,credit,HYG,0.3455185905117444,58,2026-09-29,2026-09-29,1.0
2026-09-29,60,XLI,credit,LQD,0.3213435015220685,58,2026-09-29,2026-09-29,1.0
2026-09-29,60,XLI,commodities,USO,-0.4882620945313284,58,2026-09-29,2026-09-29,1.0
2026-09-29,60,XLI,commodities,GLD,0.1830448702749531,58,2026-09-29,2026-09-29,1.0
2026-09-29,60,XLI,fx,DX-Y.NYB,-0.0393386581547694,58,2026-09-29,2026-09-29,1.0
2026-09-29,60,XLI,fx,EURUSD=X,0.0616072405104381,58,2026-09-29,2026-09-29,1.0
2026-09-29,60,XLI,volatility,^VIX,-0.4634725589645445,58,2026-09-29,2026-09-29,1.0
2026-09-29,60,XLB,equity,SPY,0.3645227113691713,58,2026-09-29,2026-09-29,1.0
2026-09-29,60,XLB,equity,QQQ,0.179589460646252,58,2026-09-29,2026-09-29,1.0
2026-09-29,60,XLB,equity,IWM,0.4838780694666135,58,2026-09-29,2026-09-29,1.0
2026-09-29,60,XLB,rates,TLT,0.4473629619544458,58,2026-09-29,2026-09-29,1.0
2026-09-29,60,XLB,rates,IEF,0.4418209296892995,58,2026-09-29,2026-09-29,1.0
2026-09-29,60,XLB,credit,HYG,0.4045354025851146,58,2026-09-29,2026-09-29,1.0
2026-09-29,60,XLB,credit,LQD,0.4018018057569575,58,2026-09-29,2026-09-29,1.0
2026-09-29,60,XLB,commodities,USO,-0.4202472481717831,58,2026-09-29,2026-09-29,1.0
2026-09-29,60,XLB,commodities,GLD,0.4022851167662067,58,2026-09-29,2026-09-29,1.0
2026-09-29,60,XLB,fx,DX-Y.NYB,-0.177103388356477,58,2026-09-29,2026-09-29,1.0
2026-09-29,60,XLB,fx,EURUSD=X,-0.1048029556758319,58,2026-09-29,2026-09-29,1.0
2026-09-29,60,XLB,volatility,^VIX,-0.3383801696824191,58,2026-09-29,2026-09-29,1.0
2026-09-29,60,XLU,equity,SPY,0.1127819207282513,58,2026-09-29,2026-09-29,1.0
2026-09-29,60,XLU,equity,QQQ,0.0435286971973949,58,2026-09-29,2026-09-29,1.0
2026-09-29,60,XLU,equity,IWM,0.181328665378351,58,2026-09-29,2026-09-29,1.0
2026-09-29,60,XLU,rates,TLT,0.3413079195755444,58,2026-09-29,2026-09-29,1.0
2026-09-29,60,XLU,rates,IEF,0.3583050660977832,58,2026-09-29,2026-09-29,1.0
2026-09-29,60,XLU,credit,HYG,0.2390506287307892,58,2026-09-29,2026-09-29,1.0
2026-09-29,60,XLU,credit,LQD,0.3000283501152763,58,2026-09-29,2026-09-29,1.0
2026-09-29,60,XLU,commodities,USO,-0.1233829259281119,58,2026-09-29,2026-09-29,1.0
2026-09-29,60,XLU,commodities,GLD,0.0307159978240877,58,2026-09-29,2026-09-29,1.0
2026-09-29,60,XLU,fx,DX-Y.NYB,-0.0299563739716619,58,2026-09-29,2026-09-29,1.0
2026-09-29,60,XLU,fx,EURUSD=X,-0.0961382181363021,58,2026-09-29,2026-09-29,1.0
2026-09-29,60,XLU,volatility,^VIX,-0.117396292200452,58,2026-09-29,2026-09-29,1.0
2026-09-29,60,XLRE,equity,SPY,0.2160007785733448,58,2026-09-29,2026-09-29,1.0
2026-09-29,60,XLRE,equity,QQQ,-0.01087639561213,58,2026-09-29,2026-09-29,1.0
2026-09-29,60,XLRE,equity,IWM,0.2544362705277619,58,2026-09-29,2026-09-29,1.0
2026-09-29,60,XLRE,rates,TLT,0.4311018462492455,58,2026-09-29,2026-09-29,1.0
2026-09-29,60,XLRE,rates,IEF,0.4694957163928708,58,2026-09-29,2026-09-29,1.0
2026-09-29,60,XLRE,credit,HYG,0.3787193776301688,58,2026-09-29,2026-09-29,1.0
2026-09-29,60,XLRE,credit,LQD,0.3946390593740691,58,2026-09-29,2026-09-29,1.0
2026-09-29,60,XLRE,commodities,USO,-0.3210036814287933,58,2026-09-29,2026-09-29,1.0
2026-09-29,60,XLRE,commodities,GLD,0.0809693732349768,58,2026-09-29,2026-09-29,1.0
2026-09-29,60,XLRE,fx,DX-Y.NYB,-0.1131269841877227,58,2026-09-29,2026-09-29,1.0
2026-09-29,60,XLRE,fx,EURUSD=X,-0.0784147497005069,58,2026-09-29,2026-09-29,1.0
2026-09-29,60,XLRE,volatility,^VIX,-0.0626299842197282,58,2026-09-29,2026-09-29,1.0
2026-09-29,60,XLC,equity,SPY,0.4229891982259735,58,2026-09-29,2026-09-29,1.0
2026-09-29,60,XLC,equity,QQQ,0.2082221228644033,58,2026-09-29,2026-09-29,1.0
2026-09-29,60,XLC,equity,IWM,0.2611972132628568,58,2026-09-29,2026-09-29,1.0
2026-09-29,60,XLC,rates,TLT,0.2833853035745589,58,2026-09-29,2026-09-29,1.0
2026-09-29,60,XLC,rates,IEF,0.2851383966850632,58,2026-09-29,2026-09-29,1.0
2026-09-29,60,XLC,credit,HYG,0.3561027159725659,58,2026-09-29,2026-09-29,1.0
2026-09-29,60,XLC,credit,LQD,0.2975710397049787,58,2026-09-29,2026-09-29,1.0
2026-09-29,60,XLC,commodities,USO,-0.3763634312635326,58,2026-09-29,2026-09-29,1.0
2026-09-29,60,XLC,commodities,GLD,-0.0414359216802639,58,2026-09-29,2026-09-29,1.0
2026-09-29,60,XLC,fx,DX-Y.NYB,0.01716812083935,58,2026-09-29,2026-09-29,1.0
2026-09-29,60,XLC,fx,EURUSD=X,-0.0653755547407952,58,2026-09-29,2026-09-29,1.0
2026-09-29,60,XLC,volatility,^VIX,-0.1258645382580524,58,2026-09-29,2026-09-29,1.0
2026-09-30,20,XLK,equity,SPY,0.8701320991942016,18,2026-09-30,2026-09-30,0.998148148148148
2026-09-30,20,XLK,equity,QQQ,0.9487664252757227,18,2026-09-30,2026-09-30,0.998148148148148
2026-09-30,20,XLK,equity,IWM,0.6693416723531764,18,2026-09-30,2026-09-30,0.998148148148148
2026-09-30,20,XLK,rates,TLT,0.6686062485063499,18,2026-09-30,2026-09-30,0.998148148148148
2026-09-30,20,XLK,rates,IEF,0.6764607296652088,18,2026-09-30,2026-09-30,0.998148148148148
2026-09-30,20,XLK,credit,HYG,0.7119877732896449,18,2026-09-30,2026-09-30,0.998148148148148
2026-09-30,20,XLK,credit,LQD,0.6605315208536844,18,2026-09-30,2026-09-30,0.998148148148148
2026-09-30,20,XLK,commodities,USO,-0.5705520051603086,18,2026-09-30,2026-09-30,0.998148148148148
2026-09-30,20,XLK,commodities,GLD,0.5504405253703542,18,2026-09-30,2026-09-30,0.998148148148148
2026-09-30,20,XLK,fx,DX-Y.NYB,-0.4617624423357356,18,2026-09-30,2026-09-30,0.998148148148148
2026-09-30,20,XLK,fx,EURUSD=X,-0.0749454223274274,18,2026-09-30,2026-09-30,0.998148148148148
2026-09-30,20,XLK,volatility,^VIX,-0.7568976515167871,18,2026-09-30,2026-09-30,0.998148148148148
2026-09-30,20,XLF,equity,SPY,0.6485473454927212,18,2026-09-30,2026-09-30,0.998148148148148
2026-09-30,20,XLF,equity,QQQ,0.3903029852393763,18,2026-09-30,2026-09-30,0.998148148148148
2026-09-30,20,XLF,equity,IWM,0.2476086447916336,18,2026-09-30,2026-09-30,0.998148148148148
2026-09-30,20,XLF,rates,TLT,0.1744503064296387,18,2026-09-30,2026-09-30,0.998148148148148
2026-09-30,20,XLF,rates,IEF,0.2271377858966256,18,2026-09-30,2026-09-30,0.998148148148148
2026-09-30,20,XLF,credit,HYG,0.2428425625864914,18,2026-09-30,2026-09-30,0.998148148148148
2026-09-30,20,XLF,credit,LQD,0.1773040724147261,18,2026-09-30,2026-09-30,0.998148148148148
2026-09-30,20,XLF,commodities,USO,0.0012241171826976,18,2026-09-30,2026-09-30,0.998148148148148
2026-09-30,20,XLF,commodities,GLD,0.4365599159926867,18,2026-09-30,2026-09-30,0.998148148148148
2026-09-30,20,XLF,fx,DX-Y.NYB,-0.6674382113360866,18,2026-09-30,2026-09-30,0.998148148148148
2026-09-30,20,XLF,fx,EURUSD=X,-0.0928754581463497,18,2026-09-30,2026-09-30,0.998148148148148
2026-09-30,20,XLF,volatility,^VIX,-0.4091310394367544,18,2026-09-30,2026-09-30,0.998148148148148
2026-09-30,20,XLV,equity,SPY,0.3501604221110705,18,2026-09-30,2026-09-30,0.998148148148148
2026-09-30,20,XLV,equity,QQQ,0.238877572580974,18,2026-09-30,2026-09-30,0.998148148148148
2026-09-30,20,XLV,equity,IWM,0.3806615624217191,18,2026-09-30,2026-09-30,0.998148148148148
2026-09-30,20,XLV,rates,TLT,0.3719242899886533,18,2026-09-30,2026-09-30,0.998148148148148
2026-09-30,20,XLV,rates,IEF,0.3939552936808184,18,2026-09-30,2026-09-30,0.998148148148148
2026-09-30,20,XLV,credit,HYG,0.4181703735520867,18,2026-09-30,2026-09-30,0.998148148148148
2026-09-30,20,XLV,credit,LQD,0.3460680847095743,18,2026-09-30,2026-09-30,0.998148148148148
2026-09-30,20,XLV,commodities,USO,-0.256985191905331,18,2026-09-30,2026-09-30,0.998148148148148
2026-09-30,20,XLV,commodities,GLD,0.0228618545279467,18,2026-09-30,2026-09-30,0.998148148148148
2026-09-30,20,XLV,fx,DX-Y.NYB,-0.0580048822305453,18,2026-09-30,2026-09-30,0.998148148148148
2026-09-30,20,XLV,fx,EURUSD=X,-0.3201580247784355,18,2026-09-30,2026-09-30,0.998148148148148
2026-09-30,20,XLV,volatility,^VIX,-0.1170163541529032,18,2026-09-30,2026-09-30,0.998148148148148
2026-09-30,20,XLE,equity,SPY,-0.2281534200488667,18,2026-09-30,2026-09-30,0.998148148148148
2026-09-30,20,XLE,equity,QQQ,-0.3652000601350557,18,2026-09-30,2026-09-30,0.998148148148148
2026-09-30,20,XLE,equity,IWM,-0.3959390776175128,18,2026-09-30,2026-09-30,0.998148148148148
2026-09-30,20,XLE,rates,TLT,-0.3626433994503028,18,2026-09-30,2026-09-30,0.998148148148148
2026-09-30,20,XLE,rates,IEF,-0.3232358093000234,18,2026-09-30,2026-09-30,0.998148148148148
2026-09-30,20,XLE,credit,HYG,-0.3658817531995623,18,2026-09-30,2026-09-30,0.998148148148148
2026-09-30,20,XLE,credit,LQD,-0.3138819768158795,18,2026-09-30,2026-09-30,0.998148148148148
2026-09-30,20,XLE,commodities,USO,0.6277026142188303,18,2026-09-30,2026-09-30,0.998148148148148
2026-09-30,20,XLE,commodities,GLD,0.0808337867079482,18,2026-09-30,2026-09-30,0.998148148148148
2026-09-30,20,XLE,fx,DX-Y.NYB,-0.1899335819080569,18,2026-09-30,2026-09-30,0.998148148148148
2026-09-30,20,XLE,fx,EURUSD=X,-0.45886696354263,18,2026-09-30,2026-09-30,0.998148148148148
2026-09-30,20,XLE,volatility,^VIX,-0.0816187450985743,18,2026-09-30,2026-09-30,0.998148148148148
2026-09-30,20,XLY,equity,SPY,0.8902578411388467,18,2026-09-30,2026-09-30,0.998148148148148
2026-09-30,20,XLY,equity,QQQ,0.7976907849726382,18,2026-09-30,2026-09-30,0.998148148148148
2026-09-30,20,XLY,equity,IWM,0.7413660109815869,18,2026-09-30,2026-09-30,0.998148148148148
2026-09-30,20,XLY,rates,TLT,0.5949288249028453,18,2026-09-30,2026-09-30,0.998148148148148
2026-09-30,20,XLY,rates,IEF,0.6156586234760544,18,2026-09-30,2026-09-30,0.998148148148148
2026-09-30,20,XLY,credit,HYG,0.690681739494674,18,2026-09-30,2026-09-30,0.998148148148148
2026-09-30,20,XLY,credit,LQD,0.574951632127915,18,2026-09-30,2026-09-30,0.998148148148148
2026-09-30,20,XLY,commodities,USO,-0.5138368311977849,18,2026-09-30,2026-09-30,0.998148148148148
2026-09-30,20,XLY,commodities,GLD,0.5141544500902259,18,2026-09-30,2026-09-30,0.998148148148148
2026-09-30,20,XLY,fx,DX-Y.NYB,-0.488867579281386,18,2026-09-30,2026-09-30,0.998148148148148
2026-09-30,20,XLY,fx,EURUSD=X,-0.2105784616920104,18,2026-09-30,2026-09-30,0.998148148148148
2026-09-30,20,XLY,volatility,^VIX,-0.6517050624641847,18,2026-09-30,2026-09-30,0.998148148148148
2026-09-30,20,XLP,equity,SPY,0.1356545857383491,18,2026-09-30,2026-09-30,0.998148148148148
2026-09-30,20,XLP,equity,QQQ,-0.0073906599074191,18,2026-09-30,2026-09-30,0.998148148148148
2026-09-30,20,XLP,equity,IWM,0.3142694162738852,18,2026-09-30,2026-09-30,0.998148148148148
2026-09-30,20,XLP,rates,TLT,0.2727558484285901,18,2026-09-30,2026-09-30,0.998148148148148
2026-09-30,20,XLP,rates,IEF,0.2006021513829321,18,2026-09-30,2026-09-30,0.998148148148148
2026-09-30,20,XLP,credit,HYG,0.1819222113270822,18,2026-09-30,2026-09-30,0.998148148148148
2026-09-30,20,XLP,credit,LQD,0.1463529861418233,18,2026-09-30,2026-09-30,0.998148148148148
2026-09-30,20,XLP,commodities,USO,-0.2365213426768977,18,2026-09-30,2026-09-30,0.998148148148148
2026-09-30,20,XLP,commodities,GLD,-0.1649245839929248,18,2026-09-30,2026-09-30,0.998148148148148
2026-09-30,20,XLP,fx,DX-Y.NYB,0.0297647618072851,18,2026-09-30,2026-09-30,0.998148148148148
2026-09-30,20,XLP,fx,EURUSD=X,-0.0023095742798412,18,2026-09-30,2026-09-30,0.998148148148148
2026-09-30,20,XLP,volatility,^VIX,-0.1534242009829303,18,2026-09-30,2026-09-30,0.998148148148148
2026-09-30,20,XLI,equity,SPY,0.6577004199383683,18,2026-09-30,2026-09-30,0.998148148148148
2026-09-30,20,XLI,equity,QQQ,0.608890127955824,18,2026-09-30,2026-09-30,0.998148148148148
2026-09-30,20,XLI,equity,IWM,0.5856276725128705,18,2026-09-30,2026-09-30,0.998148148148148
2026-09-30,20,XLI,rates,TLT,0.4137954280623919,18,2026-09-30,2026-09-30,0.998148148148148
2026-09-30,20,XLI,rates,IEF,0.3884021814277721,18,2026-09-30,2026-09-30,0.998148148148148
2026-09-30,20,XLI,credit,HYG,0.4039736691054086,18,2026-09-30,2026-09-30,0.998148148148148
2026-09-30,20,XLI,credit,LQD,0.361502411121457,18,2026-09-30,2026-09-30,0.998148148148148
2026-09-30,20,XLI,commodities,USO,-0.6122718333407248,18,2026-09-30,2026-09-30,0.998148148148148
2026-09-30,20,XLI,commodities,GLD,0.4674020933538506,18,2026-09-30,2026-09-30,0.998148148148148
2026-09-30,20,XLI,fx,DX-Y.NYB,-0.4142579364107632,18,2026-09-30,2026-09-30,0.998148148148148
2026-09-30,20,XLI,fx,EURUSD=X,0.1695566964526872,18,2026-09-30,2026-09-30,0.998148148148148
2026-09-30,20,XLI,volatility,^VIX,-0.715120226637613,18,2026-09-30,2026-09-30,0.998148148148148
2026-09-30,20,XLB,equity,SPY,0.372568100541349,18,2026-09-30,2026-09-30,0.998148148148148
2026-09-30,20,XLB,equity,QQQ,0.394585034505574,18,2026-09-30,2026-09-30,0.998148148148148
2026-09-30,20,XLB,equity,IWM,0.5288528938455095,18,2026-09-30,2026-09-30,0.998148148148148
2026-09-30,20,XLB,rates,TLT,0.5186893655020081,18,2026-09-30,2026-09-30,0.998148148148148
2026-09-30,20,XLB,rates,IEF,0.531838089070137,18,2026-09-30,2026-09-30,0.998148148148148
2026-09-30,20,XLB,credit,HYG,0.4550024665239074,18,2026-09-30,2026-09-30,0.998148148148148
2026-09-30,20,XLB,credit,LQD,0.4989838387590155,18,2026-09-30,2026-09-30,0.998148148148148
2026-09-30,20,XLB,commodities,USO,-0.384658419112054,18,2026-09-30,2026-09-30,0.998148148148148
2026-09-30,20,XLB,commodities,GLD,0.2776715652554838,18,2026-09-30,2026-09-30,0.998148148148148
2026-09-30,20,XLB,fx,DX-Y.NYB,-0.1489169029734837,18,2026-09-30,2026-09-30,0.998148148148148
2026-09-30,20,XLB,fx,EURUSD=X,-0.2451243897587347,18,2026-09-30,2026-09-30,0.998148148148148
2026-09-30,20,XLB,volatility,^VIX,-0.5855337265822764,18,2026-09-30,2026-09-30,0.998148148148148
2026-09-30,20,XLU,equity,SPY,0.5269116639828578,18,2026-09-30,2026-09-30,0.998148148148148
2026-09-30,20,XLU,equity,QQQ,0.5197269047594119,18,2026-09-30,2026-09-30,0.998148148148148
2026-09-30,20,XLU,equity,IWM,0.6591470927841636,18,2026-09-30,2026-09-30,0.998148148148148
2026-09-30,20,XLU,rates,TLT,0.6082829056226127,18,2026-09-30,2026-09-30,0.998148148148148
2026-09-30,20,XLU,rates,IEF,0.7085167486034194,18,2026-09-30,2026-09-30,0.998148148148148
2026-09-30,20,XLU,credit,HYG,0.6523287615752089,18,2026-09-30,2026-09-30,0.998148148148148
2026-09-30,20,XLU,credit,LQD,0.6603188733060935,18,2026-09-30,2026-09-30,0.998148148148148
2026-09-30,20,XLU,commodities,USO,-0.6215690623316668,18,2026-09-30,2026-09-30,0.998148148148148
2026-09-30,20,XLU,commodities,GLD,0.5097356295200841,18,2026-09-30,2026-09-30,0.998148148148148
2026-09-30,20,XLU,fx,DX-Y.NYB,-0.4554726918844429,18,2026-09-30,2026-09-30,0.998148148148148
2026-09-30,20,XLU,fx,EURUSD=X,0.0088575606685435,18,2026-09-30,2026-09-30,0.998148148148148
2026-09-30,20,XLU,volatility,^VIX,-0.5670363662064398,18,2026-09-30,2026-09-30,0.998148148148148
2026-09-30,20,XLRE,equity,SPY,0.8309006027980168,18,2026-09-30,2026-09-30,0.998148148148148
2026-09-30,20,XLRE,equity,QQQ,0.7102866676333855,18,2026-09-30,2026-09-30,0.998148148148148
2026-09-30,20,XLRE,equity,IWM,0.756530167614853,18,2026-09-30,2026-09-30,0.998148148148148
2026-09-30,20,XLRE,rates,TLT,0.6489534170335957,18,2026-09-30,2026-09-30,0.998148148148148
2026-09-30,20,XLRE,rates,IEF,0.6495196438255673,18,2026-09-30,2026-09-30,0.998148148148148
2026-09-30,20,XLRE,credit,HYG,0.6940592123491404,18,2026-09-30,2026-09-30,0.998148148148148
2026-09-30,20,XLRE,credit,LQD,0.6320663377962314,18,2026-09-30,2026-09-30,0.998148148148148
2026-09-30,20,XLRE,commodities,USO,-0.4724223934324457,18,2026-09-30,2026-09-30,0.998148148148148
2026-09-30,20,XLRE,commodities,GLD,0.4521040276864203,18,2026-09-30,2026-09-30,0.998148148148148
2026-09-30,20,XLRE,fx,DX-Y.NYB,-0.4902808168968006,18,2026-09-30,2026-09-30,0.998148148148148
2026-09-30,20,XLRE,fx,EURUSD=X,-0.1641656880047076,18,2026-09-30,2026-09-30,0.998148148148148
2026-09-30,20,XLRE,volatility,^VIX,-0.632537172176964,18,2026-09-30,2026-09-30,0.998148148148148
2026-09-30,20,XLC,equity,SPY,0.4965860262088074,18,2026-09-30,2026-09-30,0.998148148148148
2026-09-30,20,XLC,equity,QQQ,0.4220247978526347,18,2026-09-30,2026-09-30,0.998148148148148
2026-09-30,20,XLC,equity,IWM,0.3066090211118777,18,2026-09-30,2026-09-30,0.998148148148148
2026-09-30,20,XLC,rates,TLT,0.2449714690597469,18,2026-09-30,2026-09-30,0.998148148148148
2026-09-30,20,XLC,rates,IEF,0.2209744047247583,18,2026-09-30,2026-09-30,0.998148148148148
2026-09-30,20,XLC,credit,HYG,0.2810826595187617,18,2026-09-30,2026-09-30,0.998148148148148
2026-09-30,20,XLC,credit,LQD,0.2092628191592874,18,2026-09-30,2026-09-30,0.998148148148148
2026-09-30,20,XLC,commodities,USO,-0.0977665405204115,18,2026-09-30,2026-09-30,0.998148148148148
2026-09-30,20,XLC,commodities,GLD,0.0266664711711692,18,2026-09-30,2026-09-30,0.998148148148148
2026-09-30,20,XLC,fx,DX-Y.NYB,0.0084772746609935,18,2026-09-30,2026-09-30,0.998148148148148
2026-09-30,20,XLC,fx,EURUSD=X,-0.0969458481507623,18,2026-09-30,2026-09-30,0.998148148148148
2026-09-30,20,XLC,volatility,^VIX,0.0474430289798421,18,2026-09-30,2026-09-30,0.998148148148148
2026-09-30,60,XLK,equity,SPY,0.7952567952969258,58,2026-09-30,2026-09-30,0.998148148148148
2026-09-30,60,XLK,equity,QQQ,0.945022241213862,58,2026-09-30,2026-09-30,0.998148148148148
2026-09-30,60,XLK,equity,IWM,0.6830554900577115,58,2026-09-30,2026-09-30,0.998148148148148
2026-09-30,60,XLK,rates,TLT,0.2557929107816116,58,2026-09-30,2026-09-30,0.998148148148148
2026-09-30,60,XLK,rates,IEF,0.3341301289158701,58,2026-09-30,2026-09-30,0.998148148148148
2026-09-30,60,XLK,credit,HYG,0.4977979433211217,58,2026-09-30,2026-09-30,0.998148148148148
2026-09-30,60,XLK,credit,LQD,0.3761550971719576,58,2026-09-30,2026-09-30,0.998148148148148
2026-09-30,60,XLK,commodities,USO,-0.3714030507647707,58,2026-09-30,2026-09-30,0.998148148148148
2026-09-30,60,XLK,commodities,GLD,0.3796490826181758,58,2026-09-30,2026-09-30,0.998148148148148
2026-09-30,60,XLK,fx,DX-Y.NYB,-0.2501395064327444,58,2026-09-30,2026-09-30,0.998148148148148
2026-09-30,60,XLK,fx,EURUSD=X,-0.0501363531530005,58,2026-09-30,2026-09-30,0.998148148148148
2026-09-30,60,XLK,volatility,^VIX,-0.610974403837399,58,2026-09-30,2026-09-30,0.998148148148148
2026-09-30,60,XLF,equity,SPY,0.5446721392651757,58,2026-09-30,2026-09-30,0.998148148148148
2026-09-30,60,XLF,equity,QQQ,0.2512762788268784,58,2026-09-30,2026-09-30,0.998148148148148
2026-09-30,60,XLF,equity,IWM,0.4090235616226741,58,2026-09-30,2026-09-30,0.998148148148148
2026-09-30,60,XLF,rates,TLT,0.3865004779138721,58,2026-09-30,2026-09-30,0.998148148148148
2026-09-30,60,XLF,rates,IEF,0.3937923475409979,58,2026-09-30,2026-09-30,0.998148148148148
2026-09-30,60,XLF,credit,HYG,0.4322095047900077,58,2026-09-30,2026-09-30,0.998148148148148
2026-09-30,60,XLF,credit,LQD,0.3716964925975797,58,2026-09-30,2026-09-30,0.998148148148148
2026-09-30,60,XLF,commodities,USO,-0.3849340430712267,58,2026-09-30,2026-09-30,0.998148148148148
2026-09-30,60,XLF,commodities,GLD,0.1452605303754548,58,2026-09-30,2026-09-30,0.998148148148148
2026-09-30,60,XLF,fx,DX-Y.NYB,-0.191994538634977,58,2026-09-30,2026-09-30,0.998148148148148
2026-09-30,60,XLF,fx,EURUSD=X,-0.0165819313586461,58,2026-09-30,2026-09-30,0.998148148148148
2026-09-30,60,XLF,volatility,^VIX,-0.3706530306032233,58,2026-09-30,2026-09-30,0.998148148148148
2026-09-30,60,XLV,equity,SPY,-0.0214687734599117,58,2026-09-30,2026-09-30,0.998148148148148
2026-09-30,60,XLV,equity,QQQ,-0.245890937577507,58,2026-09-30,2026-09-30,0.998148148148148
2026-09-30,60,XLV,equity,IWM,0.1185881518780099,58,2026-09-30,2026-09-30,0.998148148148148
2026-09-30,60,XLV,rates,TLT,0.3900196254983221,58,2026-09-30,2026-09-30,0.998148148148148
2026-09-30,60,XLV,rates,IEF,0.2701485364883007,58,2026-09-30,2026-09-30,0.998148148148148
2026-09-30,60,XLV,credit,HYG,0.1297962174790607,58,2026-09-30,2026-09-30,0.998148148148148
2026-09-30,60,XLV,credit,LQD,0.2475654601462785,58,2026-09-30,2026-09-30,0.998148148148148
2026-09-30,60,XLV,commodities,USO,-0.1249585291310629,58,2026-09-30,2026-09-30,0.998148148148148
2026-09-30,60,XLV,commodities,GLD,0.0816506665981559,58,2026-09-30,2026-09-30,0.998148148148148
2026-09-30,60,XLV,fx,DX-Y.NYB,-0.0318630315423776,58,2026-09-30,2026-09-30,0.998148148148148
2026-09-30,60,XLV,fx,EURUSD=X,-0.136064474850724,58,2026-09-30,2026-09-30,0.998148148148148
2026-09-30,60,XLV,volatility,^VIX,0.0590227814023739,58,2026-09-30,2026-09-30,0.998148148148148
2026-09-30,60,XLE,equity,SPY,-0.3369097911433373,58,2026-09-30,2026-09-30,0.998148148148148
2026-09-30,60,XLE,equity,QQQ,-0.3334171531416618,58,2026-09-30,2026-09-30,0.998148148148148
2026-09-30,60,XLE,equity,IWM,-0.3792224093151236,58,2026-09-30,2026-09-30,0.998148148148148
2026-09-30,60,XLE,rates,TLT,-0.458974023472072,58,2026-09-30,2026-09-30,0.998148148148148
2026-09-30,60,XLE,rates,IEF,-0.4371488922251269,58,2026-09-30,2026-09-30,0.998148148148148
2026-09-30,60,XLE,credit,HYG,-0.3574428191555137,58,2026-09-30,2026-09-30,0.998148148148148
2026-09-30,60,XLE,credit,LQD,-0.4478871982634113,58,2026-09-30,2026-09-30,0.998148148148148
2026-09-30,60,XLE,commodities,USO,0.7305246454669293,58,2026-09-30,2026-09-30,0.998148148148148
2026-09-30,60,XLE,commodities,GLD,-0.1661049417702474,58,2026-09-30,2026-09-30,0.998148148148148
2026-09-30,60,XLE,fx,DX-Y.NYB,0.0153238756876427,58,2026-09-30,2026-09-30,0.998148148148148
2026-09-30,60,XLE,fx,EURUSD=X,-0.0182574037329497,58,2026-09-30,2026-09-30,0.998148148148148
2026-09-30,60,XLE,volatility,^VIX,0.2104995170576148,58,2026-09-30,2026-09-30,0.998148148148148
2026-09-30,60,XLY,equity,SPY,0.6630089880996948,58,2026-09-30,2026-09-30,0.998148148148148
2026-09-30,60,XLY,equity,QQQ,0.4499804314465691,58,2026-09-30,2026-09-30,0.998148148148148
2026-09-30,60,XLY,equity,IWM,0.4797857395373129,58,2026-09-30,2026-09-30,0.998148148148148
2026-09-30,60,XLY,rates,TLT,0.4189822537219919,58,2026-09-30,2026-09-30,0.998148148148148
2026-09-30,60,XLY,rates,IEF,0.4405186209710565,58,2026-09-30,2026-09-30,0.998148148148148
2026-09-30,60,XLY,credit,HYG,0.603985975857058,58,2026-09-30,2026-09-30,0.998148148148148
2026-09-30,60,XLY,credit,LQD,0.4733697920350223,58,2026-09-30,2026-09-30,0.998148148148148
2026-09-30,60,XLY,commodities,USO,-0.5466699200800029,58,2026-09-30,2026-09-30,0.998148148148148
2026-09-30,60,XLY,commodities,GLD,0.2966816233239912,58,2026-09-30,2026-09-30,0.998148148148148
2026-09-30,60,XLY,fx,DX-Y.NYB,-0.3932489120646694,58,2026-09-30,2026-09-30,0.998148148148148
2026-09-30,60,XLY,fx,EURUSD=X,0.0372949153496294,58,2026-09-30,2026-09-30,0.998148148148148
2026-09-30,60,XLY,volatility,^VIX,-0.577239169733231,58,2026-09-30,2026-09-30,0.998148148148148
2026-09-30,60,XLP,equity,SPY,-0.0581922493075184,58,2026-09-30,2026-09-30,0.998148148148148
2026-09-30,60,XLP,equity,QQQ,-0.3221907178769673,58,2026-09-30,2026-09-30,0.998148148148148
2026-09-30,60,XLP,equity,IWM,-0.0188802395483639,58,2026-09-30,2026-09-30,0.998148148148148
2026-09-30,60,XLP,rates,TLT,0.3069622458785158,58,2026-09-30,2026-09-30,0.998148148148148
2026-09-30,60,XLP,rates,IEF,0.2193175874771473,58,2026-09-30,2026-09-30,0.998148148148148
2026-09-30,60,XLP,credit,HYG,0.1362871732259733,58,2026-09-30,2026-09-30,0.998148148148148
2026-09-30,60,XLP,credit,LQD,0.2000400492748196,58,2026-09-30,2026-09-30,0.998148148148148
2026-09-30,60,XLP,commodities,USO,-0.2787729871197438,58,2026-09-30,2026-09-30,0.998148148148148
2026-09-30,60,XLP,commodities,GLD,-0.1770852317762704,58,2026-09-30,2026-09-30,0.998148148148148
2026-09-30,60,XLP,fx,DX-Y.NYB,0.0806035334721238,58,2026-09-30,2026-09-30,0.998148148148148
2026-09-30,60,XLP,fx,EURUSD=X,-0.1222146008427934,58,2026-09-30,2026-09-30,0.998148148148148
2026-09-30,60,XLP,volatility,^VIX,0.1177730303103819,58,2026-09-30,2026-09-30,0.998148148148148
2026-09-30,60,XLI,equity,SPY,0.6097360734170982,58,2026-09-30,2026-09-30,0.998148148148148
2026-09-30,60,XLI,equity,QQQ,0.538552409772151,58,2026-09-30,2026-09-30,0.998148148148148
2026-09-30,60,XLI,equity,IWM,0.6293056230257009,58,2026-09-30,2026-09-30,0.998148148148148
2026-09-30,60,XLI,rates,TLT,0.3269091926728609,58,2026-09-30,2026-09-30,0.998148148148148
2026-09-30,60,XLI,rates,IEF,0.3146476649445547,58,2026-09-30,2026-09-30,0.998148148148148
2026-09-30,60,XLI,credit,HYG,0.3517153446123508,58,2026-09-30,2026-09-30,0.998148148148148
2026-09-30,60,XLI,credit,LQD,0.3227241102520463,58,2026-09-30,2026-09-30,0.998148148148148
2026-09-30,60,XLI,commodities,USO,-0.4815964933807086,58,2026-09-30,2026-09-30,0.998148148148148
2026-09-30,60,XLI,commodities,GLD,0.1807815128596804,58,2026-09-30,2026-09-30,0.998148148148148
2026-09-30,60,XLI,fx,DX-Y.NYB,-0.0512732387385192,58,2026-09-30,2026-09-30,0.998148148148148
2026-09-30,60,XLI,fx,EURUSD=X,0.0618007310248385,58,2026-09-30,2026-09-30,0.998148148148148
2026-09-30,60,XLI,volatility,^VIX,-0.4564347903239299,58,2026-09-30,2026-09-30,0.998148148148148
2026-09-30,60,XLB,equity,SPY,0.3651814784682815,58,2026-09-30,2026-09-30,0.998148148148148
2026-09-30,60,XLB,equity,QQQ,0.1940751844356562,58,2026-09-30,2026-09-30,0.998148148148148
2026-09-30,60,XLB,equity,IWM,0.4728550948280069,58,2026-09-30,2026-09-30,0.998148148148148
2026-09-30,60,XLB,rates,TLT,0.4698114312697443,58,2026-09-30,2026-09-30,0.998148148148148
2026-09-30,60,XLB,rates,IEF,0.4493940330678908,58,2026-09-30,2026-09-30,0.998148148148148
2026-09-30,60,XLB,credit,HYG,0.4140692041317892,58,2026-09-30,2026-09-30,0.998148148148148
2026-09-30,60,XLB,credit,LQD,0.4127392525794118,58,2026-09-30,2026-09-30,0.998148148148148
2026-09-30,60,XLB,commodities,USO,-0.413642877199963,58,2026-09-30,2026-09-30,0.998148148148148
2026-09-30,60,XLB,commodities,GLD,0.4033506567236932,58,2026-09-30,2026-09-30,0.998148148148148
2026-09-30,60,XLB,fx,DX-Y.NYB,-0.2031152826287125,58,2026-09-30,2026-09-30,0.998148148148148
2026-09-30,60,XLB,fx,EURUSD=X,-0.1491435872457785,58,2026-09-30,2026-09-30,0.998148148148148
2026-09-30,60,XLB,volatility,^VIX,-0.3285609660855865,58,2026-09-30,2026-09-30,0.998148148148148
2026-09-30,60,XLU,equity,SPY,0.1110152283064912,58,2026-09-30,2026-09-30,0.998148148148148
2026-09-30,60,XLU,equity,QQQ,0.0440322382686485,58,2026-09-30,2026-09-30,0.998148148148148
2026-09-30,60,XLU,equity,IWM,0.1760395896384991,58,2026-09-30,2026-09-30,0.998148148148148
2026-09-30,60,XLU,rates,TLT,0.344815075067184,58,2026-09-30,2026-09-30,0.998148148148148
2026-09-30,60,XLU,rates,IEF,0.3570747769588675,58,2026-09-30,2026-09-30,0.998148148148148
2026-09-30,60,XLU,credit,HYG,0.2407562588176012,58,2026-09-30,2026-09-30,0.998148148148148
2026-09-30,60,XLU,credit,LQD,0.3003866493262866,58,2026-09-30,2026-09-30,0.998148148148148
2026-09-30,60,XLU,commodities,USO,-0.1192122132330502,58,2026-09-30,2026-09-30,0.998148148148148
2026-09-30,60,XLU,commodities,GLD,0.0285271331977878,58,2026-09-30,2026-09-30,0.998148148148148
2026-09-30,60,XLU,fx,DX-Y.NYB,-0.0384708032560197,58,2026-09-30,2026-09-30,0.998148148148148
2026-09-30,60,XLU,fx,EURUSD=X,-0.0997586734367241,58,2026-09-30,2026-09-30,0.998148148148148
2026-09-30,60,XLU,volatility,^VIX,-0.1131866078820109,58,2026-09-30,2026-09-30,0.998148148148148
2026-09-30,60,XLRE,equity,SPY,0.2107979019448881,58,2026-09-30,2026-09-30,0.998148148148148
2026-09-30,60,XLRE,equity,QQQ,-0.0082242174751507,58,2026-09-30,2026-09-30,0.998148148148148
2026-09-30,60,XLRE,equity,IWM,0.2355921661651404,58,2026-09-30,2026-09-30,0.998148148148148
2026-09-30,60,XLRE,rates,TLT,0.4475829777576764,58,2026-09-30,2026-09-30,0.998148148148148
2026-09-30,60,XLRE,rates,IEF,0.4713169004638549,58,2026-09-30,2026-09-30,0.998148148148148
2026-09-30,60,XLRE,credit,HYG,0.3862887594826401,58,2026-09-30,2026-09-30,0.998148148148148
2026-09-30,60,XLRE,credit,LQD,0.4001357688915498,58,2026-09-30,2026-09-30,0.998148148148148
2026-09-30,60,XLRE,commodities,USO,-0.3099995865306701,58,2026-09-30,2026-09-30,0.998148148148148
2026-09-30,60,XLRE,commodities,GLD,0.0716714459499022,58,2026-09-30,2026-09-30,0.998148148148148
2026-09-30,60,XLRE,fx,DX-Y.NYB,-0.1324400920834904,58,2026-09-30,2026-09-30,0.998148148148148
2026-09-30,60,XLRE,fx,EURUSD=X,-0.1003006643470531,58,2026-09-30,2026-09-30,0.998148148148148
2026-09-30,60,XLRE,volatility,^VIX,-0.0455600268152124,58,2026-09-30,2026-09-30,0.998148148148148
2026-09-30,60,XLC,equity,SPY,0.4199112780792051,58,2026-09-30,2026-09-30,0.998148148148148
2026-09-30,60,XLC,equity,QQQ,0.2124314563794306,58,2026-09-30,2026-09-30,0.998148148148148
2026-09-30,60,XLC,equity,IWM,0.2491381097602087,58,2026-09-30,2026-09-30,0.998148148148148
2026-09-30,60,XLC,rates,TLT,0.2862228482160012,58,2026-09-30,2026-09-30,0.998148148148148
2026-09-30,60,XLC,rates,IEF,0.2818521952606198,58,2026-09-30,2026-09-30,0.998148148148148
2026-09-30,60,XLC,credit,HYG,0.3547478282438432,58,2026-09-30,2026-09-30,0.998148148148148
2026-09-30,60,XLC,credit,LQD,0.2966439041107304,58,2026-09-30,2026-09-30,0.998148148148148
2026-09-30,60,XLC,commodities,USO,-0.3690198041341591,58,2026-09-30,2026-09-30,0.998148148148148
2026-09-30,60,XLC,commodities,GLD,-0.0499570984062896,58,2026-09-30,2026-09-30,0.998148148148148
2026-09-30,60,XLC,fx,DX-Y.NYB,0.0090898414408426,58,2026-09-30,2026-09-30,0.998148148148148
2026-09-30,60,XLC,fx,EURUSD=X,-0.0821819931617677,58,2026-09-30,2026-09-30,0.998148148148148
2026-09-30,60,XLC,volatility,^VIX,-0.1157021772326588,58,2026-09-30,2026-09-30,0.998148148148148
2026-10-01,20,XLK,equity,SPY,0.8730271273939316,18,2026-10-01,2026-10-01,1.0
2026-10-01,20,XLK,equity,QQQ,0.9395042207990216,18,2026-10-01,2026-10-01,1.0
2026-10-01,20,XLK,equity,IWM,0.66325533948905,18,2026-10-01,2026-10-01,1.0
2026-10-01,20,XLK,rates,TLT,0.6682911412827223,18,2026-10-01,2026-10-01,1.0
2026-10-01,20,XLK,rates,IEF,0.6735081842166996,18,2026-10-01,2026-10-01,1.0
2026-10-01,20,XLK,credit,HYG,0.7058713790800278,18,2026-10-01,2026-10-01,1.0
2026-10-01,20,XLK,credit,LQD,0.6591620689043141,18,2026-10-01,2026-10-01,1.0
2026-10-01,20,XLK,commodities,USO,-0.5345383900735954,18,2026-10-01,2026-10-01,1.0
2026-10-01,20,XLK,commodities,GLD,0.5343092625521014,18,2026-10-01,2026-10-01,1.0
2026-10-01,20,XLK,fx,DX-Y.NYB,-0.3295672324704486,18,2026-10-01,2026-10-01,1.0
2026-10-01,20,XLK,fx,EURUSD=X,-0.0823885318633184,18,2026-10-01,2026-10-01,1.0
2026-10-01,20,XLK,volatility,^VIX,-0.737716160990583,18,2026-10-01,2026-10-01,1.0
2026-10-01,20,XLF,equity,SPY,0.5789021373423594,18,2026-10-01,2026-10-01,1.0
2026-10-01,20,XLF,equity,QQQ,0.3245499166040177,18,2026-10-01,2026-10-01,1.0
2026-10-01,20,XLF,equity,IWM,0.1768616746096743,18,2026-10-01,2026-10-01,1.0
2026-10-01,20,XLF,rates,TLT,0.140207844323895,18,2026-10-01,2026-10-01,1.0
2026-10-01,20,XLF,rates,IEF,0.2052386750686641,18,2026-10-01,2026-10-01,1.0
2026-10-01,20,XLF,credit,HYG,0.1543858655062624,18,2026-10-01,2026-10-01,1.0
2026-10-01,20,XLF,credit,LQD,0.1399008947619938,18,2026-10-01,2026-10-01,1.0
2026-10-01,20,XLF,commodities,USO,0.0104088815952121,18,2026-10-01,2026-10-01,1.0
2026-10-01,20,XLF,commodities,GLD,0.3253510293467382,18,2026-10-01,2026-10-01,1.0
2026-10-01,20,XLF,fx,DX-Y.NYB,-0.3661107885106728,18,2026-10-01,2026-10-01,1.0
2026-10-01,20,XLF,fx,EURUSD=X,-0.1339430287525055,18,2026-10-01,2026-10-01,1.0
2026-10-01,20,XLF,volatility,^VIX,-0.3537711516637164,18,2026-10-01,2026-10-01,1.0
2026-10-01,20,XLV,equity,SPY,0.2894220843198214,18,2026-10-01,2026-10-01,1.0
2026-10-01,20,XLV,equity,QQQ,0.2001890893224791,18,2026-10-01,2026-10-01,1.0
2026-10-01,20,XLV,equity,IWM,0.232030312521941,18,2026-10-01,2026-10-01,1.0
2026-10-01,20,XLV,rates,TLT,0.239307239461531,18,2026-10-01,2026-10-01,1.0
2026-10-01,20,XLV,rates,IEF,0.2192922648904249,18,2026-10-01,2026-10-01,1.0
2026-10-01,20,XLV,credit,HYG,0.3000246243542169,18,2026-10-01,2026-10-01,1.0
2026-10-01,20,XLV,credit,LQD,0.2026533643552527,18,2026-10-01,2026-10-01,1.0
2026-10-01,20,XLV,commodities,USO,-0.3281141927841335,18,2026-10-01,2026-10-01,1.0
2026-10-01,20,XLV,commodities,GLD,-0.0574916535064753,18,2026-10-01,2026-10-01,1.0
2026-10-01,20,XLV,fx,DX-Y.NYB,-0.1983096789850634,18,2026-10-01,2026-10-01,1.0
2026-10-01,20,XLV,fx,EURUSD=X,-0.2960430324099874,18,2026-10-01,2026-10-01,1.0
2026-10-01,20,XLV,volatility,^VIX,-0.0977299796291021,18,2026-10-01,2026-10-01,1.0
2026-10-01,20,XLE,equity,SPY,-0.1622850355343873,18,2026-10-01,2026-10-01,1.0
2026-10-01,20,XLE,equity,QQQ,-0.3142412086688276,18,2026-10-01,2026-10-01,1.0
2026-10-01,20,XLE,equity,IWM,-0.2424027342903263,18,2026-10-01,2026-10-01,1.0
2026-10-01,20,XLE,rates,TLT,-0.2292113264492375,18,2026-10-01,2026-10-01,1.0
2026-10-01,20,XLE,rates,IEF,-0.154899851568077,18,2026-10-01,2026-10-01,1.0
2026-10-01,20,XLE,credit,HYG,-0.2473271900469864,18,2026-10-01,2026-10-01,1.0
2026-10-01,20,XLE,credit,LQD,-0.1716854004987646,18,2026-10-01,2026-10-01,1.0
2026-10-01,20,XLE,commodities,USO,0.6594065555891018,18,2026-10-01,2026-10-01,1.0
2026-10-01,20,XLE,commodities,GLD,0.1661525470268881,18,2026-10-01,2026-10-01,1.0
2026-10-01,20,XLE,fx,DX-Y.NYB,-0.0796793732670853,18,2026-10-01,2026-10-01,1.0
2026-10-01,20,XLE,fx,EURUSD=X,-0.4152074427928826,18,2026-10-01,2026-10-01,1.0
2026-10-01,20,XLE,volatility,^VIX,-0.0927862682481278,18,2026-10-01,2026-10-01,1.0
2026-10-01,20,XLY,equity,SPY,0.8730728408817919,18,2026-10-01,2026-10-01,1.0
2026-10-01,20,XLY,equity,QQQ,0.7926330849338786,18,2026-10-01,2026-10-01,1.0
2026-10-01,20,XLY,equity,IWM,0.720682486448403,18,2026-10-01,2026-10-01,1.0
2026-10-01,20,XLY,rates,TLT,0.5911274037595449,18,2026-10-01,2026-10-01,1.0
2026-10-01,20,XLY,rates,IEF,0.6031891639251122,18,2026-10-01,2026-10-01,1.0
2026-10-01,20,XLY,credit,HYG,0.6665673485722101,18,2026-10-01,2026-10-01,1.0
2026-10-01,20,XLY,credit,LQD,0.5636559507096803,18,2026-10-01,2026-10-01,1.0
2026-10-01,20,XLY,commodities,USO,-0.5518699767941472,18,2026-10-01,2026-10-01,1.0
2026-10-01,20,XLY,commodities,GLD,0.4371758107612652,18,2026-10-01,2026-10-01,1.0
2026-10-01,20,XLY,fx,DX-Y.NYB,-0.2614723558108542,18,2026-10-01,2026-10-01,1.0
2026-10-01,20,XLY,fx,EURUSD=X,-0.2473499493429178,18,2026-10-01,2026-10-01,1.0
2026-10-01,20,XLY,volatility,^VIX,-0.6324902974174862,18,2026-10-01,2026-10-01,1.0
2026-10-01,20,XLP,equity,SPY,0.1513553934957742,18,2026-10-01,2026-10-01,1.0
2026-10-01,20,XLP,equity,QQQ,-0.0033491896995245,18,2026-10-01,2026-10-01,1.0
2026-10-01,20,XLP,equity,IWM,0.312522311298116,18,2026-10-01,2026-10-01,1.0
2026-10-01,20,XLP,rates,TLT,0.2673740872792498,18,2026-10-01,2026-10-01,1.0
2026-10-01,20,XLP,rates,IEF,0.1902633886705891,18,2026-10-01,2026-10-01,1.0
2026-10-01,20,XLP,credit,HYG,0.1856319381933408,18,2026-10-01,2026-10-01,1.0
2026-10-01,20,XLP,credit,LQD,0.1411706593619048,18,2026-10-01,2026-10-01,1.0
2026-10-01,20,XLP,commodities,USO,-0.2355277779578685,18,2026-10-01,2026-10-01,1.0
2026-10-01,20,XLP,commodities,GLD,-0.1705490400849239,18,2026-10-01,2026-10-01,1.0
2026-10-01,20,XLP,fx,DX-Y.NYB,0.0077476633918803,18,2026-10-01,2026-10-01,1.0
2026-10-01,20,XLP,fx,EURUSD=X,-0.0016501954351964,18,2026-10-01,2026-10-01,1.0
2026-10-01,20,XLP,volatility,^VIX,-0.1614443088480627,18,2026-10-01,2026-10-01,1.0
2026-10-01,20,XLI,equity,SPY,0.5944650058126353,18,2026-10-01,2026-10-01,1.0
2026-10-01,20,XLI,equity,QQQ,0.5532067817330516,18,2026-10-01,2026-10-01,1.0
2026-10-01,20,XLI,equity,IWM,0.5855872647846323,18,2026-10-01,2026-10-01,1.0
2026-10-01,20,XLI,rates,TLT,0.4287679963456922,18,2026-10-01,2026-10-01,1.0
2026-10-01,20,XLI,rates,IEF,0.4201996687693511,18,2026-10-01,2026-10-01,1.0
2026-10-01,20,XLI,credit,HYG,0.3821788528966995,18,2026-10-01,2026-10-01,1.0
2026-10-01,20,XLI,credit,LQD,0.3805427125149456,18,2026-10-01,2026-10-01,1.0
2026-10-01,20,XLI,commodities,USO,-0.535239800104292,18,2026-10-01,2026-10-01,1.0
2026-10-01,20,XLI,commodities,GLD,0.4126033063883177,18,2026-10-01,2026-10-01,1.0
2026-10-01,20,XLI,fx,DX-Y.NYB,-0.0816386266009798,18,2026-10-01,2026-10-01,1.0
2026-10-01,20,XLI,fx,EURUSD=X,0.1586246467530049,18,2026-10-01,2026-10-01,1.0
2026-10-01,20,XLI,volatility,^VIX,-0.6577129682707717,18,2026-10-01,2026-10-01,1.0
2026-10-01,20,XLB,equity,SPY,0.4302727183893152,18,2026-10-01,2026-10-01,1.0
2026-10-01,20,XLB,equity,QQQ,0.424324015452755,18,2026-10-01,2026-10-01,1.0
2026-10-01,20,XLB,equity,IWM,0.5513708641034591,18,2026-10-01,2026-10-01,1.0
2026-10-01,20,XLB,rates,TLT,0.528961777604682,18,2026-10-01,2026-10-01,1.0
2026-10-01,20,XLB,rates,IEF,0.5336297299914968,18,2026-10-01,2026-10-01,1.0
2026-10-01,20,XLB,credit,HYG,0.4857990419163904,18,2026-10-01,2026-10-01,1.0
2026-10-01,20,XLB,credit,LQD,0.5084397316298495,18,2026-10-01,2026-10-01,1.0
2026-10-01,20,XLB,commodities,USO,-0.3688530065640967,18,2026-10-01,2026-10-01,1.0
2026-10-01,20,XLB,commodities,GLD,0.3248320581613049,18,2026-10-01,2026-10-01,1.0
2026-10-01,20,XLB,fx,DX-Y.NYB,-0.2194447829093259,18,2026-10-01,2026-10-01,1.0
2026-10-01,20,XLB,fx,EURUSD=X,-0.2430852186134026,18,2026-10-01,2026-10-01,1.0
2026-10-01,20,XLB,volatility,^VIX,-0.6167794362527345,18,2026-10-01,2026-10-01,1.0
2026-10-01,20,XLU,equity,SPY,0.4541724395068004,18,2026-10-01,2026-10-01,1.0
2026-10-01,20,XLU,equity,QQQ,0.465693931027598,18,2026-10-01,2026-10-01,1.0
2026-10-01,20,XLU,equity,IWM,0.658053179607783,18,2026-10-01,2026-10-01,1.0
2026-10-01,20,XLU,rates,TLT,0.6224583126100469,18,2026-10-01,2026-10-01,1.0
2026-10-01,20,XLU,rates,IEF,0.7312462290651128,18,2026-10-01,2026-10-01,1.0
2026-10-01,20,XLU,credit,HYG,0.6366524155559319,18,2026-10-01,2026-10-01,1.0
2026-10-01,20,XLU,credit,LQD,0.6762449519817957,18,2026-10-01,2026-10-01,1.0
2026-10-01,20,XLU,commodities,USO,-0.5646695183966808,18,2026-10-01,2026-10-01,1.0
2026-10-01,20,XLU,commodities,GLD,0.4552247569151161,18,2026-10-01,2026-10-01,1.0
2026-10-01,20,XLU,fx,DX-Y.NYB,-0.1402714474276057,18,2026-10-01,2026-10-01,1.0
2026-10-01,20,XLU,fx,EURUSD=X,-0.0034848631585863,18,2026-10-01,2026-10-01,1.0
2026-10-01,20,XLU,volatility,^VIX,-0.5122372456319056,18,2026-10-01,2026-10-01,1.0
2026-10-01,20,XLRE,equity,SPY,0.7964545514456425,18,2026-10-01,2026-10-01,1.0
2026-10-01,20,XLRE,equity,QQQ,0.7037218385663883,18,2026-10-01,2026-10-01,1.0
2026-10-01,20,XLRE,equity,IWM,0.7171024967277754,18,2026-10-01,2026-10-01,1.0
2026-10-01,20,XLRE,rates,TLT,0.6382350033585042,18,2026-10-01,2026-10-01,1.0
2026-10-01,20,XLRE,rates,IEF,0.6152391608992543,18,2026-10-01,2026-10-01,1.0
2026-10-01,20,XLRE,credit,HYG,0.6547149463791332,18,2026-10-01,2026-10-01,1.0
2026-10-01,20,XLRE,credit,LQD,0.6076036409545736,18,2026-10-01,2026-10-01,1.0
2026-10-01,20,XLRE,commodities,USO,-0.5719183075817916,18,2026-10-01,2026-10-01,1.0
2026-10-01,20,XLRE,commodities,GLD,0.3274382429490698,18,2026-10-01,2026-10-01,1.0
2026-10-01,20,XLRE,fx,DX-Y.NYB,-0.2681172651975805,18,2026-10-01,2026-10-01,1.0
2026-10-01,20,XLRE,fx,EURUSD=X,-0.210946393883043,18,2026-10-01,2026-10-01,1.0
2026-10-01,20,XLRE,volatility,^VIX,-0.6217316748916913,18,2026-10-01,2026-10-01,1.0
2026-10-01,20,XLC,equity,SPY,0.4622589838181797,18,2026-10-01,2026-10-01,1.0
2026-10-01,20,XLC,equity,QQQ,0.3945227639809238,18,2026-10-01,2026-10-01,1.0
2026-10-01,20,XLC,equity,IWM,0.2350072396096625,18,2026-10-01,2026-10-01,1.0
2026-10-01,20,XLC,rates,TLT,0.1890417574728799,18,2026-10-01,2026-10-01,1.0
2026-10-01,20,XLC,rates,IEF,0.1485660557199886,18,2026-10-01,2026-10-01,1.0
2026-10-01,20,XLC,credit,HYG,0.2217066854650738,18,2026-10-01,2026-10-01,1.0
2026-10-01,20,XLC,credit,LQD,0.1470839095757944,18,2026-10-01,2026-10-01,1.0
2026-10-01,20,XLC,commodities,USO,-0.1363556359567825,18,2026-10-01,2026-10-01,1.0
2026-10-01,20,XLC,commodities,GLD,-0.0494000384064582,18,2026-10-01,2026-10-01,1.0
2026-10-01,20,XLC,fx,DX-Y.NYB,0.0571916715534024,18,2026-10-01,2026-10-01,1.0
2026-10-01,20,XLC,fx,EURUSD=X,-0.1035790146577993,18,2026-10-01,2026-10-01,1.0
2026-10-01,20,XLC,volatility,^VIX,0.0813534127198088,18,2026-10-01,2026-10-01,1.0
2026-10-01,60,XLK,equity,SPY,0.7896476037300247,58,2026-10-01,2026-10-01,1.0
2026-10-01,60,XLK,equity,QQQ,0.9425219177453402,58,2026-10-01,2026-10-01,1.0
2026-10-01,60,XLK,equity,IWM,0.6744550190593566,58,2026-10-01,2026-10-01,1.0
2026-10-01,60,XLK,rates,TLT,0.255145140723567,58,2026-10-01,2026-10-01,1.0
2026-10-01,60,XLK,rates,IEF,0.3290973902467056,58,2026-10-01,2026-10-01,1.0
2026-10-01,60,XLK,credit,HYG,0.4929219876175001,58,2026-10-01,2026-10-01,1.0
2026-10-01,60,XLK,credit,LQD,0.380444463601307,58,2026-10-01,2026-10-01,1.0
2026-10-01,60,XLK,commodities,USO,-0.3476098731995328,58,2026-10-01,2026-10-01,1.0
2026-10-01,60,XLK,commodities,GLD,0.3744906810854475,58,2026-10-01,2026-10-01,1.0
2026-10-01,60,XLK,fx,DX-Y.NYB,-0.2170515901266598,58,2026-10-01,2026-10-01,1.0
2026-10-01,60,XLK,fx,EURUSD=X,-0.0682784406983461,58,2026-10-01,2026-10-01,1.0
2026-10-01,60,XLK,volatility,^VIX,-0.6010855607109841,58,2026-10-01,2026-10-01,1.0
2026-10-01,60,XLF,equity,SPY,0.5324526894151956,58,2026-10-01,2026-10-01,1.0
2026-10-01,60,XLF,equity,QQQ,0.2269828132289554,58,2026-10-01,2026-10-01,1.0
2026-10-01,60,XLF,equity,IWM,0.3854363639581037,58,2026-10-01,2026-10-01,1.0
2026-10-01,60,XLF,rates,TLT,0.3835906991361269,58,2026-10-01,2026-10-01,1.0
2026-10-01,60,XLF,rates,IEF,0.3811356487506459,58,2026-10-01,2026-10-01,1.0
2026-10-01,60,XLF,credit,HYG,0.4246156256225269,58,2026-10-01,2026-10-01,1.0
2026-10-01,60,XLF,credit,LQD,0.3713022262925645,58,2026-10-01,2026-10-01,1.0
2026-10-01,60,XLF,commodities,USO,-0.3656671447236187,58,2026-10-01,2026-10-01,1.0
2026-10-01,60,XLF,commodities,GLD,0.1343244266760128,58,2026-10-01,2026-10-01,1.0
2026-10-01,60,XLF,fx,DX-Y.NYB,-0.1726248003710351,58,2026-10-01,2026-10-01,1.0
2026-10-01,60,XLF,fx,EURUSD=X,-0.0336924256677827,58,2026-10-01,2026-10-01,1.0
2026-10-01,60,XLF,volatility,^VIX,-0.3562244206337133,58,2026-10-01,2026-10-01,1.0
2026-10-01,60,XLV,equity,SPY,-0.0221370575766368,58,2026-10-01,2026-10-01,1.0
2026-10-01,60,XLV,equity,QQQ,-0.2460619457994976,58,2026-10-01,2026-10-01,1.0
2026-10-01,60,XLV,equity,IWM,0.1099464018963102,58,2026-10-01,2026-10-01,1.0
2026-10-01,60,XLV,rates,TLT,0.3676063932795432,58,2026-10-01,2026-10-01,1.0
2026-10-01,60,XLV,rates,IEF,0.2379037406823825,58,2026-10-01,2026-10-01,1.0
2026-10-01,60,XLV,credit,HYG,0.1214487293516556,58,2026-10-01,2026-10-01,1.0
2026-10-01,60,XLV,credit,LQD,0.2201853967804772,58,2026-10-01,2026-10-01,1.0
2026-10-01,60,XLV,commodities,USO,-0.1446352645927812,58,2026-10-01,2026-10-01,1.0
2026-10-01,60,XLV,commodities,GLD,0.0756807951869279,58,2026-10-01,2026-10-01,1.0
2026-10-01,60,XLV,fx,DX-Y.NYB,-0.077881458423238,58,2026-10-01,2026-10-01,1.0
2026-10-01,60,XLV,fx,EURUSD=X,-0.1225464237905568,58,2026-10-01,2026-10-01,1.0
2026-10-01,60,XLV,volatility,^VIX,0.0539253013039021,58,2026-10-01,2026-10-01,1.0
2026-10-01,60,XLE,equity,SPY,-0.3117385873054117,58,2026-10-01,2026-10-01,1.0
2026-10-01,60,XLE,equity,QQQ,-0.3050858409253052,58,2026-10-01,2026-10-01,1.0
2026-10-01,60,XLE,equity,IWM,-0.3377153322734863,58,2026-10-01,2026-10-01,1.0
2026-10-01,60,XLE,rates,TLT,-0.4320798226290485,58,2026-10-01,2026-10-01,1.0
2026-10-01,60,XLE,rates,IEF,-0.3885691440122288,58,2026-10-01,2026-10-01,1.0
2026-10-01,60,XLE,credit,HYG,-0.3344324925083834,58,2026-10-01,2026-10-01,1.0
2026-10-01,60,XLE,credit,LQD,-0.4163349779990193,58,2026-10-01,2026-10-01,1.0
2026-10-01,60,XLE,commodities,USO,0.7276369058848984,58,2026-10-01,2026-10-01,1.0
2026-10-01,60,XLE,commodities,GLD,-0.1473413832697796,58,2026-10-01,2026-10-01,1.0
2026-10-01,60,XLE,fx,DX-Y.NYB,0.0497270337737039,58,2026-10-01,2026-10-01,1.0
2026-10-01,60,XLE,fx,EURUSD=X,-0.0141778578969919,58,2026-10-01,2026-10-01,1.0
2026-10-01,60,XLE,volatility,^VIX,0.1932201523966662,58,2026-10-01,2026-10-01,1.0
2026-10-01,60,XLY,equity,SPY,0.6550227546295041,58,2026-10-01,2026-10-01,1.0
2026-10-01,60,XLY,equity,QQQ,0.4348583633720762,58,2026-10-01,2026-10-01,1.0
2026-10-01,60,XLY,equity,IWM,0.46183270346277,58,2026-10-01,2026-10-01,1.0
2026-10-01,60,XLY,rates,TLT,0.4146351076171936,58,2026-10-01,2026-10-01,1.0
2026-10-01,60,XLY,rates,IEF,0.4267713865530391,58,2026-10-01,2026-10-01,1.0
2026-10-01,60,XLY,credit,HYG,0.5989184736721657,58,2026-10-01,2026-10-01,1.0
2026-10-01,60,XLY,credit,LQD,0.470633319849993,58,2026-10-01,2026-10-01,1.0
2026-10-01,60,XLY,commodities,USO,-0.5339978920054381,58,2026-10-01,2026-10-01,1.0
2026-10-01,60,XLY,commodities,GLD,0.2889888285638878,58,2026-10-01,2026-10-01,1.0
2026-10-01,60,XLY,fx,DX-Y.NYB,-0.3753304942865134,58,2026-10-01,2026-10-01,1.0
2026-10-01,60,XLY,fx,EURUSD=X,0.0245245965665677,58,2026-10-01,2026-10-01,1.0
2026-10-01,60,XLY,volatility,^VIX,-0.569123470005969,58,2026-10-01,2026-10-01,1.0
2026-10-01,60,XLP,equity,SPY,-0.0327558371796791,58,2026-10-01,2026-10-01,1.0
2026-10-01,60,XLP,equity,QQQ,-0.300621982623611,58,2026-10-01,2026-10-01,1.0
2026-10-01,60,XLP,equity,IWM,0.0180900658303366,58,2026-10-01,2026-10-01,1.0
2026-10-01,60,XLP,rates,TLT,0.3183283047091414,58,2026-10-01,2026-10-01,1.0
2026-10-01,60,XLP,rates,IEF,0.2357281716559918,58,2026-10-01,2026-10-01,1.0
2026-10-01,60,XLP,credit,HYG,0.1544945663156877,58,2026-10-01,2026-10-01,1.0
2026-10-01,60,XLP,credit,LQD,0.2040690604986501,58,2026-10-01,2026-10-01,1.0
2026-10-01,60,XLP,commodities,USO,-0.3132642687303706,58,2026-10-01,2026-10-01,1.0
2026-10-01,60,XLP,commodities,GLD,-0.1673222678015777,58,2026-10-01,2026-10-01,1.0
2026-10-01,60,XLP,fx,DX-Y.NYB,0.0589226237468434,58,2026-10-01,2026-10-01,1.0
2026-10-01,60,XLP,fx,EURUSD=X,-0.1069838087361495,58,2026-10-01,2026-10-01,1.0
2026-10-01,60,XLP,volatility,^VIX,0.096963904881689,58,2026-10-01,2026-10-01,1.0
2026-10-01,60,XLI,equity,SPY,0.6033271595918125,58,2026-10-01,2026-10-01,1.0
2026-10-01,60,XLI,equity,QQQ,0.5328047951639698,58,2026-10-01,2026-10-01,1.0
2026-10-01,60,XLI,equity,IWM,0.63280660133768,58,2026-10-01,2026-10-01,1.0
2026-10-01,60,XLI,rates,TLT,0.3330751632534036,58,2026-10-01,2026-10-01,1.0
2026-10-01,60,XLI,rates,IEF,0.3267219911635246,58,2026-10-01,2026-10-01,1.0
2026-10-01,60,XLI,credit,HYG,0.3503479058066226,58,2026-10-01,2026-10-01,1.0
2026-10-01,60,XLI,credit,LQD,0.3341813596297063,58,2026-10-01,2026-10-01,1.0
2026-10-01,60,XLI,commodities,USO,-0.4534153939939803,58,2026-10-01,2026-10-01,1.0
2026-10-01,60,XLI,commodities,GLD,0.1796645920951172,58,2026-10-01,2026-10-01,1.0
2026-10-01,60,XLI,fx,DX-Y.NYB,-0.0049355341388786,58,2026-10-01,2026-10-01,1.0
2026-10-01,60,XLI,fx,EURUSD=X,0.0470829773695724,58,2026-10-01,2026-10-01,1.0
2026-10-01,60,XLI,volatility,^VIX,-0.4450553763235895,58,2026-10-01,2026-10-01,1.0
2026-10-01,60,XLB,equity,SPY,0.363733592794912,58,2026-10-01,2026-10-01,1.0
2026-10-01,60,XLB,equity,QQQ,0.1907708037854309,58,2026-10-01,2026-10-01,1.0
2026-10-01,60,XLB,equity,IWM,0.4730179560067579,58,2026-10-01,2026-10-01,1.0
2026-10-01,60,XLB,rates,TLT,0.4633090124108246,58,2026-10-01,2026-10-01,1.0
2026-10-01,60,XLB,rates,IEF,0.4369867122740752,58,2026-10-01,2026-10-01,1.0
2026-10-01,60,XLB,credit,HYG,0.4106166858210943,58,2026-10-01,2026-10-01,1.0
2026-10-01,60,XLB,credit,LQD,0.4037924020010198,58,2026-10-01,2026-10-01,1.0
2026-10-01,60,XLB,commodities,USO,-0.4151443426619842,58,2026-10-01,2026-10-01,1.0
2026-10-01,60,XLB,commodities,GLD,0.4004575326061566,58,2026-10-01,2026-10-01,1.0
2026-10-01,60,XLB,fx,DX-Y.NYB,-0.2050309381854147,58,2026-10-01,2026-10-01,1.0
2026-10-01,60,XLB,fx,EURUSD=X,-0.1497565814577091,58,2026-10-01,2026-10-01,1.0
2026-10-01,60,XLB,volatility,^VIX,-0.3276933201016653,58,2026-10-01,2026-10-01,1.0
2026-10-01,60,XLU,equity,SPY,0.120873811579283,58,2026-10-01,2026-10-01,1.0
2026-10-01,60,XLU,equity,QQQ,0.0552102989789372,58,2026-10-01,2026-10-01,1.0
2026-10-01,60,XLU,equity,IWM,0.197742292354041,58,2026-10-01,2026-10-01,1.0
2026-10-01,60,XLU,rates,TLT,0.3554247762521583,58,2026-10-01,2026-10-01,1.0
2026-10-01,60,XLU,rates,IEF,0.3770219469287519,58,2026-10-01,2026-10-01,1.0
2026-10-01,60,XLU,credit,HYG,0.2499686303282002,58,2026-10-01,2026-10-01,1.0
2026-10-01,60,XLU,credit,LQD,0.3135257328484133,58,2026-10-01,2026-10-01,1.0
2026-10-01,60,XLU,commodities,USO,-0.1118427087702529,58,2026-10-01,2026-10-01,1.0
2026-10-01,60,XLU,commodities,GLD,0.0363909365481257,58,2026-10-01,2026-10-01,1.0
2026-10-01,60,XLU,fx,DX-Y.NYB,-0.0070182323854721,58,2026-10-01,2026-10-01,1.0
2026-10-01,60,XLU,fx,EURUSD=X,-0.1024321740118978,58,2026-10-01,2026-10-01,1.0
2026-10-01,60,XLU,volatility,^VIX,-0.1174493552246852,58,2026-10-01,2026-10-01,1.0
2026-10-01,60,XLRE,equity,SPY,0.2033056838382596,58,2026-10-01,2026-10-01,1.0
2026-10-01,60,XLRE,equity,QQQ,-0.0193057712794598,58,2026-10-01,2026-10-01,1.0
2026-10-01,60,XLRE,equity,IWM,0.223012140483936,58,2026-10-01,2026-10-01,1.0
2026-10-01,60,XLRE,rates,TLT,0.4361157382991885,58,2026-10-01,2026-10-01,1.0
2026-10-01,60,XLRE,rates,IEF,0.4501311406680444,58,2026-10-01,2026-10-01,1.0
2026-10-01,60,XLRE,credit,HYG,0.3785030834025958,58,2026-10-01,2026-10-01,1.0
2026-10-01,60,XLRE,credit,LQD,0.385531898330759,58,2026-10-01,2026-10-01,1.0
2026-10-01,60,XLRE,commodities,USO,-0.3113973510488136,58,2026-10-01,2026-10-01,1.0
2026-10-01,60,XLRE,commodities,GLD,0.0649891385487028,58,2026-10-01,2026-10-01,1.0
2026-10-01,60,XLRE,fx,DX-Y.NYB,-0.1443162037770363,58,2026-10-01,2026-10-01,1.0
2026-10-01,60,XLRE,fx,EURUSD=X,-0.1006283987818348,58,2026-10-01,2026-10-01,1.0
2026-10-01,60,XLRE,volatility,^VIX,-0.0401036950502534,58,2026-10-01,2026-10-01,1.0
2026-10-01,60,XLC,equity,SPY,0.4081891635407223,58,2026-10-01,2026-10-01,1.0
2026-10-01,60,XLC,equity,QQQ,0.1967541656820892,58,2026-10-01,2026-10-01,1.0
2026-10-01,60,XLC,equity,IWM,0.2264378249642158,58,2026-10-01,2026-10-01,1.0
2026-10-01,60,XLC,rates,TLT,0.2715509363610744,58,2026-10-01,2026-10-01,1.0
2026-10-01,60,XLC,rates,IEF,0.2547608153254076,58,2026-10-01,2026-10-01,1.0
2026-10-01,60,XLC,credit,HYG,0.3424792393383861,58,2026-10-01,2026-10-01,1.0
2026-10-01,60,XLC,credit,LQD,0.2792150078101202,58,2026-10-01,2026-10-01,1.0
2026-10-01,60,XLC,commodities,USO,-0.3674772917427498,58,2026-10-01,2026-10-01,1.0
2026-10-01,60,XLC,commodities,GLD,-0.0607956486920113,58,2026-10-01,2026-10-01,1.0
2026-10-01,60,XLC,fx,DX-Y.NYB,-0.0101579991034756,58,2026-10-01,2026-10-01,1.0
2026-10-01,60,XLC,fx,EURUSD=X,-0.084985153447396,58,2026-10-01,2026-10-01,1.0
2026-10-01,60,XLC,volatility,^VIX,-0.105796873833058,58,2026-10-01,2026-10-01,1.0
2026-10-02,20,XLK,equity,SPY,0.8922492304626956,18,2026-10-02,2026-10-02,1.0
2026-10-02,20,XLK,equity,QQQ,0.943037379598756,18,2026-10-02,2026-10-02,1.0
2026-10-02,20,XLK,equity,IWM,0.6591330013018716,18,2026-10-02,2026-10-02,1.0
2026-10-02,20,XLK,rates,TLT,0.6604164480575425,18,2026-10-02,2026-10-02,1.0
2026-10-02,20,XLK,rates,IEF,0.6547851926693478,18,2026-10-02,2026-10-02,1.0
2026-10-02,20,XLK,credit,HYG,0.7100855122765504,18,2026-10-02,2026-10-02,1.0
2026-10-02,20,XLK,credit,LQD,0.6488388625097733,18,2026-10-02,2026-10-02,1.0
2026-10-02,20,XLK,commodities,USO,-0.5443408040741047,18,2026-10-02,2026-10-02,1.0
2026-10-02,20,XLK,commodities,GLD,0.5294974565609949,18,2026-10-02,2026-10-02,1.0
2026-10-02,20,XLK,fx,DX-Y.NYB,-0.3416086847438023,18,2026-10-02,2026-10-02,1.0
2026-10-02,20,XLK,fx,EURUSD=X,-0.1975772308254822,18,2026-10-02,2026-10-02,1.0
2026-10-02,20,XLK,volatility,^VIX,-0.7476352304849787,18,2026-10-02,2026-10-02,1.0
2026-10-02,20,XLF,equity,SPY,0.5832174987936718,18,2026-10-02,2026-10-02,1.0
2026-10-02,20,XLF,equity,QQQ,0.3448854719702636,18,2026-10-02,2026-10-02,1.0
2026-10-02,20,XLF,equity,IWM,0.2469665889242945,18,2026-10-02,2026-10-02,1.0
2026-10-02,20,XLF,rates,TLT,0.1637978701199641,18,2026-10-02,2026-10-02,1.0
2026-10-02,20,XLF,rates,IEF,0.205353254388238,18,2026-10-02,2026-10-02,1.0
2026-10-02,20,XLF,credit,HYG,0.1835082962143419,18,2026-10-02,2026-10-02,1.0
2026-10-02,20,XLF,credit,LQD,0.1481805160174634,18,2026-10-02,2026-10-02,1.0
2026-10-02,20,XLF,commodities,USO,-0.0150960722894238,18,2026-10-02,2026-10-02,1.0
2026-10-02,20,XLF,commodities,GLD,0.3008388479517691,18,2026-10-02,2026-10-02,1.0
2026-10-02,20,XLF,fx,DX-Y.NYB,-0.383678517594082,18,2026-10-02,2026-10-02,1.0
2026-10-02,20,XLF,fx,EURUSD=X,-0.1408455321331195,18,2026-10-02,2026-10-02,1.0
2026-10-02,20,XLF,volatility,^VIX,-0.3734563827248411,18,2026-10-02,2026-10-02,1.0
2026-10-02,20,XLV,equity,SPY,0.2512748408909056,18,2026-10-02,2026-10-02,1.0
2026-10-02,20,XLV,equity,QQQ,0.2057740262559489,18,2026-10-02,2026-10-02,1.0
2026-10-02,20,XLV,equity,IWM,0.2944070066899879,18,2026-10-02,2026-10-02,1.0
2026-10-02,20,XLV,rates,TLT,0.3121908394584866,18,2026-10-02,2026-10-02,1.0
2026-10-02,20,XLV,rates,IEF,0.2573059503499911,18,2026-10-02,2026-10-02,1.0
2026-10-02,20,XLV,credit,HYG,0.3394678428484385,18,2026-10-02,2026-10-02,1.0
2026-10-02,20,XLV,credit,LQD,0.2410500411009133,18,2026-10-02,2026-10-02,1.0
2026-10-02,20,XLV,commodities,USO,-0.3504739961625616,18,2026-10-02,2026-10-02,1.0
2026-10-02,20,XLV,commodities,GLD,-0.0962163859194905,18,2026-10-02,2026-10-02,1.0
2026-10-02,20,XLV,fx,DX-Y.NYB,-0.2201637463648715,18,2026-10-02,2026-10-02,1.0
2026-10-02,20,XLV,fx,EURUSD=X,-0.1282477734853541,18,2026-10-02,2026-10-02,1.0
2026-10-02,20,XLV,volatility,^VIX,-0.0866351502362311,18,2026-10-02,2026-10-02,1.0
2026-10-02,20,XLE,equity,SPY,-0.1611082050326424,18,2026-10-02,2026-10-02,1.0
2026-10-02,20,XLE,equity,QQQ,-0.2996035273304342,18,2026-10-02,2026-10-02,1.0
2026-10-02,20,XLE,equity,IWM,-0.1811593512363614,18,2026-10-02,2026-10-02,1.0
2026-10-02,20,XLE,rates,TLT,-0.2121962360774697,18,2026-10-02,2026-10-02,1.0
2026-10-02,20,XLE,rates,IEF,-0.1503647469490395,18,2026-10-02,2026-10-02,1.0
2026-10-02,20,XLE,credit,HYG,-0.228516569387023,18,2026-10-02,2026-10-02,1.0
2026-10-02,20,XLE,credit,LQD,-0.1641258828582407,18,2026-10-02,2026-10-02,1.0
2026-10-02,20,XLE,commodities,USO,0.6435343028651188,18,2026-10-02,2026-10-02,1.0
2026-10-02,20,XLE,commodities,GLD,0.1493776184467824,18,2026-10-02,2026-10-02,1.0
2026-10-02,20,XLE,fx,DX-Y.NYB,-0.0827117938634275,18,2026-10-02,2026-10-02,1.0
2026-10-02,20,XLE,fx,EURUSD=X,-0.3801389527529319,18,2026-10-02,2026-10-02,1.0
2026-10-02,20,XLE,volatility,^VIX,-0.1010151480276493,18,2026-10-02,2026-10-02,1.0
2026-10-02,20,XLY,equity,SPY,0.8844786448615017,18,2026-10-02,2026-10-02,1.0
2026-10-02,20,XLY,equity,QQQ,0.8241584186583655,18,2026-10-02,2026-10-02,1.0
2026-10-02,20,XLY,equity,IWM,0.8494478978924808,18,2026-10-02,2026-10-02,1.0
2026-10-02,20,XLY,rates,TLT,0.6294621950866495,18,2026-10-02,2026-10-02,1.0
2026-10-02,20,XLY,rates,IEF,0.5854218171330577,18,2026-10-02,2026-10-02,1.0
2026-10-02,20,XLY,credit,HYG,0.7157639578698768,18,2026-10-02,2026-10-02,1.0
2026-10-02,20,XLY,credit,LQD,0.5669814928709731,18,2026-10-02,2026-10-02,1.0
2026-10-02,20,XLY,commodities,USO,-0.5924436388811795,18,2026-10-02,2026-10-02,1.0
2026-10-02,20,XLY,commodities,GLD,0.3716412703558801,18,2026-10-02,2026-10-02,1.0
2026-10-02,20,XLY,fx,DX-Y.NYB,-0.3560423674428608,18,2026-10-02,2026-10-02,1.0
2026-10-02,20,XLY,fx,EURUSD=X,-0.2848387271463412,18,2026-10-02,2026-10-02,1.0
2026-10-02,20,XLY,volatility,^VIX,-0.6756123293647853,18,2026-10-02,2026-10-02,1.0
2026-10-02,20,XLP,equity,SPY,0.1627453108358239,18,2026-10-02,2026-10-02,1.0
2026-10-02,20,XLP,equity,QQQ,0.0245560259263786,18,2026-10-02,2026-10-02,1.0
2026-10-02,20,XLP,equity,IWM,0.389427173907677,18,2026-10-02,2026-10-02,1.0
2026-10-02,20,XLP,rates,TLT,0.3031446535194397,18,2026-10-02,2026-10-02,1.0
2026-10-02,20,XLP,rates,IEF,0.1952594034793113,18,2026-10-02,2026-10-02,1.0
2026-10-02,20,XLP,credit,HYG,0.2207733014530096,18,2026-10-02,2026-10-02,1.0
2026-10-02,20,XLP,credit,LQD,0.1544787993365646,18,2026-10-02,2026-10-02,1.0
2026-10-02,20,XLP,commodities,USO,-0.2618221225300016,18,2026-10-02,2026-10-02,1.0
2026-10-02,20,XLP,commodities,GLD,-0.2027295363623302,18,2026-10-02,2026-10-02,1.0
2026-10-02,20,XLP,fx,DX-Y.NYB,-0.0479545829449355,18,2026-10-02,2026-10-02,1.0
2026-10-02,20,XLP,fx,EURUSD=X,0.0154376546282946,18,2026-10-02,2026-10-02,1.0
2026-10-02,20,XLP,volatility,^VIX,-0.1884239412010661,18,2026-10-02,2026-10-02,1.0
2026-10-02,20,XLI,equity,SPY,0.658304335687484,18,2026-10-02,2026-10-02,1.0
2026-10-02,20,XLI,equity,QQQ,0.5822911386068401,18,2026-10-02,2026-10-02,1.0
2026-10-02,20,XLI,equity,IWM,0.6111907304892783,18,2026-10-02,2026-10-02,1.0
2026-10-02,20,XLI,rates,TLT,0.3987554528725252,18,2026-10-02,2026-10-02,1.0
2026-10-02,20,XLI,rates,IEF,0.3816745588695678,18,2026-10-02,2026-10-02,1.0
2026-10-02,20,XLI,credit,HYG,0.3972564425263197,18,2026-10-02,2026-10-02,1.0
2026-10-02,20,XLI,credit,LQD,0.3568902398064658,18,2026-10-02,2026-10-02,1.0
2026-10-02,20,XLI,commodities,USO,-0.5543950292338192,18,2026-10-02,2026-10-02,1.0
2026-10-02,20,XLI,commodities,GLD,0.4008925911819524,18,2026-10-02,2026-10-02,1.0
2026-10-02,20,XLI,fx,DX-Y.NYB,-0.1433451418977469,18,2026-10-02,2026-10-02,1.0
2026-10-02,20,XLI,fx,EURUSD=X,-0.0764534084951786,18,2026-10-02,2026-10-02,1.0
2026-10-02,20,XLI,volatility,^VIX,-0.6960082513006123,18,2026-10-02,2026-10-02,1.0
2026-10-02,20,XLB,equity,SPY,0.478067577153917,18,2026-10-02,2026-10-02,1.0
2026-10-02,20,XLB,equity,QQQ,0.4536949545013355,18,2026-10-02,2026-10-02,1.0
2026-10-02,20,XLB,equity,IWM,0.6075163701677889,18,2026-10-02,2026-10-02,1.0
2026-10-02,20,XLB,rates,TLT,0.5124211039672155,18,2026-10-02,2026-10-02,1.0
2026-10-02,20,XLB,rates,IEF,0.4914952839374957,18,2026-10-02,2026-10-02,1.0
2026-10-02,20,XLB,credit,HYG,0.5026460965273872,18,2026-10-02,2026-10-02,1.0
2026-10-02,20,XLB,credit,LQD,0.4833044031859376,18,2026-10-02,2026-10-02,1.0
2026-10-02,20,XLB,commodities,USO,-0.3933888629980341,18,2026-10-02,2026-10-02,1.0
2026-10-02,20,XLB,commodities,GLD,0.290139071717153,18,2026-10-02,2026-10-02,1.0
2026-10-02,20,XLB,fx,DX-Y.NYB,-0.2886166828285757,18,2026-10-02,2026-10-02,1.0
2026-10-02,20,XLB,fx,EURUSD=X,-0.3926612023283586,18,2026-10-02,2026-10-02,1.0
2026-10-02,20,XLB,volatility,^VIX,-0.6449400737205799,18,2026-10-02,2026-10-02,1.0
2026-10-02,20,XLU,equity,SPY,0.5198254785656932,18,2026-10-02,2026-10-02,1.0
2026-10-02,20,XLU,equity,QQQ,0.4959525107042637,18,2026-10-02,2026-10-02,1.0
2026-10-02,20,XLU,equity,IWM,0.670511163280172,18,2026-10-02,2026-10-02,1.0
2026-10-02,20,XLU,rates,TLT,0.5956982930438204,18,2026-10-02,2026-10-02,1.0
2026-10-02,20,XLU,rates,IEF,0.6940318433469417,18,2026-10-02,2026-10-02,1.0
2026-10-02,20,XLU,credit,HYG,0.6446232949028615,18,2026-10-02,2026-10-02,1.0
2026-10-02,20,XLU,credit,LQD,0.6527898554006089,18,2026-10-02,2026-10-02,1.0
2026-10-02,20,XLU,commodities,USO,-0.5824608524170838,18,2026-10-02,2026-10-02,1.0
2026-10-02,20,XLU,commodities,GLD,0.448863851569291,18,2026-10-02,2026-10-02,1.0
2026-10-02,20,XLU,fx,DX-Y.NYB,-0.1885511211612462,18,2026-10-02,2026-10-02,1.0
2026-10-02,20,XLU,fx,EURUSD=X,-0.2171695008964844,18,2026-10-02,2026-10-02,1.0
2026-10-02,20,XLU,volatility,^VIX,-0.5542340757180307,18,2026-10-02,2026-10-02,1.0
2026-10-02,20,XLRE,equity,SPY,0.8066987560305721,18,2026-10-02,2026-10-02,1.0
2026-10-02,20,XLRE,equity,QQQ,0.7204603931775574,18,2026-10-02,2026-10-02,1.0
2026-10-02,20,XLRE,equity,IWM,0.7762741441694909,18,2026-10-02,2026-10-02,1.0
2026-10-02,20,XLRE,rates,TLT,0.6497762806836044,18,2026-10-02,2026-10-02,1.0
2026-10-02,20,XLRE,rates,IEF,0.5922970759914834,18,2026-10-02,2026-10-02,1.0
2026-10-02,20,XLRE,credit,HYG,0.6778233190790387,18,2026-10-02,2026-10-02,1.0
2026-10-02,20,XLRE,credit,LQD,0.5992989118767997,18,2026-10-02,2026-10-02,1.0
2026-10-02,20,XLRE,commodities,USO,-0.5922511103749873,18,2026-10-02,2026-10-02,1.0
2026-10-02,20,XLRE,commodities,GLD,0.2889996812249709,18,2026-10-02,2026-10-02,1.0
2026-10-02,20,XLRE,fx,DX-Y.NYB,-0.3292785325788764,18,2026-10-02,2026-10-02,1.0
2026-10-02,20,XLRE,fx,EURUSD=X,-0.2790380787286762,18,2026-10-02,2026-10-02,1.0
2026-10-02,20,XLRE,volatility,^VIX,-0.64568398785546,18,2026-10-02,2026-10-02,1.0
2026-10-02,20,XLC,equity,SPY,0.4493896289424064,18,2026-10-02,2026-10-02,1.0
2026-10-02,20,XLC,equity,QQQ,0.4052422189967027,18,2026-10-02,2026-10-02,1.0
2026-10-02,20,XLC,equity,IWM,0.2862605169595842,18,2026-10-02,2026-10-02,1.0
2026-10-02,20,XLC,rates,TLT,0.2258192371247457,18,2026-10-02,2026-10-02,1.0
2026-10-02,20,XLC,rates,IEF,0.1606930930198369,18,2026-10-02,2026-10-02,1.0
2026-10-02,20,XLC,credit,HYG,0.2470407267688493,18,2026-10-02,2026-10-02,1.0
2026-10-02,20,XLC,credit,LQD,0.1634746551634693,18,2026-10-02,2026-10-02,1.0
2026-10-02,20,XLC,commodities,USO,-0.1516122740141111,18,2026-10-02,2026-10-02,1.0
2026-10-02,20,XLC,commodities,GLD,-0.0751028028718538,18,2026-10-02,2026-10-02,1.0
2026-10-02,20,XLC,fx,DX-Y.NYB,0.0218966462255466,18,2026-10-02,2026-10-02,1.0
2026-10-02,20,XLC,fx,EURUSD=X,-0.0393293890397546,18,2026-10-02,2026-10-02,1.0
2026-10-02,20,XLC,volatility,^VIX,0.0704889964796902,18,2026-10-02,2026-10-02,1.0
2026-10-02,60,XLK,equity,SPY,0.7916760627577719,58,2026-10-02,2026-10-02,1.0
2026-10-02,60,XLK,equity,QQQ,0.9425451729228624,58,2026-10-02,2026-10-02,1.0
2026-10-02,60,XLK,equity,IWM,0.6770455224057113,58,2026-10-02,2026-10-02,1.0
2026-10-02,60,XLK,rates,TLT,0.2517068078381011,58,2026-10-02,2026-10-02,1.0
2026-10-02,60,XLK,rates,IEF,0.3211400785182625,58,2026-10-02,2026-10-02,1.0
2026-10-02,60,XLK,credit,HYG,0.4937499280610833,58,2026-10-02,2026-10-02,1.0
2026-10-02,60,XLK,credit,LQD,0.3771165499035847,58,2026-10-02,2026-10-02,1.0
2026-10-02,60,XLK,commodities,USO,-0.3516899357488506,58,2026-10-02,2026-10-02,1.0
2026-10-02,60,XLK,commodities,GLD,0.3688374418499039,58,2026-10-02,2026-10-02,1.0
2026-10-02,60,XLK,fx,DX-Y.NYB,-0.2192945034728733,58,2026-10-02,2026-10-02,1.0
2026-10-02,60,XLK,fx,EURUSD=X,-0.0870242176329678,58,2026-10-02,2026-10-02,1.0
2026-10-02,60,XLK,volatility,^VIX,-0.6056976640142498,58,2026-10-02,2026-10-02,1.0
2026-10-02,60,XLF,equity,SPY,0.5279628481956814,58,2026-10-02,2026-10-02,1.0
2026-10-02,60,XLF,equity,QQQ,0.2262446322505243,58,2026-10-02,2026-10-02,1.0
2026-10-02,60,XLF,equity,IWM,0.387720516643898,58,2026-10-02,2026-10-02,1.0
2026-10-02,60,XLF,rates,TLT,0.3822460330944197,58,2026-10-02,2026-10-02,1.0
2026-10-02,60,XLF,rates,IEF,0.3795243184466711,58,2026-10-02,2026-10-02,1.0
2026-10-02,60,XLF,credit,HYG,0.4261899489751836,58,2026-10-02,2026-10-02,1.0
2026-10-02,60,XLF,credit,LQD,0.3748449207748294,58,2026-10-02,2026-10-02,1.0
2026-10-02,60,XLF,commodities,USO,-0.3644410665333432,58,2026-10-02,2026-10-02,1.0
2026-10-02,60,XLF,commodities,GLD,0.1352157345008806,58,2026-10-02,2026-10-02,1.0
2026-10-02,60,XLF,fx,DX-Y.NYB,-0.1725447576671417,58,2026-10-02,2026-10-02,1.0
2026-10-02,60,XLF,fx,EURUSD=X,-0.0404612593469552,58,2026-10-02,2026-10-02,1.0
2026-10-02,60,XLF,volatility,^VIX,-0.3518176762552824,58,2026-10-02,2026-10-02,1.0
2026-10-02,60,XLV,equity,SPY,-0.0155338626817835,58,2026-10-02,2026-10-02,1.0
2026-10-02,60,XLV,equity,QQQ,-0.2448325810612339,58,2026-10-02,2026-10-02,1.0
2026-10-02,60,XLV,equity,IWM,0.1007908996577857,58,2026-10-02,2026-10-02,1.0
2026-10-02,60,XLV,rates,TLT,0.3730108351548544,58,2026-10-02,2026-10-02,1.0
2026-10-02,60,XLV,rates,IEF,0.2389904942642712,58,2026-10-02,2026-10-02,1.0
2026-10-02,60,XLV,credit,HYG,0.1206782466014184,58,2026-10-02,2026-10-02,1.0
2026-10-02,60,XLV,credit,LQD,0.2158301235957887,58,2026-10-02,2026-10-02,1.0
2026-10-02,60,XLV,commodities,USO,-0.1476348065288296,58,2026-10-02,2026-10-02,1.0
2026-10-02,60,XLV,commodities,GLD,0.0733419047899614,58,2026-10-02,2026-10-02,1.0
2026-10-02,60,XLV,fx,DX-Y.NYB,-0.0795198093316672,58,2026-10-02,2026-10-02,1.0
2026-10-02,60,XLV,fx,EURUSD=X,-0.1065309692727796,58,2026-10-02,2026-10-02,1.0
2026-10-02,60,XLV,volatility,^VIX,0.0446396138690983,58,2026-10-02,2026-10-02,1.0
2026-10-02,60,XLE,equity,SPY,-0.3122300591345779,58,2026-10-02,2026-10-02,1.0
2026-10-02,60,XLE,equity,QQQ,-0.3046482743645791,58,2026-10-02,2026-10-02,1.0
2026-10-02,60,XLE,equity,IWM,-0.3334891740909229,58,2026-10-02,2026-10-02,1.0
2026-10-02,60,XLE,rates,TLT,-0.4323895110044048,58,2026-10-02,2026-10-02,1.0
2026-10-02,60,XLE,rates,IEF,-0.3867616487105799,58,2026-10-02,2026-10-02,1.0
2026-10-02,60,XLE,credit,HYG,-0.3342743133156045,58,2026-10-02,2026-10-02,1.0
2026-10-02,60,XLE,credit,LQD,-0.415191096506656,58,2026-10-02,2026-10-02,1.0
2026-10-02,60,XLE,commodities,USO,0.726320905075053,58,2026-10-02,2026-10-02,1.0
2026-10-02,60,XLE,commodities,GLD,-0.1461788118875954,58,2026-10-02,2026-10-02,1.0
2026-10-02,60,XLE,fx,DX-Y.NYB,0.0526372705684395,58,2026-10-02,2026-10-02,1.0
2026-10-02,60,XLE,fx,EURUSD=X,-0.0137227976742211,58,2026-10-02,2026-10-02,1.0
2026-10-02,60,XLE,volatility,^VIX,0.1953709721871281,58,2026-10-02,2026-10-02,1.0
2026-10-02,60,XLY,equity,SPY,0.6600489778358746,58,2026-10-02,2026-10-02,1.0
2026-10-02,60,XLY,equity,QQQ,0.441948698148522,58,2026-10-02,2026-10-02,1.0
2026-10-02,60,XLY,equity,IWM,0.4764465939235961,58,2026-10-02,2026-10-02,1.0
2026-10-02,60,XLY,rates,TLT,0.405542373999359,58,2026-10-02,2026-10-02,1.0
2026-10-02,60,XLY,rates,IEF,0.410993623128311,58,2026-10-02,2026-10-02,1.0
2026-10-02,60,XLY,credit,HYG,0.59849888418443,58,2026-10-02,2026-10-02,1.0
2026-10-02,60,XLY,credit,LQD,0.4640692869142572,58,2026-10-02,2026-10-02,1.0
2026-10-02,60,XLY,commodities,USO,-0.5385442969738815,58,2026-10-02,2026-10-02,1.0
2026-10-02,60,XLY,commodities,GLD,0.2794427334797604,58,2026-10-02,2026-10-02,1.0
2026-10-02,60,XLY,fx,DX-Y.NYB,-0.3803422880549454,58,2026-10-02,2026-10-02,1.0
2026-10-02,60,XLY,fx,EURUSD=X,-0.0198296268800542,58,2026-10-02,2026-10-02,1.0
2026-10-02,60,XLY,volatility,^VIX,-0.5752406011747015,58,2026-10-02,2026-10-02,1.0
2026-10-02,60,XLP,equity,SPY,-0.0391409678130665,58,2026-10-02,2026-10-02,1.0
2026-10-02,60,XLP,equity,QQQ,-0.3026366407610564,58,2026-10-02,2026-10-02,1.0
2026-10-02,60,XLP,equity,IWM,0.032770285224849,58,2026-10-02,2026-10-02,1.0
2026-10-02,60,XLP,rates,TLT,0.3171809211534966,58,2026-10-02,2026-10-02,1.0
2026-10-02,60,XLP,rates,IEF,0.2354959874552557,58,2026-10-02,2026-10-02,1.0
2026-10-02,60,XLP,credit,HYG,0.1588728707212879,58,2026-10-02,2026-10-02,1.0
2026-10-02,60,XLP,credit,LQD,0.2136784326038527,58,2026-10-02,2026-10-02,1.0
2026-10-02,60,XLP,commodities,USO,-0.3141988021331934,58,2026-10-02,2026-10-02,1.0
2026-10-02,60,XLP,commodities,GLD,-0.1666050195000683,58,2026-10-02,2026-10-02,1.0
2026-10-02,60,XLP,fx,DX-Y.NYB,0.0547067149310573,58,2026-10-02,2026-10-02,1.0
2026-10-02,60,XLP,fx,EURUSD=X,-0.1241188246716695,58,2026-10-02,2026-10-02,1.0
2026-10-02,60,XLP,volatility,^VIX,0.1077280534885857,58,2026-10-02,2026-10-02,1.0
2026-10-02,60,XLI,equity,SPY,0.6075810220942348,58,2026-10-02,2026-10-02,1.0
2026-10-02,60,XLI,equity,QQQ,0.5385846971178779,58,2026-10-02,2026-10-02,1.0
2026-10-02,60,XLI,equity,IWM,0.6468187272020062,58,2026-10-02,2026-10-02,1.0
2026-10-02,60,XLI,rates,TLT,0.3251894223970684,58,2026-10-02,2026-10-02,1.0
2026-10-02,60,XLI,rates,IEF,0.3138856053831211,58,2026-10-02,2026-10-02,1.0
2026-10-02,60,XLI,credit,HYG,0.3530945864258498,58,2026-10-02,2026-10-02,1.0
2026-10-02,60,XLI,credit,LQD,0.3316984432372702,58,2026-10-02,2026-10-02,1.0
2026-10-02,60,XLI,commodities,USO,-0.4585141777666313,58,2026-10-02,2026-10-02,1.0
2026-10-02,60,XLI,commodities,GLD,0.1730904183710426,58,2026-10-02,2026-10-02,1.0
2026-10-02,60,XLI,fx,DX-Y.NYB,-0.0126345223525814,58,2026-10-02,2026-10-02,1.0
2026-10-02,60,XLI,fx,EURUSD=X,0.0019126623396601,58,2026-10-02,2026-10-02,1.0
2026-10-02,60,XLI,volatility,^VIX,-0.4498945896270872,58,2026-10-02,2026-10-02,1.0
2026-10-02,60,XLB,equity,SPY,0.36486444720621,58,2026-10-02,2026-10-02,1.0
2026-10-02,60,XLB,equity,QQQ,0.1966334687790951,58,2026-10-02,2026-10-02,1.0
2026-10-02,60,XLB,equity,IWM,0.4957643926353139,58,2026-10-02,2026-10-02,1.0
2026-10-02,60,XLB,rates,TLT,0.4610101934328169,58,2026-10-02,2026-10-02,1.0
2026-10-02,60,XLB,rates,IEF,0.4334207711983945,58,2026-10-02,2026-10-02,1.0
2026-10-02,60,XLB,credit,HYG,0.4188635196337104,58,2026-10-02,2026-10-02,1.0
2026-10-02,60,XLB,credit,LQD,0.4135643946982722,58,2026-10-02,2026-10-02,1.0
2026-10-02,60,XLB,commodities,USO,-0.4205317419755349,58,2026-10-02,2026-10-02,1.0
2026-10-02,60,XLB,commodities,GLD,0.4034055178472354,58,2026-10-02,2026-10-02,1.0
2026-10-02,60,XLB,fx,DX-Y.NYB,-0.2140018217590123,58,2026-10-02,2026-10-02,1.0
2026-10-02,60,XLB,fx,EURUSD=X,-0.1812489883225609,58,2026-10-02,2026-10-02,1.0
2026-10-02,60,XLB,volatility,^VIX,-0.3252777711433495,58,2026-10-02,2026-10-02,1.0
2026-10-02,60,XLU,equity,SPY,0.1232976041044864,58,2026-10-02,2026-10-02,1.0
2026-10-02,60,XLU,equity,QQQ,0.0612938615883956,58,2026-10-02,2026-10-02,1.0
2026-10-02,60,XLU,equity,IWM,0.2176135666819496,58,2026-10-02,2026-10-02,1.0
2026-10-02,60,XLU,rates,TLT,0.350774144598384,58,2026-10-02,2026-10-02,1.0
2026-10-02,60,XLU,rates,IEF,0.3704322542465224,58,2026-10-02,2026-10-02,1.0
2026-10-02,60,XLU,credit,HYG,0.2548778649906996,58,2026-10-02,2026-10-02,1.0
2026-10-02,60,XLU,credit,LQD,0.3182317210759118,58,2026-10-02,2026-10-02,1.0
2026-10-02,60,XLU,commodities,USO,-0.1160598836106325,58,2026-10-02,2026-10-02,1.0
2026-10-02,60,XLU,commodities,GLD,0.0347404879138728,58,2026-10-02,2026-10-02,1.0
2026-10-02,60,XLU,fx,DX-Y.NYB,-0.0126082269264837,58,2026-10-02,2026-10-02,1.0
2026-10-02,60,XLU,fx,EURUSD=X,-0.1332462109491164,58,2026-10-02,2026-10-02,1.0
2026-10-02,60,XLU,volatility,^VIX,-0.1169282859523958,58,2026-10-02,2026-10-02,1.0
2026-10-02,60,XLRE,equity,SPY,0.2048823913887707,58,2026-10-02,2026-10-02,1.0
2026-10-02,60,XLRE,equity,QQQ,-0.0141669175275051,58,2026-10-02,2026-10-02,1.0
2026-10-02,60,XLRE,equity,IWM,0.2387257178975693,58,2026-10-02,2026-10-02,1.0
2026-10-02,60,XLRE,rates,TLT,0.4322180626746061,58,2026-10-02,2026-10-02,1.0
2026-10-02,60,XLRE,rates,IEF,0.4441432644743668,58,2026-10-02,2026-10-02,1.0
2026-10-02,60,XLRE,credit,HYG,0.3826761141508625,58,2026-10-02,2026-10-02,1.0
2026-10-02,60,XLRE,credit,LQD,0.3894771148580289,58,2026-10-02,2026-10-02,1.0
2026-10-02,60,XLRE,commodities,USO,-0.3145725349867614,58,2026-10-02,2026-10-02,1.0
2026-10-02,60,XLRE,commodities,GLD,0.0636151775107684,58,2026-10-02,2026-10-02,1.0
2026-10-02,60,XLRE,fx,DX-Y.NYB,-0.151398563300867,58,2026-10-02,2026-10-02,1.0
2026-10-02,60,XLRE,fx,EURUSD=X,-0.1252761650986573,58,2026-10-02,2026-10-02,1.0
2026-10-02,60,XLRE,volatility,^VIX,-0.0396369228905895,58,2026-10-02,2026-10-02,1.0
2026-10-02,60,XLC,equity,SPY,0.4047175476961969,58,2026-10-02,2026-10-02,1.0
2026-10-02,60,XLC,equity,QQQ,0.1974187070618719,58,2026-10-02,2026-10-02,1.0
2026-10-02,60,XLC,equity,IWM,0.2357338681878045,58,2026-10-02,2026-10-02,1.0
2026-10-02,60,XLC,rates,TLT,0.2693619796902604,58,2026-10-02,2026-10-02,1.0
2026-10-02,60,XLC,rates,IEF,0.2529540281219859,58,2026-10-02,2026-10-02,1.0
2026-10-02,60,XLC,credit,HYG,0.3458473159197177,58,2026-10-02,2026-10-02,1.0
2026-10-02,60,XLC,credit,LQD,0.2848793891068005,58,2026-10-02,2026-10-02,1.0
2026-10-02,60,XLC,commodities,USO,-0.3675631879004358,58,2026-10-02,2026-10-02,1.0
2026-10-02,60,XLC,commodities,GLD,-0.0599487350960198,58,2026-10-02,2026-10-02,1.0
2026-10-02,60,XLC,fx,DX-Y.NYB,-0.014841798993138,58,2026-10-02,2026-10-02,1.0
2026-10-02,60,XLC,fx,EURUSD=X,-0.0973482321458623,58,2026-10-02,2026-10-02,1.0
2026-10-02,60,XLC,volatility,^VIX,-0.1005153811543789,58,2026-10-02,2026-10-02,1.0
2026-10-05,20,XLK,equity,SPY,0.8790341252873912,19,2026-10-05,2026-10-05,1.0
2026-10-05,20,XLK,equity,QQQ,0.9381147718017608,19,2026-10-05,2026-10-05,1.0
2026-10-05,20,XLK,equity,IWM,0.6439796013612641,19,2026-10-05,2026-10-05,1.0
2026-10-05,20,XLK,rates,TLT,0.6562399048695192,19,2026-10-05,2026-10-05,1.0
2026-10-05,20,XLK,rates,IEF,0.6547399650569323,19,2026-10-05,2026-10-05,1.0
2026-10-05,20,XLK,credit,HYG,0.7027660797808106,19,2026-10-05,2026-10-05,1.0
2026-10-05,20,XLK,credit,LQD,0.649398372962201,19,2026-10-05,2026-10-05,1.0
2026-10-05,20,XLK,commodities,USO,-0.5421444082195935,19,2026-10-05,2026-10-05,1.0
2026-10-05,20,XLK,commodities,GLD,0.5297638283648697,19,2026-10-05,2026-10-05,1.0
2026-10-05,20,XLK,fx,DX-Y.NYB,-0.3383990789536403,19,2026-10-05,2026-10-05,1.0
2026-10-05,20,XLK,fx,EURUSD=X,-0.1832846530114474,19,2026-10-05,2026-10-05,1.0
2026-10-05,20,XLK,volatility,^VIX,-0.7438619203967142,19,2026-10-05,2026-10-05,1.0
2026-10-05,20,XLF,equity,SPY,0.6092912892031354,19,2026-10-05,2026-10-05,1.0
2026-10-05,20,XLF,equity,QQQ,0.3704758273894019,19,2026-10-05,2026-10-05,1.0
2026-10-05,20,XLF,equity,IWM,0.317286292411603,19,2026-10-05,2026-10-05,1.0
2026-10-05,20,XLF,rates,TLT,0.1336362712080253,19,2026-10-05,2026-10-05,1.0
2026-10-05,20,XLF,rates,IEF,0.1978983480675732,19,2026-10-05,2026-10-05,1.0
2026-10-05,20,XLF,credit,HYG,0.2384636005265239,19,2026-10-05,2026-10-05,1.0
2026-10-05,20,XLF,credit,LQD,0.1682492300707938,19,2026-10-05,2026-10-05,1.0
2026-10-05,20,XLF,commodities,USO,-0.076059981931839,19,2026-10-05,2026-10-05,1.0
2026-10-05,20,XLF,commodities,GLD,0.289783059854842,19,2026-10-05,2026-10-05,1.0
2026-10-05,20,XLF,fx,DX-Y.NYB,-0.3409549213106926,19,2026-10-05,2026-10-05,1.0
2026-10-05,20,XLF,fx,EURUSD=X,-0.0535837301467775,19,2026-10-05,2026-10-05,1.0
2026-10-05,20,XLF,volatility,^VIX,-0.333317152905182,19,2026-10-05,2026-10-05,1.0
2026-10-05,20,XLV,equity,SPY,0.2892146601330133,19,2026-10-05,2026-10-05,1.0
2026-10-05,20,XLV,equity,QQQ,0.2319996584672981,19,2026-10-05,2026-10-05,1.0
2026-10-05,20,XLV,equity,IWM,0.3398087469572545,19,2026-10-05,2026-10-05,1.0
2026-10-05,20,XLV,rates,TLT,0.2891102404990617,19,2026-10-05,2026-10-05,1.0
2026-10-05,20,XLV,rates,IEF,0.2534125300314505,19,2026-10-05,2026-10-05,1.0
2026-10-05,20,XLV,credit,HYG,0.3709399780339499,19,2026-10-05,2026-10-05,1.0
2026-10-05,20,XLV,credit,LQD,0.2537370363145421,19,2026-10-05,2026-10-05,1.0
2026-10-05,20,XLV,commodities,USO,-0.3778155124625863,19,2026-10-05,2026-10-05,1.0
2026-10-05,20,XLV,commodities,GLD,-0.0889082308991263,19,2026-10-05,2026-10-05,1.0
2026-10-05,20,XLV,fx,DX-Y.NYB,-0.2003037351722533,19,2026-10-05,2026-10-05,1.0
2026-10-05,20,XLV,fx,EURUSD=X,-0.069465501658894,19,2026-10-05,2026-10-05,1.0
2026-10-05,20,XLV,volatility,^VIX,-0.0719753854135021,19,2026-10-05,2026-10-05,1.0
2026-10-05,20,XLE,equity,SPY,-0.1098435513403204,19,2026-10-05,2026-10-05,1.0
2026-10-05,20,XLE,equity,QQQ,-0.2606077913792121,19,2026-10-05,2026-10-05,1.0
2026-10-05,20,XLE,equity,IWM,-0.1140100464646429,19,2026-10-05,2026-10-05,1.0
2026-10-05,20,XLE,rates,TLT,-0.2195443596249381,19,2026-10-05,2026-10-05,1.0
2026-10-05,20,XLE,rates,IEF,-0.144425712324445,19,2026-10-05,2026-10-05,1.0
2026-10-05,20,XLE,credit,HYG,-0.1773526057852413,19,2026-10-05,2026-10-05,1.0
2026-10-05,20,XLE,credit,LQD,-0.1425222270777825,19,2026-10-05,2026-10-05,1.0
2026-10-05,20,XLE,commodities,USO,0.58221327782637,19,2026-10-05,2026-10-05,1.0
2026-10-05,20,XLE,commodities,GLD,0.1502813925411051,19,2026-10-05,2026-10-05,1.0
2026-10-05,20,XLE,fx,DX-Y.NYB,-0.0691609332464493,19,2026-10-05,2026-10-05,1.0
2026-10-05,20,XLE,fx,EURUSD=X,-0.3174827646042336,19,2026-10-05,2026-10-05,1.0
2026-10-05,20,XLE,volatility,^VIX,-0.0881989573059387,19,2026-10-05,2026-10-05,1.0
2026-10-05,20,XLY,equity,SPY,0.8845841354301497,19,2026-10-05,2026-10-05,1.0
2026-10-05,20,XLY,equity,QQQ,0.8275123208753894,19,2026-10-05,2026-10-05,1.0
2026-10-05,20,XLY,equity,IWM,0.8457330397820981,19,2026-10-05,2026-10-05,1.0
2026-10-05,20,XLY,rates,TLT,0.6147598072241727,19,2026-10-05,2026-10-05,1.0
2026-10-05,20,XLY,rates,IEF,0.5819836693561766,19,2026-10-05,2026-10-05,1.0
2026-10-05,20,XLY,credit,HYG,0.7216289009542942,19,2026-10-05,2026-10-05,1.0
2026-10-05,20,XLY,credit,LQD,0.5713628686414355,19,2026-10-05,2026-10-05,1.0
2026-10-05,20,XLY,commodities,USO,-0.6016456952960486,19,2026-10-05,2026-10-05,1.0
2026-10-05,20,XLY,commodities,GLD,0.3709061471133301,19,2026-10-05,2026-10-05,1.0
2026-10-05,20,XLY,fx,DX-Y.NYB,-0.3445938343171997,19,2026-10-05,2026-10-05,1.0
2026-10-05,20,XLY,fx,EURUSD=X,-0.2453675355047173,19,2026-10-05,2026-10-05,1.0
2026-10-05,20,XLY,volatility,^VIX,-0.661721148997421,19,2026-10-05,2026-10-05,1.0
2026-10-05,20,XLP,equity,SPY,0.2098557535228166,19,2026-10-05,2026-10-05,1.0
2026-10-05,20,XLP,equity,QQQ,0.0613471401061952,19,2026-10-05,2026-10-05,1.0
2026-10-05,20,XLP,equity,IWM,0.4333899207066725,19,2026-10-05,2026-10-05,1.0
2026-10-05,20,XLP,rates,TLT,0.2767272913073862,19,2026-10-05,2026-10-05,1.0
2026-10-05,20,XLP,rates,IEF,0.1921370446082391,19,2026-10-05,2026-10-05,1.0
2026-10-05,20,XLP,credit,HYG,0.2619367373000853,19,2026-10-05,2026-10-05,1.0
2026-10-05,20,XLP,credit,LQD,0.1711212011047654,19,2026-10-05,2026-10-05,1.0
2026-10-05,20,XLP,commodities,USO,-0.2961838792423658,19,2026-10-05,2026-10-05,1.0
2026-10-05,20,XLP,commodities,GLD,-0.1905859850693483,19,2026-10-05,2026-10-05,1.0
2026-10-05,20,XLP,fx,DX-Y.NYB,-0.0312760397168102,19,2026-10-05,2026-10-05,1.0
2026-10-05,20,XLP,fx,EURUSD=X,0.0725161178565878,19,2026-10-05,2026-10-05,1.0
2026-10-05,20,XLP,volatility,^VIX,-0.1681918183971524,19,2026-10-05,2026-10-05,1.0
2026-10-05,20,XLI,equity,SPY,0.6543802302181493,19,2026-10-05,2026-10-05,1.0
2026-10-05,20,XLI,equity,QQQ,0.5837423928336487,19,2026-10-05,2026-10-05,1.0
2026-10-05,20,XLI,equity,IWM,0.6026531359998409,19,2026-10-05,2026-10-05,1.0
2026-10-05,20,XLI,rates,TLT,0.3937588693001814,19,2026-10-05,2026-10-05,1.0
2026-10-05,20,XLI,rates,IEF,0.3817811892924823,19,2026-10-05,2026-10-05,1.0
2026-10-05,20,XLI,credit,HYG,0.4003620257920181,19,2026-10-05,2026-10-05,1.0
2026-10-05,20,XLI,credit,LQD,0.3600901423804944,19,2026-10-05,2026-10-05,1.0
2026-10-05,20,XLI,commodities,USO,-0.554965154602228,19,2026-10-05,2026-10-05,1.0
2026-10-05,20,XLI,commodities,GLD,0.4012865896176976,19,2026-10-05,2026-10-05,1.0
2026-10-05,20,XLI,fx,DX-Y.NYB,-0.139406819960302,19,2026-10-05,2026-10-05,1.0
2026-10-05,20,XLI,fx,EURUSD=X,-0.0610359960348427,19,2026-10-05,2026-10-05,1.0
2026-10-05,20,XLI,volatility,^VIX,-0.6907036338873427,19,2026-10-05,2026-10-05,1.0
2026-10-05,20,XLB,equity,SPY,0.5148465441248858,19,2026-10-05,2026-10-05,1.0
2026-10-05,20,XLB,equity,QQQ,0.468801766003281,19,2026-10-05,2026-10-05,1.0
2026-10-05,20,XLB,equity,IWM,0.6463454193374975,19,2026-10-05,2026-10-05,1.0
2026-10-05,20,XLB,rates,TLT,0.4397592617932555,19,2026-10-05,2026-10-05,1.0
2026-10-05,20,XLB,rates,IEF,0.4522846756570979,19,2026-10-05,2026-10-05,1.0
2026-10-05,20,XLB,credit,HYG,0.5327291567215635,19,2026-10-05,2026-10-05,1.0
2026-10-05,20,XLB,credit,LQD,0.4736841990170815,19,2026-10-05,2026-10-05,1.0
2026-10-05,20,XLB,commodities,USO,-0.4280317369943954,19,2026-10-05,2026-10-05,1.0
2026-10-05,20,XLB,commodities,GLD,0.2718774953200151,19,2026-10-05,2026-10-05,1.0
2026-10-05,20,XLB,fx,DX-Y.NYB,-0.2377065945339326,19,2026-10-05,2026-10-05,1.0
2026-10-05,20,XLB,fx,EURUSD=X,-0.254372093176149,19,2026-10-05,2026-10-05,1.0
2026-10-05,20,XLB,volatility,^VIX,-0.5633892525817109,19,2026-10-05,2026-10-05,1.0
2026-10-05,20,XLU,equity,SPY,0.5417259064375796,19,2026-10-05,2026-10-05,1.0
2026-10-05,20,XLU,equity,QQQ,0.5103539650013753,19,2026-10-05,2026-10-05,1.0
2026-10-05,20,XLU,equity,IWM,0.6880658640144469,19,2026-10-05,2026-10-05,1.0
2026-10-05,20,XLU,rates,TLT,0.5688566800560722,19,2026-10-05,2026-10-05,1.0
2026-10-05,20,XLU,rates,IEF,0.6814210685181024,19,2026-10-05,2026-10-05,1.0
2026-10-05,20,XLU,credit,HYG,0.6599225925811993,19,2026-10-05,2026-10-05,1.0
2026-10-05,20,XLU,credit,LQD,0.6540503314573601,19,2026-10-05,2026-10-05,1.0
2026-10-05,20,XLU,commodities,USO,-0.5983314124839892,19,2026-10-05,2026-10-05,1.0
2026-10-05,20,XLU,commodities,GLD,0.4429661852795527,19,2026-10-05,2026-10-05,1.0
2026-10-05,20,XLU,fx,DX-Y.NYB,-0.1719528461422234,19,2026-10-05,2026-10-05,1.0
2026-10-05,20,XLU,fx,EURUSD=X,-0.1600795223099171,19,2026-10-05,2026-10-05,1.0
2026-10-05,20,XLU,volatility,^VIX,-0.5302219141384985,19,2026-10-05,2026-10-05,1.0
2026-10-05,20,XLRE,equity,SPY,0.7883604730243702,19,2026-10-05,2026-10-05,1.0
2026-10-05,20,XLRE,equity,QQQ,0.7133989249453092,19,2026-10-05,2026-10-05,1.0
2026-10-05,20,XLRE,equity,IWM,0.7469403696445939,19,2026-10-05,2026-10-05,1.0
2026-10-05,20,XLRE,rates,TLT,0.6483316978662068,19,2026-10-05,2026-10-05,1.0
2026-10-05,20,XLRE,rates,IEF,0.5922977904933194,19,2026-10-05,2026-10-05,1.0
2026-10-05,20,XLRE,credit,HYG,0.664317734871263,19,2026-10-05,2026-10-05,1.0
2026-10-05,20,XLRE,credit,LQD,0.5974337972689131,19,2026-10-05,2026-10-05,1.0
2026-10-05,20,XLRE,commodities,USO,-0.5830231626714363,19,2026-10-05,2026-10-05,1.0
2026-10-05,20,XLRE,commodities,GLD,0.2890307696580169,19,2026-10-05,2026-10-05,1.0
2026-10-05,20,XLRE,fx,DX-Y.NYB,-0.3284623391738622,19,2026-10-05,2026-10-05,1.0
2026-10-05,20,XLRE,fx,EURUSD=X,-0.2709493488408959,19,2026-10-05,2026-10-05,1.0
2026-10-05,20,XLRE,volatility,^VIX,-0.6445584054498087,19,2026-10-05,2026-10-05,1.0
2026-10-05,20,XLC,equity,SPY,0.4730123484061318,19,2026-10-05,2026-10-05,1.0
2026-10-05,20,XLC,equity,QQQ,0.4218719903033109,19,2026-10-05,2026-10-05,1.0
2026-10-05,20,XLC,equity,IWM,0.3245614860130423,19,2026-10-05,2026-10-05,1.0
2026-10-05,20,XLC,rates,TLT,0.2091181070848273,19,2026-10-05,2026-10-05,1.0
2026-10-05,20,XLC,rates,IEF,0.1602307131887203,19,2026-10-05,2026-10-05,1.0
2026-10-05,20,XLC,credit,HYG,0.2776329450577478,19,2026-10-05,2026-10-05,1.0
2026-10-05,20,XLC,credit,LQD,0.1767983442635343,19,2026-10-05,2026-10-05,1.0
2026-10-05,20,XLC,commodities,USO,-0.1824214433451128,19,2026-10-05,2026-10-05,1.0
2026-10-05,20,XLC,commodities,GLD,-0.0696622691631486,19,2026-10-05,2026-10-05,1.0
2026-10-05,20,XLC,fx,DX-Y.NYB,0.0328414786912079,19,2026-10-05,2026-10-05,1.0
2026-10-05,20,XLC,fx,EURUSD=X,0.0066637893592168,19,2026-10-05,2026-10-05,1.0
2026-10-05,20,XLC,volatility,^VIX,0.0793260670566096,19,2026-10-05,2026-10-05,1.0
2026-10-05,60,XLK,equity,SPY,0.7839635659768256,58,2026-10-05,2026-10-05,1.0
2026-10-05,60,XLK,equity,QQQ,0.9385713679609232,58,2026-10-05,2026-10-05,1.0
2026-10-05,60,XLK,equity,IWM,0.669779935321367,58,2026-10-05,2026-10-05,1.0
2026-10-05,60,XLK,rates,TLT,0.2347471448873828,58,2026-10-05,2026-10-05,1.0
2026-10-05,60,XLK,rates,IEF,0.3039722371030473,58,2026-10-05,2026-10-05,1.0
2026-10-05,60,XLK,credit,HYG,0.482060531135502,58,2026-10-05,2026-10-05,1.0
2026-10-05,60,XLK,credit,LQD,0.3600789663034702,58,2026-10-05,2026-10-05,1.0
2026-10-05,60,XLK,commodities,USO,-0.3101595390015134,58,2026-10-05,2026-10-05,1.0
2026-10-05,60,XLK,commodities,GLD,0.3368473090287128,58,2026-10-05,2026-10-05,1.0
2026-10-05,60,XLK,fx,DX-Y.NYB,-0.1955152675917725,58,2026-10-05,2026-10-05,1.0
2026-10-05,60,XLK,fx,EURUSD=X,-0.1107367545086174,58,2026-10-05,2026-10-05,1.0
2026-10-05,60,XLK,volatility,^VIX,-0.5825896728335448,58,2026-10-05,2026-10-05,1.0
2026-10-05,60,XLF,equity,SPY,0.5643475448034193,58,2026-10-05,2026-10-05,1.0
2026-10-05,60,XLF,equity,QQQ,0.269410007760586,58,2026-10-05,2026-10-05,1.0
2026-10-05,60,XLF,equity,IWM,0.4181133699200824,58,2026-10-05,2026-10-05,1.0
2026-10-05,60,XLF,rates,TLT,0.3840937771170943,58,2026-10-05,2026-10-05,1.0
2026-10-05,60,XLF,rates,IEF,0.3912320590695645,58,2026-10-05,2026-10-05,1.0
2026-10-05,60,XLF,credit,HYG,0.4540778463474665,58,2026-10-05,2026-10-05,1.0
2026-10-05,60,XLF,credit,LQD,0.3976571111839853,58,2026-10-05,2026-10-05,1.0
2026-10-05,60,XLF,commodities,USO,-0.4355496932974465,58,2026-10-05,2026-10-05,1.0
2026-10-05,60,XLF,commodities,GLD,0.1639170705873968,58,2026-10-05,2026-10-05,1.0
2026-10-05,60,XLF,fx,DX-Y.NYB,-0.1751897285326379,58,2026-10-05,2026-10-05,1.0
2026-10-05,60,XLF,fx,EURUSD=X,-0.023686868008978,58,2026-10-05,2026-10-05,1.0
2026-10-05,60,XLF,volatility,^VIX,-0.3918485885400047,58,2026-10-05,2026-10-05,1.0
2026-10-05,60,XLV,equity,SPY,-0.0018717042174507,58,2026-10-05,2026-10-05,1.0
2026-10-05,60,XLV,equity,QQQ,-0.2355831391086089,58,2026-10-05,2026-10-05,1.0
2026-10-05,60,XLV,equity,IWM,0.1133349842728467,58,2026-10-05,2026-10-05,1.0
2026-10-05,60,XLV,rates,TLT,0.3701611458054302,58,2026-10-05,2026-10-05,1.0
2026-10-05,60,XLV,rates,IEF,0.2410922747033706,58,2026-10-05,2026-10-05,1.0
2026-10-05,60,XLV,credit,HYG,0.1310836956610784,58,2026-10-05,2026-10-05,1.0
2026-10-05,60,XLV,credit,LQD,0.2233952958923118,58,2026-10-05,2026-10-05,1.0
2026-10-05,60,XLV,commodities,USO,-0.1729098393233008,58,2026-10-05,2026-10-05,1.0
2026-10-05,60,XLV,commodities,GLD,0.0806999301252221,58,2026-10-05,2026-10-05,1.0
2026-10-05,60,XLV,fx,DX-Y.NYB,-0.0762334979234779,58,2026-10-05,2026-10-05,1.0
2026-10-05,60,XLV,fx,EURUSD=X,-0.1011906430915922,58,2026-10-05,2026-10-05,1.0
2026-10-05,60,XLV,volatility,^VIX,0.0401619742113132,58,2026-10-05,2026-10-05,1.0
2026-10-05,60,XLE,equity,SPY,-0.2713318103501259,58,2026-10-05,2026-10-05,1.0
2026-10-05,60,XLE,equity,QQQ,-0.25119561581379,58,2026-10-05,2026-10-05,1.0
2026-10-05,60,XLE,equity,IWM,-0.300991454367828,58,2026-10-05,2026-10-05,1.0
2026-10-05,60,XLE,rates,TLT,-0.4275095460842547,58,2026-10-05,2026-10-05,1.0
2026-10-05,60,XLE,rates,IEF,-0.3722514935390769,58,2026-10-05,2026-10-05,1.0
2026-10-05,60,XLE,credit,HYG,-0.3046660839569966,58,2026-10-05,2026-10-05,1.0
2026-10-05,60,XLE,credit,LQD,-0.3926897786731985,58,2026-10-05,2026-10-05,1.0
2026-10-05,60,XLE,commodities,USO,0.684777404882808,58,2026-10-05,2026-10-05,1.0
2026-10-05,60,XLE,commodities,GLD,-0.0903146290014345,58,2026-10-05,2026-10-05,1.0
2026-10-05,60,XLE,fx,DX-Y.NYB,0.0267058578088799,58,2026-10-05,2026-10-05,1.0
2026-10-05,60,XLE,fx,EURUSD=X,0.0185894446211001,58,2026-10-05,2026-10-05,1.0
2026-10-05,60,XLE,volatility,^VIX,0.1348816418660952,58,2026-10-05,2026-10-05,1.0
2026-10-05,60,XLY,equity,SPY,0.6556156377787971,58,2026-10-05,2026-10-05,1.0
2026-10-05,60,XLY,equity,QQQ,0.4339604590273686,58,2026-10-05,2026-10-05,1.0
2026-10-05,60,XLY,equity,IWM,0.4713339322722175,58,2026-10-05,2026-10-05,1.0
2026-10-05,60,XLY,rates,TLT,0.3947225033327856,58,2026-10-05,2026-10-05,1.0
2026-10-05,60,XLY,rates,IEF,0.4016389634722463,58,2026-10-05,2026-10-05,1.0
2026-10-05,60,XLY,credit,HYG,0.594378092940615,58,2026-10-05,2026-10-05,1.0
2026-10-05,60,XLY,credit,LQD,0.4570335215380995,58,2026-10-05,2026-10-05,1.0
2026-10-05,60,XLY,commodities,USO,-0.5370726836811547,58,2026-10-05,2026-10-05,1.0
2026-10-05,60,XLY,commodities,GLD,0.2630163572240825,58,2026-10-05,2026-10-05,1.0
2026-10-05,60,XLY,fx,DX-Y.NYB,-0.3661813991531545,58,2026-10-05,2026-10-05,1.0
2026-10-05,60,XLY,fx,EURUSD=X,-0.0295857614700806,58,2026-10-05,2026-10-05,1.0
2026-10-05,60,XLY,volatility,^VIX,-0.5687286652412301,58,2026-10-05,2026-10-05,1.0
2026-10-05,60,XLP,equity,SPY,-0.0154783647029108,58,2026-10-05,2026-10-05,1.0
2026-10-05,60,XLP,equity,QQQ,-0.2817200437778837,58,2026-10-05,2026-10-05,1.0
2026-10-05,60,XLP,equity,IWM,0.053942995121147,58,2026-10-05,2026-10-05,1.0
2026-10-05,60,XLP,rates,TLT,0.3187621427270419,58,2026-10-05,2026-10-05,1.0
2026-10-05,60,XLP,rates,IEF,0.2436916866398921,58,2026-10-05,2026-10-05,1.0
2026-10-05,60,XLP,credit,HYG,0.1778251932871576,58,2026-10-05,2026-10-05,1.0
2026-10-05,60,XLP,credit,LQD,0.2293128456769511,58,2026-10-05,2026-10-05,1.0
2026-10-05,60,XLP,commodities,USO,-0.3664508248929497,58,2026-10-05,2026-10-05,1.0
2026-10-05,60,XLP,commodities,GLD,-0.1533505541965329,58,2026-10-05,2026-10-05,1.0
2026-10-05,60,XLP,fx,DX-Y.NYB,0.0532029829348821,58,2026-10-05,2026-10-05,1.0
2026-10-05,60,XLP,fx,EURUSD=X,-0.1129504868756764,58,2026-10-05,2026-10-05,1.0
2026-10-05,60,XLP,volatility,^VIX,0.0918157973748629,58,2026-10-05,2026-10-05,1.0
2026-10-05,60,XLI,equity,SPY,0.6002682838697999,58,2026-10-05,2026-10-05,1.0
2026-10-05,60,XLI,equity,QQQ,0.5307327299434041,58,2026-10-05,2026-10-05,1.0
2026-10-05,60,XLI,equity,IWM,0.6405673667809725,58,2026-10-05,2026-10-05,1.0
2026-10-05,60,XLI,rates,TLT,0.3151705231035883,58,2026-10-05,2026-10-05,1.0
2026-10-05,60,XLI,rates,IEF,0.3038487874727639,58,2026-10-05,2026-10-05,1.0
2026-10-05,60,XLI,credit,HYG,0.3447423444559555,58,2026-10-05,2026-10-05,1.0
2026-10-05,60,XLI,credit,LQD,0.3220217615628209,58,2026-10-05,2026-10-05,1.0
2026-10-05,60,XLI,commodities,USO,-0.4495045587717491,58,2026-10-05,2026-10-05,1.0
2026-10-05,60,XLI,commodities,GLD,0.1526709714118276,58,2026-10-05,2026-10-05,1.0
2026-10-05,60,XLI,fx,DX-Y.NYB,0.0032247500511627,58,2026-10-05,2026-10-05,1.0
2026-10-05,60,XLI,fx,EURUSD=X,-0.00883771624685,58,2026-10-05,2026-10-05,1.0
2026-10-05,60,XLI,volatility,^VIX,-0.4380928172160241,58,2026-10-05,2026-10-05,1.0
2026-10-05,60,XLB,equity,SPY,0.3705717331841591,58,2026-10-05,2026-10-05,1.0
2026-10-05,60,XLB,equity,QQQ,0.1967621817691512,58,2026-10-05,2026-10-05,1.0
2026-10-05,60,XLB,equity,IWM,0.5006452795505211,58,2026-10-05,2026-10-05,1.0
2026-10-05,60,XLB,rates,TLT,0.4364889583228963,58,2026-10-05,2026-10-05,1.0
2026-10-05,60,XLB,rates,IEF,0.4164409062294218,58,2026-10-05,2026-10-05,1.0
2026-10-05,60,XLB,credit,HYG,0.4196948364675283,58,2026-10-05,2026-10-05,1.0
2026-10-05,60,XLB,credit,LQD,0.4058890035853599,58,2026-10-05,2026-10-05,1.0
2026-10-05,60,XLB,commodities,USO,-0.4294891348190199,58,2026-10-05,2026-10-05,1.0
2026-10-05,60,XLB,commodities,GLD,0.3881230460175395,58,2026-10-05,2026-10-05,1.0
2026-10-05,60,XLB,fx,DX-Y.NYB,-0.1868288926513834,58,2026-10-05,2026-10-05,1.0
2026-10-05,60,XLB,fx,EURUSD=X,-0.1826623854322674,58,2026-10-05,2026-10-05,1.0
2026-10-05,60,XLB,volatility,^VIX,-0.3071829623909362,58,2026-10-05,2026-10-05,1.0
2026-10-05,60,XLU,equity,SPY,0.1568636190892598,58,2026-10-05,2026-10-05,1.0
2026-10-05,60,XLU,equity,QQQ,0.1020646727611861,58,2026-10-05,2026-10-05,1.0
2026-10-05,60,XLU,equity,IWM,0.2469340623206246,58,2026-10-05,2026-10-05,1.0
2026-10-05,60,XLU,rates,TLT,0.3605821926945667,58,2026-10-05,2026-10-05,1.0
2026-10-05,60,XLU,rates,IEF,0.3887804966754143,58,2026-10-05,2026-10-05,1.0
2026-10-05,60,XLU,credit,HYG,0.2830458356142541,58,2026-10-05,2026-10-05,1.0
2026-10-05,60,XLU,credit,LQD,0.3447339104909763,58,2026-10-05,2026-10-05,1.0
2026-10-05,60,XLU,commodities,USO,-0.1782021699387313,58,2026-10-05,2026-10-05,1.0
2026-10-05,60,XLU,commodities,GLD,0.0666907017005164,58,2026-10-05,2026-10-05,1.0
2026-10-05,60,XLU,fx,DX-Y.NYB,-0.0218056158644142,58,2026-10-05,2026-10-05,1.0
2026-10-05,60,XLU,fx,EURUSD=X,-0.1171690228939815,58,2026-10-05,2026-10-05,1.0
2026-10-05,60,XLU,volatility,^VIX,-0.1567106558227305,58,2026-10-05,2026-10-05,1.0
2026-10-05,60,XLRE,equity,SPY,0.2219356412767782,58,2026-10-05,2026-10-05,1.0
2026-10-05,60,XLRE,equity,QQQ,0.008963566690079,58,2026-10-05,2026-10-05,1.0
2026-10-05,60,XLRE,equity,IWM,0.2515873720696979,58,2026-10-05,2026-10-05,1.0
2026-10-05,60,XLRE,rates,TLT,0.4500782709875176,58,2026-10-05,2026-10-05,1.0
2026-10-05,60,XLRE,rates,IEF,0.4653150104635293,58,2026-10-05,2026-10-05,1.0
2026-10-05,60,XLRE,credit,HYG,0.4001419065216512,58,2026-10-05,2026-10-05,1.0
2026-10-05,60,XLRE,credit,LQD,0.411608423599121,58,2026-10-05,2026-10-05,1.0
2026-10-05,60,XLRE,commodities,USO,-0.3665552235071758,58,2026-10-05,2026-10-05,1.0
2026-10-05,60,XLRE,commodities,GLD,0.0942862605935747,58,2026-10-05,2026-10-05,1.0
2026-10-05,60,XLRE,fx,DX-Y.NYB,-0.1709852018508442,58,2026-10-05,2026-10-05,1.0
2026-10-05,60,XLRE,fx,EURUSD=X,-0.1151878414207073,58,2026-10-05,2026-10-05,1.0
2026-10-05,60,XLRE,volatility,^VIX,-0.0745118732563075,58,2026-10-05,2026-10-05,1.0
2026-10-05,60,XLC,equity,SPY,0.4166573631998325,58,2026-10-05,2026-10-05,1.0
2026-10-05,60,XLC,equity,QQQ,0.2091268599066293,58,2026-10-05,2026-10-05,1.0
2026-10-05,60,XLC,equity,IWM,0.246902415182524,58,2026-10-05,2026-10-05,1.0
2026-10-05,60,XLC,rates,TLT,0.259176205486274,58,2026-10-05,2026-10-05,1.0
2026-10-05,60,XLC,rates,IEF,0.2485234904755718,58,2026-10-05,2026-10-05,1.0
2026-10-05,60,XLC,credit,HYG,0.3536977837385612,58,2026-10-05,2026-10-05,1.0
2026-10-05,60,XLC,credit,LQD,0.2875384784442092,58,2026-10-05,2026-10-05,1.0
2026-10-05,60,XLC,commodities,USO,-0.3932450209156996,58,2026-10-05,2026-10-05,1.0
2026-10-05,60,XLC,commodities,GLD,-0.0647624394537804,58,2026-10-05,2026-10-05,1.0
2026-10-05,60,XLC,fx,DX-Y.NYB,-0.0034368504506256,58,2026-10-05,2026-10-05,1.0
2026-10-05,60,XLC,fx,EURUSD=X,-0.0942624461302252,58,2026-10-05,2026-10-05,1.0
2026-10-05,60,XLC,volatility,^VIX,-0.0983809653733022,58,2026-10-05,2026-10-05,1.0
2026-10-06,20,XLK,equity,SPY,0.8723892468535803,20,2026-10-06,2026-10-06,1.0
2026-10-06,20,XLK,equity,QQQ,0.9381717996676525,20,2026-10-06,2026-10-06,1.0
2026-10-06,20,XLK,equity,IWM,0.6296788950707952,20,2026-10-06,2026-10-06,1.0
2026-10-06,20,XLK,rates,TLT,0.6510939458105098,20,2026-10-06,2026-10-06,1.0
2026-10-06,20,XLK,rates,IEF,0.6454033876875424,20,2026-10-06,2026-10-06,1.0
2026-10-06,20,XLK,credit,HYG,0.6524384082797168,20,2026-10-06,2026-10-06,1.0
2026-10-06,20,XLK,credit,LQD,0.6391663129514464,20,2026-10-06,2026-10-06,1.0
2026-10-06,20,XLK,commodities,USO,-0.5394148237240561,20,2026-10-06,2026-10-06,1.0
2026-10-06,20,XLK,commodities,GLD,0.527509094956425,20,2026-10-06,2026-10-06,1.0
2026-10-06,20,XLK,fx,DX-Y.NYB,-0.3359126767664246,20,2026-10-06,2026-10-06,1.0
2026-10-06,20,XLK,fx,EURUSD=X,-0.18612437105349205,20,2026-10-06,2026-10-06,1.0
2026-10-06,20,XLK,volatility,^VIX,-0.7425181832648956,20,2026-10-06,2026-10-06,1.0
2026-10-06,20,XLF,equity,SPY,0.6197929168259665,20,2026-10-06,2026-10-06,1.0
2026-10-06,20,XLF,equity,QQQ,0.37176233841504125,20,2026-10-06,2026-10-06,1.0
2026-10-06,20,XLF,equity,IWM,0.2815806372288916,20,2026-10-06,2026-10-06,1.0
2026-10-06,20,XLF,rates,TLT,0.1596907619873922,20,2026-10-06,2026-10-06,1.0
2026-10-06,20,XLF,rates,IEF,0.2272824173134582,20,2026-10-06,2026-10-06,1.0
2026-10-06,20,XLF,credit,HYG,0.28319448205473685,20,2026-10-06,2026-10-06,1.0
2026-10-06,20,XLF,credit,LQD,0.199901382532672,20,2026-10-06,2026-10-06,1.0
2026-10-06,20,XLF,commodities,USO,-0.06629237305720763,20,2026-10-06,2026-10-06,1.0
2026-10-06,20,XLF,commodities,GLD,0.3096918977992976,20,2026-10-06,2026-10-06,1.0
2026-10-06,20,XLF,fx,DX-Y.NYB,-0.3669631901959885,20,2026-10-06,2026-10-06,1.0
2026-10-06,20,XLF,fx,EURUSD=X,-0.07870511138216316,20,2026-10-06,2026-10-06,1.0
2026-10-06,20,XLF,volatility,^VIX,-0.34518012902250444,20,2026-10-06,2026-10-06,1.0
2026-10-06,20,XLV,equity,SPY,0.2746080263359453,20,2026-10-06,2026-10-06,1.0
2026-10-06,20,XLV,equity,QQQ,0.2287612294053406,20,2026-10-06,2026-10-06,1.0
2026-10-06,20,XLV,equity,IWM,0.3449322087283825,20,2026-10-06,2026-10-06,1.0
2026-10-06,20,XLV,rates,TLT,0.2723356776050563,20,2026-10-06,2026-10-06,1.0
2026-10-06,20,XLV,rates,IEF,0.232491066578898,20,2026-10-06,2026-10-06,1.0
2026-10-06,20,XLV,credit,HYG,0.310174269220281,20,2026-10-06,2026-10-06,1.0
2026-10-06,20,XLV,credit,LQD,0.23173473057468988,20,2026-10-06,2026-10-06,1.0
2026-10-06,20,XLV,commodities,USO,-0.379826557379892,20,2026-10-06,2026-10-06,1.0
2026-10-06,20,XLV,commodities,GLD,-0.09813855400851877,20,2026-10-06,2026-10-06,1.0
2026-10-06,20,XLV,fx,DX-Y.NYB,-0.17800850295758433,20,2026-10-06,2026-10-06,1.0
2026-10-06,20,XLV,fx,EURUSD=X,-0.05833490950128102,20,2026-10-06,2026-10-06,1.0
2026-10-06,20,XLV,volatility,^VIX,-0.06431128283144835,20,2026-10-06,2026-10-06,1.0
2026-10-06,20,XLE,equity,SPY,-0.09227087566592314,20,2026-10-06,2026-10-06,1.0
2026-10-06,20,XLE,equity,QQQ,-0.2552340177052354,20,2026-10-06,2026-10-06,1.0
2026-10-06,20,XLE,equity,IWM,-0.12770624936603656,20,2026-10-06,2026-10-06,1.0
2026-10-06,20,XLE,rates,TLT,-0.19745076103883105,20,2026-10-06,2026-10-06,1.0
2026-10-06,20,XLE,rates,IEF,-0.11865408236573369,20,2026-10-06,2026-10-06,1.0
2026-10-06,20,XLE,credit,HYG,-0.12019087992239746,20,2026-10-06,2026-10-06,1.0
2026-10-06,20,XLE,credit,LQD,-0.1156692994321197,20,2026-10-06,2026-10-06,1.0
2026-10-06,20,XLE,commodities,USO,0.5837013736503203,20,2026-10-06,2026-10-06,1.0
2026-10-06,20,XLE,commodities,GLD,0.16372693806082747,20,2026-10-06,2026-10-06,1.0
2026-10-06,20,XLE,fx,DX-Y.NYB,-0.09063495481099307,20,2026-10-06,2026-10-06,1.0
2026-10-06,20,XLE,fx,EURUSD=X,-0.3273776932257345,20,2026-10-06,2026-10-06,1.0
2026-10-06,20,XLE,volatility,^VIX,-0.0980260272230314,20,2026-10-06,2026-10-06,1.0
2026-10-06,20,XLY,equity,SPY,0.8786926114772807,20,2026-10-06,2026-10-06,1.0
2026-10-06,20,XLY,equity,QQQ,0.7963068624800681,20,2026-10-06,2026-10-06,1.0
2026-10-06,20,XLY,equity,IWM,0.7385053012962018,20,2026-10-06,2026-10-06,1.0
2026-10-06,20,XLY,rates,TLT,0.630611427449839,20,2026-10-06,2026-10-06,1.0
2026-10-06,20,XLY,rates,IEF,0.6086788738040102,20,2026-10-06,2026-10-06,1.0
2026-10-06,20,XLY,credit,HYG,0.7548778730686466,20,2026-10-06,2026-10-06,1.0
2026-10-06,20,XLY,credit,LQD,0.6005715374537478,20,2026-10-06,2026-10-06,1.0
2026-10-06,20,XLY,commodities,USO,-0.5526906630413744,20,2026-10-06,2026-10-06,1.0
2026-10-06,20,XLY,commodities,GLD,0.4002074417300415,20,2026-10-06,2026-10-06,1.0
2026-10-06,20,XLY,fx,DX-Y.NYB,-0.3954603559179641,20,2026-10-06,2026-10-06,1.0
2026-10-06,20,XLY,fx,EURUSD=X,-0.28045925404635774,20,2026-10-06,2026-10-06,1.0
2026-10-06,20,XLY,volatility,^VIX,-0.6586495996937473,20,2026-10-06,2026-10-06,1.0
2026-10-06,20,XLP,equity,SPY,0.24812705336479923,20,2026-10-06,2026-10-06,1.0
2026-10-06,20,XLP,equity,QQQ,0.07113648751206053,20,2026-10-06,2026-10-06,1.0
2026-10-06,20,XLP,equity,IWM,0.352168854859424,20,2026-10-06,2026-10-06,1.0
2026-10-06,20,XLP,rates,TLT,0.3158891719430088,20,2026-10-06,2026-10-06,1.0
2026-10-06,20,XLP,rates,IEF,0.24903938560380576,20,2026-10-06,2026-10-06,1.0
2026-10-06,20,XLP,credit,HYG,0.3598846281778122,20,2026-10-06,2026-10-06,1.0
2026-10-06,20,XLP,credit,LQD,0.23214873050659016,20,2026-10-06,2026-10-06,1.0
2026-10-06,20,XLP,commodities,USO,-0.26325299092394117,20,2026-10-06,2026-10-06,1.0
2026-10-06,20,XLP,commodities,GLD,-0.12347556263936504,20,2026-10-06,2026-10-06,1.0
2026-10-06,20,XLP,fx,DX-Y.NYB,-0.10853727162806119,20,2026-10-06,2026-10-06,1.0
2026-10-06,20,XLP,fx,EURUSD=X,0.016312415569792845,20,2026-10-06,2026-10-06,1.0
2026-10-06,20,XLP,volatility,^VIX,-0.19417332382928731,20,2026-10-06,2026-10-06,1.0
2026-10-06,20,XLI,equity,SPY,0.6654697550857138,20,2026-10-06,2026-10-06,1.0
2026-10-06,20,XLI,equity,QQQ,0.5731516366398984,20,2026-10-06,2026-10-06,1.0
2026-10-06,20,XLI,equity,IWM,0.5302424482645097,20,2026-10-06,2026-10-06,1.0
2026-10-06,20,XLI,rates,TLT,0.4212812071407206,20,2026-10-06,2026-10-06,1.0
2026-10-06,20,XLI,rates,IEF,0.4178083622381585,20,2026-10-06,2026-10-06,1.0
2026-10-06,20,XLI,credit,HYG,0.4613810355485127,20,2026-10-06,2026-10-06,1.0
2026-10-06,20,XLI,credit,LQD,0.3990325790106816,20,2026-10-06,2026-10-06,1.0
2026-10-06,20,XLI,commodities,USO,-0.520700032477499,20,2026-10-06,2026-10-06,1.0
2026-10-06,20,XLI,commodities,GLD,0.4259949223471787,20,2026-10-06,2026-10-06,1.0
2026-10-06,20,XLI,fx,DX-Y.NYB,-0.19578774093230653,20,2026-10-06,2026-10-06,1.0
2026-10-06,20,XLI,fx,EURUSD=X,-0.10031816053123202,20,2026-10-06,2026-10-06,1.0
2026-10-06,20,XLI,volatility,^VIX,-0.6913700003584494,20,2026-10-06,2026-10-06,1.0
2026-10-06,20,XLB,equity,SPY,0.5285166297862959,20,2026-10-06,2026-10-06,1.0
2026-10-06,20,XLB,equity,QQQ,0.46828330773775995,20,2026-10-06,2026-10-06,1.0
2026-10-06,20,XLB,equity,IWM,0.5993782582536639,20,2026-10-06,2026-10-06,1.0
2026-10-06,20,XLB,rates,TLT,0.4574756703427636,20,2026-10-06,2026-10-06,1.0
2026-10-06,20,XLB,rates,IEF,0.47309145566233346,20,2026-10-06,2026-10-06,1.0
2026-10-06,20,XLB,credit,HYG,0.54985531912141,20,2026-10-06,2026-10-06,1.0
2026-10-06,20,XLB,credit,LQD,0.4942197653727502,20,2026-10-06,2026-10-06,1.0
2026-10-06,20,XLB,commodities,USO,-0.4117971325037702,20,2026-10-06,2026-10-06,1.0
2026-10-06,20,XLB,commodities,GLD,0.2933295477272266,20,2026-10-06,2026-10-06,1.0
2026-10-06,20,XLB,fx,DX-Y.NYB,-0.2700925793706659,20,2026-10-06,2026-10-06,1.0
2026-10-06,20,XLB,fx,EURUSD=X,-0.27514758315276183,20,2026-10-06,2026-10-06,1.0
2026-10-06,20,XLB,volatility,^VIX,-0.5707409965476135,20,2026-10-06,2026-10-06,1.0
2026-10-06,20,XLU,equity,SPY,0.5056296401792731,20,2026-10-06,2026-10-06,1.0
2026-10-06,20,XLU,equity,QQQ,0.40662198215932077,20,2026-10-06,2026-10-06,1.0
2026-10-06,20,XLU,equity,IWM,0.39666086904936043,20,2026-10-06,2026-10-06,1.0
2026-10-06,20,XLU,rates,TLT,0.5369171219122948,20,2026-10-06,2026-10-06,1.0
2026-10-06,20,XLU,rates,IEF,0.6427670287151537,20,2026-10-06,2026-10-06,1.0
2026-10-06,20,XLU,credit,HYG,0.7245762932256617,20,2026-10-06,2026-10-06,1.0
2026-10-06,20,XLU,credit,LQD,0.6277683921055311,20,2026-10-06,2026-10-06,1.0
2026-10-06,20,XLU,commodities,USO,-0.4102110144004564,20,2026-10-06,2026-10-06,1.0
2026-10-06,20,XLU,commodities,GLD,0.4372531718554347,20,2026-10-06,2026-10-06,1.0
2026-10-06,20,XLU,fx,DX-Y.NYB,-0.2890845546934259,20,2026-10-06,2026-10-06,1.0
2026-10-06,20,XLU,fx,EURUSD=X,-0.22394937363564502,20,2026-10-06,2026-10-06,1.0
2026-10-06,20,XLU,volatility,^VIX,-0.4665364016585328,20,2026-10-06,2026-10-06,1.0
2026-10-06,20,XLRE,equity,SPY,0.7685639290143398,20,2026-10-06,2026-10-06,1.0
2026-10-06,20,XLRE,equity,QQQ,0.6564476063724218,20,2026-10-06,2026-10-06,1.0
2026-10-06,20,XLRE,equity,IWM,0.5877216687001651,20,2026-10-06,2026-10-06,1.0
2026-10-06,20,XLRE,rates,TLT,0.6513791598207218,20,2026-10-06,2026-10-06,1.0
2026-10-06,20,XLRE,rates,IEF,0.6159970528840886,20,2026-10-06,2026-10-06,1.0
2026-10-06,20,XLRE,credit,HYG,0.7261488608991638,20,2026-10-06,2026-10-06,1.0
2026-10-06,20,XLRE,credit,LQD,0.623290584786037,20,2026-10-06,2026-10-06,1.0
2026-10-06,20,XLRE,commodities,USO,-0.4984872827937795,20,2026-10-06,2026-10-06,1.0
2026-10-06,20,XLRE,commodities,GLD,0.3299615046704159,20,2026-10-06,2026-10-06,1.0
2026-10-06,20,XLRE,fx,DX-Y.NYB,-0.39499735331600294,20,2026-10-06,2026-10-06,1.0
2026-10-06,20,XLRE,fx,EURUSD=X,-0.31038982302891843,20,2026-10-06,2026-10-06,1.0
2026-10-06,20,XLRE,volatility,^VIX,-0.6232170721654757,20,2026-10-06,2026-10-06,1.0
2026-10-06,20,XLC,equity,SPY,0.46695346416011235,20,2026-10-06,2026-10-06,1.0
2026-10-06,20,XLC,equity,QQQ,0.42155822565229784,20,2026-10-06,2026-10-06,1.0
2026-10-06,20,XLC,equity,IWM,0.3201061680938033,20,2026-10-06,2026-10-06,1.0
2026-10-06,20,XLC,rates,TLT,0.20583963392233226,20,2026-10-06,2026-10-06,1.0
2026-10-06,20,XLC,rates,IEF,0.15642030604457602,20,2026-10-06,2026-10-06,1.0
2026-10-06,20,XLC,credit,HYG,0.25279477307785186,20,2026-10-06,2026-10-06,1.0
2026-10-06,20,XLC,credit,LQD,0.17222166033932987,20,2026-10-06,2026-10-06,1.0
2026-10-06,20,XLC,commodities,USO,-0.1821343128879275,20,2026-10-06,2026-10-06,1.0
2026-10-06,20,XLC,commodities,GLD,-0.0685270187716641,20,2026-10-06,2026-10-06,1.0
2026-10-06,20,XLC,fx,DX-Y.NYB,0.03161132952657763,20,2026-10-06,2026-10-06,1.0
2026-10-06,20,XLC,fx,EURUSD=X,0.006442690112512548,20,2026-10-06,2026-10-06,1.0
2026-10-06,20,XLC,volatility,^VIX,0.07873706466759474,20,2026-10-06,2026-10-06,1.0
2026-10-06,60,XLK,equity,SPY,0.7826340726193173,58,2026-10-06,2026-10-06,1.0
2026-10-06,60,XLK,equity,QQQ,0.9381860470460178,58,2026-10-06,2026-10-06,1.0
2026-10-06,60,XLK,equity,IWM,0.661006938514326,58,2026-10-06,2026-10-06,1.0
2026-10-06,60,XLK,rates,TLT,0.23259850095299575,58,2026-10-06,2026-10-06,1.0
2026-10-06,60,XLK,rates,IEF,0.29677773278308717,58,2026-10-06,2026-10-06,1.0
2026-10-06,60,XLK,credit,HYG,0.4676437812864163,58,2026-10-06,2026-10-06,1.0
2026-10-06,60,XLK,credit,LQD,0.35468938535527134,58,2026-10-06,2026-10-06,1.0
2026-10-06,60,XLK,commodities,USO,-0.3180870990332076,58,2026-10-06,2026-10-06,1.0
2026-10-06,60,XLK,commodities,GLD,0.3311469746502399,58,2026-10-06,2026-10-06,1.0
2026-10-06,60,XLK,fx,DX-Y.NYB,-0.18562010056270173,58,2026-10-06,2026-10-06,1.0
2026-10-06,60,XLK,fx,EURUSD=X,-0.10800472104772138,58,2026-10-06,2026-10-06,1.0
2026-10-06,60,XLK,volatility,^VIX,-0.5802017813379292,58,2026-10-06,2026-10-06,1.0
2026-10-06,60,XLF,equity,SPY,0.5648866366057598,58,2026-10-06,2026-10-06,1.0
2026-10-06,60,XLF,equity,QQQ,0.26811379076910596,58,2026-10-06,2026-10-06,1.0
2026-10-06,60,XLF,equity,IWM,0.40871667833037945,58,2026-10-06,2026-10-06,1.0
2026-10-06,60,XLF,rates,TLT,0.3848409428319704,58,2026-10-06,2026-10-06,1.0
2026-10-06,60,XLF,rates,IEF,0.39219565429181236,58,2026-10-06,2026-10-06,1.0
2026-10-06,60,XLF,credit,HYG,0.4505310613081347,58,2026-10-06,2026-10-06,1.0
2026-10-06,60,XLF,credit,LQD,0.39840645501286,58,2026-10-06,2026-10-06,1.0
2026-10-06,60,XLF,commodities,USO,-0.43867202786474513,58,2026-10-06,2026-10-06,1.0
2026-10-06,60,XLF,commodities,GLD,0.16273971221228917,58,2026-10-06,2026-10-06,1.0
2026-10-06,60,XLF,fx,DX-Y.NYB,-0.17336422289795353,58,2026-10-06,2026-10-06,1.0
2026-10-06,60,XLF,fx,EURUSD=X,-0.02757143052590323,58,2026-10-06,2026-10-06,1.0
2026-10-06,60,XLF,volatility,^VIX,-0.3918928443184384,58,2026-10-06,2026-10-06,1.0
2026-10-06,60,XLV,equity,SPY,0.008938025069752407,58,2026-10-06,2026-10-06,1.0
2026-10-06,60,XLV,equity,QQQ,-0.2158434786785135,58,2026-10-06,2026-10-06,1.0
2026-10-06,60,XLV,equity,IWM,0.13887508842101612,58,2026-10-06,2026-10-06,1.0
2026-10-06,60,XLV,rates,TLT,0.3947972548437587,58,2026-10-06,2026-10-06,1.0
2026-10-06,60,XLV,rates,IEF,0.2830469670733203,58,2026-10-06,2026-10-06,1.0
2026-10-06,60,XLV,credit,HYG,0.16194981090503816,58,2026-10-06,2026-10-06,1.0
2026-10-06,60,XLV,credit,LQD,0.25402831052269637,58,2026-10-06,2026-10-06,1.0
2026-10-06,60,XLV,commodities,USO,-0.16088491492821,58,2026-10-06,2026-10-06,1.0
2026-10-06,60,XLV,commodities,GLD,0.11220911200851308,58,2026-10-06,2026-10-06,1.0
2026-10-06,60,XLV,fx,DX-Y.NYB,-0.12082320025506295,58,2026-10-06,2026-10-06,1.0
2026-10-06,60,XLV,fx,EURUSD=X,-0.11765571260471082,58,2026-10-06,2026-10-06,1.0
2026-10-06,60,XLV,volatility,^VIX,0.023012879721316902,58,2026-10-06,2026-10-06,1.0
2026-10-06,60,XLE,equity,SPY,-0.26895349224939974,58,2026-10-06,2026-10-06,1.0
2026-10-06,60,XLE,equity,QQQ,-0.2534950920295614,58,2026-10-06,2026-10-06,1.0
2026-10-06,60,XLE,equity,IWM,-0.30404736296560425,58,2026-10-06,2026-10-06,1.0
2026-10-06,60,XLE,rates,TLT,-0.4258236791409579,58,2026-10-06,2026-10-06,1.0
2026-10-06,60,XLE,rates,IEF,-0.37201798328758306,58,2026-10-06,2026-10-06,1.0
2026-10-06,60,XLE,credit,HYG,-0.29336394750554756,58,2026-10-06,2026-10-06,1.0
2026-10-06,60,XLE,credit,LQD,-0.38968260983678155,58,2026-10-06,2026-10-06,1.0
2026-10-06,60,XLE,commodities,USO,0.6853201175307913,58,2026-10-06,2026-10-06,1.0
2026-10-06,60,XLE,commodities,GLD,-0.09116553829285594,58,2026-10-06,2026-10-06,1.0
2026-10-06,60,XLE,fx,DX-Y.NYB,0.02819666746128782,58,2026-10-06,2026-10-06,1.0
2026-10-06,60,XLE,fx,EURUSD=X,0.01563961722355766,58,2026-10-06,2026-10-06,1.0
2026-10-06,60,XLE,volatility,^VIX,0.13474939866300592,58,2026-10-06,2026-10-06,1.0
2026-10-06,60,XLY,equity,SPY,0.6603935490463886,58,2026-10-06,2026-10-06,1.0
2026-10-06,60,XLY,equity,QQQ,0.4386741577880359,58,2026-10-06,2026-10-06,1.0
2026-10-06,60,XLY,equity,IWM,0.45202794823726805,58,2026-10-06,2026-10-06,1.0
2026-10-06,60,XLY,rates,TLT,0.4006690113053157,58,2026-10-06,2026-10-06,1.0
2026-10-06,60,XLY,rates,IEF,0.41584540068634074,58,2026-10-06,2026-10-06,1.0
2026-10-06,60,XLY,credit,HYG,0.6108152254985577,58,2026-10-06,2026-10-06,1.0
2026-10-06,60,XLY,credit,LQD,0.46944998979652247,58,2026-10-06,2026-10-06,1.0
2026-10-06,60,XLY,commodities,USO,-0.5313921457259304,58,2026-10-06,2026-10-06,1.0
2026-10-06,60,XLY,commodities,GLD,0.26993020968273557,58,2026-10-06,2026-10-06,1.0
2026-10-06,60,XLY,fx,DX-Y.NYB,-0.3756695619360842,58,2026-10-06,2026-10-06,1.0
2026-10-06,60,XLY,fx,EURUSD=X,-0.048508892969426384,58,2026-10-06,2026-10-06,1.0
2026-10-06,60,XLY,volatility,^VIX,-0.5726550486756884,58,2026-10-06,2026-10-06,1.0
2026-10-06,60,XLP,equity,SPY,0.006256415290012454,58,2026-10-06,2026-10-06,1.0
2026-10-06,60,XLP,equity,QQQ,-0.2591290751693003,58,2026-10-06,2026-10-06,1.0
2026-10-06,60,XLP,equity,IWM,0.052175186879423525,58,2026-10-06,2026-10-06,1.0
2026-10-06,60,XLP,rates,TLT,0.34064839318021295,58,2026-10-06,2026-10-06,1.0
2026-10-06,60,XLP,rates,IEF,0.28794999872671784,58,2026-10-06,2026-10-06,1.0
2026-10-06,60,XLP,credit,HYG,0.23588861815463907,58,2026-10-06,2026-10-06,1.0
2026-10-06,60,XLP,credit,LQD,0.26710651641381405,58,2026-10-06,2026-10-06,1.0
2026-10-06,60,XLP,commodities,USO,-0.35567193364893185,58,2026-10-06,2026-10-06,1.0
2026-10-06,60,XLP,commodities,GLD,-0.1273840135419074,58,2026-10-06,2026-10-06,1.0
2026-10-06,60,XLP,fx,DX-Y.NYB,0.01692550626202204,58,2026-10-06,2026-10-06,1.0
2026-10-06,60,XLP,fx,EURUSD=X,-0.14528763788881213,58,2026-10-06,2026-10-06,1.0
2026-10-06,60,XLP,volatility,^VIX,0.07066845501609843,58,2026-10-06,2026-10-06,1.0
2026-10-06,60,XLI,equity,SPY,0.6044560004637884,58,2026-10-06,2026-10-06,1.0
2026-10-06,60,XLI,equity,QQQ,0.5322824742047234,58,2026-10-06,2026-10-06,1.0
2026-10-06,60,XLI,equity,IWM,0.6171924119209357,58,2026-10-06,2026-10-06,1.0
2026-10-06,60,XLI,rates,TLT,0.32069764941825046,58,2026-10-06,2026-10-06,1.0
2026-10-06,60,XLI,rates,IEF,0.3155222075724665,58,2026-10-06,2026-10-06,1.0
2026-10-06,60,XLI,credit,HYG,0.36572299906847755,58,2026-10-06,2026-10-06,1.0
2026-10-06,60,XLI,credit,LQD,0.33367878377583005,58,2026-10-06,2026-10-06,1.0
2026-10-06,60,XLI,commodities,USO,-0.44601576955902333,58,2026-10-06,2026-10-06,1.0
2026-10-06,60,XLI,commodities,GLD,0.15738897491277934,58,2026-10-06,2026-10-06,1.0
2026-10-06,60,XLI,fx,DX-Y.NYB,-0.0018041121765182027,58,2026-10-06,2026-10-06,1.0
2026-10-06,60,XLI,fx,EURUSD=X,-0.02668872834351417,58,2026-10-06,2026-10-06,1.0
2026-10-06,60,XLI,volatility,^VIX,-0.44115135874649547,58,2026-10-06,2026-10-06,1.0
2026-10-06,60,XLB,equity,SPY,0.3735349487985158,58,2026-10-06,2026-10-06,1.0
2026-10-06,60,XLB,equity,QQQ,0.19811507128491998,58,2026-10-06,2026-10-06,1.0
2026-10-06,60,XLB,equity,IWM,0.4906464299158158,58,2026-10-06,2026-10-06,1.0
2026-10-06,60,XLB,rates,TLT,0.43871738774704794,58,2026-10-06,2026-10-06,1.0
2026-10-06,60,XLB,rates,IEF,0.4216787080354566,58,2026-10-06,2026-10-06,1.0
2026-10-06,60,XLB,credit,HYG,0.4228137124635303,58,2026-10-06,2026-10-06,1.0
2026-10-06,60,XLB,credit,LQD,0.41012216561883597,58,2026-10-06,2026-10-06,1.0
2026-10-06,60,XLB,commodities,USO,-0.43012463400679957,58,2026-10-06,2026-10-06,1.0
2026-10-06,60,XLB,commodities,GLD,0.39077094537102697,58,2026-10-06,2026-10-06,1.0
2026-10-06,60,XLB,fx,DX-Y.NYB,-0.18947622428642474,58,2026-10-06,2026-10-06,1.0
2026-10-06,60,XLB,fx,EURUSD=X,-0.18842643462834427,58,2026-10-06,2026-10-06,1.0
2026-10-06,60,XLB,volatility,^VIX,-0.30931412958954657,58,2026-10-06,2026-10-06,1.0
2026-10-06,60,XLU,equity,SPY,0.1787920819082425,58,2026-10-06,2026-10-06,1.0
2026-10-06,60,XLU,equity,QQQ,0.10733723096608641,58,2026-10-06,2026-10-06,1.0
2026-10-06,60,XLU,equity,IWM,0.1734444207637724,58,2026-10-06,2026-10-06,1.0
2026-10-06,60,XLU,rates,TLT,0.35393268004383555,58,2026-10-06,2026-10-06,1.0
2026-10-06,60,XLU,rates,IEF,0.3998807188406221,58,2026-10-06,2026-10-06,1.0
2026-10-06,60,XLU,credit,HYG,0.35655402310182865,58,2026-10-06,2026-10-06,1.0
2026-10-06,60,XLU,credit,LQD,0.36298528688329956,58,2026-10-06,2026-10-06,1.0
2026-10-06,60,XLU,commodities,USO,-0.15628102187009307,58,2026-10-06,2026-10-06,1.0
2026-10-06,60,XLU,commodities,GLD,0.08184690599710082,58,2026-10-06,2026-10-06,1.0
2026-10-06,60,XLU,fx,DX-Y.NYB,-0.04203102999955172,58,2026-10-06,2026-10-06,1.0
2026-10-06,60,XLU,fx,EURUSD=X,-0.1656272188224142,58,2026-10-06,2026-10-06,1.0
2026-10-06,60,XLU,volatility,^VIX,-0.16483787977936804,58,2026-10-06,2026-10-06,1.0
2026-10-06,60,XLRE,equity,SPY,0.23831686060333124,58,2026-10-06,2026-10-06,1.0
2026-10-06,60,XLRE,equity,QQQ,0.02359578664810551,58,2026-10-06,2026-10-06,1.0
2026-10-06,60,XLRE,equity,IWM,0.2289759036801017,58,2026-10-06,2026-10-06,1.0
2026-10-06,60,XLRE,rates,TLT,0.45880543378211397,58,2026-10-06,2026-10-06,1.0
2026-10-06,60,XLRE,rates,IEF,0.48989406329508217,58,2026-10-06,2026-10-06,1.0
2026-10-06,60,XLRE,credit,HYG,0.4431049808260374,58,2026-10-06,2026-10-06,1.0
2026-10-06,60,XLRE,credit,LQD,0.434671643515664,58,2026-10-06,2026-10-06,1.0
2026-10-06,60,XLRE,commodities,USO,-0.35397566780995,58,2026-10-06,2026-10-06,1.0
2026-10-06,60,XLRE,commodities,GLD,0.11048241205106604,58,2026-10-06,2026-10-06,1.0
2026-10-06,60,XLRE,fx,DX-Y.NYB,-0.1906726564636196,58,2026-10-06,2026-10-06,1.0
2026-10-06,60,XLRE,fx,EURUSD=X,-0.14484291213608808,58,2026-10-06,2026-10-06,1.0
2026-10-06,60,XLRE,volatility,^VIX,-0.08936793022268356,58,2026-10-06,2026-10-06,1.0
2026-10-06,60,XLC,equity,SPY,0.41650192437947275,58,2026-10-06,2026-10-06,1.0
2026-10-06,60,XLC,equity,QQQ,0.2120698054235523,58,2026-10-06,2026-10-06,1.0
2026-10-06,60,XLC,equity,IWM,0.24688776005859425,58,2026-10-06,2026-10-06,1.0
2026-10-06,60,XLC,rates,TLT,0.25977290215129173,58,2026-10-06,2026-10-06,1.0
2026-10-06,60,XLC,rates,IEF,0.2512515259094204,58,2026-10-06,2026-10-06,1.0
2026-10-06,60,XLC,credit,HYG,0.34847340545605987,58,2026-10-06,2026-10-06,1.0
2026-10-06,60,XLC,credit,LQD,0.2884269974798325,58,2026-10-06,2026-10-06,1.0
2026-10-06,60,XLC,commodities,USO,-0.3931665197704695,58,2026-10-06,2026-10-06,1.0
2026-10-06,60,XLC,commodities,GLD,-0.06336781475606483,58,2026-10-06,2026-10-06,1.0
2026-10-06,60,XLC,fx,DX-Y.NYB,-0.005876963107198575,58,2026-10-06,2026-10-06,1.0
2026-10-06,60,XLC,fx,EURUSD=X,-0.09475732675169554,58,2026-10-06,2026-10-06,1.0
2026-10-06,60,XLC,volatility,^VIX,-0.09971383008222043,58,2026-10-06,2026-10-06,1.0
