date,effective_date,expected_date,coverage,sector,ticker,price_ret_20d,sector_ret_20d,benchmark_ret_20d,rs_abs_20d,rs_internal_20d,classification
2026-09-17,2026-09-17,2026-09-17,1.0,XLB,LIN,-0.0439384980920418,-0.0344630875383675,-0.0083998933674405,-0.0358396539964979,-0.009813618134512,Debilidad relativa doble
2026-09-17,2026-09-17,2026-09-17,1.0,XLB,NEM,-0.0034463032723652,-0.0344630875383675,-0.0083998933674405,0.0049955522008739,0.0321238720816225,Liderazgo relativo doble
2026-09-17,2026-09-17,2026-09-17,1.0,XLB,FCX,0.025474051664774,-0.0344630875383675,-0.0083998933674405,0.0341608928898256,0.06207648659473,Liderazgo relativo doble
2026-09-17,2026-09-17,2026-09-17,1.0,XLB,CTVA,0.0398851818380772,-0.0344630875383675,-0.0083998933674405,0.0486941004569798,0.0770019959018388,Liderazgo relativo doble
2026-09-17,2026-09-17,2026-09-17,1.0,XLB,ECL,-0.0462791494427385,-0.0344630875383675,-0.0083998933674405,-0.0382001331201291,-0.0122378147866413,Debilidad relativa doble
2026-09-17,2026-09-17,2026-09-17,1.0,XLB,APD,-0.0563947168216951,-0.0344630875383675,-0.0083998933674405,-0.0484013899688287,-0.0227144389823615,Debilidad relativa doble
2026-09-17,2026-09-17,2026-09-17,1.0,XLB,SHW,-0.0902406096757724,-0.0344630875383675,-0.0083998933674405,-0.0825339930491336,-0.0577683995479781,Debilidad relativa doble
2026-09-17,2026-09-17,2026-09-17,1.0,XLB,NUE,0.0659323341364328,-0.0344630875383675,-0.0083998933674405,0.0749618994660086,0.103978854023139,Liderazgo relativo doble
2026-09-17,2026-09-17,2026-09-17,1.0,XLB,VMC,-0.1150922518925207,-0.0344630875383675,-0.0083998933674405,-0.1075961547517414,-0.0835070760252856,Debilidad relativa doble
2026-09-17,2026-09-17,2026-09-17,1.0,XLB,MLM,-0.075230182028022,-0.0344630875383675,-0.0083998933674405,-0.067396411329094,-0.0422222019308603,Debilidad relativa doble
2026-09-17,2026-09-17,2026-09-17,1.0,XLB,CRH,-0.0848638494491881,-0.0344630875383675,-0.0083998933674405,-0.0771116860217135,-0.0521997256244963,Debilidad relativa doble
2026-09-17,2026-09-17,2026-09-17,1.0,XLB,STLD,0.0620752865143041,-0.0344630875383675,-0.0083998933674405,0.0710721786034049,0.0999841360870892,Liderazgo relativo doble
2026-09-17,2026-09-17,2026-09-17,1.0,XLB,PPG,-0.0743504332588029,-0.0344630875383675,-0.0083998933674405,-0.0665092101646985,-0.0413110521261613,Debilidad relativa doble
2026-09-17,2026-09-17,2026-09-17,1.0,XLB,SW,-0.066310810982256,-0.0344630875383675,-0.0083998933674405,-0.0584014838516697,-0.0329844701252205,Debilidad relativa doble
2026-09-17,2026-09-17,2026-09-17,1.0,XLB,IFF,0.0189607799872371,-0.0344630875383675,-0.0083998933674405,0.0275924469669466,0.0553307355069427,Liderazgo relativo doble
2026-09-17,2026-09-17,2026-09-17,1.0,XLB,DOW,-0.0604024165998487,-0.0344630875383675,-0.0083998933674405,-0.0524430391692948,-0.0268651863296961,Debilidad relativa doble
2026-09-17,2026-09-17,2026-09-17,1.0,XLB,CF,0.1243489421826875,-0.0344630875383675,-0.0083998933674405,0.1338733574776818,0.1644805368612625,Liderazgo relativo doble
2026-09-17,2026-09-17,2026-09-17,1.0,XLB,PKG,-0.0625334699609093,-0.0344630875383675,-0.0083998933674405,-0.0545921447883912,-0.0290723037723917,Debilidad relativa doble
2026-09-17,2026-09-17,2026-09-17,1.0,XLB,AMCR,-0.0940166834834557,-0.0344630875383675,-0.0083998933674405,-0.0863420541641195,-0.0616792534562521,Debilidad relativa doble
2026-09-17,2026-09-17,2026-09-17,1.0,XLB,IP,-0.1341939101788402,-0.0344630875383675,-0.0083998933674405,-0.1268596241266975,-0.1032905333325986,Debilidad relativa doble
2026-09-17,2026-09-17,2026-09-17,1.0,XLC,META,0.2495832847090973,0.0092525941620602,-0.0083998933674405,0.2601685662909416,0.2381273944077135,Liderazgo relativo doble
2026-09-17,2026-09-17,2026-09-17,1.0,XLC,GOOGL,0.0082189628072886,0.0092525941620602,-0.0083998933674405,0.0167596353243306,-0.0010241552617754,Fortaleza sectorial
2026-09-17,2026-09-17,2026-09-17,1.0,XLC,GOOG,0.0064474373527756,0.0092525941620602,-0.0083998933674405,0.0149731031903952,-0.0027794397809931,Fortaleza sectorial
2026-09-17,2026-09-17,2026-09-17,1.0,XLC,T,0.0107483495778131,0.0092525941620602,-0.0083998933674405,0.0193104486548316,0.0014820426763377,Liderazgo relativo doble
2026-09-17,2026-09-17,2026-09-17,1.0,XLC,VZ,-0.0208670738768359,0.0092525941620602,-0.0083998933674405,-0.0125727906098492,-0.0298435378943993,Debilidad relativa doble
2026-09-17,2026-09-17,2026-09-17,1.0,XLC,CMCSA,-0.138397904627978,0.0092525941620602,-0.0083998933674405,-0.1310992308199788,-0.1462968731951849,Debilidad relativa doble
2026-09-17,2026-09-17,2026-09-17,1.0,XLC,DIS,-0.0147760387781296,0.0092525941620602,-0.0083998933674405,-0.0064301580526673,-0.0238083439955285,Debilidad relativa doble
2026-09-17,2026-09-17,2026-09-17,1.0,XLC,TMUS,-0.0819770815476288,0.0092525941620602,-0.0083998933674405,-0.0742004641670057,-0.0903933031605762,Debilidad relativa doble
2026-09-17,2026-09-17,2026-09-17,1.0,XLC,NFLX,-0.0612067263449779,0.0092525941620602,-0.0083998933674405,-0.0532541622619098,-0.0698133657665132,Debilidad relativa doble
2026-09-17,2026-09-17,2026-09-17,1.0,XLC,WBD,-0.0101647707167105,0.0092525941620602,-0.0083998933674405,-0.0017798277122654,-0.0192393509722827,Debilidad relativa doble
2026-09-17,2026-09-17,2026-09-17,1.0,XLC,OMC,-0.1009951023702783,0.0092525941620602,-0.0083998933674405,-0.0933795875812155,-0.1092369711706042,Debilidad relativa doble
2026-09-17,2026-09-17,2026-09-17,1.0,XLC,LYV,-0.0860524778404179,0.0092525941620602,-0.0083998933674405,-0.0783103833426187,-0.0944313371635233,Debilidad relativa doble
2026-09-17,2026-09-17,2026-09-17,1.0,XLC,TTWO,-0.1114579772074728,0.0092525941620602,-0.0083998933674405,-0.1039310939467464,-0.1196039247932317,Debilidad relativa doble
2026-09-17,2026-09-17,2026-09-17,1.0,XLC,CHTR,-0.1252705840532395,0.0092525941620602,-0.0083998933674405,-0.1178607080657624,-0.1332899008567708,Debilidad relativa doble
2026-09-17,2026-09-17,2026-09-17,1.0,XLC,FOXA,-0.0396249771099237,0.0092525941620602,-0.0083998933674405,-0.0314895929655781,-0.0484294730127149,Debilidad relativa doble
2026-09-17,2026-09-17,2026-09-17,1.0,XLC,ECHO,0.0637720401849273,0.0092525941620602,-0.0083998933674405,0.0727833055579847,0.0540196243618598,Liderazgo relativo doble
2026-09-17,2026-09-17,2026-09-17,1.0,XLC,TKO,-0.0575877353274101,0.0092525941620602,-0.0083998933674405,-0.0496045145930952,-0.0662275528208724,Debilidad relativa doble
2026-09-17,2026-09-17,2026-09-17,1.0,XLC,NWSA,0.0282359499166358,0.0092525941620602,-0.0083998933674405,0.03694618731788,0.018809320743274,Liderazgo relativo doble
2026-09-17,2026-09-17,2026-09-17,1.0,XLC,FOX,-0.0276789277642632,0.0092525941620602,-0.0083998933674405,-0.0194423480472322,-0.0365929422821907,Debilidad relativa doble
2026-09-17,2026-09-17,2026-09-17,1.0,XLC,APP,0.0347823200919641,0.0092525941620602,-0.0083998933674405,0.0435480121175562,0.0252956753121849,Liderazgo relativo doble
2026-09-17,2026-09-17,2026-09-17,1.0,XLE,XOM,-0.0091035987200657,0.0141554183699208,-0.0083998933674405,-0.0007096664753445,-0.0229343714668225,Debilidad relativa doble
2026-09-17,2026-09-17,2026-09-17,1.0,XLE,CVX,0.0282368437621132,0.0141554183699208,-0.0083998933674405,0.0369470887351663,0.0138848791192436,Liderazgo relativo doble
2026-09-17,2026-09-17,2026-09-17,1.0,XLE,COP,0.0199877513689148,0.0141554183699208,-0.0083998933674405,0.0286281178738059,0.0057509262321631,Liderazgo relativo doble
2026-09-17,2026-09-17,2026-09-17,1.0,XLE,MPC,0.1696742659877426,0.0141554183699208,-0.0083998933674405,0.1795826343342348,0.1533481405323371,Liderazgo relativo doble
2026-09-17,2026-09-17,2026-09-17,1.0,XLE,PSX,0.1317429487533532,0.0141554183699208,-0.0083998933674405,0.1413299990423702,0.1159462625289069,Liderazgo relativo doble
2026-09-17,2026-09-17,2026-09-17,1.0,XLE,VLO,0.1913879372282361,0.0141554183699208,-0.0083998933674405,0.2014802431538147,0.1747587358387197,Liderazgo relativo doble
2026-09-17,2026-09-17,2026-09-17,1.0,XLE,SLB,-0.0224046674379566,0.0141554183699208,-0.0083998933674405,-0.014123409201796,-0.0360497860048329,Debilidad relativa doble
2026-09-17,2026-09-17,2026-09-17,1.0,XLE,EOG,-0.0268262953000417,0.0141554183699208,-0.0083998933674405,-0.0185824928913901,-0.0404096974957088,Debilidad relativa doble
2026-09-17,2026-09-17,2026-09-17,1.0,XLE,WMB,-0.0124046967930233,0.0141554183699208,-0.0083998933674405,-0.0040387283127499,-0.0261893933433151,Debilidad relativa doble
2026-09-17,2026-09-17,2026-09-17,1.0,XLE,BKR,-0.122673747678377,0.0141554183699208,-0.0083998933674405,-0.1152418737620013,-0.1349193265350069,Debilidad relativa doble
2026-09-17,2026-09-17,2026-09-17,1.0,XLE,TRGP,-0.0404590836508717,0.0141554183699208,-0.0083998933674405,-0.0323307652641376,-0.0538522015773241,Debilidad relativa doble
2026-09-17,2026-09-17,2026-09-17,1.0,XLE,KMI,-0.0240025661210191,0.0141554183699208,-0.0083998933674405,-0.0157348437633441,-0.0376253814748358,Debilidad relativa doble
2026-09-17,2026-09-17,2026-09-17,1.0,XLE,OKE,-0.0290594818607394,0.0141554183699208,-0.0083998933674405,-0.0208345968854907,-0.0426117135972322,Debilidad relativa doble
2026-09-17,2026-09-17,2026-09-17,1.0,XLE,DVN,0.0175458081233925,0.0141554183699208,-0.0083998933674405,0.0261654888067164,0.0033430672380778,Liderazgo relativo doble
2026-09-17,2026-09-17,2026-09-17,1.0,XLE,OXY,-0.008785811377627,0.0141554183699208,-0.0083998933674405,-0.000389187140668,-0.0226210197490458,Debilidad relativa doble
2026-09-17,2026-09-17,2026-09-17,1.0,XLE,FANG,-0.0556701052047944,0.0141554183699208,-0.0083998933674405,-0.0476706401312136,-0.0688509101365821,Debilidad relativa doble
2026-09-17,2026-09-17,2026-09-17,1.0,XLE,EQT,-0.0613348425235488,0.0141554183699208,-0.0083998933674405,-0.0533833637189427,-0.0744365799620803,Debilidad relativa doble
2026-09-17,2026-09-17,2026-09-17,1.0,XLE,HAL,-0.0237597935799946,0.0141554183699208,-0.0083998933674405,-0.0154900146841612,-0.037385997513929,Debilidad relativa doble
2026-09-17,2026-09-17,2026-09-17,1.0,XLE,EXE,-0.0801832452996159,0.0141554183699208,-0.0083998933674405,-0.0723914322437391,-0.093021899760857,Debilidad relativa doble
2026-09-17,2026-09-17,2026-09-17,1.0,XLE,TPL,-0.0681241881855014,0.0141554183699208,-0.0083998933674405,-0.0602302222625636,-0.0811311610282302,Debilidad relativa doble
2026-09-17,2026-09-17,2026-09-17,1.0,XLF,JPM,-0.0222527346742411,-0.0278357426385401,-0.0083998933674405,-0.013970189408152,0.0057428648729092,Liderazgo interno en sector débil
2026-09-17,2026-09-17,2026-09-17,1.0,XLF,V,0.0120095858954927,-0.0278357426385401,-0.0083998933674405,0.0205823689675095,0.0409862101309677,Liderazgo relativo doble
2026-09-17,2026-09-17,2026-09-17,1.0,XLF,MA,-0.0139266378065641,-0.0278357426385401,-0.0083998933674405,-0.0055735617636147,0.0143073608463313,Liderazgo interno en sector débil
2026-09-17,2026-09-17,2026-09-17,1.0,XLF,BAC,-0.0742940944826451,-0.0278357426385401,-0.0083998933674405,-0.0664523941399917,-0.0477885825284268,Debilidad relativa doble
2026-09-17,2026-09-17,2026-09-17,1.0,XLF,GS,-0.0641316807561253,-0.0278357426385401,-0.0083998933674405,-0.0562038941060102,-0.0373351908823469,Debilidad relativa doble
2026-09-17,2026-09-17,2026-09-17,1.0,XLF,WFC,0.0110541880527625,-0.0278357426385401,-0.0083998933674405,0.0196188779025736,0.0400034566142695,Liderazgo relativo doble
2026-09-17,2026-09-17,2026-09-17,1.0,XLF,MS,-0.0499929592898804,-0.0278357426385401,-0.0083998933674405,-0.0419454028334956,-0.022791638844527,Debilidad relativa doble
2026-09-17,2026-09-17,2026-09-17,1.0,XLF,C,-0.0014297723100227,-0.0278357426385401,-0.0083998933674405,0.0070291652963694,0.0271620460519559,Liderazgo relativo doble
2026-09-17,2026-09-17,2026-09-17,1.0,XLF,SCHW,-0.0563672452635034,-0.0278357426385401,-0.0083998933674405,-0.0483736856977138,-0.0293484381974712,Debilidad relativa doble
2026-09-17,2026-09-17,2026-09-17,1.0,XLF,AXP,-0.0845248043090569,-0.0278357426385401,-0.0083998933674405,-0.0767697688134928,-0.0583122257800096,Debilidad relativa doble
2026-09-17,2026-09-17,2026-09-17,1.0,XLF,BLK,-0.0859001115992852,-0.0278357426385401,-0.0083998933674405,-0.0781567263995491,-0.0597269119092456,Debilidad relativa doble
2026-09-17,2026-09-17,2026-09-17,1.0,XLF,COF,-0.084673595810134,-0.0278357426385401,-0.0083998933674405,-0.0769198207347077,-0.0584652775919337,Debilidad relativa doble
2026-09-17,2026-09-17,2026-09-17,1.0,XLF,SPGI,-0.0507258516897589,-0.0278357426385401,-0.0083998933674405,-0.042684503601009,-0.0235455159741673,Debilidad relativa doble
2026-09-17,2026-09-17,2026-09-17,1.0,XLF,PGR,-0.0045105673450402,-0.0278357426385401,-0.0083998933674405,0.0039222726947945,0.0239930393623053,Liderazgo relativo doble
2026-09-17,2026-09-17,2026-09-17,1.0,XLF,CB,0.0059040430713126,-0.0278357426385401,-0.0083998933674405,0.0144251057891964,0.0347058487846752,Liderazgo relativo doble
2026-09-17,2026-09-17,2026-09-17,1.0,XLF,BNY,-0.0421882227473825,-0.0278357426385401,-0.0083998933674405,-0.0340745519831438,-0.01476343117962,Debilidad relativa doble
2026-09-17,2026-09-17,2026-09-17,1.0,XLF,CME,0.0205396831231003,-0.0278357426385401,-0.0083998933674405,0.0291847250690793,0.0497605475569897,Liderazgo relativo doble
2026-09-17,2026-09-17,2026-09-17,1.0,XLF,BX,-0.1356399005617851,-0.0278357426385401,-0.0083998933674405,-0.1283178635654319,-0.1108908881466543,Debilidad relativa doble
2026-09-17,2026-09-17,2026-09-17,1.0,XLF,PNC,-0.0586302516164713,-0.0278357426385401,-0.0083998933674405,-0.0506558620890144,-0.0316762406607195,Debilidad relativa doble
2026-09-17,2026-09-17,2026-09-17,1.0,XLF,TRV,0.0512602227346823,-0.0278357426385401,-0.0083998933674405,0.0601654998855603,0.0813607009044912,Liderazgo relativo doble
2026-09-17,2026-09-17,2026-09-17,1.0,XLI,CAT,-0.0215401783544207,-0.0711184537424707,-0.0083998933674405,-0.013251596988633,0.0533741633557056,Liderazgo interno en sector débil
2026-09-17,2026-09-17,2026-09-17,1.0,XLI,GE,-0.1200348326836115,-0.0711184537424707,-0.0083998933674405,-0.1125806043882745,-0.0526615897777551,Debilidad relativa doble
2026-09-17,2026-09-17,2026-09-17,1.0,XLI,RTX,-0.1216701251407638,-0.0711184537424707,-0.0083998933674405,-0.1142297494884154,-0.0544220860043631,Debilidad relativa doble
2026-09-17,2026-09-17,2026-09-17,1.0,XLI,GEV,-0.0633241122733843,-0.0711184537424707,-0.0083998933674405,-0.0553894846708564,0.0083911037962696,Liderazgo interno en sector débil
2026-09-17,2026-09-17,2026-09-17,1.0,XLI,UNP,-0.0596722716384823,-0.0711184537424707,-0.0083998933674405,-0.0517067091139804,0.0123225422553663,Liderazgo interno en sector débil
2026-09-17,2026-09-17,2026-09-17,1.0,XLI,DE,0.180838053695127,-0.0711184537424707,-0.0083998933674405,0.1908409910374184,0.2712471880324596,Liderazgo relativo doble
2026-09-17,2026-09-17,2026-09-17,1.0,XLI,BA,-0.1134113289574532,-0.0711184537424707,-0.0083998933674405,-0.1059009926356583,-0.0455309671996184,Debilidad relativa doble
2026-09-17,2026-09-17,2026-09-17,1.0,XLI,ETN,-0.0358160960080232,-0.0711184537424707,-0.0083998933674405,-0.0276484466441691,0.0380052309970855,Liderazgo interno en sector débil
2026-09-17,2026-09-17,2026-09-17,1.0,XLI,UBER,-0.091875936504746,-0.0711184537424707,-0.0083998933674405,-0.0841831728122612,-0.0223467489971217,Debilidad relativa doble
2026-09-17,2026-09-17,2026-09-17,1.0,XLI,PH,-0.0939129942082563,-0.0711184537424707,-0.0083998933674405,-0.0862374865319604,-0.0245397710371414,Debilidad relativa doble
2026-09-17,2026-09-17,2026-09-17,1.0,XLI,VRT,-0.0745241248547428,-0.0711184537424707,-0.0083998933674405,-0.0666843731107068,-0.0036664213278793,Debilidad relativa doble
2026-09-17,2026-09-17,2026-09-17,1.0,XLI,LMT,-0.0810180274831479,-0.0711184537424707,-0.0083998933674405,-0.0732332859082842,-0.0106575200902231,Debilidad relativa doble
2026-09-17,2026-09-17,2026-09-17,1.0,XLI,ADP,-0.011679249879711,-0.0711184537424707,-0.0083998933674405,-0.0033071361028863,0.0639900793618311,Liderazgo interno en sector débil
2026-09-17,2026-09-17,2026-09-17,1.0,XLI,TT,-0.0683876599592194,-0.0711184537424707,-0.0083998933674405,-0.0604959259186602,0.0029398730056093,Liderazgo interno en sector débil
2026-09-17,2026-09-17,2026-09-17,1.0,XLI,PWR,-0.0898569515217343,-0.0711184537424707,-0.0083998933674405,-0.0821470849079668,-0.0201731833889489,Debilidad relativa doble
2026-09-17,2026-09-17,2026-09-17,1.0,XLI,HWM,-0.203612298019404,-0.0711184537424707,-0.0083998933674405,-0.1968660585514641,-0.1426380412128457,Debilidad relativa doble
2026-09-17,2026-09-17,2026-09-17,1.0,XLI,CSX,-0.0522665277499668,-0.0711184537424707,-0.0083998933674405,-0.0442382308040445,0.0202952960670372,Liderazgo interno en sector débil
2026-09-17,2026-09-17,2026-09-17,1.0,XLI,GD,-0.0927511456148346,-0.0711184537424707,-0.0083998933674405,-0.0850657958618501,-0.0232889672095675,Debilidad relativa doble
2026-09-17,2026-09-17,2026-09-17,1.0,XLI,JCI,-0.0267697310435816,-0.0711184537424707,-0.0083998933674405,-0.0185254494763261,0.0477442176320226,Liderazgo interno en sector débil
2026-09-17,2026-09-17,2026-09-17,1.0,XLI,MMM,-0.0842962369773662,-0.0711184537424707,-0.0083998933674405,-0.0765392652766719,-0.0141867208881356,Debilidad relativa doble
2026-09-17,2026-09-17,2026-09-17,1.0,XLK,NVDA,0.0093097382713025,0.0240688204292951,-0.0083998933674405,0.0178596508010515,-0.0144121975628606,Fortaleza sectorial
2026-09-17,2026-09-17,2026-09-17,1.0,XLK,AAPL,0.0636619457834488,0.0240688204292951,-0.0083998933674405,0.072672278541406,0.0386625630663728,Liderazgo relativo doble
2026-09-17,2026-09-17,2026-09-17,1.0,XLK,MSFT,0.0296855736133678,0.0240688204292951,-0.0083998933674405,0.0384080908483817,0.0054847419158003,Liderazgo relativo doble
2026-09-17,2026-09-17,2026-09-17,1.0,XLK,AVGO,-0.0418782353047653,0.0240688204292951,-0.0083998933674405,-0.0337619386216244,-0.0643970936508105,Debilidad relativa doble
2026-09-17,2026-09-17,2026-09-17,1.0,XLK,AMD,0.1686677483017638,0.0240688204292951,-0.0083998933674405,0.1785675903873387,0.1412004007815139,Liderazgo relativo doble
2026-09-17,2026-09-17,2026-09-17,1.0,XLK,MU,0.0431006128200468,0.0240688204292951,-0.0083998933674405,0.0519367695132479,0.0185844857406882,Liderazgo relativo doble
2026-09-17,2026-09-17,2026-09-17,1.0,XLK,INTC,0.1724137874335654,0.0240688204292951,-0.0083998933674405,0.1823453624012234,0.1448583962766128,Liderazgo relativo doble
2026-09-17,2026-09-17,2026-09-17,1.0,XLK,CSCO,-0.0028042078645907,0.0240688204292951,-0.0083998933674405,0.005643086830489,-0.02624142807377,Fortaleza sectorial
2026-09-17,2026-09-17,2026-09-17,1.0,XLK,LRCX,-0.1232542703197415,0.0240688204292951,-0.0083998933674405,-0.1158273140392679,-0.1438605373096684,Debilidad relativa doble
2026-09-17,2026-09-17,2026-09-17,1.0,XLK,PLTR,0.0059935101154473,0.0240688204292951,-0.0083998933674405,0.0145153307130707,-0.0176504839843385,Fortaleza sectorial
2026-09-17,2026-09-17,2026-09-17,1.0,XLK,AMAT,-0.1578565459599736,0.0240688204292951,-0.0083998933674405,-0.1507227072615824,-0.1776495512411018,Debilidad relativa doble
2026-09-17,2026-09-17,2026-09-17,1.0,XLK,ORCL,0.0471455315652475,0.0240688204292951,-0.0083998933674405,0.0560159529644652,0.0225343362434162,Liderazgo relativo doble
2026-09-17,2026-09-17,2026-09-17,1.0,XLK,PANW,0.0425283171493582,0.0240688204292951,-0.0083998933674405,0.0513596258977313,0.0180256408083245,Liderazgo relativo doble
2026-09-17,2026-09-17,2026-09-17,1.0,XLK,SNDK,0.0290145261703789,0.0240688204292951,-0.0083998933674405,0.0377313589294352,0.0048294661866674,Liderazgo relativo doble
2026-09-17,2026-09-17,2026-09-17,1.0,XLK,KLAC,-0.0976665142716158,0.0240688204292951,-0.0083998933674405,-0.0900228028487429,-0.1188741735637248,Debilidad relativa doble
2026-09-17,2026-09-17,2026-09-17,1.0,XLK,TXN,-0.0348102341883123,0.0240688204292951,-0.0083998933674405,-0.0266340641194164,-0.0574952126683487,Debilidad relativa doble
2026-09-17,2026-09-17,2026-09-17,1.0,XLK,IBM,0.0024877564883631,0.0240688204292951,-0.0083998933674405,0.0109798796742548,-0.0210738414356616,Fortaleza sectorial
2026-09-17,2026-09-17,2026-09-17,1.0,XLK,CRWD,0.2185686207320343,0.0240688204292951,-0.0083998933674405,0.2288911755669855,0.1899284466264716,Liderazgo relativo doble
2026-09-17,2026-09-17,2026-09-17,1.0,XLK,CRM,0.1804418348575949,0.0240688204292951,-0.0083998933674405,0.1904414158105887,0.1526977594755276,Liderazgo relativo doble
2026-09-17,2026-09-17,2026-09-17,1.0,XLK,STX,-0.0353487949962549,0.0240688204292951,-0.0083998933674405,-0.0271771871025024,-0.0580211156127592,Debilidad relativa doble
2026-09-17,2026-09-17,2026-09-17,1.0,XLP,WMT,-0.063467607848385,-0.0352438527789589,-0.0083998933674405,-0.0555341958039441,-0.0292548071870015,Debilidad relativa doble
2026-09-17,2026-09-17,2026-09-17,1.0,XLP,COST,-0.0658941035978336,-0.0352438527789589,-0.0083998933674405,-0.0579812465184594,-0.0317699461228229,Debilidad relativa doble
2026-09-17,2026-09-17,2026-09-17,1.0,XLP,KO,-0.0195299754699859,-0.0352438527789589,-0.0083998933674405,-0.0112243655765051,0.0162879265959967,Liderazgo interno en sector débil
2026-09-17,2026-09-17,2026-09-17,1.0,XLP,PG,0.0219559361527814,-0.0352438527789589,-0.0083998933674405,0.0306129752479649,0.0592893749332441,Liderazgo relativo doble
2026-09-17,2026-09-17,2026-09-17,1.0,XLP,PM,0.0028958198966326,-0.0352438527789589,-0.0083998933674405,0.0113913998077643,0.0395329667351196,Liderazgo relativo doble
2026-09-17,2026-09-17,2026-09-17,1.0,XLP,TGT,0.0052201373022306,-0.0352438527789589,-0.0083998933674405,0.0137354066206429,0.0419421946133695,Liderazgo relativo doble
2026-09-17,2026-09-17,2026-09-17,1.0,XLP,CL,-0.0345548508280038,-0.0352438527789589,-0.0083998933674405,-0.0263765173940779,0.0007141721283039,Liderazgo interno en sector débil
2026-09-17,2026-09-17,2026-09-17,1.0,XLP,MDLZ,-0.0330424349372977,-0.0352438527789589,-0.0083998933674405,-0.0248512897538327,0.0022818386262708,Liderazgo interno en sector débil
2026-09-17,2026-09-17,2026-09-17,1.0,XLP,PEP,-0.0525468137733149,-0.0352438527789589,-0.0083998933674405,-0.0445208911441084,-0.0179350616673413,Debilidad relativa doble
2026-09-17,2026-09-17,2026-09-17,1.0,XLP,MO,0.0724396913072065,-0.0352438527789589,-0.0083998933674405,0.081524380780046,0.1116173702508613,Liderazgo relativo doble
2026-09-17,2026-09-17,2026-09-17,1.0,XLP,MNST,-0.0615644521369301,-0.0352438527789589,-0.0083998933674405,-0.0536149183666737,-0.0272821266117735,Debilidad relativa doble
2026-09-17,2026-09-17,2026-09-17,1.0,XLP,KDP,0.0119124547841382,-0.0352438527789589,-0.0083998933674405,0.0204844150537244,0.0488789915450964,Liderazgo relativo doble
2026-09-17,2026-09-17,2026-09-17,1.0,XLP,ADM,0.0907626796405418,-0.0352438527789589,-0.0083998933674405,0.1000025840504748,0.1306097222416875,Liderazgo relativo doble
2026-09-17,2026-09-17,2026-09-17,1.0,XLP,SYY,-0.0406257398898262,-0.0352438527789589,-0.0083998933674405,-0.0324988332563048,-0.0055784947588773,Debilidad relativa doble
2026-09-17,2026-09-17,2026-09-17,1.0,XLP,KVUE,-0.0658650484479536,-0.0352438527789589,-0.0083998933674405,-0.057951945240973,-0.0317398295488433,Debilidad relativa doble
2026-09-17,2026-09-17,2026-09-17,1.0,XLP,KMB,-0.0956657238466522,-0.0352438527789589,-0.0083998933674405,-0.0880050636294943,-0.0626291641071552,Debilidad relativa doble
2026-09-17,2026-09-17,2026-09-17,1.0,XLP,KR,0.0796161277019895,-0.0352438527789589,-0.0083998933674405,0.0887616091211702,0.1190559716170767,Liderazgo relativo doble
2026-09-17,2026-09-17,2026-09-17,1.0,XLP,DG,0.0215844938463327,-0.0352438527789589,-0.0083998933674405,0.0302383864354343,0.0589043633346981,Liderazgo relativo doble
2026-09-17,2026-09-17,2026-09-17,1.0,XLP,CASY,-0.2735155241636143,-0.0352438527789589,-0.0083998933674405,-0.2673614383690392,-0.2469760592570379,Debilidad relativa doble
2026-09-17,2026-09-17,2026-09-17,1.0,XLP,HSY,-0.1083743428290114,-0.0352438527789589,-0.0083998933674405,-0.1008213379495095,-0.0758020462069128,Debilidad relativa doble
2026-09-17,2026-09-17,2026-09-17,1.0,XLRE,WELL,-0.0147202362176844,-0.0455657473944702,-0.0083998933674405,-0.0063738827859828,0.032318110013948,Liderazgo interno en sector débil
2026-09-17,2026-09-17,2026-09-17,1.0,XLRE,PLD,-0.0357166064657769,-0.0455657473944702,-0.0083998933674405,-0.0275481143211077,0.0103193498156692,Liderazgo interno en sector débil
2026-09-17,2026-09-17,2026-09-17,1.0,XLRE,EQIX,-0.0474802398475242,-0.0455657473944702,-0.0083998933674405,-0.0394113980209211,-0.0020058924413364,Debilidad relativa doble
2026-09-17,2026-09-17,2026-09-17,1.0,XLRE,AMT,0.0062467551354012,-0.0455657473944702,-0.0083998933674405,0.0147707209840681,0.0542860887362619,Liderazgo relativo doble
2026-09-17,2026-09-17,2026-09-17,1.0,XLRE,DLR,-0.0354901757188498,-0.0455657473944702,-0.0083998933674405,-0.0273197654681653,0.0105565906170226,Liderazgo interno en sector débil
2026-09-17,2026-09-17,2026-09-17,1.0,XLRE,VMRK,-0.0208236236886125,-0.0455657473944702,-0.0083998933674405,-0.0125289723529403,0.0259233400711611,Liderazgo interno en sector débil
2026-09-17,2026-09-17,2026-09-17,1.0,XLRE,SPG,-0.0740002559601255,-0.0455657473944702,-0.0083998933674405,-0.066156066496868,-0.0297920034701513,Debilidad relativa doble
2026-09-17,2026-09-17,2026-09-17,1.0,XLRE,VTR,-0.0450734834885695,-0.0455657473944702,-0.0083998933674405,-0.0369842539102495,0.0005157651295066,Liderazgo interno en sector débil
2026-09-17,2026-09-17,2026-09-17,1.0,XLRE,PSA,-0.0654636949297255,-0.0455657473944702,-0.0083998933674405,-0.0575471918373141,-0.0208478975696183,Debilidad relativa doble
2026-09-17,2026-09-17,2026-09-17,1.0,XLRE,O,-0.0854372527208466,-0.0455657473944702,-0.0083998933674405,-0.0776899466207425,-0.0417750151123876,Debilidad relativa doble
2026-09-17,2026-09-17,2026-09-17,1.0,XLRE,CBRE,-0.1015670294454172,-0.0455657473944702,-0.0083998933674405,-0.0939563594787915,-0.0586748452269687,Debilidad relativa doble
2026-09-17,2026-09-17,2026-09-17,1.0,XLRE,IRM,-0.0589303445582028,-0.0455657473944702,-0.0083998933674405,-0.0509584971328432,-0.0140026378215664,Debilidad relativa doble
2026-09-17,2026-09-17,2026-09-17,1.0,XLRE,CCI,0.0021727873497012,-0.0455657473944702,-0.0083998933674405,0.0106622424164981,0.0500176252202277,Liderazgo relativo doble
2026-09-17,2026-09-17,2026-09-17,1.0,XLRE,EXR,-0.0489845294433229,-0.0455657473944702,-0.0083998933674405,-0.0409284305280145,-0.0035819984870825,Debilidad relativa doble
2026-09-17,2026-09-17,2026-09-17,1.0,XLRE,VICI,-0.0682303947483645,-0.0455657473944702,-0.0083998933674405,-0.0603373285064544,-0.0237466826992237,Debilidad relativa doble
2026-09-17,2026-09-17,2026-09-17,1.0,XLRE,SBAC,-0.000275901285956,-0.0455657473944702,-0.0083998933674405,0.0081928108187414,0.0474520334793902,Liderazgo relativo doble
2026-09-17,2026-09-17,2026-09-17,1.0,XLRE,ESS,-0.0576280568024594,-0.0455657473944702,-0.0083998933674405,-0.0496451776333466,-0.0126381774072545,Debilidad relativa doble
2026-09-17,2026-09-17,2026-09-17,1.0,XLRE,WY,-0.1121349583122236,-0.0455657473944702,-0.0083998933674405,-0.1046138097917959,-0.0697472987123258,Debilidad relativa doble
2026-09-17,2026-09-17,2026-09-17,1.0,XLRE,KIM,-0.0609651541079312,-0.0455657473944702,-0.0083998933674405,-0.0530105436545389,-0.016134591430915,Debilidad relativa doble
2026-09-17,2026-09-17,2026-09-17,1.0,XLRE,INVH,-0.1009934128264014,-0.0455657473944702,-0.0083998933674405,-0.0933778837251292,-0.0580738435157979,Debilidad relativa doble
2026-09-17,2026-09-17,2026-09-17,1.0,XLU,NEE,-0.0467790426410194,-0.0529305271882102,-0.0083998933674405,-0.0387042609383264,0.0064952833174185,Liderazgo interno en sector débil
2026-09-17,2026-09-17,2026-09-17,1.0,XLU,SO,-0.0589000993749507,-0.0529305271882102,-0.0083998933674405,-0.0509279957411533,-0.0063032041028808,Debilidad relativa doble
2026-09-17,2026-09-17,2026-09-17,1.0,XLU,CEG,-0.0414707118864496,-0.0529305271882102,-0.0083998933674405,-0.0333509630523504,0.0121002900323003,Liderazgo interno en sector débil
2026-09-17,2026-09-17,2026-09-17,1.0,XLU,DUK,-0.0409384920797809,-0.0529305271882102,-0.0083998933674405,-0.0328142347854725,0.0126622549376718,Liderazgo interno en sector débil
2026-09-17,2026-09-17,2026-09-17,1.0,XLU,AEP,-0.0368258020124031,-0.0529305271882102,-0.0083998933674405,-0.0286667059178684,0.0170047981041909,Liderazgo interno en sector débil
2026-09-17,2026-09-17,2026-09-17,1.0,XLU,D,-0.0490629850751321,-0.0529305271882102,-0.0083998933674405,-0.0410075507613468,0.0040836941999571,Liderazgo interno en sector débil
2026-09-17,2026-09-17,2026-09-17,1.0,XLU,SRE,-0.0398410582850468,-0.0529305271882102,-0.0083998933674405,-0.0317075045749838,0.0138210229333035,Liderazgo interno en sector débil
2026-09-17,2026-09-17,2026-09-17,1.0,XLU,ETR,-0.0430715224649135,-0.0529305271882102,-0.0083998933674405,-0.0349653341761092,0.0104100121546795,Liderazgo interno en sector débil
2026-09-17,2026-09-17,2026-09-17,1.0,XLU,VST,0.0060266336982717,-0.0529305271882102,-0.0083998933674405,0.0145487348873976,0.0622522027992749,Liderazgo relativo doble
2026-09-17,2026-09-17,2026-09-17,1.0,XLU,XEL,-0.0653129237206059,-0.0529305271882102,-0.0083998933674405,-0.0573951434378523,-0.0130744331729256,Debilidad relativa doble
2026-09-17,2026-09-17,2026-09-17,1.0,XLU,EXC,-0.0497571264900066,-0.0529305271882102,-0.0083998933674405,-0.0417075722823526,0.003350758090409,Liderazgo interno en sector débil
2026-09-17,2026-09-17,2026-09-17,1.0,XLU,ED,-0.0085185015643084,-0.0529305271882102,-0.0083998933674405,-0.0001196129327484,0.0468941581360924,Liderazgo interno en sector débil
2026-09-17,2026-09-17,2026-09-17,1.0,XLU,PEG,-0.0491647747376321,-0.0529305271882102,-0.0083998933674405,-0.0411102026890939,0.0039762156406517,Liderazgo interno en sector débil
2026-09-17,2026-09-17,2026-09-17,1.0,XLU,WEC,-0.0421620005063004,-0.0529305271882102,-0.0083998933674405,-0.0340481076121652,0.0113703661569184,Liderazgo interno en sector débil
2026-09-17,2026-09-17,2026-09-17,1.0,XLU,PCG,-0.2419263227409022,-0.0529305271882102,-0.0083998933674405,-0.2355046432644199,-0.1995585339601068,Debilidad relativa doble
2026-09-17,2026-09-17,2026-09-17,1.0,XLU,AEE,-0.0424863188285107,-0.0529305271882102,-0.0083998933674405,-0.0343751732508648,0.0110279220896976,Liderazgo interno en sector débil
2026-09-17,2026-09-17,2026-09-17,1.0,XLU,DTE,-0.0627963119292206,-0.0529305271882102,-0.0083998933674405,-0.0548572133039684,-0.0104171710990953,Debilidad relativa doble
2026-09-17,2026-09-17,2026-09-17,1.0,XLU,ATO,-0.0484678598426263,-0.0529305271882102,-0.0083998933674405,-0.0404073841936698,0.0047120802366635,Liderazgo interno en sector débil
2026-09-17,2026-09-17,2026-09-17,1.0,XLU,AWK,-0.0033883728494992,-0.0529305271882102,-0.0083998933674405,0.0050539733552068,0.0523110033223048,Liderazgo relativo doble
2026-09-17,2026-09-17,2026-09-17,1.0,XLU,ES,-0.0416724557441584,-0.0529305271882102,-0.0083998933674405,-0.0335544158922193,0.0118872709629498,Liderazgo interno en sector débil
2026-09-17,2026-09-17,2026-09-17,1.0,XLV,LLY,-0.0998953620354395,-0.0391051650933645,-0.0083998933674405,-0.0922705312918072,-0.0632641520525829,Debilidad relativa doble
2026-09-17,2026-09-17,2026-09-17,1.0,XLV,JNJ,-0.0067930585420515,-0.0391051650933645,-0.0083998933674405,0.0016204464023765,0.0336270998422554,Liderazgo relativo doble
2026-09-17,2026-09-17,2026-09-17,1.0,XLV,ABBV,-0.0073316998085551,-0.0391051650933645,-0.0083998933674405,0.0010772422791611,0.0330665377006595,Liderazgo relativo doble
2026-09-17,2026-09-17,2026-09-17,1.0,XLV,MRK,-0.0274731452967094,-0.0391051650933645,-0.0083998933674405,-0.019234822386255,0.0121054036030752,Liderazgo interno en sector débil
2026-09-17,2026-09-17,2026-09-17,1.0,XLV,UNH,-0.0285365700063708,-0.0391051650933645,-0.0083998933674405,-0.0203072554190356,0.0109987011097012,Liderazgo interno en sector débil
2026-09-17,2026-09-17,2026-09-17,1.0,XLV,TMO,0.0738087558016593,-0.0391051650933645,-0.0083998933674405,0.0829050426872963,0.1175091350199579,Liderazgo relativo doble
2026-09-17,2026-09-17,2026-09-17,1.0,XLV,AMGN,-0.1364511482278889,-0.0391051650933645,-0.0083998933674405,-0.1291359833504921,-0.1013076349234231,Debilidad relativa doble
2026-09-17,2026-09-17,2026-09-17,1.0,XLV,ABT,-0.1066153711064035,-0.0391051650933645,-0.0083998933674405,-0.0990474658907606,-0.0702576427311095,Debilidad relativa doble
2026-09-17,2026-09-17,2026-09-17,1.0,XLV,GILD,0.0280476909197251,-0.0391051650933645,-0.0083998933674405,0.0367563335697294,0.0698857497965577,Liderazgo relativo doble
2026-09-17,2026-09-17,2026-09-17,1.0,XLV,PFE,-0.0212464726038477,-0.0391051650933645,-0.0083998933674405,-0.0129554032421737,0.0185854807839112,Liderazgo interno en sector débil
2026-09-17,2026-09-17,2026-09-17,1.0,XLV,VRTX,-0.0647030591984412,-0.0391051650933645,-0.0083998933674405,-0.0567801127232674,-0.0266396416914488,Debilidad relativa doble
2026-09-17,2026-09-17,2026-09-17,1.0,XLV,BMY,-0.0705516996702015,-0.0391051650933645,-0.0083998933674405,-0.0626782973166738,-0.0327263020202335,Debilidad relativa doble
2026-09-17,2026-09-17,2026-09-17,1.0,XLV,DHR,0.0047281323877068,-0.0391051650933645,-0.0083998933674405,0.0132392339082432,0.0456171642189444,Liderazgo relativo doble
2026-09-17,2026-09-17,2026-09-17,1.0,XLV,ISRG,-0.0356532048482833,-0.0391051650933645,-0.0083998933674405,-0.0274841756253881,0.0035924433347762,Liderazgo interno en sector débil
2026-09-17,2026-09-17,2026-09-17,1.0,XLV,CVS,-0.0360918828375937,-0.0391051650933645,-0.0083998933674405,-0.0279265696775632,0.0031359126371655,Liderazgo interno en sector débil
2026-09-17,2026-09-17,2026-09-17,1.0,XLV,MDT,-0.0144481105921011,-0.0391051650933645,-0.0083998933674405,-0.0060994519708152,0.0256605131025178,Liderazgo interno en sector débil
2026-09-17,2026-09-17,2026-09-17,1.0,XLV,MCK,0.0313863811157104,-0.0391051650933645,-0.0083998933674405,0.0401233059748893,0.0733603133749014,Liderazgo relativo doble
2026-09-17,2026-09-17,2026-09-17,1.0,XLV,SYK,-0.1760397793090324,-0.0391051650933645,-0.0083998933674405,-0.169059971676376,-0.1425073891972507,Debilidad relativa doble
2026-09-17,2026-09-17,2026-09-17,1.0,XLV,ELV,0.0442038891434648,-0.0391051650933645,-0.0083998933674405,0.0530493917447689,0.0866994505646645,Liderazgo relativo doble
2026-09-17,2026-09-17,2026-09-17,1.0,XLV,REGN,-0.0611174694437696,-0.0391051650933645,-0.0083998933674405,-0.0531641492610929,-0.022908130578664,Debilidad relativa doble
2026-09-17,2026-09-17,2026-09-17,1.0,XLY,AMZN,-0.0551083136409007,-0.060713358382504,-0.0083998933674405,-0.0471040896032982,0.0059673421224761,Liderazgo interno en sector débil
2026-09-17,2026-09-17,2026-09-17,1.0,XLY,TSLA,0.0429483290600147,-0.060713358382504,-0.0083998933674405,0.0517831957499803,0.1103621438329076,Liderazgo relativo doble
2026-09-17,2026-09-17,2026-09-17,1.0,XLY,HD,-0.1149018392801815,-0.060713358382504,-0.0083998933674405,-0.1074041291447799,-0.0576911014132622,Debilidad relativa doble
2026-09-17,2026-09-17,2026-09-17,1.0,XLY,MCD,-0.0643254172140057,-0.060713358382504,-0.0083998933674405,-0.0563992717149722,-0.003845534122876,Debilidad relativa doble
2026-09-17,2026-09-17,2026-09-17,1.0,XLY,BKNG,-0.1975031914388652,-0.060713358382504,-0.0083998933674405,-0.1907052014280364,-0.1456316176506061,Debilidad relativa doble
2026-09-17,2026-09-17,2026-09-17,1.0,XLY,TJX,-0.124221432167766,-0.060713358382504,-0.0083998933674405,-0.1168026687629669,-0.0676130916499547,Debilidad relativa doble
2026-09-17,2026-09-17,2026-09-17,1.0,XLY,SBUX,-0.0791579817323318,-0.060713358382504,-0.0083998933674405,-0.0713574836182534,-0.0196368419741019,Debilidad relativa doble
2026-09-17,2026-09-17,2026-09-17,1.0,XLY,LOW,-0.1173181707208806,-0.060713358382504,-0.0083998933674405,-0.1098409294481854,-0.0602636190384869,Debilidad relativa doble
2026-09-17,2026-09-17,2026-09-17,1.0,XLY,GM,0.0216471045573634,-0.060713358382504,-0.0083998933674405,0.0303015275248834,0.0876840564857164,Liderazgo relativo doble
2026-09-17,2026-09-17,2026-09-17,1.0,XLY,DASH,-0.1165198597760113,-0.060713358382504,-0.0083998933674405,-0.1090358559719628,-0.0594137070845656,Debilidad relativa doble
2026-09-17,2026-09-17,2026-09-17,1.0,XLY,ROST,-0.0203097197409285,-0.060713358382504,-0.0083998933674405,-0.0120107150995912,0.0430152382152464,Liderazgo interno en sector débil
2026-09-17,2026-09-17,2026-09-17,1.0,XLY,ABNB,-0.1097698738176157,-0.060713358382504,-0.0083998933674405,-0.1022286905498873,-0.0522274173415625,Debilidad relativa doble
2026-09-17,2026-09-17,2026-09-17,1.0,XLY,MAR,-0.0702076753382339,-0.060713358382504,-0.0083998933674405,-0.0623313587376371,-0.0101080080723603,Debilidad relativa doble
2026-09-17,2026-09-17,2026-09-17,1.0,XLY,ORLY,-0.0691885720366284,-0.060713358382504,-0.0083998933674405,-0.0613036225617443,-0.0090230322444804,Debilidad relativa doble
2026-09-17,2026-09-17,2026-09-17,1.0,XLY,HLT,-0.0957555205523521,-0.060713358382504,-0.0083998933674405,-0.0880956210075132,-0.0373072080632423,Debilidad relativa doble
2026-09-17,2026-09-17,2026-09-17,1.0,XLY,RCL,-0.1641466737891664,-0.060713358382504,-0.0083998933674405,-0.1570661190735818,-0.1101190103465598,Debilidad relativa doble
2026-09-17,2026-09-17,2026-09-17,1.0,XLY,F,-0.0613793340222589,-0.060713358382504,-0.0083998933674405,-0.0534282321073308,-0.0007090227947967,Debilidad relativa doble
2026-09-17,2026-09-17,2026-09-17,1.0,XLY,CVNA,-0.0653038890414864,-0.060713358382504,-0.0083998933674405,-0.0573860322255207,-0.0048872521502885,Debilidad relativa doble
2026-09-17,2026-09-17,2026-09-17,1.0,XLY,AZO,-0.0755892612684611,-0.060713358382504,-0.0083998933674405,-0.0677585323474736,-0.0158374475126571,Debilidad relativa doble
2026-09-17,2026-09-17,2026-09-17,1.0,XLY,CMG,-0.0331795017582716,-0.060713358382504,-0.0083998933674405,-0.0249895176746015,0.0293135826746324,Liderazgo interno en sector débil
2026-09-18,2026-09-18,2026-09-18,1.0,XLB,LIN,-0.0402539705562866,-0.0463562872063986,0.0012869590529585,-0.0414875368481135,0.006398948127321,Liderazgo interno en sector débil
2026-09-18,2026-09-18,2026-09-18,1.0,XLB,NEM,-0.031127368005177,-0.0463562872063986,0.0012869590529585,-0.0323726647641489,0.015969191635113,Liderazgo interno en sector débil
2026-09-18,2026-09-18,2026-09-18,1.0,XLB,FCX,0.0044931155481531,-0.0463562872063986,0.0012869590529585,0.003202035606483,0.0533211744306409,Liderazgo relativo doble
2026-09-18,2026-09-18,2026-09-18,1.0,XLB,CTVA,0.0156260629324316,-0.0463562872063986,0.0012869590529585,0.0143206737587349,0.0649952904919377,Liderazgo relativo doble
2026-09-18,2026-09-18,2026-09-18,1.0,XLB,ECL,-0.0401596982660691,-0.0463562872063986,0.0012869590529585,-0.0413933857265342,0.0064978029605806,Liderazgo interno en sector débil
2026-09-18,2026-09-18,2026-09-18,1.0,XLB,APD,-0.0537741638149686,-0.0463562872063986,0.0012869590529585,-0.0549903525359057,-0.0077784569950555,Debilidad relativa doble
2026-09-18,2026-09-18,2026-09-18,1.0,XLB,SHW,-0.0733292991220696,-0.0463562872063986,0.0012869590529585,-0.0745203535314211,-0.0282841605872452,Debilidad relativa doble
2026-09-18,2026-09-18,2026-09-18,1.0,XLB,NUE,0.0328510033916669,-0.0463562872063986,0.0012869590529585,0.0315234749172828,0.0830575292800241,Liderazgo relativo doble
2026-09-18,2026-09-18,2026-09-18,1.0,XLB,VMC,-0.1102449850974962,-0.0463562872063986,0.0012869590529585,-0.1113885915941064,-0.0669943051414266,Debilidad relativa doble
2026-09-18,2026-09-18,2026-09-18,1.0,XLB,MLM,-0.0644128719832561,-0.0463562872063986,0.0012869590529585,-0.0656153867202616,-0.0189343090450023,Debilidad relativa doble
2026-09-18,2026-09-18,2026-09-18,1.0,XLB,CRH,-0.074551456494009,-0.0463562872063986,0.0012869590529585,-0.0757409400584797,-0.0295657266014113,Debilidad relativa doble
2026-09-18,2026-09-18,2026-09-18,1.0,XLB,STLD,0.0742465502595248,-0.0463562872063986,0.0012869590529585,0.0728658158851618,0.1264652991971497,Liderazgo relativo doble
2026-09-18,2026-09-18,2026-09-18,1.0,XLB,PPG,-0.0704376167411331,-0.0463562872063986,0.0012869590529585,-0.0716323878440706,-0.0252519145375486,Debilidad relativa doble
2026-09-18,2026-09-18,2026-09-18,1.0,XLB,SW,-0.0800995415159634,-0.0463562872063986,0.0012869590529585,-0.081281894099469,-0.0353835020950512,Debilidad relativa doble
2026-09-18,2026-09-18,2026-09-18,1.0,XLB,IFF,-0.0004477596573971,-0.0463562872063986,0.0012869590529585,-0.0017324890678656,0.0481401250101225,Liderazgo interno en sector débil
2026-09-18,2026-09-18,2026-09-18,1.0,XLB,DOW,-0.1166138453598574,-0.0463562872063986,0.0012869590529585,-0.1177492659290493,-0.0736727534727267,Debilidad relativa doble
2026-09-18,2026-09-18,2026-09-18,1.0,XLB,CF,0.015910899352078,-0.0463562872063986,0.0012869590529585,0.0146051440767303,0.0652939727102812,Liderazgo relativo doble
2026-09-18,2026-09-18,2026-09-18,1.0,XLB,PKG,-0.0612416339184433,-0.0463562872063986,0.0012869590529585,-0.0624482246633302,-0.0156089182074505,Debilidad relativa doble
2026-09-18,2026-09-18,2026-09-18,1.0,XLB,AMCR,-0.1110225321640049,-0.0463562872063986,0.0012869590529585,-0.1121651392755463,-0.0678096484987806,Debilidad relativa doble
2026-09-18,2026-09-18,2026-09-18,1.0,XLB,IP,-0.1444499936295691,-0.0463562872063986,0.0012869590529585,-0.1455496362604873,-0.1028620071701779,Debilidad relativa doble
2026-09-18,2026-09-18,2026-09-18,1.0,XLC,META,0.2197020668623606,0.0011745324634941,0.0012869590529585,0.2181343777971345,0.2182711678264095,Liderazgo relativo doble
2026-09-18,2026-09-18,2026-09-18,1.0,XLC,GOOGL,0.0266964470113761,0.0011745324634941,0.0012869590529585,0.0253768290185767,0.025491973397568,Liderazgo relativo doble
2026-09-18,2026-09-18,2026-09-18,1.0,XLC,GOOG,0.0190230238552813,0.0011745324634941,0.0012869590529585,0.0177132685510035,0.0178275523528042,Liderazgo relativo doble
2026-09-18,2026-09-18,2026-09-18,1.0,XLC,T,0.0099403580036558,0.0011745324634941,0.0012869590529585,0.0086422766944673,0.0087555418719975,Liderazgo relativo doble
2026-09-18,2026-09-18,2026-09-18,1.0,XLC,VZ,-0.0223622383580189,0.0011745324634941,0.0012869590529585,-0.0236188009812347,-0.0235091585516048,Debilidad relativa doble
2026-09-18,2026-09-18,2026-09-18,1.0,XLC,CMCSA,-0.1392884290139635,0.0011745324634941,0.0012869590529585,-0.1403947058292676,-0.1402981767143377,Debilidad relativa doble
2026-09-18,2026-09-18,2026-09-18,1.0,XLC,DIS,-0.0433283781131352,0.0011745324634941,0.0012869590529585,-0.0445579928538089,-0.0444507017843586,Debilidad relativa doble
2026-09-18,2026-09-18,2026-09-18,1.0,XLC,TMUS,-0.0666006226307415,0.0011745324634941,0.0012869590529585,-0.06780032544108,-0.067695644362295,Debilidad relativa doble
2026-09-18,2026-09-18,2026-09-18,1.0,XLC,NFLX,-0.104192644593402,0.0011745324634941,0.0012869590529585,-0.1053440301930285,-0.1052435650731439,Debilidad relativa doble
2026-09-18,2026-09-18,2026-09-18,1.0,XLC,WBD,-0.0152320337282484,0.0011745324634941,0.0012869590529585,-0.0164977608385422,-0.0163873187538765,Debilidad relativa doble
2026-09-18,2026-09-18,2026-09-18,1.0,XLC,OMC,-0.1115498887155969,0.0011745324634941,0.0012869590529585,-0.1126918180131689,-0.1125921780108818,Debilidad relativa doble
2026-09-18,2026-09-18,2026-09-18,1.0,XLC,LYV,-0.0818591847353766,0.0011745324634941,0.0012869590529585,-0.0830392756407981,-0.0829363058152885,Debilidad relativa doble
2026-09-18,2026-09-18,2026-09-18,1.0,XLC,TTWO,-0.1444930161572249,0.0011745324634941,0.0012869590529585,-0.1455926034910768,-0.1454966580724831,Debilidad relativa doble
2026-09-18,2026-09-18,2026-09-18,1.0,XLC,CHTR,-0.1325798393758354,0.0011745324634941,0.0012869590529585,-0.1336947387743953,-0.1335974572887037,Debilidad relativa doble
2026-09-18,2026-09-18,2026-09-18,1.0,XLC,FOXA,-0.0474582318126505,0.0011745324634941,0.0012869590529585,-0.0486825384320529,-0.0485757105271932,Debilidad relativa doble
2026-09-18,2026-09-18,2026-09-18,1.0,XLC,ECHO,0.0752416135906448,0.0011745324634941,0.0012869590529585,0.0738596002564884,0.0739801889935223,Liderazgo relativo doble
2026-09-18,2026-09-18,2026-09-18,1.0,XLC,TKO,-0.0277054349551513,0.0011745324634941,0.0012869590529585,-0.028955129941502,-0.028846086753309,Debilidad relativa doble
2026-09-18,2026-09-18,2026-09-18,1.0,XLC,NWSA,0.0077640179515805,0.0011745324634941,0.0012869590529585,0.0064687339029645,0.0065817550031683,Liderazgo relativo doble
2026-09-18,2026-09-18,2026-09-18,1.0,XLC,FOX,-0.0401147712676112,0.0011745324634941,0.0012869590529585,-0.0413485164729684,-0.0412408649963446,Debilidad relativa doble
2026-09-18,2026-09-18,2026-09-18,1.0,XLC,APP,-0.0022994185974682,0.0011745324634941,0.0012869590529585,-0.0035817680615943,-0.0034698755794501,Debilidad relativa doble
2026-09-18,2026-09-18,2026-09-18,1.0,XLE,XOM,-0.0157087012111336,0.0087842754289215,0.0012869590529585,-0.0169738156583674,-0.0242796970934555,Debilidad relativa doble
2026-09-18,2026-09-18,2026-09-18,1.0,XLE,CVX,0.0181755851519682,0.0087842754289215,0.0012869590529585,0.0168669190648238,0.0093095322278429,Liderazgo relativo doble
2026-09-18,2026-09-18,2026-09-18,1.0,XLE,COP,-0.0226851328670742,0.0087842754289215,0.0012869590529585,-0.0239412804723894,-0.031195379490442,Debilidad relativa doble
2026-09-18,2026-09-18,2026-09-18,1.0,XLE,MPC,0.1860815722238677,0.0087842754289215,0.0012869590529585,0.1845570957457516,0.1757534302559997,Liderazgo relativo doble
2026-09-18,2026-09-18,2026-09-18,1.0,XLE,PSX,0.1380416870117187,0.0087842754289215,0.0012869590529585,0.1365789564343333,0.1281318659808001,Liderazgo relativo doble
2026-09-18,2026-09-18,2026-09-18,1.0,XLE,VLO,0.2101548621164191,0.0087842754289215,0.0012869590529585,0.2085994441204077,0.1996170951434364,Liderazgo relativo doble
2026-09-18,2026-09-18,2026-09-18,1.0,XLE,SLB,-0.0404249116867756,0.0087842754289215,0.0012869590529585,-0.0416582582671267,-0.0487806841505079,Debilidad relativa doble
2026-09-18,2026-09-18,2026-09-18,1.0,XLE,EOG,-0.052303085525817,0.0087842754289215,0.0012869590529585,-0.0535211650309142,-0.0605554254191413,Debilidad relativa doble
2026-09-18,2026-09-18,2026-09-18,1.0,XLE,WMB,0.0124612088161615,0.0087842754289215,0.0012869590529585,0.0111598874450256,0.0036449154460467,Liderazgo relativo doble
2026-09-18,2026-09-18,2026-09-18,1.0,XLE,BKR,-0.0880853597773645,0.0087842754289215,0.0012869590529585,-0.0892574481493831,-0.0960261153605892,Debilidad relativa doble
2026-09-18,2026-09-18,2026-09-18,1.0,XLE,TRGP,-0.03328369746433,0.0087842754289215,0.0012869590529585,-0.0345262226824428,-0.0417016540779889,Debilidad relativa doble
2026-09-18,2026-09-18,2026-09-18,1.0,XLE,KMI,0.0072761638024456,0.0087842754289215,0.0012869590529585,0.0059815067951667,-0.0014949793164,Fortaleza sectorial
2026-09-18,2026-09-18,2026-09-18,1.0,XLE,OKE,-0.0120507337001732,0.0087842754289215,0.0012869590529585,-0.0133205497510393,-0.020653582372937,Debilidad relativa doble
2026-09-18,2026-09-18,2026-09-18,1.0,XLE,DVN,-0.0076101172707871,0.0087842754289215,0.0012869590529585,-0.0088856408677895,-0.0162516338716105,Debilidad relativa doble
2026-09-18,2026-09-18,2026-09-18,1.0,XLE,OXY,-0.0391743549480622,0.0087842754289215,0.0012869590529585,-0.04040930887514,-0.0475410169895763,Debilidad relativa doble
2026-09-18,2026-09-18,2026-09-18,1.0,XLE,FANG,-0.0881433310914922,0.0087842754289215,0.0012869590529585,-0.0893153449526956,-0.0960835818730436,Debilidad relativa doble
2026-09-18,2026-09-18,2026-09-18,1.0,XLE,EQT,-0.07218406817046,0.0087842754289215,0.0012869590529585,-0.0733765945507861,-0.0802632887640472,Debilidad relativa doble
2026-09-18,2026-09-18,2026-09-18,1.0,XLE,HAL,-0.0530646378670672,0.0087842754289215,0.0012869590529585,-0.0542817385451946,-0.0613103463272081,Debilidad relativa doble
2026-09-18,2026-09-18,2026-09-18,1.0,XLE,EXE,-0.0893098975570928,0.0087842754289215,0.0012869590529585,-0.0904804120246808,-0.0972399901300068,Debilidad relativa doble
2026-09-18,2026-09-18,2026-09-18,1.0,XLE,TPL,-0.044170912759054,0.0087842754289215,0.0012869590529585,-0.0453994445858035,-0.0524940658551202,Debilidad relativa doble
2026-09-18,2026-09-18,2026-09-18,1.0,XLF,JPM,-0.0053476729640551,-0.0191395985598864,0.0012869590529585,-0.0066261044918519,0.0140610484178806,Liderazgo interno en sector débil
2026-09-18,2026-09-18,2026-09-18,1.0,XLF,V,0.0069996923459734,-0.0191395985598864,0.0012869590529585,0.0057053906888173,0.0266493487426771,Liderazgo relativo doble
2026-09-18,2026-09-18,2026-09-18,1.0,XLF,MA,-0.0150038959969827,-0.0191395985598864,0.0012869590529585,-0.0162699163338244,0.00421640282025,Liderazgo interno en sector débil
2026-09-18,2026-09-18,2026-09-18,1.0,XLF,BAC,-0.0620022595883751,-0.0191395985598864,0.0012869590529585,-0.0632078726973475,-0.0436990431722568,Debilidad relativa doble
2026-09-18,2026-09-18,2026-09-18,1.0,XLF,GS,-0.0552287710130214,-0.0191395985598864,0.0012869590529585,-0.0564430901201729,-0.0367933830340672,Debilidad relativa doble
2026-09-18,2026-09-18,2026-09-18,1.0,XLF,WFC,0.0289128540809422,-0.0191395985598864,0.0012869590529585,0.0275903873292358,0.0489901035563036,Liderazgo relativo doble
2026-09-18,2026-09-18,2026-09-18,1.0,XLF,MS,-0.0234755130818465,-0.0191395985598864,0.0012869590529585,-0.0247306448075844,-0.0044205215294593,Debilidad relativa doble
2026-09-18,2026-09-18,2026-09-18,1.0,XLF,C,0.0161950037261475,-0.0191395985598864,0.0012869590529585,0.0148888832900504,0.0360240888857938,Liderazgo relativo doble
2026-09-18,2026-09-18,2026-09-18,1.0,XLF,SCHW,-0.0413516793666887,-0.0191395985598864,0.0012869590529585,-0.0425838347679828,-0.022645506714503,Debilidad relativa doble
2026-09-18,2026-09-18,2026-09-18,1.0,XLF,AXP,-0.0591574715354346,-0.0191395985598864,0.0012869590529585,-0.0603667410644825,-0.0407987445683334,Debilidad relativa doble
2026-09-18,2026-09-18,2026-09-18,1.0,XLF,BLK,-0.0566317736615006,-0.0191395985598864,0.0012869590529585,-0.0578442894824478,-0.0382237625727041,Debilidad relativa doble
2026-09-18,2026-09-18,2026-09-18,1.0,XLF,COF,-0.0472985845907339,-0.0191395985598864,0.0012869590529585,-0.0485230964054959,-0.0287084543218424,Debilidad relativa doble
2026-09-18,2026-09-18,2026-09-18,1.0,XLF,SPGI,-0.0600007997568172,-0.0191395985598864,0.0012869590529585,-0.0612089853519546,-0.0416585287130949,Debilidad relativa doble
2026-09-18,2026-09-18,2026-09-18,1.0,XLF,PGR,-0.0311337057473295,-0.0191395985598864,0.0012869590529585,-0.0323789943603702,-0.0122281490514176,Debilidad relativa doble
2026-09-18,2026-09-18,2026-09-18,1.0,XLF,CB,-0.0035026210289745,-0.0191395985598864,0.0012869590529585,-0.0047834240110978,0.0159421029821913,Liderazgo interno en sector débil
2026-09-18,2026-09-18,2026-09-18,1.0,XLF,BNY,-0.0219410588050459,-0.0191395985598864,0.0012869590529585,-0.0231981627724124,-0.002856125337557,Debilidad relativa doble
2026-09-18,2026-09-18,2026-09-18,1.0,XLF,CME,0.0237594058495906,-0.0191395985598864,0.0012869590529585,0.0224435628502415,0.0437360957242154,Liderazgo relativo doble
2026-09-18,2026-09-18,2026-09-18,1.0,XLF,BX,-0.1159533520432959,-0.0191395985598864,0.0012869590529585,-0.117089621547796,-0.09870288711958,Debilidad relativa doble
2026-09-18,2026-09-18,2026-09-18,1.0,XLF,PNC,-0.0349722585837478,-0.0191395985598864,0.0012869590529585,-0.0362126134859492,-0.0161416038415004,Debilidad relativa doble
2026-09-18,2026-09-18,2026-09-18,1.0,XLF,TRV,0.0313062887468209,-0.0191395985598864,0.0012869590529585,0.0299807457017671,0.0514302414825209,Liderazgo relativo doble
2026-09-18,2026-09-18,2026-09-18,1.0,XLI,CAT,-0.0078490345712927,-0.0557379097420197,0.0012869590529585,-0.0091242510867136,0.0507156600532838,Liderazgo interno en sector débil
2026-09-18,2026-09-18,2026-09-18,1.0,XLI,GE,-0.0881210084259822,-0.0557379097420197,0.0012869590529585,-0.0892930509786175,-0.0342946084758259,Debilidad relativa doble
2026-09-18,2026-09-18,2026-09-18,1.0,XLI,RTX,-0.0861557014676657,-0.0557379097420197,0.0012869590529585,-0.0873302700390001,-0.0322132933636418,Debilidad relativa doble
2026-09-18,2026-09-18,2026-09-18,1.0,XLI,GEV,-0.0265835678887134,-0.0557379097420197,0.0012869590529585,-0.0278347048163221,0.0308752645627667,Liderazgo interno en sector débil
2026-09-18,2026-09-18,2026-09-18,1.0,XLI,UNP,-0.076663937661273,-0.0557379097420197,0.0012869590529585,-0.0778507060433099,-0.0221612496521342,Debilidad relativa doble
2026-09-18,2026-09-18,2026-09-18,1.0,XLI,DE,0.1015395811915311,-0.0557379097420197,0.0012869590529585,0.1001237669502796,0.1665612678473425,Liderazgo relativo doble
2026-09-18,2026-09-18,2026-09-18,1.0,XLI,BA,-0.0785681481902906,-0.0557379097420197,0.0012869590529585,-0.0797524690811694,-0.0241778619345329,Debilidad relativa doble
2026-09-18,2026-09-18,2026-09-18,1.0,XLI,ETN,0.0228273743015527,-0.0557379097420197,0.0012869590529585,0.0215127292469361,0.0832028362190289,Liderazgo relativo doble
2026-09-18,2026-09-18,2026-09-18,1.0,XLI,UBER,-0.1024825300955563,-0.0557379097420197,0.0012869590529585,-0.1036361137137574,-0.0495038621541669,Debilidad relativa doble
2026-09-18,2026-09-18,2026-09-18,1.0,XLI,PH,-0.0546825898353556,-0.0557379097420197,0.0012869590529585,-0.0558976109518609,0.0011176133380255,Liderazgo interno en sector débil
2026-09-18,2026-09-18,2026-09-18,1.0,XLI,VRT,-0.0573588598164712,-0.0557379097420197,0.0012869590529585,-0.0585704411100074,-0.001716631527597,Debilidad relativa doble
2026-09-18,2026-09-18,2026-09-18,1.0,XLI,LMT,-0.0608961019157233,-0.0557379097420197,0.0012869590529585,-0.0621031367745926,-0.0054626699799992,Debilidad relativa doble
2026-09-18,2026-09-18,2026-09-18,1.0,XLI,ADP,-0.0223996949941106,-0.0557379097420197,0.0012869590529585,-0.0236562094741277,0.0353061031379549,Liderazgo interno en sector débil
2026-09-18,2026-09-18,2026-09-18,1.0,XLI,TT,-0.0464986869677737,-0.0557379097420197,0.0012869590529585,-0.0477242268948844,0.0097845956854223,Liderazgo interno en sector débil
2026-09-18,2026-09-18,2026-09-18,1.0,XLI,PWR,-0.038884704016286,-0.0557379097420197,0.0012869590529585,-0.040120030233131,0.0178480168796453,Liderazgo interno en sector débil
2026-09-18,2026-09-18,2026-09-18,1.0,XLI,HWM,-0.1606856239062229,-0.0557379097420197,0.0012869590529585,-0.1617643988016972,-0.111142568622585,Debilidad relativa doble
2026-09-18,2026-09-18,2026-09-18,1.0,XLI,CSX,-0.073397292803205,-0.0557379097420197,0.0012869590529585,-0.0745882598199438,-0.0187017812568972,Debilidad relativa doble
2026-09-18,2026-09-18,2026-09-18,1.0,XLI,GD,-0.0855285800627346,-0.0557379097420197,0.0012869590529585,-0.0867039546762952,-0.0315491542317195,Debilidad relativa doble
2026-09-18,2026-09-18,2026-09-18,1.0,XLI,JCI,0.000838188838488,-0.0557379097420197,0.0012869590529585,-0.0004481934079066,0.0599156729516174,Liderazgo interno en sector débil
2026-09-18,2026-09-18,2026-09-18,1.0,XLI,MMM,-0.0644269285593071,-0.0557379097420197,0.0012869590529585,-0.0656294252293262,-0.0092019142851678,Debilidad relativa doble
2026-09-18,2026-09-18,2026-09-18,1.0,XLK,NVDA,0.0261411319199091,0.0354997257418179,0.0012869590529585,0.0248222276763281,-0.0090377559638699,Fortaleza sectorial
2026-09-18,2026-09-18,2026-09-18,1.0,XLK,AAPL,0.0797623452088185,0.0354997257418179,0.0012869590529585,0.0783745213560795,0.0427451773927718,Liderazgo relativo doble
2026-09-18,2026-09-18,2026-09-18,1.0,XLK,MSFT,0.0262496207898315,0.0354997257418179,0.0012869590529585,0.0249305771049723,-0.0089329863852545,Fortaleza sectorial
2026-09-18,2026-09-18,2026-09-18,1.0,XLK,AVGO,-0.0176359460738473,0.0354997257418179,0.0012869590529585,-0.0188985834237804,-0.0513140375557314,Debilidad relativa doble
2026-09-18,2026-09-18,2026-09-18,1.0,XLK,AMD,0.1924764996247545,0.0354997257418179,0.0012869590529585,0.1909438037149986,0.1515951863439466,Liderazgo relativo doble
2026-09-18,2026-09-18,2026-09-18,1.0,XLK,MU,0.0425625506509474,0.0354997257418179,0.0012869590529585,0.0412225398771082,0.0068206922064317,Liderazgo relativo doble
2026-09-18,2026-09-18,2026-09-18,1.0,XLK,INTC,0.1787691491556198,0.0354997257418179,0.0012869590529585,0.1772540713708368,0.1383577608493962,Liderazgo relativo doble
2026-09-18,2026-09-18,2026-09-18,1.0,XLK,CSCO,-0.0007299407275598,0.0354997257418179,0.0012869590529585,-0.0020143074493109,-0.0349876157074047,Debilidad relativa doble
2026-09-18,2026-09-18,2026-09-18,1.0,XLK,LRCX,-0.0721991869251542,0.0354997257418179,0.0012869590529585,-0.0733916938732706,-0.1040067032270994,Debilidad relativa doble
2026-09-18,2026-09-18,2026-09-18,1.0,XLK,PLTR,0.0211542454228239,0.0354997257418179,0.0012869590529585,0.0198417508489838,-0.0138536785306409,Fortaleza sectorial
2026-09-18,2026-09-18,2026-09-18,1.0,XLK,AMAT,-0.1040688116324122,0.0354997257418179,0.0012869590529585,-0.1052203563951524,-0.1347837511731305,Debilidad relativa doble
2026-09-18,2026-09-18,2026-09-18,1.0,XLK,ORCL,0.0389948124201187,0.0354997257418179,0.0012869590529585,0.0376593872777741,0.0033752656726171,Liderazgo relativo doble
2026-09-18,2026-09-18,2026-09-18,1.0,XLK,PANW,0.0401075326455848,0.0354997257418179,0.0012869590529585,0.0387706773184619,0.0044498388451681,Liderazgo relativo doble
2026-09-18,2026-09-18,2026-09-18,1.0,XLK,SNDK,0.1194536815453668,0.0354997257418179,0.0012869590529585,0.1180148422228262,0.0810757875801515,Liderazgo relativo doble
2026-09-18,2026-09-18,2026-09-18,1.0,XLK,KLAC,-0.0477240669754602,0.0354997257418179,0.0012869590529585,-0.0489480319156204,-0.0803706564554208,Debilidad relativa doble
2026-09-18,2026-09-18,2026-09-18,1.0,XLK,TXN,0.0039156947327649,0.0354997257418179,0.0012869590529585,0.0026253569529086,-0.0305012451707088,Fortaleza sectorial
2026-09-18,2026-09-18,2026-09-18,1.0,XLK,IBM,-0.0177157745149429,0.0354997257418179,0.0012869590529585,-0.0189783092609882,-0.0513911292623839,Debilidad relativa doble
2026-09-18,2026-09-18,2026-09-18,1.0,XLK,CRWD,0.2485552089357472,0.0354997257418179,0.0012869590529585,0.2469504347851099,0.2057513661254706,Liderazgo relativo doble
2026-09-18,2026-09-18,2026-09-18,1.0,XLK,CRM,0.1601936423427923,0.0354997257418179,0.0012869590529585,0.1587024397482732,0.1204190725513185,Liderazgo relativo doble
2026-09-18,2026-09-18,2026-09-18,1.0,XLK,STX,0.0100559699510391,0.0354997257418179,0.0012869590529585,0.008757740045246,-0.0245714751614745,Fortaleza sectorial
2026-09-18,2026-09-18,2026-09-18,1.0,XLP,WMT,0.0302919941876607,-0.0295358257393345,0.0012869590529585,0.0289677548203921,0.0616486641277347,Liderazgo relativo doble
2026-09-18,2026-09-18,2026-09-18,1.0,XLP,COST,-0.0409208383492557,-0.0295358257393345,0.0012869590529585,-0.0421535475126285,-0.0117315125193515,Debilidad relativa doble
2026-09-18,2026-09-18,2026-09-18,1.0,XLP,KO,-0.0190431299968605,-0.0295358257393345,0.0012869590529585,-0.0203039586863766,0.0108120382192034,Liderazgo interno en sector débil
2026-09-18,2026-09-18,2026-09-18,1.0,XLP,PG,0.0239210893176524,-0.0295358257393345,0.0012869590529585,0.0226050385057465,0.0550838624184271,Liderazgo relativo doble
2026-09-18,2026-09-18,2026-09-18,1.0,XLP,PM,-0.0151420691864011,-0.0295358257393345,0.0012869590529585,-0.016407911928563,0.014831826804837,Liderazgo interno en sector débil
2026-09-18,2026-09-18,2026-09-18,1.0,XLP,TGT,-0.0003791314919036,-0.0295358257393345,0.0012869590529585,-0.0016639491104907,0.0300440706836433,Liderazgo interno en sector débil
2026-09-18,2026-09-18,2026-09-18,1.0,XLP,CL,-0.0248605998150233,-0.0295358257393345,0.0012869590529585,-0.0261139512819709,0.0048175152141736,Liderazgo interno en sector débil
2026-09-18,2026-09-18,2026-09-18,1.0,XLP,MDLZ,-0.0512940590401427,-0.0295358257393345,0.0012869590529585,-0.0525134354519444,-0.0224204394947236,Debilidad relativa doble
2026-09-18,2026-09-18,2026-09-18,1.0,XLP,PEP,-0.0770263765021679,-0.0295358257393345,0.0012869590529585,-0.07821267903978,-0.0489359133726017,Debilidad relativa doble
2026-09-18,2026-09-18,2026-09-18,1.0,XLP,MO,0.0551286748358506,-0.0295358257393345,0.0012869590529585,0.0537725127607942,0.0872412427173683,Liderazgo relativo doble
2026-09-18,2026-09-18,2026-09-18,1.0,XLP,MNST,-0.058538692266559,-0.0295358257393345,0.0012869590529585,-0.0597487571156445,-0.0298855612566223,Debilidad relativa doble
2026-09-18,2026-09-18,2026-09-18,1.0,XLP,KDP,-0.0221099420819066,-0.0295358257393345,0.0012869590529585,-0.0233668289827668,0.007651888502824,Liderazgo interno en sector débil
2026-09-18,2026-09-18,2026-09-18,1.0,XLP,ADM,0.0425949019207212,-0.0295358257393345,0.0012869590529585,0.0412548495656357,0.0743260076705125,Liderazgo relativo doble
2026-09-18,2026-09-18,2026-09-18,1.0,XLP,SYY,-0.0482782882819992,-0.0295358257393345,0.0012869590529585,-0.0495015408787883,-0.0193128845348086,Debilidad relativa doble
2026-09-18,2026-09-18,2026-09-18,1.0,XLP,KVUE,-0.0591653893913129,-0.0295358257393345,0.0012869590529585,-0.0603746487435018,-0.0305313317460186,Debilidad relativa doble
2026-09-18,2026-09-18,2026-09-18,1.0,XLP,KMB,-0.0888372438623502,-0.0295358257393345,0.0012869590529585,-0.0900083658340565,-0.0611062414212185,Debilidad relativa doble
2026-09-18,2026-09-18,2026-09-18,1.0,XLP,KR,0.0653409148635697,-0.0295358257393345,0.0012869590529585,0.0639716269461803,0.0977642896247918,Liderazgo relativo doble
2026-09-18,2026-09-18,2026-09-18,1.0,XLP,DG,0.0151766611649144,-0.0295358257393345,0.0012869590529585,0.0138718496095195,0.0460732998601547,Liderazgo relativo doble
2026-09-18,2026-09-18,2026-09-18,1.0,XLP,CASY,-0.2787368394372664,-0.0295358257393345,0.0012869590529585,-0.2796638825248241,-0.2567853819928821,Debilidad relativa doble
2026-09-18,2026-09-18,2026-09-18,1.0,XLP,HSY,-0.0983484919152969,-0.0295358257393345,0.0012869590529585,-0.0995073890331029,-0.0709069618447134,Debilidad relativa doble
2026-09-18,2026-09-18,2026-09-18,1.0,XLRE,WELL,-0.0359309140631919,-0.0565661701016428,0.0012869590529585,-0.0371700368007908,0.0218724995696562,Liderazgo interno en sector débil
2026-09-18,2026-09-18,2026-09-18,1.0,XLRE,PLD,-0.0339027670547509,-0.0565661701016428,0.0012869590529585,-0.0351444965796745,0.0240222497102247,Liderazgo interno en sector débil
2026-09-18,2026-09-18,2026-09-18,1.0,XLRE,EQIX,-0.0565946733589356,-0.0565661701016428,0.0012869590529585,-0.0578072368650841,-3.021224847943316e-05,Debilidad relativa doble
2026-09-18,2026-09-18,2026-09-18,1.0,XLRE,AMT,-0.0099021481964288,-0.0565661701016428,0.0012869590529585,-0.0111747258348099,0.0494618916837457,Liderazgo interno en sector débil
2026-09-18,2026-09-18,2026-09-18,1.0,XLRE,DLR,-0.0562594464662358,-0.0565661701016428,0.0012869590529585,-0.0574724408411582,0.0003251140945836,Liderazgo interno en sector débil
2026-09-18,2026-09-18,2026-09-18,1.0,XLRE,VMRK,-0.0601780504402069,-0.0565661701016428,0.0012869590529585,-0.0613860082141692,-0.0038284405584154,Debilidad relativa doble
2026-09-18,2026-09-18,2026-09-18,1.0,XLRE,SPG,-0.056281213337216,-0.0565661701016428,0.0012869590529585,-0.057494179735072,0.000302042130986,Liderazgo interno en sector débil
2026-09-18,2026-09-18,2026-09-18,1.0,XLRE,VTR,-0.0646309650846539,-0.0565661701016428,0.0012869590529585,-0.0658331995055235,-0.0085483419477123,Debilidad relativa doble
2026-09-18,2026-09-18,2026-09-18,1.0,XLRE,PSA,-0.0724728418854081,-0.0565661701016428,0.0012869590529585,-0.0736649971034582,-0.0168604000404342,Debilidad relativa doble
2026-09-18,2026-09-18,2026-09-18,1.0,XLRE,O,-0.0991162190910044,-0.0565661701016428,0.0012869590529585,-0.1002741294452957,-0.04510125420661,Debilidad relativa doble
2026-09-18,2026-09-18,2026-09-18,1.0,XLRE,CBRE,-0.0809670849840903,-0.0565661701016428,0.0012869590529585,-0.0821483225097096,-0.0258639388467513,Debilidad relativa doble
2026-09-18,2026-09-18,2026-09-18,1.0,XLRE,IRM,-0.0627263676588835,-0.0565661701016428,0.0012869590529585,-0.0639310500681916,-0.0065295491448555,Debilidad relativa doble
2026-09-18,2026-09-18,2026-09-18,1.0,XLRE,CCI,-0.0168150648821029,-0.0565661701016428,0.0012869590529585,-0.0180787573146691,0.0421344920648252,Liderazgo interno en sector débil
2026-09-18,2026-09-18,2026-09-18,1.0,XLRE,EXR,-0.0607263523784642,-0.0565661701016428,0.0012869590529585,-0.0619336054172486,-0.0044096174474361,Debilidad relativa doble
2026-09-18,2026-09-18,2026-09-18,1.0,XLRE,VICI,-0.0902027799631607,-0.0565661701016428,0.0012869590529585,-0.0913721468046008,-0.035653385320242,Debilidad relativa doble
2026-09-18,2026-09-18,2026-09-18,1.0,XLRE,SBAC,-0.0108009140398698,-0.0565661701016428,0.0012869590529585,-0.012072336490092,0.0485092378621865,Liderazgo interno en sector débil
2026-09-18,2026-09-18,2026-09-18,1.0,XLRE,ESS,-0.0613812665065778,-0.0565661701016428,0.0012869590529585,-0.0625876777810123,-0.0051037987533834,Debilidad relativa doble
2026-09-18,2026-09-18,2026-09-18,1.0,XLRE,WY,-0.1301710199588438,-0.0565661701016428,0.0012869590529585,-0.1312890154248472,-0.0780180310739238,Debilidad relativa doble
2026-09-18,2026-09-18,2026-09-18,1.0,XLRE,KIM,-0.0564215877207249,-0.0565661701016428,0.0012869590529585,-0.0576343736946954,0.0001532512152266,Liderazgo interno en sector débil
2026-09-18,2026-09-18,2026-09-18,1.0,XLRE,INVH,-0.111001009565224,-0.0565661701016428,0.0012869590529585,-0.1121436443398676,-0.0576986299817612,Debilidad relativa doble
2026-09-18,2026-09-18,2026-09-18,1.0,XLU,NEE,-0.0465114933571798,-0.0610007300826744,0.0012869590529585,-0.0477370168241753,0.0154305090426432,Liderazgo interno en sector débil
2026-09-18,2026-09-18,2026-09-18,1.0,XLU,SO,-0.0646396548439561,-0.0610007300826744,0.0012869590529585,-0.0658418780958354,-0.0038753222476968,Debilidad relativa doble
2026-09-18,2026-09-18,2026-09-18,1.0,XLU,CEG,-0.0667228705039213,-0.0610007300826744,0.0012869590529585,-0.0679224161884672,-0.0060938710013593,Debilidad relativa doble
2026-09-18,2026-09-18,2026-09-18,1.0,XLU,DUK,-0.0420572463887076,-0.0610007300826744,0.0012869590529585,-0.0432884949212383,0.0201741197260298,Liderazgo interno en sector débil
2026-09-18,2026-09-18,2026-09-18,1.0,XLU,AEP,-0.0453460388753167,-0.0610007300826744,0.0012869590529585,-0.0465730603066896,0.0166716755900524,Liderazgo interno en sector débil
2026-09-18,2026-09-18,2026-09-18,1.0,XLU,D,-0.0481352272494937,-0.0610007300826744,0.0012869590529585,-0.0493586637233315,0.0137012916254062,Liderazgo interno en sector débil
2026-09-18,2026-09-18,2026-09-18,1.0,XLU,SRE,-0.0694666958757175,-0.0610007300826744,0.0012869590529585,-0.0706627149080185,-0.0090159450217554,Debilidad relativa doble
2026-09-18,2026-09-18,2026-09-18,1.0,XLU,ETR,-0.0496552485886259,-0.0610007300826744,0.0012869590529585,-0.0508767313715607,0.0120825242974336,Liderazgo interno en sector débil
2026-09-18,2026-09-18,2026-09-18,1.0,XLU,VST,0.0124513869090265,-0.0610007300826744,0.0012869590529585,0.0111500781620361,0.0782238275841984,Liderazgo relativo doble
2026-09-18,2026-09-18,2026-09-18,1.0,XLU,XEL,-0.0740339507315825,-0.0610007300826744,0.0012869590529585,-0.0752240994487548,-0.0138799049865668,Debilidad relativa doble
2026-09-18,2026-09-18,2026-09-18,1.0,XLU,EXC,-0.0574661659828671,-0.0610007300826744,0.0012869590529585,-0.0586776093552598,0.0037641819467213,Liderazgo interno en sector débil
2026-09-18,2026-09-18,2026-09-18,1.0,XLU,ED,-0.0265903177761586,-0.0610007300826744,0.0012869590529585,-0.0278414460281037,0.0366458349957454,Liderazgo interno en sector débil
2026-09-18,2026-09-18,2026-09-18,1.0,XLU,PEG,-0.0564809785061891,-0.0610007300826744,0.0012869590529585,-0.057693688144891,0.0048133707035611,Liderazgo interno en sector débil
2026-09-18,2026-09-18,2026-09-18,1.0,XLU,WEC,-0.0492120897811887,-0.0610007300826744,0.0012869590529585,-0.0504341421583184,0.0125544722761326,Liderazgo interno en sector débil
2026-09-18,2026-09-18,2026-09-18,1.0,XLU,PCG,-0.265033380726772,-0.0610007300826744,0.0012869590529585,-0.2659780369372061,-0.2172873368283467,Debilidad relativa doble
2026-09-18,2026-09-18,2026-09-18,1.0,XLU,AEE,-0.0536332083398987,-0.0610007300826744,0.0012869590529585,-0.054849578231601,0.0078461421417552,Liderazgo interno en sector débil
2026-09-18,2026-09-18,2026-09-18,1.0,XLU,DTE,-0.0697067683639507,-0.0610007300826744,0.0012869590529585,-0.0709024788299018,-0.0092716134721199,Debilidad relativa doble
2026-09-18,2026-09-18,2026-09-18,1.0,XLU,ATO,-0.054266115159214,-0.0610007300826744,0.0012869590529585,-0.0554816715726689,0.0071721194459004,Liderazgo interno en sector débil
2026-09-18,2026-09-18,2026-09-18,1.0,XLU,AWK,-0.0095475020281476,-0.0610007300826744,0.0012869590529585,-0.010820535494993,0.0547958126304581,Liderazgo interno en sector débil
2026-09-18,2026-09-18,2026-09-18,1.0,XLU,ES,-0.0613998643310744,-0.0610007300826744,0.0012869590529585,-0.0626062517016338,-0.0004250634278289,Debilidad relativa doble
2026-09-18,2026-09-18,2026-09-18,1.0,XLV,LLY,-0.0735052787757654,-0.0232032021240333,0.0012869590529585,-0.0746961069976025,-0.051496971285239,Debilidad relativa doble
2026-09-18,2026-09-18,2026-09-18,1.0,XLV,JNJ,0.0147793410622374,-0.0232032021240333,0.0012869590529585,0.0134750401843246,0.0388847949428821,Liderazgo relativo doble
2026-09-18,2026-09-18,2026-09-18,1.0,XLV,ABBV,0.0081350685255625,-0.0232032021240333,0.0012869590529585,0.0068393075638188,0.0320826918328771,Liderazgo relativo doble
2026-09-18,2026-09-18,2026-09-18,1.0,XLV,MRK,-0.0084103995596539,-0.0232032021240333,0.0012869590529585,-0.0096848945498945,0.015144196414798,Liderazgo interno en sector débil
2026-09-18,2026-09-18,2026-09-18,1.0,XLV,UNH,-0.0146270166212579,-0.0232032021240333,0.0012869590529585,-0.0158935213630149,0.0087799074704424,Liderazgo interno en sector débil
2026-09-18,2026-09-18,2026-09-18,1.0,XLV,TMO,0.0388803516170679,-0.0232032021240333,0.0012869590529585,0.0375450735917566,0.0635583100559924,Liderazgo relativo doble
2026-09-18,2026-09-18,2026-09-18,1.0,XLV,AMGN,-0.1056561732367465,-0.0232032021240333,0.0012869590529585,-0.1068056777558098,-0.0844115903041515,Debilidad relativa doble
2026-09-18,2026-09-18,2026-09-18,1.0,XLV,ABT,-0.1010162856225015,-0.0232032021240333,0.0012869590529585,-0.1021717538119351,-0.079661485037289,Debilidad relativa doble
2026-09-18,2026-09-18,2026-09-18,1.0,XLV,GILD,0.0523943779495466,-0.0232032021240333,0.0012869590529585,0.0510417302797259,0.0773933537025981,Liderazgo relativo doble
2026-09-18,2026-09-18,2026-09-18,1.0,XLV,PFE,-0.0046779799867727,-0.0232032021240333,0.0012869590529585,-0.005957272274247,0.0189652772997859,Liderazgo interno en sector débil
2026-09-18,2026-09-18,2026-09-18,1.0,XLV,VRTX,-0.0590826876888072,-0.0232032021240333,0.0012869590529585,-0.060292053337901,-0.036731780491903,Debilidad relativa doble
2026-09-18,2026-09-18,2026-09-18,1.0,XLV,BMY,-0.0368107499996503,-0.0232032021240333,0.0012869590529585,-0.038048741879793,-0.0139307867359992,Debilidad relativa doble
2026-09-18,2026-09-18,2026-09-18,1.0,XLV,DHR,-0.0189894216755791,-0.0232032021240333,0.0012869590529585,-0.0202503193966647,0.0043138761896199,Liderazgo interno en sector débil
2026-09-18,2026-09-18,2026-09-18,1.0,XLV,ISRG,0.050336399895656,-0.0232032021240333,0.0012869590529585,0.0489863973551496,0.0752864896563958,Liderazgo relativo doble
2026-09-18,2026-09-18,2026-09-18,1.0,XLV,CVS,-0.0513615067764745,-0.0232032021240333,0.0012869590529585,-0.052580796497369,-0.0288271877156754,Debilidad relativa doble
2026-09-18,2026-09-18,2026-09-18,1.0,XLV,MDT,-0.0018418829113636,-0.0232032021240333,0.0012869590529585,-0.0031248204483572,0.0218687441022735,Liderazgo interno en sector débil
2026-09-18,2026-09-18,2026-09-18,1.0,XLV,MCK,0.0439101394355414,-0.0232032021240333,0.0012869590529585,0.0425683965992096,0.0687075773646186,Liderazgo relativo doble
2026-09-18,2026-09-18,2026-09-18,1.0,XLV,SYK,-0.1604516787647394,-0.0232032021240333,0.0012869590529585,-0.1615307543510545,-0.1405087290817817,Debilidad relativa doble
2026-09-18,2026-09-18,2026-09-18,1.0,XLV,ELV,0.0415328914852854,-0.0232032021240333,0.0012869590529585,0.0401942041374359,0.066273859363674,Liderazgo relativo doble
2026-09-18,2026-09-18,2026-09-18,1.0,XLV,REGN,-0.0505540964893562,-0.0232032021240333,0.0012869590529585,-0.0517744239786637,-0.0280005978979426,Debilidad relativa doble
2026-09-18,2026-09-18,2026-09-18,1.0,XLY,AMZN,-0.0246048940760392,-0.0484230503179753,0.0012869590529585,-0.0258585742028308,0.0250301946152595,Liderazgo interno en sector débil
2026-09-18,2026-09-18,2026-09-18,1.0,XLY,TSLA,0.0554573171270873,-0.0484230503179753,0.0012869590529585,0.0541007326464777,0.1091665445235667,Liderazgo relativo doble
2026-09-18,2026-09-18,2026-09-18,1.0,XLY,HD,-0.0965630085985904,-0.0484230503179753,0.0012869590529585,-0.0977242006068848,-0.0505896641324712,Debilidad relativa doble
2026-09-18,2026-09-18,2026-09-18,1.0,XLY,MCD,-0.0710643078697912,-0.0484230503179753,0.0012869590529585,-0.0722582734835389,-0.0237934068909315,Debilidad relativa doble
2026-09-18,2026-09-18,2026-09-18,1.0,XLY,BKNG,-0.19804884561898,-0.0484230503179753,0.0012869590529585,-0.1990795973818286,-0.1572398273739219,Debilidad relativa doble
2026-09-18,2026-09-18,2026-09-18,1.0,XLY,TJX,-0.0956002867598093,-0.0484230503179753,0.0012869590529585,-0.0967627161592179,-0.0495779521115959,Debilidad relativa doble
2026-09-18,2026-09-18,2026-09-18,1.0,XLY,SBUX,-0.0784690470270489,-0.0484230503179753,0.0012869590529585,-0.0796534952931401,-0.0315749522086612,Debilidad relativa doble
2026-09-18,2026-09-18,2026-09-18,1.0,XLY,LOW,-0.1143369433304544,-0.0484230503179753,0.0012869590529585,-0.1154752904130228,-0.0692680639589942,Debilidad relativa doble
2026-09-18,2026-09-18,2026-09-18,1.0,XLY,GM,-0.0438770776965161,-0.0484230503179753,0.0012869590529585,-0.0451059871909167,0.0047773042663319,Liderazgo interno en sector débil
2026-09-18,2026-09-18,2026-09-18,1.0,XLY,DASH,-0.1323079604613731,-0.0484230503179753,0.0012869590529585,-0.1334232093072389,-0.0881535751485242,Debilidad relativa doble
2026-09-18,2026-09-18,2026-09-18,1.0,XLY,ROST,-0.0084808922549199,-0.0484230503179753,0.0012869590529585,-0.0097552966405526,0.0419747011278512,Liderazgo interno en sector débil
2026-09-18,2026-09-18,2026-09-18,1.0,XLY,ABNB,-0.1015135069151182,-0.0484230503179753,0.0012869590529585,-0.102668336023579,-0.0557920792584177,Debilidad relativa doble
2026-09-18,2026-09-18,2026-09-18,1.0,XLY,MAR,-0.0495793392405299,-0.0484230503179753,0.0012869590529585,-0.0508009195901233,-0.001215129184183,Debilidad relativa doble
2026-09-18,2026-09-18,2026-09-18,1.0,XLY,ORLY,-0.0490570572154903,-0.0484230503179753,0.0012869590529585,-0.0502793088567391,-0.0006662697091673,Debilidad relativa doble
2026-09-18,2026-09-18,2026-09-18,1.0,XLY,HLT,-0.072026895781625,-0.0484230503179753,0.0012869590529585,-0.0732196241763954,-0.0248049781696971,Debilidad relativa doble
2026-09-18,2026-09-18,2026-09-18,1.0,XLY,RCL,-0.140286797273194,-0.0484230503179753,0.0012869590529585,-0.1413917908808644,-0.0965384323211229,Debilidad relativa doble
2026-09-18,2026-09-18,2026-09-18,1.0,XLY,F,-0.0557540919036662,-0.0484230503179753,0.0012869590529585,-0.0569677358132932,-0.0077040974859055,Debilidad relativa doble
2026-09-18,2026-09-18,2026-09-18,1.0,XLY,CVNA,-0.0896252283778074,-0.0484230503179753,0.0012869590529585,-0.0907953375491406,-0.0432988399662266,Debilidad relativa doble
2026-09-18,2026-09-18,2026-09-18,1.0,XLY,AZO,-0.0360163039012105,-0.0484230503179753,0.0012869590529585,-0.0372553168868307,0.0130380905305771,Liderazgo interno en sector débil
2026-09-18,2026-09-18,2026-09-18,1.0,XLY,CMG,-0.0527061649786803,-0.0484230503179753,0.0012869590529585,-0.0539237264037741,-0.0045010702099669,Debilidad relativa doble
2026-09-23,2026-09-23,2026-09-23,1.0,XLB,LIN,-0.0382897488765259,-0.0572716451806386,0.0081819520205115,-0.0460945574396594,0.0201350645783322,Liderazgo interno en sector débil
2026-09-23,2026-09-23,2026-09-23,1.0,XLB,NEM,-0.0609284024236176,-0.0572716451806386,0.0081819520205115,-0.0685494858399559,-0.0038789087272967,Debilidad relativa doble
2026-09-23,2026-09-23,2026-09-23,1.0,XLB,FCX,-0.0670951287396535,-0.0572716451806386,0.0081819520205115,-0.0746661657742445,-0.0104202695387232,Debilidad relativa doble
2026-09-23,2026-09-23,2026-09-23,1.0,XLB,CTVA,-0.0267912819756206,-0.0572716451806386,0.0081819520205115,-0.0346894069329865,0.0323320742918127,Liderazgo interno en sector débil
2026-09-23,2026-09-23,2026-09-23,1.0,XLB,ECL,-0.0331900143354538,-0.0572716451806386,0.0081819520205115,-0.0410362100541983,0.0255446128485221,Liderazgo interno en sector débil
2026-09-23,2026-09-23,2026-09-23,1.0,XLB,APD,-0.0629244697889519,-0.0572716451806386,0.0081819520205115,-0.0705293540188436,-0.0059962390856446,Debilidad relativa doble
2026-09-23,2026-09-23,2026-09-23,1.0,XLB,SHW,-0.0584605280448287,-0.0572716451806386,0.0081819520205115,-0.0661016396214801,-0.0012611086301926,Debilidad relativa doble
2026-09-23,2026-09-23,2026-09-23,1.0,XLB,NUE,0.00956506026704,-0.0572716451806386,0.0081819520205115,0.0013718835610543,0.0708970989426593,Liderazgo relativo doble
2026-09-23,2026-09-23,2026-09-23,1.0,XLB,VMC,-0.1143002401459323,-0.0572716451806386,0.0081819520205115,-0.1214881816927744,-0.0604931364096087,Debilidad relativa doble
2026-09-23,2026-09-23,2026-09-23,1.0,XLB,MLM,-0.0785286885391595,-0.0572716451806386,0.0081819520205115,-0.0860069359364081,-0.0225484289825926,Debilidad relativa doble
2026-09-23,2026-09-23,2026-09-23,1.0,XLB,CRH,-0.1102411259804257,-0.0572716451806386,0.0081819520205115,-0.1174620094751784,-0.0561874271936339,Debilidad relativa doble
2026-09-23,2026-09-23,2026-09-23,1.0,XLB,STLD,0.0218955333018888,-0.0572716451806386,0.0081819520205115,0.0136022880134818,0.0839766599549209,Liderazgo relativo doble
2026-09-23,2026-09-23,2026-09-23,1.0,XLB,PPG,-0.0532544928898667,-0.0572716451806386,0.0081819520205115,-0.0609378543101793,0.0042611981173958,Liderazgo interno en sector débil
2026-09-23,2026-09-23,2026-09-23,1.0,XLB,SW,-0.0451837545757369,-0.0572716451806386,0.0081819520205115,-0.0529326144842183,0.0128222414687186,Liderazgo interno en sector débil
2026-09-23,2026-09-23,2026-09-23,1.0,XLB,IFF,0.0035622580912577,-0.0572716451806386,0.0081819520205115,-0.0045822025676965,0.0645296208190884,Liderazgo interno en sector débil
2026-09-23,2026-09-23,2026-09-23,1.0,XLB,DOW,-0.0781655379743903,-0.0572716451806386,0.0081819520205115,-0.0856467325385578,-0.0221632166752374,Debilidad relativa doble
2026-09-23,2026-09-23,2026-09-23,1.0,XLB,CF,-0.0665429103836622,-0.0572716451806386,0.0081819520205115,-0.0741184289744689,-0.0098345033918069,Debilidad relativa doble
2026-09-23,2026-09-23,2026-09-23,1.0,XLB,PKG,-0.0254755205478759,-0.0572716451806386,0.0081819520205115,-0.0333843236341754,0.0337277694791042,Liderazgo interno en sector débil
2026-09-23,2026-09-23,2026-09-23,1.0,XLB,AMCR,-0.0938229646425996,-0.0572716451806386,0.0081819520205115,-0.1011770905625534,-0.0387718469218683,Debilidad relativa doble
2026-09-23,2026-09-23,2026-09-23,1.0,XLB,IP,-0.1301169598796846,-0.0572716451806386,0.0081819520205115,-0.13717654003132,-0.0772707369271862,Debilidad relativa doble
2026-09-23,2026-09-23,2026-09-23,1.0,XLC,META,0.3321297035477977,0.0054395478806017,0.0081819520205115,0.3213187370375536,0.3249227229581695,Liderazgo relativo doble
2026-09-23,2026-09-23,2026-09-23,1.0,XLC,GOOGL,-0.028767657632491,0.0054395478806017,0.0081819520205115,-0.036649743212474,-0.0340221404511084,Debilidad relativa doble
2026-09-23,2026-09-23,2026-09-23,1.0,XLC,GOOG,-0.0272570520955895,0.0054395478806017,0.0081819520205115,-0.0351513970718057,-0.0325197074703432,Debilidad relativa doble
2026-09-23,2026-09-23,2026-09-23,1.0,XLC,T,-0.0151810544526863,0.0054395478806017,0.0081819520205115,-0.0231734028033092,-0.020509042415086,Debilidad relativa doble
2026-09-23,2026-09-23,2026-09-23,1.0,XLC,VZ,-0.0723828705417295,0.0054395478806017,0.0081819520205115,-0.0799109946381999,-0.0774013898561835,Debilidad relativa doble
2026-09-23,2026-09-23,2026-09-23,1.0,XLC,CMCSA,-0.1654330549583228,0.0054395478806017,0.0081819520205115,-0.1722060255402212,-0.1699481616762662,Debilidad relativa doble
2026-09-23,2026-09-23,2026-09-23,1.0,XLC,DIS,-0.0646415467536826,0.0054395478806017,0.0081819520205115,-0.0722324959579444,-0.0697019475531975,Debilidad relativa doble
2026-09-23,2026-09-23,2026-09-23,1.0,XLC,TMUS,-0.0876348984571292,0.0054395478806017,0.0081819520205115,-0.0950392439436282,-0.0925709024813332,Debilidad relativa doble
2026-09-23,2026-09-23,2026-09-23,1.0,XLC,NFLX,-0.1081115022488167,0.0054395478806017,0.0081819520205115,-0.1153496688135141,-0.1129367254041044,Debilidad relativa doble
2026-09-23,2026-09-23,2026-09-23,1.0,XLC,WBD,0.0717769829679753,0.0054395478806017,0.0081819520205115,0.0630789222322538,0.0659785416509708,Liderazgo relativo doble
2026-09-23,2026-09-23,2026-09-23,1.0,XLC,OMC,-0.1424978238811837,0.0054395478806017,0.0081819520205115,-0.1494569264999395,-0.1471370129349172,Debilidad relativa doble
2026-09-23,2026-09-23,2026-09-23,1.0,XLC,LYV,-0.0842949123316048,0.0054395478806017,0.0081819520205115,-0.0917263636457508,-0.0892489860791339,Debilidad relativa doble
2026-09-23,2026-09-23,2026-09-23,1.0,XLC,TTWO,-0.1164025382260438,0.0054395478806017,0.0081819520205115,-0.1235734184656587,-0.1211829058877587,Debilidad relativa doble
2026-09-23,2026-09-23,2026-09-23,1.0,XLC,CHTR,-0.2241517082990654,0.0054395478806017,0.0081819520205115,-0.2304481446567792,-0.2283491400986065,Debilidad relativa doble
2026-09-23,2026-09-23,2026-09-23,1.0,XLC,FOXA,-0.0717731792770509,0.0054395478806017,0.0081819520205115,-0.079306251354057,-0.0767949970939694,Debilidad relativa doble
2026-09-23,2026-09-23,2026-09-23,1.0,XLC,ECHO,0.0867323201165906,0.0054395478806017,0.0081819520205115,0.0779128885799385,0.0808529686417731,Liderazgo relativo doble
2026-09-23,2026-09-23,2026-09-23,1.0,XLC,TKO,-0.0184353483921458,0.0054395478806017,0.0081819520205115,-0.0264012863544257,-0.0237457302361681,Debilidad relativa doble
2026-09-23,2026-09-23,2026-09-23,1.0,XLC,NWSA,-0.0827497413833383,0.0054395478806017,0.0081819520205115,-0.0901937326110752,-0.0877121746900021,Debilidad relativa doble
2026-09-23,2026-09-23,2026-09-23,1.0,XLC,FOX,-0.0706087234070231,0.0054395478806017,0.0081819520205115,-0.0781512456849968,-0.0756368410690921,Debilidad relativa doble
2026-09-23,2026-09-23,2026-09-23,1.0,XLC,APP,0.055795585473187,0.0054395478806017,0.0081819520205115,0.0472272225834358,0.0500836054228546,Liderazgo relativo doble
2026-09-23,2026-09-23,2026-09-23,1.0,XLE,XOM,-0.0171899254602819,-0.0058512775511256,0.0081819520205115,-0.0251659707158468,-0.0114053839763792,Debilidad relativa doble
2026-09-23,2026-09-23,2026-09-23,1.0,XLE,CVX,0.0119158905538558,-0.0058512775511256,0.0081819520205115,0.0037036355648512,0.0178717406196688,Liderazgo relativo doble
2026-09-23,2026-09-23,2026-09-23,1.0,XLE,COP,-0.039445140793933,-0.0058512775511256,0.0081819520205115,-0.0472405727150683,-0.0337915871983982,Debilidad relativa doble
2026-09-23,2026-09-23,2026-09-23,1.0,XLE,MPC,0.0713340413021068,-0.0058512775511256,0.0081819520205115,0.0626395752820523,0.0776396097588929,Liderazgo relativo doble
2026-09-23,2026-09-23,2026-09-23,1.0,XLE,PSX,0.060009934987445,-0.0058512775511256,0.0081819520205115,0.0514073703293975,0.0662488529647109,Liderazgo relativo doble
2026-09-23,2026-09-23,2026-09-23,1.0,XLE,VLO,0.0862427639823428,-0.0058512775511256,0.0081819520205115,0.077427305463452,0.0926360809543811,Liderazgo relativo doble
2026-09-23,2026-09-23,2026-09-23,1.0,XLE,SLB,-0.0344604936011587,-0.0058512775511256,0.0081819520205115,-0.0422963786806637,-0.0287776017853348,Debilidad relativa doble
2026-09-23,2026-09-23,2026-09-23,1.0,XLE,EOG,-0.0557220558009857,-0.0058512775511256,0.0081819520205115,-0.063385391588717,-0.0501643035128728,Debilidad relativa doble
2026-09-23,2026-09-23,2026-09-23,1.0,XLE,WMB,0.0092488280601998,-0.0058512775511256,0.0081819520205115,0.0010582177528075,0.0151889805522553,Liderazgo relativo doble
2026-09-23,2026-09-23,2026-09-23,1.0,XLE,BKR,-0.0638813162114414,-0.0058512775511256,0.0081819520205115,-0.0714784351054191,-0.0583715870170522,Debilidad relativa doble
2026-09-23,2026-09-23,2026-09-23,1.0,XLE,TRGP,-0.0382314946871663,-0.0058512775511256,0.0081819520205115,-0.046036776015143,-0.0325707979147011,Debilidad relativa doble
2026-09-23,2026-09-23,2026-09-23,1.0,XLE,KMI,0.0119355109430128,-0.0058512775511256,0.0081819520205115,0.0037230967237398,0.0178914764888744,Liderazgo relativo doble
2026-09-23,2026-09-23,2026-09-23,1.0,XLE,OKE,-0.026660888164243,-0.0058512775511256,0.0081819520205115,-0.0345600713392315,-0.0209320900819117,Debilidad relativa doble
2026-09-23,2026-09-23,2026-09-23,1.0,XLE,DVN,0.0025114933319132,-0.0058512775511256,0.0081819520205115,-0.0056244397920772,0.0084119917817115,Liderazgo interno en sector débil
2026-09-23,2026-09-23,2026-09-23,1.0,XLE,OXY,-0.041370753793583,-0.0058512775511256,0.0081819520205115,-0.0491505583042676,-0.035728533810276,Debilidad relativa doble
2026-09-23,2026-09-23,2026-09-23,1.0,XLE,FANG,-0.0970331304221207,-0.0058512775511256,0.0081819520205115,-0.1043612040780627,-0.0917185234080348,Debilidad relativa doble
2026-09-23,2026-09-23,2026-09-23,1.0,XLE,EQT,-0.0507529186795062,-0.0058512775511256,0.0081819520205115,-0.0584565817528329,-0.0451659194589868,Debilidad relativa doble
2026-09-23,2026-09-23,2026-09-23,1.0,XLE,HAL,-0.042356496063406,-0.0058512775511256,0.0081819520205115,-0.0501283007324548,-0.0367200778796531,Debilidad relativa doble
2026-09-23,2026-09-23,2026-09-23,1.0,XLE,EXE,-0.0964393308309109,-0.0058512775511256,0.0081819520205115,-0.1037722234977024,-0.0911212288807662,Debilidad relativa doble
2026-09-23,2026-09-23,2026-09-23,1.0,XLE,TPL,-0.0995341473068842,-0.0058512775511256,0.0081819520205115,-0.1068419238328165,-0.0942342605691739,Debilidad relativa doble
2026-09-23,2026-09-23,2026-09-23,1.0,XLF,JPM,-0.0537161219293125,-0.0613440684824008,0.004970128023896,-0.0583960142861212,0.0081264564543428,Liderazgo interno en sector débil
2026-09-23,2026-09-23,2026-09-23,1.0,XLF,V,-0.0546272703338993,-0.059893083994161,0.0081819520205115,-0.062299490908892,0.005601292332402,Liderazgo interno en sector débil
2026-09-23,2026-09-23,2026-09-23,1.0,XLF,MA,-0.0665822082098015,-0.059893083994161,0.0081819520205115,-0.0741574078770971,-0.007115280296054,Debilidad relativa doble
2026-09-23,2026-09-23,2026-09-23,1.0,XLF,BAC,-0.0984187697584687,-0.0613440684824008,0.004970128023896,-0.1028775830239467,-0.0394976476802595,Debilidad relativa doble
2026-09-23,2026-09-23,2026-09-23,1.0,XLF,GS,-0.0919965027713619,-0.059893083994161,0.0081819520205115,-0.0993654514357298,-0.0341486890805955,Debilidad relativa doble
2026-09-23,2026-09-23,2026-09-23,1.0,XLF,WFC,-0.0332861148983918,-0.059893083994161,0.0081819520205115,-0.0411315307081193,0.0283020671827542,Liderazgo interno en sector débil
2026-09-23,2026-09-23,2026-09-23,1.0,XLF,MS,-0.0732903695217095,-0.059893083994161,0.0081819520205115,-0.080811128763951,-0.0142508105189445,Debilidad relativa doble
2026-09-23,2026-09-23,2026-09-23,1.0,XLF,C,0.0015942260334955,-0.059893083994161,0.0081819520205115,-0.0065342629609798,0.0654045927976927,Liderazgo interno en sector débil
2026-09-23,2026-09-23,2026-09-23,1.0,XLF,SCHW,-0.1137436271924486,-0.0613440684824008,0.004970128023896,-0.1181266506396317,-0.0558240319488839,Debilidad relativa doble
2026-09-23,2026-09-23,2026-09-23,1.0,XLF,AXP,-0.1048528044500136,-0.059893083994161,0.0081819520205115,-0.1121174171427991,-0.0478240503185207,Debilidad relativa doble
2026-09-23,2026-09-23,2026-09-23,1.0,XLF,BLK,-0.0906317019107298,-0.059893083994161,0.0081819520205115,-0.0980117266860486,-0.0326969383941623,Debilidad relativa doble
2026-09-23,2026-09-23,2026-09-23,1.0,XLF,COF,-0.0932630405071559,-0.059893083994161,0.0081819520205115,-0.1006217105199712,-0.0354959164163702,Debilidad relativa doble
2026-09-23,2026-09-23,2026-09-23,1.0,XLF,SPGI,-0.0643225427581575,-0.059893083994161,0.0081819520205115,-0.0719160808556053,-0.0047116542688735,Debilidad relativa doble
2026-09-23,2026-09-23,2026-09-23,1.0,XLF,PGR,-0.0928456299398813,-0.059893083994161,0.0081819520205115,-0.1002076874694315,-0.0350519131225236,Debilidad relativa doble
2026-09-23,2026-09-23,2026-09-23,1.0,XLF,CB,-0.0277806027547995,-0.059893083994161,0.0081819520205115,-0.0356706988289544,0.0341583289013502,Liderazgo interno en sector débil
2026-09-23,2026-09-23,2026-09-23,1.0,XLF,BNY,-0.0778956761462701,-0.059893083994161,0.0081819520205115,-0.085379060787859,-0.0191495157046555,Debilidad relativa doble
2026-09-23,2026-09-23,2026-09-23,1.0,XLF,CME,-0.0254282736676946,-0.059893083994161,0.0081819520205115,-0.0333374601884585,0.0366605220530602,Liderazgo interno en sector débil
2026-09-23,2026-09-23,2026-09-23,1.0,XLF,BX,-0.1696602816077308,-0.059893083994161,0.0081819520205115,-0.1763989459162864,-0.1167603341117086,Debilidad relativa doble
2026-09-23,2026-09-23,2026-09-23,1.0,XLF,PNC,-0.0806385197270951,-0.059893083994161,0.0081819520205115,-0.0880996446817961,-0.0220671025600722,Debilidad relativa doble
2026-09-23,2026-09-23,2026-09-23,1.0,XLF,TRV,-0.0240933478083985,-0.059893083994161,0.0081819520205115,-0.0320133679880171,0.0380804944376562,Liderazgo interno en sector débil
2026-09-23,2026-09-23,2026-09-23,1.0,XLI,CAT,0.0012330151857138,-0.0471666310526091,0.0081819520205115,-0.0068925423837148,0.0507954987888288,Liderazgo interno en sector débil
2026-09-23,2026-09-23,2026-09-23,1.0,XLI,GE,-0.064474633691303,-0.0471666310526091,0.0081819520205115,-0.0720669374870304,-0.018164773823795,Debilidad relativa doble
2026-09-23,2026-09-23,2026-09-23,1.0,XLI,RTX,-0.0813975656243887,-0.0471666310526091,0.0081819520205115,-0.0888525305034202,-0.0359254153846385,Debilidad relativa doble
2026-09-23,2026-09-23,2026-09-23,1.0,XLI,GEV,0.0103174100309639,-0.0471666310526091,0.0081819520205115,0.0021181275921204,0.0603295843291851,Liderazgo relativo doble
2026-09-23,2026-09-23,2026-09-23,1.0,XLI,UNP,-0.1066654423830943,-0.0471666310526091,0.0081819520205115,-0.1139153445203404,-0.0624440886198334,Debilidad relativa doble
2026-09-23,2026-09-23,2026-09-23,1.0,XLI,DE,0.0937961958040589,-0.0471666310526091,0.0081819520205115,0.0849194370242065,0.147940690839146,Liderazgo relativo doble
2026-09-23,2026-09-23,2026-09-23,1.0,XLI,BA,-0.0500333255828605,-0.0471666310526091,0.0081819520205115,-0.057742828550642,-0.0030086000592299,Debilidad relativa doble
2026-09-23,2026-09-23,2026-09-23,1.0,XLI,ETN,0.0736290781051187,-0.0471666310526091,0.0081819520205115,0.0649159865969071,0.1267752716208634,Liderazgo relativo doble
2026-09-23,2026-09-23,2026-09-23,1.0,XLI,UBER,-0.1244797910533154,-0.0471666310526091,0.0081819520205115,-0.1315851199358981,-0.0811402733366856,Debilidad relativa doble
2026-09-23,2026-09-23,2026-09-23,1.0,XLI,PH,-0.0404972121466913,-0.0471666310526091,0.0081819520205115,-0.0482841059291373,0.0069995647961884,Liderazgo interno en sector débil
2026-09-23,2026-09-23,2026-09-23,1.0,XLI,VRT,-0.0240381993627413,-0.0471666310526091,0.0081819520205115,-0.0319586671023817,0.0242733225384603,Liderazgo interno en sector débil
2026-09-23,2026-09-23,2026-09-23,1.0,XLI,LMT,-0.0641946072153739,-0.0471666310526091,0.0081819520205115,-0.0717891835802402,-0.0178708856319503,Debilidad relativa doble
2026-09-23,2026-09-23,2026-09-23,1.0,XLI,ADP,-0.0623387698285098,-0.0471666310526091,0.0081819520205115,-0.0699484073362847,-0.0159231816079884,Debilidad relativa doble
2026-09-23,2026-09-23,2026-09-23,1.0,XLI,TT,-0.0327549000897242,-0.0471666310526091,0.0081819520205115,-0.0406046270003085,0.0151251325074872,Liderazgo interno en sector débil
2026-09-23,2026-09-23,2026-09-23,1.0,XLI,PWR,0.0293783752010325,-0.0471666310526091,0.0081819520205115,0.0210244025277788,0.0803340948671875,Liderazgo relativo doble
2026-09-23,2026-09-23,2026-09-23,1.0,XLI,HWM,-0.1310722345916024,-0.0471666310526091,0.0081819520205115,-0.1381240621626213,-0.0880590523731186,Debilidad relativa doble
2026-09-23,2026-09-23,2026-09-23,1.0,XLI,CSX,-0.0801091057380677,-0.0471666310526091,0.0081819520205115,-0.0875745271789818,-0.0345731748688132,Debilidad relativa doble
2026-09-23,2026-09-23,2026-09-23,1.0,XLI,GD,-0.1053756249813624,-0.0471666310526091,0.0081819520205115,-0.1126359946974766,-0.0610904233896192,Debilidad relativa doble
2026-09-23,2026-09-23,2026-09-23,1.0,XLI,JCI,0.0232075893079286,-0.0471666310526091,0.0081819520205115,0.0149036959621267,0.0738578461397518,Liderazgo relativo doble
2026-09-23,2026-09-23,2026-09-23,1.0,XLI,MMM,-0.0486564533956539,-0.0471666310526091,0.0081819520205115,-0.0563771304398524,-0.0015635707056425,Debilidad relativa doble
2026-09-23,2026-09-23,2026-09-23,1.0,XLK,NVDA,0.0828968364865689,0.0861868947428572,0.0081819520205115,0.074108532012818,-0.0030289982987385,Fortaleza sectorial
2026-09-23,2026-09-23,2026-09-23,1.0,XLK,AAPL,0.0859702036173666,0.0861868947428572,0.0081819520205115,0.0771569570760104,-0.0001994970907303,Fortaleza sectorial
2026-09-23,2026-09-23,2026-09-23,1.0,XLK,MSFT,0.0272516444272212,0.0861868947428572,0.0081819520205115,0.0189149313459657,-0.0542588486391084,Fortaleza sectorial
2026-09-23,2026-09-23,2026-09-23,1.0,XLK,AVGO,-0.0087066491229266,0.0861868947428572,0.0081819520205115,-0.0167515408400155,-0.0873639189766222,Debilidad relativa doble
2026-09-23,2026-09-23,2026-09-23,1.0,XLK,AMD,0.3456157314757799,0.0861868947428572,0.0081819520205115,0.3346953184184786,0.238843644669769,Liderazgo relativo doble
2026-09-23,2026-09-23,2026-09-23,1.0,XLK,MU,0.1773338021658588,0.0861868947428572,0.0081819520205115,0.1677790896835116,0.0839145711149274,Liderazgo relativo doble
2026-09-23,2026-09-23,2026-09-23,1.0,XLK,INTC,0.4049965101160295,0.0861868947428572,0.0081819520205115,0.3935941893229258,0.2935126697957877,Liderazgo relativo doble
2026-09-23,2026-09-23,2026-09-23,1.0,XLK,CSCO,-0.0344734004901832,0.0861868947428572,0.0081819520205115,-0.0423091808231723,-0.1110861269060012,Debilidad relativa doble
2026-09-23,2026-09-23,2026-09-23,1.0,XLK,LRCX,-0.0082650562181216,0.0861868947428572,0.0081819520205115,-0.0163135317049383,-0.0869573656413331,Debilidad relativa doble
2026-09-23,2026-09-23,2026-09-23,1.0,XLK,PLTR,0.0903973730835099,0.0861868947428572,0.0081819520205115,0.0815481976226903,0.0038763847741409,Liderazgo relativo doble
2026-09-23,2026-09-23,2026-09-23,1.0,XLK,AMAT,-0.0202606363393075,0.0861868947428572,0.0081819520205115,-0.0282117610842138,-0.0980011189578613,Debilidad relativa doble
2026-09-23,2026-09-23,2026-09-23,1.0,XLK,ORCL,0.0148122194142146,0.0861868947428572,0.0081819520205115,0.0065764591207124,-0.0657112285869917,Fortaleza sectorial
2026-09-23,2026-09-23,2026-09-23,1.0,XLK,PANW,0.1208321306183675,0.0861868947428572,0.0081819520205115,0.1117359603314582,0.031896201328881,Liderazgo relativo doble
2026-09-23,2026-09-23,2026-09-23,1.0,XLK,SNDK,0.2166268968533162,0.0861868947428572,0.0081819520205115,0.2067532992581917,0.1200898323684334,Liderazgo relativo doble
2026-09-23,2026-09-23,2026-09-23,1.0,XLK,KLAC,0.0346422483472237,0.0861868947428572,0.0081819520205115,0.0262455564431427,-0.04745467529125,Fortaleza sectorial
2026-09-23,2026-09-23,2026-09-23,1.0,XLK,TXN,0.0528307428238199,0.0861868947428572,0.0081819520205115,0.0442864412657131,-0.0307094037687998,Fortaleza sectorial
2026-09-23,2026-09-23,2026-09-23,1.0,XLK,IBM,0.0074446038377995,0.0861868947428572,0.0081819520205115,-0.0007313641959512,-0.0724942376732497,Debilidad relativa doble
2026-09-23,2026-09-23,2026-09-23,1.0,XLK,CRWD,0.376599540155712,0.0861868947428572,0.0081819520205115,0.365427676419767,0.2673689461900632,Liderazgo relativo doble
2026-09-23,2026-09-23,2026-09-23,1.0,XLK,CRM,0.1384194292637326,0.0861868947428572,0.0081819520205115,0.1291805283582099,0.0480879807827554,Liderazgo relativo doble
2026-09-23,2026-09-23,2026-09-23,1.0,XLK,STX,0.1625998325901687,0.0861868947428572,0.0081819520205115,0.1531646943889306,0.0703497144157694,Liderazgo relativo doble
2026-09-23,2026-09-23,2026-09-23,1.0,XLP,WMT,0.0379378438968103,-0.0512049594664396,0.0081819520205115,0.0295144064190642,0.0939536986967386,Liderazgo relativo doble
2026-09-23,2026-09-23,2026-09-23,1.0,XLP,COST,-0.0686637950696613,-0.0512049594664396,0.0081819520205115,-0.0762221015126934,-0.0184010611958971,Debilidad relativa doble
2026-09-23,2026-09-23,2026-09-23,1.0,XLP,KO,-0.0366817645425516,-0.0512049594664396,0.0081819520205115,-0.0444996227845094,0.0153069886576564,Liderazgo interno en sector débil
2026-09-23,2026-09-23,2026-09-23,1.0,XLP,PG,0.0053887670753232,-0.0512049594664396,0.0081819520205115,-0.0027705167103918,0.0596479999620751,Liderazgo interno en sector débil
2026-09-23,2026-09-23,2026-09-23,1.0,XLP,PM,-0.0032383283935801,-0.0512049594664396,0.0081819520205115,-0.0113275985462784,0.0505553138704066,Liderazgo interno en sector débil
2026-09-23,2026-09-23,2026-09-23,1.0,XLP,TGT,-0.0802284121006535,-0.0512049594664396,0.0081819520205115,-0.0876928653047008,-0.0305898022168121,Debilidad relativa doble
2026-09-23,2026-09-23,2026-09-23,1.0,XLP,CL,-0.0715289306136472,-0.0512049594664396,0.0081819520205115,-0.0790639849031309,-0.0214208235487596,Debilidad relativa doble
2026-09-23,2026-09-23,2026-09-23,1.0,XLP,MDLZ,-0.0503863751978395,-0.0512049594664396,0.0081819520205115,-0.0580930129734751,0.0008627619597798,Liderazgo interno en sector débil
2026-09-23,2026-09-23,2026-09-23,1.0,XLP,PEP,-0.0905462057446855,-0.0512049594664396,0.0081819520205115,-0.0979269243684977,-0.0414644307753991,Debilidad relativa doble
2026-09-23,2026-09-23,2026-09-23,1.0,XLP,MO,0.0230934338002721,-0.0512049594664396,0.0081819520205115,0.0147904668893112,0.0783081593943932,Liderazgo relativo doble
2026-09-23,2026-09-23,2026-09-23,1.0,XLP,MNST,-0.1024120709128231,-0.0512049594664396,0.0081819520205115,-0.1096964915030382,-0.0539706778163456,Debilidad relativa doble
2026-09-23,2026-09-23,2026-09-23,1.0,XLP,KDP,-0.0230697671908091,-0.0512049594664396,0.0081819520205115,-0.0309980942911035,0.0296536038592787,Liderazgo interno en sector débil
2026-09-23,2026-09-23,2026-09-23,1.0,XLP,ADM,0.0510491002664039,-0.0512049594664396,0.0081819520205115,0.0425192577192854,0.1077725487217349,Liderazgo relativo doble
2026-09-23,2026-09-23,2026-09-23,1.0,XLP,SYY,-0.0801335698997552,-0.0512049594664396,0.0081819520205115,-0.0875987928005183,-0.0304898415331592,Debilidad relativa doble
2026-09-23,2026-09-23,2026-09-23,1.0,XLP,KVUE,-0.0797305916745547,-0.0512049594664396,0.0081819520205115,-0.0871990849656448,-0.0300651152140019,Debilidad relativa doble
2026-09-23,2026-09-23,2026-09-23,1.0,XLP,KMB,-0.1122173383686894,-0.0512049594664396,0.0081819520205115,-0.119422183811074,-0.0643051199634634,Debilidad relativa doble
2026-09-23,2026-09-23,2026-09-23,1.0,XLP,KR,-0.0243737711031912,-0.0512049594664396,0.0081819520205115,-0.0322915154932672,0.028279224929506,Liderazgo interno en sector débil
2026-09-23,2026-09-23,2026-09-23,1.0,XLP,DG,-0.0377403916686258,-0.0512049594664396,0.0081819520205115,-0.0455496585681818,0.0141912291091255,Liderazgo interno en sector débil
2026-09-23,2026-09-23,2026-09-23,1.0,XLP,CASY,-0.3007457391108507,-0.0512049594664396,0.0081819520205115,-0.3064205727073728,-0.2630080986764858,Debilidad relativa doble
2026-09-23,2026-09-23,2026-09-23,1.0,XLP,HSY,-0.1131410193584335,-0.0512049594664396,0.0081819520205115,-0.1203383686206641,-0.0652786505472918,Debilidad relativa doble
2026-09-23,2026-09-23,2026-09-23,1.0,XLRE,WELL,-0.0422482380806005,-0.0692217281352365,0.0081819520205115,-0.0500209213228268,0.0289795012088067,Liderazgo interno en sector débil
2026-09-23,2026-09-23,2026-09-23,1.0,XLRE,PLD,-0.0581502343841776,-0.0692217281352365,0.0081819520205115,-0.0657938641648483,0.0118948777444898,Liderazgo interno en sector débil
2026-09-23,2026-09-23,2026-09-23,1.0,XLRE,EQIX,-0.0166223633470681,-0.0692217281352365,0.0081819520205115,-0.0246030146818925,0.0565111653098524,Liderazgo interno en sector débil
2026-09-23,2026-09-23,2026-09-23,1.0,XLRE,AMT,-0.0426593454587631,-0.0692217281352365,0.0081819520205115,-0.0504286923381072,0.0285378198862089,Liderazgo interno en sector débil
2026-09-23,2026-09-23,2026-09-23,1.0,XLRE,DLR,-0.0310570023985836,-0.0692217281352365,0.0081819520205115,-0.0389205086844253,0.0410030260592482,Liderazgo interno en sector débil
2026-09-23,2026-09-23,2026-09-23,1.0,XLRE,VMRK,-0.1005283025459157,-0.0692217281352365,0.0081819520205115,-0.1078280109543317,-0.0336348358755282,Debilidad relativa doble
2026-09-23,2026-09-23,2026-09-23,1.0,XLRE,SPG,-0.0651415937204665,-0.0692217281352365,0.0081819520205115,-0.0727284847680811,0.0043835729067842,Liderazgo interno en sector débil
2026-09-23,2026-09-23,2026-09-23,1.0,XLRE,VTR,-0.0730715924024388,-0.0692217281352365,0.0081819520205115,-0.0805941271415433,-0.0041361776306717,Debilidad relativa doble
2026-09-23,2026-09-23,2026-09-23,1.0,XLRE,PSA,-0.1086197088707222,-0.0692217281352365,0.0081819520205115,-0.1158537510586754,-0.0423279978985263,Debilidad relativa doble
2026-09-23,2026-09-23,2026-09-23,1.0,XLRE,O,-0.1158110176293399,-0.0692217281352365,0.0081819520205115,-0.1229866983845083,-0.0500541223429769,Debilidad relativa doble
2026-09-23,2026-09-23,2026-09-23,1.0,XLRE,CBRE,-0.1021522395962432,-0.0692217281352365,0.0081819520205115,-0.1094387688607522,-0.0353795446847208,Debilidad relativa doble
2026-09-23,2026-09-23,2026-09-23,1.0,XLRE,IRM,-0.0429552631263401,-0.0692217281352365,0.0081819520205115,-0.0507222084707694,0.0282198949017933,Liderazgo interno en sector débil
2026-09-23,2026-09-23,2026-09-23,1.0,XLRE,CCI,-0.0673930350416022,-0.0692217281352365,0.0081819520205115,-0.0749616544024149,0.0019646925040166,Liderazgo interno en sector débil
2026-09-23,2026-09-23,2026-09-23,1.0,XLRE,EXR,-0.0740945957857146,-0.0692217281352365,0.0081819520205115,-0.0816088282887177,-0.0052352614986548,Debilidad relativa doble
2026-09-23,2026-09-23,2026-09-23,1.0,XLRE,VICI,-0.0980982336027821,-0.0692217281352365,0.0081819520205115,-0.1054176633595712,-0.0310240433628656,Debilidad relativa doble
2026-09-23,2026-09-23,2026-09-23,1.0,XLRE,SBAC,-0.0785649104095492,-0.0692217281352365,0.0081819520205115,-0.0860428638463625,-0.0100380322110379,Debilidad relativa doble
2026-09-23,2026-09-23,2026-09-23,1.0,XLRE,ESS,-0.0685943432977737,-0.0692217281352365,0.0081819520205115,-0.0761532133802006,0.0006740432780041,Liderazgo interno en sector débil
2026-09-23,2026-09-23,2026-09-23,1.0,XLRE,WY,-0.1240373067816457,-0.0692217281352365,0.0081819520205115,-0.1311462266678894,-0.058892198392845,Debilidad relativa doble
2026-09-23,2026-09-23,2026-09-23,1.0,XLRE,KIM,-0.0721278815530008,-0.0692217281352365,0.0081819520205115,-0.0796580750256066,-0.0031222832608049,Debilidad relativa doble
2026-09-23,2026-09-23,2026-09-23,1.0,XLRE,INVH,-0.1158896548062056,-0.0692217281352365,0.0081819520205115,-0.1230646973773568,-0.0501386077454004,Debilidad relativa doble
2026-09-23,2026-09-23,2026-09-23,1.0,XLU,NEE,-0.0772987111366991,-0.0735243948141598,0.0081819520205115,-0.0847869404782516,-0.0040738431766719,Debilidad relativa doble
2026-09-23,2026-09-23,2026-09-23,1.0,XLU,SO,-0.0735848764228588,-0.0735243948141598,0.0081819520205115,-0.0811032455793324,-6.528138286687746e-05,Debilidad relativa doble
2026-09-23,2026-09-23,2026-09-23,1.0,XLU,CEG,-0.0349266285659182,-0.0735243948141598,0.0081819520205115,-0.0427587307033568,0.0416608554312656,Liderazgo interno en sector débil
2026-09-23,2026-09-23,2026-09-23,1.0,XLU,DUK,-0.063950176057175,-0.0735243948141598,0.0081819520205115,-0.0715467361155648,0.0103340214285128,Liderazgo interno en sector débil
2026-09-23,2026-09-23,2026-09-23,1.0,XLU,AEP,-0.0293490878220343,-0.0735243948141598,0.0081819520205115,-0.0372264547756775,0.0476810255389987,Liderazgo interno en sector débil
2026-09-23,2026-09-23,2026-09-23,1.0,XLU,D,-0.0723920000795984,-0.0735243948141598,0.0081819520205115,-0.0799200500848389,0.0012222607138525,Liderazgo interno en sector débil
2026-09-23,2026-09-23,2026-09-23,1.0,XLU,SRE,-0.0658625956594997,-0.0735243948141598,0.0081819520205115,-0.0734436353791272,0.0082698336704971,Liderazgo interno en sector débil
2026-09-23,2026-09-23,2026-09-23,1.0,XLU,ETR,-0.0620096181285778,-0.0735243948141598,0.0081819520205115,-0.069621926883751,0.012428580548834,Liderazgo interno en sector débil
2026-09-23,2026-09-23,2026-09-23,1.0,XLU,VST,0.0186933913829958,-0.0735243948141598,0.0081819520205115,0.0104261332405506,0.0995361191174137,Liderazgo relativo doble
2026-09-23,2026-09-23,2026-09-23,1.0,XLU,XEL,-0.0788882866306969,-0.0735243948141598,0.0081819520205115,-0.0863636156913042,-0.0057895661650596,Debilidad relativa doble
2026-09-23,2026-09-23,2026-09-23,1.0,XLU,EXC,-0.0735806161527081,-0.0735243948141598,0.0081819520205115,-0.0810990198836214,-6.068302093831246e-05,Debilidad relativa doble
2026-09-23,2026-09-23,2026-09-23,1.0,XLU,ED,-0.0473493502689695,-0.0735243948141598,0.0081819520205115,-0.0550806351752182,0.028252276043404,Liderazgo interno en sector débil
2026-09-23,2026-09-23,2026-09-23,1.0,XLU,PEG,-0.0762546796087635,-0.0735243948141598,0.0081819520205115,-0.0837513818413971,-0.0029469581058813,Debilidad relativa doble
2026-09-23,2026-09-23,2026-09-23,1.0,XLU,WEC,-0.0595835987451993,-0.0735243948141598,0.0081819520205115,-0.0672155959843369,0.0150471269733691,Liderazgo interno en sector débil
2026-09-23,2026-09-23,2026-09-23,1.0,XLU,PCG,-0.3147432673017895,-0.0735243948141598,0.0081819520205115,-0.3203045032447983,-0.260361817556161,Debilidad relativa doble
2026-09-23,2026-09-23,2026-09-23,1.0,XLU,AEE,-0.0626393202423363,-0.0735243948141598,0.0081819520205115,-0.0702465186179082,0.011748905757362,Liderazgo interno en sector débil
2026-09-23,2026-09-23,2026-09-23,1.0,XLU,DTE,-0.085845859880275,-0.0735243948141598,0.0081819520205115,-0.0932647244005351,-0.0132992871017296,Debilidad relativa doble
2026-09-23,2026-09-23,2026-09-23,1.0,XLU,ATO,-0.0690025105807723,-0.0735243948141598,0.0081819520205115,-0.0765580681608091,0.0048807375046646,Liderazgo interno en sector débil
2026-09-23,2026-09-23,2026-09-23,1.0,XLU,AWK,-0.0489600880867587,-0.0735243948141598,0.0081819520205115,-0.0566783009681448,0.0265137113054085,Liderazgo interno en sector débil
2026-09-23,2026-09-23,2026-09-23,1.0,XLU,ES,-0.0782569241096521,-0.0735243948141598,0.0081819520205115,-0.0857373770249807,-0.0051080991976502,Debilidad relativa doble
2026-09-23,2026-09-23,2026-09-23,1.0,XLV,LLY,-0.0769410146070657,-0.0300742914223143,0.0081819520205115,-0.0844321468530369,-0.0483199102470203,Debilidad relativa doble
2026-09-23,2026-09-23,2026-09-23,1.0,XLV,JNJ,-0.0093117359794928,-0.0300742914223143,0.0081819520205115,-0.0173517170833549,0.0214063358246974,Liderazgo interno en sector débil
2026-09-23,2026-09-23,2026-09-23,1.0,XLV,ABBV,0.0021170330479818,-0.0300742914223143,0.0081819520205115,-0.006015698813468,0.0331894743954173,Liderazgo interno en sector débil
2026-09-23,2026-09-23,2026-09-23,1.0,XLV,MRK,-0.0113229664189482,-0.0300742914223143,0.0081819520205115,-0.0193466252796628,0.0193327435674051,Liderazgo interno en sector débil
2026-09-23,2026-09-23,2026-09-23,1.0,XLV,UNH,-0.0631551656083708,-0.0300742914223143,0.0081819520205115,-0.070758177614581,-0.0341066062003519,Debilidad relativa doble
2026-09-23,2026-09-23,2026-09-23,1.0,XLV,TMO,0.0589591219060472,-0.0300742914223143,0.0081819520205115,0.0503650851751238,0.0917940544734312,Liderazgo relativo doble
2026-09-23,2026-09-23,2026-09-23,1.0,XLV,AMGN,-0.0850531730161184,-0.0300742914223143,0.0081819520205115,-0.0924784706270294,-0.0566836007207459,Debilidad relativa doble
2026-09-23,2026-09-23,2026-09-23,1.0,XLV,ABT,-0.1129682052972207,-0.0300742914223143,0.0081819520205115,-0.1201669570407737,-0.0854641887948958,Debilidad relativa doble
2026-09-23,2026-09-23,2026-09-23,1.0,XLV,GILD,0.0373622291915218,-0.0300742914223143,0.0081819520205115,0.0289434631442566,0.069527511249007,Liderazgo relativo doble
2026-09-23,2026-09-23,2026-09-23,1.0,XLV,PFE,0.0075080799777147,-0.0300742914223143,0.0081819520205115,-0.0006684031998849,0.0387476804333193,Liderazgo interno en sector débil
2026-09-23,2026-09-23,2026-09-23,1.0,XLV,VRTX,-0.0570682416906912,-0.0300742914223143,0.0081819520205115,-0.0647206524382171,-0.0278309462566583,Debilidad relativa doble
2026-09-23,2026-09-23,2026-09-23,1.0,XLV,BMY,-0.0911117325302964,-0.0300742914223143,0.0081819520205115,-0.0984878615926541,-0.0629300167715818,Debilidad relativa doble
2026-09-23,2026-09-23,2026-09-23,1.0,XLV,DHR,0.0299846447396263,-0.0300742914223143,0.0081819520205115,0.0216257518550295,0.061921171519427,Liderazgo relativo doble
2026-09-23,2026-09-23,2026-09-23,1.0,XLV,ISRG,0.0661990523433189,-0.0300742914223143,0.0081819520205115,0.0575462595878992,0.0992584719780342,Liderazgo relativo doble
2026-09-23,2026-09-23,2026-09-23,1.0,XLV,CVS,-0.0876633720804858,-0.0300742914223143,0.0081819520205115,-0.0950674864878431,-0.0593747337026677,Debilidad relativa doble
2026-09-23,2026-09-23,2026-09-23,1.0,XLV,MDT,-0.0387513284713806,-0.0300742914223143,0.0081819520205115,-0.0465523910617845,-0.0089460841921495,Debilidad relativa doble
2026-09-23,2026-09-23,2026-09-23,1.0,XLV,MCK,0.0087502425533922,-0.0300742914223143,0.0081819520205115,0.0005636785420943,0.0400283584942187,Liderazgo relativo doble
2026-09-23,2026-09-23,2026-09-23,1.0,XLV,SYK,-0.1659803058702746,-0.0300742914223143,0.0081819520205115,-0.1727488352095028,-0.1401200249112429,Debilidad relativa doble
2026-09-23,2026-09-23,2026-09-23,1.0,XLV,ELV,-0.0058000769628671,-0.0300742914223143,0.0081819520205115,-0.0138685571144743,0.0250268801463602,Liderazgo interno en sector débil
2026-09-23,2026-09-23,2026-09-23,1.0,XLV,REGN,-0.0322027672610516,-0.0300742914223143,0.0081819520205115,-0.0400569750337501,-0.0021944730610951,Debilidad relativa doble
2026-09-23,2026-09-23,2026-09-23,1.0,XLY,AMZN,-0.0488419227459414,-0.0626060724125311,0.0081819520205115,-0.056561094604174,0.0146834209839761,Liderazgo interno en sector débil
2026-09-23,2026-09-23,2026-09-23,1.0,XLY,TSLA,0.0893250661119426,-0.0626060724125311,0.0081819520205115,0.0804845930130082,0.1620782192556895,Liderazgo relativo doble
2026-09-23,2026-09-23,2026-09-23,1.0,XLY,HD,-0.1141670556206114,-0.0626060724125311,0.0081819520205115,-0.1213560780332574,-0.0550046055245745,Debilidad relativa doble
2026-09-23,2026-09-23,2026-09-23,1.0,XLY,MCD,-0.1193440902182686,-0.0626060724125311,0.0081819520205115,-0.1264910981427544,-0.06052740063269,Debilidad relativa doble
2026-09-23,2026-09-23,2026-09-23,1.0,XLY,BKNG,-0.2675454490775122,-0.0626060724125311,0.0081819520205115,-0.2734897213200797,-0.2186267380592329,Debilidad relativa doble
2026-09-23,2026-09-23,2026-09-23,1.0,XLY,TJX,-0.0648142274239389,-0.0626060724125311,0.0081819520205115,-0.0724037752294194,-0.0023556318708942,Debilidad relativa doble
2026-09-23,2026-09-23,2026-09-23,1.0,XLY,SBUX,-0.1241975880494535,-0.0626060724125311,0.0081819520205115,-0.1313052071648985,-0.065705050805522,Debilidad relativa doble
2026-09-23,2026-09-23,2026-09-23,1.0,XLY,LOW,-0.1180753784757118,-0.0626060724125311,0.0081819520205115,-0.1252326826950127,-0.0591739549731665,Debilidad relativa doble
2026-09-23,2026-09-23,2026-09-23,1.0,XLY,GM,-0.034913420493684,-0.0626060724125311,0.0081819520205115,-0.0427456298219062,0.0295421712301022,Liderazgo interno en sector débil
2026-09-23,2026-09-23,2026-09-23,1.0,XLY,DASH,-0.1737099175335252,-0.0626060724125311,0.0081819520205115,-0.1804157168153077,-0.1185241784176449,Debilidad relativa doble
2026-09-23,2026-09-23,2026-09-23,1.0,XLY,ROST,-0.0293466343219209,-0.0626060724125311,0.0081819520205115,-0.0372240211870693,0.0354807483938033,Liderazgo interno en sector débil
2026-09-23,2026-09-23,2026-09-23,1.0,XLY,ABNB,-0.2136060325360915,-0.0626060724125311,0.0081819520205115,-0.2199880528629922,-0.1610848499010257,Debilidad relativa doble
2026-09-23,2026-09-23,2026-09-23,1.0,XLY,MAR,-0.0237090734467086,-0.0626060724125311,0.0081819520205115,-0.0316322122244967,0.0414948271170585,Liderazgo interno en sector débil
2026-09-23,2026-09-23,2026-09-23,1.0,XLY,ORLY,-0.0527128227085377,-0.0626060724125311,0.0081819520205115,-0.0604005800808169,0.0105539938043499,Liderazgo interno en sector débil
2026-09-23,2026-09-23,2026-09-23,1.0,XLY,HLT,-0.0692277565258169,-0.0626060724125311,0.0081819520205115,-0.0767814861109054,-0.0070639289613575,Debilidad relativa doble
2026-09-23,2026-09-23,2026-09-23,1.0,XLY,RCL,-0.2093223216730141,-0.0626060724125311,0.0081819520205115,-0.2157391066737728,-0.1565150412677415,Debilidad relativa doble
2026-09-23,2026-09-23,2026-09-23,1.0,XLY,F,-0.0710696843577698,-0.0626060724125311,0.0081819520205115,-0.0786084656836516,-0.0090288743036998,Debilidad relativa doble
2026-09-23,2026-09-23,2026-09-23,1.0,XLY,CVNA,-0.1158578854690046,-0.0626060724125311,0.0081819520205115,-0.1230331858658312,-0.0568083614468524,Debilidad relativa doble
2026-09-23,2026-09-23,2026-09-23,1.0,XLY,AZO,-0.0551929451158975,-0.0626060724125311,0.0081819520205115,-0.0628605749283635,0.0079082305511755,Liderazgo interno en sector débil
2026-09-23,2026-09-23,2026-09-23,1.0,XLY,CMG,-0.1396633695254655,-0.0626060724125311,0.0081819520205115,-0.1466454753030226,-0.0822037511073423,Debilidad relativa doble
2026-09-24,2026-09-24,2026-09-24,1.0,XLB,LIN,-0.0359571367019252,-0.0685213585484761,0.0041455280711095,-0.0399371043857249,0.0349597085723898,Liderazgo interno en sector débil
2026-09-24,2026-09-24,2026-09-24,1.0,XLB,NEM,-0.1005438137019147,-0.0685213585484761,0.0041455280711095,-0.1042571408689385,-0.0343780884804164,Debilidad relativa doble
2026-09-24,2026-09-24,2026-09-24,1.0,XLB,FCX,-0.0979852518110622,-0.0685213585484761,0.0041455280711095,-0.101709141779835,-0.0316313138610161,Debilidad relativa doble
2026-09-24,2026-09-24,2026-09-24,1.0,XLB,CTVA,-0.0413083618806454,-0.0685213585484761,0.0041455280711095,-0.0452662374935519,0.0292148369880222,Liderazgo interno en sector débil
2026-09-24,2026-09-24,2026-09-24,1.0,XLB,ECL,-0.0464130651197335,-0.0685213585484761,0.0041455280711095,-0.0503498664062792,0.0237346219708176,Liderazgo interno en sector débil
2026-09-24,2026-09-24,2026-09-24,1.0,XLB,APD,-0.063715700116014,-0.0685213585484761,0.0041455280711095,-0.0675810689686384,0.0051591719000378,Liderazgo interno en sector débil
2026-09-24,2026-09-24,2026-09-24,1.0,XLB,SHW,-0.0857469461088065,-0.0685213585484761,0.0041455280711095,-0.0895213608654842,-0.0184927348774069,Debilidad relativa doble
2026-09-24,2026-09-24,2026-09-24,1.0,XLB,NUE,0.0016562458374265,-0.0685213585484761,0.0041455280711095,-0.002479005447014,0.0753400037992764,Liderazgo interno en sector débil
2026-09-24,2026-09-24,2026-09-24,1.0,XLB,VMC,-0.1181728622803107,-0.0685213585484761,0.0041455280711095,-0.1218134094431362,-0.0533039637435621,Debilidad relativa doble
2026-09-24,2026-09-24,2026-09-24,1.0,XLB,MLM,-0.0956505228434525,-0.0685213585484761,0.0041455280711095,-0.0993840515390862,-0.0291248377447506,Debilidad relativa doble
2026-09-24,2026-09-24,2026-09-24,1.0,XLB,CRH,-0.1272349090650691,-0.0685213585484761,0.0041455280711095,-0.1308380443505544,-0.0630326321010427,Debilidad relativa doble
2026-09-24,2026-09-24,2026-09-24,1.0,XLB,STLD,0.0178293019064439,-0.0685213585484761,0.0041455280711095,0.0136272815571065,0.0927027809466032,Liderazgo relativo doble
2026-09-24,2026-09-24,2026-09-24,1.0,XLB,PPG,-0.064496275694159,-0.0685213585484761,0.0041455280711095,-0.0683584220079379,0.0043211756826166,Liderazgo interno en sector débil
2026-09-24,2026-09-24,2026-09-24,1.0,XLB,SW,-0.0693910638073904,-0.0685213585484761,0.0041455280711095,-0.0732330024112725,-0.0009336824487559,Debilidad relativa doble
2026-09-24,2026-09-24,2026-09-24,1.0,XLB,IFF,-0.0103678686218923,-0.0685213585484761,0.0041455280711095,-0.0144534793884717,0.0624313723779681,Liderazgo interno en sector débil
2026-09-24,2026-09-24,2026-09-24,1.0,XLB,DOW,-0.0420613198110872,-0.0685213585484761,0.0041455280711095,-0.0460160869022211,0.028406490025532,Liderazgo interno en sector débil
2026-09-24,2026-09-24,2026-09-24,1.0,XLB,CF,-0.0693069271316096,-0.0685213585484761,0.0041455280711095,-0.0731492130864895,-0.0008433565174498,Debilidad relativa doble
2026-09-24,2026-09-24,2026-09-24,1.0,XLB,PKG,-0.0279423384970546,-0.0685213585484761,0.0041455280711095,-0.0319553945828974,0.0435640907323298,Liderazgo interno en sector débil
2026-09-24,2026-09-24,2026-09-24,1.0,XLB,AMCR,-0.0965753273833911,-0.0685213585484761,0.0041455280711095,-0.1003050381033694,-0.0301176726835071,Debilidad relativa doble
2026-09-24,2026-09-24,2026-09-24,1.0,XLB,IP,-0.1490607553100277,-0.0685213585484761,0.0041455280711095,-0.152573784474682,-0.086464029530561,Debilidad relativa doble
2026-09-24,2026-09-24,2026-09-24,1.0,XLC,META,0.3651499185519935,0.0104760598506776,0.0041455280711095,0.3595140150395801,0.3509967952667057,Liderazgo relativo doble
2026-09-24,2026-09-24,2026-09-24,1.0,XLC,GOOGL,-0.0126237889110272,0.0104760598506776,0.0041455280711095,-0.016700086305567,-0.0228603622386842,Debilidad relativa doble
2026-09-24,2026-09-24,2026-09-24,1.0,XLC,GOOG,-0.0119703651945973,0.0104760598506776,0.0041455280711095,-0.0160493601925055,-0.0222137128598495,Debilidad relativa doble
2026-09-24,2026-09-24,2026-09-24,1.0,XLC,T,-0.0124175277120653,0.0104760598506776,0.0041455280711095,-0.0164946766381476,-0.0226562394423537,Debilidad relativa doble
2026-09-24,2026-09-24,2026-09-24,1.0,XLC,VZ,-0.0583084637845926,0.0104760598506776,0.0041455280711095,-0.0621961559453158,-0.0680714035376898,Debilidad relativa doble
2026-09-24,2026-09-24,2026-09-24,1.0,XLC,CMCSA,-0.1833948764112004,0.0104760598506776,0.0041455280711095,-0.1867661601227876,-0.1918609890575014,Debilidad relativa doble
2026-09-24,2026-09-24,2026-09-24,1.0,XLC,DIS,-0.0511460893609551,0.0104760598506776,0.0041455280711095,-0.0550633507657758,-0.060983284671523,Debilidad relativa doble
2026-09-24,2026-09-24,2026-09-24,1.0,XLC,TMUS,-0.08427773404672,0.0104760598506776,0.0041455280711095,-0.0880582143184804,-0.0937714386933619,Debilidad relativa doble
2026-09-24,2026-09-24,2026-09-24,1.0,XLC,NFLX,-0.1278122547388206,0.0104760598506776,0.0041455280711095,-0.1314130065025649,-0.1368546174264967,Debilidad relativa doble
2026-09-24,2026-09-24,2026-09-24,1.0,XLC,WBD,0.0671280470472295,0.0104760598506776,0.0041455280711095,0.0627225010871728,0.0560646505617594,Liderazgo relativo doble
2026-09-24,2026-09-24,2026-09-24,1.0,XLC,OMC,-0.144352395016432,0.0104760598506776,0.0041455280711095,-0.1478848622398342,-0.1532232786296682,Debilidad relativa doble
2026-09-24,2026-09-24,2026-09-24,1.0,XLC,LYV,-0.0841141851180201,0.0104760598506776,0.0041455280711095,-0.0878953405874048,-0.0936095853499744,Debilidad relativa doble
2026-09-24,2026-09-24,2026-09-24,1.0,XLC,TTWO,-0.1285793924783659,0.0104760598506776,0.0041455280711095,-0.1321769771802204,-0.1376138019040178,Debilidad relativa doble
2026-09-24,2026-09-24,2026-09-24,1.0,XLC,CHTR,-0.242297257224295,0.0104760598506776,0.0041455280711095,-0.2454253675448849,-0.250152702392896,Debilidad relativa doble
2026-09-24,2026-09-24,2026-09-24,1.0,XLC,FOXA,-0.0882689945582505,0.0104760598506776,0.0041455280711095,-0.0920329972557679,-0.0977213200117974,Debilidad relativa doble
2026-09-24,2026-09-24,2026-09-24,1.0,XLC,ECHO,0.0446139708751467,0.0104760598506776,0.0041455280711095,0.0403013723337235,0.0337839879447652,Liderazgo relativo doble
2026-09-24,2026-09-24,2026-09-24,1.0,XLC,TKO,-0.0392546421678459,0.0104760598506776,0.0041455280711095,-0.0432209963851794,-0.0492151214605445,Debilidad relativa doble
2026-09-24,2026-09-24,2026-09-24,1.0,XLC,NWSA,-0.0771120968232097,0.0104760598506776,0.0041455280711095,-0.0809221598092552,-0.0866800908542362,Debilidad relativa doble
2026-09-24,2026-09-24,2026-09-24,1.0,XLC,FOX,-0.0830691016342373,0.0104760598506776,0.0041455280711095,-0.0868545716405069,-0.0925753367167734,Debilidad relativa doble
2026-09-24,2026-09-24,2026-09-24,1.0,XLC,APP,0.0062149566003573,0.0104760598506776,0.0041455280711095,0.0020608850723291,-0.0042169264761701,Fortaleza sectorial
2026-09-24,2026-09-24,2026-09-24,1.0,XLE,XOM,0.0093376494378687,0.0146969610871572,0.0041455280711095,0.0051706861422098,-0.0052816869024092,Fortaleza sectorial
2026-09-24,2026-09-24,2026-09-24,1.0,XLE,CVX,0.0288158213238467,0.0146969610871572,0.0041455280711095,0.0245684440781477,0.0139143614085159,Liderazgo relativo doble
2026-09-24,2026-09-24,2026-09-24,1.0,XLE,COP,-0.0189623791674932,0.0146969610871572,0.0041455280711095,-0.0230125082397084,-0.0331718153748952,Debilidad relativa doble
2026-09-24,2026-09-24,2026-09-24,1.0,XLE,MPC,0.1016400102229757,0.0146969610871572,0.0041455280711095,0.0970919846042097,0.0856837582746545,Liderazgo relativo doble
2026-09-24,2026-09-24,2026-09-24,1.0,XLE,PSX,0.0800759886426685,0.0146969610871572,0.0041455280711095,0.0756169882242225,0.0644320719020026,Liderazgo relativo doble
2026-09-24,2026-09-24,2026-09-24,1.0,XLE,VLO,0.1247025094232805,0.0146969610871572,0.0041455280711095,0.1200592722687836,0.1084122181840991,Liderazgo relativo doble
2026-09-24,2026-09-24,2026-09-24,1.0,XLE,SLB,-0.0298957859028904,0.0146969610871572,0.0041455280711095,-0.0339007773498637,-0.0439468616741204,Debilidad relativa doble
2026-09-24,2026-09-24,2026-09-24,1.0,XLE,EOG,-0.0270380792153845,0.0146969610871572,0.0041455280711095,-0.0310548684575587,-0.0411305462645975,Debilidad relativa doble
2026-09-24,2026-09-24,2026-09-24,1.0,XLE,WMB,0.0001764433051549,0.0146969610871572,0.0041455280711095,-0.0039526987423614,-0.0143102013101968,Debilidad relativa doble
2026-09-24,2026-09-24,2026-09-24,1.0,XLE,BKR,-0.0732772371669251,0.0146969610871572,0.0041455280711095,-0.0771031320397932,-0.0866999721373225,Debilidad relativa doble
2026-09-24,2026-09-24,2026-09-24,1.0,XLE,TRGP,-0.0131051887965994,0.0146969610871572,0.0041455280711095,-0.0171794987732968,-0.0273994610705931,Debilidad relativa doble
2026-09-24,2026-09-24,2026-09-24,1.0,XLE,KMI,0.0100193749383148,0.0146969610871572,0.0041455280711095,0.0058495971978169,-0.0046098355747816,Fortaleza sectorial
2026-09-24,2026-09-24,2026-09-24,1.0,XLE,OKE,-0.0056706287935854,0.0146969610871572,0.0041455280711095,-0.0097756317090323,-0.0200725838963,Debilidad relativa doble
2026-09-24,2026-09-24,2026-09-24,1.0,XLE,DVN,0.0491728382754492,0.0146969610871572,0.0041455280711095,0.0448414188437744,0.0339765255149224,Liderazgo relativo doble
2026-09-24,2026-09-24,2026-09-24,1.0,XLE,OXY,-0.0016029507099873,0.0146969610871572,0.0041455280711095,-0.0057247466830224,-0.0160638224240671,Debilidad relativa doble
2026-09-24,2026-09-24,2026-09-24,1.0,XLE,FANG,-0.0544299610587518,0.0146969610871572,0.0041455280711095,-0.0583336652829402,-0.0681256816536098,Debilidad relativa doble
2026-09-24,2026-09-24,2026-09-24,1.0,XLE,EQT,-0.0394444642243562,0.0146969610871572,0.0041455280711095,-0.0434100347777268,-0.0533572360889952,Debilidad relativa doble
2026-09-24,2026-09-24,2026-09-24,1.0,XLE,HAL,-0.0262711099540837,0.0146969610871572,0.0041455280711095,-0.0302910655625997,-0.0403746858543336,Debilidad relativa doble
2026-09-24,2026-09-24,2026-09-24,1.0,XLE,EXE,-0.0638073175772022,0.0146969610871572,0.0041455280711095,-0.0676723081950524,-0.0773672157057109,Debilidad relativa doble
2026-09-24,2026-09-24,2026-09-24,1.0,XLE,TPL,-0.0911960999684814,0.0146969610871572,0.0041455280711095,-0.0949480183641661,-0.1043592965353751,Debilidad relativa doble
2026-09-24,2026-09-24,2026-09-24,1.0,XLF,JPM,-0.0503225874934256,-0.0607107806159916,0.0039226495331925,-0.0540332833927408,0.011059632015556,Liderazgo interno en sector débil
2026-09-24,2026-09-24,2026-09-24,1.0,XLF,V,-0.0420680039721946,-0.0615162093761113,0.0041455280711095,-0.0460227434683467,0.0207230061917083,Liderazgo interno en sector débil
2026-09-24,2026-09-24,2026-09-24,1.0,XLF,MA,-0.0555416158608923,-0.0615162093761113,0.0041455280711095,-0.0594407307142587,0.006366219187704,Liderazgo interno en sector débil
2026-09-24,2026-09-24,2026-09-24,1.0,XLF,BAC,-0.0950366509488483,-0.0607107806159916,0.0039226495331925,-0.0985726345830083,-0.0365445164540139,Debilidad relativa doble
2026-09-24,2026-09-24,2026-09-24,1.0,XLF,GS,-0.1237798983974639,-0.0615162093761113,0.0041455280711095,-0.1273972973960347,-0.0663449807481072,Debilidad relativa doble
2026-09-24,2026-09-24,2026-09-24,1.0,XLF,WFC,-0.0307819386976041,-0.0615162093761113,0.0041455280711095,-0.0347832717393133,0.0327488561715867,Liderazgo interno en sector débil
2026-09-24,2026-09-24,2026-09-24,1.0,XLF,MS,-0.0943396067037869,-0.0615162093761113,0.0041455280711095,-0.0980785474034617,-0.0349749219492168,Debilidad relativa doble
2026-09-24,2026-09-24,2026-09-24,1.0,XLF,C,-0.0086303481912523,-0.0615162093761113,0.0041455280711095,-0.0127231321608366,0.0563524503174437,Liderazgo interno en sector débil
2026-09-24,2026-09-24,2026-09-24,1.0,XLF,SCHW,-0.090501888482648,-0.0607107806159916,0.0039226495331925,-0.0940555908961178,-0.0317166504755517,Debilidad relativa doble
2026-09-24,2026-09-24,2026-09-24,1.0,XLF,AXP,-0.0901622486807813,-0.0615162093761113,0.0041455280711095,-0.0939184352421996,-0.0305237443532472,Debilidad relativa doble
2026-09-24,2026-09-24,2026-09-24,1.0,XLF,BLK,-0.0830171821750185,-0.0615162093761113,0.0041455280711095,-0.0868028665262905,-0.0229103294204087,Debilidad relativa doble
2026-09-24,2026-09-24,2026-09-24,1.0,XLF,COF,-0.0907787846103854,-0.0615162093761113,0.0041455280711095,-0.0945324258564769,-0.0311806932912723,Debilidad relativa doble
2026-09-24,2026-09-24,2026-09-24,1.0,XLF,SPGI,-0.0665941154235838,-0.0615162093761113,0.0041455280711095,-0.0704476009872584,-0.0054107551970575,Debilidad relativa doble
2026-09-24,2026-09-24,2026-09-24,1.0,XLF,PGR,-0.0896933607880238,-0.0615162093761113,0.0041455280711095,-0.0934514831126033,-0.0300241215601398,Debilidad relativa doble
2026-09-24,2026-09-24,2026-09-24,1.0,XLF,CB,-0.0211550064335734,-0.0615162093761113,0.0041455280711095,-0.0251960834335273,0.0430068194525836,Liderazgo interno en sector débil
2026-09-24,2026-09-24,2026-09-24,1.0,XLF,BNY,-0.08224865235004,-0.0615162093761113,0.0041455280711095,-0.0860375095103063,-0.022091423614409,Debilidad relativa doble
2026-09-24,2026-09-24,2026-09-24,1.0,XLF,CME,-0.0257740307844439,-0.0615162093761113,0.0041455280711095,-0.0297960385413723,0.0380850249612798,Liderazgo interno en sector débil
2026-09-24,2026-09-24,2026-09-24,1.0,XLF,BX,-0.1826930054291538,-0.0615162093761113,0.0041455280711095,-0.1860671867544603,-0.1291197538664851,Debilidad relativa doble
2026-09-24,2026-09-24,2026-09-24,1.0,XLF,PNC,-0.0850846103008046,-0.0615162093761113,0.0041455280711095,-0.0888617594536509,-0.0251132743688895,Debilidad relativa doble
2026-09-24,2026-09-24,2026-09-24,1.0,XLF,TRV,-0.016314955599629,-0.0615162093761113,0.0041455280711095,-0.0203760143313506,0.0481641283824767,Liderazgo interno en sector débil
2026-09-24,2026-09-24,2026-09-24,1.0,XLI,CAT,-0.007444906495739,-0.0511000418171633,0.0041455280711095,-0.0115425844589608,0.0460060462064144,Liderazgo interno en sector débil
2026-09-24,2026-09-24,2026-09-24,1.0,XLI,GE,-0.0851404961895808,-0.0511000418171633,0.0041455280711095,-0.0889174146223629,-0.0358735966619766,Debilidad relativa doble
2026-09-24,2026-09-24,2026-09-24,1.0,XLI,RTX,-0.1030530639848892,-0.0511000418171633,0.0041455280711095,-0.1067560319288773,-0.0547507898168917,Debilidad relativa doble
2026-09-24,2026-09-24,2026-09-24,1.0,XLI,GEV,0.0305482698900863,-0.0511000418171633,0.0041455280711095,0.0262937403801364,0.0860452263730813,Liderazgo relativo doble
2026-09-24,2026-09-24,2026-09-24,1.0,XLI,UNP,-0.1106240735591096,-0.0511000418171633,0.0041455280711095,-0.1142957852440803,-0.0627295124513822,Debilidad relativa doble
2026-09-24,2026-09-24,2026-09-24,1.0,XLI,DE,0.1019250182889657,-0.0511000418171633,0.0041455280711095,0.0973758160390192,0.1612657464957372,Liderazgo relativo doble
2026-09-24,2026-09-24,2026-09-24,1.0,XLI,BA,-0.0676520686726466,-0.0511000418171633,0.0041455280711095,-0.071501186567722,-0.017443384534636,Debilidad relativa doble
2026-09-24,2026-09-24,2026-09-24,1.0,XLI,ETN,0.0752687851274691,-0.0511000418171633,0.0041455280711095,0.070829630833473,0.1331740252013831,Liderazgo relativo doble
2026-09-24,2026-09-24,2026-09-24,1.0,XLI,UBER,-0.138518947912646,-0.0511000418171633,0.0041455280711095,-0.142075498018503,-0.0921265780882653,Debilidad relativa doble
2026-09-24,2026-09-24,2026-09-24,1.0,XLI,PH,-0.0387345967451437,-0.0511000418171633,0.0041455280711095,-0.0427030979250816,0.0130313474728143,Liderazgo interno en sector débil
2026-09-24,2026-09-24,2026-09-24,1.0,XLI,VRT,-0.0406250648993203,-0.0511000418171633,0.0041455280711095,-0.0445857614447887,0.0110390740641435,Liderazgo interno en sector débil
2026-09-24,2026-09-24,2026-09-24,1.0,XLI,LMT,-0.0531532092235091,-0.0511000418171633,0.0041455280711095,-0.0570621844073592,-0.0021637343206102,Debilidad relativa doble
2026-09-24,2026-09-24,2026-09-24,1.0,XLI,ADP,-0.0636047184760638,-0.0511000418171633,0.0041455280711095,-0.0674705455068018,-0.0131780769416907,Debilidad relativa doble
2026-09-24,2026-09-24,2026-09-24,1.0,XLI,TT,-0.0344277366196743,-0.0511000418171633,0.0041455280711095,-0.0384140182995987,0.0175701400908656,Liderazgo interno en sector débil
2026-09-24,2026-09-24,2026-09-24,1.0,XLI,PWR,0.0657854993140141,-0.0511000418171633,0.0041455280711095,0.0613854959463002,0.1231800466668959,Liderazgo relativo doble
2026-09-24,2026-09-24,2026-09-24,1.0,XLI,HWM,-0.1312679993199309,-0.0511000418171633,0.0041455280711095,-0.1348544843406911,-0.0844851523192086,Debilidad relativa doble
2026-09-24,2026-09-24,2026-09-24,1.0,XLI,CSX,-0.0860312047105889,-0.0511000418171633,0.0041455280711095,-0.0898044459301844,-0.0368122715068082,Debilidad relativa doble
2026-09-24,2026-09-24,2026-09-24,1.0,XLI,GD,-0.1069891642253062,-0.0511000418171633,0.0041455280711095,-0.1106758823194656,-0.058898856434952,Debilidad relativa doble
2026-09-24,2026-09-24,2026-09-24,1.0,XLI,JCI,0.0278306817338285,-0.0511000418171633,0.0041455280711095,0.0235873715518271,0.0831812909994704,Liderazgo relativo doble
2026-09-24,2026-09-24,2026-09-24,1.0,XLI,MMM,-0.0660645100479856,-0.0511000418171633,0.0041455280711095,-0.0699201820417042,-0.0157703329015627,Debilidad relativa doble
2026-09-24,2026-09-24,2026-09-24,1.0,XLK,NVDA,0.0552982650764091,0.0726159424980015,0.0041455280711095,0.0509415573493219,-0.0161452731918765,Fortaleza sectorial
2026-09-24,2026-09-24,2026-09-24,1.0,XLK,AAPL,0.0839626332485228,0.0726159424980015,0.0041455280711095,0.0794875871535634,0.0105785214455196,Liderazgo relativo doble
2026-09-24,2026-09-24,2026-09-24,1.0,XLK,MSFT,0.0126497352683372,0.0726159424980015,0.0041455280711095,0.0084690983124364,-0.0559065037668652,Fortaleza sectorial
2026-09-24,2026-09-24,2026-09-24,1.0,XLK,AVGO,-0.0160957690200753,0.0726159424980015,0.0041455280711095,-0.0201577326446565,-0.0827059416173484,Debilidad relativa doble
2026-09-24,2026-09-24,2026-09-24,1.0,XLK,AMD,0.3132017600563503,0.0726159424980015,0.0041455280711095,0.3077803200288262,0.2242981928816494,Liderazgo relativo doble
2026-09-24,2026-09-24,2026-09-24,1.0,XLK,MU,0.1581616378097814,0.0726159424980015,0.0041455280711095,0.1533802675340552,0.0797542642453679,Liderazgo relativo doble
2026-09-24,2026-09-24,2026-09-24,1.0,XLK,INTC,0.4562185013856838,0.0726159424980015,0.0041455280711095,0.4502066290958577,0.3576327217310562,Liderazgo relativo doble
2026-09-24,2026-09-24,2026-09-24,1.0,XLK,CSCO,-0.0372603669058276,0.0726159424980015,0.0041455280711095,-0.041234954316308,-0.1024376993203547,Debilidad relativa doble
2026-09-24,2026-09-24,2026-09-24,1.0,XLK,LRCX,-0.0227982248651119,0.0726159424980015,0.0041455280711095,-0.026832517979718,-0.0889546421815292,Debilidad relativa doble
2026-09-24,2026-09-24,2026-09-24,1.0,XLK,PLTR,0.1149771383175295,0.0726159424980015,0.0041455280711095,0.1103740515175319,0.0394933490554629,Liderazgo relativo doble
2026-09-24,2026-09-24,2026-09-24,1.0,XLK,AMAT,-0.012061512461164,0.0726159424980015,0.0041455280711095,-0.0161401311654558,-0.0789448036376947,Debilidad relativa doble
2026-09-24,2026-09-24,2026-09-24,1.0,XLK,ORCL,-0.0360596947968012,0.0726159424980015,0.0041455280711095,-0.0400392390783655,-0.1013183125375793,Debilidad relativa doble
2026-09-24,2026-09-24,2026-09-24,1.0,XLK,PANW,0.1471609897894952,0.0726159424980015,0.0041455280711095,0.1424250347388469,0.0694983584878354,Liderazgo relativo doble
2026-09-24,2026-09-24,2026-09-24,1.0,XLK,SNDK,0.1842622230238768,0.0726159424980015,0.0041455280711095,0.1793730987367521,0.104087843656196,Liderazgo relativo doble
2026-09-24,2026-09-24,2026-09-24,1.0,XLK,KLAC,0.020562912336449,0.0726159424980015,0.0041455280711095,0.0163496065125898,-0.0485290476294123,Fortaleza sectorial
2026-09-24,2026-09-24,2026-09-24,1.0,XLK,TXN,0.0407614174239243,0.0726159424980015,0.0041455280711095,0.0364647238166278,-0.0296979783834757,Fortaleza sectorial
2026-09-24,2026-09-24,2026-09-24,1.0,XLK,IBM,-0.0304453854070752,0.0726159424980015,0.0041455280711095,-0.0344481078799717,-0.0960840910727641,Debilidad relativa doble
2026-09-24,2026-09-24,2026-09-24,1.0,XLK,CRWD,0.4007444524121364,0.0726159424980015,0.0041455280711095,0.3949615999414591,0.3059142577630913,Liderazgo relativo doble
2026-09-24,2026-09-24,2026-09-24,1.0,XLK,CRM,0.1601881509993812,0.0726159424980015,0.0041455280711095,0.1553984144390088,0.0816435827882942,Liderazgo relativo doble
2026-09-24,2026-09-24,2026-09-24,1.0,XLK,STX,0.1034189007615382,0.0726159424980015,0.0041455280711095,0.0988635311468504,0.028717602492277,Liderazgo relativo doble
2026-09-24,2026-09-24,2026-09-24,1.0,XLP,WMT,0.02097171324799,-0.0494992434485538,0.0041455280711095,0.0167567197248812,0.0741408738612925,Liderazgo relativo doble
2026-09-24,2026-09-24,2026-09-24,1.0,XLP,COST,-0.0661764238399816,-0.0494992434485538,0.0041455280711095,-0.0700316338072775,-0.0175456781875009,Debilidad relativa doble
2026-09-24,2026-09-24,2026-09-24,1.0,XLP,KO,-0.0328927791679009,-0.0494992434485538,0.0041455280711095,-0.0368853977870701,0.0174712793926683,Liderazgo interno en sector débil
2026-09-24,2026-09-24,2026-09-24,1.0,XLP,PG,0.0019257138311588,-0.0494992434485538,0.0041455280711095,-0.0022106499286163,0.0541030156212498,Liderazgo interno en sector débil
2026-09-24,2026-09-24,2026-09-24,1.0,XLP,PM,-0.0124793636128078,-0.0494992434485538,0.0041455280711095,-0.0165562572547155,0.0389477647235751,Liderazgo interno en sector débil
2026-09-24,2026-09-24,2026-09-24,1.0,XLP,TGT,-0.0447789029764299,-0.0494992434485538,0.0041455280711095,-0.0487224507602197,0.0049661617201126,Liderazgo interno en sector débil
2026-09-24,2026-09-24,2026-09-24,1.0,XLP,CL,-0.0658053434330152,-0.0494992434485538,0.0041455280711095,-0.0696620853737161,-0.0171552730201102,Debilidad relativa doble
2026-09-24,2026-09-24,2026-09-24,1.0,XLP,MDLZ,-0.0338149073084305,-0.0494992434485538,0.0041455280711095,-0.0378037190012281,0.0165011295698789,Liderazgo interno en sector débil
2026-09-24,2026-09-24,2026-09-24,1.0,XLP,PEP,-0.0896253816290173,-0.0494992434485538,0.0041455280711095,-0.0933837845996824,-0.0422157877349271,Debilidad relativa doble
2026-09-24,2026-09-24,2026-09-24,1.0,XLP,MO,0.0280607141006727,-0.0494992434485538,0.0041455280711095,0.0238164542499159,0.0815990487273521,Liderazgo relativo doble
2026-09-24,2026-09-24,2026-09-24,1.0,XLP,MNST,-0.1243587406160051,-0.0494992434485538,0.0041455280711095,-0.127973749914479,-0.0787579564260972,Debilidad relativa doble
2026-09-24,2026-09-24,2026-09-24,1.0,XLP,KDP,-0.0301507847745177,-0.0494992434485538,0.0041455280711095,-0.0341547234806771,0.0203560686729331,Liderazgo interno en sector débil
2026-09-24,2026-09-24,2026-09-24,1.0,XLP,ADM,0.0343607057285995,-0.0494992434485538,0.0041455280711095,0.0300904369066215,0.0882271251223505,Liderazgo relativo doble
2026-09-24,2026-09-24,2026-09-24,1.0,XLP,SYY,-0.0631439815585483,-0.0494992434485538,0.0041455280711095,-0.0670117107018504,-0.0143553153597685,Debilidad relativa doble
2026-09-24,2026-09-24,2026-09-24,1.0,XLP,KVUE,-0.078110712042648,-0.0494992434485538,0.0041455280711095,-0.0819166523320239,-0.0301014685121354,Debilidad relativa doble
2026-09-24,2026-09-24,2026-09-24,1.0,XLP,KMB,-0.1137938684490721,-0.0494992434485538,0.0041455280711095,-0.1174524939096574,-0.0676428972384919,Debilidad relativa doble
2026-09-24,2026-09-24,2026-09-24,1.0,XLP,KR,0.0080410162510016,-0.0494992434485538,0.0041455280711095,0.003879405993447,0.0605367847452533,Liderazgo relativo doble
2026-09-24,2026-09-24,2026-09-24,1.0,XLP,DG,-0.0004079217736244,-0.0494992434485538,0.0041455280711095,-0.0045346513203926,0.0516478512368994,Liderazgo interno en sector débil
2026-09-24,2026-09-24,2026-09-24,1.0,XLP,CASY,-0.274050831605131,-0.0494992434485538,0.0041455280711095,-0.2770478500368721,-0.236245564886537,Debilidad relativa doble
2026-09-24,2026-09-24,2026-09-24,1.0,XLP,HSY,-0.1084516966945865,-0.0494992434485538,0.0041455280711095,-0.112132376849785,-0.0620225211181532,Debilidad relativa doble
2026-09-24,2026-09-24,2026-09-24,1.0,XLRE,WELL,-0.0312668193115087,-0.0740612871926869,0.0041455280711095,-0.035266150565489,0.0462173870573263,Liderazgo interno en sector débil
2026-09-24,2026-09-24,2026-09-24,1.0,XLRE,PLD,-0.0589376760126983,-0.0740612871926869,0.0041455280711095,-0.0628227705250913,0.016333274514612,Liderazgo interno en sector débil
2026-09-24,2026-09-24,2026-09-24,1.0,XLRE,EQIX,-0.0360336243776737,-0.0740612871926869,0.0041455280711095,-0.0400132762887114,0.0410693086799651,Liderazgo interno en sector débil
2026-09-24,2026-09-24,2026-09-24,1.0,XLRE,AMT,-0.0633365758721614,-0.0740612871926869,0.0041455280711095,-0.0672035099064766,0.011582528273399,Liderazgo interno en sector débil
2026-09-24,2026-09-24,2026-09-24,1.0,XLRE,DLR,-0.0524068928318536,-0.0740612871926869,0.0041455280711095,-0.0563189491184572,0.0233864229471303,Liderazgo interno en sector débil
2026-09-24,2026-09-24,2026-09-24,1.0,XLRE,VMRK,-0.0971606513259655,-0.0740612871926869,0.0041455280711095,-0.1008879455866091,-0.024946968750496,Debilidad relativa doble
2026-09-24,2026-09-24,2026-09-24,1.0,XLRE,SPG,-0.0552213573532545,-0.0740612871926869,0.0041455280711095,-0.0591217943662045,0.0203468432401021,Liderazgo interno en sector débil
2026-09-24,2026-09-24,2026-09-24,1.0,XLRE,VTR,-0.0746030039795142,-0.0740612871926869,0.0041455280711095,-0.0784234255386209,-0.0005850460503858,Debilidad relativa doble
2026-09-24,2026-09-24,2026-09-24,1.0,XLRE,PSA,-0.1090601910667358,-0.0740612871926869,0.0041455280711095,-0.1127383591054828,-0.0377982941958839,Debilidad relativa doble
2026-09-24,2026-09-24,2026-09-24,1.0,XLRE,O,-0.1142235448098798,-0.0740612871926869,0.0041455280711095,-0.1178803963887263,-0.0433746392300919,Debilidad relativa doble
2026-09-24,2026-09-24,2026-09-24,1.0,XLRE,CBRE,-0.1002372885412371,-0.0740612871926869,0.0041455280711095,-0.103951881170908,-0.0282696910567529,Debilidad relativa doble
2026-09-24,2026-09-24,2026-09-24,1.0,XLRE,IRM,-0.048995177884088,-0.0740612871926869,0.0041455280711095,-0.0529213191411378,0.0270710242069931,Liderazgo interno en sector débil
2026-09-24,2026-09-24,2026-09-24,1.0,XLRE,CCI,-0.1006244717142184,-0.0740612871926869,0.0041455280711095,-0.1043374658916058,-0.0286878431089632,Debilidad relativa doble
2026-09-24,2026-09-24,2026-09-24,1.0,XLRE,EXR,-0.076518675778192,-0.0740612871926869,0.0041455280711095,-0.0803311886517601,-0.0026539430218385,Debilidad relativa doble
2026-09-24,2026-09-24,2026-09-24,1.0,XLRE,VICI,-0.0979569399163257,-0.0740612871926869,0.0041455280711095,-0.1016809467683103,-0.0258069485519085,Debilidad relativa doble
2026-09-24,2026-09-24,2026-09-24,1.0,XLRE,SBAC,-0.1145933299197193,-0.0740612871926869,0.0041455280711095,-0.1182486548726833,-0.043774001633591,Debilidad relativa doble
2026-09-24,2026-09-24,2026-09-24,1.0,XLRE,ESS,-0.0696918017243686,-0.0740612871926869,0.0041455280711095,-0.0735324987577391,0.004718979137475,Liderazgo interno en sector débil
2026-09-24,2026-09-24,2026-09-24,1.0,XLRE,WY,-0.168020644814808,-0.0740612871926869,0.0041455280711095,-0.1714553997134621,-0.1014747048832744,Debilidad relativa doble
2026-09-24,2026-09-24,2026-09-24,1.0,XLRE,KIM,-0.0642752630225025,-0.0740612871926869,0.0041455280711095,-0.0681383217680045,0.010568760150998,Liderazgo interno en sector débil
2026-09-24,2026-09-24,2026-09-24,1.0,XLRE,INVH,-0.1129250071046411,-0.0740612871926869,0.0041455280711095,-0.1165872195842316,-0.0419722378753611,Debilidad relativa doble
2026-09-24,2026-09-24,2026-09-24,1.0,XLU,NEE,-0.0953614532826747,-0.084520634909368,0.0041455280711095,-0.0990961753770193,-0.0118416851178655,Debilidad relativa doble
2026-09-24,2026-09-24,2026-09-24,1.0,XLU,SO,-0.0786929169166833,-0.084520634909368,0.0041455280711095,-0.0824964536235295,0.0063657557066922,Liderazgo interno en sector débil
2026-09-24,2026-09-24,2026-09-24,1.0,XLU,CEG,-0.0603405556364842,-0.084520634909368,0.0041455280711095,-0.0642198584815358,0.0264124787460282,Liderazgo interno en sector débil
2026-09-24,2026-09-24,2026-09-24,1.0,XLU,DUK,-0.0687555985915581,-0.084520634909368,0.0041455280711095,-0.07260016065869,0.0172205261188482,Liderazgo interno en sector débil
2026-09-24,2026-09-24,2026-09-24,1.0,XLU,AEP,-0.0423556006388134,-0.084520634909368,0.0041455280711095,-0.046309152816971,0.0460578751181139,Liderazgo interno en sector débil
2026-09-24,2026-09-24,2026-09-24,1.0,XLU,D,-0.0884477789637429,-0.084520634909368,0.0041455280711095,-0.0922110435652863,-0.0042897133503234,Debilidad relativa doble
2026-09-24,2026-09-24,2026-09-24,1.0,XLU,SRE,-0.0670839252446658,-0.084520634909368,0.0041455280711095,-0.0709353886708056,0.0190465348860986,Liderazgo interno en sector débil
2026-09-24,2026-09-24,2026-09-24,1.0,XLU,ETR,-0.0760541638189888,-0.084520634909368,0.0041455280711095,-0.0798685943900544,0.0092481288090431,Liderazgo interno en sector débil
2026-09-24,2026-09-24,2026-09-24,1.0,XLU,VST,-0.0062151977453487,-0.084520634909368,0.0041455280711095,-0.01031795245492,0.0855349013314648,Liderazgo interno en sector débil
2026-09-24,2026-09-24,2026-09-24,1.0,XLU,XEL,-0.0915831909121732,-0.084520634909368,0.0041455280711095,-0.0953335112363351,-0.0077145987906631,Debilidad relativa doble
2026-09-24,2026-09-24,2026-09-24,1.0,XLU,EXC,-0.0841171749284832,-0.084520634909368,0.0041455280711095,-0.0878983180546937,0.0004407089840248,Liderazgo interno en sector débil
2026-09-24,2026-09-24,2026-09-24,1.0,XLU,ED,-0.040900153172087,-0.084520634909368,0.0041455280711095,-0.0448597140393843,0.0476476951864037,Liderazgo interno en sector débil
2026-09-24,2026-09-24,2026-09-24,1.0,XLU,PEG,-0.0834312064804192,-0.084520634909368,0.0041455280711095,-0.0872151815681112,0.0011900087216503,Liderazgo interno en sector débil
2026-09-24,2026-09-24,2026-09-24,1.0,XLU,WEC,-0.0540920290813899,-0.084520634909368,0.0041455280711095,-0.0579971284285552,0.0332378937071569,Liderazgo interno en sector débil
2026-09-24,2026-09-24,2026-09-24,1.0,XLU,PCG,-0.3289760737873792,-0.084520634909368,0.0041455280711095,-0.3317463381014016,-0.2670245209227739,Debilidad relativa doble
2026-09-24,2026-09-24,2026-09-24,1.0,XLU,AEE,-0.0648343598523711,-0.084520634909368,0.0041455280711095,-0.0686951104149078,0.0215037889521931,Liderazgo interno en sector débil
2026-09-24,2026-09-24,2026-09-24,1.0,XLU,DTE,-0.1017444474417768,-0.084520634909368,0.0041455280711095,-0.1054528178961203,-0.0188139822580312,Debilidad relativa doble
2026-09-24,2026-09-24,2026-09-24,1.0,XLU,ATO,-0.0664836449747077,-0.084520634909368,0.0041455280711095,-0.0703375866060876,0.0197022353779374,Liderazgo interno en sector débil
2026-09-24,2026-09-24,2026-09-24,1.0,XLU,AWK,-0.0441134233646205,-0.084520634909368,0.0041455280711095,-0.0480597185235013,0.0441377633244055,Liderazgo interno en sector débil
2026-09-24,2026-09-24,2026-09-24,1.0,XLU,ES,-0.0912131993712908,-0.084520634909368,0.0041455280711095,-0.0949650471735681,-0.0073104481838979,Debilidad relativa doble
2026-09-24,2026-09-24,2026-09-24,1.0,XLV,LLY,-0.0419645754072547,-0.0272113604963716,0.0041455280711095,-0.0459197418993025,-0.0151658996741687,Debilidad relativa doble
2026-09-24,2026-09-24,2026-09-24,1.0,XLV,JNJ,-0.0090064503211753,-0.0272113604963716,0.0041455280711095,-0.0130976815856053,0.0187141475916963,Liderazgo interno en sector débil
2026-09-24,2026-09-24,2026-09-24,1.0,XLV,ABBV,-0.0025208375265962,-0.0272113604963716,0.0041455280711095,-0.0066388440831992,0.0253811793920351,Liderazgo interno en sector débil
2026-09-24,2026-09-24,2026-09-24,1.0,XLV,MRK,-0.0485554707473996,-0.0272113604963716,0.0041455280711095,-0.0524834272973798,-0.0219411590393561,Debilidad relativa doble
2026-09-24,2026-09-24,2026-09-24,1.0,XLV,UNH,-0.0485913132077984,-0.0272113604963716,0.0041455280711095,-0.052519121785277,-0.021978004104094,Debilidad relativa doble
2026-09-24,2026-09-24,2026-09-24,1.0,XLV,TMO,0.0808087379215725,-0.0272113604963716,0.0041455280711095,0.0763467124110262,0.1110416939830445,Liderazgo relativo doble
2026-09-24,2026-09-24,2026-09-24,1.0,XLV,AMGN,-0.0818559661921757,-0.0272113604963716,0.0041455280711095,-0.0856464445233231,-0.0561731536294326,Debilidad relativa doble
2026-09-24,2026-09-24,2026-09-24,1.0,XLV,ABT,-0.1296822346919542,-0.0272113604963716,0.0041455280711095,-0.1332752664049973,-0.1053372439134044,Debilidad relativa doble
2026-09-24,2026-09-24,2026-09-24,1.0,XLV,GILD,0.0118511405403816,-0.0272113604963716,0.0041455280711095,0.0076738005138299,0.0401551780628164,Liderazgo relativo doble
2026-09-24,2026-09-24,2026-09-24,1.0,XLV,PFE,-0.0056002747329778,-0.0272113604963716,0.0041455280711095,-0.0097055680990866,0.022215602532551,Liderazgo interno en sector débil
2026-09-24,2026-09-24,2026-09-24,1.0,XLV,VRTX,-0.0551143566043056,-0.0272113604963716,0.0041455280711095,-0.0590152353606047,-0.0286835135350385,Debilidad relativa doble
2026-09-24,2026-09-24,2026-09-24,1.0,XLV,BMY,-0.0945229437871317,-0.0272113604963716,0.0041455280711095,-0.0982611275954953,-0.0691944586494208,Debilidad relativa doble
2026-09-24,2026-09-24,2026-09-24,1.0,XLV,DHR,0.03611614116623,-0.0272113604963716,0.0041455280711095,0.0318386251806883,0.065098932173915,Liderazgo relativo doble
2026-09-24,2026-09-24,2026-09-24,1.0,XLV,ISRG,0.0744406006572473,-0.0272113604963716,0.0041455280711095,0.0700048654512952,0.1044954238008859,Liderazgo relativo doble
2026-09-24,2026-09-24,2026-09-24,1.0,XLV,CVS,-0.0844994439740062,-0.0272113604963716,0.0041455280711095,-0.088279008935484,-0.058890576175793,Debilidad relativa doble
2026-09-24,2026-09-24,2026-09-24,1.0,XLV,MDT,-0.0288566740293031,-0.0272113604963716,0.0041455280711095,-0.0328659553598844,-0.0016913371169414,Debilidad relativa doble
2026-09-24,2026-09-24,2026-09-24,1.0,XLV,MCK,-0.0384558418983005,-0.0272113604963716,0.0041455280711095,-0.0424254938935437,-0.0115590180079266,Debilidad relativa doble
2026-09-24,2026-09-24,2026-09-24,1.0,XLV,SYK,-0.1840345957586299,-0.0272113604963716,0.0041455280711095,-0.1874032384441524,-0.1612099780917243,Debilidad relativa doble
2026-09-24,2026-09-24,2026-09-24,1.0,XLV,ELV,0.002791325428894,-0.0272113604963716,0.0041455280711095,-0.0013486119335878,0.0308419369911379,Liderazgo interno en sector débil
2026-09-24,2026-09-24,2026-09-24,1.0,XLV,REGN,-0.045035724047812,-0.0272113604963716,0.0041455280711095,-0.0489782115679937,-0.0183229561156629,Debilidad relativa doble
2026-09-24,2026-09-24,2026-09-24,1.0,XLY,AMZN,-0.0447406450050231,-0.0626284238777381,0.0041455280711095,-0.048684350733543,0.0190829115458284,Liderazgo interno en sector débil
2026-09-24,2026-09-24,2026-09-24,1.0,XLY,TSLA,0.0790578228162919,-0.0626284238777381,0.0041455280711095,0.0746030258075076,0.151152702197522,Liderazgo relativo doble
2026-09-24,2026-09-24,2026-09-24,1.0,XLY,HD,-0.1288826266013711,-0.0626284238777381,0.0041455280711095,-0.1324789594273433,-0.0706808318188128,Debilidad relativa doble
2026-09-24,2026-09-24,2026-09-24,1.0,XLY,MCD,-0.1096429846368801,-0.0626284238777381,0.0041455280711095,-0.1133187466627164,-0.05015573541672,Debilidad relativa doble
2026-09-24,2026-09-24,2026-09-24,1.0,XLY,BKNG,-0.2619040259772596,-0.0626284238777381,0.0041455280711095,-0.2649511914467527,-0.2125897639481334,Debilidad relativa doble
2026-09-24,2026-09-24,2026-09-24,1.0,XLY,TJX,-0.0562804064036592,-0.0626284238777381,0.0041455280711095,-0.060176471224089,0.0067721463246619,Liderazgo interno en sector débil
2026-09-24,2026-09-24,2026-09-24,1.0,XLY,SBUX,-0.1145045420361523,-0.0626284238777381,0.0041455280711095,-0.1181602335422237,-0.0553421071001708,Debilidad relativa doble
2026-09-24,2026-09-24,2026-09-24,1.0,XLY,LOW,-0.1216682193278083,-0.0626284238777381,0.0041455280711095,-0.1252943362110041,-0.0629844097623562,Debilidad relativa doble
2026-09-24,2026-09-24,2026-09-24,1.0,XLY,GM,-0.0591233523365308,-0.0626284238777381,0.0041455280711095,-0.0630076803002602,0.0037392552009174,Liderazgo interno en sector débil
2026-09-24,2026-09-24,2026-09-24,1.0,XLY,DASH,-0.1968736668980861,-0.0626284238777381,0.0041455280711095,-0.2001893045874924,-0.1432145441999601,Debilidad relativa doble
2026-09-24,2026-09-24,2026-09-24,1.0,XLY,ROST,-0.0221196735297113,-0.0626284238777381,0.0041455280711095,-0.02615676798489,0.043215253566365,Liderazgo interno en sector débil
2026-09-24,2026-09-24,2026-09-24,1.0,XLY,ABNB,-0.2053018404742864,-0.0626284238777381,0.0041455280711095,-0.2085826831771378,-0.1522058276897648,Debilidad relativa doble
2026-09-24,2026-09-24,2026-09-24,1.0,XLY,MAR,-0.0174972173191633,-0.0626284238777381,0.0041455280711095,-0.0215533951855037,0.0481465490401091,Liderazgo interno en sector débil
2026-09-24,2026-09-24,2026-09-24,1.0,XLY,ORLY,-0.0451727396461505,-0.0626284238777381,0.0041455280711095,-0.0491146615092703,0.0186219474499094,Liderazgo interno en sector débil
2026-09-24,2026-09-24,2026-09-24,1.0,XLY,HLT,-0.052169666281463,-0.0626284238777381,0.0041455280711095,-0.0560827019373875,0.0111575365230736,Liderazgo interno en sector débil
2026-09-24,2026-09-24,2026-09-24,1.0,XLY,RCL,-0.1775287831970406,-0.0626284238777381,0.0041455280711095,-0.1809242845677293,-0.1225771745657412,Debilidad relativa doble
2026-09-24,2026-09-24,2026-09-24,1.0,XLY,F,-0.0967741538533057,-0.0626284238777381,0.0041455280711095,-0.1005030437353784,-0.0364271019576062,Debilidad relativa doble
2026-09-24,2026-09-24,2026-09-24,1.0,XLY,CVNA,-0.1529628725270797,-0.0626284238777381,0.0041455280711095,-0.1564597921378817,-0.0963699465083409,Debilidad relativa doble
2026-09-24,2026-09-24,2026-09-24,1.0,XLY,AZO,-0.0546982113284814,-0.0626284238777381,0.0041455280711095,-0.0586008081046036,0.0084600522901094,Liderazgo interno en sector débil
2026-09-24,2026-09-24,2026-09-24,1.0,XLY,CMG,-0.1448036852645471,-0.0626284238777381,0.0041455280711095,-0.1483342893751439,-0.0876656210621974,Debilidad relativa doble
2026-09-25,2026-09-25,2026-09-25,1.0,XLB,LIN,-0.0286649811320468,-0.0601318804610769,0.0028081934817536,-0.0313850393508707,0.0334801220244251,Liderazgo interno en sector débil
2026-09-25,2026-09-25,2026-09-25,1.0,XLB,NEM,-0.080181551772145,-0.0601318804610769,0.0028081934817536,-0.082757346612574,-0.0213324304700365,Debilidad relativa doble
2026-09-25,2026-09-25,2026-09-25,1.0,XLB,FCX,-0.077913807102984,-0.0601318804610769,0.0028081934817536,-0.0804959523759679,-0.0189195976246437,Debilidad relativa doble
2026-09-25,2026-09-25,2026-09-25,1.0,XLB,CTVA,-0.0450562990327595,-0.0601318804610769,0.0028081934817536,-0.0477304561586473,0.0160401029835048,Liderazgo interno en sector débil
2026-09-25,2026-09-25,2026-09-25,1.0,XLB,ECL,-0.0198577121528581,-0.0601318804610769,0.0028081934817536,-0.0226024336278263,0.0428508718095219,Liderazgo interno en sector débil
2026-09-25,2026-09-25,2026-09-25,1.0,XLB,APD,-0.077618068420236,-0.0601318804610769,0.0028081934817536,-0.0802010418590113,-0.018604937858449,Debilidad relativa doble
2026-09-25,2026-09-25,2026-09-25,1.0,XLB,SHW,-0.0466672047458941,-0.0601318804610769,0.0028081934817536,-0.0493368508048074,0.0143261330342689,Liderazgo interno en sector débil
2026-09-25,2026-09-25,2026-09-25,1.0,XLB,NUE,-0.0202876539059646,-0.0601318804610769,0.0028081934817536,-0.0230311714023091,0.0423934227864426,Liderazgo interno en sector débil
2026-09-25,2026-09-25,2026-09-25,1.0,XLB,VMC,-0.1053496639054676,-0.0601318804610769,0.0028081934817536,-0.1078549797361515,-0.0481107748037814,Debilidad relativa doble
2026-09-25,2026-09-25,2026-09-25,1.0,XLB,MLM,-0.0823028652175693,-0.0601318804610769,0.0028081934817536,-0.0848727196811357,-0.0235894635593862,Debilidad relativa doble
2026-09-25,2026-09-25,2026-09-25,1.0,XLB,CRH,-0.1102741233899288,-0.0601318804610769,0.0028081934817536,-0.1127656491108836,-0.0533502965857065,Debilidad relativa doble
2026-09-25,2026-09-25,2026-09-25,1.0,XLB,STLD,-0.009243524040163,-0.0601318804610769,0.0028081934817536,-0.0120179687404359,0.054144145718953,Liderazgo interno en sector débil
2026-09-25,2026-09-25,2026-09-25,1.0,XLB,PPG,-0.0524368072056662,-0.0601318804610769,0.0028081934817536,-0.0550902964759482,0.0081873968224241,Liderazgo interno en sector débil
2026-09-25,2026-09-25,2026-09-25,1.0,XLB,SW,-0.0456508569184196,-0.0601318804610769,0.0028081934817536,-0.0483233490862528,0.0154075058421614,Liderazgo interno en sector débil
2026-09-25,2026-09-25,2026-09-25,1.0,XLB,IFF,-0.0086864254005105,-0.0601318804610769,0.0028081934817536,-0.0114624301606021,0.0547368870068754,Liderazgo interno en sector débil
2026-09-25,2026-09-25,2026-09-25,1.0,XLB,DOW,-0.065441280642311,-0.0601318804610769,0.0028081934817536,-0.0680583531005089,-0.0056490906233086,Debilidad relativa doble
2026-09-25,2026-09-25,2026-09-25,1.0,XLB,CF,-0.0878211836443404,-0.0601318804610769,0.0028081934817536,-0.0903755849973947,-0.0294608388215648,Debilidad relativa doble
2026-09-25,2026-09-25,2026-09-25,1.0,XLB,PKG,-0.0204150312498246,-0.0601318804610769,0.0028081934817536,-0.023158192047621,0.0422578959596335,Liderazgo interno en sector débil
2026-09-25,2026-09-25,2026-09-25,1.0,XLB,AMCR,-0.0730702002610835,-0.0601318804610769,0.0028081934817536,-0.0756659092297472,-0.0137661013614908,Debilidad relativa doble
2026-09-25,2026-09-25,2026-09-25,1.0,XLB,IP,-0.1218656088311196,-0.0601318804610769,0.0028081934817536,-0.1243246745721187,-0.0656833943897657,Debilidad relativa doble
2026-09-25,2026-09-25,2026-09-25,1.0,XLC,META,0.3172005673444518,0.0172541456016837,0.0028081934817536,0.313511971587634,0.2948588836326209,Liderazgo relativo doble
2026-09-25,2026-09-25,2026-09-25,1.0,XLC,GOOGL,0.0102482696710759,0.0172541456016837,0.0028081934817536,0.007419241523636,-0.0068870458389372,Fortaleza sectorial
2026-09-25,2026-09-25,2026-09-25,1.0,XLC,GOOG,0.010634691458039,0.0172541456016837,0.0028081934817536,0.0078045812022256,-0.0065071783410912,Fortaleza sectorial
2026-09-25,2026-09-25,2026-09-25,1.0,XLC,T,-0.0019662266539179,0.0172541456016837,0.0028081934817536,-0.0047610501855741,-0.0188943661116596,Debilidad relativa doble
2026-09-25,2026-09-25,2026-09-25,1.0,XLC,VZ,-0.0475419473925236,0.0172541456016837,0.0028081934817536,-0.0502091438836985,-0.0636970547373703,Debilidad relativa doble
2026-09-25,2026-09-25,2026-09-25,1.0,XLC,CMCSA,-0.1703900047708993,0.0172541456016837,0.0028081934817536,-0.1727131862089281,-0.1844614260692894,Debilidad relativa doble
2026-09-25,2026-09-25,2026-09-25,1.0,XLC,DIS,-0.0062722165405302,0.0172541456016837,0.0028081934817536,-0.0090549818811876,-0.0231273199956325,Debilidad relativa doble
2026-09-25,2026-09-25,2026-09-25,1.0,XLC,TMUS,-0.0639394421325592,0.0172541456016837,0.0028081934817536,-0.066560720233612,-0.0798164235410597,Debilidad relativa doble
2026-09-25,2026-09-25,2026-09-25,1.0,XLC,NFLX,-0.1088426253833331,0.0172541456016837,0.0028081934817536,-0.1113381597705486,-0.1239579819165379,Debilidad relativa doble
2026-09-25,2026-09-25,2026-09-25,1.0,XLC,WBD,0.0685596089723847,0.0172541456016837,0.0028081934817536,0.0655672898546451,0.0504352462877946,Liderazgo relativo doble
2026-09-25,2026-09-25,2026-09-25,1.0,XLC,OMC,-0.1246667994426216,0.0172541456016837,0.0028081934817536,-0.1271180209265957,-0.139513754412239,Debilidad relativa doble
2026-09-25,2026-09-25,2026-09-25,1.0,XLC,LYV,-0.0540854977052264,0.0172541456016837,0.0028081934817536,-0.0567343700986775,-0.0701296166895582,Debilidad relativa doble
2026-09-25,2026-09-25,2026-09-25,1.0,XLC,TTWO,-0.1354506332986856,0.0172541456016837,0.0028081934817536,-0.1378716564933561,-0.1501146783826059,Debilidad relativa doble
2026-09-25,2026-09-25,2026-09-25,1.0,XLC,CHTR,-0.2387405738506013,0.0172541456016837,0.0028081934817536,-0.2408723511658762,-0.2516526676830298,Debilidad relativa doble
2026-09-25,2026-09-25,2026-09-25,1.0,XLC,FOXA,-0.0575923864209215,0.0172541456016837,0.0028081934817536,-0.0602314383700478,-0.0735770233488064,Debilidad relativa doble
2026-09-25,2026-09-25,2026-09-25,1.0,XLC,ECHO,0.0420955168065491,0.0172541456016837,0.0028081934817536,0.0391773058698192,0.0244200245457562,Liderazgo relativo doble
2026-09-25,2026-09-25,2026-09-25,1.0,XLC,TKO,-0.0050017287751296,0.0172541456016837,0.0028081934817536,-0.0077880519003012,-0.0218783815952398,Debilidad relativa doble
2026-09-25,2026-09-25,2026-09-25,1.0,XLC,NWSA,-0.083492737167595,0.0172541456016837,0.0028081934817536,-0.0860592595975024,-0.0990380655658956,Debilidad relativa doble
2026-09-25,2026-09-25,2026-09-25,1.0,XLC,FOX,-0.0592858006036159,0.0172541456016837,0.0028081934817536,-0.061920110434857,-0.0752417147044685,Debilidad relativa doble
2026-09-25,2026-09-25,2026-09-25,1.0,XLC,APP,-0.0060135139092526,0.0172541456016837,0.0028081934817536,-0.0087970037025498,-0.0228730053463425,Debilidad relativa doble
2026-09-25,2026-09-25,2026-09-25,1.0,XLE,XOM,0.0265277028363555,0.001906672948728,0.0028081934817536,0.0236530869101174,0.0245741749729693,Liderazgo relativo doble
2026-09-25,2026-09-25,2026-09-25,1.0,XLE,CVX,0.023426903817844,0.001906672948728,0.0028081934817536,0.0205609711509258,0.0214792769128679,Liderazgo relativo doble
2026-09-25,2026-09-25,2026-09-25,1.0,XLE,COP,-0.0171402188655976,0.001906672948728,0.0028081934817536,-0.0198925502174951,-0.0190106447322768,Debilidad relativa doble
2026-09-25,2026-09-25,2026-09-25,1.0,XLE,MPC,0.0824667980526974,0.001906672948728,0.0028081934817536,0.0794355342215231,0.0804068156037642,Liderazgo relativo doble
2026-09-25,2026-09-25,2026-09-25,1.0,XLE,PSX,0.0664692990437629,0.001906672948728,0.0028081934817536,0.0634828334828196,0.0644397605467779,Liderazgo relativo doble
2026-09-25,2026-09-25,2026-09-25,1.0,XLE,VLO,0.1171124289990166,0.001906672948728,0.0028081934817536,0.1139841459814945,0.1149865143738635,Liderazgo relativo doble
2026-09-25,2026-09-25,2026-09-25,1.0,XLE,SLB,-0.0582180360605221,0.001906672948728,0.0028081934817536,-0.0608553359844343,-0.0600102890145407,Debilidad relativa doble
2026-09-25,2026-09-25,2026-09-25,1.0,XLE,EOG,-0.0287196809445285,0.001906672948728,0.0028081934817536,-0.0314395859858477,-0.030568070579987,Debilidad relativa doble
2026-09-25,2026-09-25,2026-09-25,1.0,XLE,WMB,-0.0596716947418849,0.001906672948728,0.0028081934817536,-0.0623049239423425,-0.0614611813187955,Debilidad relativa doble
2026-09-25,2026-09-25,2026-09-25,1.0,XLE,BKR,-0.0689099780588884,0.001906672948728,0.0028081934817536,-0.0715173370209873,-0.0706818837718635,Debilidad relativa doble
2026-09-25,2026-09-25,2026-09-25,1.0,XLE,TRGP,-0.0384496120428621,0.001906672948728,0.0028081934817536,-0.0411422700699807,-0.0402794851867958,Debilidad relativa doble
2026-09-25,2026-09-25,2026-09-25,1.0,XLE,KMI,-0.0250475869561063,0.001906672948728,0.0028081934817536,-0.027777775070968,-0.0269029647497055,Debilidad relativa doble
2026-09-25,2026-09-25,2026-09-25,1.0,XLE,OKE,-0.0642948045692598,0.001906672948728,0.0028081934817536,-0.0669150875383572,-0.0660754931626008,Debilidad relativa doble
2026-09-25,2026-09-25,2026-09-25,1.0,XLE,DVN,0.0049812014299657,0.001906672948728,0.0028081934817536,0.0021669228097023,0.003068677516828,Liderazgo relativo doble
2026-09-25,2026-09-25,2026-09-25,1.0,XLE,OXY,-0.0346304875387057,0.001906672948728,0.0028081934817536,-0.0373338403732743,-0.0364676286463895,Debilidad relativa doble
2026-09-25,2026-09-25,2026-09-25,1.0,XLE,FANG,-0.069070445882779,0.001906672948728,0.0028081934817536,-0.0716773554820785,-0.07084204621835,Debilidad relativa doble
2026-09-25,2026-09-25,2026-09-25,1.0,XLE,EQT,-0.0723023379838464,0.001906672948728,0.0028081934817536,-0.0749001972199848,-0.0740677878850419,Debilidad relativa doble
2026-09-25,2026-09-25,2026-09-25,1.0,XLE,HAL,-0.0726391723655049,0.001906672948728,0.0028081934817536,-0.0752360883543493,-0.0744039812558947,Debilidad relativa doble
2026-09-25,2026-09-25,2026-09-25,1.0,XLE,EXE,-0.1138775883888711,0.001906672948728,0.0028081934817536,-0.1163590232200749,-0.1155639187398889,Debilidad relativa doble
2026-09-25,2026-09-25,2026-09-25,1.0,XLE,TPL,-0.0759850218751361,0.001906672948728,0.0028081934817536,-0.0785725683825133,-0.0777434634651347,Debilidad relativa doble
2026-09-25,2026-09-25,2026-09-25,1.0,XLF,JPM,-0.0315058540558129,-0.0491691957047194,0.0028081934817536,-0.0342179568940578,0.0185767452727805,Liderazgo interno en sector débil
2026-09-25,2026-09-25,2026-09-25,1.0,XLF,V,-0.0323447259675682,-0.0491691957047194,0.0028081934817536,-0.0350544796879558,0.0176944937639256,Liderazgo interno en sector débil
2026-09-25,2026-09-25,2026-09-25,1.0,XLF,MA,-0.0406941626239929,-0.0491691957047194,0.0028081934817536,-0.0433805351696482,0.008913292504241,Liderazgo interno en sector débil
2026-09-25,2026-09-25,2026-09-25,1.0,XLF,BAC,-0.0683457701697698,-0.0491691957047194,0.0028081934817536,-0.0709547090999292,-0.0201682301187784,Debilidad relativa doble
2026-09-25,2026-09-25,2026-09-25,1.0,XLF,GS,-0.0968790073220008,-0.0491691957047194,0.0028081934817536,-0.0994080437831687,-0.0501769730237569,Debilidad relativa doble
2026-09-25,2026-09-25,2026-09-25,1.0,XLF,WFC,-0.0235377188568605,-0.0491691957047194,0.0028081934817536,-0.0262721351000744,0.0269569272809331,Liderazgo interno en sector débil
2026-09-25,2026-09-25,2026-09-25,1.0,XLF,MS,-0.0863353020527921,-0.0491691957047194,0.0028081934817536,-0.0888938643640707,-0.0390880335178231,Debilidad relativa doble
2026-09-25,2026-09-25,2026-09-25,1.0,XLF,C,0.0120591362062056,-0.0491691957047194,0.0028081934817536,0.0092250370355797,0.0643945606666638,Liderazgo relativo doble
2026-09-25,2026-09-25,2026-09-25,1.0,XLF,SCHW,-0.0834799076140719,-0.0491691957047194,0.0028081934817536,-0.086046465970958,-0.0360849814229381,Debilidad relativa doble
2026-09-25,2026-09-25,2026-09-25,1.0,XLF,AXP,-0.0756224226021495,-0.0491691957047194,0.0028081934817536,-0.0782109845070091,-0.027821171524871,Debilidad relativa doble
2026-09-25,2026-09-25,2026-09-25,1.0,XLF,BLK,-0.064822777122792,-0.0491691957047194,0.0028081934817536,-0.0674415815947122,-0.0164630566735524,Debilidad relativa doble
2026-09-25,2026-09-25,2026-09-25,1.0,XLF,COF,-0.0760142214422362,-0.0491691957047194,0.0028081934817536,-0.078601686181201,-0.0282332309978253,Debilidad relativa doble
2026-09-25,2026-09-25,2026-09-25,1.0,XLF,SPGI,-0.0737040946641377,-0.0491691957047194,0.0028081934817536,-0.0762980285195321,-0.0258036433491473,Debilidad relativa doble
2026-09-25,2026-09-25,2026-09-25,1.0,XLF,PGR,-0.0558235434744049,-0.0491691957047194,0.0028081934817536,-0.0584675487668175,-0.00699845623388,Debilidad relativa doble
2026-09-25,2026-09-25,2026-09-25,1.0,XLF,CB,-0.0116252157685141,-0.0491691957047194,0.0028081934817536,-0.0143929909469078,0.0394854476386379,Liderazgo interno en sector débil
2026-09-25,2026-09-25,2026-09-25,1.0,XLF,BNY,-0.0745192997246853,-0.0491691957047194,0.0028081934817536,-0.0771109507372068,-0.0266610041507378,Debilidad relativa doble
2026-09-25,2026-09-25,2026-09-25,1.0,XLF,CME,-0.0541697329503803,-0.0491691957047194,0.0028081934817536,-0.0568183694573798,-0.0052591241502394,Debilidad relativa doble
2026-09-25,2026-09-25,2026-09-25,1.0,XLF,BX,-0.1755778427169823,-0.0491691957047194,0.0028081934817536,-0.177886496498776,-0.1329454687850085,Debilidad relativa doble
2026-09-25,2026-09-25,2026-09-25,1.0,XLF,PNC,-0.0733850581918758,-0.0491691957047194,0.0028081934817536,-0.0759798854545515,-0.0254681089188146,Debilidad relativa doble
2026-09-25,2026-09-25,2026-09-25,1.0,XLF,TRV,-0.0136699641355486,-0.0491691957047194,0.0028081934817536,-0.0164320133445361,0.0373349616028495,Liderazgo interno en sector débil
2026-09-25,2026-09-25,2026-09-25,1.0,XLI,CAT,0.0056058960708,-0.0442503047124407,0.0028081934817536,0.0027898680996341,0.0521644956091149,Liderazgo relativo doble
2026-09-25,2026-09-25,2026-09-25,1.0,XLI,GE,-0.0456336304002902,-0.0442503047124407,0.0028081934817536,-0.0483061708080522,-0.0014473723556179,Debilidad relativa doble
2026-09-25,2026-09-25,2026-09-25,1.0,XLI,RTX,-0.1069408135550539,-0.0442503047124407,0.0028081934817536,-0.1094416736422532,-0.0655930199629845,Debilidad relativa doble
2026-09-25,2026-09-25,2026-09-25,1.0,XLI,GEV,0.003983925568376,-0.0442503047124407,0.0028081934817536,0.0011724396492416,0.0504674294102749,Liderazgo relativo doble
2026-09-25,2026-09-25,2026-09-25,1.0,XLI,UNP,-0.1059883344173551,-0.0442503047124407,0.0028081934817536,-0.1084918617600907,-0.0645964419442886,Debilidad relativa doble
2026-09-25,2026-09-25,2026-09-25,1.0,XLI,DE,0.1088877585718639,-0.0442503047124407,0.0028081934817536,0.1057825073425076,0.1602282104188686,Liderazgo relativo doble
2026-09-25,2026-09-25,2026-09-25,1.0,XLI,BA,-0.0563151750907701,-0.0442503047124407,0.0028081934817536,-0.0589578036526079,-0.0126234624377247,Debilidad relativa doble
2026-09-25,2026-09-25,2026-09-25,1.0,XLI,ETN,0.0575425486725067,-0.0442503047124407,0.0028081934817536,0.0545810809549882,0.1065057659833423,Liderazgo relativo doble
2026-09-25,2026-09-25,2026-09-25,1.0,XLI,UBER,-0.0952565885946743,-0.0442503047124407,0.0028081934817536,-0.0977901683630513,-0.0533678264651574,Debilidad relativa doble
2026-09-25,2026-09-25,2026-09-25,1.0,XLI,PH,-0.030557388288675,-0.0442503047124407,0.0028081934817536,-0.0332721471436958,0.0143268854714579,Liderazgo interno en sector débil
2026-09-25,2026-09-25,2026-09-25,1.0,XLI,VRT,-0.0591870820771369,-0.0442503047124407,0.0028081934817536,-0.0618216683527911,-0.015628335994606,Debilidad relativa doble
2026-09-25,2026-09-25,2026-09-25,1.0,XLI,LMT,-0.0761922342799668,-0.0442503047124407,0.0028081934817536,-0.0787792005243103,-0.0334208106212533,Debilidad relativa doble
2026-09-25,2026-09-25,2026-09-25,1.0,XLI,ADP,-0.0678745328686051,-0.0442503047124407,0.0028081934817536,-0.0704847914185344,-0.0247180075208461,Debilidad relativa doble
2026-09-25,2026-09-25,2026-09-25,1.0,XLI,TT,0.0026509389249822,-0.0442503047124407,0.0028081934817536,-0.000156814192179,0.0490727267491428,Liderazgo interno en sector débil
2026-09-25,2026-09-25,2026-09-25,1.0,XLI,PWR,0.0439026535269755,-0.0442503047124407,0.0028081934817536,0.04097938201177,0.0922343566250296,Liderazgo relativo doble
2026-09-25,2026-09-25,2026-09-25,1.0,XLI,HWM,-0.1314029477712134,-0.0442503047124407,0.0028081934817536,-0.1338353058195361,-0.0911877277999558,Debilidad relativa doble
2026-09-25,2026-09-25,2026-09-25,1.0,XLI,CSX,-0.0898706881356448,-0.0442503047124407,0.0028081934817536,-0.0924193502005772,-0.0477325639214335,Debilidad relativa doble
2026-09-25,2026-09-25,2026-09-25,1.0,XLI,GD,-0.1140346172085866,-0.0442503047124407,0.0028081934817536,-0.1165156123073363,-0.0730152599997949,Debilidad relativa doble
2026-09-25,2026-09-25,2026-09-25,1.0,XLI,JCI,0.059141329497681,-0.0442503047124407,0.0028081934817536,0.0561753846668708,0.1081785688448626,Liderazgo relativo doble
2026-09-25,2026-09-25,2026-09-25,1.0,XLI,MMM,-0.0518928517825768,-0.0442503047124407,0.0028081934817536,-0.054547864307339,-0.0079963897533199,Debilidad relativa doble
2026-09-25,2026-09-25,2026-09-25,1.0,XLK,NVDA,-0.0116595217819759,0.0418273047301398,0.0028081934817536,-0.014427200892224,-0.0513394362667143,Debilidad relativa doble
2026-09-25,2026-09-25,2026-09-25,1.0,XLK,AAPL,0.0842075843431566,0.0418273047301398,0.0028081934817536,0.081171445736581,0.0406787952481189,Liderazgo relativo doble
2026-09-25,2026-09-25,2026-09-25,1.0,XLK,MSFT,0.0219973575521066,0.0418273047301398,0.0028081934817536,0.0191354280859314,-0.0190338140380853,Fortaleza sectorial
2026-09-25,2026-09-25,2026-09-25,1.0,XLK,AVGO,-0.048682681925208,0.0418273047301398,0.0028081934817536,-0.051346683983689,-0.0868761897911596,Debilidad relativa doble
2026-09-25,2026-09-25,2026-09-25,1.0,XLK,AMD,0.3229907212915528,0.0418273047301398,0.0028081934817536,0.3192859111951651,0.2698752617491069,Liderazgo relativo doble
2026-09-25,2026-09-25,2026-09-25,1.0,XLK,MU,0.157036115789247,0.0418273047301398,0.0028081934817536,0.1537960332892909,0.1105834052688312,Liderazgo relativo doble
2026-09-25,2026-09-25,2026-09-25,1.0,XLK,INTC,0.3356499608132939,0.0418273047301398,0.0028081934817536,0.3319097006735778,0.282026257853994,Liderazgo relativo doble
2026-09-25,2026-09-25,2026-09-25,1.0,XLK,CSCO,-0.0485956710074507,0.0418273047301398,0.0028081934817536,-0.0512599167251814,-0.0867926721895742,Debilidad relativa doble
2026-09-25,2026-09-25,2026-09-25,1.0,XLK,LRCX,-0.0095270964143115,0.0418273047301398,0.0028081934817536,-0.0123007470184672,-0.0492926235579451,Debilidad relativa doble
2026-09-25,2026-09-25,2026-09-25,1.0,XLK,PLTR,0.020115127416187,0.0418273047301398,0.0028081934817536,0.0172584688148025,-0.0208404763585811,Fortaleza sectorial
2026-09-25,2026-09-25,2026-09-25,1.0,XLK,AMAT,0.0054731211721745,0.0418273047301398,0.0028081934817536,0.0026574650144892,-0.0348946350253144,Fortaleza sectorial
2026-09-25,2026-09-25,2026-09-25,1.0,XLK,ORCL,-0.0976701072754917,0.0418273047301398,0.0028081934817536,-0.1001969283960318,-0.1338968669493309,Debilidad relativa doble
2026-09-25,2026-09-25,2026-09-25,1.0,XLK,PANW,-0.0211832721427405,0.0418273047301398,0.0028081934817536,-0.0239242816128134,-0.0604808268959716,Debilidad relativa doble
2026-09-25,2026-09-25,2026-09-25,1.0,XLK,SNDK,0.1972120995897148,0.0418273047301398,0.0028081934817536,0.1938595110925351,0.149146402819442,Liderazgo relativo doble
2026-09-25,2026-09-25,2026-09-25,1.0,XLK,KLAC,0.0225825423083274,0.0418273047301398,0.0028081934817536,0.0197189741319496,-0.0184721232918706,Fortaleza sectorial
2026-09-25,2026-09-25,2026-09-25,1.0,XLK,TXN,0.0432580416059888,0.0418273047301398,0.0028081934817536,0.0403365752166355,0.0013732956214078,Liderazgo relativo doble
2026-09-25,2026-09-25,2026-09-25,1.0,XLK,IBM,-0.0556137156190794,0.0418273047301398,0.0028081934817536,-0.0582583084986492,-0.0935289561972644,Debilidad relativa doble
2026-09-25,2026-09-25,2026-09-25,1.0,XLK,CRWD,0.1060273620683087,0.0418273047301398,0.0028081934817536,0.1029301208919901,0.0616225520743078,Liderazgo relativo doble
2026-09-25,2026-09-25,2026-09-25,1.0,XLK,CRM,-0.0699000081264623,0.0418273047301398,0.0028081934817536,-0.0725045946780439,-0.1072416823300119,Debilidad relativa doble
2026-09-25,2026-09-25,2026-09-25,1.0,XLK,STX,0.0830558941705295,0.0418273047301398,0.0028081934817536,0.0800229806760508,0.0395733431569724,Liderazgo relativo doble
2026-09-25,2026-09-25,2026-09-25,1.0,XLP,WMT,0.0521290679790742,-0.0291527631652107,0.0028081934817536,0.0491827597918583,0.0837225755612021,Liderazgo relativo doble
2026-09-25,2026-09-25,2026-09-25,1.0,XLP,COST,-0.0127211541682684,-0.0291527631652107,0.0028081934817536,-0.0154858603579056,0.0169250200994686,Liderazgo interno en sector débil
2026-09-25,2026-09-25,2026-09-25,1.0,XLP,KO,-0.0081520823500182,-0.0291527631652107,0.0028081934817536,-0.0109295834467784,0.0216312927702817,Liderazgo interno en sector débil
2026-09-25,2026-09-25,2026-09-25,1.0,XLP,PG,0.0215872317386225,-0.0291527631652107,0.0028081934817536,0.0187264507599085,0.0522636239551534,Liderazgo relativo doble
2026-09-25,2026-09-25,2026-09-25,1.0,XLP,PM,0.0,-0.0291527631652107,0.0028081934817536,-0.0028003296143838,0.0300281672122344,Liderazgo interno en sector débil
2026-09-25,2026-09-25,2026-09-25,1.0,XLP,TGT,-0.0511058645323304,-0.0291527631652107,0.0028081934817536,-0.0537630808807956,-0.0226123127657986,Debilidad relativa doble
2026-09-25,2026-09-25,2026-09-25,1.0,XLP,CL,-0.0538698502110622,-0.0291527631652107,0.0028081934817536,-0.0565193264885776,-0.0254592958686636,Debilidad relativa doble
2026-09-25,2026-09-25,2026-09-25,1.0,XLP,MDLZ,-0.0349191141201236,-0.0291527631652107,0.0028081934817536,-0.0376216587051287,-0.0059395039055913,Debilidad relativa doble
2026-09-25,2026-09-25,2026-09-25,1.0,XLP,PEP,-0.0695380436702198,-0.0291527631652107,0.0028081934817536,-0.0721436438415876,-0.0415979764609265,Debilidad relativa doble
2026-09-25,2026-09-25,2026-09-25,1.0,XLP,MO,0.0332368866270111,-0.0291527631652107,0.0028081934817536,0.0303434827747157,0.0642630966284956,Liderazgo relativo doble
2026-09-25,2026-09-25,2026-09-25,1.0,XLP,MNST,-0.0768736636817546,-0.0291527631652107,0.0028081934817536,-0.0794587216991642,-0.0491538716967731,Debilidad relativa doble
2026-09-25,2026-09-25,2026-09-25,1.0,XLP,KDP,0.0021957843166757,-0.0291527631652107,0.0028081934817536,-0.0006106942175567,0.0322898869075332,Liderazgo interno en sector débil
2026-09-25,2026-09-25,2026-09-25,1.0,XLP,ADM,0.0255373490698842,-0.0291527631652107,0.0028081934817536,0.0226655064606271,0.0563323560701463,Liderazgo relativo doble
2026-09-25,2026-09-25,2026-09-25,1.0,XLP,SYY,-0.0483929413153798,-0.0291527631652107,0.0028081934817536,-0.051057754743071,-0.0198179254368555,Debilidad relativa doble
2026-09-25,2026-09-25,2026-09-25,1.0,XLP,KVUE,-0.0618549912908965,-0.0291527631652107,0.0028081934817536,-0.0644821065413709,-0.0336842161000565,Debilidad relativa doble
2026-09-25,2026-09-25,2026-09-25,1.0,XLP,KMB,-0.0942796916564661,-0.0291527631652107,0.0028081934817536,-0.0968160070582693,-0.06708257079001,Debilidad relativa doble
2026-09-25,2026-09-25,2026-09-25,1.0,XLP,KR,0.0317934544807381,-0.0291527631652107,0.0028081934817536,0.0289040927142283,0.0627763208603746,Liderazgo relativo doble
2026-09-25,2026-09-25,2026-09-25,1.0,XLP,DG,-0.0083406391043652,-0.0291527631652107,0.0028081934817536,-0.0111176121800621,0.0214370740021863,Liderazgo interno en sector débil
2026-09-25,2026-09-25,2026-09-25,1.0,XLP,CASY,-0.216039170341478,-0.0291527631652107,0.0028081934817536,-0.2182345190692877,-0.1924982634606499,Debilidad relativa doble
2026-09-25,2026-09-25,2026-09-25,1.0,XLP,HSY,-0.0824509795011153,-0.0291527631652107,0.0028081934817536,-0.0850204191958672,-0.054898664088153,Debilidad relativa doble
2026-09-25,2026-09-25,2026-09-25,1.0,XLRE,WELL,-0.0343489598358878,-0.0615802623839228,0.0028081934817536,-0.0370531010408198,0.0290182542592425,Liderazgo interno en sector débil
2026-09-25,2026-09-25,2026-09-25,1.0,XLRE,PLD,-0.0545904741335192,-0.0615802623839228,0.0028081934817536,-0.0572379324265236,0.0074484667896694,Liderazgo interno en sector débil
2026-09-25,2026-09-25,2026-09-25,1.0,XLRE,EQIX,-0.0635142711536197,-0.0615802623839228,0.0028081934817536,-0.066136739873556,-0.0020609208141869,Debilidad relativa doble
2026-09-25,2026-09-25,2026-09-25,1.0,XLRE,AMT,-0.0294557003614062,-0.0615802623839228,0.0028081934817536,-0.0321735443057554,0.0342326154649352,Liderazgo interno en sector débil
2026-09-25,2026-09-25,2026-09-25,1.0,XLRE,DLR,-0.0638483978538241,-0.0615802623839228,0.0028081934817536,-0.0664699309088668,-0.0024169733211953,Debilidad relativa doble
2026-09-25,2026-09-25,2026-09-25,1.0,XLRE,VMRK,-0.0609160561597984,-0.0615802623839228,0.0028081934817536,-0.0635458007381264,0.0007077922570253,Liderazgo interno en sector débil
2026-09-25,2026-09-25,2026-09-25,1.0,XLRE,SPG,-0.0366309062775416,-0.0615802623839228,0.0028081934817536,-0.0393286572802746,0.026586563673268,Liderazgo interno en sector débil
2026-09-25,2026-09-25,2026-09-25,1.0,XLRE,VTR,-0.0678221885364752,-0.0615802623839228,0.0028081934817536,-0.0704325936677879,-0.0066515290571457,Debilidad relativa doble
2026-09-25,2026-09-25,2026-09-25,1.0,XLRE,PSA,-0.0651525088568869,-0.0615802623839228,0.0028081934817536,-0.0677703899712673,-0.003806661699208,Debilidad relativa doble
2026-09-25,2026-09-25,2026-09-25,1.0,XLRE,O,-0.0973477750467849,-0.0615802623839228,0.0028081934817536,-0.0998754988038108,-0.038114621026327,Debilidad relativa doble
2026-09-25,2026-09-25,2026-09-25,1.0,XLRE,CBRE,-0.0860616632515254,-0.0615802623839228,0.0028081934817536,-0.0886209918416428,-0.0260879006336696,Debilidad relativa doble
2026-09-25,2026-09-25,2026-09-25,1.0,XLRE,IRM,-0.0851297859560256,-0.0615802623839228,0.0028081934817536,-0.0876917241097305,-0.0250948723989192,Debilidad relativa doble
2026-09-25,2026-09-25,2026-09-25,1.0,XLRE,CCI,-0.0826814198174487,-0.0615802623839228,0.0028081934817536,-0.0852502142033583,-0.0224858414499361,Debilidad relativa doble
2026-09-25,2026-09-25,2026-09-25,1.0,XLRE,EXR,-0.0551304527396345,-0.0615802623839228,0.0028081934817536,-0.0577763989145572,0.0068730541204016,Liderazgo interno en sector débil
2026-09-25,2026-09-25,2026-09-25,1.0,XLRE,VICI,-0.0702639509688751,-0.0615802623839228,0.0028081934817536,-0.0728675183605371,-0.009253522956595,Debilidad relativa doble
2026-09-25,2026-09-25,2026-09-25,1.0,XLRE,SBAC,-0.1113072960530616,-0.0615802623839228,0.0028081934817536,-0.113795928550011,-0.0529901830448102,Debilidad relativa doble
2026-09-25,2026-09-25,2026-09-25,1.0,XLRE,ESS,-0.0325901983751205,-0.0615802623839228,0.0028081934817536,-0.0352992646918558,0.0308924278196103,Liderazgo interno en sector débil
2026-09-25,2026-09-25,2026-09-25,1.0,XLRE,WY,-0.1479299845716162,-0.0615802623839228,0.0028081934817536,-0.1503160614693487,-0.0920160976228533,Debilidad relativa doble
2026-09-25,2026-09-25,2026-09-25,1.0,XLRE,KIM,-0.0463759479381455,-0.0615802623839228,0.0028081934817536,-0.049046409612123,0.0162020403411395,Liderazgo interno en sector débil
2026-09-25,2026-09-25,2026-09-25,1.0,XLRE,INVH,-0.0790321876061173,-0.0615802623839228,0.0028081934817536,-0.0816112010450581,-0.0185971421131109,Debilidad relativa doble
2026-09-25,2026-09-25,2026-09-25,1.0,XLU,NEE,-0.0816806677495243,-0.0782651219146453,0.0028081934817536,-0.0842522645710864,-0.0037055621047712,Debilidad relativa doble
2026-09-25,2026-09-25,2026-09-25,1.0,XLU,SO,-0.0692869802009293,-0.0782651219146453,0.0028081934817536,-0.0718932834327652,0.0097404817015989,Liderazgo interno en sector débil
2026-09-25,2026-09-25,2026-09-25,1.0,XLU,CEG,-0.0677738550343197,-0.0782651219146453,0.0028081934817536,-0.07038439551537,0.0113820873330932,Liderazgo interno en sector débil
2026-09-25,2026-09-25,2026-09-25,1.0,XLU,DUK,-0.0619827713568125,-0.0782651219146453,0.0028081934817536,-0.0646095287809842,0.0176648957796354,Liderazgo interno en sector débil
2026-09-25,2026-09-25,2026-09-25,1.0,XLU,AEP,-0.0355309318138791,-0.0782651219146453,0.0028081934817536,-0.0382317631076778,0.0463627786219118,Liderazgo interno en sector débil
2026-09-25,2026-09-25,2026-09-25,1.0,XLU,D,-0.0783004091266864,-0.0782651219146453,0.0028081934817536,-0.0808814717865744,-3.828347269929644e-05,Debilidad relativa doble
2026-09-25,2026-09-25,2026-09-25,1.0,XLU,SRE,-0.0727487690667674,-0.0782651219146453,0.0028081934817536,-0.0753453781487235,0.005984750039335,Liderazgo interno en sector débil
2026-09-25,2026-09-25,2026-09-25,1.0,XLU,ETR,-0.0743731648776743,-0.0782651219146453,0.0028081934817536,-0.0769652251159357,0.0042224256990854,Liderazgo interno en sector débil
2026-09-25,2026-09-25,2026-09-25,1.0,XLU,VST,-0.008034013704349,-0.0782651219146453,0.0028081934817536,-0.0108118454322342,0.0761944783473764,Liderazgo interno en sector débil
2026-09-25,2026-09-25,2026-09-25,1.0,XLU,XEL,-0.0880944069989113,-0.0782651219146453,0.0028081934817536,-0.0906480432365145,-0.0106638962221801,Debilidad relativa doble
2026-09-25,2026-09-25,2026-09-25,1.0,XLU,EXC,-0.0736100127908861,-0.0782651219146453,0.0028081934817536,-0.0762042101065364,0.0050503775374419,Liderazgo interno en sector débil
2026-09-25,2026-09-25,2026-09-25,1.0,XLU,ED,-0.0336489257206341,-0.0782651219146453,0.0028081934817536,-0.0363550272518302,0.0484045871050129,Liderazgo interno en sector débil
2026-09-25,2026-09-25,2026-09-25,1.0,XLU,PEG,-0.0777260926460361,-0.0782651219146453,0.0028081934817536,-0.0803087635813728,0.0005847986025317,Liderazgo interno en sector débil
2026-09-25,2026-09-25,2026-09-25,1.0,XLU,WEC,-0.0454460094705567,-0.0782651219146453,0.0028081934817536,-0.0481190752787645,0.0356058051229015,Liderazgo interno en sector débil
2026-09-25,2026-09-25,2026-09-25,1.0,XLU,PCG,-0.3125348396605238,-0.0782651219146453,0.0028081934817536,-0.3144599687078796,-0.2541617153866501,Debilidad relativa doble
2026-09-25,2026-09-25,2026-09-25,1.0,XLU,AEE,-0.0623410168286707,-0.0782651219146453,0.0028081934817536,-0.0649667710474384,0.0172762314463486,Liderazgo interno en sector débil
2026-09-25,2026-09-25,2026-09-25,1.0,XLU,DTE,-0.1004778762002145,-0.0782651219146453,0.0028081934817536,-0.1029968346422844,-0.0240988540345896,Debilidad relativa doble
2026-09-25,2026-09-25,2026-09-25,1.0,XLU,ATO,-0.0598612273278504,-0.0782651219146453,0.0028081934817536,-0.0624939257745946,0.0199665815239884,Liderazgo interno en sector débil
2026-09-25,2026-09-25,2026-09-25,1.0,XLU,AWK,-0.0422854537717528,-0.0782651219146453,0.0028081934817536,-0.0449673701776819,0.0390347257094469,Liderazgo interno en sector débil
2026-09-25,2026-09-25,2026-09-25,1.0,XLU,ES,-0.0916582938420091,-0.0782651219146453,0.0028081934817536,-0.0942019500217432,-0.0145303950688993,Debilidad relativa doble
2026-09-25,2026-09-25,2026-09-25,1.0,XLV,LLY,0.0062579589357578,-0.0013213059762916,0.0028081934817536,0.0034401049736407,0.0075892926898364,Liderazgo relativo doble
2026-09-25,2026-09-25,2026-09-25,1.0,XLV,JNJ,0.0205064997265393,-0.0013213059762916,0.0028081934817536,0.0176487451536839,0.0218566850714378,Liderazgo relativo doble
2026-09-25,2026-09-25,2026-09-25,1.0,XLV,ABBV,0.0239783172099874,-0.0013213059762916,0.0028081934817536,0.0211108404038173,0.0253330959573654,Liderazgo relativo doble
2026-09-25,2026-09-25,2026-09-25,1.0,XLV,MRK,0.0007905370396676,-0.0013213059762916,0.0028081934817536,-0.0020120063389995,0.0021146370985953,Liderazgo interno en sector débil
2026-09-25,2026-09-25,2026-09-25,1.0,XLV,UNH,-0.0408583982808343,-0.0013213059762916,0.0028081934817536,-0.043544310912516,-0.0395894020180269,Debilidad relativa doble
2026-09-25,2026-09-25,2026-09-25,1.0,XLV,TMO,0.0710597886353692,-0.0013213059762916,0.0028081934817536,0.0680604681904779,0.072476858718228,Liderazgo relativo doble
2026-09-25,2026-09-25,2026-09-25,1.0,XLV,AMGN,-0.0512139989083255,-0.0013213059762916,0.0028081934817536,-0.0538709124448953,-0.0499587036657552,Debilidad relativa doble
2026-09-25,2026-09-25,2026-09-25,1.0,XLV,ABT,-0.0923021396216848,-0.0013213059762916,0.0028081934817536,-0.094843992821015,-0.0911012062136106,Debilidad relativa doble
2026-09-25,2026-09-25,2026-09-25,1.0,XLV,GILD,0.0196162271094366,-0.0013213059762916,0.0028081934817536,0.0167609655933558,0.0209652345754671,Liderazgo relativo doble
2026-09-25,2026-09-25,2026-09-25,1.0,XLV,PFE,0.0231977019240259,-0.0013213059762916,0.0028081934817536,0.0203324110979585,0.0245514478751216,Liderazgo relativo doble
2026-09-25,2026-09-25,2026-09-25,1.0,XLV,VRTX,-0.0390101101776279,-0.0013213059762916,0.0028081934817536,-0.0417011986252209,-0.0377386685296017,Debilidad relativa doble
2026-09-25,2026-09-25,2026-09-25,1.0,XLV,BMY,-0.0610903140302235,-0.0013213059762916,0.0028081934817536,-0.0637195706290765,-0.0598480856872201,Debilidad relativa doble
2026-09-25,2026-09-25,2026-09-25,1.0,XLV,DHR,0.0408476127436927,-0.0013213059762916,0.0028081934817536,0.0379328963496659,0.0422247104822919,Liderazgo relativo doble
2026-09-25,2026-09-25,2026-09-25,1.0,XLV,ISRG,0.1038221172832065,-0.0013213059762916,0.0028081934817536,0.1007310515191666,0.1052825337004756,Liderazgo relativo doble
2026-09-25,2026-09-25,2026-09-25,1.0,XLV,CVS,-0.0407877850862248,-0.0013213059762916,0.0028081934817536,-0.0434738954581265,-0.0395186953983383,Debilidad relativa doble
2026-09-25,2026-09-25,2026-09-25,1.0,XLV,MDT,-0.0067026200731493,-0.0013213059762916,0.0028081934817536,-0.0094841801420483,-0.0053884338667287,Debilidad relativa doble
2026-09-25,2026-09-25,2026-09-25,1.0,XLV,MCK,-0.0257704743689803,-0.0013213059762916,0.0028081934817536,-0.0284986381608119,-0.0244815159660433,Debilidad relativa doble
2026-09-25,2026-09-25,2026-09-25,1.0,XLV,SYK,-0.1544766252325388,-0.0013213059762916,0.0028081934817536,-0.1568443693785538,-0.1533579520347825,Debilidad relativa doble
2026-09-25,2026-09-25,2026-09-25,1.0,XLV,ELV,-0.0032472796046434,-0.0013213059762916,0.0028081934817536,-0.0060385157657841,-0.0019285217957258,Debilidad relativa doble
2026-09-25,2026-09-25,2026-09-25,1.0,XLV,REGN,-0.0243528536358539,-0.0013213059762916,0.0028081934817536,-0.0270849872330064,-0.0230620196439431,Debilidad relativa doble
2026-09-25,2026-09-25,2026-09-25,1.0,XLY,AMZN,-0.0257161138903682,-0.0438082026261008,0.0028081934817536,-0.0284444299094579,0.0189209829925556,Liderazgo interno en sector débil
2026-09-25,2026-09-25,2026-09-25,1.0,XLY,TSLA,0.0487584563907668,-0.0438082026261008,0.0028081934817536,0.0458215870270002,0.0968076271633937,Liderazgo relativo doble
2026-09-25,2026-09-25,2026-09-25,1.0,XLY,HD,-0.101181659371243,-0.0438082026261008,0.0028081934817536,-0.1036986469884569,-0.0600020381922471,Debilidad relativa doble
2026-09-25,2026-09-25,2026-09-25,1.0,XLY,MCD,-0.0841305616744448,-0.0438082026261008,0.0028081934817536,-0.086695297985497,-0.0421697395429305,Debilidad relativa doble
2026-09-25,2026-09-25,2026-09-25,1.0,XLY,BKNG,-0.1886555075553179,-0.0438082026261008,0.0028081934817536,-0.1909275395649778,-0.1514835259275682,Debilidad relativa doble
2026-09-25,2026-09-25,2026-09-25,1.0,XLY,TJX,-0.0309939176298241,-0.0438082026261008,0.0028081934817536,-0.0337074540588033,0.0134013751545141,Liderazgo interno en sector débil
2026-09-25,2026-09-25,2026-09-25,1.0,XLY,SBUX,-0.1156069483396963,-0.0438082026261008,0.0028081934817536,-0.1180835403930159,-0.07508822592997,Debilidad relativa doble
2026-09-25,2026-09-25,2026-09-25,1.0,XLY,LOW,-0.0844539336845693,-0.0438082026261008,0.0028081934817536,-0.087017764447405,-0.0425079269348457,Debilidad relativa doble
2026-09-25,2026-09-25,2026-09-25,1.0,XLY,GM,-0.0392100296004257,-0.0438082026261008,0.0028081934817536,-0.0419005582077386,0.0048088396473422,Liderazgo interno en sector débil
2026-09-25,2026-09-25,2026-09-25,1.0,XLY,DASH,-0.1661563624162778,-0.0438082026261008,0.0028081934817536,-0.168491399448369,-0.1279535759731426,Debilidad relativa doble
2026-09-25,2026-09-25,2026-09-25,1.0,XLY,ROST,0.0291745645364034,-0.0438082026261008,0.0028081934817536,0.0262925365249615,0.076326493662616,Liderazgo relativo doble
2026-09-25,2026-09-25,2026-09-25,1.0,XLY,ABNB,-0.1460411798652162,-0.0438082026261008,0.0028081934817536,-0.1484325460387039,-0.10691681053936,Debilidad relativa doble
2026-09-25,2026-09-25,2026-09-25,1.0,XLY,MAR,-0.0051996393118362,-0.0438082026261008,0.0028081934817536,-0.0079854082222708,0.0403774257636384,Liderazgo interno en sector débil
2026-09-25,2026-09-25,2026-09-25,1.0,XLY,ORLY,-0.0194694187501205,-0.0438082026261008,0.0028081934817536,-0.0222152275746034,0.0254538722700035,Liderazgo interno en sector débil
2026-09-25,2026-09-25,2026-09-25,1.0,XLY,HLT,-0.0359862487235147,-0.0438082026261008,0.0028081934817536,-0.0386858049798874,0.0081803189737335,Liderazgo interno en sector débil
2026-09-25,2026-09-25,2026-09-25,1.0,XLY,RCL,-0.1427590143876431,-0.0438082026261008,0.0028081934817536,-0.145159571706317,-0.1034842717050098,Debilidad relativa doble
2026-09-25,2026-09-25,2026-09-25,1.0,XLY,F,-0.0888888736969442,-0.0438082026261008,0.0028081934817536,-0.0914402851659251,-0.0471460550013643,Debilidad relativa doble
2026-09-25,2026-09-25,2026-09-25,1.0,XLY,CVNA,-0.1218787856071037,-0.0438082026261008,0.0028081934817536,-0.1243378144487867,-0.0816474092283757,Debilidad relativa doble
2026-09-25,2026-09-25,2026-09-25,1.0,XLY,AZO,-0.0205195746769747,-0.0438082026261008,0.0028081934817536,-0.023262442718716,0.0243556031468648,Liderazgo interno en sector débil
2026-09-25,2026-09-25,2026-09-25,1.0,XLY,CMG,-0.1582482832837962,-0.0438082026261008,0.0028081934817536,-0.160605465544075,-0.1196831859172976,Debilidad relativa doble
2026-09-28,2026-09-28,2026-09-28,1.0,XLB,LIN,-0.0325131067087308,-0.0654820841112416,-0.0023901273496562,-0.0301951496119892,0.0352791282456648,Liderazgo interno en sector débil
2026-09-28,2026-09-28,2026-09-28,1.0,XLB,NEM,-0.0913300486960735,-0.0654820841112416,-0.0023901273496562,-0.0891530083900745,-0.0276591429071207,Debilidad relativa doble
2026-09-28,2026-09-28,2026-09-28,1.0,XLB,FCX,-0.0587311712623001,-0.0654820841112416,-0.0023901273496562,-0.0564760288137115,0.0072239523011403,Liderazgo interno en sector débil
2026-09-28,2026-09-28,2026-09-28,1.0,XLB,CTVA,-0.0714457881500709,-0.0654820841112416,-0.0023901273496562,-0.0692211080639718,-0.0063815834211777,Debilidad relativa doble
2026-09-28,2026-09-28,2026-09-28,1.0,XLB,ECL,-0.0201413289557254,-0.0654820841112416,-0.0023901273496562,-0.0177937308889191,0.0485178019432572,Liderazgo interno en sector débil
2026-09-28,2026-09-28,2026-09-28,1.0,XLB,APD,-0.0952319019982481,-0.0654820841112416,-0.0023901273496562,-0.0930642099620964,-0.0318344007976705,Debilidad relativa doble
2026-09-28,2026-09-28,2026-09-28,1.0,XLB,SHW,-0.0349996442594987,-0.0654820841112416,-0.0023901273496562,-0.0326876445430607,0.0326183579078342,Liderazgo interno en sector débil
2026-09-28,2026-09-28,2026-09-28,1.0,XLB,NUE,-0.0239919940392652,-0.0654820841112416,-0.0023901273496562,-0.0216536216028209,0.0443973190524848,Liderazgo interno en sector débil
2026-09-28,2026-09-28,2026-09-28,1.0,XLB,VMC,-0.1033114089112969,-0.0654820841112416,-0.0023901273496562,-0.1011630741920424,-0.0404800423372069,Debilidad relativa doble
2026-09-28,2026-09-28,2026-09-28,1.0,XLB,MLM,-0.0743507294483374,-0.0654820841112416,-0.0023901273496562,-0.0721330091767274,-0.0094900752423364,Debilidad relativa doble
2026-09-28,2026-09-28,2026-09-28,1.0,XLB,CRH,-0.1263300702404111,-0.0654820841112416,-0.0023901273496562,-0.1242368848671118,-0.0651116314568468,Debilidad relativa doble
2026-09-28,2026-09-28,2026-09-28,1.0,XLB,STLD,-0.0182383722362992,-0.0654820841112416,-0.0023901273496562,-0.0158862149635097,0.0505540996825213,Liderazgo interno en sector débil
2026-09-28,2026-09-28,2026-09-28,1.0,XLB,PPG,-0.0631237874927093,-0.0654820841112416,-0.0023901273496562,-0.0608791691101675,0.0025235435066961,Liderazgo interno en sector débil
2026-09-28,2026-09-28,2026-09-28,1.0,XLB,SW,-0.0666804961618411,-0.0654820841112416,-0.0023901273496562,-0.0644443991330849,-0.0012823853135653,Debilidad relativa doble
2026-09-28,2026-09-28,2026-09-28,1.0,XLB,IFF,-0.0207421011731754,-0.0654820841112416,-0.0023901273496562,-0.0183959424687364,0.0478749333505468,Liderazgo interno en sector débil
2026-09-28,2026-09-28,2026-09-28,1.0,XLB,DOW,-0.0752653260291665,-0.0654820841112416,-0.0023901273496562,-0.0730497969972001,-0.0104687580105092,Debilidad relativa doble
2026-09-28,2026-09-28,2026-09-28,1.0,XLB,CF,-0.0817234971339277,-0.0654820841112416,-0.0023901273496562,-0.0795234409353899,-0.0173794560238472,Debilidad relativa doble
2026-09-28,2026-09-28,2026-09-28,1.0,XLB,PKG,-0.0181045150062055,-0.0654820841112416,-0.0023901273496562,-0.01575203703107,0.0506973363479912,Liderazgo interno en sector débil
2026-09-28,2026-09-28,2026-09-28,1.0,XLB,AMCR,-0.0699635269800024,-0.0654820841112416,-0.0023901273496562,-0.0677352956129276,-0.0047954595546717,Debilidad relativa doble
2026-09-28,2026-09-28,2026-09-28,1.0,XLB,IP,-0.1350801624977522,-0.0654820841112416,-0.0023901273496562,-0.1330079410657587,-0.0744748465526424,Debilidad relativa doble
2026-09-28,2026-09-28,2026-09-28,1.0,XLC,META,0.2390310618027706,-0.012776150084519,-0.0023901273496562,0.2419995990126329,0.2550659730403066,Liderazgo relativo doble
2026-09-28,2026-09-28,2026-09-28,1.0,XLC,GOOGL,-0.0104437395449386,-0.012776150084519,-0.0023901273496562,-0.0080729074722228,0.002362595413168,Liderazgo interno en sector débil
2026-09-28,2026-09-28,2026-09-28,1.0,XLC,GOOG,-0.0102070661001645,-0.012776150084519,-0.0023901273496562,-0.0078356669924898,0.002602331765561,Liderazgo interno en sector débil
2026-09-28,2026-09-28,2026-09-28,1.0,XLC,T,-0.0426759169774633,-0.012776150084519,-0.0023901273496562,-0.0403823084877659,-0.0302867145030015,Debilidad relativa doble
2026-09-28,2026-09-28,2026-09-28,1.0,XLC,VZ,-0.068263438584971,-0.012776150084519,-0.0023901273496562,-0.0660311340547479,-0.056205376830394,Debilidad relativa doble
2026-09-28,2026-09-28,2026-09-28,1.0,XLC,CMCSA,-0.1947523523438291,-0.012776150084519,-0.0023901273496562,-0.1928230967513637,-0.1843312459224821,Debilidad relativa doble
2026-09-28,2026-09-28,2026-09-28,1.0,XLC,DIS,-0.0232192615324722,-0.012776150084519,-0.0023901273496562,-0.0208790377419575,-0.0105782608968039,Debilidad relativa doble
2026-09-28,2026-09-28,2026-09-28,1.0,XLC,TMUS,-0.0822627698661244,-0.012776150084519,-0.0023901273496562,-0.0800640056861817,-0.0703858803528241,Debilidad relativa doble
2026-09-28,2026-09-28,2026-09-28,1.0,XLC,NFLX,-0.152838933886424,-0.012776150084519,-0.0023901273496562,-0.1508092598733724,-0.1418754052729745,Debilidad relativa doble
2026-09-28,2026-09-28,2026-09-28,1.0,XLC,WBD,0.0740354232490745,-0.012776150084519,-0.0023901273496562,0.076608655040363,0.0879350446618827,Liderazgo relativo doble
2026-09-28,2026-09-28,2026-09-28,1.0,XLC,OMC,-0.1405501400692291,-0.012776150084519,-0.0023901273496562,-0.1384910239034865,-0.1294275761223244,Debilidad relativa doble
2026-09-28,2026-09-28,2026-09-28,1.0,XLC,LYV,-0.0537296715374391,-0.012776150084519,-0.0023901273496562,-0.0514625462270029,-0.0414835211451042,Debilidad relativa doble
2026-09-28,2026-09-28,2026-09-28,1.0,XLC,TTWO,-0.1403627739997597,-0.012776150084519,-0.0023901273496562,-0.1383032089323178,-0.1292377852562656,Debilidad relativa doble
2026-09-28,2026-09-28,2026-09-28,1.0,XLC,CHTR,-0.2748339730065835,-0.012776150084519,-0.0023901273496562,-0.2730965812649061,-0.2654492422812718,Debilidad relativa doble
2026-09-28,2026-09-28,2026-09-28,1.0,XLC,FOXA,-0.0742677381419051,-0.012776150084519,-0.0023901273496562,-0.0720498190352628,-0.0622873809852249,Debilidad relativa doble
2026-09-28,2026-09-28,2026-09-28,1.0,XLC,ECHO,0.0274067823949692,-0.012776150084519,-0.0023901273496562,0.0298682987824332,0.0407029596002248,Liderazgo relativo doble
2026-09-28,2026-09-28,2026-09-28,1.0,XLC,TKO,-0.012545948663625,-0.012776150084519,-0.0023901273496562,-0.0101801531764995,0.0002331805708641,Liderazgo interno en sector débil
2026-09-28,2026-09-28,2026-09-28,1.0,XLC,NWSA,-0.0572193919104468,-0.012776150084519,-0.0023901273496562,-0.0549606274596361,-0.0450184037082701,Debilidad relativa doble
2026-09-28,2026-09-28,2026-09-28,1.0,XLC,FOX,-0.0732356866680224,-0.012776150084519,-0.0023901273496562,-0.0710152949169912,-0.0612419732248967,Debilidad relativa doble
2026-09-28,2026-09-28,2026-09-28,1.0,XLC,APP,-0.0299597785708523,-0.012776150084519,-0.0023901273496562,-0.0276357040733287,-0.0174060102861214,Debilidad relativa doble
2026-09-28,2026-09-28,2026-09-28,1.0,XLE,XOM,0.0370748344692632,-0.0033643735165999,-0.0023901273496562,0.0395595140954982,0.0405757198631879,Liderazgo relativo doble
2026-09-28,2026-09-28,2026-09-28,1.0,XLE,CVX,0.0223421900980844,-0.0033643735165999,-0.0023901273496562,0.0247915724631258,0.0257933420515872,Liderazgo relativo doble
2026-09-28,2026-09-28,2026-09-28,1.0,XLE,COP,-0.0330648637221048,-0.0033643735165999,-0.0023901273496562,-0.0307482285544701,-0.0298007510631566,Debilidad relativa doble
2026-09-28,2026-09-28,2026-09-28,1.0,XLE,MPC,0.055879447494713,-0.0033643735165999,-0.0023901273496562,0.0584091802234925,0.0594438121988003,Liderazgo relativo doble
2026-09-28,2026-09-28,2026-09-28,1.0,XLE,PSX,0.0390967942284619,-0.0033643735165999,-0.0023901273496562,0.0415863181745586,0.0426045052140919,Liderazgo relativo doble
2026-09-28,2026-09-28,2026-09-28,1.0,XLE,VLO,0.1056022917458419,-0.0033643735165999,-0.0023901273496562,0.1082511531372434,0.1093345073835334,Liderazgo relativo doble
2026-09-28,2026-09-28,2026-09-28,1.0,XLE,SLB,-0.097206299987827,-0.0033643735165999,-0.0023901273496562,-0.0950433383204931,-0.094158711546712,Debilidad relativa doble
2026-09-28,2026-09-28,2026-09-28,1.0,XLE,EOG,-0.0189745455520871,-0.0033643735165999,-0.0023901273496562,-0.0166241520428933,-0.0156628677730167,Debilidad relativa doble
2026-09-28,2026-09-28,2026-09-28,1.0,XLE,WMB,-0.0576301511757126,-0.0033643735165999,-0.0023901273496562,-0.055372370844026,-0.0544489643126525,Debilidad relativa doble
2026-09-28,2026-09-28,2026-09-28,1.0,XLE,BKR,-0.0847620722394009,-0.0033643735165999,-0.0023901273496562,-0.0825692960224097,-0.0816724754361937,Debilidad relativa doble
2026-09-28,2026-09-28,2026-09-28,1.0,XLE,TRGP,-0.0360990007089171,-0.0033643735165999,-0.0023901273496562,-0.0337896348897457,-0.0328451304794515,Debilidad relativa doble
2026-09-28,2026-09-28,2026-09-28,1.0,XLE,KMI,-0.0294676907767181,-0.0033643735165999,-0.0023901273496562,-0.02714243730881,-0.0261914350304965,Debilidad relativa doble
2026-09-28,2026-09-28,2026-09-28,1.0,XLE,OKE,-0.0647952643650361,-0.0033643735165999,-0.0023901273496562,-0.062554650596619,-0.0616382649947938,Debilidad relativa doble
2026-09-28,2026-09-28,2026-09-28,1.0,XLE,DVN,-0.0067023729779989,-0.0033643735165999,-0.0023901273496562,-0.0043225771381816,-0.0033492676487765,Debilidad relativa doble
2026-09-28,2026-09-28,2026-09-28,1.0,XLE,OXY,-0.0464056930825322,-0.0033643735165999,-0.0023901273496562,-0.044121020590885,-0.0431866154712955,Debilidad relativa doble
2026-09-28,2026-09-28,2026-09-28,1.0,XLE,FANG,-0.0629331843812432,-0.0033643735165999,-0.0023901273496562,-0.0606881093415231,-0.0597698991303674,Debilidad relativa doble
2026-09-28,2026-09-28,2026-09-28,1.0,XLE,EQT,-0.0861279235701596,-0.0033643735165999,-0.0023901273496562,-0.0839384197331946,-0.08304293751327,Debilidad relativa doble
2026-09-28,2026-09-28,2026-09-28,1.0,XLE,HAL,-0.0994885153492531,-0.0033643735165999,-0.0023901273496562,-0.0973310215361403,-0.0964486310526792,Debilidad relativa doble
2026-09-28,2026-09-28,2026-09-28,1.0,XLE,EXE,-0.1309087777517661,-0.0033643735165999,-0.0023901273496562,-0.1288265622920061,-0.1279749598007076,Debilidad relativa doble
2026-09-28,2026-09-28,2026-09-28,1.0,XLE,TPL,-0.0704954656817717,-0.0033643735165999,-0.0023901273496562,-0.0682685087620278,-0.067357708656314,Debilidad relativa doble
2026-09-28,2026-09-28,2026-09-28,1.0,XLF,JPM,-0.0588054333270867,-0.0639967982822262,-0.0023901273496562,-0.0565504687995441,0.0055463111083511,Liderazgo interno en sector débil
2026-09-28,2026-09-28,2026-09-28,1.0,XLF,V,-0.0363207957218451,-0.0639967982822262,-0.0023901273496562,-0.034011961291086,0.0295682776614327,Liderazgo interno en sector débil
2026-09-28,2026-09-28,2026-09-28,1.0,XLF,MA,-0.0454224400836836,-0.0639967982822262,-0.0023901273496562,-0.0431354118616565,0.0198443319044789,Liderazgo interno en sector débil
2026-09-28,2026-09-28,2026-09-28,1.0,XLF,BAC,-0.1053752930222348,-0.0639967982822262,-0.0023901273496562,-0.1032319030674571,-0.0442076423072803,Debilidad relativa doble
2026-09-28,2026-09-28,2026-09-28,1.0,XLF,GS,-0.1095004331984088,-0.0639967982822262,-0.0023901273496562,-0.1073669264761718,-0.0486148282748106,Debilidad relativa doble
2026-09-28,2026-09-28,2026-09-28,1.0,XLF,WFC,-0.0678279469052592,-0.0639967982822262,-0.0023901273496562,-0.0655945990006642,-0.0040930935022466,Debilidad relativa doble
2026-09-28,2026-09-28,2026-09-28,1.0,XLF,MS,-0.0983843388856416,-0.0639967982822262,-0.0023901273496562,-0.0962241996272131,-0.0367386997611831,Debilidad relativa doble
2026-09-28,2026-09-28,2026-09-28,1.0,XLF,C,-0.0119638556125823,-0.0639967982822262,-0.0023901273496562,-0.0095966655156405,0.0555905605602116,Liderazgo interno en sector débil
2026-09-28,2026-09-28,2026-09-28,1.0,XLF,SCHW,-0.1076615851133175,-0.0639967982822262,-0.0023901273496562,-0.1055236727800089,-0.0466502537074197,Debilidad relativa doble
2026-09-28,2026-09-28,2026-09-28,1.0,XLF,AXP,-0.0806423308834398,-0.0639967982822262,-0.0023901273496562,-0.0784396843686916,-0.0177836278451455,Debilidad relativa doble
2026-09-28,2026-09-28,2026-09-28,1.0,XLF,BLK,-0.0753404775088073,-0.0639967982822262,-0.0023901273496562,-0.0731251285287949,-0.0121192739573571,Debilidad relativa doble
2026-09-28,2026-09-28,2026-09-28,1.0,XLF,COF,-0.0890712274223231,-0.0639967982822262,-0.0023901273496562,-0.0868887753109155,-0.0267888283865692,Debilidad relativa doble
2026-09-28,2026-09-28,2026-09-28,1.0,XLF,SPGI,-0.1060534210914362,-0.0639967982822262,-0.0023901273496562,-0.1039116558323328,-0.0449321356294794,Debilidad relativa doble
2026-09-28,2026-09-28,2026-09-28,1.0,XLF,PGR,-0.0419410821192102,-0.0639967982822262,-0.0023901273496562,-0.0396457130726655,0.0235637187164947,Liderazgo interno en sector débil
2026-09-28,2026-09-28,2026-09-28,1.0,XLF,CB,-0.0222081103997567,-0.0639967982822262,-0.0023901273496562,-0.0198654640390137,0.0446458813450403,Liderazgo interno en sector débil
2026-09-28,2026-09-28,2026-09-28,1.0,XLF,BNY,-0.0865230618990384,-0.0639967982822262,-0.0023901273496562,-0.0843345047557185,-0.0240664386355425,Debilidad relativa doble
2026-09-28,2026-09-28,2026-09-28,1.0,XLF,CME,-0.0746124804427176,-0.0639967982822262,-0.0023901273496562,-0.0723953872882078,-0.0113415019745757,Debilidad relativa doble
2026-09-28,2026-09-28,2026-09-28,1.0,XLF,BX,-0.1954491323151019,-0.0639967982822262,-0.0023901273496562,-0.1935215461055403,-0.1404400474182475,Debilidad relativa doble
2026-09-28,2026-09-28,2026-09-28,1.0,XLF,PNC,-0.0765832836193227,-0.0639967982822262,-0.0023901273496562,-0.0743709122209848,-0.0134470537216085,Debilidad relativa doble
2026-09-28,2026-09-28,2026-09-28,1.0,XLF,TRV,-0.0148644204025917,-0.0639967982822262,-0.0023901273496562,-0.0125041796346653,0.0524916771539516,Liderazgo interno en sector débil
2026-09-28,2026-09-28,2026-09-28,1.0,XLI,CAT,0.0246173223455561,-0.0446335398469329,-0.0023901273496562,0.0270721555947135,0.0724861768555218,Liderazgo relativo doble
2026-09-28,2026-09-28,2026-09-28,1.0,XLI,GE,-0.0710490901159406,-0.0446335398469329,-0.0023901273496562,-0.0688234595993707,-0.0276496521185969,Debilidad relativa doble
2026-09-28,2026-09-28,2026-09-28,1.0,XLI,RTX,-0.113598801611027,-0.0446335398469329,-0.0023901273496562,-0.1114751139801006,-0.0721872335282155,Debilidad relativa doble
2026-09-28,2026-09-28,2026-09-28,1.0,XLI,GEV,0.0414944427306736,-0.0446335398469329,-0.0023901273496562,0.043989711091914,0.0901517754389318,Liderazgo relativo doble
2026-09-28,2026-09-28,2026-09-28,1.0,XLI,UNP,-0.1042190435916973,-0.0446335398469329,-0.0023901273496562,-0.102072883432391,-0.0623692648109267,Debilidad relativa doble
2026-09-28,2026-09-28,2026-09-28,1.0,XLI,DE,0.0940142594497104,-0.0446335398469329,-0.0023901273496562,0.0966353576105354,0.1451252530619815,Liderazgo relativo doble
2026-09-28,2026-09-28,2026-09-28,1.0,XLI,BA,-0.1211991566432235,-0.0446335398469329,-0.0023901273496562,-0.119093678351366,-0.0801426677507847,Debilidad relativa doble
2026-09-28,2026-09-28,2026-09-28,1.0,XLI,ETN,0.071080999477584,-0.0446335398469329,-0.0023901273496562,0.0736471529016147,0.1211205795375918,Liderazgo relativo doble
2026-09-28,2026-09-28,2026-09-28,1.0,XLI,UBER,-0.1352448119003841,-0.0446335398469329,-0.0023901273496562,-0.1331729849442785,-0.0948445186561538,Debilidad relativa doble
2026-09-28,2026-09-28,2026-09-28,1.0,XLI,PH,-0.0236350036018007,-0.0446335398469329,-0.0023901273496562,-0.0212957758684798,0.0219795618968745,Liderazgo interno en sector débil
2026-09-28,2026-09-28,2026-09-28,1.0,XLI,VRT,-0.0504907306304539,-0.0446335398469329,-0.0023901273496562,-0.0482158452913152,-0.0061308314953641,Debilidad relativa doble
2026-09-28,2026-09-28,2026-09-28,1.0,XLI,LMT,-0.0754551982616024,-0.0446335398469329,-0.0023901273496562,-0.0732401241357352,-0.0322616081893133,Debilidad relativa doble
2026-09-28,2026-09-28,2026-09-28,1.0,XLI,ADP,-0.0834998799710392,-0.0446335398469329,-0.0023901273496562,-0.0813040797259746,-0.0406821274821382,Debilidad relativa doble
2026-09-28,2026-09-28,2026-09-28,1.0,XLI,TT,0.0092853201268421,-0.0446335398469329,-0.0023901273496562,0.0117034201410621,0.0564378824489362,Liderazgo relativo doble
2026-09-28,2026-09-28,2026-09-28,1.0,XLI,PWR,0.0691222371009689,-0.0446335398469329,-0.0023901273496562,0.0716836976168238,0.1190703062044655,Liderazgo relativo doble
2026-09-28,2026-09-28,2026-09-28,1.0,XLI,HWM,-0.1379271207757467,-0.0446335398469329,-0.0023901273496562,-0.135861720239406,-0.0976521416858893,Debilidad relativa doble
2026-09-28,2026-09-28,2026-09-28,1.0,XLI,CSX,-0.0856472647710241,-0.0446335398469329,-0.0023901273496562,-0.083456609345875,-0.0429298354450501,Debilidad relativa doble
2026-09-28,2026-09-28,2026-09-28,1.0,XLI,GD,-0.1190551586790134,-0.0446335398469329,-0.0023901273496562,-0.1169445436816035,-0.0778985048524277,Debilidad relativa doble
2026-09-28,2026-09-28,2026-09-28,1.0,XLI,JCI,0.0696098603144048,-0.0446335398469329,-0.0023901273496562,0.0721724891041617,0.119580710571558,Liderazgo relativo doble
2026-09-28,2026-09-28,2026-09-28,1.0,XLI,MMM,-0.0278765671242319,-0.0446335398469329,-0.0023901273496562,-0.0255475015567618,0.0175398377707505,Liderazgo interno en sector débil
2026-09-28,2026-09-28,2026-09-28,1.0,XLK,NVDA,0.0531652002984814,0.0488287518217518,-0.0023901273496562,0.0556884300879503,0.0041345629295512,Liderazgo relativo doble
2026-09-28,2026-09-28,2026-09-28,1.0,XLK,AAPL,0.0584922770579796,0.0488287518217518,-0.0023901273496562,0.0610282697442539,0.0092136349422562,Liderazgo relativo doble
2026-09-28,2026-09-28,2026-09-28,1.0,XLK,MSFT,-0.0083929426329228,0.0488287518217518,-0.0023901273496562,-0.0060171971507448,-0.0545577095929951,Debilidad relativa doble
2026-09-28,2026-09-28,2026-09-28,1.0,XLK,AVGO,-0.0503903570606072,0.0488287518217518,-0.0023901273496562,-0.0481152312410753,-0.0945999131984335,Debilidad relativa doble
2026-09-28,2026-09-28,2026-09-28,1.0,XLK,AMD,0.3056188252259337,0.0488287518217518,-0.0023901273496562,0.308746896978179,0.244835081950369,Liderazgo relativo doble
2026-09-28,2026-09-28,2026-09-28,1.0,XLK,MU,0.1298372714224005,0.0488287518217518,-0.0023901273496562,0.1325441962806253,0.0772371270905205,Liderazgo relativo doble
2026-09-28,2026-09-28,2026-09-28,1.0,XLK,INTC,0.2968592511033501,0.0488287518217518,-0.0023901273496562,0.2999663361971272,0.2364833142214917,Liderazgo relativo doble
2026-09-28,2026-09-28,2026-09-28,1.0,XLK,CSCO,-0.0290184884249113,0.0488287518217518,-0.0023901273496562,-0.0266921587338663,-0.0742230226921671,Debilidad relativa doble
2026-09-28,2026-09-28,2026-09-28,1.0,XLK,LRCX,0.0427428777976801,0.0488287518217518,-0.0023901273496562,0.0452411372267516,-0.005802543087707,Fortaleza sectorial
2026-09-28,2026-09-28,2026-09-28,1.0,XLK,PLTR,0.0063879031847859,0.0488287518217518,-0.0023901273496562,0.0087990614117738,-0.0404649935113322,Fortaleza sectorial
2026-09-28,2026-09-28,2026-09-28,1.0,XLK,AMAT,0.0543461684929598,0.0488287518217518,-0.0023901273496562,0.0568722277095004,0.0052605505537721,Liderazgo relativo doble
2026-09-28,2026-09-28,2026-09-28,1.0,XLK,ORCL,-0.120981102164998,0.0488287518217518,-0.0023901273496562,-0.1188751014465021,-0.1619042705415926,Debilidad relativa doble
2026-09-28,2026-09-28,2026-09-28,1.0,XLK,PANW,0.0551683312307447,0.0488287518217518,-0.0023901273496562,0.0576963602289597,0.0060444370904033,Liderazgo relativo doble
2026-09-28,2026-09-28,2026-09-28,1.0,XLK,SNDK,0.1534768395380961,0.0488287518217518,-0.0023901273496562,0.1562404013441263,0.0997761431831238,Liderazgo relativo doble
2026-09-28,2026-09-28,2026-09-28,1.0,XLK,KLAC,0.0776461513280075,0.0488287518217518,-0.0023901273496562,0.0802280338956871,0.0274757909298364,Liderazgo relativo doble
2026-09-28,2026-09-28,2026-09-28,1.0,XLK,TXN,0.0760515844266911,0.0488287518217518,-0.0023901273496562,0.078629646645288,0.0259554598952926,Liderazgo relativo doble
2026-09-28,2026-09-28,2026-09-28,1.0,XLK,IBM,-0.0633303552819219,0.0488287518217518,-0.0023901273496562,-0.0610862318055916,-0.1069374832725172,Debilidad relativa doble
2026-09-28,2026-09-28,2026-09-28,1.0,XLK,CRWD,0.1870421577157983,0.0488287518217518,-0.0023901273496562,0.1898861371150939,0.1317788110346691,Liderazgo relativo doble
2026-09-28,2026-09-28,2026-09-28,1.0,XLK,CRM,-0.1106647029404304,0.0488287518217518,-0.0023901273496562,-0.1085339856382152,-0.15206815648899,Debilidad relativa doble
2026-09-28,2026-09-28,2026-09-28,1.0,XLK,STX,0.1114643888326907,0.0488287518217518,-0.0023901273496562,0.1141272949513525,0.0597196033214617,Liderazgo relativo doble
2026-09-28,2026-09-28,2026-09-28,1.0,XLP,WMT,0.0547095471859084,-0.030764929351987,-0.0023901273496562,0.0572364770046516,0.0881875606097795,Liderazgo relativo doble
2026-09-28,2026-09-28,2026-09-28,1.0,XLP,COST,-0.0238505595013227,-0.030764929351987,-0.0023901273496562,-0.021511848208411,0.0071338419956692,Liderazgo interno en sector débil
2026-09-28,2026-09-28,2026-09-28,1.0,XLP,KO,-0.0218580273402105,-0.030764929351987,-0.0023901273496562,-0.0195145422316582,0.0091896200225416,Liderazgo interno en sector débil
2026-09-28,2026-09-28,2026-09-28,1.0,XLP,PG,0.0365141191026074,-0.030764929351987,-0.0023901273496562,0.0389974553368313,0.0694145832028272,Liderazgo relativo doble
2026-09-28,2026-09-28,2026-09-28,1.0,XLP,PM,0.0097451410867448,-0.030764929351987,-0.0023901273496562,0.0121643427647337,0.0417959189318724,Liderazgo relativo doble
2026-09-28,2026-09-28,2026-09-28,1.0,XLP,TGT,-0.0291089607378379,-0.030764929351987,-0.0023901273496562,-0.0267828478052226,0.0017085314639326,Liderazgo interno en sector débil
2026-09-28,2026-09-28,2026-09-28,1.0,XLP,CL,-0.0466116072389376,-0.030764929351987,-0.0023901273496562,-0.0443274280874932,-0.0163496744668513,Debilidad relativa doble
2026-09-28,2026-09-28,2026-09-28,1.0,XLP,MDLZ,-0.0349583111584176,-0.030764929351987,-0.0023901273496562,-0.0326462124139145,-0.0043264858375656,Debilidad relativa doble
2026-09-28,2026-09-28,2026-09-28,1.0,XLP,PEP,-0.0793737659802854,-0.030764929351987,-0.0023901273496562,-0.0771680801695628,-0.0501517517270597,Debilidad relativa doble
2026-09-28,2026-09-28,2026-09-28,1.0,XLP,MO,0.0230747725831077,-0.030764929351987,-0.0023901273496562,0.0255259101086395,0.0555486522986612,Liderazgo relativo doble
2026-09-28,2026-09-28,2026-09-28,1.0,XLP,MNST,-0.1067008095363848,-0.030764929351987,-0.0023901273496562,-0.1045605953253119,-0.0783461953493165,Debilidad relativa doble
2026-09-28,2026-09-28,2026-09-28,1.0,XLP,KDP,-0.0152854896563812,-0.030764929351987,-0.0023901273496562,-0.0129262577088035,0.0159707796017498,Liderazgo interno en sector débil
2026-09-28,2026-09-28,2026-09-28,1.0,XLP,ADM,-0.0142261914285615,-0.030764929351987,-0.0023901273496562,-0.0118644215573573,0.0170637014943837,Liderazgo interno en sector débil
2026-09-28,2026-09-28,2026-09-28,1.0,XLP,SYY,-0.0411276866752824,-0.030764929351987,-0.0023901273496562,-0.0388303688522171,-0.0106916862968722,Debilidad relativa doble
2026-09-28,2026-09-28,2026-09-28,1.0,XLP,KVUE,-0.0561637914586583,-0.030764929351987,-0.0023901273496562,-0.0539024979435517,-0.026205058892153,Debilidad relativa doble
2026-09-28,2026-09-28,2026-09-28,1.0,XLP,KMB,-0.0875837701311024,-0.030764929351987,-0.0023901273496562,-0.0853977542895728,-0.0586223533380063,Debilidad relativa doble
2026-09-28,2026-09-28,2026-09-28,1.0,XLP,KR,0.0341302384674804,-0.030764929351987,-0.0023901273496562,0.0366078632723563,0.0669550347327814,Liderazgo relativo doble
2026-09-28,2026-09-28,2026-09-28,1.0,XLP,DG,0.0120433181242107,-0.030764929351987,-0.0023901273496562,0.0144680258982621,0.0441670434475478,Liderazgo relativo doble
2026-09-28,2026-09-28,2026-09-28,1.0,XLP,CASY,-0.1975326435938411,-0.030764929351987,-0.0023901273496562,-0.1956100491725798,-0.1720611637900765,Debilidad relativa doble
2026-09-28,2026-09-28,2026-09-28,1.0,XLP,HSY,-0.0817648653455563,-0.030764929351987,-0.0023901273496562,-0.0795649082592033,-0.0526187480602323,Debilidad relativa doble
2026-09-28,2026-09-28,2026-09-28,1.0,XLRE,WELL,-0.0214642771165728,-0.0625437338604704,-0.0023901273496562,-0.0191198486400725,0.0438201313785697,Liderazgo interno en sector débil
2026-09-28,2026-09-28,2026-09-28,1.0,XLRE,PLD,-0.0512330074652268,-0.0625437338604704,-0.0023901273496562,-0.0489599005128227,0.0120653376629733,Liderazgo interno en sector débil
2026-09-28,2026-09-28,2026-09-28,1.0,XLRE,EQIX,-0.0319223540222447,-0.0625437338604704,-0.0023901273496562,-0.0296029815684666,0.0326643289337915,Liderazgo interno en sector débil
2026-09-28,2026-09-28,2026-09-28,1.0,XLRE,AMT,-0.0467003116782859,-0.0625437338604704,-0.0023901273496562,-0.0444163450497047,0.0169004387238544,Liderazgo interno en sector débil
2026-09-28,2026-09-28,2026-09-28,1.0,XLRE,DLR,-0.0381467875362724,-0.0625437338604704,-0.0023901273496562,-0.0358423279148407,0.0260246234468786,Liderazgo interno en sector débil
2026-09-28,2026-09-28,2026-09-28,1.0,XLRE,VMRK,-0.0636252963898669,-0.0625437338604704,-0.0023901273496562,-0.0613818795492947,-0.0011537205184519,Debilidad relativa doble
2026-09-28,2026-09-28,2026-09-28,1.0,XLRE,SPG,-0.0365153801914494,-0.0625437338604704,-0.0023901273496562,-0.0342070119566206,0.0277648724630179,Liderazgo interno en sector débil
2026-09-28,2026-09-28,2026-09-28,1.0,XLRE,VTR,-0.0519550895317491,-0.0625437338604704,-0.0023901273496562,-0.0496837125823683,0.011295080859959,Liderazgo interno en sector débil
2026-09-28,2026-09-28,2026-09-28,1.0,XLRE,PSA,-0.0822878687824922,-0.0625437338604704,-0.0023901273496562,-0.0800891647358823,-0.0210613930859182,Debilidad relativa doble
2026-09-28,2026-09-28,2026-09-28,1.0,XLRE,O,-0.1030481971415084,-0.0625437338604704,-0.0023901273496562,-0.1008992318053494,-0.0432067764055134,Debilidad relativa doble
2026-09-28,2026-09-28,2026-09-28,1.0,XLRE,CBRE,-0.1357247064489172,-0.0625437338604704,-0.0023901273496562,-0.133654029249963,-0.0780633457065768,Debilidad relativa doble
2026-09-28,2026-09-28,2026-09-28,1.0,XLRE,IRM,-0.0467387638260263,-0.0625437338604704,-0.0023901273496562,-0.0444548893231673,0.0168594211861523,Liderazgo interno en sector débil
2026-09-28,2026-09-28,2026-09-28,1.0,XLRE,CCI,-0.1059147128454073,-0.0625437338604704,-0.0023901273496562,-0.1037726152616332,-0.0462645357991362,Debilidad relativa doble
2026-09-28,2026-09-28,2026-09-28,1.0,XLRE,EXR,-0.0677470274091521,-0.0625437338604704,-0.0023901273496562,-0.0655134856332793,-0.0055504387101801,Debilidad relativa doble
2026-09-28,2026-09-28,2026-09-28,1.0,XLRE,VICI,-0.0864637751461719,-0.0625437338604704,-0.0023901273496562,-0.0842750759604631,-0.0255159010075264,Debilidad relativa doble
2026-09-28,2026-09-28,2026-09-28,1.0,XLRE,SBAC,-0.1441215224523955,-0.0625437338604704,-0.0023901273496562,-0.1420709627965112,-0.087020367283761,Debilidad relativa doble
2026-09-28,2026-09-28,2026-09-28,1.0,XLRE,ESS,-0.0387986799318154,-0.0625437338604704,-0.0023901273496562,-0.0364957821492211,0.025329239119002,Liderazgo interno en sector débil
2026-09-28,2026-09-28,2026-09-28,1.0,XLRE,WY,-0.1581475622783146,-0.0625437338604704,-0.0023901273496562,-0.1561306069624778,-0.1019821743914981,Debilidad relativa doble
2026-09-28,2026-09-28,2026-09-28,1.0,XLRE,KIM,-0.0430454517086096,-0.0625437338604704,-0.0023901273496562,-0.0407527285700818,0.0207991378970191,Liderazgo interno en sector débil
2026-09-28,2026-09-28,2026-09-28,1.0,XLRE,INVH,-0.0821139856233125,-0.0625437338604704,-0.0023901273496562,-0.0799148649780844,-0.0208759090633986,Debilidad relativa doble
2026-09-28,2026-09-28,2026-09-28,1.0,XLU,NEE,-0.0775904051596486,-0.0746875059298174,-0.0023901273496562,-0.0753804466772248,-0.0031372095896622,Debilidad relativa doble
2026-09-28,2026-09-28,2026-09-28,1.0,XLU,SO,-0.0668555413697326,-0.0746875059298174,-0.0023901273496562,-0.0646198637236934,0.0084641292647356,Liderazgo interno en sector débil
2026-09-28,2026-09-28,2026-09-28,1.0,XLU,CEG,-0.0589702161670053,-0.0746875059298174,-0.0023901273496562,-0.0567156464350468,0.0169859262287448,Liderazgo interno en sector débil
2026-09-28,2026-09-28,2026-09-28,1.0,XLU,DUK,-0.0568814664273649,-0.0746875059298174,-0.0023901273496562,-0.0546218923565199,0.0192432714532242,Liderazgo interno en sector débil
2026-09-28,2026-09-28,2026-09-28,1.0,XLU,AEP,-0.033603145224352,-0.0746875059298174,-0.0023901273496562,-0.0312877997004704,0.0444005251941936,Liderazgo interno en sector débil
2026-09-28,2026-09-28,2026-09-28,1.0,XLU,D,-0.0711064398107652,-0.0746875059298174,-0.0023901273496562,-0.0688809466956765,0.0038701153848037,Liderazgo interno en sector débil
2026-09-28,2026-09-28,2026-09-28,1.0,XLU,SRE,-0.0803486710666051,-0.0746875059298174,-0.0023901273496562,-0.0781453209858848,-0.0061181116358711,Debilidad relativa doble
2026-09-28,2026-09-28,2026-09-28,1.0,XLU,ETR,-0.0723404399610299,-0.0746875059298174,-0.0023901273496562,-0.0701179033298228,0.0025365117015372,Liderazgo interno en sector débil
2026-09-28,2026-09-28,2026-09-28,1.0,XLU,VST,0.0084327799108994,-0.0746875059298174,-0.0023901273496562,0.0108488373634501,0.0898294212748547,Liderazgo relativo doble
2026-09-28,2026-09-28,2026-09-28,1.0,XLU,XEL,-0.0850316005669028,-0.0746875059298174,-0.0023901273496562,-0.0828394701003645,-0.0111790283859507,Debilidad relativa doble
2026-09-28,2026-09-28,2026-09-28,1.0,XLU,EXC,-0.0734370037473145,-0.0746875059298174,-0.0023901273496562,-0.0712170943225617,0.0013514376932297,Liderazgo interno en sector débil
2026-09-28,2026-09-28,2026-09-28,1.0,XLU,ED,-0.043352833987594,-0.0746875059298174,-0.0023901273496562,-0.0410608472920506,0.0338638807354596,Liderazgo interno en sector débil
2026-09-28,2026-09-28,2026-09-28,1.0,XLU,PEG,-0.0799602675366882,-0.0746875059298174,-0.0023901273496562,-0.0777559868979161,-0.0056983577339126,Debilidad relativa doble
2026-09-28,2026-09-28,2026-09-28,1.0,XLU,WEC,-0.0449068369200058,-0.0746875059298174,-0.0023901273496562,-0.042618573388208,0.0321844449314794,Liderazgo interno en sector débil
2026-09-28,2026-09-28,2026-09-28,1.0,XLU,PCG,-0.2801205099606684,-0.0746875059298174,-0.0023901273496562,-0.2783957839883516,-0.2220147305341252,Debilidad relativa doble
2026-09-28,2026-09-28,2026-09-28,1.0,XLU,AEE,-0.0567744859673688,-0.0746875059298174,-0.0023901273496562,-0.0545146555869882,0.0193588869460243,Liderazgo interno en sector débil
2026-09-28,2026-09-28,2026-09-28,1.0,XLU,DTE,-0.1024929017996237,-0.0746875059298174,-0.0023901273496562,-0.1003426060570402,-0.0300497356817246,Debilidad relativa doble
2026-09-28,2026-09-28,2026-09-28,1.0,XLU,ATO,-0.0576057077487183,-0.0746875059298174,-0.0023901273496562,-0.0553478688541555,0.0184605722829498,Liderazgo interno en sector débil
2026-09-28,2026-09-28,2026-09-28,1.0,XLU,AWK,-0.0677513388952703,-0.0746875059298174,-0.0023901273496562,-0.0655178074490876,0.0074960265629149,Liderazgo interno en sector débil
2026-09-28,2026-09-28,2026-09-28,1.0,XLU,ES,-0.0962026444746089,-0.0746875059298174,-0.0023901273496562,-0.0940372781954548,-0.0232517540643514,Debilidad relativa doble
2026-09-28,2026-09-28,2026-09-28,1.0,XLV,LLY,0.0086582304527818,0.004413579782889,-0.0023901273496562,0.0110748280518575,0.0042259988866442,Liderazgo relativo doble
2026-09-28,2026-09-28,2026-09-28,1.0,XLV,JNJ,0.0145873882161664,0.004413579782889,-0.0023901273496562,0.0170181912100755,0.0101291028298089,Liderazgo relativo doble
2026-09-28,2026-09-28,2026-09-28,1.0,XLV,ABBV,0.0422733804304413,0.004413579782889,-0.0023901273496562,0.044770515012487,0.0376934376531787,Liderazgo relativo doble
2026-09-28,2026-09-28,2026-09-28,1.0,XLV,MRK,0.0082081990114237,0.004413579782889,-0.0023901273496562,0.0106237184009851,0.0037779449670074,Liderazgo relativo doble
2026-09-28,2026-09-28,2026-09-28,1.0,XLV,UNH,-0.0325575889136725,0.004413579782889,-0.0023901273496562,-0.0302397383897882,-0.0368087105159939,Debilidad relativa doble
2026-09-28,2026-09-28,2026-09-28,1.0,XLV,TMO,0.0915171811004311,0.004413579782889,-0.0023901273496562,0.094132296626741,0.0867208519187585,Liderazgo relativo doble
2026-09-28,2026-09-28,2026-09-28,1.0,XLV,AMGN,-0.0330465938235534,0.004413579782889,-0.0023901273496562,-0.0307299148839138,-0.0372955666474956,Debilidad relativa doble
2026-09-28,2026-09-28,2026-09-28,1.0,XLV,ABT,-0.102160556051052,0.004413579782889,-0.0023901273496562,-0.100009464056662,-0.1061058292909359,Debilidad relativa doble
2026-09-28,2026-09-28,2026-09-28,1.0,XLV,GILD,0.0507090249197028,0.004413579782889,-0.0023901273496562,0.0532263700721915,0.0460920143541079,Liderazgo relativo doble
2026-09-28,2026-09-28,2026-09-28,1.0,XLV,PFE,0.0271816972019822,0.004413579782889,-0.0023901273496562,0.0296426743182436,0.0226680700832566,Liderazgo relativo doble
2026-09-28,2026-09-28,2026-09-28,1.0,XLV,VRTX,-0.0258819979472789,0.004413579782889,-0.0023901273496562,-0.0235481536837761,-0.0301624533359222,Debilidad relativa doble
2026-09-28,2026-09-28,2026-09-28,1.0,XLV,BMY,-0.040552728877819,0.004413579782889,-0.0023901273496562,-0.0382540335399612,-0.0447687183504904,Debilidad relativa doble
2026-09-28,2026-09-28,2026-09-28,1.0,XLV,DHR,0.052112714051701,0.004413579782889,-0.0023901273496562,0.0546334222380537,0.0474895354154036,Liderazgo relativo doble
2026-09-28,2026-09-28,2026-09-28,1.0,XLV,ISRG,0.1132313519868408,0.004413579782889,-0.0023901273496562,0.1158984914907932,0.1083396067061075,Liderazgo relativo doble
2026-09-28,2026-09-28,2026-09-28,1.0,XLV,CVS,-0.0559853774033495,0.004413579782889,-0.0023901273496562,-0.0537236564342603,-0.0601335529526534,Debilidad relativa doble
2026-09-28,2026-09-28,2026-09-28,1.0,XLV,MDT,-0.0109172292026248,0.004413579782889,-0.0023901273496562,-0.0085475315418788,-0.0152634425639961,Debilidad relativa doble
2026-09-28,2026-09-28,2026-09-28,1.0,XLV,MCK,-0.0405085269824886,0.004413579782889,-0.0023901273496562,-0.0382097257433544,-0.0447247106864961,Debilidad relativa doble
2026-09-28,2026-09-28,2026-09-28,1.0,XLV,SYK,-0.1674680349389307,0.004413579782889,-0.0023901273496562,-0.165473410112425,-0.1711263349893906,Debilidad relativa doble
2026-09-28,2026-09-28,2026-09-28,1.0,XLV,ELV,0.004759932086227,0.004413579782889,-0.0023901273496562,0.0071671899325613,0.0003448303670017,Liderazgo relativo doble
2026-09-28,2026-09-28,2026-09-28,1.0,XLV,REGN,-0.0528085248019732,0.004413579782889,-0.0023901273496562,-0.0505391925586811,-0.0569706600315292,Debilidad relativa doble
2026-09-28,2026-09-28,2026-09-28,1.0,XLY,AMZN,-0.0761175518402524,-0.0679970177152904,-0.0023901273496562,-0.0739040646166873,-0.0087129915668889,Debilidad relativa doble
2026-09-28,2026-09-28,2026-09-28,1.0,XLY,TSLA,0.0249462715613799,-0.0679970177152904,-0.0023901273496562,0.0274018929247479,0.0997242402044995,Liderazgo relativo doble
2026-09-28,2026-09-28,2026-09-28,1.0,XLY,HD,-0.11558103912326,-0.0679970177152904,-0.0023901273496562,-0.1134621006435012,-0.0510556535895649,Debilidad relativa doble
2026-09-28,2026-09-28,2026-09-28,1.0,XLY,MCD,-0.1122248595897537,-0.0679970177152904,-0.0023901273496562,-0.1100978801946899,-0.0474546141108296,Debilidad relativa doble
2026-09-28,2026-09-28,2026-09-28,1.0,XLY,BKNG,-0.2011586690302023,-0.0679970177152904,-0.0023901273496562,-0.1992447620355629,-0.1428768510895531,Debilidad relativa doble
2026-09-28,2026-09-28,2026-09-28,1.0,XLY,TJX,-0.0360420018736962,-0.0679970177152904,-0.0023901273496562,-0.0337324994936519,0.0342863879719137,Liderazgo interno en sector débil
2026-09-28,2026-09-28,2026-09-28,1.0,XLY,SBUX,-0.1166435049516787,-0.0679970177152904,-0.0023901273496562,-0.1145271119846541,-0.052195634736207,Debilidad relativa doble
2026-09-28,2026-09-28,2026-09-28,1.0,XLY,LOW,-0.0980052828193225,-0.0679970177152904,-0.0023901273496562,-0.0958442353979979,-0.0321976063107329,Debilidad relativa doble
2026-09-28,2026-09-28,2026-09-28,1.0,XLY,GM,-0.0633271432869456,-0.0679970177152904,-0.0023901273496562,-0.0610830121151452,0.0050105788469656,Liderazgo interno en sector débil
2026-09-28,2026-09-28,2026-09-28,1.0,XLY,DASH,-0.2464729439452534,-0.0679970177152904,-0.0023901273496562,-0.2446676033258812,-0.1914971621576227,Debilidad relativa doble
2026-09-28,2026-09-28,2026-09-28,1.0,XLY,ROST,0.0393709162131354,-0.0679970177152904,-0.0023901273496562,0.0418610969154158,0.1152012772161141,Liderazgo relativo doble
2026-09-28,2026-09-28,2026-09-28,1.0,XLY,ABNB,-0.1760544377035726,-0.0679970177152904,-0.0023901273496562,-0.1740803846422886,-0.1159410667585961,Debilidad relativa doble
2026-09-28,2026-09-28,2026-09-28,1.0,XLY,MAR,0.0213342287752749,-0.0679970177152904,-0.0023901273496562,0.0237811962124059,0.0958486702173193,Liderazgo relativo doble
2026-09-28,2026-09-28,2026-09-28,1.0,XLY,ORLY,-0.0224858515680173,-0.0679970177152904,-0.0023901273496562,-0.0201438706344925,0.04883156707901,Liderazgo interno en sector débil
2026-09-28,2026-09-28,2026-09-28,1.0,XLY,HLT,-0.0048780714446026,-0.0679970177152904,-0.0023901273496562,-0.0024939048451241,0.067723974569221,Liderazgo interno en sector débil
2026-09-28,2026-09-28,2026-09-28,1.0,XLY,RCL,-0.1266183243622207,-0.0679970177152904,-0.0023901273496562,-0.1245258296036387,-0.0628981964233914,Debilidad relativa doble
2026-09-28,2026-09-28,2026-09-28,1.0,XLY,F,-0.108069163374097,-0.0679970177152904,-0.0023901273496562,-0.1059322275386909,-0.0429957268597722,Debilidad relativa doble
2026-09-28,2026-09-28,2026-09-28,1.0,XLY,CVNA,-0.1832793020938277,-0.0679970177152904,-0.0023901273496562,-0.1813225587509517,-0.1236930423719617,Debilidad relativa doble
2026-09-28,2026-09-28,2026-09-28,1.0,XLY,AZO,-0.0164350404065614,-0.0679970177152904,-0.0023901273496562,-0.0140785626144538,0.0553238329584848,Liderazgo interno en sector débil
2026-09-28,2026-09-28,2026-09-28,1.0,XLY,CMG,-0.1625032499656947,-0.0679970177152904,-0.0023901273496562,-0.1604967302405168,-0.1014012122780251,Debilidad relativa doble
2026-09-29,2026-09-29,2026-09-29,1.0,XLB,LIN,-0.0299258300505838,-0.0638459523223857,-0.0012415228613225,-0.0287199636807472,0.0362334835339868,Liderazgo interno en sector débil
2026-09-29,2026-09-29,2026-09-29,1.0,XLB,NEM,-0.0692230492172415,-0.0638459523223857,-0.0012415228613225,-0.0680660318905906,-0.0057438163176189,Debilidad relativa doble
2026-09-29,2026-09-29,2026-09-29,1.0,XLB,FCX,-0.0653551239484525,-0.0638459523223857,-0.0012415228613225,-0.0641932985348047,-0.001612097527977,Debilidad relativa doble
2026-09-29,2026-09-29,2026-09-29,1.0,XLB,CTVA,-0.0779158607393782,-0.0638459523223857,-0.0012415228613225,-0.0767696491525343,-0.015029479872353,Debilidad relativa doble
2026-09-29,2026-09-29,2026-09-29,1.0,XLB,ECL,-0.0162140436138822,-0.0638459523223857,-0.0012415228613225,-0.0149911325863828,0.0508804174127832,Liderazgo interno en sector débil
2026-09-29,2026-09-29,2026-09-29,1.0,XLB,APD,-0.09781551686647,-0.0638459523223857,-0.0012415228613225,-0.0966940418686811,-0.0362862977822454,Debilidad relativa doble
2026-09-29,2026-09-29,2026-09-29,1.0,XLB,SHW,-0.0247040972152541,-0.0638459523223857,-0.0012415228613225,-0.0234917398860523,0.0418113399223489,Liderazgo interno en sector débil
2026-09-29,2026-09-29,2026-09-29,1.0,XLB,NUE,-0.053677270987207,-0.0638459523223857,-0.0012415228613225,-0.052500929229764,0.0108621880772772,Liderazgo interno en sector débil
2026-09-29,2026-09-29,2026-09-29,1.0,XLB,VMC,-0.0995251424759359,-0.0638459523223857,-0.0012415228613225,-0.0984057926558822,-0.038112520308022,Debilidad relativa doble
2026-09-29,2026-09-29,2026-09-29,1.0,XLB,MLM,-0.074865774746724,-0.0638459523223857,-0.0012415228613225,-0.0737157717012086,-0.0117713772126243,Debilidad relativa doble
2026-09-29,2026-09-29,2026-09-29,1.0,XLB,CRH,-0.103510468145761,-0.0638459523223857,-0.0012415228613225,-0.1023960723491697,-0.0423696462369349,Debilidad relativa doble
2026-09-29,2026-09-29,2026-09-29,1.0,XLB,STLD,-0.0460837479396502,-0.0638459523223857,-0.0012415228613225,-0.044897966930699,0.0189735913942792,Liderazgo interno en sector débil
2026-09-29,2026-09-29,2026-09-29,1.0,XLB,PPG,-0.0548275084806193,-0.0638459523223857,-0.0012415228613225,-0.053652596544476,0.0096335040842254,Liderazgo interno en sector débil
2026-09-29,2026-09-29,2026-09-29,1.0,XLB,SW,-0.0537313512958664,-0.0638459523223857,-0.0012415228613225,-0.0525550767638248,0.0108044194773406,Liderazgo interno en sector débil
2026-09-29,2026-09-29,2026-09-29,1.0,XLB,IFF,-0.0078362542255508,-0.0638459523223857,-0.0012415228613225,-0.0066029290515976,0.0598295742413144,Liderazgo interno en sector débil
2026-09-29,2026-09-29,2026-09-29,1.0,XLB,DOW,-0.0953473068075221,-0.0638459523223857,-0.0012415228613225,-0.0942227636613421,-0.0336497551479738,Debilidad relativa doble
2026-09-29,2026-09-29,2026-09-29,1.0,XLB,CF,-0.1101284305872363,-0.0638459523223857,-0.0012415228613225,-0.10902226135578,-0.0494389554578831,Debilidad relativa doble
2026-09-29,2026-09-29,2026-09-29,1.0,XLB,PKG,0.0036326630342662,-0.0638459523223857,-0.0012415228613225,0.0048802448311153,0.072080674675339,Liderazgo relativo doble
2026-09-29,2026-09-29,2026-09-29,1.0,XLB,AMCR,-0.061450020127504,-0.0638459523223857,-0.0012415228613225,-0.0602833404114592,0.0025593354008621,Liderazgo interno en sector débil
2026-09-29,2026-09-29,2026-09-29,1.0,XLB,IP,-0.1215396934685102,-0.0638459523223857,-0.0012415228613225,-0.1204477091917431,-0.0616284694695808,Debilidad relativa doble
2026-09-29,2026-09-29,2026-09-29,1.0,XLC,META,0.2918423014135591,0.0033857565553063,-0.0012415228613225,0.2934481468578183,0.2874831967403486,Liderazgo relativo doble
2026-09-29,2026-09-29,2026-09-29,1.0,XLC,GOOGL,0.0052722665049773,0.0033857565553063,-0.0012415228613225,0.0065218864374108,0.0018801442389888,Liderazgo relativo doble
2026-09-29,2026-09-29,2026-09-29,1.0,XLC,GOOG,0.0063474727374961,0.0033857565553063,-0.0012415228613225,0.0075984292224084,0.00295172236883,Liderazgo relativo doble
2026-09-29,2026-09-29,2026-09-29,1.0,XLC,T,-0.054461177313734,0.0033857565553063,-0.0012415228613225,-0.0532858100037152,-0.0576517391154055,Debilidad relativa doble
2026-09-29,2026-09-29,2026-09-29,1.0,XLC,VZ,-0.0807677104869016,0.0033857565553063,-0.0012415228613225,-0.0796250439379619,-0.0838695053147982,Debilidad relativa doble
2026-09-29,2026-09-29,2026-09-29,1.0,XLC,CMCSA,-0.1885800262772733,0.0033857565553063,-0.0012415228613225,-0.1875713775693329,-0.1913180265699721,Debilidad relativa doble
2026-09-29,2026-09-29,2026-09-29,1.0,XLC,DIS,-0.0198977157501202,0.0033857565553063,-0.0012415228613225,-0.0186793837707845,-0.0232049061423399,Debilidad relativa doble
2026-09-29,2026-09-29,2026-09-29,1.0,XLC,TMUS,-0.0967635029795398,0.0033857565553063,-0.0012415228613225,-0.0956407202588921,-0.0998113226947386,Debilidad relativa doble
2026-09-29,2026-09-29,2026-09-29,1.0,XLC,NFLX,-0.1326341714402545,0.0033857565553063,-0.0012415228613225,-0.1315559783335769,-0.1355609516149869,Debilidad relativa doble
2026-09-29,2026-09-29,2026-09-29,1.0,XLC,WBD,0.0813178983171276,0.0033857565553063,-0.0012415228613225,0.0826620480008069,0.0776691728506968,Liderazgo relativo doble
2026-09-29,2026-09-29,2026-09-29,1.0,XLC,OMC,-0.1442664214621359,0.0033857565553063,-0.0012415228613225,-0.1432026880117829,-0.1471539505646787,Debilidad relativa doble
2026-09-29,2026-09-29,2026-09-29,1.0,XLC,LYV,-0.0489188008317054,0.0033857565553063,-0.0012415228613225,-0.0477365439810558,-0.052128064451081,Debilidad relativa doble
2026-09-29,2026-09-29,2026-09-29,1.0,XLC,TTWO,-0.0770141028856336,0.0033857565553063,-0.0012415228613225,-0.0758667703541204,-0.0801285636313577,Debilidad relativa doble
2026-09-29,2026-09-29,2026-09-29,1.0,XLC,CHTR,-0.274009469978303,0.0033857565553063,-0.0012415228613225,-0.2731070157205851,-0.2764592029748625,Debilidad relativa doble
2026-09-29,2026-09-29,2026-09-29,1.0,XLC,FOXA,-0.0682103046239164,0.0033857565553063,-0.0012415228613225,-0.0670520283887365,-0.0713544723068594,Debilidad relativa doble
2026-09-29,2026-09-29,2026-09-29,1.0,XLC,ECHO,0.0399120413095868,0.0033857565553063,-0.0012415228613225,0.0412047207737442,0.0364030329468476,Liderazgo relativo doble
2026-09-29,2026-09-29,2026-09-29,1.0,XLC,TKO,-0.0235630908507411,0.0033857565553063,-0.0012415228613225,-0.0223493151751434,-0.0268579130508737,Debilidad relativa doble
2026-09-29,2026-09-29,2026-09-29,1.0,XLC,NWSA,-0.0681874182473987,0.0033857565553063,-0.0012415228613225,-0.0670291135629387,-0.0713316631565718,Debilidad relativa doble
2026-09-29,2026-09-29,2026-09-29,1.0,XLC,FOX,-0.0683222696536544,0.0033857565553063,-0.0012415228613225,-0.0671641325984137,-0.071466059529427,Debilidad relativa doble
2026-09-29,2026-09-29,2026-09-29,1.0,XLC,APP,-0.0205088570997719,0.0033857565553063,-0.0012415228613225,-0.0192912848095647,-0.0238139852982467,Debilidad relativa doble
2026-09-29,2026-09-29,2026-09-29,1.0,XLE,XOM,0.0024853007943956,-0.0321169916083586,-0.0012415228613225,0.0037314563440753,0.0357504906096595,Liderazgo relativo doble
2026-09-29,2026-09-29,2026-09-29,1.0,XLE,CVX,-0.0085378602505434,-0.0321169916083586,-0.0012415228613225,-0.0073054072192949,0.0243615510897305,Liderazgo interno en sector débil
2026-09-29,2026-09-29,2026-09-29,1.0,XLE,COP,-0.0532115839645094,-0.0321169916083586,-0.0012415228613225,-0.052034663327289,-0.0217945683241244,Debilidad relativa doble
2026-09-29,2026-09-29,2026-09-29,1.0,XLE,MPC,0.0501178374799209,-0.0321169916083586,-0.0012415228613225,0.0514232034238966,0.0849636044597286,Liderazgo relativo doble
2026-09-29,2026-09-29,2026-09-29,1.0,XLE,PSX,0.0229945580616475,-0.0321169916083586,-0.0012415228613225,0.0242662079749285,0.0569403008340714,Liderazgo relativo doble
2026-09-29,2026-09-29,2026-09-29,1.0,XLE,VLO,0.0802406851541239,-0.0321169916083586,-0.0012415228613225,0.081583495790577,0.1160860101771914,Liderazgo relativo doble
2026-09-29,2026-09-29,2026-09-29,1.0,XLE,SLB,-0.1659108168938852,-0.0321169916083586,-0.0012415228613225,-0.1648739888589685,-0.1382334684311232,Debilidad relativa doble
2026-09-29,2026-09-29,2026-09-29,1.0,XLE,EOG,-0.0365618295135661,-0.0321169916083586,-0.0012415228613225,-0.0353642121300757,-0.0045923297202969,Debilidad relativa doble
2026-09-29,2026-09-29,2026-09-29,1.0,XLE,WMB,-0.0789023466434788,-0.0321169916083586,-0.0012415228613225,-0.077757361323876,-0.0483378204075146,Debilidad relativa doble
2026-09-29,2026-09-29,2026-09-29,1.0,XLE,BKR,-0.1200629608137845,-0.0321169916083586,-0.0012415228613225,-0.1189691408606323,-0.0908642557446773,Debilidad relativa doble
2026-09-29,2026-09-29,2026-09-29,1.0,XLE,TRGP,-0.0686531724200071,-0.0321169916083586,-0.0012415228613225,-0.0674954466987963,-0.0377485506976319,Debilidad relativa doble
2026-09-29,2026-09-29,2026-09-29,1.0,XLE,KMI,-0.0555211173181449,-0.0321169916083586,-0.0012415228613225,-0.0543470675836733,-0.0241807382781494,Debilidad relativa doble
2026-09-29,2026-09-29,2026-09-29,1.0,XLE,OKE,-0.0953025864211084,-0.0321169916083586,-0.0012415228613225,-0.0941779876845296,-0.065282264762295,Debilidad relativa doble
2026-09-29,2026-09-29,2026-09-29,1.0,XLE,DVN,-0.0331519107935185,-0.0321169916083586,-0.0012415228613225,-0.0319500546554712,-0.0010692606195036,Debilidad relativa doble
2026-09-29,2026-09-29,2026-09-29,1.0,XLE,OXY,-0.082883043285092,-0.0321169916083586,-0.0012415228613225,-0.0817430062347631,-0.0524506073942683,Debilidad relativa doble
2026-09-29,2026-09-29,2026-09-29,1.0,XLE,FANG,-0.0824521105924296,-0.0321169916083586,-0.0012415228613225,-0.0813115378642549,-0.0520053751823934,Debilidad relativa doble
2026-09-29,2026-09-29,2026-09-29,1.0,XLE,EQT,-0.0978220599336955,-0.0321169916083586,-0.0012415228613225,-0.096700593069372,-0.0678853412609451,Debilidad relativa doble
2026-09-29,2026-09-29,2026-09-29,1.0,XLE,HAL,-0.1401253886871462,-0.0321169916083586,-0.0012415228613225,-0.1390565076590981,-0.1115924095601885,Debilidad relativa doble
2026-09-29,2026-09-29,2026-09-29,1.0,XLE,EXE,-0.1424205667825376,-0.0321169916083586,-0.0012415228613225,-0.1413545388127028,-0.1139637479094437,Debilidad relativa doble
2026-09-29,2026-09-29,2026-09-29,1.0,XLE,TPL,-0.120511529951876,-0.0321169916083586,-0.0012415228613225,-0.1194182675998383,-0.0913277096272255,Debilidad relativa doble
2026-09-29,2026-09-29,2026-09-29,1.0,XLF,JPM,-0.0590977436003903,-0.0608014194648522,-0.0012415228613225,-0.0579281398490042,0.0018139676738984,Liderazgo interno en sector débil
2026-09-29,2026-09-29,2026-09-29,1.0,XLF,V,-0.0355589277170113,-0.0608014194648522,-0.0012415228613225,-0.0343600636602394,0.0268766289376822,Liderazgo interno en sector débil
2026-09-29,2026-09-29,2026-09-29,1.0,XLF,MA,-0.0436611979693959,-0.0608014194648522,-0.0012415228613225,-0.0424724055705646,0.0182498375217836,Liderazgo interno en sector débil
2026-09-29,2026-09-29,2026-09-29,1.0,XLF,BAC,-0.1081625644329578,-0.0608014194648522,-0.0012415228613225,-0.1070539514998172,-0.0504271896802904,Debilidad relativa doble
2026-09-29,2026-09-29,2026-09-29,1.0,XLF,GS,-0.1025174176479781,-0.0608014194648522,-0.0012415228613225,-0.1014017874239214,-0.0444165898966291,Debilidad relativa doble
2026-09-29,2026-09-29,2026-09-29,1.0,XLF,WFC,-0.0684106502427294,-0.0608014194648522,-0.0012415228613225,-0.0672526230504079,-0.0081018337714495,Debilidad relativa doble
2026-09-29,2026-09-29,2026-09-29,1.0,XLF,MS,-0.096381080590037,-0.0608014194648522,-0.0012415228613225,-0.0952578224930594,-0.037883001382851,Debilidad relativa doble
2026-09-29,2026-09-29,2026-09-29,1.0,XLF,C,-0.0062299961696519,-0.0608014194648522,-0.0012415228613225,-0.004994674310671,0.0581042437948595,Liderazgo interno en sector débil
2026-09-29,2026-09-29,2026-09-29,1.0,XLF,SCHW,-0.0976142892960539,-0.0608014194648522,-0.0012415228613225,-0.0964925641590825,-0.0391960450049083,Debilidad relativa doble
2026-09-29,2026-09-29,2026-09-29,1.0,XLF,AXP,-0.0750220144891247,-0.0608014194648522,-0.0012415228613225,-0.0738722056599453,-0.0151412015722698,Debilidad relativa doble
2026-09-29,2026-09-29,2026-09-29,1.0,XLF,BLK,-0.0711222037914415,-0.0608014194648522,-0.0012415228613225,-0.0699675472395675,-0.0109889266662951,Debilidad relativa doble
2026-09-29,2026-09-29,2026-09-29,1.0,XLF,COF,-0.0841452065413834,-0.0608014194648522,-0.0012415228613225,-0.0830067384434823,-0.024855006768888,Debilidad relativa doble
2026-09-29,2026-09-29,2026-09-29,1.0,XLF,SPGI,-0.0995548469517256,-0.0608014194648522,-0.0012415228613225,-0.0984355340563005,-0.041262229617928,Debilidad relativa doble
2026-09-29,2026-09-29,2026-09-29,1.0,XLF,PGR,-0.0346661660634542,-0.0608014194648522,-0.0012415228613225,-0.0334661922448852,0.0278271857976044,Liderazgo interno en sector débil
2026-09-29,2026-09-29,2026-09-29,1.0,XLF,CB,-0.0162931464588722,-0.0608014194648522,-0.0012415228613225,-0.0150703337614422,0.0473896297635156,Liderazgo interno en sector débil
2026-09-29,2026-09-29,2026-09-29,1.0,XLF,BNY,-0.0886656941963808,-0.0608014194648522,-0.0012415228613225,-0.0875328453636939,-0.029668139740641,Debilidad relativa doble
2026-09-29,2026-09-29,2026-09-29,1.0,XLF,CME,-0.0737104834940513,-0.0608014194648522,-0.0012415228613225,-0.0725590443450788,-0.0137447652676855,Debilidad relativa doble
2026-09-29,2026-09-29,2026-09-29,1.0,XLF,BX,-0.204132954285313,-0.0608014194648522,-0.0012415228613225,-0.203143638895812,-0.1526104678935861,Debilidad relativa doble
2026-09-29,2026-09-29,2026-09-29,1.0,XLF,PNC,-0.0750323858446733,-0.0608014194648522,-0.0012415228613225,-0.073882589907775,-0.0151522443440154,Debilidad relativa doble
2026-09-29,2026-09-29,2026-09-29,1.0,XLF,TRV,-0.0040395192041597,-0.0608014194648522,-0.0012415228613225,-0.0028014744373967,0.0604365268826854,Liderazgo interno en sector débil
2026-09-29,2026-09-29,2026-09-29,1.0,XLI,CAT,0.0365782349391707,-0.031664720812094,-0.0012415228613225,0.0378667702614572,0.0704745114817015,Liderazgo relativo doble
2026-09-29,2026-09-29,2026-09-29,1.0,XLI,GE,-0.0530814609639794,-0.031664720812094,-0.0012415228613225,-0.0519043785752608,-0.0221170710312719,Debilidad relativa doble
2026-09-29,2026-09-29,2026-09-29,1.0,XLI,RTX,-0.1000818067382103,-0.031664720812094,-0.0012415228613225,-0.0989631488886615,-0.070654335741536,Debilidad relativa doble
2026-09-29,2026-09-29,2026-09-29,1.0,XLI,GEV,0.0711828863277397,-0.031664720812094,-0.0012415228613225,0.0725144375210204,0.1062107405877919,Liderazgo relativo doble
2026-09-29,2026-09-29,2026-09-29,1.0,XLI,UNP,-0.08820307429036,-0.031664720812094,-0.0012415228613225,-0.0870696503905247,-0.0583871668144548,Debilidad relativa doble
2026-09-29,2026-09-29,2026-09-29,1.0,XLI,DE,0.0390741138550676,-0.031664720812094,-0.0012415228613225,0.0403657517199649,0.0730520060432857,Liderazgo relativo doble
2026-09-29,2026-09-29,2026-09-29,1.0,XLI,BA,-0.0967369632380533,-0.031664720812094,-0.0012415228613225,-0.0956141475267511,-0.0672001153159803,Debilidad relativa doble
2026-09-29,2026-09-29,2026-09-29,1.0,XLI,ETN,0.0781078524670881,-0.031664720812094,-0.0012415228613225,0.0794480118514109,0.1133621542439753,Liderazgo relativo doble
2026-09-29,2026-09-29,2026-09-29,1.0,XLI,UBER,-0.0831460778407997,-0.031664720812094,-0.0012415228613225,-0.082006367759825,-0.0531648057601293,Debilidad relativa doble
2026-09-29,2026-09-29,2026-09-29,1.0,XLI,PH,-0.0092604011492386,-0.031664720812094,-0.0012415228613225,-0.0080288462841279,0.0231369445525571,Liderazgo interno en sector débil
2026-09-29,2026-09-29,2026-09-29,1.0,XLI,VRT,-0.039885276177345,-0.031664720812094,-0.0012415228613225,-0.038691790057925,-0.0084893688600762,Debilidad relativa doble
2026-09-29,2026-09-29,2026-09-29,1.0,XLI,LMT,-0.0816987860483372,-0.031664720812094,-0.0012415228613225,-0.080557276887917,-0.0516701872911252,Debilidad relativa doble
2026-09-29,2026-09-29,2026-09-29,1.0,XLI,ADP,-0.0792722153782946,-0.031664720812094,-0.0012415228613225,-0.0781276898299984,-0.0491642673662852,Debilidad relativa doble
2026-09-29,2026-09-29,2026-09-29,1.0,XLI,TT,0.0276037182074888,-0.031664720812094,-0.0012415228613225,0.0288810976117563,0.0612065265961272,Liderazgo relativo doble
2026-09-29,2026-09-29,2026-09-29,1.0,XLI,PWR,0.0736298558607631,-0.031664720812094,-0.0012415228613225,0.0749644487990561,0.1087377264217435,Liderazgo relativo doble
2026-09-29,2026-09-29,2026-09-29,1.0,XLI,HWM,-0.0571953242759021,-0.031664720812094,-0.0012415228613225,-0.0560233556914385,-0.0263654583412672,Debilidad relativa doble
2026-09-29,2026-09-29,2026-09-29,1.0,XLI,CSX,-0.0708770171316994,-0.031664720812094,-0.0012415228613225,-0.0697220557965868,-0.0404945447742963,Debilidad relativa doble
2026-09-29,2026-09-29,2026-09-29,1.0,XLI,GD,-0.1050491695824848,-0.031664720812094,-0.0012415228613225,-0.1039366864935742,-0.0757841321571333,Debilidad relativa doble
2026-09-29,2026-09-29,2026-09-29,1.0,XLI,JCI,0.0838998344550454,-0.031664720812094,-0.0012415228613225,0.0852471936561556,0.119343534983108,Liderazgo relativo doble
2026-09-29,2026-09-29,2026-09-29,1.0,XLI,MMM,-0.0194377949269566,-0.031664720812094,-0.0012415228613225,-0.018218891235611,0.0126267483462871,Liderazgo interno en sector débil
2026-09-29,2026-09-29,2026-09-29,1.0,XLK,NVDA,0.0302755868628408,0.0441125022597483,-0.0012415228613225,0.0315562875766082,-0.013252322299523,Fortaleza sectorial
2026-09-29,2026-09-29,2026-09-29,1.0,XLK,AAPL,0.0396086083358591,0.0441125022597483,-0.0012415228613225,0.0409009106127562,-0.0043136098017614,Fortaleza sectorial
2026-09-29,2026-09-29,2026-09-29,1.0,XLK,MSFT,0.0032919688581021,0.0441125022597483,-0.0012415228613225,0.0045391271495511,-0.0390959147728806,Fortaleza sectorial
2026-09-29,2026-09-29,2026-09-29,1.0,XLK,AVGO,-0.0394053021143883,0.0441125022597483,-0.0012415228613225,-0.0382112193554545,-0.0799892772027737,Debilidad relativa doble
2026-09-29,2026-09-29,2026-09-29,1.0,XLK,AMD,0.2907248592552407,0.0441125022597483,-0.0012415228613225,0.2923293156449713,0.2361932803809503,Liderazgo relativo doble
2026-09-29,2026-09-29,2026-09-29,1.0,XLK,MU,0.1109279752928347,0.0441125022597483,-0.0012415228613225,0.1123089322610901,0.063992599349667,Liderazgo relativo doble
2026-09-29,2026-09-29,2026-09-29,1.0,XLK,INTC,0.2951625241694797,0.0441125022597483,-0.0012415228613225,0.2967724968702785,0.2404434592693696,Liderazgo relativo doble
2026-09-29,2026-09-29,2026-09-29,1.0,XLK,CSCO,-0.0321295636799658,0.0441125022597483,-0.0012415228613225,-0.0309264366968217,-0.0730209300000769,Debilidad relativa doble
2026-09-29,2026-09-29,2026-09-29,1.0,XLK,LRCX,0.0753393037003711,0.0441125022597483,-0.0012415228613225,0.0766760215954196,0.0299075064928724,Liderazgo relativo doble
2026-09-29,2026-09-29,2026-09-29,1.0,XLK,PLTR,0.0031655559739982,0.0441125022597483,-0.0012415228613225,0.0044125571258695,-0.0392169868640875,Fortaleza sectorial
2026-09-29,2026-09-29,2026-09-29,1.0,XLK,AMAT,0.1169746142012089,0.0441125022597483,-0.0012415228613225,0.118363087541651,0.0697837750086955,Liderazgo relativo doble
2026-09-29,2026-09-29,2026-09-29,1.0,XLK,ORCL,-0.0759790920201606,0.0441125022597483,-0.0012415228613225,-0.0748304729016691,-0.1150178683044188,Debilidad relativa doble
2026-09-29,2026-09-29,2026-09-29,1.0,XLK,PANW,0.0164341943816286,0.0441125022597483,-0.0012415228613225,0.0176976893288454,-0.0265089325319026,Fortaleza sectorial
2026-09-29,2026-09-29,2026-09-29,1.0,XLK,SNDK,0.1040786772679622,0.0441125022597483,-0.0012415228613225,0.105451120105648,0.0574326759601389,Liderazgo relativo doble
2026-09-29,2026-09-29,2026-09-29,1.0,XLK,KLAC,0.1201482028938039,0.0441125022597483,-0.0012415228613225,0.1215406212149441,0.072823283381334,Liderazgo relativo doble
2026-09-29,2026-09-29,2026-09-29,1.0,XLK,TXN,0.0796443160002708,0.0441125022597483,-0.0012415228613225,0.0809863853104122,0.0340306371809759,Liderazgo relativo doble
2026-09-29,2026-09-29,2026-09-29,1.0,XLK,IBM,-0.0593491679728664,0.0441125022597483,-0.0012415228613225,-0.0581798767586086,-0.099090538623659,Debilidad relativa doble
2026-09-29,2026-09-29,2026-09-29,1.0,XLK,CRWD,0.1374025551271644,0.0441125022597483,-0.0012415228613225,0.1388164217496161,0.0893486599054322,Liderazgo relativo doble
2026-09-29,2026-09-29,2026-09-29,1.0,XLK,CRM,-0.1236064931596284,0.0441125022597483,-0.0012415228613225,-0.1225170780516095,-0.1606330688085685,Debilidad relativa doble
2026-09-29,2026-09-29,2026-09-29,1.0,XLK,STX,0.1035783645337429,0.0441125022597483,-0.0012415228613225,0.1049501854496011,0.056953500839511,Liderazgo relativo doble
2026-09-29,2026-09-29,2026-09-29,1.0,XLP,WMT,0.018403740389324,-0.030497693688672,-0.0012415228613225,0.0196696836125265,0.0504397294979643,Liderazgo relativo doble
2026-09-29,2026-09-29,2026-09-29,1.0,XLP,COST,-0.0204472846342772,-0.030497693688672,-0.0012415228613225,-0.019229635805422,0.0103665653902709,Liderazgo interno en sector débil
2026-09-29,2026-09-29,2026-09-29,1.0,XLP,KO,-0.0147943247653856,-0.030497693688672,-0.0012415228613225,-0.0135696489334341,0.0161973507655006,Liderazgo interno en sector débil
2026-09-29,2026-09-29,2026-09-29,1.0,XLP,PG,0.0220508015070368,-0.030497693688672,-0.0012415228613225,0.023321278268485,0.0542015164416065,Liderazgo relativo doble
2026-09-29,2026-09-29,2026-09-29,1.0,XLP,PM,0.0352375373048059,-0.030497693688672,-0.0012415228613225,0.0365244060512373,0.0678030681985495,Liderazgo relativo doble
2026-09-29,2026-09-29,2026-09-29,1.0,XLP,TGT,-0.0276604430132427,-0.030497693688672,-0.0012415228613225,-0.026451760617449,0.00292650224446,Liderazgo interno en sector débil
2026-09-29,2026-09-29,2026-09-29,1.0,XLP,CL,-0.0374081565549724,-0.030497693688672,-0.0012415228613225,-0.0362115912119844,-0.0071278457217834,Debilidad relativa doble
2026-09-29,2026-09-29,2026-09-29,1.0,XLP,MDLZ,-0.0443048173597673,-0.030497693688672,-0.0012415228613225,-0.0431168250224177,-0.0142414552097636,Debilidad relativa doble
2026-09-29,2026-09-29,2026-09-29,1.0,XLP,PEP,-0.0732166116288522,-0.030497693688672,-0.0012415228613225,-0.0720645585644786,-0.0440627295696832,Debilidad relativa doble
2026-09-29,2026-09-29,2026-09-29,1.0,XLP,MO,0.0195318239081985,-0.030497693688672,-0.0012415228613225,0.0207991694138447,0.0516032992094863,Liderazgo relativo doble
2026-09-29,2026-09-29,2026-09-29,1.0,XLP,MNST,-0.0910278017673213,-0.030497693688672,-0.0012415228613225,-0.0898978891906137,-0.0624342074119953,Debilidad relativa doble
2026-09-29,2026-09-29,2026-09-29,1.0,XLP,KDP,-0.018989398482317,-0.030497693688672,-0.0012415228613225,-0.0177699374045265,0.0118703123565953,Liderazgo interno en sector débil
2026-09-29,2026-09-29,2026-09-29,1.0,XLP,ADM,-0.0232500844920943,-0.030497693688672,-0.0012415228613225,-0.0220359197288855,0.0074755976849119,Liderazgo interno en sector débil
2026-09-29,2026-09-29,2026-09-29,1.0,XLP,SYY,-0.031943807459229,-0.030497693688672,-0.0012415228613225,-0.0307404495688136,-0.0014916042603952,Debilidad relativa doble
2026-09-29,2026-09-29,2026-09-29,1.0,XLP,KVUE,-0.0400583039472525,-0.030497693688672,-0.0012415228613225,-0.0388650329127973,-0.0098613589636066,Debilidad relativa doble
2026-09-29,2026-09-29,2026-09-29,1.0,XLP,KMB,-0.0719977541671286,-0.030497693688672,-0.0012415228613225,-0.0708441859822949,-0.0428055304338079,Debilidad relativa doble
2026-09-29,2026-09-29,2026-09-29,1.0,XLP,KR,0.0564824460946955,-0.030497693688672,-0.0012415228613225,0.0577957236682389,0.0897162793911254,Liderazgo relativo doble
2026-09-29,2026-09-29,2026-09-29,1.0,XLP,DG,-0.0324260403183555,-0.030497693688672,-0.0012415228613225,-0.0312232818752866,-0.0019890067482358,Debilidad relativa doble
2026-09-29,2026-09-29,2026-09-29,1.0,XLP,CASY,-0.2024833399044109,-0.030497693688672,-0.0012415228613225,-0.2014919739351018,-0.1773958092684625,Debilidad relativa doble
2026-09-29,2026-09-29,2026-09-29,1.0,XLP,HSY,-0.0839907070419122,-0.030497693688672,-0.0012415228613225,-0.0828520468909121,-0.0551757463649213,Debilidad relativa doble
2026-09-29,2026-09-29,2026-09-29,1.0,XLRE,WELL,-0.014138213338199,-0.0549088687946806,-0.0012415228613225,-0.0129127219163376,0.0431393905945183,Liderazgo interno en sector débil
2026-09-29,2026-09-29,2026-09-29,1.0,XLRE,PLD,-0.0447194288319063,-0.0549088687946806,-0.0012415228613225,-0.0435319518840459,0.0107814364417737,Liderazgo interno en sector débil
2026-09-29,2026-09-29,2026-09-29,1.0,XLRE,EQIX,-0.030046193874326,-0.0549088687946806,-0.0012415228613225,-0.0288404771246852,0.0263071719746708,Liderazgo interno en sector débil
2026-09-29,2026-09-29,2026-09-29,1.0,XLRE,AMT,-0.0475241376764867,-0.0549088687946806,-0.0012415228613225,-0.0463401471672695,0.0078137767611634,Liderazgo interno en sector débil
2026-09-29,2026-09-29,2026-09-29,1.0,XLRE,DLR,-0.0421322264011245,-0.0549088687946806,-0.0012415228613225,-0.0409415333894827,0.01351895279904,Liderazgo interno en sector débil
2026-09-29,2026-09-29,2026-09-29,1.0,XLRE,VMRK,-0.0581823910199424,-0.0549088687946806,-0.0012415228613225,-0.0570116494247424,-0.0034637106594017,Debilidad relativa doble
2026-09-29,2026-09-29,2026-09-29,1.0,XLRE,SPG,-0.027540666189094,-0.0549088687946806,-0.0012415228613225,-0.0263318349027839,0.0289582683636895,Liderazgo interno en sector débil
2026-09-29,2026-09-29,2026-09-29,1.0,XLRE,VTR,-0.0467258373630964,-0.0549088687946806,-0.0012415228613225,-0.0455408545137769,0.0086584575406478,Liderazgo interno en sector débil
2026-09-29,2026-09-29,2026-09-29,1.0,XLRE,PSA,-0.060197320816403,-0.0549088687946806,-0.0012415228613225,-0.0590290839122404,-0.0055957059029617,Debilidad relativa doble
2026-09-29,2026-09-29,2026-09-29,1.0,XLRE,O,-0.1001958144901726,-0.0549088687946806,-0.0012415228613225,-0.0990772983598019,-0.0479180728716981,Debilidad relativa doble
2026-09-29,2026-09-29,2026-09-29,1.0,XLRE,CBRE,-0.1026678655192174,-0.0549088687946806,-0.0012415228613225,-0.1015524223118177,-0.0505337476436029,Debilidad relativa doble
2026-09-29,2026-09-29,2026-09-29,1.0,XLRE,IRM,-0.0258659441600194,-0.0549088687946806,-0.0012415228613225,-0.0246550310834335,0.0307302901018882,Liderazgo interno en sector débil
2026-09-29,2026-09-29,2026-09-29,1.0,XLRE,CCI,-0.1063144366578047,-0.0549088687946806,-0.0012415228613225,-0.1052035263795742,-0.0543921809927092,Debilidad relativa doble
2026-09-29,2026-09-29,2026-09-29,1.0,XLRE,EXR,-0.042809655975431,-0.0549088687946806,-0.0012415228613225,-0.0416198050535663,0.0128021652301602,Liderazgo interno en sector débil
2026-09-29,2026-09-29,2026-09-29,1.0,XLRE,VICI,-0.0782310102689468,-0.0549088687946806,-0.0012415228613225,-0.0770851904338173,-0.0246771350446621,Debilidad relativa doble
2026-09-29,2026-09-29,2026-09-29,1.0,XLRE,SBAC,-0.1415691531428551,-0.0549088687946806,-0.0012415228613225,-0.1405020668095397,-0.0916951619656535,Debilidad relativa doble
2026-09-29,2026-09-29,2026-09-29,1.0,XLRE,ESS,-0.0319126344783285,-0.0549088687946806,-0.0012415228613225,-0.0307092378378355,0.0243322930001721,Liderazgo interno en sector débil
2026-09-29,2026-09-29,2026-09-29,1.0,XLRE,WY,-0.1557626456086491,-0.0549088687946806,-0.0012415228613225,-0.1547132027254587,-0.1067132824380068,Debilidad relativa doble
2026-09-29,2026-09-29,2026-09-29,1.0,XLRE,KIM,-0.0432074577244647,-0.0549088687946806,-0.0012415228613225,-0.0420181012964911,0.0123812515892436,Liderazgo interno en sector débil
2026-09-29,2026-09-29,2026-09-29,1.0,XLRE,INVH,-0.0779229839792771,-0.0549088687946806,-0.0012415228613225,-0.0767767812470916,-0.0243512127293433,Debilidad relativa doble
2026-09-29,2026-09-29,2026-09-29,1.0,XLU,NEE,-0.0783337045798977,-0.0527590973813635,-0.0012415228613225,-0.0771880124005905,-0.0269990528574447,Debilidad relativa doble
2026-09-29,2026-09-29,2026-09-29,1.0,XLU,SO,-0.0517045801336114,-0.0527590973813635,-0.0012415228613225,-0.0505257861909312,0.0011132513860379,Liderazgo interno en sector débil
2026-09-29,2026-09-29,2026-09-29,1.0,XLU,CEG,-0.0370855728385214,-0.0527590973813635,-0.0012415228613225,-0.0358886065026329,0.0165465031118408,Liderazgo interno en sector débil
2026-09-29,2026-09-29,2026-09-29,1.0,XLU,DUK,-0.0475356884626455,-0.0527590973813635,-0.0012415228613225,-0.0463517123118195,0.0055143405487219,Liderazgo interno en sector débil
2026-09-29,2026-09-29,2026-09-29,1.0,XLU,AEP,-0.0255656068415908,-0.0527590973813635,-0.0012415228613225,-0.0243543204258489,0.0287081042051675,Liderazgo interno en sector débil
2026-09-29,2026-09-29,2026-09-29,1.0,XLU,D,-0.0720707300073667,-0.0527590973813635,-0.0012415228613225,-0.0709172525363303,-0.0203872452853507,Debilidad relativa doble
2026-09-29,2026-09-29,2026-09-29,1.0,XLU,SRE,-0.0350472141099643,-0.0527590973813635,-0.0012415228613225,-0.0338477139593258,0.0186983936424565,Liderazgo interno en sector débil
2026-09-29,2026-09-29,2026-09-29,1.0,XLU,ETR,-0.0616122243700851,-0.0527590973813635,-0.0012415228613225,-0.0604457462846447,-0.0093462254050129,Debilidad relativa doble
2026-09-29,2026-09-29,2026-09-29,1.0,XLU,VST,0.0268664969581529,-0.0527590973813635,-0.0012415228613225,0.0281429599476357,0.0840605532546074,Liderazgo relativo doble
2026-09-29,2026-09-29,2026-09-29,1.0,XLU,XEL,-0.0585307479715259,-0.0527590973813635,-0.0012415228613225,-0.0573604394070628,-0.0060931179958622,Debilidad relativa doble
2026-09-29,2026-09-29,2026-09-29,1.0,XLU,EXC,-0.0613665058904213,-0.0527590973813635,-0.0012415228613225,-0.0601997223606548,-0.0090868209821416,Debilidad relativa doble
2026-09-29,2026-09-29,2026-09-29,1.0,XLU,ED,-0.0344794891399464,-0.0527590973813635,-0.0012415228613225,-0.0332792832696116,0.0192977395622204,Liderazgo interno en sector débil
2026-09-29,2026-09-29,2026-09-29,1.0,XLU,PEG,-0.0686436667013832,-0.0527590973813635,-0.0012415228613225,-0.0674859291639353,-0.016769302588293,Debilidad relativa doble
2026-09-29,2026-09-29,2026-09-29,1.0,XLU,WEC,-0.0338136611077073,-0.0527590973813635,-0.0012415228613225,-0.0326126275690796,0.0200006526547593,Liderazgo interno en sector débil
2026-09-29,2026-09-29,2026-09-29,1.0,XLU,PCG,-0.0821401744526829,-0.0527590973813635,-0.0012415228613225,-0.0809992139672499,-0.031017534177521,Debilidad relativa doble
2026-09-29,2026-09-29,2026-09-29,1.0,XLU,AEE,-0.0476257157048568,-0.0527590973813635,-0.0012415228613225,-0.0464418514638488,0.0054192990001968,Liderazgo interno en sector débil
2026-09-29,2026-09-29,2026-09-29,1.0,XLU,DTE,-0.0893639075507417,-0.0527590973813635,-0.0012415228613225,-0.0882319266434455,-0.0386436122724268,Debilidad relativa doble
2026-09-29,2026-09-29,2026-09-29,1.0,XLU,ATO,-0.0513453231119441,-0.0527590973813635,-0.0012415228613225,-0.0501660825890188,0.0014925181815006,Liderazgo interno en sector débil
2026-09-29,2026-09-29,2026-09-29,1.0,XLU,AWK,-0.0609852632304015,-0.0527590973813635,-0.0012415228613225,-0.059818005790787,-0.0086843439998176,Debilidad relativa doble
2026-09-29,2026-09-29,2026-09-29,1.0,XLU,ES,-0.0782391161133534,-0.0527590973813635,-0.0012415228613225,-0.0770933063543247,-0.0268991960350853,Debilidad relativa doble
2026-09-29,2026-09-29,2026-09-29,1.0,XLV,LLY,0.0241197383012035,0.0049455276130605,-0.0012415228613225,0.0253927868879602,0.0190798507593594,Liderazgo relativo doble
2026-09-29,2026-09-29,2026-09-29,1.0,XLV,JNJ,0.0064698182479385,0.0049455276130605,-0.0012415228613225,0.0077209268164142,0.0015167893114549,Liderazgo relativo doble
2026-09-29,2026-09-29,2026-09-29,1.0,XLV,ABBV,0.02679196145945,0.0049455276130605,-0.0012415228613225,0.028068331796377,0.0217389234004343,Liderazgo relativo doble
2026-09-29,2026-09-29,2026-09-29,1.0,XLV,MRK,0.0162505113343265,0.0049455276130605,-0.0012415228613225,0.0175137779513638,0.0112493497514412,Liderazgo relativo doble
2026-09-29,2026-09-29,2026-09-29,1.0,XLV,UNH,-0.0312300111905792,0.0049455276130605,-0.0012415228613225,-0.0300257660041796,-0.0359975121134811,Debilidad relativa doble
2026-09-29,2026-09-29,2026-09-29,1.0,XLV,TMO,0.1021405702287934,0.0049455276130605,-0.0012415228613225,0.1035106038712112,0.0967167273698803,Liderazgo relativo doble
2026-09-29,2026-09-29,2026-09-29,1.0,XLV,AMGN,-0.0145156559121097,0.0049455276130605,-0.0012415228613225,-0.0132906336763378,-0.0193654113486074,Debilidad relativa doble
2026-09-29,2026-09-29,2026-09-29,1.0,XLV,ABT,-0.0852664335816135,0.0049455276130605,-0.0012415228613225,-0.0841293592430998,-0.0897680110174179,Debilidad relativa doble
2026-09-29,2026-09-29,2026-09-29,1.0,XLV,GILD,0.039579423925617,0.0049455276130605,-0.0012415228613225,0.0408716899243615,0.0344634563375974,Liderazgo relativo doble
2026-09-29,2026-09-29,2026-09-29,1.0,XLV,PFE,0.0091356372890287,0.0049455276130605,-0.0012415228613225,0.0103900596469335,0.0041694893512491,Liderazgo relativo doble
2026-09-29,2026-09-29,2026-09-29,1.0,XLV,VRTX,-0.0326710468383045,0.0049455276130605,-0.0012415228613225,-0.0314685929545487,-0.0374314561513714,Debilidad relativa doble
2026-09-29,2026-09-29,2026-09-29,1.0,XLV,BMY,-0.0591228422778785,0.0049455276130605,-0.0012415228613225,-0.057953269725809,-0.0637530772867996,Debilidad relativa doble
2026-09-29,2026-09-29,2026-09-29,1.0,XLV,DHR,0.0587657014198761,0.0049455276130605,-0.0012415228613225,0.0600818172308406,0.0535553145200307,Liderazgo relativo doble
2026-09-29,2026-09-29,2026-09-29,1.0,XLV,ISRG,0.0937218295841879,0.0049455276130605,-0.0012415228613225,0.0950813981750313,0.0883394169453026,Liderazgo relativo doble
2026-09-29,2026-09-29,2026-09-29,1.0,XLV,CVS,-0.0725162913686049,0.0049455276130605,-0.0012415228613225,-0.0713633677598172,-0.0770806146733666,Debilidad relativa doble
2026-09-29,2026-09-29,2026-09-29,1.0,XLV,MDT,-0.0313927235107879,0.0049455276130605,-0.0012415228613225,-0.0301886805865667,-0.03615942369549,Debilidad relativa doble
2026-09-29,2026-09-29,2026-09-29,1.0,XLV,MCK,-0.022117186560754,0.0049455276130605,-0.0012415228613225,-0.0209016135304681,-0.0269295334226659,Debilidad relativa doble
2026-09-29,2026-09-29,2026-09-29,1.0,XLV,SYK,-0.1390673269823844,0.0049455276130605,-0.0012415228613225,-0.1379971307136398,-0.1433041400139402,Debilidad relativa doble
2026-09-29,2026-09-29,2026-09-29,1.0,XLV,ELV,0.004838600488217,0.0049455276130605,-0.0012415228613225,0.0060876813451018,-0.0001064009161745,Fortaleza sectorial
2026-09-29,2026-09-29,2026-09-29,1.0,XLV,REGN,-0.0607824076255905,0.0049455276130605,-0.0012415228613225,-0.0596148980230389,-0.0654044755985606,Debilidad relativa doble
2026-09-29,2026-09-29,2026-09-29,1.0,XLY,AMZN,-0.0504291927426501,-0.0617514272760916,-0.0012415228613225,-0.0492488134090679,0.0120674146090848,Liderazgo interno en sector débil
2026-09-29,2026-09-29,2026-09-29,1.0,XLY,TSLA,-0.0410654039077428,-0.0617514272760916,-0.0012415228613225,-0.0398733847651645,0.0220474871688782,Liderazgo interno en sector débil
2026-09-29,2026-09-29,2026-09-29,1.0,XLY,HD,-0.1148989909646223,-0.0617514272760916,-0.0012415228613225,-0.1137987518553181,-0.0566455044362428,Debilidad relativa doble
2026-09-29,2026-09-29,2026-09-29,1.0,XLY,MCD,-0.1058545743300868,-0.0617514272760916,-0.0012415228613225,-0.10474309241256,-0.0470058237615599,Debilidad relativa doble
2026-09-29,2026-09-29,2026-09-29,1.0,XLY,BKNG,-0.1826206687580208,-0.0617514272760916,-0.0012415228613225,-0.1816046121744344,-0.1288243275777373,Debilidad relativa doble
2026-09-29,2026-09-29,2026-09-29,1.0,XLY,TJX,-0.000821451776143,-0.0617514272760916,-0.0012415228613225,0.0004205932613288,0.0649401206367494,Liderazgo relativo doble
2026-09-29,2026-09-29,2026-09-29,1.0,XLY,SBUX,-0.1018352912454043,-0.0617514272760916,-0.0012415228613225,-0.1007188130931021,-0.0427220090012414,Debilidad relativa doble
2026-09-29,2026-09-29,2026-09-29,1.0,XLY,LOW,-0.0851978637098656,-0.0617514272760916,-0.0012415228613225,-0.0840607041344648,-0.0249895785779931,Debilidad relativa doble
2026-09-29,2026-09-29,2026-09-29,1.0,XLY,GM,-0.0658431632521565,-0.0617514272760916,-0.0012415228613225,-0.0646819445036501,-0.0043610361848842,Debilidad relativa doble
2026-09-29,2026-09-29,2026-09-29,1.0,XLY,DASH,-0.1926296639833524,-0.0617514272760916,-0.0012415228613225,-0.1916260492429901,-0.1394920711973983,Debilidad relativa doble
2026-09-29,2026-09-29,2026-09-29,1.0,XLY,ROST,0.0276233292449077,-0.0617514272760916,-0.0012415228613225,0.0289007330269921,0.0952570130338998,Liderazgo relativo doble
2026-09-29,2026-09-29,2026-09-29,1.0,XLY,ABNB,-0.1433249335873744,-0.0617514272760916,-0.0012415228613225,-0.1422600298053076,-0.0869423185739146,Debilidad relativa doble
2026-09-29,2026-09-29,2026-09-29,1.0,XLY,MAR,0.0581109105339219,-0.0617514272760916,-0.0012415228613225,0.0594262123964965,0.1277511538994737,Liderazgo relativo doble
2026-09-29,2026-09-29,2026-09-29,1.0,XLY,ORLY,-0.0307432799900061,-0.0617514272760916,-0.0012415228613225,-0.0295384297645238,0.0330489682452306,Liderazgo interno en sector débil
2026-09-29,2026-09-29,2026-09-29,1.0,XLY,HLT,0.0226381803773361,-0.0617514272760916,-0.0012415228613225,0.0239093872895788,0.0899437634191429,Liderazgo relativo doble
2026-09-29,2026-09-29,2026-09-29,1.0,XLY,RCL,-0.0242648803393994,-0.0617514272760916,-0.0012415228613225,-0.023051977034564,0.0399537478941873,Liderazgo interno en sector débil
2026-09-29,2026-09-29,2026-09-29,1.0,XLY,F,-0.1176470185807095,-0.0617514272760916,-0.0012415228613225,-0.1165501954515317,-0.0595743952397846,Debilidad relativa doble
2026-09-29,2026-09-29,2026-09-29,1.0,XLY,CVNA,-0.1339504529706396,-0.0617514272760916,-0.0012415228613225,-0.1328738960889846,-0.0769508505458643,Debilidad relativa doble
2026-09-29,2026-09-29,2026-09-29,1.0,XLY,AZO,-0.038535864694099,-0.0617514272760916,-0.0012415228613225,-0.0373407011669331,0.0247435096166397,Liderazgo interno en sector débil
2026-09-29,2026-09-29,2026-09-29,1.0,XLY,CMG,-0.1617144311316219,-0.0617514272760916,-0.0012415228613225,-0.1606723867115851,-0.1065421326091862,Debilidad relativa doble
2026-09-30,2026-09-30,2026-09-30,1.0,XLC,FOX,-0.0415390257351783,0.0041101729022952,0.0036017416101796,-0.0449787654542469,-0.0454623405572401,Debilidad relativa doble
2026-09-30,2026-09-30,2026-09-30,1.0,XLF,BX,-0.1797893067891895,-0.0631295277476088,0.0036017416101796,-0.1827328917396421,-0.1245207128378285,Debilidad relativa doble
2026-09-30,2026-09-30,2026-09-30,1.0,XLF,PNC,-0.0641290607354274,-0.0631295277476088,0.0036017416101796,-0.0674877289839491,-0.0010668849295842,Debilidad relativa doble
2026-09-30,2026-09-30,2026-09-30,1.0,XLI,GD,-0.1017298305874176,-0.0306908311308077,0.0036017416101796,-0.1049535566056345,-0.073288277608562,Debilidad relativa doble
2026-09-30,2026-09-30,2026-09-30,1.0,XLP,CASY,-0.2066082809201043,-0.0483274298974495,0.0036017416101796,-0.2094556175171864,-0.1663186015812127,Debilidad relativa doble
2026-09-30,2026-09-30,2026-09-30,1.0,XLRE,WY,-0.1777061792861066,-0.0632527160647064,0.0036017416101796,-0.1806572401970883,-0.1221817935148731,Debilidad relativa doble
2026-09-30,2026-09-30,2026-09-30,1.0,XLU,ES,-0.0792146019988282,-0.0664944112237089,0.0036017416101796,-0.082519131021173,-0.0136262609758918,Debilidad relativa doble
2026-09-30,2026-09-30,2026-09-30,1.0,XLY,CMG,-0.1482270809754194,-0.048086972483896,0.0036017416101796,-0.1512839369349886,-0.1051988003072363,Debilidad relativa doble
2026-09-30,2026-09-30,2026-09-30,0.998148148148148,XLB,LIN,-0.0216675919520427,-0.0604163782541488,0.0036017416101796,-0.0251786465831358,0.0412403807445116,Liderazgo interno en sector débil
2026-09-30,2026-09-30,2026-09-30,0.998148148148148,XLB,NEM,-0.0574892008831189,-0.0604163782541488,0.0036017416101796,-0.0608716983644171,0.0031153984629817,Liderazgo interno en sector débil
2026-09-30,2026-09-30,2026-09-30,0.998148148148148,XLB,FCX,-0.0340830851262287,-0.0604163782541488,0.0036017416101796,-0.0375495828414434,0.0280265561451464,Liderazgo interno en sector débil
2026-09-30,2026-09-30,2026-09-30,0.998148148148148,XLB,ECL,-0.0176290820950114,-0.0604163782541488,0.0036017416101796,-0.0211546301933757,0.0455385717341834,Liderazgo interno en sector débil
2026-09-30,2026-09-30,2026-09-30,0.998148148148148,XLB,SHW,-0.0202455612857135,-0.0604163782541488,0.0036017416101796,-0.0237617193226793,0.0427538497252575,Liderazgo interno en sector débil
2026-09-30,2026-09-30,2026-09-30,0.998148148148148,XLB,VMC,-0.0579922115484277,-0.0604163782541488,0.0036017416101796,-0.0613729038171914,0.002580043595499,Liderazgo interno en sector débil
2026-09-30,2026-09-30,2026-09-30,0.998148148148148,XLB,MLM,-0.049730680506556,-0.0604163782541488,0.0036017416101796,-0.0531410218869978,0.0113728012071321,Liderazgo interno en sector débil
2026-09-30,2026-09-30,2026-09-30,0.998148148148148,XLB,APD,-0.0887265678240463,-0.0604163782541488,0.0036017416101796,-0.0919969601548262,-0.0301305694508531,Debilidad relativa doble
2026-09-30,2026-09-30,2026-09-30,0.998148148148148,XLB,CRH,-0.0921051993154291,-0.0604163782541488,0.0036017416101796,-0.0953634663607264,-0.0337264510873432,Debilidad relativa doble
2026-09-30,2026-09-30,2026-09-30,0.998148148148148,XLB,STLD,-0.0510462812682134,-0.0604163782541488,0.0036017416101796,-0.0544519012000873,0.0099726057043487,Liderazgo interno en sector débil
2026-09-30,2026-09-30,2026-09-30,0.998148148148148,XLB,CTVA,-0.1148979989211186,-0.0604163782541488,0.0036017416101796,-0.118074466811085,-0.0579848556382207,Debilidad relativa doble
2026-09-30,2026-09-30,2026-09-30,0.998148148148148,XLB,NUE,-0.0699213445360191,-0.0604163782541488,0.0036017416101796,-0.0732592253459408,-0.0101161472612827,Debilidad relativa doble
2026-09-30,2026-09-30,2026-09-30,0.998148148148148,XLB,PPG,-0.0489516432686969,-0.0604163782541488,0.0036017416101796,-0.0523647804701493,0.0122019314940262,Liderazgo interno en sector débil
2026-09-30,2026-09-30,2026-09-30,0.998148148148148,XLB,SW,-0.0292758490451333,-0.0604163782541488,0.0036017416101796,-0.0327595990443023,0.0331429033970951,Liderazgo interno en sector débil
2026-09-30,2026-09-30,2026-09-30,0.998148148148148,XLB,IFF,-0.0222064646540469,-0.0604163782541488,0.0036017416101796,-0.0257155853703681,0.040666857867428,Liderazgo interno en sector débil
2026-09-30,2026-09-30,2026-09-30,0.998148148148148,XLB,PKG,0.0070871809590544,-0.0604163782541488,0.0036017416101796,0.0034729307496843,0.0718441207902007,Liderazgo relativo doble
2026-09-30,2026-09-30,2026-09-30,0.998148148148148,XLB,DOW,-0.0958633702137508,-0.0604163782541488,0.0036017416101796,-0.0991081498766119,-0.0377262769797301,Debilidad relativa doble
2026-09-30,2026-09-30,2026-09-30,0.998148148148148,XLB,AMCR,-0.0732990217969237,-0.0604163782541488,0.0036017416101796,-0.0766247807459199,-0.0137110133091055,Debilidad relativa doble
2026-09-30,2026-09-30,2026-09-30,0.998148148148148,XLB,IP,-0.0902359023077559,-0.0604163782541488,0.0036017416101796,-0.0935008779153595,-0.03173695599142,Debilidad relativa doble
2026-09-30,2026-09-30,2026-09-30,0.998148148148148,XLB,CF,-0.1504425386212762,-0.0604163782541488,0.0036017416101796,-0.1534914437118324,-0.0958149527977603,Debilidad relativa doble
2026-09-30,2026-09-30,2026-09-30,0.998148148148148,XLC,META,0.2544549209804247,0.0041101729022952,0.0036017416101796,0.2499529135608871,0.2493199997710702,Liderazgo relativo doble
2026-09-30,2026-09-30,2026-09-30,0.998148148148148,XLC,GOOGL,0.0277033307164062,0.0041101729022952,0.0036017416101796,0.0240150929466882,0.0234965827962054,Liderazgo relativo doble
2026-09-30,2026-09-30,2026-09-30,0.998148148148148,XLC,GOOG,0.0268988034471024,0.0041101729022952,0.0036017416101796,0.0232134529774181,0.0226953487374186,Liderazgo relativo doble
2026-09-30,2026-09-30,2026-09-30,0.998148148148148,XLC,WBD,0.0928672703550874,0.0041101729022952,0.0036017416101796,0.0889451712206976,0.0883937837182222,Liderazgo relativo doble
2026-09-30,2026-09-30,2026-09-30,0.998148148148148,XLC,DIS,-0.0124270352066889,0.0041101729022952,0.0036017416101796,-0.0159712524922007,-0.0164695155524465,Debilidad relativa doble
2026-09-30,2026-09-30,2026-09-30,0.998148148148148,XLC,TTWO,-0.0423665912224636,0.0041101729022952,0.0036017416101796,-0.0458033609615818,-0.0462865185305529,Debilidad relativa doble
2026-09-30,2026-09-30,2026-09-30,0.998148148148148,XLC,T,-0.0615384762103741,0.0041101729022952,0.0036017416101796,-0.0649064415891136,-0.065379926311191,Debilidad relativa doble
2026-09-30,2026-09-30,2026-09-30,0.998148148148148,XLC,APP,-0.0683582415671864,0.0041101729022952,0.0036017416101796,-0.0717017320654639,-0.0721717759914908,Debilidad relativa doble
2026-09-30,2026-09-30,2026-09-30,0.998148148148148,XLC,VZ,-0.0880715779795042,0.0041101729022952,0.0036017416101796,-0.0913443209480716,-0.0918044188471429,Debilidad relativa doble
2026-09-30,2026-09-30,2026-09-30,0.998148148148148,XLC,TMUS,-0.1047430909501209,0.0041101729022952,0.0036017416101796,-0.1079560029324699,-0.1084076895046137,Debilidad relativa doble
2026-09-30,2026-09-30,2026-09-30,0.998148148148148,XLC,NFLX,-0.138967900839205,0.0041101729022952,0.0036017416101796,-0.1420579862891089,-0.1424924053183778,Debilidad relativa doble
2026-09-30,2026-09-30,2026-09-30,0.998148148148148,XLC,CMCSA,-0.172623541440305,0.0041101729022952,0.0036017416101796,-0.1755928430013967,-0.176010281652427,Debilidad relativa doble
2026-09-30,2026-09-30,2026-09-30,0.998148148148148,XLC,LYV,-0.0445823591001068,0.0041101729022952,0.0036017416101796,-0.0480111768568475,-0.0484932164980068,Debilidad relativa doble
2026-09-30,2026-09-30,2026-09-30,0.998148148148148,XLC,RDDT,-0.0152101559563448,0.0041101729022952,0.0036017416101796,-0.0187443851346279,-0.0192412440188672,Debilidad relativa doble
2026-09-30,2026-09-30,2026-09-30,0.998148148148148,XLC,OMC,-0.135937783565949,0.0041101729022952,0.0036017416101796,-0.1390387435480644,-0.1394746913712142,Debilidad relativa doble
2026-09-30,2026-09-30,2026-09-30,0.998148148148148,XLC,FOXA,-0.0455514608709923,0.0041101729022952,0.0036017416101796,-0.0489768007001568,-0.049458351397581,Debilidad relativa doble
2026-09-30,2026-09-30,2026-09-30,0.998148148148148,XLC,CHTR,-0.2413981826812798,0.0041101729022952,0.0036017416101796,-0.2441206647353774,-0.2445034043166339,Debilidad relativa doble
2026-09-30,2026-09-30,2026-09-30,0.998148148148148,XLC,ECHO,0.0391678604221616,0.0041101729022952,0.0036017416101796,0.0354384785691181,0.0349141841861189,Liderazgo relativo doble
2026-09-30,2026-09-30,2026-09-30,0.998148148148148,XLC,TKO,-0.0099528148282516,0.0041101729022952,0.0036017416101796,-0.0135059116345138,-0.0140054230203633,Debilidad relativa doble
2026-09-30,2026-09-30,2026-09-30,0.998148148148148,XLC,NWSA,-0.0614952570082714,0.0041101729022952,0.0036017416101796,-0.0648633774927586,-0.0653368840203457,Debilidad relativa doble
2026-09-30,2026-09-30,2026-09-30,0.998148148148148,XLE,XOM,-0.0109389426823142,-0.044842333591528,0.0036017416101796,-0.0144885004575269,0.0354950728047813,Liderazgo interno en sector débil
2026-09-30,2026-09-30,2026-09-30,0.998148148148148,XLE,CVX,-0.0324093638426207,-0.044842333591528,0.0036017416101796,-0.0358818682349276,0.0130166674949665,Liderazgo interno en sector débil
2026-09-30,2026-09-30,2026-09-30,0.998148148148148,XLE,COP,-0.0810632257700203,-0.044842333591528,0.0036017416101796,-0.084361120422493,-0.0379213751324302,Debilidad relativa doble
2026-09-30,2026-09-30,2026-09-30,0.998148148148148,XLE,VLO,0.0707754242060658,-0.044842333591528,0.0036017416101796,0.0669326086342902,0.1210457308397396,Liderazgo relativo doble
2026-09-30,2026-09-30,2026-09-30,0.998148148148148,XLE,MPC,0.032428233492779,-0.044842333591528,0.0036017416101796,0.0287230389181569,0.0808982326183438,Liderazgo relativo doble
2026-09-30,2026-09-30,2026-09-30,0.998148148148148,XLE,PSX,0.0130544926210538,-0.044842333591528,0.0036017416101796,0.0094188268303601,0.0606149416465264,Liderazgo relativo doble
2026-09-30,2026-09-30,2026-09-30,0.998148148148148,XLE,WMB,-0.0899429866232621,-0.044842333591528,0.0036017416101796,-0.0932090134512506,-0.0472180192002426,Debilidad relativa doble
2026-09-30,2026-09-30,2026-09-30,0.998148148148148,XLE,SLB,-0.1430832536633808,-0.044842333591528,0.0036017416101796,-0.1461585698707725,-0.1028530927687075,Debilidad relativa doble
2026-09-30,2026-09-30,2026-09-30,0.998148148148148,XLE,EOG,-0.0713853128478484,-0.044842333591528,0.0036017416101796,-0.0747179397454201,-0.0277891076937337,Debilidad relativa doble
2026-09-30,2026-09-30,2026-09-30,0.998148148148148,XLE,KMI,-0.0607476307876744,-0.044842333591528,0.0036017416101796,-0.0641184343648227,-0.0166520122860476,Debilidad relativa doble
2026-09-30,2026-09-30,2026-09-30,0.998148148148148,XLE,TRGP,-0.0869756137686375,-0.044842333591528,0.0036017416101796,-0.0902522899506877,-0.0441113353940156,Debilidad relativa doble
2026-09-30,2026-09-30,2026-09-30,0.998148148148148,XLE,BKR,-0.1376060060089571,-0.044842333591528,0.0036017416101796,-0.1407009790483054,-0.0971187016340806,Debilidad relativa doble
2026-09-30,2026-09-30,2026-09-30,0.998148148148148,XLE,OKE,-0.1088933591021728,-0.044842333591528,0.0036017416101796,-0.1120913765373355,-0.0670580656610188,Debilidad relativa doble
2026-09-30,2026-09-30,2026-09-30,0.998148148148148,XLE,DVN,-0.0552869321597466,-0.044842333591528,0.0036017416101796,-0.0586773331774467,-0.0109349471145343,Debilidad relativa doble
2026-09-30,2026-09-30,2026-09-30,0.998148148148148,XLE,OXY,-0.0882060241830463,-0.044842333591528,0.0036017416101796,-0.0914782846489778,-0.0453995105903006,Debilidad relativa doble
2026-09-30,2026-09-30,2026-09-30,0.998148148148148,XLE,FANG,-0.0952451553195385,-0.044842333591528,0.0036017416101796,-0.0984921536416708,-0.0527691118446782,Debilidad relativa doble
2026-09-30,2026-09-30,2026-09-30,0.998148148148148,XLE,EQT,-0.1264615715056731,-0.044842333591528,0.0036017416101796,-0.1295965398656833,-0.0854510629863287,Debilidad relativa doble
2026-09-30,2026-09-30,2026-09-30,0.998148148148148,XLE,HAL,-0.1318591780020171,-0.044842333591528,0.0036017416101796,-0.1349747753475031,-0.0911020740038498,Debilidad relativa doble
2026-09-30,2026-09-30,2026-09-30,0.998148148148148,XLE,EXE,-0.158931851225438,-0.044842333591528,0.0036017416101796,-0.1619502897382867,-0.1194457435104958,Debilidad relativa doble
2026-09-30,2026-09-30,2026-09-30,0.998148148148148,XLE,TPL,-0.1192117616215193,-0.044842333591528,0.0036017416101796,-0.1223727482125099,-0.0778608921285539,Debilidad relativa doble
2026-09-30,2026-09-30,2026-09-30,0.998148148148148,XLF,JPM,-0.0679533027335048,-0.0631295277476088,0.0036017416101796,-0.0712982464825953,-0.0051488173966022,Debilidad relativa doble
2026-09-30,2026-09-30,2026-09-30,0.998148148148148,XLF,V,-0.0357958149966781,-0.0631295277476088,0.0036017416101796,-0.0392561660401747,0.029175551541523,Liderazgo interno en sector débil
2026-09-30,2026-09-30,2026-09-30,0.998148148148148,XLF,MA,-0.0509895132123106,-0.0631295277476088,0.0036017416101796,-0.0543953368742704,0.0129580501198971,Liderazgo interno en sector débil
2026-09-30,2026-09-30,2026-09-30,0.998148148148148,XLF,BAC,-0.1174753451578932,-0.0631295277476088,0.0036017416101796,-0.1206425634274176,-0.0580078239413694,Debilidad relativa doble
2026-09-30,2026-09-30,2026-09-30,0.998148148148148,XLF,GS,-0.1019390484917669,-0.0631295277476088,0.0036017416101796,-0.1051620236654998,-0.0414246386171758,Debilidad relativa doble
2026-09-30,2026-09-30,2026-09-30,0.998148148148148,XLF,WFC,-0.0803078790239599,-0.0631295277476088,0.0036017416101796,-0.083608484476636,-0.0183358871745115,Debilidad relativa doble
2026-09-30,2026-09-30,2026-09-30,0.998148148148148,XLF,MS,-0.108794504290703,-0.0631295277476088,0.0036017416101796,-0.1119928764975577,-0.0487420384093311,Debilidad relativa doble
2026-09-30,2026-09-30,2026-09-30,0.998148148148148,XLF,C,-0.0230873525999635,-0.0631295277476088,0.0036017416101796,-0.0265933119718616,0.0427403534785095,Liderazgo interno en sector débil
2026-09-30,2026-09-30,2026-09-30,0.998148148148148,XLF,AXP,-0.0619698207427653,-0.0631295277476088,0.0036017416101796,-0.0653362381055078,0.0012378520181721,Liderazgo interno en sector débil
2026-09-30,2026-09-30,2026-09-30,0.998148148148148,XLF,SCHW,-0.09734023858839,-0.0631295277476088,0.0036017416101796,-0.1005797180429542,-0.0365159452176275,Debilidad relativa doble
2026-09-30,2026-09-30,2026-09-30,0.998148148148148,XLF,BLK,-0.0570685122335661,-0.0631295277476088,0.0036017416101796,-0.0604525194888625,0.0064694274113166,Liderazgo interno en sector débil
2026-09-30,2026-09-30,2026-09-30,0.998148148148148,XLF,PGR,-0.0599891000739,-0.0631295277476088,0.0036017416101796,-0.0633626258779249,0.0033520404012292,Liderazgo interno en sector débil
2026-09-30,2026-09-30,2026-09-30,0.998148148148148,XLF,SPGI,-0.1039049342864417,-0.0631295277476088,0.0036017416101796,-0.1071208542585205,-0.0435229925016231,Debilidad relativa doble
2026-09-30,2026-09-30,2026-09-30,0.998148148148148,XLF,COF,-0.0864483265366475,-0.0631295277476088,0.0036017416101796,-0.0897268950553541,-0.0248900989834555,Debilidad relativa doble
2026-09-30,2026-09-30,2026-09-30,0.998148148148148,XLF,CB,-0.0369234734107797,-0.0631295277476088,0.0036017416101796,-0.0403797774961417,0.0279719076574431,Liderazgo interno en sector débil
2026-09-30,2026-09-30,2026-09-30,0.998148148148148,XLF,BNY,-0.0989345845585156,-0.0631295277476088,0.0036017416101796,-0.1021683421993528,-0.0382177236569593,Debilidad relativa doble
2026-09-30,2026-09-30,2026-09-30,0.998148148148148,XLF,CME,-0.08113170972724,-0.0631295277476088,0.0036017416101796,-0.084429358603417,-0.0192152304003679,Debilidad relativa doble
2026-09-30,2026-09-30,2026-09-30,0.998148148148148,XLF,USB,-0.0475167299383064,-0.0631295277476088,0.0036017416101796,-0.0509350167791374,0.0166648413753147,Liderazgo interno en sector débil
2026-09-30,2026-09-30,2026-09-30,0.998148148148148,XLF,HOOD,0.0868514895008669,-0.0631295277476088,0.0036017416101796,0.0829509798947949,0.1600872497218284,Liderazgo relativo doble
2026-09-30,2026-09-30,2026-09-30,0.998148148148148,XLF,TRV,-0.0170121954195359,-0.0631295277476088,0.0036017416101796,-0.0205399574104391,0.049224875469924,Liderazgo interno en sector débil
2026-09-30,2026-09-30,2026-09-30,0.998148148148148,XLI,CAT,0.0405950074092746,-0.0306908311308077,0.0036017416101796,0.0368605037888265,0.0735429322547782,Liderazgo relativo doble
2026-09-30,2026-09-30,2026-09-30,0.998148148148148,XLI,GE,-0.0567821075867922,-0.0306908311308077,0.0036017416101796,-0.0601671426955596,-0.0269173936386292,Debilidad relativa doble
2026-09-30,2026-09-30,2026-09-30,0.998148148148148,XLI,GEV,0.0578277400235138,-0.0306908311308077,0.0036017416101796,0.0540313913030221,0.0913212976800668,Liderazgo relativo doble
2026-09-30,2026-09-30,2026-09-30,0.998148148148148,XLI,RTX,-0.0950965559435124,-0.0306908311308077,0.0036017416101796,-0.098344087561407,-0.0664449763617125,Debilidad relativa doble
2026-09-30,2026-09-30,2026-09-30,0.998148148148148,XLI,DE,-0.0043301110128252,-0.0306908311308077,0.0036017416101796,-0.0079033866663872,0.027195368582694,Liderazgo interno en sector débil
2026-09-30,2026-09-30,2026-09-30,0.998148148148148,XLI,ETN,0.0998182817254214,-0.0306908311308077,0.0036017416101796,0.0958712366928258,0.1346413683556533,Liderazgo relativo doble
2026-09-30,2026-09-30,2026-09-30,0.998148148148148,XLI,UNP,-0.0636225674249262,-0.0306908311308077,0.0036017416101796,-0.0669830533845539,-0.0339744400979277,Debilidad relativa doble
2026-09-30,2026-09-30,2026-09-30,0.998148148148148,XLI,BA,-0.0953515523736445,-0.0306908311308077,0.0036017416101796,-0.0985981688563667,-0.0667080466372466,Debilidad relativa doble
2026-09-30,2026-09-30,2026-09-30,0.998148148148148,XLI,UBER,-0.0894470483601618,-0.0306908311308077,0.0036017416101796,-0.0927148550191373,-0.0606165907807307,Debilidad relativa doble
2026-09-30,2026-09-30,2026-09-30,0.998148148148148,XLI,PH,0.0034975222518458,-0.0306908311308077,0.0036017416101796,-0.0001038453342723,0.0352708449281853,Liderazgo interno en sector débil
2026-09-30,2026-09-30,2026-09-30,0.998148148148148,XLI,LMT,-0.0647382920110193,-0.0306908311308077,0.0036017416101796,-0.0680947738408207,-0.0351254914053188,Debilidad relativa doble
2026-09-30,2026-09-30,2026-09-30,0.998148148148148,XLI,ADP,-0.0838775267658448,-0.0306908311308077,0.0036017416101796,-0.087165321410934,-0.0548707237517265,Debilidad relativa doble
2026-09-30,2026-09-30,2026-09-30,0.998148148148148,XLI,TT,0.0293049088535277,-0.0306908311308077,0.0036017416101796,0.0256109233151686,0.0618953600266953,Liderazgo relativo doble
2026-09-30,2026-09-30,2026-09-30,0.998148148148148,XLI,PWR,0.050900398062736,-0.0306908311308077,0.0036017416101796,0.0471289102953034,0.0841746181857838,Liderazgo relativo doble
2026-09-30,2026-09-30,2026-09-30,0.998148148148148,XLI,VRT,-0.0570412097258993,-0.0306908311308077,0.0036017416101796,-0.0604253149648618,-0.0271846996204856,Debilidad relativa doble
2026-09-30,2026-09-30,2026-09-30,0.998148148148148,XLI,HWM,-0.1126368503378526,-0.0306908311308077,0.0036017416101796,-0.115821433073182,-0.0845406417672125,Debilidad relativa doble
2026-09-30,2026-09-30,2026-09-30,0.998148148148148,XLI,JCI,0.0704929700427816,-0.0306908311308077,0.0036017416101796,0.0666511681469201,0.1043875415845201,Liderazgo relativo doble
2026-09-30,2026-09-30,2026-09-30,0.998148148148148,XLI,EMR,0.0505994782472083,-0.0306908311308077,0.0036017416101796,0.0468290704255109,0.0838641704718943,Liderazgo relativo doble
2026-09-30,2026-09-30,2026-09-30,0.998148148148148,XLI,CSX,-0.0449692486056968,-0.0306908311308077,0.0036017416101796,-0.0483966778873352,-0.0147305090403162,Debilidad relativa doble
2026-09-30,2026-09-30,2026-09-30,0.998148148148148,XLI,MMM,-0.0357730932810868,-0.0306908311308077,0.0036017416101796,-0.0392335258686313,-0.0052431796928198,Debilidad relativa doble
2026-09-30,2026-09-30,2026-09-30,0.998148148148148,XLI,HON,0.004571896053912,-0.0306908311308077,0.0036017416101796,0.0009666727383073,0.0363792361789558,Liderazgo relativo doble
2026-09-30,2026-09-30,2026-09-30,0.998148148148148,XLK,NVDA,0.0514879598960842,0.0671881539335776,0.0036017416101796,0.047714363477564,-0.0147117394244151,Fortaleza sectorial
2026-09-30,2026-09-30,2026-09-30,0.998148148148148,XLK,AAPL,0.0242671670174001,0.0671881539335776,0.0036017416101796,0.0205912610056504,-0.0402187625096605,Fortaleza sectorial
2026-09-30,2026-09-30,2026-09-30,0.998148148148148,XLK,MSFT,0.0237116994549022,0.0671881539335776,0.0036017416101796,0.020037786913819,-0.040739258881786,Fortaleza sectorial
2026-09-30,2026-09-30,2026-09-30,0.998148148148148,XLK,AMD,0.3310415988844992,0.0671881539335776,0.0036017416101796,0.3262647359987387,0.2472417295660347,Liderazgo relativo doble
2026-09-30,2026-09-30,2026-09-30,0.998148148148148,XLK,AVGO,-0.0482863554834838,0.0671881539335776,0.0036017416101796,-0.051701880280134,-0.1082044520372821,Debilidad relativa doble
2026-09-30,2026-09-30,2026-09-30,0.998148148148148,XLK,MU,0.1410588603078657,0.0671881539335776,0.0036017416101796,0.1369638104425263,0.0692199459879741,Liderazgo relativo doble
2026-09-30,2026-09-30,2026-09-30,0.998148148148148,XLK,INTC,0.3513544083098914,0.0671881539335776,0.0036017416101796,0.3465046464963053,0.2662756828108499,Liderazgo relativo doble
2026-09-30,2026-09-30,2026-09-30,0.998148148148148,XLK,PLTR,0.0396287514193802,0.0671881539335776,0.0036017416101796,0.0358977155135251,-0.0258243144965726,Fortaleza sectorial
2026-09-30,2026-09-30,2026-09-30,0.998148148148148,XLK,CSCO,-0.0192272703793097,0.0671881539335776,0.0036017416101796,-0.0227470828745898,-0.0809748721388693,Debilidad relativa doble
2026-09-30,2026-09-30,2026-09-30,0.998148148148148,XLK,LRCX,0.133214930168205,0.0671881539335776,0.0036017416101796,0.1291480307219015,0.0618698548997733,Liderazgo relativo doble
2026-09-30,2026-09-30,2026-09-30,0.998148148148148,XLK,AMAT,0.1573610904579405,0.0671881539335776,0.0036017416101796,0.1532075348943389,0.0844958184664925,Liderazgo relativo doble
2026-09-30,2026-09-30,2026-09-30,0.998148148148148,XLK,PANW,0.0972686392248101,0.0671881539335776,0.0036017416101796,0.0933307443890554,0.0281866746555965,Liderazgo relativo doble
2026-09-30,2026-09-30,2026-09-30,0.998148148148148,XLK,CRWD,0.2309945179891517,0.0671881539335776,0.0036017416101796,0.2265767056304055,0.1534934242399483,Liderazgo relativo doble
2026-09-30,2026-09-30,2026-09-30,0.998148148148148,XLK,TXN,0.1055893281229953,0.0671881539335776,0.0036017416101796,0.1016215718689235,0.0359835086698383,Liderazgo relativo doble
2026-09-30,2026-09-30,2026-09-30,0.998148148148148,XLK,KLAC,0.1406752494118683,0.0671881539335776,0.0036017416101796,0.1365815762553059,0.0688604865106707,Liderazgo relativo doble
2026-09-30,2026-09-30,2026-09-30,0.998148148148148,XLK,SNDK,0.1320996702234202,0.0671881539335776,0.0036017416101796,0.1280367732394309,0.0608248096182322,Liderazgo relativo doble
2026-09-30,2026-09-30,2026-09-30,0.998148148148148,XLK,ORCL,-0.0284461085770975,0.0671881539335776,0.0036017416101796,-0.0319328363618217,-0.0896133096663173,Debilidad relativa doble
2026-09-30,2026-09-30,2026-09-30,0.998148148148148,XLK,MRVL,0.2558106004161988,0.0671881539335776,0.0036017416101796,0.2513037277131216,0.1767471329093868,Liderazgo relativo doble
2026-09-30,2026-09-30,2026-09-30,0.998148148148148,XLK,ANET,0.0757159581896589,0.0671881539335776,0.0036017416101796,0.071855411952334,0.0079909097797312,Liderazgo relativo doble
2026-09-30,2026-09-30,2026-09-30,0.998148148148148,XLK,STX,0.1303381907236478,0.0671881539335776,0.0036017416101796,0.1262816153648081,0.0591742295464055,Liderazgo relativo doble
2026-09-30,2026-09-30,2026-09-30,0.998148148148148,XLK,IBM,-0.0495678544651742,0.0671881539335776,0.0036017416101796,-0.0529787801982573,-0.1094052702594174,Debilidad relativa doble
2026-09-30,2026-09-30,2026-09-30,0.998148148148148,XLK,CRM,-0.1090082252592268,0.0671881539335776,0.0036017416101796,-0.1122058304609305,-0.1651033873861488,Debilidad relativa doble
2026-09-30,2026-09-30,2026-09-30,0.998148148148148,XLP,WMT,-0.018882175553005,-0.0483274298974495,0.0036017416101796,-0.0224032265299893,0.0309405306714591,Liderazgo interno en sector débil
2026-09-30,2026-09-30,2026-09-30,0.998148148148148,XLP,COST,-0.0315119733018274,-0.0483274298974495,0.0036017416101796,-0.0349876982633277,0.0176693719288454,Liderazgo interno en sector débil
2026-09-30,2026-09-30,2026-09-30,0.998148148148148,XLP,PG,-0.0063607680176798,-0.0483274298974495,0.0036017416101796,-0.0099267560176565,0.0440977949750589,Liderazgo interno en sector débil
2026-09-30,2026-09-30,2026-09-30,0.998148148148148,XLP,KO,-0.0159811901656012,-0.0483274298974495,0.0036017416101796,-0.0195126522442677,0.0339888326594961,Liderazgo interno en sector débil
2026-09-30,2026-09-30,2026-09-30,0.998148148148148,XLP,PM,0.0196100109400181,-0.0483274298974495,0.0036017416101796,0.0159508186027603,0.0713874109349888,Liderazgo relativo doble
2026-09-30,2026-09-30,2026-09-30,0.998148148148148,XLP,TGT,-0.0431144889074427,-0.0483274298974495,0.0036017416101796,-0.0465485745796643,0.0054776623323766,Liderazgo interno en sector débil
2026-09-30,2026-09-30,2026-09-30,0.998148148148148,XLP,MO,-0.0165948178852882,-0.0483274298974495,0.0036017416101796,-0.0201240777672072,0.0333440439590917,Liderazgo interno en sector débil
2026-09-30,2026-09-30,2026-09-30,0.998148148148148,XLP,CL,-0.0480865523894612,-0.0483274298974495,0.0036017416101796,-0.0515027942425768,0.0002531096466953,Liderazgo interno en sector débil
2026-09-30,2026-09-30,2026-09-30,0.998148148148148,XLP,PEP,-0.0838133131842739,-0.0483274298974495,0.0036017416101796,-0.087101338280068,-0.0372879122522156,Debilidad relativa doble
2026-09-30,2026-09-30,2026-09-30,0.998148148148148,XLP,MDLZ,-0.0532164957275902,-0.0483274298974495,0.0036017416101796,-0.0566143271599057,-0.0051373402825026,Debilidad relativa doble
2026-09-30,2026-09-30,2026-09-30,0.998148148148148,XLP,MNST,-0.0749055928174146,-0.0483274298974495,0.0036017416101796,-0.078225586079232,-0.0279278438350923,Debilidad relativa doble
2026-09-30,2026-09-30,2026-09-30,0.998148148148148,XLP,KDP,-0.0417060260311591,-0.0483274298974495,0.0036017416101796,-0.0451451664169564,0.0069576491687439,Liderazgo interno en sector débil
2026-09-30,2026-09-30,2026-09-30,0.998148148148148,XLP,ADM,-0.0611473165196102,-0.0483274298974495,0.0036017416101796,-0.0645166856983592,-0.0134709006279116,Debilidad relativa doble
2026-09-30,2026-09-30,2026-09-30,0.998148148148148,XLP,SYY,-0.0505419741204546,-0.0483274298974495,0.0036017416101796,-0.0539494039176996,-0.0023270022616775,Debilidad relativa doble
2026-09-30,2026-09-30,2026-09-30,0.998148148148148,XLP,KVUE,-0.0468952098252414,-0.0483274298974495,0.0036017416101796,-0.0503157271871645,0.0015049504600661,Liderazgo interno en sector débil
2026-09-30,2026-09-30,2026-09-30,0.998148148148148,XLP,KR,0.0117362844544894,-0.0483274298974495,0.0036017416101796,0.008105349469859,0.0631138442347525,Liderazgo relativo doble
2026-09-30,2026-09-30,2026-09-30,0.998148148148148,XLP,KMB,-0.0792013278755073,-0.0483274298974495,0.0036017416101796,-0.0825059045362334,-0.0324417230757537,Debilidad relativa doble
2026-09-30,2026-09-30,2026-09-30,0.998148148148148,XLP,DG,-0.0878022337964552,-0.0483274298974495,0.0036017416101796,-0.0910759433916349,-0.0414793965268452,Debilidad relativa doble
2026-09-30,2026-09-30,2026-09-30,0.998148148148148,XLP,HSY,-0.1044886328957297,-0.0483274298974495,0.0036017416101796,-0.10770245808112,-0.0590131572166973,Debilidad relativa doble
2026-09-30,2026-09-30,2026-09-30,0.998148148148148,XLP,EL,-0.0723000335693359,-0.0483274298974495,0.0036017416101796,-0.075629377702891,-0.0251899701903808,Debilidad relativa doble
2026-09-30,2026-09-30,2026-09-30,0.998148148148148,XLRE,WELL,-0.0423425370323299,-0.0632527160647064,0.0036017416101796,-0.0457793930975015,0.0223221133287223,Liderazgo interno en sector débil
2026-09-30,2026-09-30,2026-09-30,0.998148148148148,XLRE,PLD,-0.0630665488360334,-0.0632527160647064,0.0036017416101796,-0.0664290302438599,0.0001987379433765,Liderazgo interno en sector débil
2026-09-30,2026-09-30,2026-09-30,0.998148148148148,XLRE,EQIX,-0.0155800944569249,-0.0632527160647064,0.0036017416101796,-0.0191129959941374,0.0508916571473874,Liderazgo interno en sector débil
2026-09-30,2026-09-30,2026-09-30,0.998148148148148,XLRE,AMT,-0.0599944270460014,-0.0632527160647064,0.0036017416101796,-0.0633679337325056,0.0034783010045322,Liderazgo interno en sector débil
2026-09-30,2026-09-30,2026-09-30,0.998148148148148,XLRE,SPG,-0.0422674511669124,-0.0632527160647064,0.0036017416101796,-0.045704576701411,0.022402269275481,Liderazgo interno en sector débil
2026-09-30,2026-09-30,2026-09-30,0.998148148148148,XLRE,PSA,-0.0565213686724734,-0.0632527160647064,0.0036017416101796,-0.0599073395251303,0.0071858734022205,Liderazgo interno en sector débil
2026-09-30,2026-09-30,2026-09-30,0.998148148148148,XLRE,VTR,-0.0710139013529549,-0.0632527160647064,0.0036017416101796,-0.0743478611779022,-0.0082852498441667,Debilidad relativa doble
2026-09-30,2026-09-30,2026-09-30,0.998148148148148,XLRE,VMRK,-0.0692402043854995,-0.0632527160647064,0.0036017416101796,-0.0725805296818352,-0.0063917861556422,Debilidad relativa doble
2026-09-30,2026-09-30,2026-09-30,0.998148148148148,XLRE,DLR,-0.0356653951978818,-0.0632527160647064,0.0036017416101796,-0.0391262142939899,0.0294501210090833,Liderazgo interno en sector débil
2026-09-30,2026-09-30,2026-09-30,0.998148148148148,XLRE,CBRE,-0.1106881126264625,-0.0632527160647064,0.0036017416101796,-0.1138796890221368,-0.0506384137699114,Debilidad relativa doble
2026-09-30,2026-09-30,2026-09-30,0.998148148148148,XLRE,O,-0.1106717498208462,-0.0632527160647064,0.0036017416101796,-0.113863384939613,-0.0506209460858338,Debilidad relativa doble
2026-09-30,2026-09-30,2026-09-30,0.998148148148148,XLRE,IRM,-0.0210813890909262,-0.0632527160647064,0.0036017416101796,-0.024594547496006,0.045018894313328,Liderazgo interno en sector débil
2026-09-30,2026-09-30,2026-09-30,0.998148148148148,XLRE,CCI,-0.1083976753293237,-0.0632527160647064,0.0036017416101796,-0.1115974716821549,-0.0481933174921656,Debilidad relativa doble
2026-09-30,2026-09-30,2026-09-30,0.998148148148148,XLRE,EXR,-0.0504119185732951,-0.0632527160647064,0.0036017416101796,-0.0538198151159197,0.0137078566563511,Liderazgo interno en sector débil
2026-09-30,2026-09-30,2026-09-30,0.998148148148148,XLRE,VICI,-0.0834386351754857,-0.0632527160647064,0.0036017416101796,-0.0867280049215715,-0.0215489486406386,Debilidad relativa doble
2026-09-30,2026-09-30,2026-09-30,0.998148148148148,XLRE,ESS,-0.0252279415077487,-0.0632527160647064,0.0036017416101796,-0.0287262187007308,0.040592351009778,Liderazgo interno en sector débil
2026-09-30,2026-09-30,2026-09-30,0.998148148148148,XLRE,SBAC,-0.1519517123689535,-0.0632527160647064,0.0036017416101796,-0.1549952013131853,-0.0946882876794912,Debilidad relativa doble
2026-09-30,2026-09-30,2026-09-30,0.998148148148148,XLRE,HST,0.0439625800126497,-0.0632527160647064,0.0036017416101796,0.040215990795029,0.1144548779762058,Liderazgo relativo doble
2026-09-30,2026-09-30,2026-09-30,0.998148148148148,XLRE,KIM,-0.0682810629295606,-0.0632527160647064,0.0036017416101796,-0.0716248304077387,-0.0053678798445296,Debilidad relativa doble
2026-09-30,2026-09-30,2026-09-30,0.998148148148148,XLRE,INVH,-0.0859381502496329,-0.0632527160647064,0.0036017416101796,-0.0892185496969691,-0.0242172404168865,Debilidad relativa doble
2026-09-30,2026-09-30,2026-09-30,0.998148148148148,XLU,NEE,-0.086699655311077,-0.0664944112237089,0.0036017416101796,-0.0899773218571512,-0.0216444811153778,Debilidad relativa doble
2026-09-30,2026-09-30,2026-09-30,0.998148148148148,XLU,SO,-0.0590305047612481,-0.0664944112237089,0.0036017416101796,-0.0624074707871078,0.0079955669812807,Liderazgo interno en sector débil
2026-09-30,2026-09-30,2026-09-30,0.998148148148148,XLU,DUK,-0.0529944122083494,-0.0664944112237089,0.0036017416101796,-0.0563930406574685,0.0144616156321637,Liderazgo interno en sector débil
2026-09-30,2026-09-30,2026-09-30,0.998148148148148,XLU,CEG,-0.093788996165352,-0.0664944112237089,0.0036017416101796,-0.0970412203742073,-0.0292388018559406,Debilidad relativa doble
2026-09-30,2026-09-30,2026-09-30,0.998148148148148,XLU,AEP,-0.0351333744875551,-0.0664944112237089,0.0036017416101796,-0.0385961029079007,0.0335949105320989,Liderazgo interno en sector débil
2026-09-30,2026-09-30,2026-09-30,0.998148148148148,XLU,D,-0.0790689334386404,-0.0664944112237089,0.0036017416101796,-0.0823739852385899,-0.0134702163180566,Debilidad relativa doble
2026-09-30,2026-09-30,2026-09-30,0.998148148148148,XLU,SRE,-0.0669975061492553,-0.0664944112237089,0.0036017416101796,-0.0703458800760603,-0.0005389308126221,Debilidad relativa doble
2026-09-30,2026-09-30,2026-09-30,0.998148148148148,XLU,ETR,-0.0725097621962848,-0.0664944112237089,0.0036017416101796,-0.0758383536524668,-0.0064438296298378,Debilidad relativa doble
2026-09-30,2026-09-30,2026-09-30,0.998148148148148,XLU,XEL,-0.0638012711407076,-0.0664944112237089,0.0036017416101796,-0.0671611157656481,0.0028849747825629,Liderazgo interno en sector débil
2026-09-30,2026-09-30,2026-09-30,0.998148148148148,XLU,VST,0.0035963590337615,-0.0664944112237089,0.0036017416101796,-5.363259343749149e-06,0.0750833965004438,Liderazgo interno en sector débil
2026-09-30,2026-09-30,2026-09-30,0.998148148148148,XLU,EXC,-0.0694803680601037,-0.0664944112237089,0.0036017416101796,-0.0728198314532918,-0.003198649126792,Debilidad relativa doble
2026-09-30,2026-09-30,2026-09-30,0.998148148148148,XLU,ED,-0.0509749119715191,-0.0664944112237089,0.0036017416101796,-0.05438078803464,0.0166249666191435,Liderazgo interno en sector débil
2026-09-30,2026-09-30,2026-09-30,0.998148148148148,XLU,PEG,-0.0752142755660684,-0.0664944112237089,0.0036017416101796,-0.0785331610224147,-0.0093409878282465,Debilidad relativa doble
2026-09-30,2026-09-30,2026-09-30,0.998148148148148,XLU,WEC,-0.0510357657692477,-0.0664944112237089,0.0036017416101796,-0.0544414234393086,0.0165597781527215,Liderazgo interno en sector débil
2026-09-30,2026-09-30,2026-09-30,0.998148148148148,XLU,AEE,-0.0566026735518261,-0.0664944112237089,0.0036017416101796,-0.0599883526162616,0.0105963347095217,Liderazgo interno en sector débil
2026-09-30,2026-09-30,2026-09-30,0.998148148148148,XLU,PCG,-0.1251426702531688,-0.0664944112237089,0.0036017416101796,-0.1282823719065999,-0.0628258252918876,Debilidad relativa doble
2026-09-30,2026-09-30,2026-09-30,0.998148148148148,XLU,ATO,-0.0671436774701382,-0.0664944112237089,0.0036017416101796,-0.0704915268150231,-0.0006955140432318,Debilidad relativa doble
2026-09-30,2026-09-30,2026-09-30,0.998148148148148,XLU,AWK,-0.0577146508591231,-0.0664944112237089,0.0036017416101796,-0.0610963392420251,0.0094051502959879,Liderazgo interno en sector débil
2026-09-30,2026-09-30,2026-09-30,0.998148148148148,XLU,DTE,-0.0966177112514385,-0.0664944112237089,0.0036017416101796,-0.0998597837233982,-0.0322690087664259,Debilidad relativa doble
2026-09-30,2026-09-30,2026-09-30,0.998148148148148,XLU,PPL,-0.0379007419015828,-0.0664944112237089,0.0036017416101796,-0.0413535387505166,0.0306304211414618,Liderazgo interno en sector débil
2026-09-30,2026-09-30,2026-09-30,0.998148148148148,XLV,LLY,-0.0025172792632004,-0.015177014459381,0.0036017416101796,-0.0060970608356685,0.0128548331853068,Liderazgo interno en sector débil
2026-09-30,2026-09-30,2026-09-30,0.998148148148148,XLV,JNJ,-0.0237841076328941,-0.015177014459381,0.0036017416101796,-0.0272875664794443,-0.0087397362773659,Debilidad relativa doble
2026-09-30,2026-09-30,2026-09-30,0.998148148148148,XLV,ABBV,0.0061541065564612,-0.015177014459381,0.0036017416101796,0.0025432049790852,0.0216598529167477,Liderazgo relativo doble
2026-09-30,2026-09-30,2026-09-30,0.998148148148148,XLV,MRK,-0.0246381634302044,-0.015177014459381,0.0036017416101796,-0.0281385572279656,-0.0096069538482894,Debilidad relativa doble
2026-09-30,2026-09-30,2026-09-30,0.998148148148148,XLV,UNH,-0.0680284368672028,-0.015177014459381,0.0036017416101796,-0.0713731109737404,-0.0536659107106533,Debilidad relativa doble
2026-09-30,2026-09-30,2026-09-30,0.998148148148148,XLV,TMO,0.1250082391962776,-0.015177014459381,0.0036017416101796,0.1209707920507523,0.1423456354226988,Liderazgo relativo doble
2026-09-30,2026-09-30,2026-09-30,0.998148148148148,XLV,AMGN,-0.0379119545710752,-0.015177014459381,0.0036017416101796,-0.0413647111798055,-0.0230853061367305,Debilidad relativa doble
2026-09-30,2026-09-30,2026-09-30,0.998148148148148,XLV,GILD,-0.0002034773542908,-0.015177014459381,0.0036017416101796,-0.0037915627351995,0.0152042928779434,Liderazgo interno en sector débil
2026-09-30,2026-09-30,2026-09-30,0.998148148148148,XLV,ABT,-0.0927200812065103,-0.015177014459381,0.0036017416101796,-0.0959761415540702,-0.0787380756599237,Debilidad relativa doble
2026-09-30,2026-09-30,2026-09-30,0.998148148148148,XLV,PFE,-0.0010507453624704,-0.015177014459381,0.0036017416101796,-0.0046357900547139,0.0143439677021306,Liderazgo interno en sector débil
2026-09-30,2026-09-30,2026-09-30,0.998148148148148,XLV,ISRG,0.1012322407117467,-0.015177014459381,0.0036017416101796,0.0972801212410499,0.1182032272604043,Liderazgo relativo doble
2026-09-30,2026-09-30,2026-09-30,0.998148148148148,XLV,DHR,0.072549378671918,-0.015177014459381,0.0036017416101796,0.0687001967046396,0.089078336329794,Liderazgo relativo doble
2026-09-30,2026-09-30,2026-09-30,0.998148148148148,XLV,VRTX,-0.0453574833344441,-0.015177014459381,0.0036017416101796,-0.0487835193132223,-0.0306455772440115,Debilidad relativa doble
2026-09-30,2026-09-30,2026-09-30,0.998148148148148,XLV,BMY,-0.067543287010488,-0.015177014459381,0.0036017416101796,-0.0708897022304112,-0.0531732842550994,Debilidad relativa doble
2026-09-30,2026-09-30,2026-09-30,0.998148148148148,XLV,MDT,-0.0547838611127176,-0.015177014459381,0.0036017416101796,-0.0581760675596511,-0.0402172240441711,Debilidad relativa doble
2026-09-30,2026-09-30,2026-09-30,0.998148148148148,XLV,CVS,-0.1220286497839732,-0.015177014459381,0.0036017416101796,-0.1251795270827164,-0.1084983158328051,Debilidad relativa doble
2026-09-30,2026-09-30,2026-09-30,0.998148148148148,XLV,MCK,-0.0584051312151163,-0.015177014459381,0.0036017416101796,-0.0617843415913289,-0.043894301199728,Debilidad relativa doble
2026-09-30,2026-09-30,2026-09-30,0.998148148148148,XLV,SYK,-0.1296089761588142,-0.015177014459381,0.0036017416101796,-0.1327326490638314,-0.116195461904878,Debilidad relativa doble
2026-09-30,2026-09-30,2026-09-30,0.998148148148148,XLV,ELV,-0.0310829652227728,-0.015177014459381,0.0036017416101796,-0.0345602298151699,-0.0161510758754886,Debilidad relativa doble
2026-09-30,2026-09-30,2026-09-30,0.998148148148148,XLV,REGN,-0.0795683367849686,-0.015177014459381,0.0036017416101796,-0.0828715963183863,-0.0653836509413313,Debilidad relativa doble
2026-09-30,2026-09-30,2026-09-30,0.998148148148148,XLY,AMZN,-0.0226345689389065,-0.048086972483896,0.0036017416101796,-0.0261421532678816,0.0267381607450045,Liderazgo interno en sector débil
2026-09-30,2026-09-30,2026-09-30,0.998148148148148,XLY,TSLA,-0.0035945934804703,-0.048086972483896,0.0036017416101796,-0.0071705087708439,0.0467399622836584,Liderazgo interno en sector débil
2026-09-30,2026-09-30,2026-09-30,0.998148148148148,XLY,HD,-0.1037730742788757,-0.048086972483896,0.0036017416101796,-0.1069894674722097,-0.0584991487513155,Debilidad relativa doble
2026-09-30,2026-09-30,2026-09-30,0.998148148148148,XLY,MCD,-0.1155451135640597,-0.048086972483896,0.0036017416101796,-0.1187192590788852,-0.0708658660299955,Debilidad relativa doble
2026-09-30,2026-09-30,2026-09-30,0.998148148148148,XLY,TJX,-0.0072034717722716,-0.048086972483896,0.0036017416101796,-0.0107664354638479,0.0429487773881029,Liderazgo interno en sector débil
2026-09-30,2026-09-30,2026-09-30,0.998148148148148,XLY,BKNG,-0.165499308182796,-0.048086972483896,0.0036017416101796,-0.1684941773035086,-0.1233435537753617,Debilidad relativa doble
2026-09-30,2026-09-30,2026-09-30,0.998148148148148,XLY,SBUX,-0.1148375154609336,-0.048086972483896,0.0036017416101796,-0.1180142004148869,-0.0701225228014944,Debilidad relativa doble
2026-09-30,2026-09-30,2026-09-30,0.998148148148148,XLY,LOW,-0.0787803525378977,-0.048086972483896,0.0036017416101796,-0.0820864400014924,-0.0322438911610362,Debilidad relativa doble
2026-09-30,2026-09-30,2026-09-30,0.998148148148148,XLY,MAR,0.0631296559718765,-0.048086972483896,0.0036017416101796,0.0593142796525942,0.1168348633130678,Liderazgo relativo doble
2026-09-30,2026-09-30,2026-09-30,0.998148148148148,XLY,ROST,0.0201146514256933,-0.048086972483896,0.0036017416101796,0.0164536480267762,0.071646906742681,Liderazgo relativo doble
2026-09-30,2026-09-30,2026-09-30,0.998148148148148,XLY,HLT,0.0196480819086775,-0.048086972483896,0.0036017416101796,0.0159887529417326,0.0711567679342719,Liderazgo relativo doble
2026-09-30,2026-09-30,2026-09-30,0.998148148148148,XLY,ORLY,-0.0288799701451675,-0.048086972483896,0.0036017416101796,-0.0323651408807177,0.0201772659723407,Liderazgo interno en sector débil
2026-09-30,2026-09-30,2026-09-30,0.998148148148148,XLY,DASH,-0.1866081712619517,-0.048086972483896,0.0036017416101796,-0.189527284565049,-0.1455187551529883,Debilidad relativa doble
2026-09-30,2026-09-30,2026-09-30,0.998148148148148,XLY,GM,-0.0989228011669445,-0.048086972483896,0.0036017416101796,-0.1021566010962015,-0.053403858560165,Debilidad relativa doble
2026-09-30,2026-09-30,2026-09-30,0.998148148148148,XLY,ABNB,-0.1199430523546699,-0.048086972483896,0.0036017416101796,-0.123101414478052,-0.0754859717155812,Debilidad relativa doble
2026-09-30,2026-09-30,2026-09-30,0.998148148148148,XLY,RCL,0.0065481028017708,-0.048086972483896,0.0036017416101796,0.0029357872445139,0.0573950284389217,Liderazgo relativo doble
2026-09-30,2026-09-30,2026-09-30,0.998148148148148,XLY,GRMN,0.0464467280020048,-0.048086972483896,0.0036017416101796,0.0426912236352685,0.0993091782056756,Liderazgo relativo doble
2026-09-30,2026-09-30,2026-09-30,0.998148148148148,XLY,F,-0.1286126960510442,-0.048086972483896,0.0036017416101796,-0.1317399444216775,-0.0845935723532115,Debilidad relativa doble
2026-09-30,2026-09-30,2026-09-30,0.998148148148148,XLY,AZO,-0.045791584486057,-0.048086972483896,0.0036017416101796,-0.0492160625558401,0.0024113421410236,Liderazgo interno en sector débil
2026-09-30,2026-09-30,2026-09-30,0.998148148148148,XLY,CVNA,-0.133554992364792,-0.048086972483896,0.0036017416101796,-0.1366645037451981,-0.0897855344031943,Debilidad relativa doble
2026-10-01,2026-10-01,2026-10-01,1.0,XLB,LIN,-0.033755321967491425,-0.07906736796044334,0.0009503149377609876,-0.03467268693292769,0.04920234598767648,Liderazgo interno en sector débil
2026-10-01,2026-10-01,2026-10-01,1.0,XLB,NEM,-0.08190555029588187,-0.07906736796044334,0.0009503149377609876,-0.08277720082319451,-0.0030818566273983494,Debilidad relativa doble
2026-10-01,2026-10-01,2026-10-01,1.0,XLB,FCX,-0.06289735569706689,-0.07906736796044334,0.0009503149377609876,-0.06378705284567288,0.017558300901516777,Liderazgo interno en sector débil
2026-10-01,2026-10-01,2026-10-01,1.0,XLB,ECL,-0.02829342480935415,-0.07906736796044334,0.0009503149377609876,-0.02921597536930043,0.055133178459147336,Liderazgo interno en sector débil
2026-10-01,2026-10-01,2026-10-01,1.0,XLB,SHW,-0.031607550854952815,-0.07906736796044334,0.0009503149377609876,-0.032526954941553,0.05153451561422351,Liderazgo interno en sector débil
2026-10-01,2026-10-01,2026-10-01,1.0,XLB,VMC,-0.07558821468520749,-0.07906736796044334,0.0009503149377609876,-0.0764658629711582,0.003777858612231677,Liderazgo interno en sector débil
2026-10-01,2026-10-01,2026-10-01,1.0,XLB,MLM,-0.07329760643556327,-0.07906736796044334,0.0009503149377609876,-0.07417742945406935,0.006265128766370198,Liderazgo interno en sector débil
2026-10-01,2026-10-01,2026-10-01,1.0,XLB,APD,-0.11093961510976724,-0.07906736796044334,0.0009503149377609876,-0.111783700327309,-0.03460866304491517,Debilidad relativa doble
2026-10-01,2026-10-01,2026-10-01,1.0,XLB,CRH,-0.11837705230881601,-0.07906736796044334,0.0009503149377609876,-0.11921407632905012,-0.042684647042330215,Debilidad relativa doble
2026-10-01,2026-10-01,2026-10-01,1.0,XLB,STLD,-0.08451183812406382,-0.07906736796044334,0.0009503149377609876,-0.08538101420862121,-0.005911909269153415,Debilidad relativa doble
2026-10-01,2026-10-01,2026-10-01,1.0,XLB,CTVA,-0.8602867675416712,-0.07906736796044334,0.0009503149377609876,-0.8604194130584633,-0.8482915822529702,Debilidad relativa doble
2026-10-01,2026-10-01,2026-10-01,1.0,XLB,NUE,-0.10391064592407351,-0.07906736796044334,0.0009503149377609876,-0.1047614045342048,-0.026976216391214947,Debilidad relativa doble
2026-10-01,2026-10-01,2026-10-01,1.0,XLB,PPG,-0.059653216559933275,-0.07906736796044334,0.0009503149377609876,-0.06054599373542591,0.021080968058992733,Liderazgo interno en sector débil
2026-10-01,2026-10-01,2026-10-01,1.0,XLB,SW,-0.05114637706364522,-0.07906736796044334,0.0009503149377609876,-0.05204723074056439,0.03031816869705506,Liderazgo interno en sector débil
2026-10-01,2026-10-01,2026-10-01,1.0,XLB,IFF,-0.03941316474276646,-0.07906736796044334,0.0009503149377609876,-0.04032515808043602,0.04305874483984362,Liderazgo interno en sector débil
2026-10-01,2026-10-01,2026-10-01,1.0,XLB,PKG,-0.010033632858339248,-0.07906736796044334,0.0009503149377609876,-0.010973519496602857,0.07496067866464617,Liderazgo interno en sector débil
2026-10-01,2026-10-01,2026-10-01,1.0,XLB,DOW,-0.11796676640205461,-0.07906736796044334,0.0009503149377609876,-0.1188041799529379,-0.04223913572859528,Debilidad relativa doble
2026-10-01,2026-10-01,2026-10-01,1.0,XLB,AMCR,-0.09145844653586777,-0.07906736796044334,0.0009503149377609876,-0.09232102742219994,-0.013454924002402113,Debilidad relativa doble
2026-10-01,2026-10-01,2026-10-01,1.0,XLB,IP,-0.10413219996538403,-0.07906736796044334,0.0009503149377609876,-0.10498274822929554,-0.027216792122384148,Debilidad relativa doble
2026-10-01,2026-10-01,2026-10-01,1.0,XLB,CF,-0.17756877000271387,-0.07906736796044334,0.0009503149377609876,-0.17834959665463035,-0.10695831444708714,Debilidad relativa doble
2026-10-01,2026-10-01,2026-10-01,1.0,XLC,META,0.2254414309933015,-0.018837030213029293,0.0009503149377609876,0.22427798133966248,0.24896828429977158,Liderazgo relativo doble
2026-10-01,2026-10-01,2026-10-01,1.0,XLC,GOOGL,0.003967154037101794,-0.018837030213029293,0.0009503149377609876,0.003013974873995906,0.02324199440087127,Liderazgo relativo doble
2026-10-01,2026-10-01,2026-10-01,1.0,XLC,GOOG,0.004096811707225756,-0.018837030213029293,0.0009503149377609876,0.003143509445481696,0.023374141326628406,Liderazgo relativo doble
2026-10-01,2026-10-01,2026-10-01,1.0,XLC,WBD,0.09017264629545729,-0.018837030213029293,0.0009503149377609876,0.08913762254347679,0.11110251799673465,Liderazgo relativo doble
2026-10-01,2026-10-01,2026-10-01,1.0,XLC,DIS,-0.06158549100889521,-0.018837030213029293,0.0009503149377609876,-0.062476433658492536,-0.043569174655202714,Debilidad relativa doble
2026-10-01,2026-10-01,2026-10-01,1.0,XLC,TTWO,-0.057925438640769045,-0.018837030213029293,0.0009503149377609876,-0.058819856190555186,-0.03983885412657451,Debilidad relativa doble
2026-10-01,2026-10-01,2026-10-01,1.0,XLC,T,-0.06358387196024129,-0.018837030213029293,0.0009503149377609876,-0.06447291732159055,-0.0456059218754733,Debilidad relativa doble
2026-10-01,2026-10-01,2026-10-01,1.0,XLC,APP,-0.11828864340488376,-0.018837030213029293,0.0009503149377609876,-0.11912575136165382,-0.10136095251683552,Debilidad relativa doble
2026-10-01,2026-10-01,2026-10-01,1.0,XLC,VZ,-0.08442854590610527,-0.018837030213029293,0.0009503149377609876,-0.08529780106935192,-0.06685078596812222,Debilidad relativa doble
2026-10-01,2026-10-01,2026-10-01,1.0,XLC,TMUS,-0.13651899043030358,-0.018837030213029293,0.0009503149377609876,-0.13733879026414253,-0.1199412980728628,Debilidad relativa doble
2026-10-01,2026-10-01,2026-10-01,1.0,XLC,NFLX,-0.179862254067773,-0.018837030213029293,0.0009503149377609876,-0.18064090325679838,-0.1641166949968621,Debilidad relativa doble
2026-10-01,2026-10-01,2026-10-01,1.0,XLC,CMCSA,-0.19060047761262833,-0.018837030213029293,0.0009503149377609876,-0.19136893179588033,-0.1750610782191384,Debilidad relativa doble
2026-10-01,2026-10-01,2026-10-01,1.0,XLC,LYV,-0.07093930894906453,-0.018837030213029293,0.0009503149377609876,-0.07182137096514685,-0.05310257351777925,Debilidad relativa doble
2026-10-01,2026-10-01,2026-10-01,1.0,XLC,RDDT,-0.05420624284231568,-0.018837030213029293,0.0009503149377609876,-0.0551041914438144,-0.03604825469204742,Debilidad relativa doble
2026-10-01,2026-10-01,2026-10-01,1.0,XLC,OMC,-0.07695552169651032,-0.018837030213029293,0.0009503149377609876,-0.07783187184382423,-0.05923428958606103,Debilidad relativa doble
2026-10-01,2026-10-01,2026-10-01,1.0,XLC,FOXA,-0.09241703456764483,-0.018837030213029293,0.0009503149377609876,-0.09327870535832883,-0.07499264303726338,Debilidad relativa doble
2026-10-01,2026-10-01,2026-10-01,1.0,XLC,CHTR,-0.2994275530515754,-0.018837030213029293,0.0009503149377609876,-0.30009268542766165,-0.2859774894475152,Debilidad relativa doble
2026-10-01,2026-10-01,2026-10-01,1.0,XLC,ECHO,0.017995126481259005,-0.018837030213029293,0.0009503149377609876,0.017028628983005945,0.03753928534653661,Liderazgo relativo doble
2026-10-01,2026-10-01,2026-10-01,1.0,XLC,TKO,-0.06865041557704732,-0.018837030213029293,0.0009503149377609876,-0.06953465069755838,-0.05076973642292415,Debilidad relativa doble
2026-10-01,2026-10-01,2026-10-01,1.0,XLC,NWSA,-0.06243505135855876,-0.018837030213029293,0.0009503149377609876,-0.06332518742477344,-0.044435045438980914,Debilidad relativa doble
2026-10-01,2026-10-01,2026-10-01,1.0,XLE,XOM,-0.0020102746544951033,-0.031141480775179753,0.0009503149377609876,-0.0029577787709075265,0.030067554284388676,Liderazgo interno en sector débil
2026-10-01,2026-10-01,2026-10-01,1.0,XLE,CVX,-0.022098369547439822,-0.031141480775179753,0.0009503149377609876,-0.02302680177150851,0.00933377892468279,Liderazgo interno en sector débil
2026-10-01,2026-10-01,2026-10-01,1.0,XLE,COP,-0.07390670273464861,-0.031141480775179753,0.0009503149377609876,-0.07478594746939482,-0.044139800714850685,Debilidad relativa doble
2026-10-01,2026-10-01,2026-10-01,1.0,XLE,VLO,0.11573655533073124,-0.031141480775179753,0.0009503149377609876,0.11467726087893548,0.15159905516795935,Liderazgo relativo doble
2026-10-01,2026-10-01,2026-10-01,1.0,XLE,MPC,0.08565889895732393,-0.031141480775179753,0.0009503149377609876,0.08462816061437595,0.12055462940652584,Liderazgo relativo doble
2026-10-01,2026-10-01,2026-10-01,1.0,XLE,PSX,0.03178575799461303,-0.031141480775179753,0.0009503149377609876,0.03080616749570564,0.06494987402303143,Liderazgo relativo doble
2026-10-01,2026-10-01,2026-10-01,1.0,XLE,WMB,-0.0723434380862521,-0.031141480775179753,0.0009503149377609876,-0.07322416700430379,-0.042526288919911504,Debilidad relativa doble
2026-10-01,2026-10-01,2026-10-01,1.0,XLE,SLB,-0.16291073536376544,-0.031141480775179753,0.0009503149377609876,-0.16370547853987671,-0.13600464048560335,Debilidad relativa doble
2026-10-01,2026-10-01,2026-10-01,1.0,XLE,EOG,-0.051356127889871206,-0.031141480775179753,0.0009503149377609876,-0.05225678242669274,-0.020864395279163284,Debilidad relativa doble
2026-10-01,2026-10-01,2026-10-01,1.0,XLE,KMI,-0.04504218509968716,-0.031141480775179753,0.0009503149377609876,-0.045948834173959896,-0.014347506935924237,Debilidad relativa doble
2026-10-01,2026-10-01,2026-10-01,1.0,XLE,TRGP,-0.04821779563995665,-0.031141480775179753,0.0009503149377609876,-0.0491214297492627,-0.017625189360402804,Debilidad relativa doble
2026-10-01,2026-10-01,2026-10-01,1.0,XLE,BKR,-0.13940892316929054,-0.031141480775179753,0.0009503149377609876,-0.14022597926429448,-0.1117474226068994,Debilidad relativa doble
2026-10-01,2026-10-01,2026-10-01,1.0,XLE,OKE,-0.09217788019172901,-0.031141480775179753,0.0009503149377609876,-0.09303977803861396,-0.06299825847161278,Debilidad relativa doble
2026-10-01,2026-10-01,2026-10-01,1.0,XLE,DVN,-0.03191050424757924,-0.031141480775179753,0.0009503149377609876,-0.03282962070638196,-0.0007937417663569368,Debilidad relativa doble
2026-10-01,2026-10-01,2026-10-01,1.0,XLE,OXY,-0.04604486727219348,-0.031141480775179753,0.0009503149377609876,-0.04695056438728096,-0.015382417764089884,Debilidad relativa doble
2026-10-01,2026-10-01,2026-10-01,1.0,XLE,FANG,-0.08804445886994194,-0.031141480775179753,0.0009503149377609876,-0.0889102810395106,-0.05873197888613302,Debilidad relativa doble
2026-10-01,2026-10-01,2026-10-01,1.0,XLE,EQT,-0.10152466094012758,-0.031141480775179753,0.0009503149377609876,-0.10237768483469678,-0.07264546759754054,Debilidad relativa doble
2026-10-01,2026-10-01,2026-10-01,1.0,XLE,HAL,-0.15280366048728977,-0.031141480775179753,0.0009503149377609876,-0.15360799944861514,-0.12557269952010275,Debilidad relativa doble
2026-10-01,2026-10-01,2026-10-01,1.0,XLE,EXE,-0.13451470651834674,-0.031141480775179753,0.0009503149377609876,-0.13533640924477952,-0.10669589387093947,Debilidad relativa doble
2026-10-01,2026-10-01,2026-10-01,1.0,XLE,TPL,-0.08401398032724561,-0.031141480775179753,0.0009503149377609876,-0.08488362908431646,-0.05457195091226419,Debilidad relativa doble
2026-10-01,2026-10-01,2026-10-01,1.0,XLF,JPM,-0.0646791546403005,-0.0695594106354065,0.0009503149377609876,-0.06556716012636687,0.005245102213822017,Liderazgo interno en sector débil
2026-10-01,2026-10-01,2026-10-01,1.0,XLF,V,-0.04902216726262243,-0.0695594106354065,0.0009503149377609876,-0.04992503769129708,0.02207260045137227,Liderazgo interno en sector débil
2026-10-01,2026-10-01,2026-10-01,1.0,XLF,MA,-0.06484852874912073,-0.0695594106354065,0.0009503149377609876,-0.06573637342925764,0.005063065756302443,Liderazgo interno en sector débil
2026-10-01,2026-10-01,2026-10-01,1.0,XLF,BAC,-0.13731413893122357,-0.0695594106354065,0.0009503149377609876,-0.13813318384097995,-0.07282004791094443,Debilidad relativa doble
2026-10-01,2026-10-01,2026-10-01,1.0,XLF,GS,-0.10727584260899559,-0.0695594106354065,0.0009503149377609876,-0.10812340625866734,-0.040536099139168,Debilidad relativa doble
2026-10-01,2026-10-01,2026-10-01,1.0,XLF,WFC,-0.10104174954919742,-0.0695594106354065,0.0009503149377609876,-0.1018952319259725,-0.03383594747869989,Debilidad relativa doble
2026-10-01,2026-10-01,2026-10-01,1.0,XLF,MS,-0.11240681708096822,-0.0695594106354065,0.0009503149377609876,-0.11324950931832989,-0.04605066345485054,Debilidad relativa doble
2026-10-01,2026-10-01,2026-10-01,1.0,XLF,C,-0.054637461202761584,-0.0695594106354065,0.0009503149377609876,-0.055535000400073864,0.016037509114725124,Liderazgo interno en sector débil
2026-10-01,2026-10-01,2026-10-01,1.0,XLF,AXP,-0.08452031553387962,-0.0695594106354065,0.0009503149377609876,-0.08538948356987641,-0.01607937687745331,Debilidad relativa doble
2026-10-01,2026-10-01,2026-10-01,1.0,XLF,SCHW,-0.09118620946029432,-0.0695594106354065,0.0009503149377609876,-0.09204904881196263,-0.02324361068518832,Debilidad relativa doble
2026-10-01,2026-10-01,2026-10-01,1.0,XLF,BLK,-0.033654165320553986,-0.0695594106354065,0.0009503149377609876,-0.03457162632539523,0.03858950880396628,Liderazgo interno en sector débil
2026-10-01,2026-10-01,2026-10-01,1.0,XLF,PGR,-0.04660845282039394,-0.0695594106354065,0.0009503149377609876,-0.04751361486020622,0.02466676333486917,Liderazgo interno en sector débil
2026-10-01,2026-10-01,2026-10-01,1.0,XLF,SPGI,-0.10087787786931579,-0.0695594106354065,0.0009503149377609876,-0.10173151582794437,-0.03365982480976781,Debilidad relativa doble
2026-10-01,2026-10-01,2026-10-01,1.0,XLF,COF,-0.10212377540472073,-0.0695594106354065,0.0009503149377609876,-0.10297623049241045,-0.03499886520594797,Debilidad relativa doble
2026-10-01,2026-10-01,2026-10-01,1.0,XLF,CB,-0.02097466068359466,-0.0695594106354065,0.0009503149377609876,-0.02190415977112603,0.05221692874016903,Liderazgo interno en sector débil
2026-10-01,2026-10-01,2026-10-01,1.0,XLF,BNY,-0.1118242154280451,-0.0695594106354065,0.0009503149377609876,-0.11266746079481316,-0.0454245067076251,Debilidad relativa doble
2026-10-01,2026-10-01,2026-10-01,1.0,XLF,CME,-0.04113301055396479,-0.0695594106354065,0.0009503149377609876,-0.0420433710481849,0.030551547735954143,Liderazgo interno en sector débil
2026-10-01,2026-10-01,2026-10-01,1.0,XLF,USB,-0.07762066226686526,-0.0695594106354065,0.0009503149377609876,-0.07849638092127653,-0.008663907963176731,Debilidad relativa doble
2026-10-01,2026-10-01,2026-10-01,1.0,XLF,HOOD,0.03888217352248491,-0.0695594106354065,0.0009503149377609876,0.03789584559657433,0.11654863878192079,Liderazgo relativo doble
2026-10-01,2026-10-01,2026-10-01,1.0,XLF,TRV,-0.00902158294197386,-0.0695594106354065,0.0009503149377609876,-0.009962430433277714,0.06506361436228247,Liderazgo interno en sector débil
2026-10-01,2026-10-01,2026-10-01,1.0,XLI,CAT,0.04300240448986026,-0.02133789735710545,0.0009503149377609876,0.0420121647643561,0.06574312183256459,Liderazgo relativo doble
2026-10-01,2026-10-01,2026-10-01,1.0,XLI,GE,-0.05192711791066007,-0.02133789735710545,0.0009503149377609876,-0.052827230342306186,-0.03125616131548148,Debilidad relativa doble
2026-10-01,2026-10-01,2026-10-01,1.0,XLI,GEV,0.07105669522110625,-0.02133789735710545,0.0009503149377609876,0.07003982039578505,0.09440908392048541,Liderazgo relativo doble
2026-10-01,2026-10-01,2026-10-01,1.0,XLI,RTX,-0.07854370140621314,-0.02133789735710545,0.0009503149377609876,-0.07941854371554602,-0.05845306964949637,Debilidad relativa doble
2026-10-01,2026-10-01,2026-10-01,1.0,XLI,DE,-0.042266590333385756,-0.02133789735710545,0.0009503149377609876,-0.04317587459257055,-0.021385003996539753,Debilidad relativa doble
2026-10-01,2026-10-01,2026-10-01,1.0,XLI,ETN,0.11879235499739105,-0.02133789735710545,0.0009503149377609876,0.11773015933059328,0.14318553050748806,Liderazgo relativo doble
2026-10-01,2026-10-01,2026-10-01,1.0,XLI,UNP,-0.05974526939637803,-0.02133789735710545,0.0009503149377609876,-0.060637959175739,-0.03924477297685558,Debilidad relativa doble
2026-10-01,2026-10-01,2026-10-01,1.0,XLI,BA,-0.07942737935423771,-0.02133789735710545,0.0009503149377609876,-0.08030138268850695,-0.05935601454297712,Debilidad relativa doble
2026-10-01,2026-10-01,2026-10-01,1.0,XLI,UBER,-0.11209941186297545,-0.02133789735710545,0.0009503149377609876,-0.11294239595475408,-0.09274039963411984,Debilidad relativa doble
2026-10-01,2026-10-01,2026-10-01,1.0,XLI,PH,0.01737976354582771,-0.02133789735710545,0.0009503149377609876,0.016413850280958542,0.03956182710904543,Liderazgo relativo doble
2026-10-01,2026-10-01,2026-10-01,1.0,XLI,LMT,-0.049007597387275004,-0.02133789735710545,0.0009503149377609876,-0.04991048164877432,-0.028272986105671194,Debilidad relativa doble
2026-10-01,2026-10-01,2026-10-01,1.0,XLI,ADP,-0.05516685630092599,-0.02133789735710545,0.0009503149377609876,-0.05606389288381042,-0.03456653614405303,Debilidad relativa doble
2026-10-01,2026-10-01,2026-10-01,1.0,XLI,TT,0.04784524003376012,-0.02133789735710545,0.0009503149377609876,0.04685040245870242,0.07069154635091657,Liderazgo relativo doble
2026-10-01,2026-10-01,2026-10-01,1.0,XLI,PWR,0.08502797565332076,-0.02133789735710545,0.0009503149377609876,0.08399783631696822,0.10868498200061416,Liderazgo relativo doble
2026-10-01,2026-10-01,2026-10-01,1.0,XLI,VRT,-0.04098039784605101,-0.02133789735710545,0.0009503149377609876,-0.041890903232713605,-0.02007076848679501,Debilidad relativa doble
2026-10-01,2026-10-01,2026-10-01,1.0,XLI,HWM,-0.09716951762599402,-0.02133789735710545,0.0009503149377609876,-0.0980266763489216,-0.07748498696751815,Debilidad relativa doble
2026-10-01,2026-10-01,2026-10-01,1.0,XLI,JCI,0.09296151569418121,-0.02133789735710545,0.0009503149377609876,0.09192384415418409,0.11679149804883537,Liderazgo relativo doble
2026-10-01,2026-10-01,2026-10-01,1.0,XLI,EMR,0.06437113620420765,-0.02133789735710545,0.0009503149377609876,0.06336060873350169,0.08757775878912066,Liderazgo relativo doble
2026-10-01,2026-10-01,2026-10-01,1.0,XLI,CSX,-0.043371028657196775,-0.02133789735710545,0.0009503149377609876,-0.04427926434861418,-0.02251352253304839,Debilidad relativa doble
2026-10-01,2026-10-01,2026-10-01,1.0,XLI,MMM,-0.033955530237268494,-0.02133789735710545,0.0009503149377609876,-0.03487270512243146,-0.012892736774100966,Debilidad relativa doble
2026-10-01,2026-10-01,2026-10-01,1.0,XLI,HON,0.03751150314357554,-0.02133789735710545,0.0009503149377609876,0.03652647654952568,0.060132501648686665,Liderazgo relativo doble
2026-10-01,2026-10-01,2026-10-01,1.0,XLK,NVDA,0.02989313635155688,0.07865374590679197,0.0009503149377609876,0.028915342731667515,-0.04520506208806008,Fortaleza sectorial
2026-10-01,2026-10-01,2026-10-01,1.0,XLK,AAPL,0.016494387032508273,0.07865374590679197,0.0009503149377609876,0.015529314355342327,-0.05762679554042449,Fortaleza sectorial
2026-10-01,2026-10-01,2026-10-01,1.0,XLK,MSFT,0.03216452685715132,0.07865374590679197,0.0009503149377609876,0.03118457675027675,-0.04309929782940547,Fortaleza sectorial
2026-10-01,2026-10-01,2026-10-01,1.0,XLK,AMD,0.3471535110438433,0.07865374590679197,0.0009503149377609876,0.3458745063960633,0.24892118175636768,Liderazgo relativo doble
2026-10-01,2026-10-01,2026-10-01,1.0,XLK,AVGO,-0.06255915514075394,0.07865374590679197,0.0009503149377609876,-0.0634491733812621,-0.13091587692845075,Debilidad relativa doble
2026-10-01,2026-10-01,2026-10-01,1.0,XLK,MU,0.1478014340146121,0.07865374590679197,0.0009503149377609876,0.14671169675987583,0.06410554672453284,Liderazgo relativo doble
2026-10-01,2026-10-01,2026-10-01,1.0,XLK,INTC,0.33259295872569705,0.07865374590679197,0.0009503149377609876,0.331327778051159,0.235422362164446,Liderazgo relativo doble
2026-10-01,2026-10-01,2026-10-01,1.0,XLK,PLTR,0.12144450464359346,0.07865374590679197,0.0009503149377609876,0.12037979099224794,0.03967052346425448,Liderazgo relativo doble
2026-10-01,2026-10-01,2026-10-01,1.0,XLK,CSCO,-0.00639500232136847,0.07865374590679197,0.0009503149377609876,-0.007338343521662405,-0.07884712638406732,Debilidad relativa doble
2026-10-01,2026-10-01,2026-10-01,1.0,XLK,LRCX,0.18084524061301743,0.07865374590679197,0.0009503149377609876,0.17972413114874963,0.09473985057208156,Liderazgo relativo doble
2026-10-01,2026-10-01,2026-10-01,1.0,XLK,AMAT,0.20717967000005633,0.07865374590679197,0.0009503149377609876,0.20603355829416836,0.11915401451205865,Liderazgo relativo doble
2026-10-01,2026-10-01,2026-10-01,1.0,XLK,PANW,0.2063138904866042,0.07865374590679197,0.0009503149377609876,0.20516860076277887,0.11835136628806886,Liderazgo relativo doble
2026-10-01,2026-10-01,2026-10-01,1.0,XLK,CRWD,0.3080817949712906,0.07865374590679197,0.0009503149377609876,0.3068398855068317,0.2126985141757658,Liderazgo relativo doble
2026-10-01,2026-10-01,2026-10-01,1.0,XLK,TXN,0.10404236338039174,0.07865374590679197,0.0009503149377609876,0.10299417154291124,0.023537319153567937,Liderazgo relativo doble
2026-10-01,2026-10-01,2026-10-01,1.0,XLK,KLAC,0.16295140032124422,0.07865374590679197,0.0009503149377609876,0.16184727949614208,0.07815080115777628,Liderazgo relativo doble
2026-10-01,2026-10-01,2026-10-01,1.0,XLK,SNDK,0.15082394316335934,0.07865374590679197,0.0009503149377609876,0.1497313363000614,0.06690765922839859,Liderazgo relativo doble
2026-10-01,2026-10-01,2026-10-01,1.0,XLK,ORCL,-0.052692917158018826,0.07865374590679197,0.0009503149377609876,-0.05359230253013647,-0.12176906960480782,Debilidad relativa doble
2026-10-01,2026-10-01,2026-10-01,1.0,XLK,MRVL,0.29833394091121024,0.07865374590679197,0.0009503149377609876,0.29710128618316145,0.20366145840409589,Liderazgo relativo doble
2026-10-01,2026-10-01,2026-10-01,1.0,XLK,ANET,0.09881783335041505,0.07865374590679197,0.0009503149377609876,0.09777460174807917,0.018693753690784076,Liderazgo relativo doble
2026-10-01,2026-10-01,2026-10-01,1.0,XLK,STX,0.17041586799176933,0.07865374590679197,0.0009503149377609876,0.16930466030628666,0.0850709715079474,Liderazgo relativo doble
2026-10-01,2026-10-01,2026-10-01,1.0,XLK,IBM,-0.02624083690606549,0.07865374590679197,0.0009503149377609876,-0.02716533621902828,-0.09724583371717277,Debilidad relativa doble
2026-10-01,2026-10-01,2026-10-01,1.0,XLK,CRM,-0.07715554045216877,0.07865374590679197,0.0009503149377609876,-0.07803170069913645,-0.1444479166277558,Debilidad relativa doble
2026-10-01,2026-10-01,2026-10-01,1.0,XLP,WMT,-0.017249451077665512,-0.054620403076497626,0.0009503149377609876,-0.0181824869264946,0.03953010210972008,Liderazgo interno en sector débil
2026-10-01,2026-10-01,2026-10-01,1.0,XLP,COST,-0.014582950965198016,-0.054620403076497626,0.0009503149377609876,-0.0155185184230896,0.042350662359957214,Liderazgo interno en sector débil
2026-10-01,2026-10-01,2026-10-01,1.0,XLP,PG,-0.02499324340734843,-0.054620403076497626,0.0009503149377609876,-0.025918927201419195,0.0313389031935567,Liderazgo interno en sector débil
2026-10-01,2026-10-01,2026-10-01,1.0,XLP,KO,-0.01842963688164445,-0.054620403076497626,0.0009503149377609876,-0.0193615522470868,0.03828172970162136,Liderazgo interno en sector débil
2026-10-01,2026-10-01,2026-10-01,1.0,XLP,PM,0.0012769513209398564,-0.054620403076497626,0.0009503149377609876,0.000326326270449373,0.05912688890191964,Liderazgo relativo doble
2026-10-01,2026-10-01,2026-10-01,1.0,XLP,TGT,-0.040768876329738135,-0.054620403076497626,0.0009503149377609876,-0.041679582537613946,0.014651814775605176,Liderazgo interno en sector débil
2026-10-01,2026-10-01,2026-10-01,1.0,XLP,MO,-0.022149662326073405,-0.054620403076497626,0.0009503149377609876,-0.023078045852126805,0.03434677547102982,Liderazgo interno en sector débil
2026-10-01,2026-10-01,2026-10-01,1.0,XLP,CL,-0.06182019743789513,-0.054620403076497626,0.0009503149377609876,-0.06271091725422873,-0.007615770834093927,Debilidad relativa doble
2026-10-01,2026-10-01,2026-10-01,1.0,XLP,PEP,-0.09662849592818268,-0.054620403076497626,0.0009503149377609876,-0.09748616830397927,-0.044435159155528314,Debilidad relativa doble
2026-10-01,2026-10-01,2026-10-01,1.0,XLP,MDLZ,-0.0669207597576098,-0.054620403076497626,0.0009503149377609876,-0.06780663703531675,-0.013011024059690457,Debilidad relativa doble
2026-10-01,2026-10-01,2026-10-01,1.0,XLP,MNST,-0.051328205161675466,-0.054620403076497626,0.0009503149377609876,-0.05222888620868971,0.0034824084690803225,Liderazgo interno en sector débil
2026-10-01,2026-10-01,2026-10-01,1.0,XLP,KDP,-0.05147185045766378,-0.054620403076497626,0.0009503149377609876,-0.05237239512601022,0.003330463899453795,Liderazgo interno en sector débil
2026-10-01,2026-10-01,2026-10-01,1.0,XLP,ADM,-0.06863434995152773,-0.054620403076497626,0.0009503149377609876,-0.06951860032494772,-0.01482361891523254,Debilidad relativa doble
2026-10-01,2026-10-01,2026-10-01,1.0,XLP,SYY,-0.04880143577437557,-0.054620403076497626,0.0009503149377609876,-0.049704515768327684,0.006155164889382503,Liderazgo interno en sector débil
2026-10-01,2026-10-01,2026-10-01,1.0,XLP,KVUE,-0.08910272637412653,-0.054620403076497626,0.0009503149377609876,-0.08996754381109018,-0.0364745795338115,Debilidad relativa doble
2026-10-01,2026-10-01,2026-10-01,1.0,XLP,KR,0.021642018122891127,-0.054620403076497626,0.0009503149377609876,0.020672058219409983,0.08066857106665459,Liderazgo relativo doble
2026-10-01,2026-10-01,2026-10-01,1.0,XLP,KMB,-0.12643387455065358,-0.054620403076497626,0.0009503149377609876,-0.1272632493215563,-0.07596257810921103,Debilidad relativa doble
2026-10-01,2026-10-01,2026-10-01,1.0,XLP,DG,-0.09137442998122991,-0.054620403076497626,0.0009503149377609876,-0.0922370906339458,-0.03887753345252942,Debilidad relativa doble
2026-10-01,2026-10-01,2026-10-01,1.0,XLP,HSY,-0.10218108759747546,-0.054620403076497626,0.0009503149377609876,-0.10303348827224168,-0.05030855825083591,Debilidad relativa doble
2026-10-01,2026-10-01,2026-10-01,1.0,XLP,EL,-0.10835391912147996,-0.054620403076497626,0.0009503149377609876,-0.1092004592316228,-0.05683803227808637,Debilidad relativa doble
2026-10-01,2026-10-01,2026-10-01,1.0,XLRE,WELL,-0.048828509473572757,-0.06191590860908858,0.0009503149377609876,-0.049731563763411146,0.013951200383444329,Liderazgo interno en sector débil
2026-10-01,2026-10-01,2026-10-01,1.0,XLRE,PLD,-0.05412050893525999,-0.06191590860908858,0.0009503149377609876,-0.05501853893361863,0.008309915651879551,Liderazgo interno en sector débil
2026-10-01,2026-10-01,2026-10-01,1.0,XLRE,EQIX,-0.006779534958142985,-0.06191590860908858,0.0009503149377609876,-0.007722511078269267,0.05877551293849792,Liderazgo interno en sector débil
2026-10-01,2026-10-01,2026-10-01,1.0,XLRE,AMT,-0.058516380524563205,-0.06191590860908858,0.0009503149377609876,-0.05941023702662185,0.0036239054853652863,Liderazgo interno en sector débil
2026-10-01,2026-10-01,2026-10-01,1.0,XLRE,SPG,-0.03441799993836847,-0.06191590860908858,0.0009503149377609876,-0.03533473574892543,0.029312839779585875,Liderazgo interno en sector débil
2026-10-01,2026-10-01,2026-10-01,1.0,XLRE,PSA,-0.04784174432147159,-0.06191590860908858,0.0009503149377609876,-0.048745735458674,0.015003094516557791,Liderazgo interno en sector débil
2026-10-01,2026-10-01,2026-10-01,1.0,XLRE,VTR,-0.08500985302008657,-0.06191590860908858,0.0009503149377609876,-0.08587855628297847,-0.024618202806057865,Debilidad relativa doble
2026-10-01,2026-10-01,2026-10-01,1.0,XLRE,VMRK,-0.07302426784380234,-0.06191590860908858,0.0009503149377609876,-0.0739043503734379,-0.011841538873389568,Debilidad relativa doble
2026-10-01,2026-10-01,2026-10-01,1.0,XLRE,DLR,-0.03297667336990873,-0.06191590860908858,0.0009503149377609876,-0.03389477759420989,0.030849297525418207,Liderazgo interno en sector débil
2026-10-01,2026-10-01,2026-10-01,1.0,XLRE,CBRE,-0.0811628817221487,-0.06191590860908858,0.0009503149377609876,-0.08203523734843465,-0.020517321730211147,Debilidad relativa doble
2026-10-01,2026-10-01,2026-10-01,1.0,XLRE,O,-0.12527863005427708,-0.06191590860908858,0.0009503149377609876,-0.1261091016289725,-0.06754482037025022,Debilidad relativa doble
2026-10-01,2026-10-01,2026-10-01,1.0,XLRE,IRM,0.0013723983690987485,-0.06191590860908858,0.0009503149377609876,0.000421682699969006,0.06746549436133042,Liderazgo relativo doble
2026-10-01,2026-10-01,2026-10-01,1.0,XLRE,CCI,-0.11009000879386821,-0.06191590860908858,0.0009503149377609876,-0.11093490063843348,-0.05135371191867366,Debilidad relativa doble
2026-10-01,2026-10-01,2026-10-01,1.0,XLRE,EXR,-0.03777068981495779,-0.06191590860908858,0.0009503149377609876,-0.03868424253917779,0.025738863941643375,Liderazgo interno en sector débil
2026-10-01,2026-10-01,2026-10-01,1.0,XLRE,VICI,-0.09549430844634532,-0.06191590860908858,0.0009503149377609876,-0.0963530576341376,-0.035794658650984634,Debilidad relativa doble
2026-10-01,2026-10-01,2026-10-01,1.0,XLRE,ESS,-0.018779869047009234,-0.06191590860908858,0.0009503149377609876,-0.01971145189758694,0.04598312662793469,Liderazgo interno en sector débil
2026-10-01,2026-10-01,2026-10-01,1.0,XLRE,SBAC,-0.1523441378362559,-0.06191590860908858,0.0009503149377609876,-0.15314891307422063,-0.09639671971527419,Debilidad relativa doble
2026-10-01,2026-10-01,2026-10-01,1.0,XLRE,HST,0.027246878931039387,-0.06191590860908858,0.0009503149377609876,0.026271597701543747,0.09504775569525425,Liderazgo relativo doble
2026-10-01,2026-10-01,2026-10-01,1.0,XLRE,KIM,-0.0667332848604224,-0.06191590860908858,0.0009503149377609876,-0.06761934012917714,-0.0051353351960068405,Debilidad relativa doble
2026-10-01,2026-10-01,2026-10-01,1.0,XLRE,INVH,-0.07429234998552703,-0.06191590860908858,0.0009503149377609876,-0.07517122858187686,-0.01319331762474274,Debilidad relativa doble
2026-10-01,2026-10-01,2026-10-01,1.0,XLU,NEE,-0.08122743831459966,-0.06323492978274481,0.0009503149377609876,-0.08209973265003712,-0.01920706600181199,Debilidad relativa doble
2026-10-01,2026-10-01,2026-10-01,1.0,XLU,SO,-0.054806890178875634,-0.06323492978274481,0.0009503149377609876,-0.05570426851816679,0.008996961855030072,Liderazgo interno en sector débil
2026-10-01,2026-10-01,2026-10-01,1.0,XLU,DUK,-0.05656934167993499,-0.06323492978274481,0.0009503149377609876,-0.057465046725393654,0.007115538692389567,Liderazgo interno en sector débil
2026-10-01,2026-10-01,2026-10-01,1.0,XLU,CEG,-0.1072955254459923,-0.06323492978274481,0.0009503149377609876,-0.10814307040852877,-0.047034840499581065,Debilidad relativa doble
2026-10-01,2026-10-01,2026-10-01,1.0,XLU,AEP,-0.03091364978763711,-0.06323492978274481,0.0009503149377609876,-0.03183371267272084,0.034503079825138894,Liderazgo interno en sector débil
2026-10-01,2026-10-01,2026-10-01,1.0,XLU,D,-0.07079749425952542,-0.06323492978274481,0.0009503149377609876,-0.07167969091627457,-0.008073064119509366,Debilidad relativa doble
2026-10-01,2026-10-01,2026-10-01,1.0,XLU,SRE,-0.06068093165314015,-0.06323492978274481,0.0009503149377609876,-0.0615727331028747,0.002726401966516967,Liderazgo interno en sector débil
2026-10-01,2026-10-01,2026-10-01,1.0,XLU,ETR,-0.05948476322361684,-0.06323492978274481,0.0009503149377609876,-0.060377700330845774,0.004003315962942899,Liderazgo interno en sector débil
2026-10-01,2026-10-01,2026-10-01,1.0,XLU,XEL,-0.05815550798132474,-0.06323492978274481,0.0009503149377609876,-0.05904970710035784,0.00542230059906279,Liderazgo interno en sector débil
2026-10-01,2026-10-01,2026-10-01,1.0,XLU,VST,-0.024265580189599345,-0.06323492978274481,0.0009503149377609876,-0.025191954836367936,0.04159991745220348,Liderazgo interno en sector débil
2026-10-01,2026-10-01,2026-10-01,1.0,XLU,EXC,-0.0708359856350057,-0.06323492978274481,0.0009503149377609876,-0.07171814574755431,-0.008114153797918688,Debilidad relativa doble
2026-10-01,2026-10-01,2026-10-01,1.0,XLU,ED,-0.03872943475305124,-0.06323492978274481,0.0009503149377609876,-0.039642077232654116,0.026159701945345004,Liderazgo interno en sector débil
2026-10-01,2026-10-01,2026-10-01,1.0,XLU,PEG,-0.06562640147198462,-0.06323492978274481,0.0009503149377609876,-0.06651350762988206,-0.00255290442104672,Debilidad relativa doble
2026-10-01,2026-10-01,2026-10-01,1.0,XLU,WEC,-0.03783221292915706,-0.06323492978274481,0.0009503149377609876,-0.03874570724255133,0.027117489391119465,Liderazgo interno en sector débil
2026-10-01,2026-10-01,2026-10-01,1.0,XLU,AEE,-0.052347993987568064,-0.06323492978274481,0.0009503149377609876,-0.053247706834123054,0.011621842168658025,Liderazgo interno en sector débil
2026-10-01,2026-10-01,2026-10-01,1.0,XLU,PCG,-0.08325843585326265,-0.06323492978274481,0.0009503149377609876,-0.08412880193384997,-0.021375163002047004,Debilidad relativa doble
2026-10-01,2026-10-01,2026-10-01,1.0,XLU,ATO,-0.06739019731959262,-0.06323492978274481,0.0009503149377609876,-0.06827562890731798,-0.004435762678345889,Debilidad relativa doble
2026-10-01,2026-10-01,2026-10-01,1.0,XLU,AWK,-0.08337518406207567,-0.06323492978274481,0.0009503149377609876,-0.08424543930043127,-0.021499792124678563,Debilidad relativa doble
2026-10-01,2026-10-01,2026-10-01,1.0,XLU,DTE,-0.08564771061701004,-0.06323492978274481,0.0009503149377609876,-0.08651580828980077,-0.023925722197420618,Debilidad relativa doble
2026-10-01,2026-10-01,2026-10-01,1.0,XLU,PPL,-0.04364557910430611,-0.06323492978274481,0.0009503149377609876,-0.04455355413404316,0.020911700597349814,Liderazgo interno en sector débil
2026-10-01,2026-10-01,2026-10-01,1.0,XLV,LLY,-0.00881834085259181,-0.03535086232351137,0.0009503149377609876,-0.009759381304515813,0.027504841330006746,Liderazgo interno en sector débil
2026-10-01,2026-10-01,2026-10-01,1.0,XLV,JNJ,-0.06013585373650998,-0.03535086232351137,0.0009503149377609876,-0.06102817269013927,-0.02569327068772098,Debilidad relativa doble
2026-10-01,2026-10-01,2026-10-01,1.0,XLV,ABBV,-0.006839402936623107,-0.03535086232351137,0.0009503149377609876,-0.007782322217330551,0.029556300081875042,Liderazgo interno en sector débil
2026-10-01,2026-10-01,2026-10-01,1.0,XLV,MRK,-0.04603746603341319,-0.03535086232351137,0.0009503149377609876,-0.04694317017533067,-0.011078228645538646,Debilidad relativa doble
2026-10-01,2026-10-01,2026-10-01,1.0,XLV,UNH,-0.08059658055463192,-0.03535086232351137,0.0009503149377609876,-0.08146947383443648,-0.04690380830081087,Debilidad relativa doble
2026-10-01,2026-10-01,2026-10-01,1.0,XLV,TMO,0.0730768006971616,-0.03535086232351137,0.0009503149377609876,0.07205800795805284,0.11240114025482706,Liderazgo relativo doble
2026-10-01,2026-10-01,2026-10-01,1.0,XLV,AMGN,-0.0803224812988178,-0.03535086232351137,0.0009503149377609876,-0.08119563481193603,-0.04661966430989384,Debilidad relativa doble
2026-10-01,2026-10-01,2026-10-01,1.0,XLV,GILD,-0.00855052555778113,-0.03535086232351137,0.0009503149377609876,-0.009491820276946394,0.027782471075735504,Liderazgo interno en sector débil
2026-10-01,2026-10-01,2026-10-01,1.0,XLV,ABT,-0.12473973591949572,-0.03535086232351137,0.0009503149377609876,-0.1255707191271248,-0.0926646488393611,Debilidad relativa doble
2026-10-01,2026-10-01,2026-10-01,1.0,XLV,PFE,-0.03101308078337739,-0.03535086232351137,0.0009503149377609876,-0.03193304926741125,0.004496745366488586,Liderazgo interno en sector débil
2026-10-01,2026-10-01,2026-10-01,1.0,XLV,ISRG,0.07895015856207288,-0.03535086232351137,0.0009503149377609876,0.07792578958243479,0.11848973520143957,Liderazgo relativo doble
2026-10-01,2026-10-01,2026-10-01,1.0,XLV,DHR,0.010601044571764362,-0.03535086232351137,0.0009503149377609876,0.00964156710875641,0.0476358761963529,Liderazgo relativo doble
2026-10-01,2026-10-01,2026-10-01,1.0,XLV,VRTX,-0.08982489405590477,-0.03535086232351137,0.0009503149377609876,-0.09068902585770222,-0.05647030573582723,Debilidad relativa doble
2026-10-01,2026-10-01,2026-10-01,1.0,XLV,BMY,-0.09163470650399652,-0.03535086232351137,0.0009503149377609876,-0.09249712004687705,-0.05834644119006194,Debilidad relativa doble
2026-10-01,2026-10-01,2026-10-01,1.0,XLV,MDT,-0.05457874760971604,-0.03535086232351137,0.0009503149377609876,-0.05547634255045897,-0.019932516948616308,Debilidad relativa doble
2026-10-01,2026-10-01,2026-10-01,1.0,XLV,CVS,-0.12372730631849282,-0.03535086232351137,0.0009503149377609876,-0.12455925073963958,-0.09161511739682915,Debilidad relativa doble
2026-10-01,2026-10-01,2026-10-01,1.0,XLV,MCK,-0.02807156421013335,-0.03535086232351137,0.0009503149377609876,-0.028994325407349475,0.0075460577624226755,Liderazgo interno en sector débil
2026-10-01,2026-10-01,2026-10-01,1.0,XLV,SYK,-0.12289188313780108,-0.03535086232351137,0.0009503149377609876,-0.12372462072032275,-0.09074907901244411,Debilidad relativa doble
2026-10-01,2026-10-01,2026-10-01,1.0,XLV,ELV,-0.055462175100336575,-0.03535086232351137,0.0009503149377609876,-0.05635893130380332,-0.02084831882529492,Debilidad relativa doble
2026-10-01,2026-10-01,2026-10-01,1.0,XLV,REGN,-0.13757734787236942,-0.03535086232351137,0.0009503149377609876,-0.13839614288821522,-0.10597271231184313,Debilidad relativa doble
2026-10-01,2026-10-01,2026-10-01,1.0,XLY,AMZN,-0.02647266496628531,-0.05058639601194126,0.0009503149377609876,-0.027396944178744276,0.025398552268858454,Liderazgo interno en sector débil
2026-10-01,2026-10-01,2026-10-01,1.0,XLY,TSLA,-0.008123089926711957,-0.05058639601194126,0.0009503149377609876,-0.009064790458692351,0.04472582434763961,Liderazgo interno en sector débil
2026-10-01,2026-10-01,2026-10-01,1.0,XLY,HD,-0.10664811816628905,-0.05058639601194126,0.0009503149377609876,-0.10749627778551674,-0.05904878750299947,Debilidad relativa doble
2026-10-01,2026-10-01,2026-10-01,1.0,XLY,MCD,-0.11159229359557754,-0.05058639601194126,0.0009503149377609876,-0.11243575915187798,-0.06425639713542974,Debilidad relativa doble
2026-10-01,2026-10-01,2026-10-01,1.0,XLY,TJX,0.017363482002042296,-0.05058639601194126,0.0009503149377609876,0.01639758419507764,0.07157036483209933,Liderazgo relativo doble
2026-10-01,2026-10-01,2026-10-01,1.0,XLY,BKNG,-0.19505472673949775,-0.05058639601194126,0.0009503149377609876,-0.19581895200207444,-0.1521658528176868,Debilidad relativa doble
2026-10-01,2026-10-01,2026-10-01,1.0,XLY,SBUX,-0.1109445636418177,-0.05058639601194126,0.0009503149377609876,-0.1117886441611603,-0.06357415501140806,Debilidad relativa doble
2026-10-01,2026-10-01,2026-10-01,1.0,XLY,LOW,-0.08736985475898762,-0.05058639601194126,0.0009503149377609876,-0.08823631740626436,-0.038743344936849056,Debilidad relativa doble
2026-10-01,2026-10-01,2026-10-01,1.0,XLY,MAR,0.06498767168312569,-0.05058639601194126,0.0009503149377609876,0.06397655886580789,0.12173205356400252,Liderazgo relativo doble
2026-10-01,2026-10-01,2026-10-01,1.0,XLY,ROST,0.01603835599963488,-0.05058639601194126,0.0009503149377609876,0.015073716284121463,0.07017463382841327,Liderazgo relativo doble
2026-10-01,2026-10-01,2026-10-01,1.0,XLY,HLT,0.01261594347718753,-0.05058639601194126,0.0009503149377609876,0.011654553043576321,0.06656986925787067,Liderazgo relativo doble
2026-10-01,2026-10-01,2026-10-01,1.0,XLY,ORLY,-0.022306570244642443,-0.05058639601194126,0.0009503149377609876,-0.023234804800325692,0.02978662371015961,Liderazgo interno en sector débil
2026-10-01,2026-10-01,2026-10-01,1.0,XLY,DASH,-0.19477104566609327,-0.05058639601194126,0.0009503149377609876,-0.19553554025908293,-0.15186705672690726,Debilidad relativa doble
2026-10-01,2026-10-01,2026-10-01,1.0,XLY,GM,-0.06357950780479527,-0.05058639601194126,0.0009503149377609876,-0.06446855730952916,-0.013685407222179924,Debilidad relativa doble
2026-10-01,2026-10-01,2026-10-01,1.0,XLY,ABNB,-0.1243588015347381,-0.05058639601194126,0.0009503149377609876,-0.12519014640630866,-0.07770312665935286,Debilidad relativa doble
2026-10-01,2026-10-01,2026-10-01,1.0,XLY,RCL,0.02256925983221003,-0.05058639601194126,0.0009503149377609876,0.021598419593677143,0.07705351549299211,Liderazgo relativo doble
2026-10-01,2026-10-01,2026-10-01,1.0,XLY,GRMN,0.027219918522922493,-0.05058639601194126,0.0009503149377609876,0.02624466288998062,0.08195196930824933,Liderazgo relativo doble
2026-10-01,2026-10-01,2026-10-01,1.0,XLY,F,-0.13224892787517795,-0.05058639601194126,0.0009503149377609876,-0.13307278176062243,-0.08601365255375448,Debilidad relativa doble
2026-10-01,2026-10-01,2026-10-01,1.0,XLY,AZO,-0.03935566616199915,-0.05058639601194126,0.0009503149377609876,-0.04026771408955132,0.011829122526543667,Liderazgo interno en sector débil
2026-10-01,2026-10-01,2026-10-01,1.0,XLY,CVNA,-0.1499460921988004,-0.05058639601194126,0.0009503149377609876,-0.15075314417174057,-0.10465375234723184,Debilidad relativa doble
