ACCESSION_NUMBER,CIK,REGISTRANT_NAME,REPORT_DATE,FILING_DATE,HOLDING_ID,ISSUER_NAME,ISSUER_CUSIP,IDENTIFIER_ISIN,IDENTIFIER_TICKER,BALANCE,CURRENCY_VALUE,PERCENTAGE,ASSET_CAT,ISSUER_TYPE
0001410368-26-055357,884394,State Street(R) SPDR(R) S&P 500(R) ETF Trust,2026-03-31,2026-05-28,170623570,Aflac Inc,001055102,US0010551028,,5426878.0,595382785.38,0.091374079743,EC,CORP
0001410368-26-055357,884394,State Street(R) SPDR(R) S&P 500(R) ETF Trust,2026-03-31,2026-05-28,170623573,AES Corp/The,00130H105,US00130H1059,,8396293.0,118303768.37,0.018156215178,EC,CORP
0001410368-26-055357,884394,State Street(R) SPDR(R) S&P 500(R) ETF Trust,2026-03-31,2026-05-28,170623575,AT&T Inc,00206R102,US00206R1023,,81517048.0,2363179221.52,0.362679828737,EC,CORP
0001410368-26-055357,884394,State Street(R) SPDR(R) S&P 500(R) ETF Trust,2026-03-31,2026-05-28,170623578,Abbott Laboratories,002824100,US0028241000,,20247440.0,2078804664.8,0.319036538973,EC,CORP
0001410368-26-055357,884394,State Street(R) SPDR(R) S&P 500(R) ETF Trust,2026-03-31,2026-05-28,170623581,AbbVie Inc,00287Y109,US00287Y1091,,20585575.0,4477156706.75,0.687114380851,EC,CORP
0001410368-26-055357,884394,State Street(R) SPDR(R) S&P 500(R) ETF Trust,2026-03-31,2026-05-28,170623582,Adobe Inc,00724F101,US00724F1012,,4777510.0,1161317130.8,0.17822867359,EC,CORP
0001410368-26-055357,884394,State Street(R) SPDR(R) S&P 500(R) ETF Trust,2026-03-31,2026-05-28,170623585,Advanced Micro Devices Inc,007903107,US0079031078,,19005973.0,3866385087.39,0.593378559086,EC,CORP
0001410368-26-055357,884394,State Street(R) SPDR(R) S&P 500(R) ETF Trust,2026-03-31,2026-05-28,170623588,Agilent Technologies Inc,00846U101,US00846U1016,,3318879.0,378285828.42,0.058055960468,EC,CORP
0001410368-26-055357,884394,State Street(R) SPDR(R) S&P 500(R) ETF Trust,2026-03-31,2026-05-28,170623590,Airbnb Inc,009066101,US0090661010,,4925004.0,621929505.12,0.095448235305,EC,CORP
0001410368-26-055357,884394,State Street(R) SPDR(R) S&P 500(R) ETF Trust,2026-03-31,2026-05-28,170623593,Air Products and Chemicals Inc,009158106,US0091581068,,2601632.0,755748079.68,0.115985525605,EC,CORP
0001410368-26-055357,884394,State Street(R) SPDR(R) S&P 500(R) ETF Trust,2026-03-31,2026-05-28,170623596,Akamai Technologies Inc,00971T101,US00971T1016,,1669231.0,191711180.35,0.029422134988,EC,CORP
0001410368-26-055357,884394,State Street(R) SPDR(R) S&P 500(R) ETF Trust,2026-03-31,2026-05-28,170623597,Albemarle Corp,012653101,US0126531013,,1367253.0,245462931.09,0.037671477896,EC,CORP
0001410368-26-055357,884394,State Street(R) SPDR(R) S&P 500(R) ETF Trust,2026-03-31,2026-05-28,170623600,Alexandria Real Estate Equities Inc,015271109,US0152711091,,1814120.0,84211450.4,0.012924027991,EC,OTHER
0001410368-26-055357,884394,State Street(R) SPDR(R) S&P 500(R) ETF Trust,2026-03-31,2026-05-28,170623603,Align Technology Inc,016255101,US0162551016,,779153.0,133570198.79,0.020499171785,EC,CORP
0001410368-26-055357,884394,State Street(R) SPDR(R) S&P 500(R) ETF Trust,2026-03-31,2026-05-28,170623606,Alliant Energy Corp,018802108,US0188021085,,2981179.0,213929405.04,0.032831991444,EC,CORP
0001410368-26-055357,884394,State Street(R) SPDR(R) S&P 500(R) ETF Trust,2026-03-31,2026-05-28,170623608,Allstate Corp/The,020002101,US0200021014,,3022789.0,626745071.26,0.09618728577,EC,CORP
0001410368-26-055357,884394,State Street(R) SPDR(R) S&P 500(R) ETF Trust,2026-03-31,2026-05-28,170623610,Alphabet Inc,02079K107,US02079K1079,,54488078.0,15630450055.08,2.398823118215,EC,CORP
0001410368-26-055357,884394,State Street(R) SPDR(R) S&P 500(R) ETF Trust,2026-03-31,2026-05-28,170623612,Alphabet Inc,02079K305,US02079K3059,,67828004.0,19504620830.24,2.993396555743,EC,CORP
0001410368-26-055357,884394,State Street(R) SPDR(R) S&P 500(R) ETF Trust,2026-03-31,2026-05-28,170623615,Altria Group Inc,02209S103,US02209S1033,,19590517.0,1292778216.83,0.198404157418,EC,CORP
0001410368-26-055357,884394,State Street(R) SPDR(R) S&P 500(R) ETF Trust,2026-03-31,2026-05-28,170623618,Amazon.com Inc,023135106,US0231351067,,113816227.0,23704505597.29,3.63795769362,EC,CORP
0001410368-26-055357,884394,State Street(R) SPDR(R) S&P 500(R) ETF Trust,2026-03-31,2026-05-28,170623619,Ameren Corp,023608102,US0236081024,,3220423.0,353988896.16,0.054327082374,EC,CORP
0001410368-26-055357,884394,State Street(R) SPDR(R) S&P 500(R) ETF Trust,2026-03-31,2026-05-28,170623622,American Electric Power Co Inc,025537101,US0255371017,,6301711.0,826028277.88,0.126771508324,EC,CORP
0001410368-26-055357,884394,State Street(R) SPDR(R) S&P 500(R) ETF Trust,2026-03-31,2026-05-28,170623625,American Express Co,025816109,US0258161092,,6235361.0,1886071995.28,0.289457634869,EC,CORP
0001410368-26-055357,884394,State Street(R) SPDR(R) S&P 500(R) ETF Trust,2026-03-31,2026-05-28,170623627,American International Group Inc,026874784,US0268747849,,6233795.0,469093073.75,0.071992252682,EC,CORP
0001410368-26-055357,884394,State Street(R) SPDR(R) S&P 500(R) ETF Trust,2026-03-31,2026-05-28,170623629,American Tower Corp,03027X100,US03027X1000,,5457401.0,941838264.58,0.144544999966,EC,OTHER
0001410368-26-055357,884394,State Street(R) SPDR(R) S&P 500(R) ETF Trust,2026-03-31,2026-05-28,170623631,American Water Works Co Inc,030420103,US0304201033,,2280466.0,310348617.94,0.047629558764,EC,CORP
0001410368-26-055357,884394,State Street(R) SPDR(R) S&P 500(R) ETF Trust,2026-03-31,2026-05-28,170623634,Cencora Inc,03073E105,US03073E1055,,2266102.0,711873282.28,0.109252010067,EC,CORP
0001410368-26-055357,884394,State Street(R) SPDR(R) S&P 500(R) ETF Trust,2026-03-31,2026-05-28,170623636,Ameriprise Financial Inc,03076C106,US03076C1062,,1060725.0,471386190.0,0.072344179866,EC,CORP
0001410368-26-055357,884394,State Street(R) SPDR(R) S&P 500(R) ETF Trust,2026-03-31,2026-05-28,170623638,AMETEK Inc,031100100,US0311001004,,2690760.0,576791313.6,0.08852082522,EC,CORP
0001410368-26-055357,884394,State Street(R) SPDR(R) S&P 500(R) ETF Trust,2026-03-31,2026-05-28,170623641,Amgen Inc,031162100,US0311621009,,6270087.0,2206130110.95,0.3385773214,EC,CORP
0001410368-26-055357,884394,State Street(R) SPDR(R) S&P 500(R) ETF Trust,2026-03-31,2026-05-28,170623643,Amphenol Corp,032095101,US0320951017,,14321610.0,1809535423.5,0.277711479312,EC,CORP
0001410368-26-055357,884394,State Street(R) SPDR(R) S&P 500(R) ETF Trust,2026-03-31,2026-05-28,170623645,Analog Devices Inc,032654105,US0326541051,,5688810.0,1809838013.4,0.277757918132,EC,CORP
0001410368-26-055357,884394,State Street(R) SPDR(R) S&P 500(R) ETF Trust,2026-03-31,2026-05-28,170623648,Elevance Health Inc,036752103,US0367521038,,2566876.0,751452949.0,0.115326346967,EC,CORP
0001410368-26-055357,884394,State Street(R) SPDR(R) S&P 500(R) ETF Trust,2026-03-31,2026-05-28,170623649,APA Corp,03743Q108,US03743Q1085,,4144991.0,175913418.04,0.026997634265,EC,CORP
0001410368-26-055357,884394,State Street(R) SPDR(R) S&P 500(R) ETF Trust,2026-03-31,2026-05-28,170623652,Apollo Global Management Inc,03769M106,US03769M1062,,5426836.0,604658067.12,0.092797567882,EC,CORP
0001410368-26-055357,884394,State Street(R) SPDR(R) S&P 500(R) ETF Trust,2026-03-31,2026-05-28,170623654,Apple Inc,037833100,US0378331005,,171045103.0,43409536690.37,6.662111442531,EC,CORP
0001410368-26-055357,884394,State Street(R) SPDR(R) S&P 500(R) ETF Trust,2026-03-31,2026-05-28,170623657,Applied Materials Inc,038222105,US0382221051,,9244144.0,3159555977.76,0.484900683987,EC,CORP
0001410368-26-055357,884394,State Street(R) SPDR(R) S&P 500(R) ETF Trust,2026-03-31,2026-05-28,170623659,AppLovin Corp,03831W108,US03831W1080,,3160266.0,1257785868.0,0.193033841462,EC,CORP
0001410368-26-055357,884394,State Street(R) SPDR(R) S&P 500(R) ETF Trust,2026-03-31,2026-05-28,170623661,Archer-Daniels-Midland Co,039483102,US0394831020,,5596150.0,406784143.5,0.062429629608,EC,CORP
0001410368-26-055357,884394,State Street(R) SPDR(R) S&P 500(R) ETF Trust,2026-03-31,2026-05-28,170623664,Ares Management Corp,03990B101,US03990B1017,,2400700.0,261916370.0,0.040196606059,EC,CORP
0001410368-26-055357,884394,State Street(R) SPDR(R) S&P 500(R) ETF Trust,2026-03-31,2026-05-28,170623667,Arista Networks Inc,040413205,US0404132054,,12021478.0,1475997068.84,0.226522965024,EC,CORP
0001410368-26-055357,884394,State Street(R) SPDR(R) S&P 500(R) ETF Trust,2026-03-31,2026-05-28,170623668,Assurant Inc,04621X108,US04621X1081,,590221.0,128556036.01,0.019729642465,EC,CORP
0001410368-26-055357,884394,State Street(R) SPDR(R) S&P 500(R) ETF Trust,2026-03-31,2026-05-28,170623671,Atmos Energy Corp,049560105,US0495601058,,1927490.0,356045952.8,0.054642781219,EC,CORP
0001410368-26-055357,884394,State Street(R) SPDR(R) S&P 500(R) ETF Trust,2026-03-31,2026-05-28,170623673,Autodesk Inc,052769106,US0527691069,,2464704.0,590050137.6,0.090555672165,EC,CORP
0001410368-26-055357,884394,State Street(R) SPDR(R) S&P 500(R) ETF Trust,2026-03-31,2026-05-28,170623675,Automatic Data Processing Inc,053015103,US0530151036,,4684979.0,951894033.22,0.146088270326,EC,CORP
0001410368-26-055357,884394,State Street(R) SPDR(R) S&P 500(R) ETF Trust,2026-03-31,2026-05-28,170623678,AutoZone Inc,053332102,US0533321024,,192731.0,651002917.18,0.099910165238,EC,CORP
0001410368-26-055357,884394,State Street(R) SPDR(R) S&P 500(R) ETF Trust,2026-03-31,2026-05-28,170623680,AvalonBay Communities Inc,053484101,US0534841012,,1653083.0,270031108.05,0.041441984225,EC,OTHER
0001410368-26-055357,884394,State Street(R) SPDR(R) S&P 500(R) ETF Trust,2026-03-31,2026-05-28,170623683,Avery Dennison Corp,053611109,US0536111091,,903432.0,156004637.76,0.023942210895,EC,CORP
0001410368-26-055357,884394,State Street(R) SPDR(R) S&P 500(R) ETF Trust,2026-03-31,2026-05-28,170623684,Axon Enterprise Inc,05464C101,US05464C1018,,917708.0,389741410.52,0.059814061807,EC,CORP
0001410368-26-055357,884394,State Street(R) SPDR(R) S&P 500(R) ETF Trust,2026-03-31,2026-05-28,170623687,Baker Hughes Co,05722G100,US05722G1004,,11521668.0,703397831.4,0.107951272888,EC,CORP
0001410368-26-055357,884394,State Street(R) SPDR(R) S&P 500(R) ETF Trust,2026-03-31,2026-05-28,170623690,Ball Corp,058498106,US0584981064,,3132299.0,185150193.89,0.028415212862,EC,CORP
0001410368-26-055357,884394,State Street(R) SPDR(R) S&P 500(R) ETF Trust,2026-03-31,2026-05-28,170623691,Bank of America Corp,060505104,US0605051046,,77282237.0,3767509053.75,0.578203940665,EC,CORP
0001410368-26-055357,884394,State Street(R) SPDR(R) S&P 500(R) ETF Trust,2026-03-31,2026-05-28,170623693,Bank of New York Mellon Corp/The,064058100,US0640581007,,8007204.0,949894610.52,0.145781416629,EC,CORP
0001410368-26-055357,884394,State Street(R) SPDR(R) S&P 500(R) ETF Trust,2026-03-31,2026-05-28,170623695,Baxter International Inc,071813109,US0718131099,,6026644.0,101247619.2,0.01553858838,EC,CORP
0001410368-26-055357,884394,State Street(R) SPDR(R) S&P 500(R) ETF Trust,2026-03-31,2026-05-28,170623697,Becton Dickinson & Co,075887109,US0758871091,,3309282.0,520318408.86,0.079853863683,EC,CORP
0001410368-26-055357,884394,State Street(R) SPDR(R) S&P 500(R) ETF Trust,2026-03-31,2026-05-28,170623699,W R Berkley Corp,084423102,US0844231029,,3451713.0,228779537.64,0.035111058346,EC,CORP
0001410368-26-055357,884394,State Street(R) SPDR(R) S&P 500(R) ETF Trust,2026-03-31,2026-05-28,170623701,Berkshire Hathaway Inc,084670702,US0846707026,,21362239.0,10236784928.8,1.571051137802,EC,CORP
0001410368-26-055357,884394,State Street(R) SPDR(R) S&P 500(R) ETF Trust,2026-03-31,2026-05-28,170623702,Best Buy Co Inc,086516101,US0865161014,,2283500.0,146600700.0,0.022498977768,EC,CORP
0001410368-26-055357,884394,State Street(R) SPDR(R) S&P 500(R) ETF Trust,2026-03-31,2026-05-28,170623705,Biogen Inc,09062X103,US09062X1037,,1716790.0,314739110.7,0.04830337273,EC,CORP
0001410368-26-055357,884394,State Street(R) SPDR(R) S&P 500(R) ETF Trust,2026-03-31,2026-05-28,170623708,Bio-Techne Corp,09073M104,US09073M1045,,1821062.0,95168700.12,0.014605649688,EC,CORP
0001410368-26-055357,884394,State Street(R) SPDR(R) S&P 500(R) ETF Trust,2026-03-31,2026-05-28,170623709,Blackstone Inc,09260D107,US09260D1072,,8722889.0,1003045006.11,0.153938468872,EC,CORP
0001410368-26-055357,884394,State Street(R) SPDR(R) S&P 500(R) ETF Trust,2026-03-31,2026-05-28,170623711,Blackrock Inc,09290D101,US09290D1019,,1679808.0,1615488151.68,0.247930821684,EC,CORP
0001410368-26-055357,884394,State Street(R) SPDR(R) S&P 500(R) ETF Trust,2026-03-31,2026-05-28,170623713,Boeing Co/The,097023105,US0970231058,,9156666.0,1822451233.98,0.279693683578,EC,CORP
0001410368-26-055357,884394,State Street(R) SPDR(R) S&P 500(R) ETF Trust,2026-03-31,2026-05-28,170623715,Booking Holdings Inc,09857L108,US09857L1089,,375930.0,1582785597.6,0.242911923157,EC,CORP
0001410368-26-055357,884394,State Street(R) SPDR(R) S&P 500(R) ETF Trust,2026-03-31,2026-05-28,170623718,BXP Inc,101121101,US1011211018,,1715808.0,89050435.2,0.013666672545,EC,OTHER
0001410368-26-055357,884394,State Street(R) SPDR(R) S&P 500(R) ETF Trust,2026-03-31,2026-05-28,170623719,Boston Scientific Corp,101137107,US1011371077,,17288235.0,1084836746.25,0.166491141152,EC,CORP
0001410368-26-055357,884394,State Street(R) SPDR(R) S&P 500(R) ETF Trust,2026-03-31,2026-05-28,170623721,Bristol-Myers Squibb Co,110122108,US1101221083,,23744103.0,1440079846.95,0.221010707738,EC,CORP
0001410368-26-055357,884394,State Street(R) SPDR(R) S&P 500(R) ETF Trust,2026-03-31,2026-05-28,170623723,Broadridge Financial Solutions Inc,11133T103,US11133T1034,,1367631.0,222212684.88,0.034103235912,EC,CORP
0001410368-26-055357,884394,State Street(R) SPDR(R) S&P 500(R) ETF Trust,2026-03-31,2026-05-28,170623726,Broadcom Inc,11135F101,US11135F1012,,55240718.0,17097554628.18,2.623981341707,EC,CORP
0001410368-26-055357,884394,State Street(R) SPDR(R) S&P 500(R) ETF Trust,2026-03-31,2026-05-28,170623728,Brown & Brown Inc,115236101,US1152361010,,3420739.0,223066390.19,0.034234255046,EC,CORP
0001410368-26-055357,884394,State Street(R) SPDR(R) S&P 500(R) ETF Trust,2026-03-31,2026-05-28,170623729,Brown-Forman Corp,115637209,US1156372096,,2010475.0,53156959.0,0.008158059537,EC,CORP
0001410368-26-055357,884394,State Street(R) SPDR(R) S&P 500(R) ETF Trust,2026-03-31,2026-05-28,170623732,Builders FirstSource Inc,12008R107,US12008R1077,,1304050.0,107362436.5,0.016477036412,EC,CORP
0001410368-26-055357,884394,State Street(R) SPDR(R) S&P 500(R) ETF Trust,2026-03-31,2026-05-28,170623733,Cboe Global Markets Inc,12503M108,US12503M1080,,1217413.0,342178271.91,0.052514492309,EC,CORP
0001410368-26-055357,884394,State Street(R) SPDR(R) S&P 500(R) ETF Trust,2026-03-31,2026-05-28,170623736,CBRE Group Inc,12504L109,US12504L1098,,3375579.0,457255931.34,0.070175592844,EC,CORP
0001410368-26-055357,884394,State Street(R) SPDR(R) S&P 500(R) ETF Trust,2026-03-31,2026-05-28,170623738,CDW Corp/DE,12514G108,US12514G1085,,1530018.0,185162778.36,0.028417144215,EC,CORP
0001410368-26-055357,884394,State Street(R) SPDR(R) S&P 500(R) ETF Trust,2026-03-31,2026-05-28,170623739,CF Industries Holdings Inc,125269100,US1252691001,,1823033.0,236702604.72,0.036327020549,EC,CORP
0001410368-26-055357,884394,State Street(R) SPDR(R) S&P 500(R) ETF Trust,2026-03-31,2026-05-28,170623741,CH Robinson Worldwide Inc,12541W209,US12541W2098,,1385384.0,230070720.88,0.03530921772,EC,CORP
0001410368-26-055357,884394,State Street(R) SPDR(R) S&P 500(R) ETF Trust,2026-03-31,2026-05-28,170623743,Cigna Group/The,125523100,US1255231003,,3064642.0,817493253.5,0.125461628332,EC,CORP
0001410368-26-055357,884394,State Street(R) SPDR(R) S&P 500(R) ETF Trust,2026-03-31,2026-05-28,170623746,CME Group Inc,12572Q105,US12572Q1058,,4197180.0,1239637113.0,0.190248531192,EC,CORP
0001410368-26-055357,884394,State Street(R) SPDR(R) S&P 500(R) ETF Trust,2026-03-31,2026-05-28,170623747,CMS Energy Corp,125896100,US1258961002,,3570088.0,276967427.04,0.042506509066,EC,CORP
0001410368-26-055357,884394,State Street(R) SPDR(R) S&P 500(R) ETF Trust,2026-03-31,2026-05-28,170623749,CSX Corp,126408103,US1264081035,,21711893.0,891273207.65,0.136784722616,EC,CORP
0001410368-26-055357,884394,State Street(R) SPDR(R) S&P 500(R) ETF Trust,2026-03-31,2026-05-28,170623750,CVS Health Corp,126650100,US1266501006,,14815931.0,1064080164.42,0.163305604704,EC,CORP
0001410368-26-055357,884394,State Street(R) SPDR(R) S&P 500(R) ETF Trust,2026-03-31,2026-05-28,170623753,Coterra Energy Inc,127097103,US1270971039,,8869132.0,311661298.48,0.047831017354,EC,CORP
0001410368-26-055357,884394,State Street(R) SPDR(R) S&P 500(R) ETF Trust,2026-03-31,2026-05-28,170623756,Cadence Design Systems Inc,127387108,US1273871087,,3175498.0,882375629.26,0.135419201044,EC,CORP
0001410368-26-055357,884394,State Street(R) SPDR(R) S&P 500(R) ETF Trust,2026-03-31,2026-05-28,170623757,Camden Property Trust,133131102,US1331311027,,1204731.0,117654029.46,0.018056499001,EC,OTHER
0001410368-26-055357,884394,State Street(R) SPDR(R) S&P 500(R) ETF Trust,2026-03-31,2026-05-28,170623759,Campbell's Company/The,134429109,US1344291091,,2313955.0,51531777.85,0.007908641119,EC,CORP
0001410368-26-055357,884394,State Street(R) SPDR(R) S&P 500(R) ETF Trust,2026-03-31,2026-05-28,170623760,Capital One Financial Corp,14040H105,US14040H1059,,7275795.0,1327323281.85,0.203705828215,EC,CORP
0001410368-26-055357,884394,State Street(R) SPDR(R) S&P 500(R) ETF Trust,2026-03-31,2026-05-28,170623763,Cardinal Health Inc,14149Y108,US14149Y1082,,2735507.0,578039984.17,0.088712460127,EC,CORP
0001410368-26-055357,884394,State Street(R) SPDR(R) S&P 500(R) ETF Trust,2026-03-31,2026-05-28,170623764,Carnival Corp,143658300,PA1436583006,,13400272.0,346799039.36,0.053223646795,EC,CORP
0001410368-26-055357,884394,State Street(R) SPDR(R) S&P 500(R) ETF Trust,2026-03-31,2026-05-28,170623767,Carrier Global Corp,14448C104,US14448C1045,,9132078.0,514227312.18,0.078919056081,EC,CORP
0001410368-26-055357,884394,State Street(R) SPDR(R) S&P 500(R) ETF Trust,2026-03-31,2026-05-28,170623769,Carvana Co,146869102,US1468691027,,1653101.0,519701892.38,0.079759246191,EC,CORP
0001410368-26-055357,884394,State Street(R) SPDR(R) S&P 500(R) ETF Trust,2026-03-31,2026-05-28,170623770,Caterpillar Inc,149123101,US1491231015,,5419258.0,3839327522.68,0.58922600356,EC,CORP
0001410368-26-055357,884394,State Street(R) SPDR(R) S&P 500(R) ETF Trust,2026-03-31,2026-05-28,170623773,Centene Corp,15135B101,US15135B1017,,5438669.0,178062023.06,0.027327383145,EC,CORP
0001410368-26-055357,884394,State Street(R) SPDR(R) S&P 500(R) ETF Trust,2026-03-31,2026-05-28,170623775,CenterPoint Energy Inc,15189T107,US15189T1079,,7592723.0,327701924.68,0.050292790676,EC,CORP
0001410368-26-055357,884394,State Street(R) SPDR(R) S&P 500(R) ETF Trust,2026-03-31,2026-05-28,170623777,Charles River Laboratories International Inc,159864107,US1598641074,,579283.0,99926317.5,0.01533580669,EC,CORP
0001410368-26-055357,884394,State Street(R) SPDR(R) S&P 500(R) ETF Trust,2026-03-31,2026-05-28,170623780,Charter Communications Inc,16119P108,US16119P1084,,997106.0,215255243.28,0.033035469361,EC,CORP
0001410368-26-055357,884394,State Street(R) SPDR(R) S&P 500(R) ETF Trust,2026-03-31,2026-05-28,170623783,Expand Energy Corp,165167735,US1651677353,,2779705.0,305156014.9,0.046832644013,EC,CORP
0001410368-26-055357,884394,State Street(R) SPDR(R) S&P 500(R) ETF Trust,2026-03-31,2026-05-28,170623785,Chevron Corp,166764100,US1667641005,,21833565.0,4517364598.5,0.693285132168,EC,CORP
0001410368-26-055357,884394,State Street(R) SPDR(R) S&P 500(R) ETF Trust,2026-03-31,2026-05-28,170623787,Chipotle Mexican Grill Inc,169656105,US1696561059,,15135030.0,484472310.3,0.074352521775,EC,CORP
0001410368-26-055357,884394,State Street(R) SPDR(R) S&P 500(R) ETF Trust,2026-03-31,2026-05-28,170623790,Church & Dwight Co Inc,171340102,US1713401024,,2744033.0,256073159.56,0.039299841843,EC,CORP
0001410368-26-055357,884394,State Street(R) SPDR(R) S&P 500(R) ETF Trust,2026-03-31,2026-05-28,170623791,Ciena Corp,171779309,US1717793095,,1637980.0,635912975.4,0.097594294546,EC,CORP
0001410368-26-055357,884394,State Street(R) SPDR(R) S&P 500(R) ETF Trust,2026-03-31,2026-05-28,170623794,Cincinnati Financial Corp,172062101,US1720621010,,1823580.0,286940313.0,0.044037059326,EC,CORP
0001410368-26-055357,884394,State Street(R) SPDR(R) S&P 500(R) ETF Trust,2026-03-31,2026-05-28,170623796,Cisco Systems Inc,17275R102,US17275R1023,,46050839.0,3573084598.01,0.548365396187,EC,CORP
0001410368-26-055357,884394,State Street(R) SPDR(R) S&P 500(R) ETF Trust,2026-03-31,2026-05-28,170623798,Cintas Corp,172908105,US1729081059,,3953124.0,668631393.36,0.10261562772,EC,CORP
0001410368-26-055357,884394,State Street(R) SPDR(R) S&P 500(R) ETF Trust,2026-03-31,2026-05-28,170623800,Citigroup Inc,172967424,US1729674242,,20348193.0,2307688568.13,0.354163614442,EC,CORP
0001410368-26-055357,884394,State Street(R) SPDR(R) S&P 500(R) ETF Trust,2026-03-31,2026-05-28,170623802,Citizens Financial Group Inc,174610105,US1746101054,,4928605.0,295568441.85,0.045361228168,EC,CORP
0001410368-26-055357,884394,State Street(R) SPDR(R) S&P 500(R) ETF Trust,2026-03-31,2026-05-28,170623804,Clorox Co/The,189054109,US1890541097,,1412175.0,146343695.25,0.022459534954,EC,CORP
0001410368-26-055357,884394,State Street(R) SPDR(R) S&P 500(R) ETF Trust,2026-03-31,2026-05-28,170623806,Coca-Cola Co/The,191216100,US1912161007,,45089090.0,3429025294.5,0.526256449456,EC,CORP
0001410368-26-055357,884394,State Street(R) SPDR(R) S&P 500(R) ETF Trust,2026-03-31,2026-05-28,170623808,Cognizant Technology Solutions Corp,192446102,US1924461023,,5550885.0,340546794.75,0.052264107636,EC,CORP
0001410368-26-055357,884394,State Street(R) SPDR(R) S&P 500(R) ETF Trust,2026-03-31,2026-05-28,170623810,Coherent Corp,19247G107,US19247G1076,,2184351.0,520334251.71,0.079856295103,EC,CORP
0001410368-26-055357,884394,State Street(R) SPDR(R) S&P 500(R) ETF Trust,2026-03-31,2026-05-28,170623812,Coinbase Global Inc,19260Q107,US19260Q1076,,2592302.0,452641852.22,0.069467464823,EC,CORP
0001410368-26-055357,884394,State Street(R) SPDR(R) S&P 500(R) ETF Trust,2026-03-31,2026-05-28,170623814,Colgate-Palmolive Co,194162103,US1941621039,,9421038.0,802955068.74,0.123230436423,EC,CORP
0001410368-26-055357,884394,State Street(R) SPDR(R) S&P 500(R) ETF Trust,2026-03-31,2026-05-28,170623816,Comfort Systems USA Inc,199908104,US1999081045,,410904.0,566632506.96,0.0869617415,EC,CORP
0001410368-26-055357,884394,State Street(R) SPDR(R) S&P 500(R) ETF Trust,2026-03-31,2026-05-28,170623818,Comcast Corp,20030N101,US20030N1019,,41763590.0,1199032668.9,0.184016920531,EC,CORP
0001410368-26-055357,884394,State Street(R) SPDR(R) S&P 500(R) ETF Trust,2026-03-31,2026-05-28,170623820,Conagra Brands Inc,205887102,US2058871029,,5623163.0,88396122.36,0.013566254402,EC,CORP
0001410368-26-055357,884394,State Street(R) SPDR(R) S&P 500(R) ETF Trust,2026-03-31,2026-05-28,170623822,ConocoPhillips,20825C104,US20825C1045,,14264174.0,1882870968.0,0.288966369537,EC,CORP
0001410368-26-055357,884394,State Street(R) SPDR(R) S&P 500(R) ETF Trust,2026-03-31,2026-05-28,170623824,Consolidated Edison Inc,209115104,US2091151041,,4213844.0,476922863.92,0.07319389957,EC,CORP
0001410368-26-055357,884394,State Street(R) SPDR(R) S&P 500(R) ETF Trust,2026-03-31,2026-05-28,170623826,Constellation Brands Inc,21036P108,US21036P1084,,1647770.0,247165500.0,0.037932773102,EC,CORP
0001410368-26-055357,884394,State Street(R) SPDR(R) S&P 500(R) ETF Trust,2026-03-31,2026-05-28,170623827,Constellation Energy Corp,21037T109,US21037T1097,,3626574.0,1012720789.5,0.155423422459,EC,CORP
0001410368-26-055357,884394,State Street(R) SPDR(R) S&P 500(R) ETF Trust,2026-03-31,2026-05-28,170623830,Cooper Cos Inc/The,216648501,US2166485019,,2264919.0,161941708.5,0.024853379959,EC,CORP
0001410368-26-055357,884394,State Street(R) SPDR(R) S&P 500(R) ETF Trust,2026-03-31,2026-05-28,170623831,Copart Inc,217204106,US2172041061,,10370410.0,344297612.0,0.052839749866,EC,CORP
0001410368-26-055357,884394,State Street(R) SPDR(R) S&P 500(R) ETF Trust,2026-03-31,2026-05-28,170623834,Corning Inc,219350105,US2193501051,,9112137.0,1238977267.89,0.190147264006,EC,CORP
0001410368-26-055357,884394,State Street(R) SPDR(R) S&P 500(R) ETF Trust,2026-03-31,2026-05-28,170623835,Corpay Inc,219948106,US2199481068,,817570.0,237904694.3,0.036511506617,EC,CORP
0001410368-26-055357,884394,State Street(R) SPDR(R) S&P 500(R) ETF Trust,2026-03-31,2026-05-28,170623837,Corteva Inc,22052L104,US22052L1044,,7818839.0,654515012.69,0.100449170569,EC,CORP
0001410368-26-055357,884394,State Street(R) SPDR(R) S&P 500(R) ETF Trust,2026-03-31,2026-05-28,170623839,Costco Wholesale Corp,22160K105,US22160K1051,,5174489.0,5156016074.27,0.79129970751,EC,CORP
0001410368-26-055357,884394,State Street(R) SPDR(R) S&P 500(R) ETF Trust,2026-03-31,2026-05-28,170623841,CoStar Group Inc,22160N109,US22160N1090,,4961279.0,200137994.86,0.030715407887,EC,CORP
0001410368-26-055357,884394,State Street(R) SPDR(R) S&P 500(R) ETF Trust,2026-03-31,2026-05-28,170623844,Crowdstrike Holdings Inc,22788C105,US22788C1053,,2940328.0,1147933454.48,0.176174665417,EC,CORP
0001410368-26-055357,884394,State Street(R) SPDR(R) S&P 500(R) ETF Trust,2026-03-31,2026-05-28,170623845,Crown Castle Inc,22822V101,US22822V1017,,5077316.0,412836563.96,0.063358501526,EC,OTHER
0001410368-26-055357,884394,State Street(R) SPDR(R) S&P 500(R) ETF Trust,2026-03-31,2026-05-28,170623847,Cummins Inc,231021106,US2310211063,,1608810.0,865571956.2,0.132840322044,EC,CORP
0001410368-26-055357,884394,State Street(R) SPDR(R) S&P 500(R) ETF Trust,2026-03-31,2026-05-28,170623850,DR Horton Inc,23331A109,US23331A1097,,3129704.0,429457982.88,0.065909409774,EC,CORP
0001410368-26-055357,884394,State Street(R) SPDR(R) S&P 500(R) ETF Trust,2026-03-31,2026-05-28,170623851,DTE Energy Co,233331107,US2333311072,,2415359.0,353173792.98,0.054201987553,EC,CORP
0001410368-26-055357,884394,State Street(R) SPDR(R) S&P 500(R) ETF Trust,2026-03-31,2026-05-28,170623854,Danaher Corp,235851102,US2358511028,,7333259.0,1390385906.4,0.213384121618,EC,CORP
0001410368-26-055357,884394,State Street(R) SPDR(R) S&P 500(R) ETF Trust,2026-03-31,2026-05-28,170623855,Darden Restaurants Inc,237194105,US2371941053,,1335140.0,261740845.6,0.040169668128,EC,CORP
0001410368-26-055357,884394,State Street(R) SPDR(R) S&P 500(R) ETF Trust,2026-03-31,2026-05-28,170623857,Datadog Inc,23804L103,US23804L1035,,3834743.0,452691411.15,0.069475070689,EC,CORP
0001410368-26-055357,884394,State Street(R) SPDR(R) S&P 500(R) ETF Trust,2026-03-31,2026-05-28,170623860,DaVita Inc,23918K108,US23918K1088,,380297.0,58447845.93,0.008970058029,EC,CORP
0001410368-26-055357,884394,State Street(R) SPDR(R) S&P 500(R) ETF Trust,2026-03-31,2026-05-28,170623862,Deckers Outdoor Corp,243537107,US2435371073,,1641569.0,164304641.21,0.025216021955,EC,CORP
0001410368-26-055357,884394,State Street(R) SPDR(R) S&P 500(R) ETF Trust,2026-03-31,2026-05-28,170623864,Deere & Co,244199105,US2441991054,,2939587.0,1655869357.1,0.254128171649,EC,CORP
0001410368-26-055357,884394,State Street(R) SPDR(R) S&P 500(R) ETF Trust,2026-03-31,2026-05-28,170623866,Dell Technologies Inc,24703L202,US24703L2025,,3454256.0,566947037.28,0.087010012829,EC,CORP
0001410368-26-055357,884394,State Street(R) SPDR(R) S&P 500(R) ETF Trust,2026-03-31,2026-05-28,170623868,Delta Air Lines Inc,247361702,US2473617023,,7579001.0,503851986.48,0.077326742932,EC,CORP
0001410368-26-055357,884394,State Street(R) SPDR(R) S&P 500(R) ETF Trust,2026-03-31,2026-05-28,170623870,Devon Energy Corp,25179M103,US25179M1036,,7200096.0,362308830.72,0.055603952285,EC,CORP
0001410368-26-055357,884394,State Street(R) SPDR(R) S&P 500(R) ETF Trust,2026-03-31,2026-05-28,170623872,Dexcom Inc,252131107,US2521311074,,4464756.0,280386676.8,0.043031265253,EC,CORP
0001410368-26-055357,884394,State Street(R) SPDR(R) S&P 500(R) ETF Trust,2026-03-31,2026-05-28,170623874,Diamondback Energy Inc,25278X109,US25278X1090,,2261787.0,447358850.73,0.068656676518,EC,CORP
0001410368-26-055357,884394,State Street(R) SPDR(R) S&P 500(R) ETF Trust,2026-03-31,2026-05-28,170623875,Digital Realty Trust Inc,253868103,US2538681030,,3774028.0,680117585.88,0.104378426876,EC,OTHER
0001410368-26-055357,884394,State Street(R) SPDR(R) S&P 500(R) ETF Trust,2026-03-31,2026-05-28,170623877,Walt Disney Co/The,254687106,US2546871060,,20626842.0,1988015031.96,0.305102949769,EC,CORP
0001410368-26-055357,884394,State Street(R) SPDR(R) S&P 500(R) ETF Trust,2026-03-31,2026-05-28,170623879,Dollar General Corp,256677105,US2566771059,,2560211.0,303973852.03,0.04665121612,EC,CORP
0001410368-26-055357,884394,State Street(R) SPDR(R) S&P 500(R) ETF Trust,2026-03-31,2026-05-28,170623882,Dollar Tree Inc,256746108,US2567461080,,2142414.0,234615757.14,0.036006749654,EC,CORP
0001410368-26-055357,884394,State Street(R) SPDR(R) S&P 500(R) ETF Trust,2026-03-31,2026-05-28,170623883,Dominion Energy Inc,25746U109,US25746U1097,,9953910.0,615350716.2,0.094438581015,EC,CORP
0001410368-26-055357,884394,State Street(R) SPDR(R) S&P 500(R) ETF Trust,2026-03-31,2026-05-28,170623885,Domino's Pizza Inc,25754A201,US25754A2015,,363863.0,130550405.77,0.020035720683,EC,CORP
0001410368-26-055357,884394,State Street(R) SPDR(R) S&P 500(R) ETF Trust,2026-03-31,2026-05-28,170623887,DoorDash Inc,25809K105,US25809K1051,,4369051.0,656013007.65,0.100679069576,EC,CORP
0001410368-26-055357,884394,State Street(R) SPDR(R) S&P 500(R) ETF Trust,2026-03-31,2026-05-28,170623888,Dover Corp,260003108,US2600031080,,1565050.0,326234672.5,0.0500676098,EC,CORP
0001410368-26-055357,884394,State Street(R) SPDR(R) S&P 500(R) ETF Trust,2026-03-31,2026-05-28,170623890,Dow Inc,260557103,US2605571031,,8338467.0,347297150.55,0.053300092492,EC,CORP
0001410368-26-055357,884394,State Street(R) SPDR(R) S&P 500(R) ETF Trust,2026-03-31,2026-05-28,170623891,Duke Energy Corp,26441C204,US26441C2044,,9067669.0,1187320578.86,0.182219452623,EC,CORP
0001410368-26-055357,884394,State Street(R) SPDR(R) S&P 500(R) ETF Trust,2026-03-31,2026-05-28,170623893,DuPont de Nemours Inc,26614N102,US26614N1028,,4737638.0,216983820.4,0.033300756076,EC,CORP
0001410368-26-055357,884394,State Street(R) SPDR(R) S&P 500(R) ETF Trust,2026-03-31,2026-05-28,170623894,EOG Resources Inc,26875P101,US26875P1012,,6342161.0,916886215.77,0.140715580383,EC,CORP
0001410368-26-055357,884394,State Street(R) SPDR(R) S&P 500(R) ETF Trust,2026-03-31,2026-05-28,170623897,EQT Corp,26884L109,US26884L1098,,7288091.0,463814111.24,0.071182084244,EC,CORP
0001410368-26-055357,884394,State Street(R) SPDR(R) S&P 500(R) ETF Trust,2026-03-31,2026-05-28,170623898,eBay Inc,278642103,US2786421030,,5283202.0,480877046.04,0.073800752441,EC,CORP
0001410368-26-055357,884394,State Street(R) SPDR(R) S&P 500(R) ETF Trust,2026-03-31,2026-05-28,170623901,EchoStar Corp,278768106,US2787681061,,1568342.0,183605797.94,0.028178192642,EC,CORP
0001410368-26-055357,884394,State Street(R) SPDR(R) S&P 500(R) ETF Trust,2026-03-31,2026-05-28,170623903,Ecolab Inc,278865100,US2788651006,,2971798.0,790557703.96,0.121327798614,EC,CORP
0001410368-26-055357,884394,State Street(R) SPDR(R) S&P 500(R) ETF Trust,2026-03-31,2026-05-28,170623904,Edison International,281020107,US2810201077,,4504223.0,329619039.14,0.050587012434,EC,CORP
0001410368-26-055357,884394,State Street(R) SPDR(R) S&P 500(R) ETF Trust,2026-03-31,2026-05-28,170623907,Edwards Lifesciences Corp,28176E108,US28176E1082,,6782570.0,543148205.6,0.083357578804,EC,CORP
0001410368-26-055357,884394,State Street(R) SPDR(R) S&P 500(R) ETF Trust,2026-03-31,2026-05-28,170623908,Electronic Arts Inc,285512109,US2855121099,,2630652.0,536311023.24,0.082308268576,EC,CORP
0001410368-26-055357,884394,State Street(R) SPDR(R) S&P 500(R) ETF Trust,2026-03-31,2026-05-28,170623911,EMCOR Group Inc,29084Q100,US29084Q1004,,522702.0,385916113.62,0.0592269891,EC,CORP
0001410368-26-055357,884394,State Street(R) SPDR(R) S&P 500(R) ETF Trust,2026-03-31,2026-05-28,170623912,Emerson Electric Co,291011104,US2910111044,,6555069.0,858845140.38,0.131807949895,EC,CORP
0001410368-26-055357,884394,State Street(R) SPDR(R) S&P 500(R) ETF Trust,2026-03-31,2026-05-28,170623914,Entergy Corp,29364G103,US29364G1031,,5270218.0,592161694.48,0.090879735224,EC,CORP
0001410368-26-055357,884394,State Street(R) SPDR(R) S&P 500(R) ETF Trust,2026-03-31,2026-05-28,170623915,EPAM Systems Inc,29414B104,US29414B1044,,644652.0,87285880.8,0.013395864355,EC,CORP
0001410368-26-055357,884394,State Street(R) SPDR(R) S&P 500(R) ETF Trust,2026-03-31,2026-05-28,170623918,Equifax Inc,294429105,US2944291051,,1395588.0,251303531.16,0.038567841496,EC,CORP
0001410368-26-055357,884394,State Street(R) SPDR(R) S&P 500(R) ETF Trust,2026-03-31,2026-05-28,170623920,Equinix Inc,29444U700,US29444U7000,,1144221.0,1121611193.04,0.172134957728,EC,OTHER
0001410368-26-055357,884394,State Street(R) SPDR(R) S&P 500(R) ETF Trust,2026-03-31,2026-05-28,170623922,Equity Residential,29476L107,US29476L1070,,3983732.0,235637747.8,0.036163595734,EC,OTHER
0001410368-26-055357,884394,State Street(R) SPDR(R) S&P 500(R) ETF Trust,2026-03-31,2026-05-28,170623923,Erie Indemnity Co,29530P102,US29530P1021,,294545.0,74022103.95,0.011360257291,EC,CORP
0001410368-26-055357,884394,State Street(R) SPDR(R) S&P 500(R) ETF Trust,2026-03-31,2026-05-28,170623925,Essex Property Trust Inc,297178105,US2971781057,,746166.0,180572172.0,0.027712618585,EC,OTHER
0001410368-26-055357,884394,State Street(R) SPDR(R) S&P 500(R) ETF Trust,2026-03-31,2026-05-28,170623928,Evergy Inc,30034W106,US30034W1062,,2698386.0,221051781.12,0.033925070679,EC,CORP
0001410368-26-055357,884394,State Street(R) SPDR(R) S&P 500(R) ETF Trust,2026-03-31,2026-05-28,170623929,Eversource Energy,30040W108,US30040W1080,,4360444.0,302091560.32,0.04636233865,EC,CORP
0001410368-26-055357,884394,State Street(R) SPDR(R) S&P 500(R) ETF Trust,2026-03-31,2026-05-28,170623932,Exelon Corp,30161N101,US30161N1019,,11917796.0,584210359.92,0.089659434778,EC,CORP
0001410368-26-055357,884394,State Street(R) SPDR(R) S&P 500(R) ETF Trust,2026-03-31,2026-05-28,170623933,Expedia Group Inc,30212P303,US30212P3038,,1367720.0,315792870.8,0.048465094502,EC,CORP
0001410368-26-055357,884394,State Street(R) SPDR(R) S&P 500(R) ETF Trust,2026-03-31,2026-05-28,170623935,Expeditors International of Washington Inc,302130109,US3021301094,,1566514.0,224371800.22,0.034434597823,EC,CORP
0001410368-26-055357,884394,State Street(R) SPDR(R) S&P 500(R) ETF Trust,2026-03-31,2026-05-28,170623937,Extra Space Storage Inc,30225T102,US30225T1025,,2480378.0,325251967.14,0.049916792879,EC,OTHER
0001410368-26-055357,884394,State Street(R) SPDR(R) S&P 500(R) ETF Trust,2026-03-31,2026-05-28,170623939,Exxon Mobil Corp,30231G102,US30231G1022,,48681445.0,8259293958.7,1.267563327891,EC,CORP
0001410368-26-055357,884394,State Street(R) SPDR(R) S&P 500(R) ETF Trust,2026-03-31,2026-05-28,170623942,Meta Platforms Inc,30303M102,US30303M1027,,25482847.0,14579501254.11,2.237532798937,EC,CORP
0001410368-26-055357,884394,State Street(R) SPDR(R) S&P 500(R) ETF Trust,2026-03-31,2026-05-28,170623943,FactSet Research Systems Inc,303075105,US3030751057,,437710.0,94978692.9,0.014576489062,EC,CORP
0001410368-26-055357,884394,State Street(R) SPDR(R) S&P 500(R) ETF Trust,2026-03-31,2026-05-28,170623945,Fair Isaac Corp,303250104,US3032501047,,277037.0,295748078.98,0.045388797285,EC,CORP
0001410368-26-055357,884394,State Street(R) SPDR(R) S&P 500(R) ETF Trust,2026-03-31,2026-05-28,170623946,Fastenal Co,311900104,US3119001044,,13414016.0,622410342.4,0.095522029954,EC,CORP
0001410368-26-055357,884394,State Street(R) SPDR(R) S&P 500(R) ETF Trust,2026-03-31,2026-05-28,170623949,Federal Realty Investment Trust,313745101,US3137451015,,915666.0,97252885.86,0.014925512067,EC,OTHER
0001410368-26-055357,884394,State Street(R) SPDR(R) S&P 500(R) ETF Trust,2026-03-31,2026-05-28,170623951,FedEx Corp,31428X106,US31428X1063,,2516613.0,896367218.34,0.137566506286,EC,CORP
0001410368-26-055357,884394,State Street(R) SPDR(R) S&P 500(R) ETF Trust,2026-03-31,2026-05-28,170623953,F5 Inc,315616102,US3156161024,,654028.0,189229921.24,0.029041333303,EC,CORP
0001410368-26-055357,884394,State Street(R) SPDR(R) S&P 500(R) ETF Trust,2026-03-31,2026-05-28,170623955,Fidelity National Information Services Inc,31620M106,US31620M1062,,6052357.0,283916066.87,0.0435729248,EC,CORP
0001410368-26-055357,884394,State Street(R) SPDR(R) S&P 500(R) ETF Trust,2026-03-31,2026-05-28,170623956,Fifth Third Bancorp,316773100,US3167731005,,10497961.0,487735268.06,0.074853291649,EC,CORP
0001410368-26-055357,884394,State Street(R) SPDR(R) S&P 500(R) ETF Trust,2026-03-31,2026-05-28,170623959,First Solar Inc,336433107,US3364331070,,1246874.0,245958365.24,0.037747512744,EC,CORP
0001410368-26-055357,884394,State Street(R) SPDR(R) S&P 500(R) ETF Trust,2026-03-31,2026-05-28,170623960,Fiserv Inc,337738108,US3377381088,,6286531.0,350788429.8,0.053835903127,EC,CORP
0001410368-26-055357,884394,State Street(R) SPDR(R) S&P 500(R) ETF Trust,2026-03-31,2026-05-28,170623963,FirstEnergy Corp,337932107,US3379321074,,6044615.0,306220195.9,0.046995965093,EC,CORP
0001410368-26-055357,884394,State Street(R) SPDR(R) S&P 500(R) ETF Trust,2026-03-31,2026-05-28,170623964,Ford Motor Co,345370860,US3453708600,,45681471.0,527164175.34,0.080904491325,EC,CORP
0001410368-26-055357,884394,State Street(R) SPDR(R) S&P 500(R) ETF Trust,2026-03-31,2026-05-28,170623966,Fortinet Inc,34959E109,US34959E1091,,7388151.0,603759699.72,0.092659694406,EC,CORP
0001410368-26-055357,884394,State Street(R) SPDR(R) S&P 500(R) ETF Trust,2026-03-31,2026-05-28,170623969,Fortive Corp,34959J108,US34959J1088,,3627965.0,200553905.2,0.030779238124,EC,CORP
0001410368-26-055357,884394,State Street(R) SPDR(R) S&P 500(R) ETF Trust,2026-03-31,2026-05-28,170623971,Fox Corp,35137L105,US35137L1052,,2315735.0,135238924.0,0.020755272959,EC,CORP
0001410368-26-055357,884394,State Street(R) SPDR(R) S&P 500(R) ETF Trust,2026-03-31,2026-05-28,170623973,Fox Corp,35137L204,US35137L2043,,1624243.0,86247303.3,0.013236472674,EC,CORP
0001410368-26-055357,884394,State Street(R) SPDR(R) S&P 500(R) ETF Trust,2026-03-31,2026-05-28,170623974,Franklin Resources Inc,354613101,US3546131018,,3643758.0,86065563.96,0.013208580929,EC,CORP
0001410368-26-055357,884394,State Street(R) SPDR(R) S&P 500(R) ETF Trust,2026-03-31,2026-05-28,170623977,Freeport-McMoRan Inc,35671D857,US35671D8570,,16784611.0,986599434.58,0.151414548125,EC,CORP
0001410368-26-055357,884394,State Street(R) SPDR(R) S&P 500(R) ETF Trust,2026-03-31,2026-05-28,170623978,GE HealthCare Technologies Inc,36266G107,US36266G1076,,5333898.0,379666859.64,0.058267908915,EC,CORP
0001410368-26-055357,884394,State Street(R) SPDR(R) S&P 500(R) ETF Trust,2026-03-31,2026-05-28,170623981,Arthur J Gallagher & Co,363576109,US3635761097,,2997166.0,649126212.28,0.099622145182,EC,CORP
0001410368-26-055357,884394,State Street(R) SPDR(R) S&P 500(R) ETF Trust,2026-03-31,2026-05-28,170623983,Gartner Inc,366651107,US3666511072,,812647.0,128674525.98,0.019747827257,EC,CORP
0001410368-26-055357,884394,State Street(R) SPDR(R) S&P 500(R) ETF Trust,2026-03-31,2026-05-28,170623984,GE Vernova Inc,36828A101,US36828A1016,,3138862.0,2739912639.8,0.420497539039,EC,CORP
0001410368-26-055357,884394,State Street(R) SPDR(R) S&P 500(R) ETF Trust,2026-03-31,2026-05-28,170623987,Generac Holdings Inc,368736104,US3687361044,,677013.0,132240949.29,0.020295170338,EC,CORP
0001410368-26-055357,884394,State Street(R) SPDR(R) S&P 500(R) ETF Trust,2026-03-31,2026-05-28,170623989,General Dynamics Corp,369550108,US3695501086,,2963204.0,1017030876.88,0.156084896519,EC,CORP
0001410368-26-055357,884394,State Street(R) SPDR(R) S&P 500(R) ETF Trust,2026-03-31,2026-05-28,170623991,General Electric Co,369604301,US3696043013,,12215280.0,3466330005.6,0.531981646305,EC,CORP
0001410368-26-055357,884394,State Street(R) SPDR(R) S&P 500(R) ETF Trust,2026-03-31,2026-05-28,170623992,General Mills Inc,370334104,US3703341046,,6242987.0,232363976.14,0.035661166239,EC,CORP
0001410368-26-055357,884394,State Street(R) SPDR(R) S&P 500(R) ETF Trust,2026-03-31,2026-05-28,170623995,General Motors Co,37045V100,US37045V1008,,10514554.0,783334273.0,0.12021921037,EC,CORP
0001410368-26-055357,884394,State Street(R) SPDR(R) S&P 500(R) ETF Trust,2026-03-31,2026-05-28,170623997,Genuine Parts Co,372460105,US3724601055,,1615152.0,170802324.0,0.026213228794,EC,CORP
0001410368-26-055357,884394,State Street(R) SPDR(R) S&P 500(R) ETF Trust,2026-03-31,2026-05-28,170623999,Gilead Sciences Inc,375558103,US3755581036,,14446028.0,2013342922.36,0.308990050192,EC,CORP
0001410368-26-055357,884394,State Street(R) SPDR(R) S&P 500(R) ETF Trust,2026-03-31,2026-05-28,170624001,Global Payments Inc,37940X102,US37940X1028,,2767037.0,186221590.1,0.028579641268,EC,CORP
0001410368-26-055357,884394,State Street(R) SPDR(R) S&P 500(R) ETF Trust,2026-03-31,2026-05-28,170624002,Globe Life Inc,37959E102,US37959E1029,,920163.0,128059084.71,0.019653374779,EC,CORP
0001410368-26-055357,884394,State Street(R) SPDR(R) S&P 500(R) ETF Trust,2026-03-31,2026-05-28,170624005,GoDaddy Inc,380237107,US3802371076,,1579429.0,130571395.43,0.02003894199,EC,CORP
0001410368-26-055357,884394,State Street(R) SPDR(R) S&P 500(R) ETF Trust,2026-03-31,2026-05-28,170624007,Goldman Sachs Group Inc/The,38141G104,US38141G1040,,3492770.0,2954848492.3,0.453483991131,EC,CORP
0001410368-26-055357,884394,State Street(R) SPDR(R) S&P 500(R) ETF Trust,2026-03-31,2026-05-28,170624009,WW Grainger Inc,384802104,US3848021040,,511436.0,557879503.16,0.085618407956,EC,CORP
0001410368-26-055357,884394,State Street(R) SPDR(R) S&P 500(R) ETF Trust,2026-03-31,2026-05-28,170624010,HCA Healthcare Inc,40412C101,US40412C1018,,1821181.0,861855696.44,0.132269983391,EC,CORP
0001410368-26-055357,884394,State Street(R) SPDR(R) S&P 500(R) ETF Trust,2026-03-31,2026-05-28,170624013,HP Inc,40434L105,US40434L1052,,10625015.0,204106538.15,0.031324464783,EC,CORP
0001410368-26-055357,884394,State Street(R) SPDR(R) S&P 500(R) ETF Trust,2026-03-31,2026-05-28,170624015,Halliburton Co,406216101,US4062161017,,9836411.0,383521664.89,0.058859510304,EC,CORP
0001410368-26-055357,884394,State Street(R) SPDR(R) S&P 500(R) ETF Trust,2026-03-31,2026-05-28,170624017,Hartford Insurance Group Inc/The,416515104,US4165151048,,3257074.0,440454117.02,0.067596999107,EC,CORP
0001410368-26-055357,884394,State Street(R) SPDR(R) S&P 500(R) ETF Trust,2026-03-31,2026-05-28,170624019,Hasbro Inc,418056107,US4180561072,,1547965.0,144889524.0,0.022236361623,EC,CORP
0001410368-26-055357,884394,State Street(R) SPDR(R) S&P 500(R) ETF Trust,2026-03-31,2026-05-28,170624021,Healthpeak Properties Inc,42250P103,US42250P1030,,8037072.0,132049092.96,0.020265725926,EC,OTHER
0001410368-26-055357,884394,State Street(R) SPDR(R) S&P 500(R) ETF Trust,2026-03-31,2026-05-28,170624024,Jack Henry & Associates Inc,426281101,US4262811015,,845978.0,133698363.12,0.020518841312,EC,CORP
0001410368-26-055357,884394,State Street(R) SPDR(R) S&P 500(R) ETF Trust,2026-03-31,2026-05-28,170624026,Hershey Co/The,427866108,US4278661081,,1724406.0,358486763.34,0.055017375215,EC,CORP
0001410368-26-055357,884394,State Street(R) SPDR(R) S&P 500(R) ETF Trust,2026-03-31,2026-05-28,170624027,Hewlett Packard Enterprise Co,42824C109,US42824C1099,,15422773.0,367216225.13,0.05635709574,EC,CORP
0001410368-26-055357,884394,State Street(R) SPDR(R) S&P 500(R) ETF Trust,2026-03-31,2026-05-28,170624030,Hilton Worldwide Holdings Inc,43300A203,US43300A2033,,2667043.0,810994435.44,0.124464247262,EC,CORP
0001410368-26-055357,884394,State Street(R) SPDR(R) S&P 500(R) ETF Trust,2026-03-31,2026-05-28,170624033,Hologic Inc,436440101,US4364401012,,2582496.0,195210872.64,0.029959236782,EC,CORP
0001410368-26-055357,884394,State Street(R) SPDR(R) S&P 500(R) ETF Trust,2026-03-31,2026-05-28,170624034,Home Depot Inc/The,437076102,US4370761029,,11594742.0,3813394696.38,0.585246062929,EC,CORP
0001410368-26-055357,884394,State Street(R) SPDR(R) S&P 500(R) ETF Trust,2026-03-31,2026-05-28,170624037,Honeywell International Inc,438516106,US4385161066,,7391324.0,1670660963.72,0.256398256502,EC,CORP
0001410368-26-055357,884394,State Street(R) SPDR(R) S&P 500(R) ETF Trust,2026-03-31,2026-05-28,170624040,Hormel Foods Corp,440452100,US4404521001,,3431808.0,77730451.2,0.011929381602,EC,CORP
0001410368-26-055357,884394,State Street(R) SPDR(R) S&P 500(R) ETF Trust,2026-03-31,2026-05-28,170624043,Host Hotels & Resorts Inc,44107P104,US44107P1049,,7443820.0,142623591.2,0.021888606314,EC,OTHER
0001410368-26-055357,884394,State Street(R) SPDR(R) S&P 500(R) ETF Trust,2026-03-31,2026-05-28,170624045,Howmet Aerospace Inc,443201108,US4432011082,,4665751.0,1075268975.46,0.165022764382,EC,CORP
0001410368-26-055357,884394,State Street(R) SPDR(R) S&P 500(R) ETF Trust,2026-03-31,2026-05-28,170624047,Hubbell Inc,443510607,US4435106079,,618119.0,303335718.06,0.046553280967,EC,CORP
0001410368-26-055357,884394,State Street(R) SPDR(R) S&P 500(R) ETF Trust,2026-03-31,2026-05-28,170624048,Humana Inc,444859102,US4448591028,,1404701.0,243561106.39,0.037379602676,EC,CORP
0001410368-26-055357,884394,State Street(R) SPDR(R) S&P 500(R) ETF Trust,2026-03-31,2026-05-28,170624050,JB Hunt Transport Services Inc,445658107,US4456581077,,878845.0,186227255.5,0.028580510744,EC,CORP
0001410368-26-055357,884394,State Street(R) SPDR(R) S&P 500(R) ETF Trust,2026-03-31,2026-05-28,170624052,Huntington Bancshares Inc/OH,446150104,US4461501045,,23734789.0,371449447.85,0.057006773292,EC,CORP
0001410368-26-055357,884394,State Street(R) SPDR(R) S&P 500(R) ETF Trust,2026-03-31,2026-05-28,170624054,Huntington Ingalls Industries Inc,446413106,US4464131063,,455152.0,172912244.8,0.026537040762,EC,CORP
0001410368-26-055357,884394,State Street(R) SPDR(R) S&P 500(R) ETF Trust,2026-03-31,2026-05-28,170624055,IDEX Corp,45167R104,US45167R1041,,874662.0,165792182.1,0.025444316564,EC,CORP
0001410368-26-055357,884394,State Street(R) SPDR(R) S&P 500(R) ETF Trust,2026-03-31,2026-05-28,170624057,IDEXX Laboratories Inc,45168D104,US45168D1046,,929957.0,522533538.73,0.080193822208,EC,CORP
0001410368-26-055357,884394,State Street(R) SPDR(R) S&P 500(R) ETF Trust,2026-03-31,2026-05-28,170624059,Illinois Tool Works Inc,452308109,US4523081093,,3050745.0,794078416.05,0.121868126342,EC,CORP
0001410368-26-055357,884394,State Street(R) SPDR(R) S&P 500(R) ETF Trust,2026-03-31,2026-05-28,170624061,Incyte Corp,45337C102,US45337C1027,,1934622.0,182086622.64,0.027945043064,EC,CORP
0001410368-26-055357,884394,State Street(R) SPDR(R) S&P 500(R) ETF Trust,2026-03-31,2026-05-28,170624062,Ingersoll Rand Inc,45687V106,US45687V1061,,4131025.0,330977723.0,0.050795531206,EC,CORP
0001410368-26-055357,884394,State Street(R) SPDR(R) S&P 500(R) ETF Trust,2026-03-31,2026-05-28,170624065,Insulet Corp,45784P101,US45784P1012,,819099.0,171879734.16,0.026378580169,EC,CORP
0001410368-26-055357,884394,State Street(R) SPDR(R) S&P 500(R) ETF Trust,2026-03-31,2026-05-28,170624067,Intel Corp,458140100,US4581401001,,54705001.0,2414131694.13,0.370499563217,EC,CORP
0001410368-26-055357,884394,State Street(R) SPDR(R) S&P 500(R) ETF Trust,2026-03-31,2026-05-28,170624069,Interactive Brokers Group Inc,45841N107,US45841N1072,,5199161.0,348707728.27,0.053516575474,EC,CORP
0001410368-26-055357,884394,State Street(R) SPDR(R) S&P 500(R) ETF Trust,2026-03-31,2026-05-28,170624071,Intercontinental Exchange Inc,45866F104,US45866F1049,,6608305.0,1039354210.4,0.159510884148,EC,CORP
0001410368-26-055357,884394,State Street(R) SPDR(R) S&P 500(R) ETF Trust,2026-03-31,2026-05-28,170624072,International Business Machines Corp,459200101,US4592001014,,10885522.0,2638541677.58,0.404940021064,EC,CORP
0001410368-26-055357,884394,State Street(R) SPDR(R) S&P 500(R) ETF Trust,2026-03-31,2026-05-28,170624074,International Flavors & Fragrances Inc,459506101,US4595061015,,2971682.0,215595529.1,0.033087693416,EC,CORP
0001410368-26-055357,884394,State Street(R) SPDR(R) S&P 500(R) ETF Trust,2026-03-31,2026-05-28,170624076,International Paper Co,460146103,US4601461035,,6134788.0,219011931.6,0.033612012631,EC,CORP
0001410368-26-055357,884394,State Street(R) SPDR(R) S&P 500(R) ETF Trust,2026-03-31,2026-05-28,170624077,Intuit Inc,461202103,US4612021034,,3239339.0,1400625396.82,0.214955587971,EC,CORP
0001410368-26-055357,884394,State Street(R) SPDR(R) S&P 500(R) ETF Trust,2026-03-31,2026-05-28,170624079,Intuitive Surgical Inc,46120E602,US46120E6023,,4135777.0,1906551839.23,0.292600700037,EC,CORP
0001410368-26-055357,884394,State Street(R) SPDR(R) S&P 500(R) ETF Trust,2026-03-31,2026-05-28,170624081,Invitation Homes Inc,46187W107,US46187W1071,,6576031.0,163414370.35,0.025079391064,EC,OTHER
0001410368-26-055357,884394,State Street(R) SPDR(R) S&P 500(R) ETF Trust,2026-03-31,2026-05-28,170624082,IQVIA Holdings Inc,46266C105,US46266C1053,,1985544.0,338614673.76,0.051967582809,EC,CORP
0001410368-26-055357,884394,State Street(R) SPDR(R) S&P 500(R) ETF Trust,2026-03-31,2026-05-28,170624084,Iron Mountain Inc,46284V101,US46284V1017,,3438226.0,351180403.64,0.053896059802,EC,OTHER
0001410368-26-055357,884394,State Street(R) SPDR(R) S&P 500(R) ETF Trust,2026-03-31,2026-05-28,170624086,JPMorgan Chase & Co,46625H100,US46625H1005,,31408944.0,9239254967.04,1.417959069119,EC,CORP
0001410368-26-055357,884394,State Street(R) SPDR(R) S&P 500(R) ETF Trust,2026-03-31,2026-05-28,170624087,Jabil Inc,466313103,US4663131039,,1225243.0,325461298.09,0.049948919141,EC,CORP
0001410368-26-055357,884394,State Street(R) SPDR(R) S&P 500(R) ETF Trust,2026-03-31,2026-05-28,170624089,Jacobs Solutions Inc,46982L108,US46982L1089,,1387074.0,176546778.72,0.027094836856,EC,CORP
0001410368-26-055357,884394,State Street(R) SPDR(R) S&P 500(R) ETF Trust,2026-03-31,2026-05-28,170624091,Johnson & Johnson,478160104,US4781601046,,28072299.0,6861992767.56,1.053117909582,EC,CORP
0001410368-26-055357,884394,State Street(R) SPDR(R) S&P 500(R) ETF Trust,2026-03-31,2026-05-28,170624092,KLA Corp,482480100,US4824801009,,1526261.0,2247281959.01,0.344892942776,EC,CORP
0001410368-26-055357,884394,State Street(R) SPDR(R) S&P 500(R) ETF Trust,2026-03-31,2026-05-28,170624094,KKR & Co Inc,48251W104,US48251W1045,,8022642.0,742094385.0,0.113890077404,EC,CORP
0001410368-26-055357,884394,State Street(R) SPDR(R) S&P 500(R) ETF Trust,2026-03-31,2026-05-28,170624096,Kenvue Inc,49177J102,US49177J1025,,22364324.0,385560945.76,0.05917248108,EC,CORP
0001410368-26-055357,884394,State Street(R) SPDR(R) S&P 500(R) ETF Trust,2026-03-31,2026-05-28,170624097,Keurig Dr Pepper Inc,49271V100,US49271V1008,,15836037.0,416962854.21,0.063991768029,EC,CORP
0001410368-26-055357,884394,State Street(R) SPDR(R) S&P 500(R) ETF Trust,2026-03-31,2026-05-28,170624099,KeyCorp,493267108,US4932671088,,10872980.0,218003249.0,0.033457208954,EC,CORP
0001410368-26-055357,884394,State Street(R) SPDR(R) S&P 500(R) ETF Trust,2026-03-31,2026-05-28,170624101,Keysight Technologies Inc,49338L103,US49338L1035,,1993933.0,563026861.21,0.086408378907,EC,CORP
0001410368-26-055357,884394,State Street(R) SPDR(R) S&P 500(R) ETF Trust,2026-03-31,2026-05-28,170624102,Kimberly-Clark Corp,494368103,US4943681035,,3877121.0,374025862.87,0.057402178664,EC,CORP
0001410368-26-055357,884394,State Street(R) SPDR(R) S&P 500(R) ETF Trust,2026-03-31,2026-05-28,170624104,Kimco Realty Corp,49446R109,US49446R1095,,7909335.0,177722757.45,0.027275315662,EC,OTHER
0001410368-26-055357,884394,State Street(R) SPDR(R) S&P 500(R) ETF Trust,2026-03-31,2026-05-28,170624106,Kinder Morgan Inc,49456B101,US49456B1017,,22855371.0,766340589.63,0.11761117027,EC,CORP
0001410368-26-055357,884394,State Street(R) SPDR(R) S&P 500(R) ETF Trust,2026-03-31,2026-05-28,170624108,Kraft Heinz Co/The,500754106,US5007541064,,9946025.0,223686102.25,0.034329362968,EC,CORP
0001410368-26-055357,884394,State Street(R) SPDR(R) S&P 500(R) ETF Trust,2026-03-31,2026-05-28,170624109,Kroger Co/The,501044101,US5010441013,,6765870.0,489578353.2,0.075136152042,EC,CORP
0001410368-26-055357,884394,State Street(R) SPDR(R) S&P 500(R) ETF Trust,2026-03-31,2026-05-28,170624111,L3Harris Technologies Inc,502431109,US5024311095,,2182453.0,753273652.95,0.115605772493,EC,CORP
0001410368-26-055357,884394,State Street(R) SPDR(R) S&P 500(R) ETF Trust,2026-03-31,2026-05-28,170624113,Labcorp Holdings Inc,504922105,US5049221055,,970935.0,259055167.35,0.039757494003,EC,CORP
0001410368-26-055357,884394,State Street(R) SPDR(R) S&P 500(R) ETF Trust,2026-03-31,2026-05-28,170624114,Lam Research Corp,512807306,US5128073062,,14543863.0,3107441768.58,0.476902656462,EC,CORP
0001410368-26-055357,884394,State Street(R) SPDR(R) S&P 500(R) ETF Trust,2026-03-31,2026-05-28,170624116,Las Vegas Sands Corp,517834107,US5178341070,,3555790.0,191585965.2,0.029402918075,EC,CORP
0001410368-26-055357,884394,State Street(R) SPDR(R) S&P 500(R) ETF Trust,2026-03-31,2026-05-28,170624117,Estee Lauder Cos Inc/The,518439104,US5184391044,,2862123.0,205414567.71,0.031525209581,EC,CORP
0001410368-26-055357,884394,State Street(R) SPDR(R) S&P 500(R) ETF Trust,2026-03-31,2026-05-28,170624119,Leidos Holdings Inc,525327102,US5253271028,,1497230.0,232849209.6,0.035735635575,EC,CORP
0001410368-26-055357,884394,State Street(R) SPDR(R) S&P 500(R) ETF Trust,2026-03-31,2026-05-28,170624121,Lennar Corp,526057104,US5260571048,,2521611.0,218976699.24,0.03360660548,EC,CORP
0001410368-26-055357,884394,State Street(R) SPDR(R) S&P 500(R) ETF Trust,2026-03-31,2026-05-28,170624122,Lennox International Inc,526107107,US5261071071,,370537.0,171977337.81,0.026393559513,EC,CORP
0001410368-26-055357,884394,State Street(R) SPDR(R) S&P 500(R) ETF Trust,2026-03-31,2026-05-28,170624124,Eli Lilly & Co,532457108,US5324571083,,9231126.0,8490512761.02,1.303048742989,EC,CORP
0001410368-26-055357,884394,State Street(R) SPDR(R) S&P 500(R) ETF Trust,2026-03-31,2026-05-28,170624126,Live Nation Entertainment Inc,538034109,US5380341090,,1849075.0,282002428.25,0.043279236483,EC,CORP
0001410368-26-055357,884394,State Street(R) SPDR(R) S&P 500(R) ETF Trust,2026-03-31,2026-05-28,170624127,Lockheed Martin Corp,539830109,US5398301094,,2357007.0,1424551460.73,0.218627548473,EC,CORP
0001410368-26-055357,884394,State Street(R) SPDR(R) S&P 500(R) ETF Trust,2026-03-31,2026-05-28,170624129,Loews Corp,540424108,US5404241086,,1983062.0,211672037.88,0.032485550713,EC,CORP
0001410368-26-055357,884394,State Street(R) SPDR(R) S&P 500(R) ETF Trust,2026-03-31,2026-05-28,170624131,Lowe's Cos Inc,548661107,US5486611073,,6542397.0,1545837563.16,0.237241465885,EC,CORP
0001410368-26-055357,884394,State Street(R) SPDR(R) S&P 500(R) ETF Trust,2026-03-31,2026-05-28,170624132,Lululemon Athletica Inc,550021109,US5500211090,,1260977.0,193055578.7,0.029628461346,EC,CORP
0001410368-26-055357,884394,State Street(R) SPDR(R) S&P 500(R) ETF Trust,2026-03-31,2026-05-28,170624134,Lumentum Holdings Inc,55024U109,US55024U1097,,832038.0,584723024.88,0.089738114058,EC,CORP
0001410368-26-055357,884394,State Street(R) SPDR(R) S&P 500(R) ETF Trust,2026-03-31,2026-05-28,170624136,M&T Bank Corp,55261F104,US55261F1049,,1762366.0,364316299.52,0.055912040827,EC,CORP
0001410368-26-055357,884394,State Street(R) SPDR(R) S&P 500(R) ETF Trust,2026-03-31,2026-05-28,170624137,MGM Resorts International,552953101,US5529531015,,2200519.0,81441208.19,0.012498875738,EC,CORP
0001410368-26-055357,884394,State Street(R) SPDR(R) S&P 500(R) ETF Trust,2026-03-31,2026-05-28,170624139,MSCI Inc,55354G100,US55354G1004,,853787.0,460199730.87,0.070627381138,EC,CORP
0001410368-26-055357,884394,State Street(R) SPDR(R) S&P 500(R) ETF Trust,2026-03-31,2026-05-28,170624141,Marathon Petroleum Corp,56585A102,US56585A1025,,3431653.0,837941029.54,0.128599772001,EC,CORP
0001410368-26-055357,884394,State Street(R) SPDR(R) S&P 500(R) ETF Trust,2026-03-31,2026-05-28,170624142,Marsh & McLennan Cos Inc,571748102,US5717481023,,5633060.0,977054257.0,0.149949638761,EC,CORP
0001410368-26-055357,884394,State Street(R) SPDR(R) S&P 500(R) ETF Trust,2026-03-31,2026-05-28,170624144,Marriott International Inc/MD,571903202,US5719032022,,2558526.0,836817098.82,0.128427281063,EC,CORP
0001410368-26-055357,884394,State Street(R) SPDR(R) S&P 500(R) ETF Trust,2026-03-31,2026-05-28,170624146,Martin Marietta Materials Inc,573284106,US5732841060,,704469.0,414706810.92,0.063645530474,EC,CORP
0001410368-26-055357,884394,State Street(R) SPDR(R) S&P 500(R) ETF Trust,2026-03-31,2026-05-28,170624147,Masco Corp,574599106,US5745991068,,2350276.0,141886162.12,0.021775432226,EC,CORP
0001410368-26-055357,884394,State Street(R) SPDR(R) S&P 500(R) ETF Trust,2026-03-31,2026-05-28,170624149,Mastercard Inc,57636Q104,US57636Q1040,,9486005.0,4739777258.3,0.727419058461,EC,CORP
0001410368-26-055357,884394,State Street(R) SPDR(R) S&P 500(R) ETF Trust,2026-03-31,2026-05-28,170624151,McCormick & Co Inc/MD,579780206,US5797802064,,2959009.0,149252413.96,0.022905939355,EC,CORP
0001410368-26-055357,884394,State Street(R) SPDR(R) S&P 500(R) ETF Trust,2026-03-31,2026-05-28,170624152,McDonald's Corp,580135101,US5801351017,,8293082.0,2577406954.78,0.395557604956,EC,CORP
0001410368-26-055357,884394,State Street(R) SPDR(R) S&P 500(R) ETF Trust,2026-03-31,2026-05-28,170624154,McKesson Corp,58155Q103,US58155Q1031,,1425584.0,1233643370.24,0.189328664608,EC,CORP
0001410368-26-055357,884394,State Street(R) SPDR(R) S&P 500(R) ETF Trust,2026-03-31,2026-05-28,170624156,Merck & Co Inc,58933Y105,US58933Y1055,,28906718.0,3477189108.22,0.533648205253,EC,CORP
0001410368-26-055357,884394,State Street(R) SPDR(R) S&P 500(R) ETF Trust,2026-03-31,2026-05-28,170624157,MetLife Inc,59156R108,US59156R1086,,6394277.0,452203269.44,0.06940015502,EC,CORP
0001410368-26-055357,884394,State Street(R) SPDR(R) S&P 500(R) ETF Trust,2026-03-31,2026-05-28,170624159,Mettler-Toledo International Inc,592688105,US5926881054,,238727.0,301082492.4,0.046207475838,EC,CORP
0001410368-26-055357,884394,State Street(R) SPDR(R) S&P 500(R) ETF Trust,2026-03-31,2026-05-28,170624161,Microsoft Corp,594918104,US5949181045,,86512867.0,32024467977.39,4.914831873809,EC,CORP
0001410368-26-055357,884394,State Street(R) SPDR(R) S&P 500(R) ETF Trust,2026-03-31,2026-05-28,170624163,Microchip Technology Inc,595017104,US5950171042,,6326275.0,408740627.75,0.062729893492,EC,CORP
0001410368-26-055357,884394,State Street(R) SPDR(R) S&P 500(R) ETF Trust,2026-03-31,2026-05-28,170624165,Micron Technology Inc,595112103,US5951121038,,13113322.0,4430204704.48,0.679908603148,EC,CORP
0001410368-26-055357,884394,State Street(R) SPDR(R) S&P 500(R) ETF Trust,2026-03-31,2026-05-28,170624167,Mid-America Apartment Communities Inc,59522J103,US59522J1034,,1372084.0,167558898.08,0.025715456494,EC,OTHER
0001410368-26-055357,884394,State Street(R) SPDR(R) S&P 500(R) ETF Trust,2026-03-31,2026-05-28,170624168,Moderna Inc,60770K107,US60770K1079,,4051659.0,205824277.2,0.031588088167,EC,CORP
0001410368-26-055357,884394,State Street(R) SPDR(R) S&P 500(R) ETF Trust,2026-03-31,2026-05-28,170624170,Molson Coors Beverage Co,60871R209,US60871R2094,,1948425.0,83899180.5,0.012876103571,EC,CORP
0001410368-26-055357,884394,State Street(R) SPDR(R) S&P 500(R) ETF Trust,2026-03-31,2026-05-28,170624172,Mondelez International Inc,609207105,US6092071058,,14911755.0,859513558.2,0.131910532746,EC,CORP
0001410368-26-055357,884394,State Street(R) SPDR(R) S&P 500(R) ETF Trust,2026-03-31,2026-05-28,170624174,Monolithic Power Systems Inc,609839105,US6098391054,,567446.0,620417084.1,0.095216122314,EC,CORP
0001410368-26-055357,884394,State Street(R) SPDR(R) S&P 500(R) ETF Trust,2026-03-31,2026-05-28,170624176,Monster Beverage Corp,61174X109,US61174X1090,,8329479.0,603554048.34,0.092628132852,EC,CORP
0001410368-26-055357,884394,State Street(R) SPDR(R) S&P 500(R) ETF Trust,2026-03-31,2026-05-28,170624178,Moody's Corp,615369105,US6153691059,,1793349.0,782348501.25,0.120067922848,EC,CORP
0001410368-26-055357,884394,State Street(R) SPDR(R) S&P 500(R) ETF Trust,2026-03-31,2026-05-28,170624179,Morgan Stanley,617446448,US6174464486,,14008982.0,2305458167.74,0.353821312333,EC,CORP
0001410368-26-055357,884394,State Street(R) SPDR(R) S&P 500(R) ETF Trust,2026-03-31,2026-05-28,170624181,Mosaic Co/The,61945C103,US61945C1036,,3718393.0,94819021.5,0.014551984109,EC,CORP
0001410368-26-055357,884394,State Street(R) SPDR(R) S&P 500(R) ETF Trust,2026-03-31,2026-05-28,170624183,Motorola Solutions Inc,620076307,US6200763075,,1927165.0,836331795.05,0.128352800936,EC,CORP
0001410368-26-055357,884394,State Street(R) SPDR(R) S&P 500(R) ETF Trust,2026-03-31,2026-05-28,170624185,NRG Energy Inc,629377508,US6293775085,,2479279.0,362321833.06,0.055605947769,EC,CORP
0001410368-26-055357,884394,State Street(R) SPDR(R) S&P 500(R) ETF Trust,2026-03-31,2026-05-28,170624186,NVR Inc,62944T105,US62944T1051,,33063.0,217879549.29,0.033438224618,EC,CORP
0001410368-26-055357,884394,State Street(R) SPDR(R) S&P 500(R) ETF Trust,2026-03-31,2026-05-28,170624188,Nasdaq Inc,631103108,US6311031081,,5216989.0,442870196.21,0.067967797554,EC,CORP
0001410368-26-055357,884394,State Street(R) SPDR(R) S&P 500(R) ETF Trust,2026-03-31,2026-05-28,170624190,NetApp Inc,64110D104,US64110D1046,,2294876.0,234972353.64,0.036061476929,EC,CORP
0001410368-26-055357,884394,State Street(R) SPDR(R) S&P 500(R) ETF Trust,2026-03-31,2026-05-28,170624192,Netflix Inc,64110L106,US64110L1061,,49178355.0,4728498833.25,0.725688145618,EC,CORP
0001410368-26-055357,884394,State Street(R) SPDR(R) S&P 500(R) ETF Trust,2026-03-31,2026-05-28,170624193,Newmont Corp,651639106,US6516391066,,12728742.0,1377886321.5,0.211465795971,EC,CORP
0001410368-26-055357,884394,State Street(R) SPDR(R) S&P 500(R) ETF Trust,2026-03-31,2026-05-28,170624195,News Corp,65249B109,US65249B1098,,4376360.0,109102654.8,0.016744109713,EC,CORP
0001410368-26-055357,884394,State Street(R) SPDR(R) S&P 500(R) ETF Trust,2026-03-31,2026-05-28,170624197,News Corp,65249B208,US65249B2088,,1416734.0,40391086.34,0.006198866401,EC,CORP
0001410368-26-055357,884394,State Street(R) SPDR(R) S&P 500(R) ETF Trust,2026-03-31,2026-05-28,170624199,NextEra Energy Inc,65339F101,US65339F1012,,24250351.0,2252372600.88,0.34567420943,EC,CORP
0001410368-26-055357,884394,State Street(R) SPDR(R) S&P 500(R) ETF Trust,2026-03-31,2026-05-28,170624200,NIKE Inc,654106103,US6541061031,,13867409.0,732476543.38,0.112414016206,EC,CORP
0001410368-26-055357,884394,State Street(R) SPDR(R) S&P 500(R) ETF Trust,2026-03-31,2026-05-28,170624202,NiSource Inc,65473P105,US65473P1057,,5550785.0,258999628.1,0.03974897033,EC,CORP
0001410368-26-055357,884394,State Street(R) SPDR(R) S&P 500(R) ETF Trust,2026-03-31,2026-05-28,170624204,Nordson Corp,655663102,US6556631025,,622211.0,165545458.66,0.025406451634,EC,CORP
0001410368-26-055357,884394,State Street(R) SPDR(R) S&P 500(R) ETF Trust,2026-03-31,2026-05-28,170624206,Norfolk Southern Corp,655844108,US6558441084,,2622740.0,752726380.0,0.115521781885,EC,CORP
0001410368-26-055357,884394,State Street(R) SPDR(R) S&P 500(R) ETF Trust,2026-03-31,2026-05-28,170624208,Northern Trust Corp,665859104,US6658591044,,2161358.0,301660736.06,0.046296219556,EC,CORP
0001410368-26-055357,884394,State Street(R) SPDR(R) S&P 500(R) ETF Trust,2026-03-31,2026-05-28,170624209,Northrop Grumman Corp,666807102,US6668071029,,1552593.0,1059241048.32,0.162562939999,EC,CORP
0001410368-26-055357,884394,State Street(R) SPDR(R) S&P 500(R) ETF Trust,2026-03-31,2026-05-28,170624211,Gen Digital Inc,668771108,US6687711084,,6533022.0,123016804.26,0.018879530208,EC,CORP
0001410368-26-055357,884394,State Street(R) SPDR(R) S&P 500(R) ETF Trust,2026-03-31,2026-05-28,170624213,Nucor Corp,670346105,US6703461052,,2664725.0,450604997.5,0.06915486639,EC,CORP
0001410368-26-055357,884394,State Street(R) SPDR(R) S&P 500(R) ETF Trust,2026-03-31,2026-05-28,170624215,NVIDIA Corp,67066G104,US67066G1040,,283112619.0,49374840753.6,7.577613507003,EC,CORP
0001410368-26-055357,884394,State Street(R) SPDR(R) S&P 500(R) ETF Trust,2026-03-31,2026-05-28,170624217,O'Reilly Automotive Inc,67103H107,US67103H1077,,9794367.0,904118017.77,0.138756030375,EC,CORP
0001410368-26-055357,884394,State Street(R) SPDR(R) S&P 500(R) ETF Trust,2026-03-31,2026-05-28,170624218,Occidental Petroleum Corp,674599105,US6745991058,,8372245.0,544195925.0,0.083518373503,EC,CORP
0001410368-26-055357,884394,State Street(R) SPDR(R) S&P 500(R) ETF Trust,2026-03-31,2026-05-28,170624220,Old Dominion Freight Line Inc,679580100,US6795801009,,2142191.0,418584121.4,0.064240585766,EC,CORP
0001410368-26-055357,884394,State Street(R) SPDR(R) S&P 500(R) ETF Trust,2026-03-31,2026-05-28,170624222,Omnicom Group Inc,681919106,US6819191064,,3648327.0,274755506.37,0.042167043061,EC,CORP
0001410368-26-055357,884394,State Street(R) SPDR(R) S&P 500(R) ETF Trust,2026-03-31,2026-05-28,170624224,ON Semiconductor Corp,682189105,US6821891057,,4568720.0,282895142.4,0.043416242349,EC,CORP
0001410368-26-055357,884394,State Street(R) SPDR(R) S&P 500(R) ETF Trust,2026-03-31,2026-05-28,170624225,ONEOK Inc,682680103,US6826801036,,7329056.0,662473371.84,0.101670549086,EC,CORP
0001410368-26-055357,884394,State Street(R) SPDR(R) S&P 500(R) ETF Trust,2026-03-31,2026-05-28,170624227,Oracle Corp,68389X105,US68389X1054,,19756738.0,2906413727.18,0.44605065211,EC,CORP
0001410368-26-055357,884394,State Street(R) SPDR(R) S&P 500(R) ETF Trust,2026-03-31,2026-05-28,170624229,Otis Worldwide Corp,68902V107,US68902V1070,,4554827.0,351086065.16,0.053881581568,EC,CORP
0001410368-26-055357,884394,State Street(R) SPDR(R) S&P 500(R) ETF Trust,2026-03-31,2026-05-28,170624231,PG&E Corp,69331C108,US69331C1080,,25672094.0,451058691.58,0.069224495342,EC,CORP
0001410368-26-055357,884394,State Street(R) SPDR(R) S&P 500(R) ETF Trust,2026-03-31,2026-05-28,170624233,PNC Financial Services Group Inc/The,693475105,US6934751057,,4705895.0,979249690.55,0.150286574469,EC,CORP
0001410368-26-055357,884394,State Street(R) SPDR(R) S&P 500(R) ETF Trust,2026-03-31,2026-05-28,170624235,PPG Industries Inc,693506107,US6935061076,,2609443.0,278897267.84,0.042802683949,EC,CORP
0001410368-26-055357,884394,State Street(R) SPDR(R) S&P 500(R) ETF Trust,2026-03-31,2026-05-28,170624237,PPL Corp,69351T106,US69351T1060,,8604318.0,328684947.6,0.050443656333,EC,CORP
0001410368-26-055357,884394,State Street(R) SPDR(R) S&P 500(R) ETF Trust,2026-03-31,2026-05-28,170624239,PTC Inc,69370C100,US69370C1009,,1398220.0,199232367.8,0.030576420262,EC,CORP
0001410368-26-055357,884394,State Street(R) SPDR(R) S&P 500(R) ETF Trust,2026-03-31,2026-05-28,170624240,PACCAR Inc,693718108,US6937181088,,6128291.0,707817610.5,0.108629581462,EC,CORP
0001410368-26-055357,884394,State Street(R) SPDR(R) S&P 500(R) ETF Trust,2026-03-31,2026-05-28,170624242,Packaging Corp of America,695156109,US6951561090,,1037658.0,220211780.76,0.033796154859,EC,CORP
0001410368-26-055357,884394,State Street(R) SPDR(R) S&P 500(R) ETF Trust,2026-03-31,2026-05-28,170624244,Palantir Technologies Inc,69608A108,US69608A1088,,26606478.0,3891995601.84,0.597309034147,EC,CORP
0001410368-26-055357,884394,State Street(R) SPDR(R) S&P 500(R) ETF Trust,2026-03-31,2026-05-28,170624246,Palo Alto Networks Inc,697435105,US6974351057,,9414915.0,1509399172.8,0.231649224274,EC,CORP
0001410368-26-055357,884394,State Street(R) SPDR(R) S&P 500(R) ETF Trust,2026-03-31,2026-05-28,170624248,Paramount Skydance Corp,69932A204,US69932A2042,,3648898.0,32913059.96,0.005051205105,EC,CORP
0001410368-26-055357,884394,State Street(R) SPDR(R) S&P 500(R) ETF Trust,2026-03-31,2026-05-28,170624250,Parker-Hannifin Corp,701094104,US7010941042,,1469018.0,1315123674.32,0.201833540438,EC,CORP
0001410368-26-055357,884394,State Street(R) SPDR(R) S&P 500(R) ETF Trust,2026-03-31,2026-05-28,170624252,Paychex Inc,704326107,US7043261079,,3785533.0,348723299.96,0.053518965279,EC,CORP
0001410368-26-055357,884394,State Street(R) SPDR(R) S&P 500(R) ETF Trust,2026-03-31,2026-05-28,170624253,PayPal Holdings Inc,70450Y103,US70450Y1038,,10697065.0,483828249.95,0.074253677094,EC,CORP
0001410368-26-055357,884394,State Street(R) SPDR(R) S&P 500(R) ETF Trust,2026-03-31,2026-05-28,170624255,PepsiCo Inc,713448108,US7134481081,,15914369.0,2471342362.01,0.379279750111,EC,CORP
0001410368-26-055357,884394,State Street(R) SPDR(R) S&P 500(R) ETF Trust,2026-03-31,2026-05-28,170624257,Revvity Inc,714046109,US7140461093,,1311686.0,114916810.46,0.017636414858,EC,CORP
0001410368-26-055357,884394,State Street(R) SPDR(R) S&P 500(R) ETF Trust,2026-03-31,2026-05-28,170624259,Pfizer Inc,717081103,US7170811035,,66348202.0,1863057512.16,0.285925575718,EC,CORP
0001410368-26-055357,884394,State Street(R) SPDR(R) S&P 500(R) ETF Trust,2026-03-31,2026-05-28,170624261,Philip Morris International Inc,718172109,US7181721090,,18128850.0,2997424059.0,0.460018112241,EC,CORP
0001410368-26-055357,884394,State Street(R) SPDR(R) S&P 500(R) ETF Trust,2026-03-31,2026-05-28,170624263,Phillips 66,718546104,US7185461040,,4697796.0,855844475.28,0.131347434377,EC,CORP
0001410368-26-055357,884394,State Street(R) SPDR(R) S&P 500(R) ETF Trust,2026-03-31,2026-05-28,170624265,Pinnacle West Capital Corp,723484101,US7234841010,,1408339.0,141890154.25,0.021776044903,EC,CORP
0001410368-26-055357,884394,State Street(R) SPDR(R) S&P 500(R) ETF Trust,2026-03-31,2026-05-28,170624266,Pool Corp,73278L105,US73278L1052,,382195.0,77329514.35,0.011867849363,EC,CORP
0001410368-26-055357,884394,State Street(R) SPDR(R) S&P 500(R) ETF Trust,2026-03-31,2026-05-28,170624268,T Rowe Price Group Inc,74144T108,US74144T1088,,2564927.0,231202519.78,0.035482916197,EC,CORP
0001410368-26-055357,884394,State Street(R) SPDR(R) S&P 500(R) ETF Trust,2026-03-31,2026-05-28,170624270,Principal Financial Group Inc,74251V102,US74251V1026,,2336413.0,210534175.43,0.032310921657,EC,CORP
0001410368-26-055357,884394,State Street(R) SPDR(R) S&P 500(R) ETF Trust,2026-03-31,2026-05-28,170624272,Procter & Gamble Co/The,742718109,US7427181091,,27068070.0,3909712030.8,0.600027994843,EC,CORP
0001410368-26-055357,884394,State Street(R) SPDR(R) S&P 500(R) ETF Trust,2026-03-31,2026-05-28,170624274,Progressive Corp/The,743315103,US7433151039,,6838926.0,1355748690.24,0.208068308281,EC,CORP
0001410368-26-055357,884394,State Street(R) SPDR(R) S&P 500(R) ETF Trust,2026-03-31,2026-05-28,170624275,Prologis Inc,74340W103,US74340W1036,,10820504.0,1430254218.72,0.219502757291,EC,OTHER
0001410368-26-055357,884394,State Street(R) SPDR(R) S&P 500(R) ETF Trust,2026-03-31,2026-05-28,170624277,Prudential Financial Inc,744320102,US7443201022,,4040337.0,394700521.53,0.060575142269,EC,CORP
0001410368-26-055357,884394,State Street(R) SPDR(R) S&P 500(R) ETF Trust,2026-03-31,2026-05-28,170624279,Public Service Enterprise Group Inc,744573106,US7445731067,,5819948.0,471124790.6,0.0723040626,EC,CORP
0001410368-26-055357,884394,State Street(R) SPDR(R) S&P 500(R) ETF Trust,2026-03-31,2026-05-28,170624281,Public Storage,74460D109,US74460D1090,,1845251.0,499841590.88,0.076711262914,EC,OTHER
0001410368-26-055357,884394,State Street(R) SPDR(R) S&P 500(R) ETF Trust,2026-03-31,2026-05-28,170624283,PulteGroup Inc,745867101,US7458671010,,2227677.0,261997091.97,0.040208994552,EC,CORP
0001410368-26-055357,884394,State Street(R) SPDR(R) S&P 500(R) ETF Trust,2026-03-31,2026-05-28,170624285,Qnity Electronics Inc,74743L100,US74743L1008,,2457753.0,283575541.14,0.043520663925,EC,CORP
0001410368-26-055357,884394,State Street(R) SPDR(R) S&P 500(R) ETF Trust,2026-03-31,2026-05-28,170624286,QUALCOMM Inc,747525103,US7475251036,,12421708.0,1599667556.24,0.245502816735,EC,CORP
0001410368-26-055357,884394,State Street(R) SPDR(R) S&P 500(R) ETF Trust,2026-03-31,2026-05-28,170624288,Quanta Services Inc,74762E102,US74762E1029,,1740501.0,955569859.02,0.146652403533,EC,CORP
0001410368-26-055357,884394,State Street(R) SPDR(R) S&P 500(R) ETF Trust,2026-03-31,2026-05-28,170624290,Quest Diagnostics Inc,74834L100,US74834L1008,,1274959.0,249866464.82,0.038347293274,EC,CORP
0001410368-26-055357,884394,State Street(R) SPDR(R) S&P 500(R) ETF Trust,2026-03-31,2026-05-28,170624292,Ralph Lauren Corp,751212101,US7512121010,,450473.0,154958207.27,0.023781614006,EC,CORP
0001410368-26-055357,884394,State Street(R) SPDR(R) S&P 500(R) ETF Trust,2026-03-31,2026-05-28,170624294,Raymond James Financial Inc,754730109,US7547301090,,2060380.0,298322420.2,0.045783884388,EC,CORP
0001410368-26-055357,884394,State Street(R) SPDR(R) S&P 500(R) ETF Trust,2026-03-31,2026-05-28,170624296,RTX Corp,75513E101,US75513E1010,,15632618.0,3015532012.2,0.462797160612,EC,CORP
0001410368-26-055357,884394,State Street(R) SPDR(R) S&P 500(R) ETF Trust,2026-03-31,2026-05-28,170624297,Realty Income Corp,756109104,US7561091049,,10751674.0,657787415.32,0.100951389958,EC,OTHER
0001410368-26-055357,884394,State Street(R) SPDR(R) S&P 500(R) ETF Trust,2026-03-31,2026-05-28,170624299,Regency Centers Corp,758849103,US7588491032,,1928257.0,145891924.62,0.022390201197,EC,OTHER
0001410368-26-055357,884394,State Street(R) SPDR(R) S&P 500(R) ETF Trust,2026-03-31,2026-05-28,170624301,Regeneron Pharmaceuticals Inc,75886F107,US75886F1075,,1177852.0,910055569.28,0.139667273223,EC,CORP
0001410368-26-055357,884394,State Street(R) SPDR(R) S&P 500(R) ETF Trust,2026-03-31,2026-05-28,170624303,Regions Financial Corp,7591EP100,US7591EP1005,,10061473.0,262805674.76,0.040333088682,EC,CORP
0001410368-26-055357,884394,State Street(R) SPDR(R) S&P 500(R) ETF Trust,2026-03-31,2026-05-28,170624305,Republic Services Inc,760759100,US7607591002,,2351958.0,515125841.16,0.079056954355,EC,CORP
0001410368-26-055357,884394,State Street(R) SPDR(R) S&P 500(R) ETF Trust,2026-03-31,2026-05-28,170624307,ResMed Inc,761152107,US7611521078,,1698830.0,381353358.4,0.058526737817,EC,CORP
0001410368-26-055357,884394,State Street(R) SPDR(R) S&P 500(R) ETF Trust,2026-03-31,2026-05-28,170624309,Robinhood Markets Inc,770700102,US7707001027,,9191542.0,636973860.6,0.097757109815,EC,CORP
0001410368-26-055357,884394,State Street(R) SPDR(R) S&P 500(R) ETF Trust,2026-03-31,2026-05-28,170624310,Rockwell Automation Inc,773903109,US7739031091,,1313935.0,471544992.8,0.072368551514,EC,CORP
0001410368-26-055357,884394,State Street(R) SPDR(R) S&P 500(R) ETF Trust,2026-03-31,2026-05-28,170624312,Rollins Inc,775711104,US7757111049,,3410609.0,182160626.69,0.027956400551,EC,CORP
0001410368-26-055357,884394,State Street(R) SPDR(R) S&P 500(R) ETF Trust,2026-03-31,2026-05-28,170624314,Roper Technologies Inc,776696106,US7766961061,,1238323.0,438192976.78,0.067249979318,EC,CORP
0001410368-26-055357,884394,State Street(R) SPDR(R) S&P 500(R) ETF Trust,2026-03-31,2026-05-28,170624316,Ross Stores Inc,778296103,US7782961038,,3762264.0,815019250.32,0.125081940223,EC,CORP
0001410368-26-055357,884394,State Street(R) SPDR(R) S&P 500(R) ETF Trust,2026-03-31,2026-05-28,170624318,S&P Global Inc,78409V104,US78409V1044,,3562171.0,1515133813.14,0.232529326112,EC,CORP
0001410368-26-055357,884394,State Street(R) SPDR(R) S&P 500(R) ETF Trust,2026-03-31,2026-05-28,170624319,SBA Communications Corp,78410G104,US78410G1040,,1245343.0,214335983.73,0.032894389542,EC,OTHER
0001410368-26-055357,884394,State Street(R) SPDR(R) S&P 500(R) ETF Trust,2026-03-31,2026-05-28,170624321,Salesforce Inc,79466L302,US79466L3024,,10910390.0,2036642501.3,0.312565863327,EC,CORP
0001410368-26-055357,884394,State Street(R) SPDR(R) S&P 500(R) ETF Trust,2026-03-31,2026-05-28,170624323,Sandisk Corp/DE,80004C200,US80004C2008,,1723389.0,1094937967.26,0.168041387139,EC,CORP
0001410368-26-055357,884394,State Street(R) SPDR(R) S&P 500(R) ETF Trust,2026-03-31,2026-05-28,170624325,Henry Schein Inc,806407102,US8064071025,,1169741.0,86209911.7,0.013230734142,EC,CORP
0001410368-26-055357,884394,State Street(R) SPDR(R) S&P 500(R) ETF Trust,2026-03-31,2026-05-28,170624327,SLB Ltd,806857108,AN8068571086,,17437207.0,896098067.73,0.137525199433,EC,CORP
0001410368-26-055357,884394,State Street(R) SPDR(R) S&P 500(R) ETF Trust,2026-03-31,2026-05-28,170624329,Charles Schwab Corp/The,808513105,US8085131055,,19486761.0,1831365798.78,0.281061812074,EC,CORP
0001410368-26-055357,884394,State Street(R) SPDR(R) S&P 500(R) ETF Trust,2026-03-31,2026-05-28,170624331,Sempra,816851109,US8168511090,,7616277.0,740073636.09,0.113579950748,EC,CORP
0001410368-26-055357,884394,State Street(R) SPDR(R) S&P 500(R) ETF Trust,2026-03-31,2026-05-28,170624332,ServiceNow Inc,81762P102,US81762P1021,,12186892.0,1274139558.6,0.195543661137,EC,CORP
0001410368-26-055357,884394,State Street(R) SPDR(R) S&P 500(R) ETF Trust,2026-03-31,2026-05-28,170624334,Sherwin-Williams Co/The,824348106,US8243481061,,2694570.0,863744413.5,0.132559846967,EC,CORP
0001410368-26-055357,884394,State Street(R) SPDR(R) S&P 500(R) ETF Trust,2026-03-31,2026-05-28,170624336,Simon Property Group Inc,828806109,US8288061091,,3782277.0,705508128.81,0.108275142655,EC,OTHER
0001410368-26-055357,884394,State Street(R) SPDR(R) S&P 500(R) ETF Trust,2026-03-31,2026-05-28,170624338,Skyworks Solutions Inc,83088M102,US83088M1027,,1775934.0,95101265.7,0.01459530045,EC,CORP
0001410368-26-055357,884394,State Street(R) SPDR(R) S&P 500(R) ETF Trust,2026-03-31,2026-05-28,170624340,A O Smith Corp,831865209,US8318652091,,1315240.0,86726925.6,0.013310080859,EC,CORP
0001410368-26-055357,884394,State Street(R) SPDR(R) S&P 500(R) ETF Trust,2026-03-31,2026-05-28,170624341,J M Smucker Co/The,832696405,US8326964058,,1256797.0,121205502.68,0.018601547675,EC,CORP
0001410368-26-055357,884394,State Street(R) SPDR(R) S&P 500(R) ETF Trust,2026-03-31,2026-05-28,170624343,Snap-on Inc,833034101,US8330341012,,606219.0,220190865.18,0.033792944921,EC,CORP
0001410368-26-055357,884394,State Street(R) SPDR(R) S&P 500(R) ETF Trust,2026-03-31,2026-05-28,170624345,Solventum Corp,83444M101,US83444M1018,,1730994.0,113033908.2,0.017347443686,EC,CORP
0001410368-26-055357,884394,State Street(R) SPDR(R) S&P 500(R) ETF Trust,2026-03-31,2026-05-28,170624347,Southern Co/The,842587107,US8425871071,,12815387.0,1236941153.24,0.189834779152,EC,CORP
0001410368-26-055357,884394,State Street(R) SPDR(R) S&P 500(R) ETF Trust,2026-03-31,2026-05-28,170624349,Southwest Airlines Co,844741108,US8447411088,,5692500.0,213867225.0,0.032822448601,EC,CORP
0001410368-26-055357,884394,State Street(R) SPDR(R) S&P 500(R) ETF Trust,2026-03-31,2026-05-28,170624351,Block Inc,852234103,US8522341036,,6422366.0,386497985.88,0.059316289704,EC,CORP
0001410368-26-055357,884394,State Street(R) SPDR(R) S&P 500(R) ETF Trust,2026-03-31,2026-05-28,170624353,Stanley Black & Decker Inc,854502101,US8545021011,,1817882.0,129178694.92,0.019825202643,EC,CORP
0001410368-26-055357,884394,State Street(R) SPDR(R) S&P 500(R) ETF Trust,2026-03-31,2026-05-28,170624354,Starbucks Corp,855244109,US8552441094,,13259260.0,1187897103.4,0.182307932507,EC,CORP
0001410368-26-055357,884394,State Street(R) SPDR(R) S&P 500(R) ETF Trust,2026-03-31,2026-05-28,170624356,State Street Corp,857477103,US8574771031,,3264318.0,413132086.08,0.063403855645,EC,CORP
0001410368-26-055357,884394,State Street(R) SPDR(R) S&P 500(R) ETF Trust,2026-03-31,2026-05-28,170624358,Steel Dynamics Inc,858119100,US8581191009,,1604492.0,288808560.0,0.044323781338,EC,CORP
0001410368-26-055357,884394,State Street(R) SPDR(R) S&P 500(R) ETF Trust,2026-03-31,2026-05-28,170624360,Stryker Corp,863667101,US8636671013,,4014033.0,1318971103.47,0.202424009808,EC,CORP
0001410368-26-055357,884394,State Street(R) SPDR(R) S&P 500(R) ETF Trust,2026-03-31,2026-05-28,170624361,Super Micro Computer Inc,86800U302,US86800U3023,,5852212.0,133254867.24,0.02045077749,EC,CORP
0001410368-26-055357,884394,State Street(R) SPDR(R) S&P 500(R) ETF Trust,2026-03-31,2026-05-28,170624363,Synopsys Inc,871607107,US8716071076,,2228981.0,883746386.88,0.13562957279,EC,CORP
0001410368-26-055357,884394,State Street(R) SPDR(R) S&P 500(R) ETF Trust,2026-03-31,2026-05-28,170624365,Synchrony Financial,87165B103,US87165B1035,,4029977.0,274119035.54,0.042069363151,EC,CORP
0001410368-26-055357,884394,State Street(R) SPDR(R) S&P 500(R) ETF Trust,2026-03-31,2026-05-28,170624367,Sysco Corp,871829107,US8718291078,,5578852.0,397939513.16,0.061072234033,EC,CORP
0001410368-26-055357,884394,State Street(R) SPDR(R) S&P 500(R) ETF Trust,2026-03-31,2026-05-28,170624369,TJX Cos Inc/The,872540109,US8725401090,,12929719.0,2064876124.3,0.316898909869,EC,CORP
0001410368-26-055357,884394,State Street(R) SPDR(R) S&P 500(R) ETF Trust,2026-03-31,2026-05-28,170624371,TKO Group Holdings Inc,87256C101,US87256C1018,,774662.0,156210592.3,0.023973818975,EC,CORP
0001410368-26-055357,884394,State Street(R) SPDR(R) S&P 500(R) ETF Trust,2026-03-31,2026-05-28,170624373,T-Mobile US Inc,872590104,US8725901040,,5514088.0,1158123902.64,0.177738605198,EC,CORP
0001410368-26-055357,884394,State Street(R) SPDR(R) S&P 500(R) ETF Trust,2026-03-31,2026-05-28,170624375,Take-Two Interactive Software Inc,874054109,US8740541094,,2026139.0,400162452.5,0.061413391087,EC,CORP
0001410368-26-055357,884394,State Street(R) SPDR(R) S&P 500(R) ETF Trust,2026-03-31,2026-05-28,170624377,Tapestry Inc,876030107,US8760301072,,2349819.0,331582959.09,0.050888417484,EC,CORP
0001410368-26-055357,884394,State Street(R) SPDR(R) S&P 500(R) ETF Trust,2026-03-31,2026-05-28,170624379,Target Corp,87612E106,US87612E1064,,5264152.0,638015222.4,0.097916928807,EC,CORP
0001410368-26-055357,884394,State Street(R) SPDR(R) S&P 500(R) ETF Trust,2026-03-31,2026-05-28,170624380,Targa Resources Corp,87612G101,US87612G1013,,2499731.0,626757553.63,0.096189201453,EC,CORP
0001410368-26-055357,884394,State Street(R) SPDR(R) S&P 500(R) ETF Trust,2026-03-31,2026-05-28,170624382,Teledyne Technologies Inc,879360105,US8793601050,,545726.0,330169687.26,0.050671521033,EC,CORP
0001410368-26-055357,884394,State Street(R) SPDR(R) S&P 500(R) ETF Trust,2026-03-31,2026-05-28,170624384,Teradyne Inc,880770102,US8807701029,,1830586.0,542695525.56,0.083288105478,EC,CORP
0001410368-26-055357,884394,State Street(R) SPDR(R) S&P 500(R) ETF Trust,2026-03-31,2026-05-28,170624386,Tesla Inc,88160R101,US88160R1014,,32764360.0,12180150830.0,1.869301734203,EC,CORP
0001410368-26-055357,884394,State Street(R) SPDR(R) S&P 500(R) ETF Trust,2026-03-31,2026-05-28,170624388,Texas Instruments Inc,882508104,US8825081040,,10567024.0,2051482039.36,0.314843304273,EC,CORP
0001410368-26-055357,884394,State Street(R) SPDR(R) S&P 500(R) ETF Trust,2026-03-31,2026-05-28,170624389,Texas Pacific Land Corp,88262P102,US88262P1021,,674908.0,320284340.48,0.049154405512,EC,CORP
0001410368-26-055357,884394,State Street(R) SPDR(R) S&P 500(R) ETF Trust,2026-03-31,2026-05-28,170624392,Textron Inc,883203101,US8832031012,,2014420.0,176382615.2,0.027069642492,EC,CORP
0001410368-26-055357,884394,State Street(R) SPDR(R) S&P 500(R) ETF Trust,2026-03-31,2026-05-28,170624393,Trade Desk Inc/The,88339J105,US88339J1051,,5146035.0,116763534.15,0.017919833664,EC,CORP
0001410368-26-055357,884394,State Street(R) SPDR(R) S&P 500(R) ETF Trust,2026-03-31,2026-05-28,170624395,Thermo Fisher Scientific Inc,883556102,US8835561023,,4374652.0,2150272697.56,0.330004820027,EC,CORP
0001410368-26-055357,884394,State Street(R) SPDR(R) S&P 500(R) ETF Trust,2026-03-31,2026-05-28,170624397,3M Co,88579Y101,US88579Y1010,,6127377.0,889878961.71,0.136570746091,EC,CORP
0001410368-26-055357,884394,State Street(R) SPDR(R) S&P 500(R) ETF Trust,2026-03-31,2026-05-28,170624399,Tractor Supply Co,892356106,US8923561067,,6189735.0,280394995.5,0.043032541933,EC,CORP
0001410368-26-055357,884394,State Street(R) SPDR(R) S&P 500(R) ETF Trust,2026-03-31,2026-05-28,170624401,TransDigm Group Inc,893641100,US8936411003,,657625.0,762161070.0,0.116969734593,EC,CORP
0001410368-26-055357,884394,State Street(R) SPDR(R) S&P 500(R) ETF Trust,2026-03-31,2026-05-28,170624403,Travelers Cos Inc/The,89417E109,US89417E1091,,2515048.0,733589200.64,0.112584776994,EC,CORP
0001410368-26-055357,884394,State Street(R) SPDR(R) S&P 500(R) ETF Trust,2026-03-31,2026-05-28,170624404,Trimble Inc,896239100,US8962391004,,2765701.0,180406676.23,0.027687219759,EC,CORP
0001410368-26-055357,884394,State Street(R) SPDR(R) S&P 500(R) ETF Trust,2026-03-31,2026-05-28,170624406,Truist Financial Corp,89832Q109,US89832Q1094,,14679283.0,674806639.51,0.103563349838,EC,CORP
0001410368-26-055357,884394,State Street(R) SPDR(R) S&P 500(R) ETF Trust,2026-03-31,2026-05-28,170624408,Tyler Technologies Inc,902252105,US9022521051,,502929.0,172192831.02,0.026426631503,EC,CORP
0001410368-26-055357,884394,State Street(R) SPDR(R) S&P 500(R) ETF Trust,2026-03-31,2026-05-28,170624410,Tyson Foods Inc,902494103,US9024941034,,3307955.0,211940676.85,0.032526779045,EC,CORP
0001410368-26-055357,884394,State Street(R) SPDR(R) S&P 500(R) ETF Trust,2026-03-31,2026-05-28,170624411,UDR Inc,902653104,US9026531049,,3544551.0,119734932.78,0.018375857623,EC,OTHER
0001410368-26-055357,884394,State Street(R) SPDR(R) S&P 500(R) ETF Trust,2026-03-31,2026-05-28,170624413,US Bancorp,902973304,US9029733048,,18137267.0,943319256.67,0.144772289523,EC,CORP
0001410368-26-055357,884394,State Street(R) SPDR(R) S&P 500(R) ETF Trust,2026-03-31,2026-05-28,170624415,Uber Technologies Inc,90353T100,US90353T1007,,23961921.0,1723580977.53,0.264519951789,EC,CORP
0001410368-26-055357,884394,State Street(R) SPDR(R) S&P 500(R) ETF Trust,2026-03-31,2026-05-28,170624417,Ulta Beauty Inc,90384S303,US90384S3031,,514464.0,268915477.44,0.041270767115,EC,CORP
0001410368-26-055357,884394,State Street(R) SPDR(R) S&P 500(R) ETF Trust,2026-03-31,2026-05-28,170624418,Union Pacific Corp,907818108,US9078181081,,6921465.0,1679285838.3,0.257721925908,EC,CORP
0001410368-26-055357,884394,State Street(R) SPDR(R) S&P 500(R) ETF Trust,2026-03-31,2026-05-28,170624420,United Airlines Holdings Inc,910047109,US9100471096,,3781297.0,348144014.79,0.053430061719,EC,CORP
0001410368-26-055357,884394,State Street(R) SPDR(R) S&P 500(R) ETF Trust,2026-03-31,2026-05-28,170624422,United Parcel Service Inc,911312106,US9113121068,,8623454.0,848375404.52,0.130201147511,EC,CORP
0001410368-26-055357,884394,State Street(R) SPDR(R) S&P 500(R) ETF Trust,2026-03-31,2026-05-28,170624424,United Rentals Inc,911363109,US9113631090,,732269.0,533501902.64,0.081877149612,EC,CORP
0001410368-26-055357,884394,State Street(R) SPDR(R) S&P 500(R) ETF Trust,2026-03-31,2026-05-28,170624426,UnitedHealth Group Inc,91324P102,US91324P1021,,10549359.0,2854551051.81,0.438091227768,EC,CORP
0001410368-26-055357,884394,State Street(R) SPDR(R) S&P 500(R) ETF Trust,2026-03-31,2026-05-28,170624428,Universal Health Services Inc,913903100,US9139031002,,638415.0,114257132.55,0.017535173332,EC,CORP
0001410368-26-055357,884394,State Street(R) SPDR(R) S&P 500(R) ETF Trust,2026-03-31,2026-05-28,170624430,Valero Energy Corp,91913Y100,US91913Y1001,,3564633.0,880749521.64,0.13516964044,EC,CORP
0001410368-26-055357,884394,State Street(R) SPDR(R) S&P 500(R) ETF Trust,2026-03-31,2026-05-28,170624432,Ventas Inc,92276F100,US92276F1003,,5533809.0,452554900.02,0.069454120169,EC,OTHER
0001410368-26-055357,884394,State Street(R) SPDR(R) S&P 500(R) ETF Trust,2026-03-31,2026-05-28,170624433,Veralto Corp,92338C103,US92338C1036,,2912942.0,257562331.64,0.039528386792,EC,CORP
0001410368-26-055357,884394,State Street(R) SPDR(R) S&P 500(R) ETF Trust,2026-03-31,2026-05-28,170624435,VeriSign Inc,92343E102,US92343E1029,,956140.0,237466930.4,0.036444322488,EC,CORP
0001410368-26-055357,884394,State Street(R) SPDR(R) S&P 500(R) ETF Trust,2026-03-31,2026-05-28,170624437,Verizon Communications Inc,92343V104,US92343V1044,,49106074.0,2465124914.8,0.378325551348,EC,CORP
0001410368-26-055357,884394,State Street(R) SPDR(R) S&P 500(R) ETF Trust,2026-03-31,2026-05-28,170624439,Verisk Analytics Inc,92345Y106,US92345Y1064,,1632542.0,309774844.5,0.047541501096,EC,CORP
0001410368-26-055357,884394,State Street(R) SPDR(R) S&P 500(R) ETF Trust,2026-03-31,2026-05-28,170624441,Vertex Pharmaceuticals Inc,92532F100,US92532F1003,,2965418.0,1324177753.72,0.203223080401,EC,CORP
0001410368-26-055357,884394,State Street(R) SPDR(R) S&P 500(R) ETF Trust,2026-03-31,2026-05-28,170624442,Vertiv Holdings Co,92537N108,US92537N1081,,4457223.0,1116890939.34,0.171410534973,EC,CORP
0001410368-26-055357,884394,State Street(R) SPDR(R) S&P 500(R) ETF Trust,2026-03-31,2026-05-28,170624444,Viatris Inc,92556V106,US92556V1061,,13508560.0,182500645.6,0.028008583643,EC,CORP
0001410368-26-055357,884394,State Street(R) SPDR(R) S&P 500(R) ETF Trust,2026-03-31,2026-05-28,170624446,VICI Properties Inc,925652109,US9256521090,,12417047.0,339233724.04,0.052062589166,EC,OTHER
0001410368-26-055357,884394,State Street(R) SPDR(R) S&P 500(R) ETF Trust,2026-03-31,2026-05-28,170624448,Visa Inc,92826C839,US92826C8394,,19582198.0,5918523523.52,0.908322601325,EC,CORP
0001410368-26-055357,884394,State Street(R) SPDR(R) S&P 500(R) ETF Trust,2026-03-31,2026-05-28,170624450,Vistra Corp,92840M102,US92840M1027,,3723047.0,559685655.51,0.085895600231,EC,CORP
0001410368-26-055357,884394,State Street(R) SPDR(R) S&P 500(R) ETF Trust,2026-03-31,2026-05-28,170624451,Vulcan Materials Co,929160109,US9291601097,,1540551.0,419492037.3,0.064379924662,EC,CORP
0001410368-26-055357,884394,State Street(R) SPDR(R) S&P 500(R) ETF Trust,2026-03-31,2026-05-28,170624453,WEC Energy Group Inc,92939U106,US92939U1060,,3801635.0,440115283.95,0.067544998007,EC,CORP
0001410368-26-055357,884394,State Street(R) SPDR(R) S&P 500(R) ETF Trust,2026-03-31,2026-05-28,170624455,Westinghouse Air Brake Technologies Corp,929740108,US9297401088,,1992298.0,497895193.18,0.076412547024,EC,CORP
0001410368-26-055357,884394,State Street(R) SPDR(R) S&P 500(R) ETF Trust,2026-03-31,2026-05-28,170624457,Walmart Inc,931142103,US9311421039,,51062601.0,6346060052.28,0.973937123329,EC,CORP
0001410368-26-055357,884394,State Street(R) SPDR(R) S&P 500(R) ETF Trust,2026-03-31,2026-05-28,170624459,Warner Bros Discovery Inc,934423104,US9344231041,,28932504.0,794486559.84,0.121930764638,EC,CORP
0001410368-26-055357,884394,State Street(R) SPDR(R) S&P 500(R) ETF Trust,2026-03-31,2026-05-28,170624460,Waste Management Inc,94106L109,US94106L1098,,4333114.0,995706266.06,0.15281218401,EC,CORP
0001410368-26-055357,884394,State Street(R) SPDR(R) S&P 500(R) ETF Trust,2026-03-31,2026-05-28,170624463,Waters Corp,941848103,US9418481035,,1151618.32,342951934.5,0.052633227195,EC,CORP
0001410368-26-055357,884394,State Street(R) SPDR(R) S&P 500(R) ETF Trust,2026-03-31,2026-05-28,170624464,Wells Fargo & Co,949746101,US9497461015,,36014894.0,2867145711.34,0.440024144629,EC,CORP
0001410368-26-055357,884394,State Street(R) SPDR(R) S&P 500(R) ETF Trust,2026-03-31,2026-05-28,170624466,Welltower Inc,95040Q104,US95040Q1040,,8129624.0,1607307961.04,0.246675398433,EC,OTHER
0001410368-26-055357,884394,State Street(R) SPDR(R) S&P 500(R) ETF Trust,2026-03-31,2026-05-28,170624468,West Pharmaceutical Services Inc,955306105,US9553061055,,840834.0,210746633.76,0.032343527881,EC,CORP
0001410368-26-055357,884394,State Street(R) SPDR(R) S&P 500(R) ETF Trust,2026-03-31,2026-05-28,170624470,Western Digital Corp,958102105,US9581021055,,3945971.0,1067345695.79,0.163806769553,EC,CORP
0001410368-26-055357,884394,State Street(R) SPDR(R) S&P 500(R) ETF Trust,2026-03-31,2026-05-28,170624472,Weyerhaeuser Co,962166104,US9621661043,,8415303.0,205585852.29,0.031551496822,EC,OTHER
0001410368-26-055357,884394,State Street(R) SPDR(R) S&P 500(R) ETF Trust,2026-03-31,2026-05-28,170624474,Williams Cos Inc/The,969457100,US9694571004,,14210841.0,1034265007.98,0.158729838409,EC,CORP
0001410368-26-055357,884394,State Street(R) SPDR(R) S&P 500(R) ETF Trust,2026-03-31,2026-05-28,170624476,Williams-Sonoma Inc,969904101,US9699041011,,1383663.0,252283274.79,0.038718203875,EC,CORP
0001410368-26-055357,884394,State Street(R) SPDR(R) S&P 500(R) ETF Trust,2026-03-31,2026-05-28,170624478,Workday Inc,98138H101,US98138H1014,,2471933.0,321153535.36,0.049287801848,EC,CORP
0001410368-26-055357,884394,State Street(R) SPDR(R) S&P 500(R) ETF Trust,2026-03-31,2026-05-28,170624480,Wynn Resorts Ltd,983134107,US9831341071,,982661.0,99789224.55,0.015314766878,EC,CORP
0001410368-26-055357,884394,State Street(R) SPDR(R) S&P 500(R) ETF Trust,2026-03-31,2026-05-28,170624482,Xcel Energy Inc,98389B100,US98389B1008,,6910462.0,548967101.28,0.084250611405,EC,CORP
0001410368-26-055357,884394,State Street(R) SPDR(R) S&P 500(R) ETF Trust,2026-03-31,2026-05-28,170624484,Xylem Inc/NY,98419M100,US98419M1009,,2835403.0,338830658.5,0.052000730235,EC,CORP
0001410368-26-055357,884394,State Street(R) SPDR(R) S&P 500(R) ETF Trust,2026-03-31,2026-05-28,170624485,Yum! Brands Inc,988498101,US9884981013,,3242528.0,504148253.44,0.077372211362,EC,CORP
0001410368-26-055357,884394,State Street(R) SPDR(R) S&P 500(R) ETF Trust,2026-03-31,2026-05-28,170624487,Zebra Technologies Corp,989207105,US9892071054,,566923.0,118532260.84,0.01819128218,EC,CORP
0001410368-26-055357,884394,State Street(R) SPDR(R) S&P 500(R) ETF Trust,2026-03-31,2026-05-28,170624489,Zimmer Biomet Holdings Inc,98956P102,US98956P1021,,2316301.0,209439936.42,0.032142987539,EC,CORP
0001410368-26-055357,884394,State Street(R) SPDR(R) S&P 500(R) ETF Trust,2026-03-31,2026-05-28,170624491,Zoetis Inc,98978V103,US98978V1035,,4907059.0,580063444.39,0.08902300289,EC,CORP
0001410368-26-055357,884394,State Street(R) SPDR(R) S&P 500(R) ETF Trust,2026-03-31,2026-05-28,170624493,Allegion plc,000000000,IE00BFRT3W74,,1005259.0,146054080.11,0.022415087386,EC,CORP
0001410368-26-055357,884394,State Street(R) SPDR(R) S&P 500(R) ETF Trust,2026-03-31,2026-05-28,170624495,Amcor PLC,000000000,JE00BV7DQ550,,5393594.0,214395361.5,0.032903502317,EC,CORP
0001410368-26-055357,884394,State Street(R) SPDR(R) S&P 500(R) ETF Trust,2026-03-31,2026-05-28,170624497,Aon PLC,000000000,IE00BLP1HW54,,2495104.0,805369669.12,0.123601007916,EC,CORP
0001410368-26-055357,884394,State Street(R) SPDR(R) S&P 500(R) ETF Trust,2026-03-31,2026-05-28,170624499,Arch Capital Group Ltd,000000000,BMG0450A1053,,4150750.0,398430492.5,0.061147585197,EC,CORP
0001410368-26-055357,884394,State Street(R) SPDR(R) S&P 500(R) ETF Trust,2026-03-31,2026-05-28,170624501,Accenture PLC,000000000,IE00B4BNMY34,,7162577.0,1420267393.33,0.21797006773,EC,CORP
0001410368-26-055357,884394,State Street(R) SPDR(R) S&P 500(R) ETF Trust,2026-03-31,2026-05-28,170624503,CRH PLC,000000000,IE0001827041,,7833794.0,823488425.28,0.126381714229,EC,CORP
0001410368-26-055357,884394,State Street(R) SPDR(R) S&P 500(R) ETF Trust,2026-03-31,2026-05-28,170624505,Eaton Corp PLC,000000000,IE00B8KQN827,,4530961.0,1620588820.87,0.248713627241,EC,CORP
0001410368-26-055357,884394,State Street(R) SPDR(R) S&P 500(R) ETF Trust,2026-03-31,2026-05-28,170624507,Everest Group Ltd,000000000,BMG3223R1088,,470136.0,153663951.6,0.023582983102,EC,CORP
0001410368-26-055357,884394,State Street(R) SPDR(R) S&P 500(R) ETF Trust,2026-03-31,2026-05-28,170624509,Aptiv PLC,000000000,JE00BTDN8H13,,2459930.0,170817539.2,0.026215563888,EC,CORP
0001410368-26-055357,884394,State Street(R) SPDR(R) S&P 500(R) ETF Trust,2026-03-31,2026-05-28,170624511,Invesco Ltd,000000000,BMG491BT1088,,5159014.0,125312450.06,0.019231845605,EC,CORP
0001410368-26-055357,884394,State Street(R) SPDR(R) S&P 500(R) ETF Trust,2026-03-31,2026-05-28,170624513,Johnson Controls International plc,000000000,IE00BY7QL619,,7143020.0,935378469.0,0.143553607721,EC,CORP
0001410368-26-055357,884394,State Street(R) SPDR(R) S&P 500(R) ETF Trust,2026-03-31,2026-05-28,170624514,Linde PLC,000000000,IE000S9YS762,,5437859.0,2695872977.84,0.413738721548,EC,CORP
0001410368-26-055357,884394,State Street(R) SPDR(R) S&P 500(R) ETF Trust,2026-03-31,2026-05-28,170624516,Medtronic PLC,000000000,IE00BTN1Y115,,14921818.0,1292975529.7,0.198434439251,EC,CORP
0001410368-26-055357,884394,State Street(R) SPDR(R) S&P 500(R) ETF Trust,2026-03-31,2026-05-28,170624518,Norwegian Cruise Line Holdings Ltd,000000000,BMG667211046,,5370579.0,100429827.3,0.015413080918,EC,CORP
0001410368-26-055357,884394,State Street(R) SPDR(R) S&P 500(R) ETF Trust,2026-03-31,2026-05-28,170624519,Seagate Technology Holdings PLC,000000000,IE00BKVD2N49,,2546491.0,997613314.16,0.153104860871,EC,CORP
0001410368-26-055357,884394,State Street(R) SPDR(R) S&P 500(R) ETF Trust,2026-03-31,2026-05-28,170624521,Pentair PLC,000000000,IE00BLS09M33,,1912685.0,166613990.35,0.025570440419,EC,CORP
0001410368-26-055357,884394,State Street(R) SPDR(R) S&P 500(R) ETF Trust,2026-03-31,2026-05-28,170624523,Smurfit Westrock PLC,000000000,IE00028FXN24,,6094590.0,242869411.5,0.037273447466,EC,CORP
0001410368-26-055357,884394,State Street(R) SPDR(R) S&P 500(R) ETF Trust,2026-03-31,2026-05-28,170624525,STERIS PLC,000000000,IE00BFY8C754,,1147285.0,253699132.05,0.038935497115,EC,CORP
0001410368-26-055357,884394,State Street(R) SPDR(R) S&P 500(R) ETF Trust,2026-03-31,2026-05-28,170624527,TE Connectivity PLC,000000000,IE000IVNQZ81,,3412314.0,713241872.28,0.109462049146,EC,CORP
0001410368-26-055357,884394,State Street(R) SPDR(R) S&P 500(R) ETF Trust,2026-03-31,2026-05-28,170624529,Trane Technologies PLC,000000000,IE00BK9ZQ967,,2575742.0,1073414721.08,0.164738189833,EC,CORP
0001410368-26-055357,884394,State Street(R) SPDR(R) S&P 500(R) ETF Trust,2026-03-31,2026-05-28,170624530,Willis Towers Watson PLC,000000000,IE00BDB6Q211,,1103161.0,320688902.7,0.04921649414,EC,CORP
0001410368-26-055357,884394,State Street(R) SPDR(R) S&P 500(R) ETF Trust,2026-03-31,2026-05-28,170624532,Bunge Global SA,000000000,CH1300646267,,1581953.0,201224421.6,0.030882143046,EC,CORP
0001410368-26-055357,884394,State Street(R) SPDR(R) S&P 500(R) ETF Trust,2026-03-31,2026-05-28,170624534,Chubb Ltd,000000000,CH0044328745,,4233858.0,1379941337.94,0.211781181704,EC,CORP
0001410368-26-055357,884394,State Street(R) SPDR(R) S&P 500(R) ETF Trust,2026-03-31,2026-05-28,170624536,Garmin Ltd,000000000,CH0114405324,,1912602.0,443742790.02,0.068101715528,EC,CORP
0001410368-26-055357,884394,State Street(R) SPDR(R) S&P 500(R) ETF Trust,2026-03-31,2026-05-28,170624537,LyondellBasell Industries NV,000000000,NL0009434992,,3009633.0,242456034.48,0.037210006021,EC,CORP
0001410368-26-055357,884394,State Street(R) SPDR(R) S&P 500(R) ETF Trust,2026-03-31,2026-05-28,170624539,NXP Semiconductors NV,000000000,NL0009538784,,2932624.0,577316360.64,0.088601404793,EC,CORP
0001410368-26-055357,884394,State Street(R) SPDR(R) S&P 500(R) ETF Trust,2026-03-31,2026-05-28,170624541,Royal Caribbean Cruises Ltd,000000000,LR0008862868,,2926423.0,805293081.14,0.123589253871,EC,CORP
0000940400-26-022717,936958,SPDR S&P MIDCAP 400 ETF TRUST,2026-03-31,2026-06-01,171678518,Doximity Inc,26622P107,US26622P1075,DOCS,1008554.0,23499308.2,0.097034396813,EC,CORP
0000940400-26-022717,936958,SPDR S&P MIDCAP 400 ETF TRUST,2026-03-31,2026-06-01,171678519,Qualys Inc,74758T303,US74758T3032,QLYS,270267.0,23742955.95,0.098040478024,EC,CORP
0000940400-26-022717,936958,SPDR S&P MIDCAP 400 ETF TRUST,2026-03-31,2026-06-01,171678520,Morningstar Inc,617700109,US6177001095,MORN,173048.0,29253764.4,0.120795955307,EC,CORP
0000940400-26-022717,936958,SPDR S&P MIDCAP 400 ETF TRUST,2026-03-31,2026-06-01,171678521,UGI Corp,902681105,US9026811052,UGI,1617736.0,58917945.12,0.24328662008,EC,CORP
0000940400-26-022717,936958,SPDR S&P MIDCAP 400 ETF TRUST,2026-03-31,2026-06-01,171678522,Chord Energy Corp.,674215207,US6742152076,CHRD,428596.0,60937779.28,0.251627009836,EC,CORP
0000940400-26-022717,936958,SPDR S&P MIDCAP 400 ETF TRUST,2026-03-31,2026-06-01,171678523,UL Solutions Inc.,903731107,US9037311076,ULS,582311.0,49909875.81,0.206090096484,EC,CORP
0000940400-26-022717,936958,SPDR S&P MIDCAP 400 ETF TRUST,2026-03-31,2026-06-01,171678524,NorthWestern Energy Group Inc,668074305,US6680743050,NWE,463108.0,30537341.52,0.126096159489,EC,CORP
0000940400-26-022717,936958,SPDR S&P MIDCAP 400 ETF TRUST,2026-03-31,2026-06-01,171678525,AECOM,00766T100,US00766T1007,ACM,974462.0,82653866.84,0.341298052047,EC,CORP
0000940400-26-022717,936958,SPDR S&P MIDCAP 400 ETF TRUST,2026-03-31,2026-06-01,171678526,SPX TECHNOLOGIES INC,78473E103,US78473E1038,SPXC,375616.0,75100663.04,0.310109024331,EC,CORP
0000940400-26-022717,936958,SPDR S&P MIDCAP 400 ETF TRUST,2026-03-31,2026-06-01,171678527,Carlisle Companies Inc.,142339100,US1423391002,CSL,307449.0,102571135.38,0.423541330125,EC,CORP
0000940400-26-022717,936958,SPDR S&P MIDCAP 400 ETF TRUST,2026-03-31,2026-06-01,171678528,Chewy Inc,16679L109,US16679L1098,CHWY,1797751.0,48539277.0,0.200430558438,EC,CORP
0000940400-26-022717,936958,SPDR S&P MIDCAP 400 ETF TRUST,2026-03-31,2026-06-01,171678529,Pilgrims Pride Corporation,72147K108,US72147K1088,PPC,322270.0,12168915.2,0.050248430134,EC,CORP
0000940400-26-022717,936958,SPDR S&P MIDCAP 400 ETF TRUST,2026-03-31,2026-06-01,171678530,Reliance Inc,759509102,US7595091023,RS,394092.0,119772440.64,0.494569730881,EC,CORP
0000940400-26-022717,936958,SPDR S&P MIDCAP 400 ETF TRUST,2026-03-31,2026-06-01,171678531,"Royal Gold, Inc.",780287108,US7802871084,RGLD,610675.0,155410680.75,0.641728749484,EC,CORP
0000940400-26-022717,936958,SPDR S&P MIDCAP 400 ETF TRUST,2026-03-31,2026-06-01,171678532,MACOM TECHNOLOGY SOLUTIONS HOLDINGS INC,55405Y100,US55405Y1001,MTSI,486219.0,107974653.33,0.445853778666,EC,CORP
0000940400-26-022717,936958,SPDR S&P MIDCAP 400 ETF TRUST,2026-03-31,2026-06-01,171678533,Vicor Corp,925815102,US9258151029,VICR,171240.0,27569640.0,0.113841793341,EC,CORP
0000940400-26-022717,936958,SPDR S&P MIDCAP 400 ETF TRUST,2026-03-31,2026-06-01,171678534,"Vail Resorts, Inc.",91879Q109,US91879Q1094,MTN,269665.0,34603412.8,0.142885963286,EC,CORP
0000940400-26-022717,936958,SPDR S&P MIDCAP 400 ETF TRUST,2026-03-31,2026-06-01,171678535,Avantor Inc,05352A100,US05352A1007,AVTR,5140747.0,40303456.48,0.166422839163,EC,CORP
0000940400-26-022717,936958,SPDR S&P MIDCAP 400 ETF TRUST,2026-03-31,2026-06-01,171678536,Travel Plus Leisure Co,894164102,US8941641024,TNL,484823.0,33544903.37,0.138515118699,EC,CORP
0000940400-26-022717,936958,SPDR S&P MIDCAP 400 ETF TRUST,2026-03-31,2026-06-01,171678537,Littelfuse Inc.,537008104,US5370081045,LFUS,187688.0,63691922.8,0.262999542717,EC,CORP
0000940400-26-022717,936958,SPDR S&P MIDCAP 400 ETF TRUST,2026-03-31,2026-06-01,171678538,Encompass Health Corporation,29261A100,US29261A1007,EHC,758352.0,73355388.96,0.302902360365,EC,CORP
0000940400-26-022717,936958,SPDR S&P MIDCAP 400 ETF TRUST,2026-03-31,2026-06-01,171678539,F N B Corp (Pennsylvania),302520101,US3025201019,FNB,2693034.0,45027528.48,0.18592968903,EC,CORP
0000940400-26-022717,936958,SPDR S&P MIDCAP 400 ETF TRUST,2026-03-31,2026-06-01,171678540,Solstice Advanced Materials Inc.,83443Q103,US83443Q1031,SOLS,1196489.0,91124602.24,0.376275792374,EC,CORP
0000940400-26-022717,936958,SPDR S&P MIDCAP 400 ETF TRUST,2026-03-31,2026-06-01,171678541,United Bankshares Inc,909907107,US9099071071,UBSI,1051820.0,43566384.4,0.179896267397,EC,CORP
0000940400-26-022717,936958,SPDR S&P MIDCAP 400 ETF TRUST,2026-03-31,2026-06-01,171678542,Albertsons Companies Inc.,013091103,US0130911037,ACI,2788858.0,47522140.32,0.196230552065,EC,CORP
0000940400-26-022717,936958,SPDR S&P MIDCAP 400 ETF TRUST,2026-03-31,2026-06-01,171678543,Wintrust Financial Corporation,97650W108,US97650W1080,WTFC,504799.0,70136773.06,0.289611907312,EC,CORP
0000940400-26-022717,936958,SPDR S&P MIDCAP 400 ETF TRUST,2026-03-31,2026-06-01,171678544,Eagle Materials Inc.,26969P108,US26969P1084,EXP,236911.0,44882788.95,0.185332024074,EC,CORP
0000940400-26-022717,936958,SPDR S&P MIDCAP 400 ETF TRUST,2026-03-31,2026-06-01,171678545,US Foods Holding Corp,912008109,US9120081099,USFD,1662245.0,153275611.45,0.632912525622,EC,CORP
0000940400-26-022717,936958,SPDR S&P MIDCAP 400 ETF TRUST,2026-03-31,2026-06-01,171678546,Graco Inc,384109104,US3841091040,GGG,1249604.0,105778978.6,0.436787300146,EC,CORP
0000940400-26-022717,936958,SPDR S&P MIDCAP 400 ETF TRUST,2026-03-31,2026-06-01,171678547,Casey'S General Stores Inc.,147528103,US1475281036,CASY,279381.0,203350254.66,0.839682987041,EC,CORP
0000940400-26-022717,936958,SPDR S&P MIDCAP 400 ETF TRUST,2026-03-31,2026-06-01,171678548,Lear Corporation,521865204,US5218652049,LEA,382339.0,46293606.12,0.191157633575,EC,CORP
0000940400-26-022717,936958,SPDR S&P MIDCAP 400 ETF TRUST,2026-03-31,2026-06-01,171678549,Synaptics Incorporated,87157D109,US87157D1090,SYNA,291915.0,20445726.6,0.084425410789,EC,CORP
0000940400-26-022717,936958,SPDR S&P MIDCAP 400 ETF TRUST,2026-03-31,2026-06-01,171678550,"Primerica, Inc.",74164M108,US74164M1080,PRI,240556.0,60254466.88,0.248805445643,EC,CORP
0000940400-26-022717,936958,SPDR S&P MIDCAP 400 ETF TRUST,2026-03-31,2026-06-01,171678551,Ingredion Incorporated,457187102,US4571871023,INGR,474840.0,53495474.4,0.220895910912,EC,CORP
0000940400-26-022717,936958,SPDR S&P MIDCAP 400 ETF TRUST,2026-03-31,2026-06-01,171678552,Somnigroup International Inc.,88023U101,US88023U1016,SGI,1582099.0,116948758.08,0.482910054278,EC,CORP
0000940400-26-022717,936958,SPDR S&P MIDCAP 400 ETF TRUST,2026-03-31,2026-06-01,171678553,Westlake Corporation,960413102,US9604131022,WLK,251372.0,29365277.04,0.121256418298,EC,CORP
0000940400-26-022717,936958,SPDR S&P MIDCAP 400 ETF TRUST,2026-03-31,2026-06-01,171678554,Permian Resources Corp,71424F105,US71424F1057,PR,5580152.0,118968840.64,0.491251469738,EC,CORP
0000940400-26-022717,936958,SPDR S&P MIDCAP 400 ETF TRUST,2026-03-31,2026-06-01,171678555,ANTERO MIDSTREAM CORP,03676B102,US03676B1026,AM,2495957.0,56907819.6,0.234986319676,EC,CORP
0000940400-26-022717,936958,SPDR S&P MIDCAP 400 ETF TRUST,2026-03-31,2026-06-01,171678556,Core & Main Inc,21874C102,US21874C1027,CNM,1423026.0,70297484.4,0.290275523781,EC,CORP
0000940400-26-022717,936958,SPDR S&P MIDCAP 400 ETF TRUST,2026-03-31,2026-06-01,171678557,Illumina Inc,452327109,US4523271090,ILMN,1152422.0,142047535.72,0.586549052002,EC,CORP
0000940400-26-022717,936958,SPDR S&P MIDCAP 400 ETF TRUST,2026-03-31,2026-06-01,171678558,Owens Corning,690742101,US6907421019,OC,619487.0,67040883.14,0.276828219876,EC,CORP
0000940400-26-022717,936958,SPDR S&P MIDCAP 400 ETF TRUST,2026-03-31,2026-06-01,171678559,Fortune Brands Innovations Inc,34964C106,US34964C1062,FBIN,905491.0,35286984.27,0.145708597243,EC,CORP
0000940400-26-022717,936958,SPDR S&P MIDCAP 400 ETF TRUST,2026-03-31,2026-06-01,171678560,Exponent Inc,30214U102,US30214U1025,EXPO,375996.0,24533739.0,0.101305814842,EC,CORP
0000940400-26-022717,936958,SPDR S&P MIDCAP 400 ETF TRUST,2026-03-31,2026-06-01,171678561,ExlService Holdings Inc.,302081104,US3020811044,EXLS,1184452.0,36066563.4,0.148927670332,EC,CORP
0000940400-26-022717,936958,SPDR S&P MIDCAP 400 ETF TRUST,2026-03-31,2026-06-01,171678562,Booz Allen Hamilton Holding Corp.,099502106,US0995021062,BAH,908926.0,70923495.78,0.292860478033,EC,CORP
0000940400-26-022717,936958,SPDR S&P MIDCAP 400 ETF TRUST,2026-03-31,2026-06-01,171678563,Topbuild Corporation,89055F103,US89055F1030,BLD,210373.0,73904034.9,0.305167853775,EC,CORP
0000940400-26-022717,936958,SPDR S&P MIDCAP 400 ETF TRUST,2026-03-31,2026-06-01,171678564,"Clean Harbors, Inc.",184496107,US1844961078,CLH,378557.0,108543648.61,0.448203299482,EC,CORP
0000940400-26-022717,936958,SPDR S&P MIDCAP 400 ETF TRUST,2026-03-31,2026-06-01,171678565,International Bancshares Corp,459044103,US4590441030,IBOC,407632.0,27429557.28,0.113263357494,EC,CORP
0000940400-26-022717,936958,SPDR S&P MIDCAP 400 ETF TRUST,2026-03-31,2026-06-01,171678566,Masimo Corporation,574795100,US5747951003,MASI,344120.0,61208624.4,0.252745395646,EC,CORP
0000940400-26-022717,936958,SPDR S&P MIDCAP 400 ETF TRUST,2026-03-31,2026-06-01,171678567,"Harley-Davidson, Inc.",412822108,US4128221086,HOG,890453.0,18004959.66,0.074346886529,EC,CORP
0000940400-26-022717,936958,SPDR S&P MIDCAP 400 ETF TRUST,2026-03-31,2026-06-01,171678568,Kinsale Capital Group Inc,49714P108,US49714P1084,KNSL,166575.0,56912014.5,0.235003641445,EC,CORP
0000940400-26-022717,936958,SPDR S&P MIDCAP 400 ETF TRUST,2026-03-31,2026-06-01,171678569,"CNO Financial Group, Inc.",12621E103,US12621E1038,CNO,712260.0,29245395.6,0.120761398483,EC,CORP
0000940400-26-022717,936958,SPDR S&P MIDCAP 400 ETF TRUST,2026-03-31,2026-06-01,171678570,NNN REIT Inc,637417106,US6374171063,NNN,1431593.0,60169853.79,0.248456057479,EC,CORP
0000940400-26-022717,936958,SPDR S&P MIDCAP 400 ETF TRUST,2026-03-31,2026-06-01,171678571,GATX Corporation,361448103,US3614481030,GATX,269073.0,45941524.02,0.189703800385,EC,CORP
0000940400-26-022717,936958,SPDR S&P MIDCAP 400 ETF TRUST,2026-03-31,2026-06-01,171678572,CELSIUS HOLDINGS INC,15118V207,US15118V2079,CELH,1204637.0,42740520.76,0.176486074234,EC,CORP
0000940400-26-022717,936958,SPDR S&P MIDCAP 400 ETF TRUST,2026-03-31,2026-06-01,171678573,Cleveland-Cliffs Inc,185899101,US1858991011,CLF,4299090.0,36327310.5,0.150004358946,EC,CORP
0000940400-26-022717,936958,SPDR S&P MIDCAP 400 ETF TRUST,2026-03-31,2026-06-01,171678574,Crane Co.,224408104,US2244081046,CR,368994.0,63097974.0,0.260546982708,EC,CORP
0000940400-26-022717,936958,SPDR S&P MIDCAP 400 ETF TRUST,2026-03-31,2026-06-01,171678575,Bentley Systems Incorporated,08265T208,US08265T2087,BSY,1122501.0,39422235.12,0.162784060422,EC,CORP
0000940400-26-022717,936958,SPDR S&P MIDCAP 400 ETF TRUST,2026-03-31,2026-06-01,171678576,Antero Resources Corporation,03674X106,US03674X1063,AR,2209117.0,93754925.48,0.387137041006,EC,CORP
0000940400-26-022717,936958,SPDR S&P MIDCAP 400 ETF TRUST,2026-03-31,2026-06-01,171678577,Chemed Corporation,16359R103,US16359R1032,CHE,106753.0,40324878.22,0.166511294772,EC,CORP
0000940400-26-022717,936958,SPDR S&P MIDCAP 400 ETF TRUST,2026-03-31,2026-06-01,171678578,GENPACT LTD,000000000,BMG3922B1072,G,1194008.0,44476798.0,0.183655588044,EC,CORP
0000940400-26-022717,936958,SPDR S&P MIDCAP 400 ETF TRUST,2026-03-31,2026-06-01,171678579,Fluor Corporation,343412102,US3434121022,FLR,1214852.0,56672845.8,0.234016055328,EC,CORP
0000940400-26-022717,936958,SPDR S&P MIDCAP 400 ETF TRUST,2026-03-31,2026-06-01,171678580,EPR Properties,26884U109,US26884U1097,EPR,573874.0,28670745.04,0.118388525631,EC,CORP
0000940400-26-022717,936958,SPDR S&P MIDCAP 400 ETF TRUST,2026-03-31,2026-06-01,171678581,SLM CORP (SALLIE MAE),78442P106,US78442P1066,SLM,1501402.0,32145016.82,0.132734644404,EC,CORP
0000940400-26-022717,936958,SPDR S&P MIDCAP 400 ETF TRUST,2026-03-31,2026-06-01,171678582,Paylocity Holding Corporation,70438V106,US70438V1061,PCTY,328915.0,35535976.6,0.146736747533,EC,CORP
0000940400-26-022717,936958,SPDR S&P MIDCAP 400 ETF TRUST,2026-03-31,2026-06-01,171678583,GXO Logistics Inc.,36262G101,US36262G1013,GXO,863088.0,44751112.8,0.184788301013,EC,CORP
0000940400-26-022717,936958,SPDR S&P MIDCAP 400 ETF TRUST,2026-03-31,2026-06-01,171678584,Carlyle Group Inc,14316J108,US14316J1088,CG,1955840.0,94643097.6,0.390804521137,EC,CORP
0000940400-26-022717,936958,SPDR S&P MIDCAP 400 ETF TRUST,2026-03-31,2026-06-01,171678585,Houlihan Lokey Inc.,441593100,US4415931009,HLI,409671.0,58836949.02,0.242952167353,EC,CORP
0000940400-26-022717,936958,SPDR S&P MIDCAP 400 ETF TRUST,2026-03-31,2026-06-01,171678586,Block(H&R)Inc,093671105,US0936711052,HRB,955402.0,30324459.48,0.125217117427,EC,CORP
0000940400-26-022717,936958,SPDR S&P MIDCAP 400 ETF TRUST,2026-03-31,2026-06-01,171678587,Janus Henderson Group PLC,000000000,JE00BYPZJM29,JHG,929028.0,47724168.36,0.197064775304,EC,CORP
0000940400-26-022717,936958,SPDR S&P MIDCAP 400 ETF TRUST,2026-03-31,2026-06-01,171678588,Jazz Pharmaceuticals PLC,000000000,IE00B4Q5ZN47,JAZZ,457993.0,86583576.65,0.35752478595,EC,CORP
0000940400-26-022717,936958,SPDR S&P MIDCAP 400 ETF TRUST,2026-03-31,2026-06-01,171678589,Performance Food Group Co.,71377A103,US71377A1034,PFGC,1184082.0,101428464.12,0.418822960736,EC,CORP
0000940400-26-022717,936958,SPDR S&P MIDCAP 400 ETF TRUST,2026-03-31,2026-06-01,171678590,Post Holdings Inc.,737446104,US7374461041,POST,318076.0,31444993.36,0.129844076154,EC,CORP
0000940400-26-022717,936958,SPDR S&P MIDCAP 400 ETF TRUST,2026-03-31,2026-06-01,171678591,UMB Financial Corp.,902788108,US9027881088,UMBF,538169.0,60700081.51,0.250645497549,EC,CORP
0000940400-26-022717,936958,SPDR S&P MIDCAP 400 ETF TRUST,2026-03-31,2026-06-01,171678592,Crane NXT Co,224441105,US2244411052,CXT,372204.0,15107760.36,0.062383641307,EC,CORP
0000940400-26-022717,936958,SPDR S&P MIDCAP 400 ETF TRUST,2026-03-31,2026-06-01,171678593,Five Below Inc,33829M101,US33829M1018,FIVE,415725.0,94984848.0,0.392215692208,EC,CORP
0000940400-26-022717,936958,SPDR S&P MIDCAP 400 ETF TRUST,2026-03-31,2026-06-01,171678594,Entegris Inc,29362U104,US29362U1043,ENTG,1145642.0,134315068.08,0.554619800003,EC,CORP
0000940400-26-022717,936958,SPDR S&P MIDCAP 400 ETF TRUST,2026-03-31,2026-06-01,171678595,Cognex Corp,192422103,US1924221039,CGNX,1248960.0,61186550.4,0.252654246696,EC,CORP
0000940400-26-022717,936958,SPDR S&P MIDCAP 400 ETF TRUST,2026-03-31,2026-06-01,171678596,National Storage Affiliates Trust,637870106,US6378701063,NSA,533481.0,20133572.94,0.083136451903,EC,CORP
0000940400-26-022717,936958,SPDR S&P MIDCAP 400 ETF TRUST,2026-03-31,2026-06-01,171678597,ATI Inc,01741R102,US01741R1023,ATI,1024021.0,148954094.66,0.615067924774,EC,CORP
0000940400-26-022717,936958,SPDR S&P MIDCAP 400 ETF TRUST,2026-03-31,2026-06-01,171678598,NEXTPOWER INC,65290E101,US65290E1010,NXT,1119081.0,134905214.55,0.557056659261,EC,CORP
0000940400-26-022717,936958,SPDR S&P MIDCAP 400 ETF TRUST,2026-03-31,2026-06-01,171678599,Coca-Cola Consolidated Inc,191098102,US1910981026,COKE,426354.0,81749115.96,0.337562114156,EC,CORP
0000940400-26-022717,936958,SPDR S&P MIDCAP 400 ETF TRUST,2026-03-31,2026-06-01,171678600,Nexstar Media Group Inc,65336K103,US65336K1034,NXST,214848.0,38850963.84,0.160425141444,EC,CORP
0000940400-26-022717,936958,SPDR S&P MIDCAP 400 ETF TRUST,2026-03-31,2026-06-01,171678601,Hancock Whitney Corporation,410120109,US4101201097,HWC,619999.0,39425736.41,0.162798518105,EC,CORP
0000940400-26-022717,936958,SPDR S&P MIDCAP 400 ETF TRUST,2026-03-31,2026-06-01,171678602,"Reinsurance Group of America, Incorporated",759351604,US7593516047,RGA,495295.0,101119427.2,0.417546871633,EC,CORP
0000940400-26-022717,936958,SPDR S&P MIDCAP 400 ETF TRUST,2026-03-31,2026-06-01,171678603,OGE Energy Corporation,670837103,US6708371033,OGE,1548668.0,74274117.28,0.306696014528,EC,CORP
0000940400-26-022717,936958,SPDR S&P MIDCAP 400 ETF TRUST,2026-03-31,2026-06-01,171678604,Nutanix Inc,67059N108,US67059N1081,NTNX,2038037.0,77465786.37,0.319875197606,EC,CORP
0000940400-26-022717,936958,SPDR S&P MIDCAP 400 ETF TRUST,2026-03-31,2026-06-01,171678605,BWX Technologies Inc.,05605H100,US05605H1005,BWXT,689097.0,140913445.53,0.581866115952,EC,CORP
0000940400-26-022717,936958,SPDR S&P MIDCAP 400 ETF TRUST,2026-03-31,2026-06-01,171678606,HOME BANCSHARES INC,436893200,US4368932004,HOMB,1378838.0,37132107.34,0.153327562134,EC,CORP
0000940400-26-022717,936958,SPDR S&P MIDCAP 400 ETF TRUST,2026-03-31,2026-06-01,171678607,Donaldson Co Inc,257651109,US2576511099,DCI,869306.0,73778000.22,0.304647425724,EC,CORP
0000940400-26-022717,936958,SPDR S&P MIDCAP 400 ETF TRUST,2026-03-31,2026-06-01,171678608,Globus Med Inc,379577208,US3795772082,GMED,839700.0,72348552.0,0.298744884057,EC,CORP
0000940400-26-022717,936958,SPDR S&P MIDCAP 400 ETF TRUST,2026-03-31,2026-06-01,171678609,Lantheus Holdings Inc,516544103,US5165441032,LNTH,499803.0,37910057.55,0.156539909014,EC,CORP
0000940400-26-022717,936958,SPDR S&P MIDCAP 400 ETF TRUST,2026-03-31,2026-06-01,171678610,Brixmor Property Group Inc,11120U105,US11120U1051,BRX,2310800.0,66551040.0,0.274805537624,EC,CORP
0000940400-26-022717,936958,SPDR S&P MIDCAP 400 ETF TRUST,2026-03-31,2026-06-01,171678611,"Flowers Foods, Inc.",343498101,US3434981011,FLO,1591669.0,12972102.35,0.053564986518,EC,CORP
0000940400-26-022717,936958,SPDR S&P MIDCAP 400 ETF TRUST,2026-03-31,2026-06-01,171678612,SITIME CORP,82982T106,US82982T1060,SITM,166515.0,57505955.25,0.237456168214,EC,CORP
0000940400-26-022717,936958,SPDR S&P MIDCAP 400 ETF TRUST,2026-03-31,2026-06-01,171678613,Vornado Realty Trust,929042109,US9290421091,VNO,1207134.0,31373412.66,0.129548501918,EC,CORP
0000940400-26-022717,936958,SPDR S&P MIDCAP 400 ETF TRUST,2026-03-31,2026-06-01,171678614,Tetra Tech Inc,88162G103,US88162G1031,TTEK,1965755.0,59208540.6,0.244486559962,EC,CORP
0000940400-26-022717,936958,SPDR S&P MIDCAP 400 ETF TRUST,2026-03-31,2026-06-01,171678615,Lamar Advertising Company,512816109,US5128161099,LAMR,654698.0,82924048.68,0.342413699012,EC,CORP
0000940400-26-022717,936958,SPDR S&P MIDCAP 400 ETF TRUST,2026-03-31,2026-06-01,171678616,MKS Inc.,55306N104,US55306N1046,MKSI,506261.0,116343840.41,0.480412201119,EC,CORP
0000940400-26-022717,936958,SPDR S&P MIDCAP 400 ETF TRUST,2026-03-31,2026-06-01,171678617,TechnipFMC PLC,000000000,GB00BDSFG982,FTI,3048921.0,210771908.73,0.870328813714,EC,CORP
0000940400-26-022717,936958,SPDR S&P MIDCAP 400 ETF TRUST,2026-03-31,2026-06-01,171678618,Simpson Manufacturing Co Inc.,829073105,US8290731053,SSD,312482.0,53628160.84,0.221443805708,EC,CORP
0000940400-26-022717,936958,SPDR S&P MIDCAP 400 ETF TRUST,2026-03-31,2026-06-01,171678619,Wyndham Hotels & Resorts Inc,98311A105,US98311A1051,WH,569441.0,46255692.43,0.191001078667,EC,CORP
0000940400-26-022717,936958,SPDR S&P MIDCAP 400 ETF TRUST,2026-03-31,2026-06-01,171678620,"Darling Ingredients, Inc",237266101,US2372661015,DAR,1192268.0,73741775.8,0.304497846226,EC,CORP
0000940400-26-022717,936958,SPDR S&P MIDCAP 400 ETF TRUST,2026-03-31,2026-06-01,171678621,Equity Lifestyle Properties Inc,29472R108,US29472R1086,ELS,1460955.0,91192811.1,0.376557443457,EC,CORP
0000940400-26-022717,936958,SPDR S&P MIDCAP 400 ETF TRUST,2026-03-31,2026-06-01,171678622,"STAG Industrial, Inc.",85254J102,US85254J1025,STAG,1439858.0,51921279.48,0.214395674682,EC,CORP
0000940400-26-022717,936958,SPDR S&P MIDCAP 400 ETF TRUST,2026-03-31,2026-06-01,171678623,Caretrust Reit Inc,14174T107,US14174T1079,CTRE,1683826.0,61712222.9,0.254824877147,EC,CORP
0000940400-26-022717,936958,SPDR S&P MIDCAP 400 ETF TRUST,2026-03-31,2026-06-01,171678624,Onto Innovation Inc.,683344105,US6833441057,ONTO,374236.0,76744576.52,0.316897145564,EC,CORP
0000940400-26-022717,936958,SPDR S&P MIDCAP 400 ETF TRUST,2026-03-31,2026-06-01,171678625,SOUTHSTATE BANK CORP,84472E102,US84472E1029,SSB,747214.0,69132239.28,0.285463941397,EC,CORP
0000940400-26-022717,936958,SPDR S&P MIDCAP 400 ETF TRUST,2026-03-31,2026-06-01,171678626,Bath & Body Works Inc,070830104,US0708301041,BBWI,1543011.0,28808015.37,0.118955348431,EC,CORP
0000940400-26-022717,936958,SPDR S&P MIDCAP 400 ETF TRUST,2026-03-31,2026-06-01,171678627,Everpure Inc.,74624M102,US74624M1027,PSTG,2364109.0,139576995.36,0.576347586001,EC,CORP
0000940400-26-022717,936958,SPDR S&P MIDCAP 400 ETF TRUST,2026-03-31,2026-06-01,171678628,Essent Group Ltd.,000000000,BMG3198U1027,ESNT,719460.0,42045242.4,0.173615099663,EC,CORP
0000940400-26-022717,936958,SPDR S&P MIDCAP 400 ETF TRUST,2026-03-31,2026-06-01,171678629,Yeti Holdings Inc,98585X104,US98585X1046,YETI,586446.0,21458059.14,0.088605579692,EC,CORP
0000940400-26-022717,936958,SPDR S&P MIDCAP 400 ETF TRUST,2026-03-31,2026-06-01,171678630,The Gap Inc.,364760108,US3647601083,GAP,1709960.0,41381032.0,0.170872412305,EC,CORP
0000940400-26-022717,936958,SPDR S&P MIDCAP 400 ETF TRUST,2026-03-31,2026-06-01,171678631,EnerSys,29275Y102,US29275Y1029,ENS,277753.0,48251251.16,0.199241229229,EC,CORP
0000940400-26-022717,936958,SPDR S&P MIDCAP 400 ETF TRUST,2026-03-31,2026-06-01,171678632,Ensign Group Inc,29358P101,US29358P1012,ENSG,434717.0,87595475.5,0.361703164041,EC,CORP
0000940400-26-022717,936958,SPDR S&P MIDCAP 400 ETF TRUST,2026-03-31,2026-06-01,171678633,Option Care Health Inc,68404L201,US68404L2016,OPCH,1196385.0,32206684.2,0.132989284114,EC,CORP
0000940400-26-022717,936958,SPDR S&P MIDCAP 400 ETF TRUST,2026-03-31,2026-06-01,171678634,Aaon Inc,000360206,US0003602069,AAON,510041.0,42205892.75,0.174278464289,EC,CORP
0000940400-26-022717,936958,SPDR S&P MIDCAP 400 ETF TRUST,2026-03-31,2026-06-01,171678635,MP Materials Corp,553368101,US5533681012,MP,1015206.0,48993841.56,0.202307566796,EC,CORP
0000940400-26-022717,936958,SPDR S&P MIDCAP 400 ETF TRUST,2026-03-31,2026-06-01,171678636,Kilroy Realty Corporation,49427F108,US49427F1084,KRC,821722.0,23180777.62,0.095719106063,EC,CORP
0000940400-26-022717,936958,SPDR S&P MIDCAP 400 ETF TRUST,2026-03-31,2026-06-01,171678637,Lincoln Electric Holdings Inc.,533900106,US5339001068,LECO,414734.0,103301944.72,0.426559020812,EC,CORP
0000940400-26-022717,936958,SPDR S&P MIDCAP 400 ETF TRUST,2026-03-31,2026-06-01,171678638,Idacorp Inc,451107106,US4511071064,IDA,407347.0,58238400.59,0.240480614345,EC,CORP
0000940400-26-022717,936958,SPDR S&P MIDCAP 400 ETF TRUST,2026-03-31,2026-06-01,171678639,Woodward Inc.,980745103,US9807451037,WWD,449328.0,160823477.76,0.664079513535,EC,CORP
0000940400-26-022717,936958,SPDR S&P MIDCAP 400 ETF TRUST,2026-03-31,2026-06-01,171678640,Sensata Technologies Holding PLC,000000000,GB00BFMBMT84,ST,1097994.0,38671348.68,0.159683466474,EC,CORP
0000940400-26-022717,936958,SPDR S&P MIDCAP 400 ETF TRUST,2026-03-31,2026-06-01,171678641,MSC Industrial Direct Co Inc.,553530106,US5535301064,MSM,344887.0,31822723.49,0.131403816339,EC,CORP
0000940400-26-022717,936958,SPDR S&P MIDCAP 400 ETF TRUST,2026-03-31,2026-06-01,171678642,PVH Corp.,693656100,US6936561009,PVH,345224.0,24082826.24,0.099443885661,EC,CORP
0000940400-26-022717,936958,SPDR S&P MIDCAP 400 ETF TRUST,2026-03-31,2026-06-01,171678643,Churchill Downs Inc,171484108,US1714841087,CHDN,499277.0,44850052.91,0.185196848951,EC,CORP
0000940400-26-022717,936958,SPDR S&P MIDCAP 400 ETF TRUST,2026-03-31,2026-06-01,171678644,Rayonier Inc,754907103,US7549071030,RYN,2096371.0,43227170.02,0.178495568173,EC,CORP
0000940400-26-022717,936958,SPDR S&P MIDCAP 400 ETF TRUST,2026-03-31,2026-06-01,171678645,Alcoa Corporation,013872106,US0138721065,AA,1951833.0,129465082.89,0.534593023748,EC,CORP
0000940400-26-022717,936958,SPDR S&P MIDCAP 400 ETF TRUST,2026-03-31,2026-06-01,171678646,"Omega Healthcare Investors, Inc.",681936100,US6819361006,OHI,2227742.0,97619654.44,0.40309545307,EC,CORP
0000940400-26-022717,936958,SPDR S&P MIDCAP 400 ETF TRUST,2026-03-31,2026-06-01,171678647,"Toll Brothers, Inc.",889478103,US8894781033,TOL,714143.0,97459095.21,0.4024324647,EC,CORP
0000940400-26-022717,936958,SPDR S&P MIDCAP 400 ETF TRUST,2026-03-31,2026-06-01,171678648,Chart Industries Inc,16115Q308,US16115Q3083,GTLS,338818.0,70050621.5,0.289256166428,EC,CORP
0000940400-26-022717,936958,SPDR S&P MIDCAP 400 ETF TRUST,2026-03-31,2026-06-01,171678649,INTERDIGITAL INC,45867G101,US45867G1013,IDCC,193607.0,58469314.0,0.241434112349,EC,CORP
0000940400-26-022717,936958,SPDR S&P MIDCAP 400 ETF TRUST,2026-03-31,2026-06-01,171678650,CUBESMART,229663109,US2296631094,CUBE,1718749.0,62992150.85,0.260110013013,EC,CORP
0000940400-26-022717,936958,SPDR S&P MIDCAP 400 ETF TRUST,2026-03-31,2026-06-01,171678651,Gentex Corp,371901109,US3719011096,GNTX,1650189.0,36056629.65,0.148886651446,EC,CORP
0000940400-26-022717,936958,SPDR S&P MIDCAP 400 ETF TRUST,2026-03-31,2026-06-01,171678652,Belden Inc.,077454106,US0774541066,BDC,296217.0,34014598.11,0.140454603274,EC,CORP
0000940400-26-022717,936958,SPDR S&P MIDCAP 400 ETF TRUST,2026-03-31,2026-06-01,171678653,Louisiana Pacific Corporation,546347105,US5463471053,LPX,477669.0,34750419.75,0.143492990974,EC,CORP
0000940400-26-022717,936958,SPDR S&P MIDCAP 400 ETF TRUST,2026-03-31,2026-06-01,171678654,Essential Utilities Inc,29670G102,US29670G1022,WTRG,2132817.0,85888540.59,0.354654811894,EC,CORP
0000940400-26-022717,936958,SPDR S&P MIDCAP 400 ETF TRUST,2026-03-31,2026-06-01,171678655,GRAPHIC PACKAGING HOLDING CO,388689101,US3886891015,GPK,2224412.0,22110655.28,0.091300308927,EC,CORP
0000940400-26-022717,936958,SPDR S&P MIDCAP 400 ETF TRUST,2026-03-31,2026-06-01,171678656,Kirby Corp,497266106,US4972661064,KEX,408508.0,54282543.04,0.224145910022,EC,CORP
0000940400-26-022717,936958,SPDR S&P MIDCAP 400 ETF TRUST,2026-03-31,2026-06-01,171678657,Renaissancere Holdings Ltd.,000000000,BMG7496G1033,RNR,327784.0,97427238.32,0.402300919802,EC,CORP
0000940400-26-022717,936958,SPDR S&P MIDCAP 400 ETF TRUST,2026-03-31,2026-06-01,171678658,"Arrow Electronics, Inc.",042735100,US0427351004,ARW,385038.0,55218299.58,0.228009877874,EC,CORP
0000940400-26-022717,936958,SPDR S&P MIDCAP 400 ETF TRUST,2026-03-31,2026-06-01,171678659,ITT Inc,45073V108,US45073V1089,ITT,648195.0,123500593.35,0.509964186171,EC,CORP
0000940400-26-022717,936958,SPDR S&P MIDCAP 400 ETF TRUST,2026-03-31,2026-06-01,171678660,MAPLEBEAR INC,565394103,US5653941030,CART,1385116.0,51886445.36,0.214251836073,EC,CORP
0000940400-26-022717,936958,SPDR S&P MIDCAP 400 ETF TRUST,2026-03-31,2026-06-01,171678661,Prosperity Bancshares Inc,743606105,US7436061052,PB,761563.0,51161802.34,0.211259607631,EC,CORP
0000940400-26-022717,936958,SPDR S&P MIDCAP 400 ETF TRUST,2026-03-31,2026-06-01,171678662,United Therapeutics Corporation,91307C102,US91307C1027,UTHR,324529.0,192439206.42,0.794628597543,EC,CORP
0000940400-26-022717,936958,SPDR S&P MIDCAP 400 ETF TRUST,2026-03-31,2026-06-01,171678663,UFP Industries Inc,90278Q108,US90278Q1085,UFPI,439090.0,40448970.8,0.167023703416,EC,CORP
0000940400-26-022717,936958,SPDR S&P MIDCAP 400 ETF TRUST,2026-03-31,2026-06-01,171678664,Columbia Sportswear Co.,198516106,US1985161066,COLM,190899.0,10463174.19,0.043205007893,EC,CORP
0000940400-26-022717,936958,SPDR S&P MIDCAP 400 ETF TRUST,2026-03-31,2026-06-01,171678665,Rambus Inc.,750917106,US7509171069,RMBS,811369.0,69802075.07,0.288229857368,EC,CORP
0000940400-26-022717,936958,SPDR S&P MIDCAP 400 ETF TRUST,2026-03-31,2026-06-01,171678666,KBR Inc,48242W106,US48242W1062,KBR,957135.0,35279996.1,0.145679741378,EC,CORP
0000940400-26-022717,936958,SPDR S&P MIDCAP 400 ETF TRUST,2026-03-31,2026-06-01,171678667,TD Synnex Corp,87162W100,US87162W1009,SNX,565141.0,95344938.11,0.393702592432,EC,CORP
0000940400-26-022717,936958,SPDR S&P MIDCAP 400 ETF TRUST,2026-03-31,2026-06-01,171678668,Medpace Holdings Inc.,58506Q109,US58506Q1094,MEDP,168988.0,81146347.72,0.335073136519,EC,CORP
0000940400-26-022717,936958,SPDR S&P MIDCAP 400 ETF TRUST,2026-03-31,2026-06-01,171678669,COPT Defense Properties,22002T108,US22002T1088,CDP,851470.0,26054982.0,0.10758739963,EC,CORP
0000940400-26-022717,936958,SPDR S&P MIDCAP 400 ETF TRUST,2026-03-31,2026-06-01,171678670,TALEN ENERGY CORP,87422Q109,US87422Q1094,TLN,344353.0,109927808.19,0.453918833267,EC,CORP
0000940400-26-022717,936958,SPDR S&P MIDCAP 400 ETF TRUST,2026-03-31,2026-06-01,171678671,Docusign Inc,256163106,US2561631068,DOCU,1509471.0,71564020.11,0.295505359809,EC,CORP
0000940400-26-022717,936958,SPDR S&P MIDCAP 400 ETF TRUST,2026-03-31,2026-06-01,171678672,Sprouts Farmers Markets Inc,85208M102,US85208M1027,SFM,733890.0,56604935.7,0.233735637898,EC,CORP
0000940400-26-022717,936958,SPDR S&P MIDCAP 400 ETF TRUST,2026-03-31,2026-06-01,171678673,STANDARDAERO INC,85423L103,US85423L1035,SARO,1429439.0,36922409.37,0.152461667876,EC,CORP
0000940400-26-022717,936958,SPDR S&P MIDCAP 400 ETF TRUST,2026-03-31,2026-06-01,171678674,Matador Resources Company,576485205,US5764852050,MTDR,880445.0,55626515.1,0.229695499698,EC,CORP
0000940400-26-022717,936958,SPDR S&P MIDCAP 400 ETF TRUST,2026-03-31,2026-06-01,171678675,Weatherford International Plc,000000000,IE00BLNN3691,WFRD,540548.0,51125029.84,0.211107764976,EC,CORP
0000940400-26-022717,936958,SPDR S&P MIDCAP 400 ETF TRUST,2026-03-31,2026-06-01,171678676,Boyd Gaming Corporation,103304101,US1033041013,BYD,435723.0,35807716.14,0.147858826623,EC,CORP
0000940400-26-022717,936958,SPDR S&P MIDCAP 400 ETF TRUST,2026-03-31,2026-06-01,171678677,Brinks Company,109696104,US1096961040,BCO,313134.0,32450076.42,0.133994310179,EC,CORP
0000940400-26-022717,936958,SPDR S&P MIDCAP 400 ETF TRUST,2026-03-31,2026-06-01,171678678,Novanta Inc,67000B104,CA67000B1040,NOVT,269649.0,31848243.39,0.131509194254,EC,CORP
0000940400-26-022717,936958,SPDR S&P MIDCAP 400 ETF TRUST,2026-03-31,2026-06-01,171678679,East West Bancorp Inc,27579R104,US27579R1041,EWBC,1036997.0,110709799.72,0.457147867747,EC,CORP
0000940400-26-022717,936958,SPDR S&P MIDCAP 400 ETF TRUST,2026-03-31,2026-06-01,171678680,Old National Bancorp,680033107,US6800331075,ONB,2613861.0,57766328.1,0.238531311458,EC,CORP
0000940400-26-022717,936958,SPDR S&P MIDCAP 400 ETF TRUST,2026-03-31,2026-06-01,171678681,WEX Inc,96208T104,US96208T1043,WEX,258437.0,39551198.48,0.163316581709,EC,CORP
0000940400-26-022717,936958,SPDR S&P MIDCAP 400 ETF TRUST,2026-03-31,2026-06-01,171678682,API Group Corp,00187Y100,US00187Y1001,APG,2892018.0,117184569.36,0.483883776786,EC,CORP
0000940400-26-022717,936958,SPDR S&P MIDCAP 400 ETF TRUST,2026-03-31,2026-06-01,171678683,Black Hills Corporation,092113109,US0921131092,BKH,568864.0,39484850.24,0.163042613582,EC,CORP
0000940400-26-022717,936958,SPDR S&P MIDCAP 400 ETF TRUST,2026-03-31,2026-06-01,171678684,Curtiss-Wright Corp.,231561101,US2315611010,CW,277895.0,189279842.4,0.781582810008,EC,CORP
0000940400-26-022717,936958,SPDR S&P MIDCAP 400 ETF TRUST,2026-03-31,2026-06-01,171678685,Corebridge Financial Inc.,21871X109,US21871X1090,CRBG,1924180.0,45910934.8,0.189577490007,EC,CORP
0000940400-26-022717,936958,SPDR S&P MIDCAP 400 ETF TRUST,2026-03-31,2026-06-01,171678686,VALARIS LTD,000000000,BMG9460G1015,VAL,485272.0,47576066.88,0.196453228033,EC,CORP
0000940400-26-022717,936958,SPDR S&P MIDCAP 400 ETF TRUST,2026-03-31,2026-06-01,171678687,Cabot Corporation,127055101,US1270551013,CBT,393605.0,29642392.55,0.122400696084,EC,CORP
0000940400-26-022717,936958,SPDR S&P MIDCAP 400 ETF TRUST,2026-03-31,2026-06-01,171678688,Floor And Decor Holding Inc.,339750101,US3397501012,FND,812161.0,41257778.8,0.170363469666,EC,CORP
0000940400-26-022717,936958,SPDR S&P MIDCAP 400 ETF TRUST,2026-03-31,2026-06-01,171678689,Kyndryl Holdings Inc,50155Q100,US50155Q1004,KD,1722711.0,22601968.32,0.093329060756,EC,CORP
0000940400-26-022717,936958,SPDR S&P MIDCAP 400 ETF TRUST,2026-03-31,2026-06-01,171678690,Dynatrace Inc,268150109,US2681501092,DT,2247950.0,83129191.0,0.343260781875,EC,CORP
0000940400-26-022717,936958,SPDR S&P MIDCAP 400 ETF TRUST,2026-03-31,2026-06-01,171678691,Agree Realty Corp,008492100,US0084921008,ADC,903212.0,68084120.56,0.281136002595,EC,CORP
0000940400-26-022717,936958,SPDR S&P MIDCAP 400 ETF TRUST,2026-03-31,2026-06-01,171678692,Twilio Inc,90138F102,US90138F1021,TWLO,1142724.0,143777533.68,0.593692637128,EC,CORP
0000940400-26-022717,936958,SPDR S&P MIDCAP 400 ETF TRUST,2026-03-31,2026-06-01,171678693,Rexford Industrial Realty Inc.,76169C100,US76169C1009,REXR,1735200.0,56793096.0,0.234512597844,EC,CORP
0000940400-26-022717,936958,SPDR S&P MIDCAP 400 ETF TRUST,2026-03-31,2026-06-01,171678694,AUTOLIV INC,052800109,US0528001094,ALV,518022.0,54475193.52,0.22494141102,EC,CORP
0000940400-26-022717,936958,SPDR S&P MIDCAP 400 ETF TRUST,2026-03-31,2026-06-01,171678695,KB Home,48666K109,US48666K1097,KBH,476153.0,24640917.75,0.101748382141,EC,CORP
0000940400-26-022717,936958,SPDR S&P MIDCAP 400 ETF TRUST,2026-03-31,2026-06-01,171678696,Biomarin Pharmaceutical Inc.,09061G101,US09061G1013,BMRN,1447981.0,81796446.69,0.337757554328,EC,CORP
0000940400-26-022717,936958,SPDR S&P MIDCAP 400 ETF TRUST,2026-03-31,2026-06-01,171678697,LivaNova PLC,000000000,GB00BYMT0J19,LIVN,411568.0,26159262.08,0.108017997611,EC,CORP
0000940400-26-022717,936958,SPDR S&P MIDCAP 400 ETF TRUST,2026-03-31,2026-06-01,171678698,Dropbox Inc,26210C104,US26210C1045,DBX,1314645.0,29868734.4,0.123335316998,EC,CORP
0000940400-26-022717,936958,SPDR S&P MIDCAP 400 ETF TRUST,2026-03-31,2026-06-01,171678699,Ormat Technologies Inc.,686688102,US6866881021,ORA,458120.0,51272790.4,0.211717904504,EC,CORP
0000940400-26-022717,936958,SPDR S&P MIDCAP 400 ETF TRUST,2026-03-31,2026-06-01,171678700,Taylor Morrison Home Corp,87724P106,US87724P1066,TMHC,736562.0,42897370.88,0.17713374678,EC,CORP
0000940400-26-022717,936958,SPDR S&P MIDCAP 400 ETF TRUST,2026-03-31,2026-06-01,171678701,Bruker Corporation,116794108,US1167941087,BRKR,835996.0,30196175.52,0.124687401548,EC,CORP
0000940400-26-022717,936958,SPDR S&P MIDCAP 400 ETF TRUST,2026-03-31,2026-06-01,171678702,BILL Holdings Inc,090043100,US0900431000,BILL,663827.0,25424574.1,0.10498429107,EC,CORP
0000940400-26-022717,936958,SPDR S&P MIDCAP 400 ETF TRUST,2026-03-31,2026-06-01,171678703,Roivant Sciences Ltd,000000000,BMG762791017,ROIV,3398422.0,94136289.4,0.388711785999,EC,CORP
0000940400-26-022717,936958,SPDR S&P MIDCAP 400 ETF TRUST,2026-03-31,2026-06-01,171678704,MSA Safety Inc.,553498106,US5534981064,MSA,274723.0,45040835.85,0.185984638419,EC,CORP
0000940400-26-022717,936958,SPDR S&P MIDCAP 400 ETF TRUST,2026-03-31,2026-06-01,171678705,Repligen Corporation,759916109,US7599161095,RGEN,398817.0,46988618.94,0.194027511666,EC,CORP
0000940400-26-022717,936958,SPDR S&P MIDCAP 400 ETF TRUST,2026-03-31,2026-06-01,171678706,VIPER ENERGY INC,64361Q101,US64361Q1013,VNOM,1400561.0,65812361.39,0.271755352795,EC,CORP
0000940400-26-022717,936958,SPDR S&P MIDCAP 400 ETF TRUST,2026-03-31,2026-06-01,171678707,Wingstop Inc,974155103,US9741551033,WING,209434.0,32455986.98,0.134018716329,EC,CORP
0000940400-26-022717,936958,SPDR S&P MIDCAP 400 ETF TRUST,2026-03-31,2026-06-01,171678708,Jefferies Financial Group Inc,47233W109,US47233W1099,JEF,1246281.0,51434016.87,0.212383648071,EC,CORP
0000940400-26-022717,936958,SPDR S&P MIDCAP 400 ETF TRUST,2026-03-31,2026-06-01,171678709,Science Applications International Corp.,808625107,US8086251076,SAIC,340131.0,32285234.52,0.133313637617,EC,CORP
0000940400-26-022717,936958,SPDR S&P MIDCAP 400 ETF TRUST,2026-03-31,2026-06-01,171678710,The New York Times Company,650111107,US6501111073,NYT,1217756.0,101962709.88,0.421028992277,EC,CORP
0000940400-26-022717,936958,SPDR S&P MIDCAP 400 ETF TRUST,2026-03-31,2026-06-01,171678711,Service Corporation International,817565104,US8175651046,SCI,1049344.0,86581373.44,0.357515688356,EC,CORP
0000940400-26-022717,936958,SPDR S&P MIDCAP 400 ETF TRUST,2026-03-31,2026-06-01,171678712,Hyatt Hotels Corporation,448579102,US4485791028,H,311551.0,44797918.29,0.184981572341,EC,CORP
0000940400-26-022717,936958,SPDR S&P MIDCAP 400 ETF TRUST,2026-03-31,2026-06-01,171678713,Zions Bancorporation Natl Assn Global Bank,989701107,US9897011071,ZION,1112878.0,64124030.36,0.264783820624,EC,CORP
0000940400-26-022717,936958,SPDR S&P MIDCAP 400 ETF TRUST,2026-03-31,2026-06-01,171678714,Dentsply Sirona Inc,24906P109,US24906P1093,XRAY,1504044.0,17446910.4,0.072042564509,EC,CORP
0000940400-26-022717,936958,SPDR S&P MIDCAP 400 ETF TRUST,2026-03-31,2026-06-01,171678715,TXNM Energy Inc.,69349H107,US69349H1077,TXNM,738859.0,43193697.14,0.178357350456,EC,CORP
0000940400-26-022717,936958,SPDR S&P MIDCAP 400 ETF TRUST,2026-03-31,2026-06-01,171678716,Flowserve Corporation,34354P105,US34354P1057,FLS,957448.0,70382002.48,0.290624519625,EC,CORP
0000940400-26-022717,936958,SPDR S&P MIDCAP 400 ETF TRUST,2026-03-31,2026-06-01,171678717,Western Alliance Bancorp,957638109,US9576381092,WAL,774022.0,54839458.7,0.22644555113,EC,CORP
0000940400-26-022717,936958,SPDR S&P MIDCAP 400 ETF TRUST,2026-03-31,2026-06-01,171678718,UNIVERSAL DISPLAY CORP,91347P105,US91347P1057,OLED,333244.0,30545145.04,0.126128382133,EC,CORP
0000940400-26-022717,936958,SPDR S&P MIDCAP 400 ETF TRUST,2026-03-31,2026-06-01,171678719,Terex Corporation,880779103,US8807791038,TEX,856967.0,50646749.7,0.209132829182,EC,CORP
0000940400-26-022717,936958,SPDR S&P MIDCAP 400 ETF TRUST,2026-03-31,2026-06-01,171678720,RPM International Inc.,749685103,US7496851038,RPM,965340.0,95954796.0,0.396220844969,EC,CORP
0000940400-26-022717,936958,SPDR S&P MIDCAP 400 ETF TRUST,2026-03-31,2026-06-01,171678721,Advanced Drainage System Inc,00790R104,US00790R1041,WMS,540132.0,74068301.16,0.305846149379,EC,CORP
0000940400-26-022717,936958,SPDR S&P MIDCAP 400 ETF TRUST,2026-03-31,2026-06-01,171678722,Allegro MicroSystems Inc,01749D105,US01749D1054,ALGM,935687.0,29502211.11,0.121821852599,EC,CORP
0000940400-26-022717,936958,SPDR S&P MIDCAP 400 ETF TRUST,2026-03-31,2026-06-01,171678723,The Scotts Miracle-Gro Company,810186106,US8101861065,SMG,336836.0,20482997.16,0.084579310056,EC,CORP
0000940400-26-022717,936958,SPDR S&P MIDCAP 400 ETF TRUST,2026-03-31,2026-06-01,171678724,"Sabra Health Care REIT, Inc.",78573L106,US78573L1061,SBRA,1900454.0,36545730.42,0.15090626827,EC,CORP
0000940400-26-022717,936958,SPDR S&P MIDCAP 400 ETF TRUST,2026-03-31,2026-06-01,171678725,HRTI LLC,42226K105,US42226K1051,HR,2629320.0,44672146.8,0.184462231066,EC,CORP
0000940400-26-022717,936958,SPDR S&P MIDCAP 400 ETF TRUST,2026-03-31,2026-06-01,171678726,Sonoco Products Company,835495102,US8354951027,SON,743400.0,40210506.0,0.166039023875,EC,CORP
0000940400-26-022717,936958,SPDR S&P MIDCAP 400 ETF TRUST,2026-03-31,2026-06-01,171678727,Ovintiv Inc,69047Q102,US69047Q1022,OVV,2092816.0,124229557.76,0.51297425869,EC,CORP
0000940400-26-022717,936958,SPDR S&P MIDCAP 400 ETF TRUST,2026-03-31,2026-06-01,171678728,Thor Industries Inc.,885160101,US8851601018,THO,398256.0,31816671.84,0.131378827594,EC,CORP
0000940400-26-022717,936958,SPDR S&P MIDCAP 400 ETF TRUST,2026-03-31,2026-06-01,171678729,"Valmont Industries, Inc.",920253101,US9202531011,VMI,148481.0,59328553.17,0.244982121246,EC,CORP
0000940400-26-022717,936958,SPDR S&P MIDCAP 400 ETF TRUST,2026-03-31,2026-06-01,171678730,Ashland Inc.,044186104,US0441861046,ASH,344917.0,19180834.37,0.079202361092,EC,CORP
0000940400-26-022717,936958,SPDR S&P MIDCAP 400 ETF TRUST,2026-03-31,2026-06-01,171678731,"Dick's Sporting Goods, Inc.",253393102,US2533931026,DKS,500448.0,99233833.92,0.409760795337,EC,CORP
0000940400-26-022717,936958,SPDR S&P MIDCAP 400 ETF TRUST,2026-03-31,2026-06-01,171678732,Landstar System Inc.,515098101,US5150981018,LSTR,256704.0,41152218.24,0.16992758427,EC,CORP
0000940400-26-022717,936958,SPDR S&P MIDCAP 400 ETF TRUST,2026-03-31,2026-06-01,171678733,"Greif, Inc.",397624107,US3976241071,GEF,186555.0,12512243.85,0.051666118186,EC,CORP
0000940400-26-022717,936958,SPDR S&P MIDCAP 400 ETF TRUST,2026-03-31,2026-06-01,171678734,Penumbra Inc.,70975L107,US70975L1070,PEN,295679.0,97092113.23,0.400917106258,EC,CORP
0000940400-26-022717,936958,SPDR S&P MIDCAP 400 ETF TRUST,2026-03-31,2026-06-01,171678735,Planet Fitness Inc.,72703H101,US72703H1014,PLNT,625451.0,46521045.38,0.192096785963,EC,CORP
0000940400-26-022717,936958,SPDR S&P MIDCAP 400 ETF TRUST,2026-03-31,2026-06-01,171678736,Concentrix Corp.,20602D101,US20602D1019,CNXC,329629.0,9018649.44,0.037240211542,EC,CORP
0000940400-26-022717,936958,SPDR S&P MIDCAP 400 ETF TRUST,2026-03-31,2026-06-01,171678737,Guidewire Software Inc,40171V100,US40171V1008,GWRE,640798.0,95837748.88,0.395737528755,EC,CORP
0000940400-26-022717,936958,SPDR S&P MIDCAP 400 ETF TRUST,2026-03-31,2026-06-01,171678738,Gaming and Leisure Properties Inc,36467J108,US36467J1088,GLPI,2133079.0,94644715.23,0.390811200727,EC,CORP
0000940400-26-022717,936958,SPDR S&P MIDCAP 400 ETF TRUST,2026-03-31,2026-06-01,171678739,Unum Group,91529Y106,US91529Y1064,UNM,1148987.0,83910520.61,0.346487083125,EC,CORP
0000940400-26-022717,936958,SPDR S&P MIDCAP 400 ETF TRUST,2026-03-31,2026-06-01,171678740,The Timken Company,887389104,US8873891043,TKR,477758.0,48048122.06,0.198402459443,EC,CORP
0000940400-26-022717,936958,SPDR S&P MIDCAP 400 ETF TRUST,2026-03-31,2026-06-01,171678741,Spire Inc,84857L101,US84857L1017,SR,445421.0,40328417.34,0.166525908665,EC,CORP
0000940400-26-022717,936958,SPDR S&P MIDCAP 400 ETF TRUST,2026-03-31,2026-06-01,171678742,NOV Inc.,62955J103,US62955J1034,NOV,2716403.0,51095540.43,0.210985995982,EC,CORP
0000940400-26-022717,936958,SPDR S&P MIDCAP 400 ETF TRUST,2026-03-31,2026-06-01,171678743,Commvault Systems Inc.,204166102,US2041661024,CVLT,331437.0,25815627.93,0.106599048075,EC,CORP
0000940400-26-022717,936958,SPDR S&P MIDCAP 400 ETF TRUST,2026-03-31,2026-06-01,171678744,Saia Inc,78709Y105,US78709Y1055,SAIA,200807.0,70539482.96,0.291274795083,EC,CORP
0000940400-26-022717,936958,SPDR S&P MIDCAP 400 ETF TRUST,2026-03-31,2026-06-01,171678745,BellRing Intermediate Holdings Inc.,07831C103,US07831C1036,BRBR,883872.0,14221500.48,0.058724057283,EC,CORP
0000940400-26-022717,936958,SPDR S&P MIDCAP 400 ETF TRUST,2026-03-31,2026-06-01,171678746,Grand Canyon Education Inc,38526M106,US38526M1062,LOPE,208256.0,35409767.68,0.146215600003,EC,CORP
0000940400-26-022717,936958,SPDR S&P MIDCAP 400 ETF TRUST,2026-03-31,2026-06-01,171678747,PBF Energy Inc,69318G106,US69318G1067,PBF,625713.0,29796453.06,0.123036849648,EC,CORP
0000940400-26-022717,936958,SPDR S&P MIDCAP 400 ETF TRUST,2026-03-31,2026-06-01,171678748,National Fuel Gas Company,636180101,US6361801011,NFG,716197.0,67293870.12,0.277872865054,EC,CORP
0000940400-26-022717,936958,SPDR S&P MIDCAP 400 ETF TRUST,2026-03-31,2026-06-01,171678749,Middleby Corp.,596278101,US5962781010,MIDD,349273.0,46306614.34,0.1912113477,EC,CORP
0000940400-26-022717,936958,SPDR S&P MIDCAP 400 ETF TRUST,2026-03-31,2026-06-01,171678750,Jones Lang LaSalle Incorporated,48020Q107,US48020Q1076,JLL,355718.0,108252101.76,0.44699943116,EC,CORP
0000940400-26-022717,936958,SPDR S&P MIDCAP 400 ETF TRUST,2026-03-31,2026-06-01,171678751,Neurocrine Biosciences Inc,64125C109,US64125C1099,NBIX,756448.0,99654459.52,0.41149766142,EC,CORP
0000940400-26-022717,936958,SPDR S&P MIDCAP 400 ETF TRUST,2026-03-31,2026-06-01,171678752,"FTI Consulting, Inc.",302941109,US3029411093,FCN,228111.0,40323181.47,0.166504288476,EC,CORP
0000940400-26-022717,936958,SPDR S&P MIDCAP 400 ETF TRUST,2026-03-31,2026-06-01,171678753,Aptargroup Inc.,038336103,US0383361039,ATR,485235.0,61149314.7,0.252500491374,EC,CORP
0000940400-26-022717,936958,SPDR S&P MIDCAP 400 ETF TRUST,2026-03-31,2026-06-01,171678754,"Mastec, Inc.",576323109,US5763231090,MTZ,462306.0,148742332.44,0.614193506723,EC,CORP
0000940400-26-022717,936958,SPDR S&P MIDCAP 400 ETF TRUST,2026-03-31,2026-06-01,171678755,"Mattel, Inc.",577081102,US5770811025,MAT,2342550.0,34037251.5,0.140548144667,EC,CORP
0000940400-26-022717,936958,SPDR S&P MIDCAP 400 ETF TRUST,2026-03-31,2026-06-01,171678756,First American Financial Corporation,31847R102,US31847R1023,FAF,768028.0,46304408.12,0.191202237678,EC,CORP
0000940400-26-022717,936958,SPDR S&P MIDCAP 400 ETF TRUST,2026-03-31,2026-06-01,171678757,"Silicon Laboratories, Inc.",826919102,US8269191024,SLAB,248394.0,51703211.1,0.213495216952,EC,CORP
0000940400-26-022717,936958,SPDR S&P MIDCAP 400 ETF TRUST,2026-03-31,2026-06-01,171678758,Goodyear Tire & Rubber Co. The,382550101,US3825501014,GT,2157473.0,14304045.99,0.059064907903,EC,CORP
0000940400-26-022717,936958,SPDR S&P MIDCAP 400 ETF TRUST,2026-03-31,2026-06-01,171678759,Pegasystems Inc,705573103,US7055731035,PEGA,688016.0,29281960.96,0.120912385806,EC,CORP
0000940400-26-022717,936958,SPDR S&P MIDCAP 400 ETF TRUST,2026-03-31,2026-06-01,171678760,Envista Holdings Corporation,29415F104,US29415F1049,NVST,1235142.0,31335552.54,0.129392168214,EC,CORP
0000940400-26-022717,936958,SPDR S&P MIDCAP 400 ETF TRUST,2026-03-31,2026-06-01,171678761,MGIC Investment Corp.,552848103,US5528481030,MTG,1653396.0,43401645.0,0.179216018081,EC,CORP
0000940400-26-022717,936958,SPDR S&P MIDCAP 400 ETF TRUST,2026-03-31,2026-06-01,171678762,Lithia Motors Incorporated,536797103,US5367971034,LAD,182776.0,45642822.72,0.188470389587,EC,CORP
0000940400-26-022717,936958,SPDR S&P MIDCAP 400 ETF TRUST,2026-03-31,2026-06-01,171678763,KNIGHT-SWIFT TRANSPORTATION HOLDINGS INC,499049104,US4990491049,KNX,1223569.0,70453103.02,0.290918111162,EC,CORP
0000940400-26-022717,936958,SPDR S&P MIDCAP 400 ETF TRUST,2026-03-31,2026-06-01,171678764,"ONE Gas, Inc.",68235P108,US68235P1084,OGS,452216.0,38949364.08,0.160831460126,EC,CORP
0000940400-26-022717,936958,SPDR S&P MIDCAP 400 ETF TRUST,2026-03-31,2026-06-01,171678765,"Ryder System, Inc.",783549108,US7835491082,R,297165.0,60832647.15,0.251192893532,EC,CORP
0000940400-26-022717,936958,SPDR S&P MIDCAP 400 ETF TRUST,2026-03-31,2026-06-01,171678766,AppFolio Inc.,03783C100,US03783C1009,APPF,183412.0,28946081.84,0.119525458687,EC,CORP
0000940400-26-022717,936958,SPDR S&P MIDCAP 400 ETF TRUST,2026-03-31,2026-06-01,171678767,AXALTA COATING SYSTEMS LTD,000000000,BMG0750C1082,AXTA,1608420.0,44553234.0,0.183971211002,EC,CORP
0000940400-26-022717,936958,SPDR S&P MIDCAP 400 ETF TRUST,2026-03-31,2026-06-01,171678768,Sterling Infrastructure Inc,859241101,US8592411016,STRL,231531.0,94295630.37,0.389369743875,EC,CORP
0000940400-26-022717,936958,SPDR S&P MIDCAP 400 ETF TRUST,2026-03-31,2026-06-01,171678769,Commercial Metals Company,201723103,US2017231034,CMC,835921.0,51350627.03,0.212039311006,EC,CORP
0000940400-26-022717,936958,SPDR S&P MIDCAP 400 ETF TRUST,2026-03-31,2026-06-01,171678770,SEI Investments Co,784117103,US7841171033,SEIC,700168.0,54942182.96,0.226869724749,EC,CORP
0000940400-26-022717,936958,SPDR S&P MIDCAP 400 ETF TRUST,2026-03-31,2026-06-01,171678771,Stifel Financial Corporation,860630102,US8606301021,SF,1149376.0,84961873.92,0.350828378341,EC,CORP
0000940400-26-022717,936958,SPDR S&P MIDCAP 400 ETF TRUST,2026-03-31,2026-06-01,171678772,Boston Beer Co Inc,100557107,US1005571070,SAM,57975.0,13357440.0,0.055156140016,EC,CORP
0000940400-26-022717,936958,SPDR S&P MIDCAP 400 ETF TRUST,2026-03-31,2026-06-01,171678773,"Amkor Technology, Inc.",031652100,US0316521006,AMKR,857453.0,38611108.59,0.159434720394,EC,CORP
0000940400-26-022717,936958,SPDR S&P MIDCAP 400 ETF TRUST,2026-03-31,2026-06-01,171678774,Murphy USA Inc.,626755102,US6267551025,MUSA,127335.0,62899669.95,0.259728136735,EC,CORP
0000940400-26-022717,936958,SPDR S&P MIDCAP 400 ETF TRUST,2026-03-31,2026-06-01,171678775,ACUITY INC,00508Y102,US00508Y1029,AYI,229604.0,64339632.88,0.265674096214,EC,CORP
0000940400-26-022717,936958,SPDR S&P MIDCAP 400 ETF TRUST,2026-03-31,2026-06-01,171678776,Brunswick Corporation,117043109,US1170431092,BC,490195.0,35666588.2,0.147276074807,EC,CORP
0000940400-26-022717,936958,SPDR S&P MIDCAP 400 ETF TRUST,2026-03-31,2026-06-01,171678777,Selective Insurance Group Inc.,816300107,US8163001071,SIGI,452848.0,34140210.72,0.140973288494,EC,CORP
0000940400-26-022717,936958,SPDR S&P MIDCAP 400 ETF TRUST,2026-03-31,2026-06-01,171678778,Coty Inc.,222070203,US2220702037,COTY,2785738.0,5599333.38,0.023121018391,EC,CORP
0000940400-26-022717,936958,SPDR S&P MIDCAP 400 ETF TRUST,2026-03-31,2026-06-01,171678779,"Texas Capital Bancshares, Inc.",88224Q107,US88224Q1076,TCBI,332967.0,31591908.96,0.130450726635,EC,CORP
0000940400-26-022717,936958,SPDR S&P MIDCAP 400 ETF TRUST,2026-03-31,2026-06-01,171678780,Tenet Healthcare Corporation,88033G407,US88033G4073,THC,662401.0,125001692.71,0.516162592938,EC,CORP
0000940400-26-022717,936958,SPDR S&P MIDCAP 400 ETF TRUST,2026-03-31,2026-06-01,171678781,Healthequity Inc,42226A107,US42226A1079,HQY,643941.0,53814149.37,0.222211797883,EC,CORP
0000940400-26-022717,936958,SPDR S&P MIDCAP 400 ETF TRUST,2026-03-31,2026-06-01,171678782,"Cirrus Logic, Inc.",172755100,US1727551004,CRUS,384446.0,55598580.52,0.229580150978,EC,CORP
0000940400-26-022717,936958,SPDR S&P MIDCAP 400 ETF TRUST,2026-03-31,2026-06-01,171678783,BJ Wholesale Club Holdings Inc,05550J101,US05550J1016,BJ,986217.0,97063477.14,0.400798860831,EC,CORP
0000940400-26-022717,936958,SPDR S&P MIDCAP 400 ETF TRUST,2026-03-31,2026-06-01,171678784,"Kratos Defense & Security Solutions, Inc.",50077B207,US50077B2079,KTOS,1391462.0,98111985.62,0.405128409048,EC,CORP
0000940400-26-022717,936958,SPDR S&P MIDCAP 400 ETF TRUST,2026-03-31,2026-06-01,171678785,Lattice Semiconductor Corporation,518415104,US5184151042,LSCC,1030988.0,95634446.88,0.394898045023,EC,CORP
0000940400-26-022717,936958,SPDR S&P MIDCAP 400 ETF TRUST,2026-03-31,2026-06-01,171678786,BorgWarner Inc.,099724106,US0997241064,BWA,1560548.0,84675334.48,0.349645186841,EC,CORP
0000940400-26-022717,936958,SPDR S&P MIDCAP 400 ETF TRUST,2026-03-31,2026-06-01,171678787,CNX Resources Corporation,12653C108,US12653C1080,CNX,1073039.0,41365653.45,0.170808910507,EC,CORP
0000940400-26-022717,936958,SPDR S&P MIDCAP 400 ETF TRUST,2026-03-31,2026-06-01,171678788,CAVA GROUP INC,148929102,US1489291021,CAVA,751812.0,60821590.8,0.251147239156,EC,CORP
0000940400-26-022717,936958,SPDR S&P MIDCAP 400 ETF TRUST,2026-03-31,2026-06-01,171678789,Silgan Holdings Inc.,827048109,US8270481091,SLGN,661036.0,25648196.8,0.105907683947,EC,CORP
0000940400-26-022717,936958,SPDR S&P MIDCAP 400 ETF TRUST,2026-03-31,2026-06-01,171678790,Crown Holdings Inc,228368106,US2283681060,CCK,844838.0,84695009.5,0.349726429816,EC,CORP
0000940400-26-022717,936958,SPDR S&P MIDCAP 400 ETF TRUST,2026-03-31,2026-06-01,171678791,Olin Corporation,680665205,US6806652052,OLN,856218.0,25455361.14,0.105111418296,EC,CORP
0000940400-26-022717,936958,SPDR S&P MIDCAP 400 ETF TRUST,2026-03-31,2026-06-01,171678792,Park Hotels & Resorts Inc.,700517105,US7005171050,PK,1506655.0,15865077.15,0.065510787745,EC,CORP
0000940400-26-022717,936958,SPDR S&P MIDCAP 400 ETF TRUST,2026-03-31,2026-06-01,171678793,RLI Corp,749607107,US7496071074,RLI,692195.0,39482802.8,0.163034159201,EC,CORP
0000940400-26-022717,936958,SPDR S&P MIDCAP 400 ETF TRUST,2026-03-31,2026-06-01,171678794,KNIFE RIVER CORP,498894104,US4988941047,KNF,427081.0,34871163.65,0.143991572099,EC,CORP
0000940400-26-022717,936958,SPDR S&P MIDCAP 400 ETF TRUST,2026-03-31,2026-06-01,171678795,NVent Electric PLC,000000000,IE00BDVJJQ56,NVT,1216188.0,143850716.64,0.593994827487,EC,CORP
0000940400-26-022717,936958,SPDR S&P MIDCAP 400 ETF TRUST,2026-03-31,2026-06-01,171678796,Alaska Air Group Inc.,011659109,US0116591092,ALK,864064.0,31780273.92,0.131228531671,EC,CORP
0000940400-26-022717,936958,SPDR S&P MIDCAP 400 ETF TRUST,2026-03-31,2026-06-01,171678797,CNH INDUSTRIAL NV,000000000,NL0010545661,CNH,6669940.0,73369340.0,0.302959967625,EC,CORP
0000940400-26-022717,936958,SPDR S&P MIDCAP 400 ETF TRUST,2026-03-31,2026-06-01,171678798,Abercrombie & Fitch Co,002896207,US0028962076,ANF,345636.0,31580761.32,0.1304046953,EC,CORP
0000940400-26-022717,936958,SPDR S&P MIDCAP 400 ETF TRUST,2026-03-31,2026-06-01,171678799,Aramark,03852U106,US03852U1060,ARMK,1981021.0,80310591.34,0.331622093811,EC,CORP
0000940400-26-022717,936958,SPDR S&P MIDCAP 400 ETF TRUST,2026-03-31,2026-06-01,171678800,"Exelixis, Inc.",30161Q104,US30161Q1040,EXEL,1957453.0,83955159.17,0.346671406668,EC,CORP
0000940400-26-022717,936958,SPDR S&P MIDCAP 400 ETF TRUST,2026-03-31,2026-06-01,171678801,"American Financial Group, Inc.",025932104,US0259321042,AFG,521759.0,66633841.89,0.2751474469,EC,CORP
0000940400-26-022717,936958,SPDR S&P MIDCAP 400 ETF TRUST,2026-03-31,2026-06-01,171678802,"The Hanover Insurance Group, Inc.",410867105,US4108671052,THG,266817.0,46252726.95,0.190988833474,EC,CORP
0000940400-26-022717,936958,SPDR S&P MIDCAP 400 ETF TRUST,2026-03-31,2026-06-01,171678803,Ally Financial Inc.,02005N100,US02005N1000,ALLY,2115902.0,83006835.46,0.342755545895,EC,CORP
0000940400-26-022717,936958,SPDR S&P MIDCAP 400 ETF TRUST,2026-03-31,2026-06-01,171678804,Hilton Grand Vacations Inc,43283X105,US43283X1054,HGV,451325.0,17655834.0,0.072905261203,EC,CORP
0000940400-26-022717,936958,SPDR S&P MIDCAP 400 ETF TRUST,2026-03-31,2026-06-01,171678805,HF Sinclair Corp.,403949100,US4039491000,DINO,1178473.0,73524930.47,0.303602438768,EC,CORP
0000940400-26-022717,936958,SPDR S&P MIDCAP 400 ETF TRUST,2026-03-31,2026-06-01,171678806,The Toro Company,891092108,US8910921084,TTC,734725.0,68652704.0,0.283483822823,EC,CORP
0000940400-26-022717,936958,SPDR S&P MIDCAP 400 ETF TRUST,2026-03-31,2026-06-01,171678807,COMMERCE BANCSHARES INC (MO),200525103,US2005251036,CBSH,1032903.0,50818827.6,0.20984338096,EC,CORP
0000940400-26-022717,936958,SPDR S&P MIDCAP 400 ETF TRUST,2026-03-31,2026-06-01,171678808,Parsons Corporation,70202L102,US70202L1026,PSN,398832.0,21604729.44,0.08921121727,EC,CORP
0000940400-26-022717,936958,SPDR S&P MIDCAP 400 ETF TRUST,2026-03-31,2026-06-01,171678809,IPG Photonics Corp,44980X109,US44980X1090,IPGP,190509.0,21830426.31,0.090143174902,EC,CORP
0000940400-26-022717,936958,SPDR S&P MIDCAP 400 ETF TRUST,2026-03-31,2026-06-01,171678810,FLEX LTD,000000000,SG9999000020,FLEX,2771201.0,181402817.46,0.749056645526,EC,CORP
0000940400-26-022717,936958,SPDR S&P MIDCAP 400 ETF TRUST,2026-03-31,2026-06-01,171678811,Maximus Inc,577933104,US5779331041,MMS,411142.0,26354202.2,0.108822953093,EC,CORP
0000940400-26-022717,936958,SPDR S&P MIDCAP 400 ETF TRUST,2026-03-31,2026-06-01,171678812,DT Midstream Inc,23345M107,US23345M1071,DTM,766326.0,103201122.42,0.426142700851,EC,CORP
0000940400-26-022717,936958,SPDR S&P MIDCAP 400 ETF TRUST,2026-03-31,2026-06-01,171678813,"Cullen/Frost Bankers, Inc.",229899109,US2298991090,CFR,476363.0,65299840.04,0.269639026662,EC,CORP
0000940400-26-022717,936958,SPDR S&P MIDCAP 400 ETF TRUST,2026-03-31,2026-06-01,171678814,Haemonetics Corp,405024100,US4050241003,HAE,350256.0,19740428.16,0.081513060854,EC,CORP
0000940400-26-022717,936958,SPDR S&P MIDCAP 400 ETF TRUST,2026-03-31,2026-06-01,171678815,Watts Water Technologies Inc.,942749102,US9427491025,WTS,206718.0,60008168.22,0.247788418175,EC,CORP
0000940400-26-022717,936958,SPDR S&P MIDCAP 400 ETF TRUST,2026-03-31,2026-06-01,171678816,Range Resources Corp.,75281A109,US75281A1097,RRC,1785808.0,80682805.44,0.333159056958,EC,CORP
0000940400-26-022717,936958,SPDR S&P MIDCAP 400 ETF TRUST,2026-03-31,2026-06-01,171678817,Glacier Bancorp Inc.,37637Q105,US37637Q1058,GBCI,969811.0,43321457.37,0.178884903725,EC,CORP
0000940400-26-022717,936958,SPDR S&P MIDCAP 400 ETF TRUST,2026-03-31,2026-06-01,171678818,"Starwood Property Trust, Inc.",85571B105,US85571B1052,STWD,2623760.0,45181147.2,0.186564018335,EC,CORP
0000940400-26-022717,936958,SPDR S&P MIDCAP 400 ETF TRUST,2026-03-31,2026-06-01,171678819,Dutch Bros Inc,26701L100,US26701L1008,BROS,957464.0,48505126.24,0.200289541589,EC,CORP
0000940400-26-022717,936958,SPDR S&P MIDCAP 400 ETF TRUST,2026-03-31,2026-06-01,171678820,Whirlpool Corp.,963320106,US9633201069,WHR,477878.0,25767181.76,0.106399001978,EC,CORP
0000940400-26-022717,936958,SPDR S&P MIDCAP 400 ETF TRUST,2026-03-31,2026-06-01,171678821,CACI International Inc.,127190304,US1271903049,CACI,166460.0,90532600.2,0.373831271013,EC,CORP
0000940400-26-022717,936958,SPDR S&P MIDCAP 400 ETF TRUST,2026-03-31,2026-06-01,171678822,Oshkosh Corporation,688239201,US6882392011,OSK,476752.0,70182661.92,0.289801393649,EC,CORP
0000940400-26-022717,936958,SPDR S&P MIDCAP 400 ETF TRUST,2026-03-31,2026-06-01,171678823,Crocs Inc,227046109,US2270461096,CROX,378617.0,31432783.34,0.129793657992,EC,CORP
0000940400-26-022717,936958,SPDR S&P MIDCAP 400 ETF TRUST,2026-03-31,2026-06-01,171678824,Voya Financial Inc,929089100,US9290891004,VOYA,708486.0,48403763.52,0.199870990102,EC,CORP
0000940400-26-022717,936958,SPDR S&P MIDCAP 400 ETF TRUST,2026-03-31,2026-06-01,171678825,Valley National Bancorp.,919794107,US9197941076,VLY,3607946.0,44305576.88,0.182948574121,EC,CORP
0000940400-26-022717,936958,SPDR S&P MIDCAP 400 ETF TRUST,2026-03-31,2026-06-01,171678826,Portland General Electric Company,736508847,US7365088472,POR,847838.0,44740411.26,0.184744111735,EC,CORP
0000940400-26-022717,936958,SPDR S&P MIDCAP 400 ETF TRUST,2026-03-31,2026-06-01,171678827,"Dycom Industries, Inc.",267475101,US2674751019,DY,225860.0,76525885.2,0.315994115562,EC,CORP
0000940400-26-022717,936958,SPDR S&P MIDCAP 400 ETF TRUST,2026-03-31,2026-06-01,171678828,Hamilton Lane Inc,407497106,US4074971064,HLNE,307989.0,30614106.6,0.126413141298,EC,CORP
0000940400-26-022717,936958,SPDR S&P MIDCAP 400 ETF TRUST,2026-03-31,2026-06-01,171678829,Hecla Mining Company,422704106,US4227041062,HL,5050598.0,94092640.74,0.388531549996,EC,CORP
0000940400-26-022717,936958,SPDR S&P MIDCAP 400 ETF TRUST,2026-03-31,2026-06-01,171678830,ESAB Corp.,29605J106,US29605J1060,ESAB,430126.0,41575979.16,0.171677396857,EC,CORP
0000940400-26-022717,936958,SPDR S&P MIDCAP 400 ETF TRUST,2026-03-31,2026-06-01,171678831,Agco Corporation,001084102,US0010841023,AGCO,452930.0,52480999.1,0.216706894028,EC,CORP
0000940400-26-022717,936958,SPDR S&P MIDCAP 400 ETF TRUST,2026-03-31,2026-06-01,171678832,XPO Inc,983793100,US9837931008,XPO,882951.0,171778117.05,0.70931390115,EC,CORP
0000940400-26-022717,936958,SPDR S&P MIDCAP 400 ETF TRUST,2026-03-31,2026-06-01,171678833,"Euronet Worldwide, Inc.",298736109,US2987361092,EEFT,294721.0,19560632.77,0.08077064167,EC,CORP
0000940400-26-022717,936958,SPDR S&P MIDCAP 400 ETF TRUST,2026-03-31,2026-06-01,171678834,CAPRI HOLDINGS LTD,000000000,VGG1890L1076,CPRI,898131.0,15825068.22,0.065345581077,EC,CORP
0000940400-26-022717,936958,SPDR S&P MIDCAP 400 ETF TRUST,2026-03-31,2026-06-01,171678835,Marzetti Co.,513847103,US5138471033,MZTI,152952.0,21157850.16,0.087365943315,EC,CORP
0000940400-26-022717,936958,SPDR S&P MIDCAP 400 ETF TRUST,2026-03-31,2026-06-01,171678836,"Avnet, Inc.",053807103,US0538071038,AVT,617013.0,38020341.06,0.156995296627,EC,CORP
0000940400-26-022717,936958,SPDR S&P MIDCAP 400 ETF TRUST,2026-03-31,2026-06-01,171678837,"Choice Hotels International, Inc.",169905106,US1699051066,CHH,155788.0,16124058.0,0.06658018308,EC,CORP
0000940400-26-022717,936958,SPDR S&P MIDCAP 400 ETF TRUST,2026-03-31,2026-06-01,171678838,UiPath Inc.,90364P105,US90364P1057,PATH,3227481.0,35825039.1,0.147930357366,EC,CORP
0000940400-26-022717,936958,SPDR S&P MIDCAP 400 ETF TRUST,2026-03-31,2026-06-01,171678839,American Airlines Group Inc,02376R102,US02376R1023,AAL,4976761.0,53450413.14,0.220709841937,EC,CORP
0000940400-26-022717,936958,SPDR S&P MIDCAP 400 ETF TRUST,2026-03-31,2026-06-01,171678840,Murphy Oil Corporation,626717102,US6267171022,MUR,1011292.0,41715795.0,0.172254730691,EC,CORP
0000940400-26-022717,936958,SPDR S&P MIDCAP 400 ETF TRUST,2026-03-31,2026-06-01,171678841,Old Republic International Corporation,680223104,US6802231042,ORI,1715845.0,68462215.5,0.28269724917,EC,CORP
0000940400-26-022717,936958,SPDR S&P MIDCAP 400 ETF TRUST,2026-03-31,2026-06-01,171678842,American Healthcare REIT Inc.,398182303,US3981823038,AHR,1337162.0,63060559.92,0.260392490811,EC,CORP
0000940400-26-022717,936958,SPDR S&P MIDCAP 400 ETF TRUST,2026-03-31,2026-06-01,171678843,RBC Bearings Inc,75524B104,US75524B1044,RBC,238311.0,129431470.32,0.534454229217,EC,CORP
0000940400-26-022717,936958,SPDR S&P MIDCAP 400 ETF TRUST,2026-03-31,2026-06-01,171678844,Newmarket Corporation,651587107,US6515871076,NEU,58793.0,37683373.35,0.155603874454,EC,CORP
0000940400-26-022717,936958,SPDR S&P MIDCAP 400 ETF TRUST,2026-03-31,2026-06-01,171678845,Duolingo Inc,26603R106,US26603R1068,DUOL,301591.0,29727824.87,0.12275346705,EC,CORP
0000940400-26-022717,936958,SPDR S&P MIDCAP 400 ETF TRUST,2026-03-31,2026-06-01,171678846,Moog Inc.,615394202,US6153942023,MOG/A,214272.0,62704558.08,0.258922472055,EC,CORP
0000940400-26-022717,936958,SPDR S&P MIDCAP 400 ETF TRUST,2026-03-31,2026-06-01,171678847,American Homes 4 Rent,02665T306,US02665T3068,AMH,2457204.0,68605135.68,0.283287401584,EC,CORP
0000940400-26-022717,936958,SPDR S&P MIDCAP 400 ETF TRUST,2026-03-31,2026-06-01,171678848,Hexcel Corporation,428291108,US4282911084,HXL,571842.0,46279173.06,0.191098035937,EC,CORP
0000940400-26-022717,936958,SPDR S&P MIDCAP 400 ETF TRUST,2026-03-31,2026-06-01,171678849,Cytokinetics Inc,23282W605,US23282W6057,CYTK,921542.0,60738833.22,0.250805512847,EC,CORP
0000940400-26-022717,936958,SPDR S&P MIDCAP 400 ETF TRUST,2026-03-31,2026-06-01,171678850,First Horizon Corporation,320517105,US3205171057,FHN,3655515.0,83199521.4,0.343551193316,EC,CORP
0000940400-26-022717,936958,SPDR S&P MIDCAP 400 ETF TRUST,2026-03-31,2026-06-01,171678851,Equitable Holdings Inc,29452E101,US29452E1010,EQH,2135263.0,79239609.93,0.327199749364,EC,CORP
0000940400-26-022717,936958,SPDR S&P MIDCAP 400 ETF TRUST,2026-03-31,2026-06-01,171678852,Vontier Corporation,928881101,US9288811014,VNT,1067257.0,37855605.79,0.156315064365,EC,CORP
0000940400-26-022717,936958,SPDR S&P MIDCAP 400 ETF TRUST,2026-03-31,2026-06-01,171678853,Avis Budget Group Inc.,053774105,US0537741052,CAR,127335.0,18571809.75,0.07668754933,EC,CORP
0000940400-26-022717,936958,SPDR S&P MIDCAP 400 ETF TRUST,2026-03-31,2026-06-01,171678854,Shift4 Payments Inc,82452J109,US82452J1097,FOUR,509247.0,22269371.31,0.091955686273,EC,CORP
0000940400-26-022717,936958,SPDR S&P MIDCAP 400 ETF TRUST,2026-03-31,2026-06-01,171678855,FIRST INDUSTRIAL REALTY TRUST INC,32054K103,US32054K1034,FR,998848.0,57783356.8,0.238601627129,EC,CORP
0000940400-26-022717,936958,SPDR S&P MIDCAP 400 ETF TRUST,2026-03-31,2026-06-01,171678856,Federated Hermes Inc,314211103,US3142111034,FHI,556997.0,31587299.87,0.130431694574,EC,CORP
0000940400-26-022717,936958,SPDR S&P MIDCAP 400 ETF TRUST,2026-03-31,2026-06-01,171678857,Dolby Laboratories Inc.,25659T107,US25659T1079,DLB,458901.0,27561594.06,0.113808569684,EC,CORP
0000940400-26-022717,936958,SPDR S&P MIDCAP 400 ETF TRUST,2026-03-31,2026-06-01,171678858,Arrowhead Pharmaceuticals Inc,04280A100,US04280A1007,ARWR,1055435.0,66175774.5,0.273255974499,EC,CORP
0000940400-26-022717,936958,SPDR S&P MIDCAP 400 ETF TRUST,2026-03-31,2026-06-01,171678859,Texas Roadhouse Inc,882681109,US8826811098,TXRH,498550.0,82330547.0,0.33996298527,EC,CORP
0000940400-26-022717,936958,SPDR S&P MIDCAP 400 ETF TRUST,2026-03-31,2026-06-01,171678860,Flagstar Bank National Association,649445400,US6494454001,FLG,2257416.0,29730168.72,0.12276314538,EC,CORP
0000940400-26-022717,936958,SPDR S&P MIDCAP 400 ETF TRUST,2026-03-31,2026-06-01,171678861,TREX COMPANY INC,89531P105,US89531P1057,TREX,808391.0,29441600.22,0.121571575395,EC,CORP
0000940400-26-022717,936958,SPDR S&P MIDCAP 400 ETF TRUST,2026-03-31,2026-06-01,171678862,Independence Realty Trust Inc,45378A106,US45378A1060,IRT,1785172.0,26581211.08,0.109760328336,EC,CORP
0000940400-26-022717,936958,SPDR S&P MIDCAP 400 ETF TRUST,2026-03-31,2026-06-01,171678863,Webster Financial Corp.,947890109,US9478901096,WBS,1215249.0,84362585.58,0.348353770064,EC,CORP
0000940400-26-022717,936958,SPDR S&P MIDCAP 400 ETF TRUST,2026-03-31,2026-06-01,171678864,Pinterest Inc,72352L106,US72352L1061,PINS,4412658.0,80928147.72,0.334172135298,EC,CORP
0000940400-26-022717,936958,SPDR S&P MIDCAP 400 ETF TRUST,2026-03-31,2026-06-01,171678865,"Advanced Energy Industries, Inc.",007973100,US0079731008,AEIS,284488.0,91807122.48,0.379094085545,EC,CORP
0000940400-26-022717,936958,SPDR S&P MIDCAP 400 ETF TRUST,2026-03-31,2026-06-01,171678866,"Wesco International, Inc.",95082P105,US95082P1057,WCC,366655.0,100324141.1,0.414262940619,EC,CORP
0000940400-26-022717,936958,SPDR S&P MIDCAP 400 ETF TRUST,2026-03-31,2026-06-01,171678867,Mueller Industries Inc.,624756102,US6247561029,MLI,836722.0,92708797.6,0.382817322869,EC,CORP
0000940400-26-022717,936958,SPDR S&P MIDCAP 400 ETF TRUST,2026-03-31,2026-06-01,171678868,RH,74967X103,US74967X1037,RH,116054.0,16226670.28,0.067003894306,EC,CORP
0000940400-26-022717,936958,SPDR S&P MIDCAP 400 ETF TRUST,2026-03-31,2026-06-01,171678869,Graham Holdings Co,384637104,US3846371041,GHC,25607.0,27073256.82,0.111792105663,EC,CORP
0000940400-26-022717,936958,SPDR S&P MIDCAP 400 ETF TRUST,2026-03-31,2026-06-01,171678870,Okta Inc.,679295105,US6792951054,OKTA,1277230.0,100530773.3,0.415116175562,EC,CORP
0000940400-26-022717,936958,SPDR S&P MIDCAP 400 ETF TRUST,2026-03-31,2026-06-01,171678871,Manhattan Associates Inc,562750109,US5627501092,MANH,451085.0,60048435.2,0.247954690394,EC,CORP
0000940400-26-022717,936958,SPDR S&P MIDCAP 400 ETF TRUST,2026-03-31,2026-06-01,171678872,Kite Realty Group Trust,49803T300,US49803T3005,KRG,1631830.0,40061426.5,0.165423438121,EC,CORP
0000940400-26-022717,936958,SPDR S&P MIDCAP 400 ETF TRUST,2026-03-31,2026-06-01,171678873,"Eastgroup Properties, Inc.",277276101,US2772761019,EGP,401316.0,74279578.44,0.306718564994,EC,CORP
0000940400-26-022717,936958,SPDR S&P MIDCAP 400 ETF TRUST,2026-03-31,2026-06-01,171678874,"Penske Automotive Group, Inc.",70959W103,US70959W1036,PAG,138993.0,20782233.36,0.085814929586,EC,CORP
0000940400-26-022717,936958,SPDR S&P MIDCAP 400 ETF TRUST,2026-03-31,2026-06-01,171678875,Cousins Properties Inc.,222795502,US2227955026,CUZ,1266099.0,28575854.43,0.11799669907,EC,CORP
0000940400-26-022717,936958,SPDR S&P MIDCAP 400 ETF TRUST,2026-03-31,2026-06-01,171678876,SOTERA HEALTH CO,83601L102,US83601L1026,SHC,1755820.0,25178458.8,0.103968020741,EC,CORP
0000940400-26-022717,936958,SPDR S&P MIDCAP 400 ETF TRUST,2026-03-31,2026-06-01,171678877,Associated Banc-Corp,045487105,US0454871056,ASB,1233095.0,31887836.7,0.131672684724,EC,CORP
0000940400-26-022717,936958,SPDR S&P MIDCAP 400 ETF TRUST,2026-03-31,2026-06-01,171678878,Regal Rexnord Corporation,758750103,US7587501039,RRX,500463.0,93716701.38,0.386979204338,EC,CORP
0000940400-26-022717,936958,SPDR S&P MIDCAP 400 ETF TRUST,2026-03-31,2026-06-01,171678879,First Financial Bankshares Inc,32020R109,US32020R1095,FFIN,982263.0,28927645.35,0.119449329907,EC,CORP
0000940400-26-022717,936958,SPDR S&P MIDCAP 400 ETF TRUST,2026-03-31,2026-06-01,171678880,Southwest Gas Holdings Inc,844895102,US8448951025,SWX,484216.0,42078370.4,0.173751893285,EC,CORP
0000940400-26-022717,936958,SPDR S&P MIDCAP 400 ETF TRUST,2026-03-31,2026-06-01,171678881,Carpenter Technology Corporation,144285103,US1442851036,CRS,375422.0,147972581.3,0.61101501581,EC,CORP
0000940400-26-022717,936958,SPDR S&P MIDCAP 400 ETF TRUST,2026-03-31,2026-06-01,171678882,Hims & Hers Health Inc,433000106,US4330001060,HIMS,1570029.0,32593802.04,0.134587788452,EC,CORP
0000940400-26-022717,936958,SPDR S&P MIDCAP 400 ETF TRUST,2026-03-31,2026-06-01,171678883,TTM Technologies Inc,87305R109,US87305R1095,TTMI,778815.0,75872157.3,0.313294713013,EC,CORP
0000940400-26-022717,936958,SPDR S&P MIDCAP 400 ETF TRUST,2026-03-31,2026-06-01,171678884,Brighthouse Financial Inc.,10922N103,US10922N1037,BHF,431005.0,25808579.4,0.106569942969,EC,CORP
0000940400-26-022717,936958,SPDR S&P MIDCAP 400 ETF TRUST,2026-03-31,2026-06-01,171678885,"Macy's, Inc.",55616P104,US55616P1049,M,2003989.0,36252161.01,0.149694048303,EC,CORP
0000940400-26-022717,936958,SPDR S&P MIDCAP 400 ETF TRUST,2026-03-31,2026-06-01,171678886,"Affiliated Managers Group, Inc.",008252108,US0082521081,AMG,212015.0,58664550.5,0.242240291656,EC,CORP
0000940400-26-022717,936958,SPDR S&P MIDCAP 400 ETF TRUST,2026-03-31,2026-06-01,171678887,Evercore Inc.,29977A105,US29977A1051,EVR,291529.0,87024321.79,0.359344730539,EC,CORP
0000940400-26-022717,936958,SPDR S&P MIDCAP 400 ETF TRUST,2026-03-31,2026-06-01,171678888,Watsco Inc,942622200,US9426222009,WSO,263222.0,95757531.38,0.395406291058,EC,CORP
0000940400-26-022717,936958,SPDR S&P MIDCAP 400 ETF TRUST,2026-03-31,2026-06-01,171678889,Columbia Banking System Inc.,197236102,US1972361026,COLB,2226624.0,61076296.32,0.252198980606,EC,CORP
0000940400-26-022717,936958,SPDR S&P MIDCAP 400 ETF TRUST,2026-03-31,2026-06-01,171678890,WARNER MUSIC GROUP CORP,934550203,US9345502036,WMG,1107703.0,28290734.62,0.11681936957,EC,CORP
0000940400-26-022717,936958,SPDR S&P MIDCAP 400 ETF TRUST,2026-03-31,2026-06-01,171678891,Visteon Corporation,92839U206,US92839U2069,VC,205662.0,18737864.82,0.077373231369,EC,CORP
0000940400-26-022717,936958,SPDR S&P MIDCAP 400 ETF TRUST,2026-03-31,2026-06-01,171678892,Ollies Bargain Outlet Holdings Inc.,681116109,US6811161099,OLLI,462276.0,42547883.04,0.175690625925,EC,CORP
0000940400-26-022717,936958,SPDR S&P MIDCAP 400 ETF TRUST,2026-03-31,2026-06-01,171678893,E L F Beauty Inc,26856L103,US26856L1035,ELF,445084.0,26976541.24,0.111392743354,EC,CORP
0000940400-26-022717,936958,SPDR S&P MIDCAP 400 ETF TRUST,2026-03-31,2026-06-01,171678894,Bank OZK,06417N103,US06417N1037,OZK,782048.0,35888182.72,0.148191092832,EC,CORP
0000940400-26-022717,936958,SPDR S&P MIDCAP 400 ETF TRUST,2026-03-31,2026-06-01,171678895,AUTONATION INC,05329W102,US05329W1027,AN,196218.0,38313526.68,0.158205931831,EC,CORP
0000940400-26-022717,936958,SPDR S&P MIDCAP 400 ETF TRUST,2026-03-31,2026-06-01,171678896,W. P. Carey Inc,92936U109,US92936U1097,WPC,1651719.0,112250823.24,0.463511131144,EC,CORP
0000940400-26-022717,936958,SPDR S&P MIDCAP 400 ETF TRUST,2026-03-31,2026-06-01,171678897,Polaris Inc.,731068102,US7310681025,PII,402757.0,21950256.5,0.090637983095,EC,CORP
0000940400-26-022717,936958,SPDR S&P MIDCAP 400 ETF TRUST,2026-03-31,2026-06-01,171678898,Gamestop Corp,36467W109,US36467W1099,GME,3106552.0,71574958.08,0.295550525365,EC,CORP
0000940400-26-022717,936958,SPDR S&P MIDCAP 400 ETF TRUST,2026-03-31,2026-06-01,171678899,Fabrinet,000000000,KYG3323L1005,FN,270027.0,140824481.04,0.581498759792,EC,CORP
0000940400-26-022717,936958,SPDR S&P MIDCAP 400 ETF TRUST,2026-03-31,2026-06-01,171678900,Elanco Animal Health Inc,28414H103,US28414H1032,ELAN,3744903.0,89615528.79,0.370044458638,EC,CORP
0000940400-26-022717,936958,SPDR S&P MIDCAP 400 ETF TRUST,2026-03-31,2026-06-01,171678901,Valvoline Inc,92047W101,US92047W1018,VVV,959596.0,32319193.28,0.133453861651,EC,CORP
0000940400-26-022717,936958,SPDR S&P MIDCAP 400 ETF TRUST,2026-03-31,2026-06-01,171678902,Firstcash Holdings Inc,33768G107,US33768G1076,FCFS,291743.0,54847684.0,0.226479515407,EC,CORP
0000940400-26-022717,936958,SPDR S&P MIDCAP 400 ETF TRUST,2026-03-31,2026-06-01,171678903,Applied Industrial Technologies Inc.,03820C105,US03820C1053,AIT,281151.0,74594983.32,0.308020948963,EC,CORP
0000940400-26-022717,936958,SPDR S&P MIDCAP 400 ETF TRUST,2026-03-31,2026-06-01,171678904,"AeroVironment, Inc.",008073108,US0080731088,AVAV,239759.0,43887884.95,0.181223821879,EC,CORP
0000940400-26-022717,936958,SPDR S&P MIDCAP 400 ETF TRUST,2026-03-31,2026-06-01,171678905,Blackbaud Inc,09227Q100,US09227Q1004,BLKB,269795.0,10416784.95,0.043013455364,EC,CORP
0000940400-26-022717,936958,SPDR S&P MIDCAP 400 ETF TRUST,2026-03-31,2026-06-01,171678906,Ryan Specialty Holdings Inc,78351F107,US78351F1075,RYAN,859616.0,29003443.84,0.119762320429,EC,CORP
0000940400-26-022717,936958,SPDR S&P MIDCAP 400 ETF TRUST,2026-03-31,2026-06-01,171678907,V.F. Corp,918204108,US9182041080,VFC,2477145.0,42086693.55,0.173786261609,EC,CORP
0000940400-26-022717,936958,SPDR S&P MIDCAP 400 ETF TRUST,2026-03-31,2026-06-01,171678908,New Jersey Resources Corp.,646025106,US6460251068,NJR,760077.0,41743428.84,0.172368837581,EC,CORP
0000940400-26-022717,936958,SPDR S&P MIDCAP 400 ETF TRUST,2026-03-31,2026-06-01,171678909,Halozyme Therapeutics Inc,40637H109,US40637H1095,HALO,886341.0,57284218.83,0.236540564249,EC,CORP
0000940400-26-022717,936958,SPDR S&P MIDCAP 400 ETF TRUST,2026-03-31,2026-06-01,171678910,"Annaly Capital Management, Inc.",035710839,US0357108390,NLY,5414553.0,114517795.95,0.472872016479,EC,CORP
0000940400-26-022717,936958,SPDR S&P MIDCAP 400 ETF TRUST,2026-03-31,2026-06-01,171678911,Avient Corporation,05368V106,US05368V1061,AVNT,690137.0,25051973.1,0.103445730319,EC,CORP
0000940400-26-022717,936958,SPDR S&P MIDCAP 400 ETF TRUST,2026-03-31,2026-06-01,171678912,"Fidelity National Financial, Inc.",31620R303,US31620R3030,FNF,1922395.0,89160680.1,0.368166277038,EC,CORP
0000940400-26-022717,936958,SPDR S&P MIDCAP 400 ETF TRUST,2026-03-31,2026-06-01,171678913,PINNACLE FINANCIAL PARTNERS INC,72348N109,US72348N1090,PNFP,1134660.0,97739612.4,0.403590788856,EC,CORP
0000940400-26-022717,936958,SPDR S&P MIDCAP 400 ETF TRUST,2026-03-31,2026-06-01,171678914,"Bio-Rad Laboratories, Inc.",090572207,US0905722072,BIO,137043.0,38200736.25,0.157740192532,EC,CORP
0000940400-26-022717,936958,SPDR S&P MIDCAP 400 ETF TRUST,2026-03-31,2026-06-01,171678915,Burlington Stores Inc.,122017106,US1220171060,BURL,468659.0,152492265.42,0.629677898081,EC,CORP
0000940400-26-022717,936958,SPDR S&P MIDCAP 400 ETF TRUST,2026-03-31,2026-06-01,171678916,TransUnion,89400J107,US89400J1079,TRU,1450143.0,100335394.17,0.4143094073,EC,CORP
0000940400-26-022717,936958,SPDR S&P MIDCAP 400 ETF TRUST,2026-03-31,2026-06-01,171678917,RB Global Inc,74935Q107,CA74935Q1072,RBA,1399578.0,134149551.3,0.553936340695,EC,CORP
0001410368-26-066832,1041130,SPDR DOW JONES INDUSTRIAL AVERAGE ETF TRUST,2026-04-30,2026-06-25,172633975,Honeywell International Inc,438516106,US4385161066,,5295347.0,1134951722.51,2.656747004087,EC,CORP
0001410368-26-066832,1041130,SPDR DOW JONES INDUSTRIAL AVERAGE ETF TRUST,2026-04-30,2026-06-25,172633976,Cisco Systems Inc,17275R102,US17275R1023,,5295347.0,484524250.5,1.13419657012,EC,CORP
0001410368-26-066832,1041130,SPDR DOW JONES INDUSTRIAL AVERAGE ETF TRUST,2026-04-30,2026-06-25,172633977,Salesforce Inc,79466L302,US79466L3024,,5295347.0,934787605.91,2.188193666922,EC,CORP
0001410368-26-066832,1041130,SPDR DOW JONES INDUSTRIAL AVERAGE ETF TRUST,2026-04-30,2026-06-25,172633978,Johnson & Johnson,478160104,US4781601046,,5295347.0,1217135507.95,2.849126575325,EC,CORP
0001410368-26-066832,1041130,SPDR DOW JONES INDUSTRIAL AVERAGE ETF TRUST,2026-04-30,2026-06-25,172633979,McDonald's Corp,580135101,US5801351017,,5295347.0,1554660925.73,3.639221541221,EC,CORP
0001410368-26-066832,1041130,SPDR DOW JONES INDUSTRIAL AVERAGE ETF TRUST,2026-04-30,2026-06-25,172633980,UnitedHealth Group Inc,91324P102,US91324P1021,,5295347.0,1961820156.56,4.59231852785,EC,CORP
0001410368-26-066832,1041130,SPDR DOW JONES INDUSTRIAL AVERAGE ETF TRUST,2026-04-30,2026-06-25,172633981,International Business Machines Corp,459200101,US4592001014,,5295347.0,1223119250.06,2.863133593076,EC,CORP
0001410368-26-066832,1041130,SPDR DOW JONES INDUSTRIAL AVERAGE ETF TRUST,2026-04-30,2026-06-25,172633982,3M Co,88579Y101,US88579Y1010,,5295347.0,775874242.44,1.816201983104,EC,CORP
0001410368-26-066832,1041130,SPDR DOW JONES INDUSTRIAL AVERAGE ETF TRUST,2026-04-30,2026-06-25,172633983,NIKE Inc,654106103,US6541061031,,5295347.0,234901592.92,0.549868413667,EC,CORP
0001410368-26-066832,1041130,SPDR DOW JONES INDUSTRIAL AVERAGE ETF TRUST,2026-04-30,2026-06-25,172633984,Visa Inc,92826C839,US92826C8394,,5295347.0,1746617254.48,4.088561712443,EC,CORP
0001410368-26-066832,1041130,SPDR DOW JONES INDUSTRIAL AVERAGE ETF TRUST,2026-04-30,2026-06-25,172633985,Procter & Gamble Co/The,742718109,US7427181091,,5295347.0,778892590.23,1.823267469935,EC,CORP
0001410368-26-066832,1041130,SPDR DOW JONES INDUSTRIAL AVERAGE ETF TRUST,2026-04-30,2026-06-25,172633986,Microsoft Corp,594918104,US5949181045,,5295347.0,2159336599.66,5.054674069549,EC,CORP
0001410368-26-066832,1041130,SPDR DOW JONES INDUSTRIAL AVERAGE ETF TRUST,2026-04-30,2026-06-25,172633987,NVIDIA Corp,67066G104,US67066G1040,,5295347.0,1056792400.79,2.473788081956,EC,CORP
0001410368-26-066832,1041130,SPDR DOW JONES INDUSTRIAL AVERAGE ETF TRUST,2026-04-30,2026-06-25,172633988,Chevron Corp,166764100,US1667641005,,5295347.0,1023643528.57,2.396191682732,EC,CORP
0001410368-26-066832,1041130,SPDR DOW JONES INDUSTRIAL AVERAGE ETF TRUST,2026-04-30,2026-06-25,172633989,Walt Disney Co/The,254687106,US2546871060,,5295347.0,549392251.25,1.286042559016,EC,CORP
0001410368-26-066832,1041130,SPDR DOW JONES INDUSTRIAL AVERAGE ETF TRUST,2026-04-30,2026-06-25,172633990,Walmart Inc,931142103,US9311421039,,5295347.0,698615129.71,1.635350311431,EC,CORP
0001410368-26-066832,1041130,SPDR DOW JONES INDUSTRIAL AVERAGE ETF TRUST,2026-04-30,2026-06-25,172633991,Coca-Cola Co/The,191216100,US1912161007,,5295347.0,417061529.72,0.976276741668,EC,CORP
0001410368-26-066832,1041130,SPDR DOW JONES INDUSTRIAL AVERAGE ETF TRUST,2026-04-30,2026-06-25,172633992,Amgen Inc,031162100,US0311621009,,5295347.0,1833513898.75,4.291973359609,EC,CORP
0001410368-26-066832,1041130,SPDR DOW JONES INDUSTRIAL AVERAGE ETF TRUST,2026-04-30,2026-06-25,172633993,Home Depot Inc/The,437076102,US4370761029,,5295347.0,1741110093.6,4.075670297876,EC,CORP
0001410368-26-066832,1041130,SPDR DOW JONES INDUSTRIAL AVERAGE ETF TRUST,2026-04-30,2026-06-25,172633994,Goldman Sachs Group Inc/The,38141G104,US38141G1040,,5295347.0,4891682698.19,11.45067503366,EC,CORP
0001410368-26-066832,1041130,SPDR DOW JONES INDUSTRIAL AVERAGE ETF TRUST,2026-04-30,2026-06-25,172633995,Sherwin-Williams Co/The,824348106,US8243481061,,5295347.0,1703036548.67,3.986545999087,EC,CORP
0001410368-26-066832,1041130,SPDR DOW JONES INDUSTRIAL AVERAGE ETF TRUST,2026-04-30,2026-06-25,172633996,Verizon Communications Inc,92343V104,US92343V1044,,5295347.0,254335516.41,0.595360232381,EC,CORP
0001410368-26-066832,1041130,SPDR DOW JONES INDUSTRIAL AVERAGE ETF TRUST,2026-04-30,2026-06-25,172633997,Boeing Co/The,097023105,US0970231058,,5295347.0,1212793323.41,2.838962190762,EC,CORP
0001410368-26-066832,1041130,SPDR DOW JONES INDUSTRIAL AVERAGE ETF TRUST,2026-04-30,2026-06-25,172633998,Caterpillar Inc,149123101,US1491231015,,5295347.0,4713441318.17,11.03343944295,EC,CORP
0001410368-26-066832,1041130,SPDR DOW JONES INDUSTRIAL AVERAGE ETF TRUST,2026-04-30,2026-06-25,172633999,Apple Inc,037833100,US0378331005,,5295347.0,1436892408.45,3.363543598931,EC,CORP
0001410368-26-066832,1041130,SPDR DOW JONES INDUSTRIAL AVERAGE ETF TRUST,2026-04-30,2026-06-25,172634000,Travelers Cos Inc/The,89417E109,US89417E1091,,5295347.0,1615822183.58,3.782390616465,EC,CORP
0001410368-26-066832,1041130,SPDR DOW JONES INDUSTRIAL AVERAGE ETF TRUST,2026-04-30,2026-06-25,172634001,Merck & Co Inc,58933Y105,US58933Y1055,,5295347.0,578145985.46,1.353350617768,EC,CORP
0001410368-26-066832,1041130,SPDR DOW JONES INDUSTRIAL AVERAGE ETF TRUST,2026-04-30,2026-06-25,172634002,JPMorgan Chase & Co,46625H100,US46625H1005,,5295347.0,1658661540.81,3.882670947091,EC,CORP
0001410368-26-066832,1041130,SPDR DOW JONES INDUSTRIAL AVERAGE ETF TRUST,2026-04-30,2026-06-25,172634003,Amazon.com Inc,023135106,US0231351067,,5295347.0,1403584675.82,3.28557533198,EC,CORP
0001410368-26-066832,1041130,SPDR DOW JONES INDUSTRIAL AVERAGE ETF TRUST,2026-04-30,2026-06-25,172634004,American Express Co,025816109,US0258161092,,5295347.0,1710661848.35,4.004395650027,EC,CORP
0001410368-26-055323,1064641,SELECT SECTOR SPDR TRUST,2026-03-31,2026-05-28,170592963,AT&T Inc,00206R102,US00206R1023,,41966986.0,1216622924.14,5.046520445711,EC,CORP
0001410368-26-055323,1064641,SELECT SECTOR SPDR TRUST,2026-03-31,2026-05-28,170592965,Alphabet Inc,02079K107,US02079K1079,,7175146.0,2058262381.56,8.537619162917,EC,CORP
0001410368-26-055323,1064641,SELECT SECTOR SPDR TRUST,2026-03-31,2026-05-28,170592966,Alphabet Inc,02079K305,US02079K3059,,8932359.0,2568589154.04,10.65444142576,EC,CORP
0001410368-26-055323,1064641,SELECT SECTOR SPDR TRUST,2026-03-31,2026-05-28,170592967,Charter Communications Inc,16119P108,US16119P1084,,2844936.0,614164783.68,2.547539649615,EC,CORP
0001410368-26-055323,1064641,SELECT SECTOR SPDR TRUST,2026-03-31,2026-05-28,170592968,Comcast Corp,20030N101,US20030N1019,,37285690.0,1070472159.9,4.440290852911,EC,CORP
0001410368-26-055323,1064641,SELECT SECTOR SPDR TRUST,2026-03-31,2026-05-28,170592969,Walt Disney Co/The,254687106,US2546871060,,11297673.0,1088869723.74,4.516603472234,EC,CORP
0001410368-26-055323,1064641,SELECT SECTOR SPDR TRUST,2026-03-31,2026-05-28,170592970,EchoStar Corp,278768106,US2787681061,,4447420.0,520659459.4,2.159681981146,EC,CORP
0001410368-26-055323,1064641,SELECT SECTOR SPDR TRUST,2026-03-31,2026-05-28,170592971,Electronic Arts Inc,285512109,US2855121099,,5701346.0,1162333409.02,4.821328940106,EC,CORP
0001410368-26-055323,1064641,SELECT SECTOR SPDR TRUST,2026-03-31,2026-05-28,170592972,Meta Platforms Inc,30303M102,US30303M1027,,7670125.0,4388308616.25,18.20259072436,EC,CORP
0001410368-26-055323,1064641,SELECT SECTOR SPDR TRUST,2026-03-31,2026-05-28,170592973,Fox Corp,35137L105,US35137L1052,,6630626.0,387228558.4,1.60621405232,EC,CORP
0001410368-26-055323,1064641,SELECT SECTOR SPDR TRUST,2026-03-31,2026-05-28,170592974,Fox Corp,35137L204,US35137L2043,,4677006.0,248349018.6,1.030145310572,EC,CORP
0001410368-26-055323,1064641,SELECT SECTOR SPDR TRUST,2026-03-31,2026-05-28,170592975,Live Nation Entertainment Inc,538034109,US5380341090,,5216894.0,795628503.94,3.300246471323,EC,CORP
0001410368-26-055323,1064641,SELECT SECTOR SPDR TRUST,2026-03-31,2026-05-28,170592976,Netflix Inc,64110L106,US64110L1061,,14806488.0,1423643821.2,5.905237776261,EC,CORP
0001410368-26-055323,1064641,SELECT SECTOR SPDR TRUST,2026-03-31,2026-05-28,170592977,News Corp,65249B109,US65249B1098,,12231752.0,304937577.36,1.264873189777,EC,CORP
0001410368-26-055323,1064641,SELECT SECTOR SPDR TRUST,2026-03-31,2026-05-28,170592978,News Corp,65249B208,US65249B2088,,4037400.0,115106274.0,0.47745784963,EC,CORP
0001410368-26-055323,1064641,SELECT SECTOR SPDR TRUST,2026-03-31,2026-05-28,170592979,Omnicom Group Inc,681919106,US6819191064,,10394104.0,782779972.24,3.246951093902,EC,CORP
0001410368-26-055323,1064641,SELECT SECTOR SPDR TRUST,2026-03-31,2026-05-28,170592980,Paramount Skydance Corp,69932A204,US69932A2042,,10267884.0,92616313.68,0.384170075475,EC,CORP
0001410368-26-055323,1064641,SELECT SECTOR SPDR TRUST,2026-03-31,2026-05-28,170592981,TKO Group Holdings Inc,87256C101,US87256C1018,,2190343.0,441682665.95,1.832088283071,EC,CORP
0001410368-26-055323,1064641,SELECT SECTOR SPDR TRUST,2026-03-31,2026-05-28,170592982,T-Mobile US Inc,872590104,US8725901040,,5340224.0,1121607246.72,4.652397871454,EC,CORP
0001410368-26-055323,1064641,SELECT SECTOR SPDR TRUST,2026-03-31,2026-05-28,170592983,Take-Two Interactive Software Inc,874054109,US8740541094,,5399666.0,1066434035.0,4.423540815191,EC,CORP
0001410368-26-055323,1064641,SELECT SECTOR SPDR TRUST,2026-03-31,2026-05-28,170592984,Trade Desk Inc/The,88339J105,US88339J1051,,14547529.0,330083433.01,1.369177549118,EC,CORP
0001410368-26-055323,1064641,SELECT SECTOR SPDR TRUST,2026-03-31,2026-05-28,170592985,Verizon Communications Inc,92343V104,US92343V1044,,22490621.0,1129029174.2,4.683183834821,EC,CORP
0001410368-26-055323,1064641,SELECT SECTOR SPDR TRUST,2026-03-31,2026-05-28,170592988,Warner Bros Discovery Inc,934423104,US9344231041,,40986142.0,1125479459.32,4.668459709241,EC,CORP
0001410368-26-055330,1064641,SELECT SECTOR SPDR TRUST,2026-03-31,2026-05-28,170595251,AMETEK Inc,031100100,US0311001004,,1291393.0,276823003.48,0.976970495982,EC,CORP
0001410368-26-055330,1064641,SELECT SECTOR SPDR TRUST,2026-03-31,2026-05-28,170595253,Automatic Data Processing Inc,053015103,US0530151036,,2258740.0,458930793.2,1.619669749326,EC,CORP
0001410368-26-055330,1064641,SELECT SECTOR SPDR TRUST,2026-03-31,2026-05-28,170595255,Axon Enterprise Inc,05464C101,US05464C1018,,442693.0,188007290.17,0.663519914229,EC,CORP
0001410368-26-055330,1064641,SELECT SECTOR SPDR TRUST,2026-03-31,2026-05-28,170595257,Boeing Co/The,097023105,US0970231058,,4405688.0,876864082.64,3.094650108397,EC,CORP
0001410368-26-055330,1064641,SELECT SECTOR SPDR TRUST,2026-03-31,2026-05-28,170595259,Broadridge Financial Solutions Inc,11133T103,US11133T1034,,654919.0,106411239.12,0.375549140621,EC,CORP
0001410368-26-055330,1064641,SELECT SECTOR SPDR TRUST,2026-03-31,2026-05-28,170595261,Builders FirstSource Inc,12008R107,US12008R1077,,620297.0,51069052.01,0.180234143999,EC,CORP
0001410368-26-055330,1064641,SELECT SECTOR SPDR TRUST,2026-03-31,2026-05-28,170595262,CH Robinson Worldwide Inc,12541W209,US12541W2098,,665412.0,110504970.84,0.389996838459,EC,CORP
0001410368-26-055330,1064641,SELECT SECTOR SPDR TRUST,2026-03-31,2026-05-28,170595264,CSX Corp,126408103,US1264081035,,10431688.0,428220792.4,1.511287265443,EC,CORP
0001410368-26-055324,1064641,SELECT SECTOR SPDR TRUST,2026-03-31,2026-05-28,170595266,AES Corp/The,00130H105,US00130H1059,,12216780.0,172134430.2,0.704922894776,EC,CORP
0001410368-26-055330,1064641,SELECT SECTOR SPDR TRUST,2026-03-31,2026-05-28,170595267,Carrier Global Corp,14448C104,US14448C1045,,4407546.0,248188915.26,0.875914373411,EC,CORP
0001410368-26-055324,1064641,SELECT SECTOR SPDR TRUST,2026-03-31,2026-05-28,170595269,Alliant Energy Corp,018802108,US0188021085,,4409917.0,316455643.92,1.295945432422,EC,CORP
0001410368-26-055330,1064641,SELECT SECTOR SPDR TRUST,2026-03-31,2026-05-28,170595270,Caterpillar Inc,149123101,US1491231015,,2610119.0,1849164906.74,6.526117892591,EC,CORP
0001410368-26-055330,1064641,SELECT SECTOR SPDR TRUST,2026-03-31,2026-05-28,170595273,Cintas Corp,172908105,US1729081059,,1906829.0,322521057.06,1.138249181316,EC,CORP
0001410368-26-055330,1064641,SELECT SECTOR SPDR TRUST,2026-03-31,2026-05-28,170595274,Comfort Systems USA Inc,199908104,US1999081045,,197375.0,272178151.25,0.960577770198,EC,CORP
0001410368-26-055324,1064641,SELECT SECTOR SPDR TRUST,2026-03-31,2026-05-28,170595276,Ameren Corp,023608102,US0236081024,,4741863.0,521225580.96,2.134516871114,EC,CORP
0001410368-26-055330,1064641,SELECT SECTOR SPDR TRUST,2026-03-31,2026-05-28,170595277,Copart Inc,217204106,US2172041061,,4995860.0,165862552.0,0.585366164138,EC,CORP
0001410368-26-055324,1064641,SELECT SECTOR SPDR TRUST,2026-03-31,2026-05-28,170595279,American Electric Power Co Inc,025537101,US0255371017,,9278777.0,1216262089.16,4.980822207973,EC,CORP
0001410368-26-055330,1064641,SELECT SECTOR SPDR TRUST,2026-03-31,2026-05-28,170595280,Cummins Inc,231021106,US2310211063,,775101.0,417019840.02,1.471756591097,EC,CORP
0001410368-26-055324,1064641,SELECT SECTOR SPDR TRUST,2026-03-31,2026-05-28,170595282,American Water Works Co Inc,030420103,US0304201033,,3348365.0,455678992.85,1.866091254115,EC,CORP
0001410368-26-055330,1064641,SELECT SECTOR SPDR TRUST,2026-03-31,2026-05-28,170595283,Deere & Co,244199105,US2441991054,,1414185.0,796610410.5,2.811416891181,EC,CORP
0001410368-26-055324,1064641,SELECT SECTOR SPDR TRUST,2026-03-31,2026-05-28,170595285,Atmos Energy Corp,049560105,US0495601058,,2838179.0,524268424.88,2.146977889761,EC,CORP
0001410368-26-055330,1064641,SELECT SECTOR SPDR TRUST,2026-03-31,2026-05-28,170595286,Delta Air Lines Inc,247361702,US2473617023,,3644000.0,242253120.0,0.854965619997,EC,CORP
0001410368-26-055324,1064641,SELECT SECTOR SPDR TRUST,2026-03-31,2026-05-28,170595288,CMS Energy Corp,125896100,US1258961002,,5256838.0,407825492.04,1.67012216021,EC,CORP
0001410368-26-055330,1064641,SELECT SECTOR SPDR TRUST,2026-03-31,2026-05-28,170595289,Dover Corp,260003108,US2600031080,,756530.0,157698678.5,0.556554022654,EC,CORP
0001410368-26-055330,1064641,SELECT SECTOR SPDR TRUST,2026-03-31,2026-05-28,170595290,EMCOR Group Inc,29084Q100,US29084Q1004,,251127.0,185409575.37,0.654351995795,EC,CORP
0001410368-26-055324,1064641,SELECT SECTOR SPDR TRUST,2026-03-31,2026-05-28,170595291,CenterPoint Energy Inc,15189T107,US15189T1079,,11200253.0,483402919.48,1.979625952501,EC,CORP
0001410368-26-055330,1064641,SELECT SECTOR SPDR TRUST,2026-03-31,2026-05-28,170595293,Emerson Electric Co,291011104,US2910111044,,3152689.0,413065312.78,1.457800177105,EC,CORP
0001410368-26-055324,1064641,SELECT SECTOR SPDR TRUST,2026-03-31,2026-05-28,170595294,Consolidated Edison Inc,209115104,US2091151041,,6192028.0,700813729.04,2.869964143719,EC,CORP
0001410368-26-055330,1064641,SELECT SECTOR SPDR TRUST,2026-03-31,2026-05-28,170595296,Equifax Inc,294429105,US2944291051,,675422.0,121623239.54,0.429235703545,EC,CORP
0001410368-26-055324,1064641,SELECT SECTOR SPDR TRUST,2026-03-31,2026-05-28,170595297,Constellation Energy Corp,21037T109,US21037T1097,,5346056.0,1492886138.0,6.113649760522,EC,CORP
0001410368-26-055330,1064641,SELECT SECTOR SPDR TRUST,2026-03-31,2026-05-28,170595299,Expeditors International of Washington Inc,302130109,US3021301094,,751782.0,107677735.86,0.380018891808,EC,CORP
0001410368-26-055324,1064641,SELECT SECTOR SPDR TRUST,2026-03-31,2026-05-28,170595300,DTE Energy Co,233331107,US2333311072,,3562854.0,520960511.88,2.133431363334,EC,CORP
0001410368-26-055330,1064641,SELECT SECTOR SPDR TRUST,2026-03-31,2026-05-28,170595302,Fastenal Co,311900104,US3119001044,,6441005.0,298862632.0,1.054753290532,EC,CORP
0001410368-26-055324,1064641,SELECT SECTOR SPDR TRUST,2026-03-31,2026-05-28,170595303,Dominion Energy Inc,25746U109,US25746U1097,,14649314.0,905620591.48,3.708686798876,EC,CORP
0001410368-26-055330,1064641,SELECT SECTOR SPDR TRUST,2026-03-31,2026-05-28,170595304,FedEx Corp,31428X106,US31428X1063,,1213488.0,432220155.84,1.525401916446,EC,CORP
0001410368-26-055330,1064641,SELECT SECTOR SPDR TRUST,2026-03-31,2026-05-28,170595306,Fortive Corp,34959J108,US34959J1088,,1758177.0,97192024.56,0.343012463726,EC,CORP
0001410368-26-055324,1064641,SELECT SECTOR SPDR TRUST,2026-03-31,2026-05-28,170595307,Duke Energy Corp,26441C204,US26441C2044,,13341195.0,1746896073.3,7.153868261176,EC,CORP
0001410368-26-055330,1064641,SELECT SECTOR SPDR TRUST,2026-03-31,2026-05-28,170595309,GE Vernova Inc,36828A101,US36828A1016,,1511959.0,1319789011.1,4.657831569478,EC,CORP
0001410368-26-055324,1064641,SELECT SECTOR SPDR TRUST,2026-03-31,2026-05-28,170595310,Edison International,281020107,US2810201077,,6601163.0,483073108.34,1.978275313798,EC,CORP
0001410368-26-055330,1064641,SELECT SECTOR SPDR TRUST,2026-03-31,2026-05-28,170595312,Generac Holdings Inc,368736104,US3687361044,,329205.0,64303612.65,0.226941878219,EC,CORP
0001410368-26-055324,1064641,SELECT SECTOR SPDR TRUST,2026-03-31,2026-05-28,170595313,Entergy Corp,29364G103,US29364G1031,,7760113.0,871926296.68,3.570702318954,EC,CORP
0001410368-26-055330,1064641,SELECT SECTOR SPDR TRUST,2026-03-31,2026-05-28,170595314,General Dynamics Corp,369550108,US3695501086,,1423646.0,488623780.12,1.724462963018,EC,CORP
0001410368-26-055324,1064641,SELECT SECTOR SPDR TRUST,2026-03-31,2026-05-28,170595316,Evergy Inc,30034W106,US30034W1062,,3949512.0,323544023.04,1.324973679256,EC,CORP
0001410368-26-055330,1064641,SELECT SECTOR SPDR TRUST,2026-03-31,2026-05-28,170595317,General Electric Co,369604301,US3696043013,,5883564.0,1669578956.28,5.892318775874,EC,CORP
0001410368-26-055330,1064641,SELECT SECTOR SPDR TRUST,2026-03-31,2026-05-28,170595319,WW Grainger Inc,384802104,US3848021040,,245384.0,267667321.04,0.944658038195,EC,CORP
0001410368-26-055324,1064641,SELECT SECTOR SPDR TRUST,2026-03-31,2026-05-28,170595320,Eversource Energy,30040W108,US30040W1080,,6436600.0,445927648.0,1.826157661332,EC,CORP
0001410368-26-055330,1064641,SELECT SECTOR SPDR TRUST,2026-03-31,2026-05-28,170595322,Honeywell International Inc,438516106,US4385161066,,3561492.0,805004036.76,2.84103988171,EC,CORP
0001410368-26-055324,1064641,SELECT SECTOR SPDR TRUST,2026-03-31,2026-05-28,170595323,Exelon Corp,30161N101,US30161N1019,,17548309.0,860218107.18,3.522755078966,EC,CORP
0001410368-26-055330,1064641,SELECT SECTOR SPDR TRUST,2026-03-31,2026-05-28,170595325,Howmet Aerospace Inc,443201108,US4432011082,,2249161.0,518341644.06,1.829343973295,EC,CORP
0001410368-26-055324,1064641,SELECT SECTOR SPDR TRUST,2026-03-31,2026-05-28,170595326,FirstEnergy Corp,337932107,US3379321074,,8919257.0,451849559.62,1.850409004174,EC,CORP
0001410368-26-055330,1064641,SELECT SECTOR SPDR TRUST,2026-03-31,2026-05-28,170595327,Hubbell Inc,443510607,US4435106079,,298198.0,146337686.52,0.516458532647,EC,CORP
0001410368-26-055324,1064641,SELECT SECTOR SPDR TRUST,2026-03-31,2026-05-28,170595329,NRG Energy Inc,629377508,US6293775085,,3643471.0,532456851.94,2.180511039986,EC,CORP
0001410368-26-055330,1064641,SELECT SECTOR SPDR TRUST,2026-03-31,2026-05-28,170595330,JB Hunt Transport Services Inc,445658107,US4456581077,,419247.0,88838439.3,0.313530786871,EC,CORP
0001410368-26-055324,1064641,SELECT SECTOR SPDR TRUST,2026-03-31,2026-05-28,170595331,NextEra Energy Inc,65339F101,US65339F1012,,35728173.0,3318432708.24,13.58960661207,EC,CORP
0001410368-26-055330,1064641,SELECT SECTOR SPDR TRUST,2026-03-31,2026-05-28,170595333,Huntington Ingalls Industries Inc,446413106,US4464131063,,220139.0,83630806.1,0.29515188076,EC,CORP
0001410368-26-055324,1064641,SELECT SECTOR SPDR TRUST,2026-03-31,2026-05-28,170595334,NiSource Inc,65473P105,US65473P1057,,8209486.0,383054616.76,1.568680762994,EC,CORP
0001410368-26-055330,1064641,SELECT SECTOR SPDR TRUST,2026-03-31,2026-05-28,170595336,IDEX Corp,45167R104,US45167R1041,,419857.0,79583894.35,0.280869421102,EC,CORP
0001410368-26-055324,1064641,SELECT SECTOR SPDR TRUST,2026-03-31,2026-05-28,170595337,PG&E Corp,69331C108,US69331C1080,,37707351.0,662518157.07,2.713136567628,EC,CORP
0001410368-26-055330,1064641,SELECT SECTOR SPDR TRUST,2026-03-31,2026-05-28,170595338,Illinois Tool Works Inc,452308109,US4523081093,,1471239.0,382948799.31,1.351512243182,EC,CORP
0001410368-26-055324,1064641,SELECT SECTOR SPDR TRUST,2026-03-31,2026-05-28,170595340,PPL Corp,69351T106,US69351T1060,,12690677.0,484783861.4,1.985281169616,EC,CORP
0001410368-26-055330,1064641,SELECT SECTOR SPDR TRUST,2026-03-31,2026-05-28,170595341,Ingersoll Rand Inc,45687V106,US45687V1061,,1996655.0,159971998.6,0.5645770794,EC,CORP
0001410368-26-055324,1064641,SELECT SECTOR SPDR TRUST,2026-03-31,2026-05-28,170595343,Pinnacle West Capital Corp,723484101,US7234841010,,2053281.0,206868060.75,0.847163650242,EC,CORP
0001410368-26-055330,1064641,SELECT SECTOR SPDR TRUST,2026-03-31,2026-05-28,170595344,Jacobs Solutions Inc,46982L108,US46982L1089,,658844.0,83857664.32,0.295952514324,EC,CORP
0001410368-26-055330,1064641,SELECT SECTOR SPDR TRUST,2026-03-31,2026-05-28,170595346,L3Harris Technologies Inc,502431109,US5024311095,,1047802.0,361648860.3,1.276339978893,EC,CORP
0001410368-26-055324,1064641,SELECT SECTOR SPDR TRUST,2026-03-31,2026-05-28,170595347,Public Service Enterprise Group Inc,744573106,US7445731067,,8563186.0,693189906.7,2.838743156106,EC,CORP
0001410368-26-055330,1064641,SELECT SECTOR SPDR TRUST,2026-03-31,2026-05-28,170595349,Leidos Holdings Inc,525327102,US5253271028,,717220.0,111542054.4,0.393656939055,EC,CORP
0001410368-26-055324,1064641,SELECT SECTOR SPDR TRUST,2026-03-31,2026-05-28,170595350,Sempra,816851109,US8168511090,,11197160.0,1088028037.2,4.45567962603,EC,CORP
0001410368-26-055330,1064641,SELECT SECTOR SPDR TRUST,2026-03-31,2026-05-28,170595351,Lennox International Inc,526107107,US5261071071,,179035.0,83095514.55,0.293262716765,EC,CORP
0001410368-26-055324,1064641,SELECT SECTOR SPDR TRUST,2026-03-31,2026-05-28,170595353,Southern Co/The,842587107,US8425871071,,18889996.0,1823262413.92,7.466602801447,EC,CORP
0001410368-26-055330,1064641,SELECT SECTOR SPDR TRUST,2026-03-31,2026-05-28,170595354,Lockheed Martin Corp,539830109,US5398301094,,1135814.0,686474623.46,2.422722985193,EC,CORP
0001410368-26-055330,1064641,SELECT SECTOR SPDR TRUST,2026-03-31,2026-05-28,170595357,Masco Corp,574599106,US5745991068,,1142232.0,68956545.84,0.243363123525,EC,CORP
0001410368-26-055330,1064641,SELECT SECTOR SPDR TRUST,2026-03-31,2026-05-28,170595360,Nordson Corp,655663102,US6556631025,,296857.0,78981773.42,0.27874440123,EC,CORP
0001410368-26-055324,1064641,SELECT SECTOR SPDR TRUST,2026-03-31,2026-05-28,170595362,Vistra Corp,92840M102,US92840M1027,,5463899.0,821387936.67,3.363738221219,EC,CORP
0001410368-26-055330,1064641,SELECT SECTOR SPDR TRUST,2026-03-31,2026-05-28,170595363,Norfolk Southern Corp,655844108,US6558441084,,1259797.0,361561739.0,1.276032508276,EC,CORP
0001410368-26-055330,1064641,SELECT SECTOR SPDR TRUST,2026-03-31,2026-05-28,170595364,Northrop Grumman Corp,666807102,US6668071029,,748374.0,510570677.76,1.801918489485,EC,CORP
0001410368-26-055324,1064641,SELECT SECTOR SPDR TRUST,2026-03-31,2026-05-28,170595366,WEC Energy Group Inc,92939U106,US92939U1060,,5583545.0,646407004.65,2.647158365656,EC,CORP
0001410368-26-055330,1064641,SELECT SECTOR SPDR TRUST,2026-03-31,2026-05-28,170595367,Old Dominion Freight Line Inc,679580100,US6795801009,,1032238.0,201699305.2,0.71184210764,EC,CORP
0001410368-26-055324,1064641,SELECT SECTOR SPDR TRUST,2026-03-31,2026-05-28,170595368,Xcel Energy Inc,98389B100,US98389B1008,,10148189.0,806172134.16,3.301426645672,EC,CORP
0001410368-26-055330,1064641,SELECT SECTOR SPDR TRUST,2026-03-31,2026-05-28,170595371,Otis Worldwide Corp,68902V107,US68902V1070,,2180623.0,168082420.84,0.593200579394,EC,CORP
0001410368-26-055330,1064641,SELECT SECTOR SPDR TRUST,2026-03-31,2026-05-28,170595375,PACCAR Inc,693718108,US6937181088,,2947351.0,340419040.5,1.20141518103,EC,CORP
0001410368-26-055330,1064641,SELECT SECTOR SPDR TRUST,2026-03-31,2026-05-28,170595377,Parker-Hannifin Corp,701094104,US7010941042,,708002.0,633831710.48,2.236934332669,EC,CORP
0001410368-26-055330,1064641,SELECT SECTOR SPDR TRUST,2026-03-31,2026-05-28,170595379,Paychex Inc,704326107,US7043261079,,1812377.0,166956169.24,0.589225784776,EC,CORP
0001410368-26-055330,1064641,SELECT SECTOR SPDR TRUST,2026-03-31,2026-05-28,170595381,Quanta Services Inc,74762E102,US74762E1029,,836497.0,459253582.94,1.62080894675,EC,CORP
0001410368-26-055330,1064641,SELECT SECTOR SPDR TRUST,2026-03-31,2026-05-28,170595383,RTX Corp,75513E101,US75513E1010,,7529914.0,1452520410.6,5.126270462098,EC,CORP
0001410368-26-055330,1064641,SELECT SECTOR SPDR TRUST,2026-03-31,2026-05-28,170595385,Republic Services Inc,760759100,US7607591002,,1128780.0,247225395.6,0.872513896325,EC,CORP
0001410368-26-055330,1064641,SELECT SECTOR SPDR TRUST,2026-03-31,2026-05-28,170595387,Rockwell Automation Inc,773903109,US7739031091,,630283.0,226195963.04,0.798296309997,EC,CORP
0001410368-26-055330,1064641,SELECT SECTOR SPDR TRUST,2026-03-31,2026-05-28,170595389,Rollins Inc,775711104,US7757111049,,1646258.0,87926639.78,0.310312841765,EC,CORP
0001410368-26-055330,1064641,SELECT SECTOR SPDR TRUST,2026-03-31,2026-05-28,170595390,A O Smith Corp,831865209,US8318652091,,630671.0,41586445.74,0.146767898657,EC,CORP
0001410368-26-055330,1064641,SELECT SECTOR SPDR TRUST,2026-03-31,2026-05-28,170595392,Snap-on Inc,833034101,US8330341012,,291214.0,105774749.08,0.373302824447,EC,CORP
0001410368-26-055330,1064641,SELECT SECTOR SPDR TRUST,2026-03-31,2026-05-28,170595394,Southwest Airlines Co,844741108,US8447411088,,2756139.0,103548142.23,0.365444629242,EC,CORP
0001410368-26-055330,1064641,SELECT SECTOR SPDR TRUST,2026-03-31,2026-05-28,170595396,Stanley Black & Decker Inc,854502101,US8545021011,,868793.0,61736430.58,0.217881716641,EC,CORP
0001410368-26-055330,1064641,SELECT SECTOR SPDR TRUST,2026-03-31,2026-05-28,170595398,Textron Inc,883203101,US8832031012,,977017.0,85547608.52,0.301916706614,EC,CORP
0001410368-26-055330,1064641,SELECT SECTOR SPDR TRUST,2026-03-31,2026-05-28,170595399,3M Co,88579Y101,US88579Y1010,,2954727.0,429115002.21,1.514443132515,EC,CORP
0001410368-26-055330,1064641,SELECT SECTOR SPDR TRUST,2026-03-31,2026-05-28,170595401,TransDigm Group Inc,893641100,US8936411003,,316842.0,367207204.32,1.295956622184,EC,CORP
0001410368-26-055330,1064641,SELECT SECTOR SPDR TRUST,2026-03-31,2026-05-28,170595403,Uber Technologies Inc,90353T100,US90353T1007,,11545549.0,830471339.57,2.93091970797,EC,CORP
0001410368-26-055330,1064641,SELECT SECTOR SPDR TRUST,2026-03-31,2026-05-28,170595405,Union Pacific Corp,907818108,US9078181081,,3328815.0,807637095.3,2.850332536133,EC,CORP
0001410368-26-055330,1064641,SELECT SECTOR SPDR TRUST,2026-03-31,2026-05-28,170595407,United Airlines Holdings Inc,910047109,US9100471096,,1814407.0,167052452.49,0.589565589971,EC,CORP
0001410368-26-055330,1064641,SELECT SECTOR SPDR TRUST,2026-03-31,2026-05-28,170595409,United Parcel Service Inc,911312106,US9113121068,,4145573.0,407841471.74,1.43936406989,EC,CORP
0001410368-26-055330,1064641,SELECT SECTOR SPDR TRUST,2026-03-31,2026-05-28,170595411,United Rentals Inc,911363109,US9113631090,,353391.0,257466546.96,0.908657217501,EC,CORP
0001410368-26-055330,1064641,SELECT SECTOR SPDR TRUST,2026-03-31,2026-05-28,170595412,Veralto Corp,92338C103,US92338C1036,,1392831.0,123154117.02,0.434638513688,EC,CORP
0001410368-26-055330,1064641,SELECT SECTOR SPDR TRUST,2026-03-31,2026-05-28,170595414,Verisk Analytics Inc,92345Y106,US92345Y1064,,781876.0,148360971.0,0.523599157585,EC,CORP
0001410368-26-055330,1064641,SELECT SECTOR SPDR TRUST,2026-03-31,2026-05-28,170595420,Vertiv Holdings Co,92537N108,US92537N1081,,2146032.0,537752698.56,1.8978499403,EC,CORP
0001410368-26-055330,1064641,SELECT SECTOR SPDR TRUST,2026-03-31,2026-05-28,170595421,Westinghouse Air Brake Technologies Corp,929740108,US9297401088,,956589.0,239061156.99,0.843700466285,EC,CORP
0001410368-26-055330,1064641,SELECT SECTOR SPDR TRUST,2026-03-31,2026-05-28,170595423,Waste Management Inc,94106L109,US94106L1098,,2081573.0,478324659.67,1.688115055916,EC,CORP
0001410368-26-055330,1064641,SELECT SECTOR SPDR TRUST,2026-03-31,2026-05-28,170595425,Xylem Inc/NY,98419M100,US98419M1009,,1366533.0,163300693.5,0.576324790633,EC,CORP
0001410368-26-055330,1064641,SELECT SECTOR SPDR TRUST,2026-03-31,2026-05-28,170595432,Allegion plc,000000000,IE00BFRT3W74,,482668.0,70126833.72,0.247493332056,EC,CORP
0001410368-26-055330,1064641,SELECT SECTOR SPDR TRUST,2026-03-31,2026-05-28,170595433,Eaton Corp PLC,000000000,IE00B8KQN827,,2178832.0,779302841.44,2.750334596298,EC,CORP
0001410368-26-055330,1064641,SELECT SECTOR SPDR TRUST,2026-03-31,2026-05-28,170595435,Johnson Controls International plc,000000000,IE00BY7QL619,,3433610.0,449631229.5,1.586849502287,EC,CORP
0001410368-26-055330,1064641,SELECT SECTOR SPDR TRUST,2026-03-31,2026-05-28,170595437,Pentair PLC,000000000,IE00BLS09M33,,917968.0,79964192.48,0.282211578539,EC,CORP
0001410368-26-055330,1064641,SELECT SECTOR SPDR TRUST,2026-03-31,2026-05-28,170595439,Trane Technologies PLC,000000000,IE00BK9ZQ967,,1241608.0,517427717.92,1.82611852287,EC,CORP
0001410368-26-055332,1064641,SELECT SECTOR SPDR TRUST,2026-03-31,2026-05-28,170596111,Altria Group Inc,02209S103,US02209S1033,,10756242.0,709804409.58,4.585127659372,EC,CORP
0001410368-26-055332,1064641,SELECT SECTOR SPDR TRUST,2026-03-31,2026-05-28,170596112,Archer-Daniels-Midland Co,039483102,US0394831020,,5028903.0,365550959.07,2.36135164944,EC,CORP
0001410368-26-055332,1064641,SELECT SECTOR SPDR TRUST,2026-03-31,2026-05-28,170596113,Brown-Forman Corp,115637209,US1156372096,,1786001.0,47221866.44,0.305039364392,EC,CORP
0001410368-26-055332,1064641,SELECT SECTOR SPDR TRUST,2026-03-31,2026-05-28,170596114,Campbell's Company/The,134429109,US1344291091,,2059069.0,45855466.63,0.296212823618,EC,CORP
0001410368-26-055332,1064641,SELECT SECTOR SPDR TRUST,2026-03-31,2026-05-28,170596115,Church & Dwight Co Inc,171340102,US1713401024,,2476961.0,231150000.52,1.493160998359,EC,CORP
0001410368-26-055332,1064641,SELECT SECTOR SPDR TRUST,2026-03-31,2026-05-28,170596116,Clorox Co/The,189054109,US1890541097,,1265271.0,131120033.73,0.846996842001,EC,CORP
0001410368-26-055332,1064641,SELECT SECTOR SPDR TRUST,2026-03-31,2026-05-28,170596117,Coca-Cola Co/The,191216100,US1912161007,,13048174.0,992313632.7,6.410054125695,EC,CORP
0001410368-26-055332,1064641,SELECT SECTOR SPDR TRUST,2026-03-31,2026-05-28,170596118,Colgate-Palmolive Co,194162103,US1941621039,,7963120.0,678696717.6,4.384181121154,EC,CORP
0001410368-26-055332,1064641,SELECT SECTOR SPDR TRUST,2026-03-31,2026-05-28,170596119,Conagra Brands Inc,205887102,US2058871029,,5005846.0,78691899.12,0.50832651693,EC,CORP
0001410368-26-055332,1064641,SELECT SECTOR SPDR TRUST,2026-03-31,2026-05-28,170596120,Constellation Brands Inc,21036P108,US21036P1084,,1469700.0,220455000.0,1.4240744415,EC,CORP
0001410368-26-055332,1064641,SELECT SECTOR SPDR TRUST,2026-03-31,2026-05-28,170596121,Costco Wholesale Corp,22160K105,US22160K1051,,1496048.0,1490707108.64,9.629529351463,EC,CORP
0001410368-26-055332,1064641,SELECT SECTOR SPDR TRUST,2026-03-31,2026-05-28,170596122,Dollar General Corp,256677105,US2566771059,,2303461.0,273489924.53,1.766664450935,EC,CORP
0001410368-26-055332,1064641,SELECT SECTOR SPDR TRUST,2026-03-31,2026-05-28,170596123,Dollar Tree Inc,256746108,US2567461080,,1935209.0,211924737.59,1.368971455959,EC,CORP
0001410368-26-055332,1064641,SELECT SECTOR SPDR TRUST,2026-03-31,2026-05-28,170596124,General Mills Inc,370334104,US3703341046,,5583669.0,207824160.18,1.342482932292,EC,CORP
0001410368-26-055332,1064641,SELECT SECTOR SPDR TRUST,2026-03-31,2026-05-28,170596125,Hershey Co/The,427866108,US4278661081,,1550561.0,322346126.29,2.082261140668,EC,CORP
0001410368-26-055332,1064641,SELECT SECTOR SPDR TRUST,2026-03-31,2026-05-28,170596126,Hormel Foods Corp,440452100,US4404521001,,3050935.0,69103677.75,0.446389427762,EC,CORP
0001410368-26-055332,1064641,SELECT SECTOR SPDR TRUST,2026-03-31,2026-05-28,170596127,Kenvue Inc,49177J102,US49177J1025,,20050277.0,345666775.48,2.232905673433,EC,CORP
0001410368-26-055332,1064641,SELECT SECTOR SPDR TRUST,2026-03-31,2026-05-28,170596128,Keurig Dr Pepper Inc,49271V100,US49271V1008,,14216930.0,374331766.9,2.418073084683,EC,CORP
0001410368-26-055332,1064641,SELECT SECTOR SPDR TRUST,2026-03-31,2026-05-28,170596129,Kimberly-Clark Corp,494368103,US4943681035,,3473466.0,335085265.02,2.164552228973,EC,CORP
0001410368-26-055332,1064641,SELECT SECTOR SPDR TRUST,2026-03-31,2026-05-28,170596130,Kraft Heinz Co/The,500754106,US5007541064,,8918927.0,200586668.23,1.295730863586,EC,CORP
0001410368-26-055332,1064641,SELECT SECTOR SPDR TRUST,2026-03-31,2026-05-28,170596131,Kroger Co/The,501044101,US5010441013,,6092643.0,440863647.48,2.847849459358,EC,CORP
0001410368-26-055332,1064641,SELECT SECTOR SPDR TRUST,2026-03-31,2026-05-28,170596132,Estee Lauder Cos Inc/The,518439104,US5184391044,,2586987.0,185668056.99,1.199361024074,EC,CORP
0001410368-26-055332,1064641,SELECT SECTOR SPDR TRUST,2026-03-31,2026-05-28,170596133,McCormick & Co Inc/MD,579780206,US5797802064,,2653614.0,133848290.16,0.864620575878,EC,CORP
0001410368-26-055332,1064641,SELECT SECTOR SPDR TRUST,2026-03-31,2026-05-28,170596134,Molson Coors Beverage Co,60871R209,US60871R2094,,1771686.0,76288799.16,0.492803198187,EC,CORP
0001410368-26-055332,1064641,SELECT SECTOR SPDR TRUST,2026-03-31,2026-05-28,170596135,Mondelez International Inc,609207105,US6092071058,,12889606.0,742956889.84,4.799282928296,EC,CORP
0001410368-26-055332,1064641,SELECT SECTOR SPDR TRUST,2026-03-31,2026-05-28,170596136,Monster Beverage Corp,61174X109,US61174X1090,,7463555.0,540809195.3,3.493468294005,EC,CORP
0001410368-26-055332,1064641,SELECT SECTOR SPDR TRUST,2026-03-31,2026-05-28,170596137,PepsiCo Inc,713448108,US7134481081,,4606083.0,715278629.07,4.620489506746,EC,CORP
0001410368-26-055332,1064641,SELECT SECTOR SPDR TRUST,2026-03-31,2026-05-28,170596139,Philip Morris International Inc,718172109,US7181721090,,5246562.0,867466561.08,5.6035787734,EC,CORP
0001410368-26-055332,1064641,SELECT SECTOR SPDR TRUST,2026-03-31,2026-05-28,170596141,Procter & Gamble Co/The,742718109,US7427181091,,7832780.0,1131366743.2,7.308296309697,EC,CORP
0001410368-26-055332,1064641,SELECT SECTOR SPDR TRUST,2026-03-31,2026-05-28,170596142,J M Smucker Co/The,832696405,US8326964058,,1116497.0,107674970.68,0.695548632304,EC,CORP
0001410368-26-055332,1064641,SELECT SECTOR SPDR TRUST,2026-03-31,2026-05-28,170596144,Sysco Corp,871829107,US8718291078,,5011816.0,357492835.28,2.30929854048,EC,CORP
0001410368-26-055332,1064641,SELECT SECTOR SPDR TRUST,2026-03-31,2026-05-28,170596146,Target Corp,87612E106,US87612E1064,,4738430.0,574297716.0,3.709794285307,EC,CORP
0001410368-26-055332,1064641,SELECT SECTOR SPDR TRUST,2026-03-31,2026-05-28,170596147,Tyson Foods Inc,902494103,US9024941034,,2951769.0,189119839.83,1.221658525696,EC,CORP
0001410368-26-055332,1064641,SELECT SECTOR SPDR TRUST,2026-03-31,2026-05-28,170596152,Walmart Inc,931142103,US9311421039,,14774280.0,1836147518.4,11.86097276894,EC,CORP
0001410368-26-055332,1064641,SELECT SECTOR SPDR TRUST,2026-03-31,2026-05-28,170596159,Bunge Global SA,000000000,CH1300646267,,1416442.0,180171422.4,1.163854381749,EC,CORP
0001410368-26-055331,1064641,SELECT SECTOR SPDR TRUST,2026-03-31,2026-05-28,170603209,Adobe Inc,00724F101,US00724F1012,,3078477.0,748316189.16,0.888753168541,EC,CORP
0001410368-26-055331,1064641,SELECT SECTOR SPDR TRUST,2026-03-31,2026-05-28,170603211,Advanced Micro Devices Inc,007903107,US0079031078,,12227034.0,2487345526.62,2.954147257621,EC,CORP
0001410368-26-055331,1064641,SELECT SECTOR SPDR TRUST,2026-03-31,2026-05-28,170603212,Akamai Technologies Inc,00971T101,US00971T1016,,1078931.0,123915225.35,0.147170475202,EC,CORP
0001410368-26-055331,1064641,SELECT SECTOR SPDR TRUST,2026-03-31,2026-05-28,170603215,Amphenol Corp,032095101,US0320951017,,9218349.0,1164738396.15,1.383325598317,EC,CORP
0001410368-26-055331,1064641,SELECT SECTOR SPDR TRUST,2026-03-31,2026-05-28,170603217,Analog Devices Inc,032654105,US0326541051,,3664430.0,1165801760.2,1.38458852458,EC,CORP
0001410368-26-055331,1064641,SELECT SECTOR SPDR TRUST,2026-03-31,2026-05-28,170603219,Apple Inc,037833100,US0378331005,,45203775.0,11472266057.25,13.62527358946,EC,CORP
0001410368-26-055331,1064641,SELECT SECTOR SPDR TRUST,2026-03-31,2026-05-28,170603221,Applied Materials Inc,038222105,US0382221051,,5952433.0,2034482075.07,2.416294631536,EC,CORP
0001410368-26-055331,1064641,SELECT SECTOR SPDR TRUST,2026-03-31,2026-05-28,170603223,AppLovin Corp,03831W108,US03831W1080,,2032328.0,808866544.0,0.960667047326,EC,CORP
0001410368-26-055331,1064641,SELECT SECTOR SPDR TRUST,2026-03-31,2026-05-28,170603224,Arista Networks Inc,040413205,US0404132054,,7743884.0,950794077.52,1.129230212131,EC,CORP
0001410368-26-055331,1064641,SELECT SECTOR SPDR TRUST,2026-03-31,2026-05-28,170603226,Autodesk Inc,052769106,US0527691069,,1589858.0,380612005.2,0.452041704437,EC,CORP
0001410368-26-055331,1064641,SELECT SECTOR SPDR TRUST,2026-03-31,2026-05-28,170603228,Broadcom Inc,11135F101,US11135F1012,,14598581.0,4518406805.31,5.366379109726,EC,CORP
0001410368-26-055331,1064641,SELECT SECTOR SPDR TRUST,2026-03-31,2026-05-28,170603230,CDW Corp/DE,12514G108,US12514G1085,,976368.0,118160055.36,0.140335228767,EC,CORP
0001410368-26-055331,1064641,SELECT SECTOR SPDR TRUST,2026-03-31,2026-05-28,170603232,Cadence Design Systems Inc,127387108,US1273871087,,2041331.0,567224644.97,0.673676058054,EC,CORP
0001410368-26-055331,1064641,SELECT SECTOR SPDR TRUST,2026-03-31,2026-05-28,170603234,Ciena Corp,171779309,US1717793095,,1056287.0,410082302.01,0.48704271076,EC,CORP
0001410368-26-055331,1064641,SELECT SECTOR SPDR TRUST,2026-03-31,2026-05-28,170603236,Cisco Systems Inc,17275R102,US17275R1023,,29630625.0,2299040193.75,2.730502542104,EC,CORP
0001410368-26-055331,1064641,SELECT SECTOR SPDR TRUST,2026-03-31,2026-05-28,170603238,Cognizant Technology Solutions Corp,192446102,US1924461023,,3586545.0,220034535.75,0.26132855826,EC,CORP
0001410368-26-055331,1064641,SELECT SECTOR SPDR TRUST,2026-03-31,2026-05-28,170603240,Coherent Corp,19247G107,US19247G1076,,1405999.0,334923021.79,0.397778240194,EC,CORP
0001410368-26-055331,1064641,SELECT SECTOR SPDR TRUST,2026-03-31,2026-05-28,170603241,Corning Inc,219350105,US2193501051,,5855024.0,796107613.28,0.945513639891,EC,CORP
0001410368-26-055331,1064641,SELECT SECTOR SPDR TRUST,2026-03-31,2026-05-28,170603243,Crowdstrike Holdings Inc,22788C105,US22788C1053,,1890554.0,738091187.14,0.876609233831,EC,CORP
0001410368-26-055331,1064641,SELECT SECTOR SPDR TRUST,2026-03-31,2026-05-28,170603245,Datadog Inc,23804L103,US23804L1035,,2461854.0,290621864.7,0.345163056527,EC,CORP
0001410368-26-055331,1064641,SELECT SECTOR SPDR TRUST,2026-03-31,2026-05-28,170603247,Dell Technologies Inc,24703L202,US24703L2025,,2228717.0,365799321.21,0.434449114538,EC,CORP
0001410368-26-055331,1064641,SELECT SECTOR SPDR TRUST,2026-03-31,2026-05-28,170603249,EPAM Systems Inc,29414B104,US29414B1044,,414277.0,56093105.8,0.066620134957,EC,CORP
0001410368-26-055331,1064641,SELECT SECTOR SPDR TRUST,2026-03-31,2026-05-28,170603251,Fair Isaac Corp,303250104,US3032501047,,177894.0,189908960.76,0.225549297282,EC,CORP
0001410368-26-055331,1064641,SELECT SECTOR SPDR TRUST,2026-03-31,2026-05-28,170603253,F5 Inc,315616102,US3156161024,,423848.0,122631941.84,0.145646357052,EC,CORP
0001410368-26-055331,1064641,SELECT SECTOR SPDR TRUST,2026-03-31,2026-05-28,170603255,First Solar Inc,336433107,US3364331070,,804703.0,158735713.78,0.188525747038,EC,CORP
0001410368-26-055331,1064641,SELECT SECTOR SPDR TRUST,2026-03-31,2026-05-28,170603257,Fortinet Inc,34959E109,US34959E1091,,4740369.0,387382954.68,0.460083362351,EC,CORP
0001410368-26-055331,1064641,SELECT SECTOR SPDR TRUST,2026-03-31,2026-05-28,170603259,Gartner Inc,366651107,US3666511072,,528321.0,83654347.14,0.099353812145,EC,CORP
0001410368-26-055331,1064641,SELECT SECTOR SPDR TRUST,2026-03-31,2026-05-28,170603261,GoDaddy Inc,380237107,US3802371076,,1013493.0,83785466.31,0.099509538533,EC,CORP
0001410368-26-055331,1064641,SELECT SECTOR SPDR TRUST,2026-03-31,2026-05-28,170603263,HP Inc,40434L105,US40434L1052,,6884240.0,132246250.4,0.157064989069,EC,CORP
0001410368-26-055331,1064641,SELECT SECTOR SPDR TRUST,2026-03-31,2026-05-28,170603265,Hewlett Packard Enterprise Co,42824C109,US42824C1099,,9965172.0,237270745.32,0.28179949834,EC,CORP
0001410368-26-055331,1064641,SELECT SECTOR SPDR TRUST,2026-03-31,2026-05-28,170603266,Intel Corp,458140100,US4581401001,,35211746.0,1553894350.98,1.845514700894,EC,CORP
0001410368-26-055331,1064641,SELECT SECTOR SPDR TRUST,2026-03-31,2026-05-28,170603268,International Business Machines Corp,459200101,US4592001014,,7009907.0,1699131357.73,2.018008429893,EC,CORP
0001410368-26-055331,1064641,SELECT SECTOR SPDR TRUST,2026-03-31,2026-05-28,170603270,Intuit Inc,461202103,US4612021034,,2086892.0,902330362.96,1.071671281162,EC,CORP
0001410368-26-055331,1064641,SELECT SECTOR SPDR TRUST,2026-03-31,2026-05-28,170603272,Jabil Inc,466313103,US4663131039,,791866.0,210343365.58,0.249818639966,EC,CORP
0001410368-26-055331,1064641,SELECT SECTOR SPDR TRUST,2026-03-31,2026-05-28,170603274,KLA Corp,482480100,US4824801009,,982992.0,1447367250.72,1.718995591374,EC,CORP
0001410368-26-055331,1064641,SELECT SECTOR SPDR TRUST,2026-03-31,2026-05-28,170603276,Keysight Technologies Inc,49338L103,US49338L1035,,1286292.0,363210272.04,0.431374176849,EC,CORP
0001410368-26-055331,1064641,SELECT SECTOR SPDR TRUST,2026-03-31,2026-05-28,170603278,Lam Research Corp,512807306,US5128073062,,9364996.0,2000925045.36,2.376439932528,EC,CORP
0001410368-26-055331,1064641,SELECT SECTOR SPDR TRUST,2026-03-31,2026-05-28,170603280,Lumentum Holdings Inc,55024U109,US55024U1097,,535478.0,376312519.28,0.446935331236,EC,CORP
0001410368-26-055331,1064641,SELECT SECTOR SPDR TRUST,2026-03-31,2026-05-28,170603281,Microsoft Corp,594918104,US5949181045,,22863796.0,8463491365.32,10.0518402205,EC,CORP
0001410368-26-055331,1064641,SELECT SECTOR SPDR TRUST,2026-03-31,2026-05-28,170603283,Microchip Technology Inc,595017104,US5950171042,,4058183.0,262199203.63,0.311406296417,EC,CORP
0001410368-26-055331,1064641,SELECT SECTOR SPDR TRUST,2026-03-31,2026-05-28,170603285,Micron Technology Inc,595112103,US5951121038,,8440588.0,2851568249.92,3.386723893109,EC,CORP
0001410368-26-055331,1064641,SELECT SECTOR SPDR TRUST,2026-03-31,2026-05-28,170603287,Monolithic Power Systems Inc,609839105,US6098391054,,365270.0,399367954.5,0.474317594777,EC,CORP
0001410368-26-055331,1064641,SELECT SECTOR SPDR TRUST,2026-03-31,2026-05-28,170603289,Motorola Solutions Inc,620076307,US6200763075,,1242331.0,539134384.07,0.640314079867,EC,CORP
0001410368-26-055331,1064641,SELECT SECTOR SPDR TRUST,2026-03-31,2026-05-28,170603291,NetApp Inc,64110D104,US64110D1046,,1485362.0,152086215.18,0.180628332769,EC,CORP
0001410368-26-055331,1064641,SELECT SECTOR SPDR TRUST,2026-03-31,2026-05-28,170603293,Gen Digital Inc,668771108,US6687711084,,4133315.0,77830321.45,0.092436787816,EC,CORP
0001410368-26-055331,1064641,SELECT SECTOR SPDR TRUST,2026-03-31,2026-05-28,170603295,NVIDIA Corp,67066G104,US67066G1040,,74820670.0,13048724848.0,15.49758741302,EC,CORP
0001410368-26-055331,1064641,SELECT SECTOR SPDR TRUST,2026-03-31,2026-05-28,170603297,ON Semiconductor Corp,682189105,US6821891057,,2954931.0,182969327.52,0.217307298619,EC,CORP
0001410368-26-055331,1064641,SELECT SECTOR SPDR TRUST,2026-03-31,2026-05-28,170603299,Oracle Corp,68389X105,US68389X1054,,12716753.0,1870761533.83,2.221848551269,EC,CORP
0001410368-26-055331,1064641,SELECT SECTOR SPDR TRUST,2026-03-31,2026-05-28,170603300,PTC Inc,69370C100,US69370C1009,,892390.0,127156651.1,0.151020221402,EC,CORP
0001410368-26-055331,1064641,SELECT SECTOR SPDR TRUST,2026-03-31,2026-05-28,170603302,Palantir Technologies Inc,69608A108,US69608A1088,,17130982.0,2505920046.96,2.976207670112,EC,CORP
0001410368-26-055331,1064641,SELECT SECTOR SPDR TRUST,2026-03-31,2026-05-28,170603304,Palo Alto Networks Inc,697435105,US6974351057,,6060075.0,971551224.0,1.15388286561,EC,CORP
0001410368-26-055331,1064641,SELECT SECTOR SPDR TRUST,2026-03-31,2026-05-28,170603306,Qnity Electronics Inc,74743L100,US74743L1008,,1570871.0,181247095.98,0.21526185478,EC,CORP
0001410368-26-055331,1064641,SELECT SECTOR SPDR TRUST,2026-03-31,2026-05-28,170603308,QUALCOMM Inc,747525103,US7475251036,,8001800.0,1030471804.0,1.223861108665,EC,CORP
0001410368-26-055331,1064641,SELECT SECTOR SPDR TRUST,2026-03-31,2026-05-28,170603310,Roper Technologies Inc,776696106,US7766961061,,799436.0,282888422.96,0.335978274814,EC,CORP
0001410368-26-055331,1064641,SELECT SECTOR SPDR TRUST,2026-03-31,2026-05-28,170603311,Salesforce Inc,79466L302,US79466L3024,,7026859.0,1311703769.53,1.55787205762,EC,CORP
0001410368-26-055331,1064641,SELECT SECTOR SPDR TRUST,2026-03-31,2026-05-28,170603313,Sandisk Corp/DE,80004C200,US80004C2008,,1106884.0,703247680.56,0.835226624013,EC,CORP
0001410368-26-055331,1064641,SELECT SECTOR SPDR TRUST,2026-03-31,2026-05-28,170603315,ServiceNow Inc,81762P102,US81762P1021,,7844329.0,820124596.95,0.974037906297,EC,CORP
0001410368-26-055331,1064641,SELECT SECTOR SPDR TRUST,2026-03-31,2026-05-28,170603317,Skyworks Solutions Inc,83088M102,US83088M1027,,1127734.0,60390155.7,0.071723614969,EC,CORP
0001410368-26-055331,1064641,SELECT SECTOR SPDR TRUST,2026-03-31,2026-05-28,170603319,Super Micro Computer Inc,86800U302,US86800U3023,,3773253.0,85916970.81,0.102041063851,EC,CORP
0001410368-26-055331,1064641,SELECT SECTOR SPDR TRUST,2026-03-31,2026-05-28,170603321,Synopsys Inc,871607107,US8716071076,,1434761.0,568854041.28,0.675611244215,EC,CORP
0001410368-26-055331,1064641,SELECT SECTOR SPDR TRUST,2026-03-31,2026-05-28,170603323,Teledyne Technologies Inc,879360105,US8793601050,,352096.0,213021600.96,0.252999501498,EC,CORP
0001410368-26-055331,1064641,SELECT SECTOR SPDR TRUST,2026-03-31,2026-05-28,170603325,Teradyne Inc,880770102,US8807701029,,1174494.0,348190491.24,0.413535624149,EC,CORP
0001410368-26-055331,1064641,SELECT SECTOR SPDR TRUST,2026-03-31,2026-05-28,170603327,Texas Instruments Inc,882508104,US8825081040,,6806035.0,1321323634.9,1.569297289297,EC,CORP
0001410368-26-055331,1064641,SELECT SECTOR SPDR TRUST,2026-03-31,2026-05-28,170603329,Trimble Inc,896239100,US8962391004,,1784226.0,116385061.98,0.13822712124,EC,CORP
0001410368-26-055331,1064641,SELECT SECTOR SPDR TRUST,2026-03-31,2026-05-28,170603331,Tyler Technologies Inc,902252105,US9022521051,,322695.0,110484314.1,0.13121897622,EC,CORP
0001410368-26-055331,1064641,SELECT SECTOR SPDR TRUST,2026-03-31,2026-05-28,170603333,VeriSign Inc,92343E102,US92343E1029,,618922.0,153715467.92,0.182563348417,EC,CORP
0001410368-26-055331,1064641,SELECT SECTOR SPDR TRUST,2026-03-31,2026-05-28,170603336,Western Digital Corp,958102105,US9581021055,,2542530.0,687728939.7,0.816795471099,EC,CORP
0001410368-26-055331,1064641,SELECT SECTOR SPDR TRUST,2026-03-31,2026-05-28,170603338,Workday Inc,98138H101,US98138H1014,,1597323.0,207524204.16,0.246470404713,EC,CORP
0001410368-26-055331,1064641,SELECT SECTOR SPDR TRUST,2026-03-31,2026-05-28,170603340,Zebra Technologies Corp,989207105,US9892071054,,368923.0,77134420.84,0.091610287092,EC,CORP
0001410368-26-055331,1064641,SELECT SECTOR SPDR TRUST,2026-03-31,2026-05-28,170603347,Accenture PLC,000000000,IE00B4BNMY34,,4614452.0,914999687.08,1.086718265469,EC,CORP
0001410368-26-055331,1064641,SELECT SECTOR SPDR TRUST,2026-03-31,2026-05-28,170603349,Seagate Technology Holdings PLC,000000000,IE00BKVD2N49,,1635365.0,640670592.4,0.760905653566,EC,CORP
0001410368-26-055331,1064641,SELECT SECTOR SPDR TRUST,2026-03-31,2026-05-28,170603351,TE Connectivity PLC,000000000,IE000IVNQZ81,,2200570.0,459963141.4,0.546284719284,EC,CORP
0001410368-26-055331,1064641,SELECT SECTOR SPDR TRUST,2026-03-31,2026-05-28,170603353,NXP Semiconductors NV,000000000,NL0009538784,,1887436.0,371560650.96,0.441291676739,EC,CORP
0001410368-26-055337,1064641,SELECT SECTOR SPDR TRUST,2026-03-31,2026-05-28,170604190,Abbott Laboratories,002824100,US0028241000,,12654022.0,1299188438.74,3.365434537472,EC,CORP
0001410368-26-055337,1064641,SELECT SECTOR SPDR TRUST,2026-03-31,2026-05-28,170604192,AbbVie Inc,00287Y109,US00287Y1091,,12861501.0,2797247852.49,7.246027021123,EC,CORP
0001410368-26-055337,1064641,SELECT SECTOR SPDR TRUST,2026-03-31,2026-05-28,170604193,Agilent Technologies Inc,00846U101,US00846U1016,,2058218.0,234595687.64,0.607699703894,EC,CORP
0001410368-26-055337,1064641,SELECT SECTOR SPDR TRUST,2026-03-31,2026-05-28,170604195,Align Technology Inc,016255101,US0162551016,,485595.0,83245550.85,0.215640351751,EC,CORP
0001410368-26-055337,1064641,SELECT SECTOR SPDR TRUST,2026-03-31,2026-05-28,170604199,Cencora Inc,03073E105,US03073E1055,,1415612.0,444700353.68,1.151957548631,EC,CORP
0001410368-26-055337,1064641,SELECT SECTOR SPDR TRUST,2026-03-31,2026-05-28,170604201,Amgen Inc,031162100,US0311621009,,3918600.0,1378759410.0,3.571556210721,EC,CORP
0001410368-26-055337,1064641,SELECT SECTOR SPDR TRUST,2026-03-31,2026-05-28,170604202,Elevance Health Inc,036752103,US0367521038,,1606111.0,470188995.25,1.217983655464,EC,CORP
0001410368-26-055337,1064641,SELECT SECTOR SPDR TRUST,2026-03-31,2026-05-28,170604204,Baxter International Inc,071813109,US0718131099,,3744022.0,62899569.6,0.162935858734,EC,CORP
0001410368-26-055337,1064641,SELECT SECTOR SPDR TRUST,2026-03-31,2026-05-28,170604206,Becton Dickinson & Co,075887109,US0758871091,,2072101.0,325796440.23,0.843947313138,EC,CORP
0001410368-26-055337,1064641,SELECT SECTOR SPDR TRUST,2026-03-31,2026-05-28,170604208,Biogen Inc,09062X103,US09062X1037,,1067952.0,195787640.16,0.507170835697,EC,CORP
0001410368-26-055337,1064641,SELECT SECTOR SPDR TRUST,2026-03-31,2026-05-28,170604210,Bio-Techne Corp,09073M104,US09073M1045,,1138580.0,59502190.8,0.154135244743,EC,CORP
0001410368-26-055337,1064641,SELECT SECTOR SPDR TRUST,2026-03-31,2026-05-28,170604212,Boston Scientific Corp,101137107,US1011371077,,10792113.0,677205090.75,1.754240827121,EC,CORP
0001410368-26-055337,1064641,SELECT SECTOR SPDR TRUST,2026-03-31,2026-05-28,170604213,Bristol-Myers Squibb Co,110122108,US1101221083,,14819702.0,898814926.3,2.328301811782,EC,CORP
0001410368-26-055337,1064641,SELECT SECTOR SPDR TRUST,2026-03-31,2026-05-28,170604215,Cigna Group/The,125523100,US1255231003,,1917238.0,511423236.5,1.324797367387,EC,CORP
0001410368-26-055337,1064641,SELECT SECTOR SPDR TRUST,2026-03-31,2026-05-28,170604217,CVS Health Corp,126650100,US1266501006,,9258008.0,664910134.56,1.722391813564,EC,CORP
0001410368-26-055337,1064641,SELECT SECTOR SPDR TRUST,2026-03-31,2026-05-28,170604219,Cardinal Health Inc,14149Y108,US14149Y1082,,1712437.0,361855062.47,0.937354034628,EC,CORP
0001410368-26-055337,1064641,SELECT SECTOR SPDR TRUST,2026-03-31,2026-05-28,170604221,Centene Corp,15135B101,US15135B1017,,3399698.0,111306112.52,0.288328793681,EC,CORP
0001410368-26-055337,1064641,SELECT SECTOR SPDR TRUST,2026-03-31,2026-05-28,170604222,Charles River Laboratories International Inc,159864107,US1598641074,,358098.0,61771905.0,0.160014741767,EC,CORP
0001410368-26-055337,1064641,SELECT SECTOR SPDR TRUST,2026-03-31,2026-05-28,170604224,Cooper Cos Inc/The,216648501,US2166485019,,1426157.0,101970225.5,0.264144991179,EC,CORP
0001410368-26-055337,1064641,SELECT SECTOR SPDR TRUST,2026-03-31,2026-05-28,170604226,Danaher Corp,235851102,US2358511028,,4578318.0,868049092.8,2.24860559871,EC,CORP
0001410368-26-055337,1064641,SELECT SECTOR SPDR TRUST,2026-03-31,2026-05-28,170604229,DaVita Inc,23918K108,US23918K1088,,243066.0,37356813.54,0.096769573026,EC,CORP
0001410368-26-055337,1064641,SELECT SECTOR SPDR TRUST,2026-03-31,2026-05-28,170604230,Dexcom Inc,252131107,US2521311074,,2800696.0,175883708.8,0.455611434433,EC,CORP
0001410368-26-055337,1064641,SELECT SECTOR SPDR TRUST,2026-03-31,2026-05-28,170604232,Edwards Lifesciences Corp,28176E108,US28176E1082,,4222890.0,338169031.2,0.875997432834,EC,CORP
0001410368-26-055337,1064641,SELECT SECTOR SPDR TRUST,2026-03-31,2026-05-28,170604234,GE HealthCare Technologies Inc,36266G107,US36266G1076,,3316530.0,236070605.4,0.611520349939,EC,CORP
0001410368-26-055337,1064641,SELECT SECTOR SPDR TRUST,2026-03-31,2026-05-28,170604236,Gilead Sciences Inc,375558103,US3755581036,,9028573.0,1258312219.01,3.259548249126,EC,CORP
0001410368-26-055337,1064641,SELECT SECTOR SPDR TRUST,2026-03-31,2026-05-28,170604237,HCA Healthcare Inc,40412C101,US40412C1018,,1139133.0,539083300.92,1.39644835606,EC,CORP
0001410368-26-055337,1064641,SELECT SECTOR SPDR TRUST,2026-03-31,2026-05-28,170604239,Hologic Inc,436440101,US4364401012,,1619665.0,122430477.35,0.317145492237,EC,CORP
0001410368-26-055337,1064641,SELECT SECTOR SPDR TRUST,2026-03-31,2026-05-28,170604241,Humana Inc,444859102,US4448591028,,877586.0,152164636.54,0.394169242831,EC,CORP
0001410368-26-055337,1064641,SELECT SECTOR SPDR TRUST,2026-03-31,2026-05-28,170604243,IDEXX Laboratories Inc,45168D104,US45168D1046,,581073.0,326499107.97,0.845767512741,EC,CORP
0001410368-26-055337,1064641,SELECT SECTOR SPDR TRUST,2026-03-31,2026-05-28,170604245,Incyte Corp,45337C102,US45337C1027,,1216510.0,114497921.2,0.296596896173,EC,CORP
0001410368-26-055337,1064641,SELECT SECTOR SPDR TRUST,2026-03-31,2026-05-28,170604246,Insulet Corp,45784P101,US45784P1012,,511958.0,107429266.72,0.278286162171,EC,CORP
0001410368-26-055337,1064641,SELECT SECTOR SPDR TRUST,2026-03-31,2026-05-28,170604248,Intuitive Surgical Inc,46120E602,US46120E6023,,2584328.0,1191349364.72,3.086086805169,EC,CORP
0001410368-26-055337,1064641,SELECT SECTOR SPDR TRUST,2026-03-31,2026-05-28,170604250,IQVIA Holdings Inc,46266C105,US46266C1053,,1234171.0,210475522.34,0.545218515693,EC,CORP
0001410368-26-055337,1064641,SELECT SECTOR SPDR TRUST,2026-03-31,2026-05-28,170604252,Johnson & Johnson,478160104,US4781601046,,17537133.0,4286776790.52,11.10452205012,EC,CORP
0001410368-26-055337,1064641,SELECT SECTOR SPDR TRUST,2026-03-31,2026-05-28,170604254,Labcorp Holdings Inc,504922105,US5049221055,,603269.0,160958201.89,0.416948208264,EC,CORP
0001410368-26-055337,1064641,SELECT SECTOR SPDR TRUST,2026-03-31,2026-05-28,170604255,Eli Lilly & Co,532457108,US5324571083,,5766540.0,5303890495.8,13.73926654923,EC,CORP
0001410368-26-055337,1064641,SELECT SECTOR SPDR TRUST,2026-03-31,2026-05-28,170604257,McKesson Corp,58155Q103,US58155Q1031,,891339.0,771329117.04,1.998060922372,EC,CORP
0001410368-26-055337,1064641,SELECT SECTOR SPDR TRUST,2026-03-31,2026-05-28,170604259,Merck & Co Inc,58933Y105,US58933Y1055,,18061996.0,2172677498.84,5.628131897846,EC,CORP
0001410368-26-055337,1064641,SELECT SECTOR SPDR TRUST,2026-03-31,2026-05-28,170604260,Mettler-Toledo International Inc,592688105,US5926881054,,147904.0,186536524.8,0.4832066268,EC,CORP
0001410368-26-055337,1064641,SELECT SECTOR SPDR TRUST,2026-03-31,2026-05-28,170604262,Moderna Inc,60770K107,US60770K1079,,2530630.0,128556004.0,0.333013135708,EC,CORP
0001410368-26-055337,1064641,SELECT SECTOR SPDR TRUST,2026-03-31,2026-05-28,170604264,Revvity Inc,714046109,US7140461093,,825064.0,72283857.04,0.18724503831,EC,CORP
0001410368-26-055337,1064641,SELECT SECTOR SPDR TRUST,2026-03-31,2026-05-28,170604266,Pfizer Inc,717081103,US7170811035,,41375596.0,1161826735.68,3.009611005012,EC,CORP
0001410368-26-055337,1064641,SELECT SECTOR SPDR TRUST,2026-03-31,2026-05-28,170604268,Quest Diagnostics Inc,74834L100,US74834L1008,,800521.0,156886105.58,0.406399797307,EC,CORP
0001410368-26-055337,1064641,SELECT SECTOR SPDR TRUST,2026-03-31,2026-05-28,170604269,Regeneron Pharmaceuticals Inc,75886F107,US75886F1075,,733541.0,566763118.24,1.4681505129,EC,CORP
0001410368-26-055337,1064641,SELECT SECTOR SPDR TRUST,2026-03-31,2026-05-28,170604271,ResMed Inc,761152107,US7611521078,,1060128.0,237977533.44,0.616460081001,EC,CORP
0001410368-26-055337,1064641,SELECT SECTOR SPDR TRUST,2026-03-31,2026-05-28,170604273,Henry Schein Inc,806407102,US8064071025,,728128.0,53663033.6,0.1390094164,EC,CORP
0001410368-26-055337,1064641,SELECT SECTOR SPDR TRUST,2026-03-31,2026-05-28,170604275,Solventum Corp,83444M101,US83444M1018,,1072915.0,70061349.5,0.181487826029,EC,CORP
0001410368-26-055337,1064641,SELECT SECTOR SPDR TRUST,2026-03-31,2026-05-28,170604277,Stryker Corp,863667101,US8636671013,,2506383.0,823572389.97,2.133392572367,EC,CORP
0001410368-26-055337,1064641,SELECT SECTOR SPDR TRUST,2026-03-31,2026-05-28,170604279,Thermo Fisher Scientific Inc,883556102,US8835561023,,2734073.0,1343878901.69,3.481201290795,EC,CORP
0001410368-26-055337,1064641,SELECT SECTOR SPDR TRUST,2026-03-31,2026-05-28,170604281,UnitedHealth Group Inc,91324P102,US91324P1021,,6591912.0,1783705468.08,4.620533717785,EC,CORP
0001410368-26-055337,1064641,SELECT SECTOR SPDR TRUST,2026-03-31,2026-05-28,170604282,Universal Health Services Inc,913903100,US9139031002,,401953.0,71937528.41,0.186347904147,EC,CORP
0001410368-26-055337,1064641,SELECT SECTOR SPDR TRUST,2026-03-31,2026-05-28,170604288,Vertex Pharmaceuticals Inc,92532F100,US92532F1003,,1848362.0,825367567.48,2.138042823411,EC,CORP
0001410368-26-055337,1064641,SELECT SECTOR SPDR TRUST,2026-03-31,2026-05-28,170604290,Viatris Inc,92556V106,US92556V1061,,8381597.0,113235375.47,0.293326381383,EC,CORP
0001410368-26-055337,1064641,SELECT SECTOR SPDR TRUST,2026-03-31,2026-05-28,170604291,Waters Corp,941848103,US9418481035,,713700.0,212539860.0,0.550566002671,EC,CORP
0001410368-26-055337,1064641,SELECT SECTOR SPDR TRUST,2026-03-31,2026-05-28,170604293,West Pharmaceutical Services Inc,955306105,US9553061055,,523523.0,131215804.72,0.339903117899,EC,CORP
0001410368-26-055337,1064641,SELECT SECTOR SPDR TRUST,2026-03-31,2026-05-28,170604295,Zimmer Biomet Holdings Inc,98956P102,US98956P1021,,1442175.0,130401463.5,0.337793637869,EC,CORP
0001410368-26-055337,1064641,SELECT SECTOR SPDR TRUST,2026-03-31,2026-05-28,170604297,Zoetis Inc,98978V103,US98978V1035,,3071910.0,363130481.1,0.940657895546,EC,CORP
0001410368-26-055337,1064641,SELECT SECTOR SPDR TRUST,2026-03-31,2026-05-28,170604304,Medtronic PLC,000000000,IE00BTN1Y115,,9329338.0,808387137.7,2.094056498457,EC,CORP
0001410368-26-055337,1064641,SELECT SECTOR SPDR TRUST,2026-03-31,2026-05-28,170604306,STERIS PLC,000000000,IE00BFY8C754,,713727.0,157826451.51,0.408835681568,EC,CORP
0001410368-26-055328,1064641,SELECT SECTOR SPDR TRUST,2026-03-31,2026-05-28,170604745,Airbnb Inc,009066101,US0090661010,,2261378.0,285566813.84,1.33157566343,EC,CORP
0001410368-26-055328,1064641,SELECT SECTOR SPDR TRUST,2026-03-31,2026-05-28,170604747,Amazon.com Inc,023135106,US0231351067,,24233965.0,5047207890.55,23.53473467366,EC,CORP
0001410368-26-055328,1064641,SELECT SECTOR SPDR TRUST,2026-03-31,2026-05-28,170604749,AutoZone Inc,053332102,US0533321024,,88460.0,298798418.8,1.393273599951,EC,CORP
0001410368-26-055328,1064641,SELECT SECTOR SPDR TRUST,2026-03-31,2026-05-28,170604750,Best Buy Co Inc,086516101,US0865161014,,1040104.0,66774676.8,0.311365082534,EC,CORP
0001410368-26-055328,1064641,SELECT SECTOR SPDR TRUST,2026-03-31,2026-05-28,170604752,Booking Holdings Inc,09857L108,US09857L1089,,172085.0,724532917.2,3.378440186814,EC,CORP
0001410368-26-055328,1064641,SELECT SECTOR SPDR TRUST,2026-03-31,2026-05-28,170604754,Carnival Corp,143658300,PA1436583006,,6140565.0,158917822.2,0.741021345167,EC,CORP
0001410368-26-055328,1064641,SELECT SECTOR SPDR TRUST,2026-03-31,2026-05-28,170604756,Carvana Co,146869102,US1468691027,,755037.0,237368532.06,1.106830854415,EC,CORP
0001410368-26-055328,1064641,SELECT SECTOR SPDR TRUST,2026-03-31,2026-05-28,170604757,Chipotle Mexican Grill Inc,169656105,US1696561059,,6953472.0,222580638.72,1.037876067197,EC,CORP
0001410368-26-055328,1064641,SELECT SECTOR SPDR TRUST,2026-03-31,2026-05-28,170604759,DR Horton Inc,23331A109,US23331A1097,,1438425.0,197380678.5,0.920370628462,EC,CORP
0001410368-26-055328,1064641,SELECT SECTOR SPDR TRUST,2026-03-31,2026-05-28,170604761,Darden Restaurants Inc,237194105,US2371941053,,614583.0,120482851.32,0.561802089399,EC,CORP
0001410368-26-055328,1064641,SELECT SECTOR SPDR TRUST,2026-03-31,2026-05-28,170604763,Deckers Outdoor Corp,243537107,US2435371073,,757658.0,75833989.22,0.353607946064,EC,CORP
0001410368-26-055328,1064641,SELECT SECTOR SPDR TRUST,2026-03-31,2026-05-28,170604764,Domino's Pizza Inc,25754A201,US25754A2015,,165910.0,59526848.9,0.277569029293,EC,CORP
0001410368-26-055328,1064641,SELECT SECTOR SPDR TRUST,2026-03-31,2026-05-28,170604766,DoorDash Inc,25809K105,US25809K1051,,1995791.0,299668018.65,1.397328475871,EC,CORP
0001410368-26-055328,1064641,SELECT SECTOR SPDR TRUST,2026-03-31,2026-05-28,170604768,eBay Inc,278642103,US2786421030,,2413168.0,219646551.36,1.02419464788,EC,CORP
0001410368-26-055328,1064641,SELECT SECTOR SPDR TRUST,2026-03-31,2026-05-28,170604770,Expedia Group Inc,30212P303,US30212P3038,,624711.0,144239522.79,0.672577585851,EC,CORP
0001410368-26-055328,1064641,SELECT SECTOR SPDR TRUST,2026-03-31,2026-05-28,170604772,Ford Motor Co,345370860,US3453708600,,20920919.0,241427405.26,1.125757061916,EC,CORP
0001410368-26-055328,1064641,SELECT SECTOR SPDR TRUST,2026-03-31,2026-05-28,170604773,General Motors Co,37045V100,US37045V1008,,4826080.0,359542960.0,1.676520632967,EC,CORP
0001410368-26-055328,1064641,SELECT SECTOR SPDR TRUST,2026-03-31,2026-05-28,170604775,Genuine Parts Co,372460105,US3724601055,,742507.0,78520115.25,0.36613314114,EC,CORP
0001410368-26-055328,1064641,SELECT SECTOR SPDR TRUST,2026-03-31,2026-05-28,170604777,Hasbro Inc,418056107,US4180561072,,711600.0,66605760.0,0.310577436739,EC,CORP
0001410368-26-055328,1064641,SELECT SECTOR SPDR TRUST,2026-03-31,2026-05-28,170604779,Hilton Worldwide Holdings Inc,43300A203,US43300A2033,,1224139.0,372236187.12,1.735708155831,EC,CORP
0001410368-26-055328,1064641,SELECT SECTOR SPDR TRUST,2026-03-31,2026-05-28,170604780,Home Depot Inc/The,437076102,US4370761029,,3874354.0,1274236287.06,5.941663901671,EC,CORP
0001410368-26-055328,1064641,SELECT SECTOR SPDR TRUST,2026-03-31,2026-05-28,170604782,Las Vegas Sands Corp,517834107,US5178341070,,1613768.0,86949819.84,0.405440192722,EC,CORP
0001410368-26-055328,1064641,SELECT SECTOR SPDR TRUST,2026-03-31,2026-05-28,170604784,Lennar Corp,526057104,US5260571048,,1151698.0,100013454.32,0.466354896065,EC,CORP
0001410368-26-055328,1064641,SELECT SECTOR SPDR TRUST,2026-03-31,2026-05-28,170604786,Lowe's Cos Inc,548661107,US5486611073,,2994742.0,707597639.76,3.2994723159,EC,CORP
0001410368-26-055328,1064641,SELECT SECTOR SPDR TRUST,2026-03-31,2026-05-28,170604787,Lululemon Athletica Inc,550021109,US5500211090,,569772.0,87232093.2,0.406756411269,EC,CORP
0001410368-26-055328,1064641,SELECT SECTOR SPDR TRUST,2026-03-31,2026-05-28,170604789,MGM Resorts International,552953101,US5529531015,,1024113.0,37902422.13,0.1767360227,EC,CORP
0001410368-26-055328,1064641,SELECT SECTOR SPDR TRUST,2026-03-31,2026-05-28,170604791,Marriott International Inc/MD,571903202,US5719032022,,1174191.0,384042650.37,1.790760768295,EC,CORP
0001410368-26-055328,1064641,SELECT SECTOR SPDR TRUST,2026-03-31,2026-05-28,170604793,McDonald's Corp,580135101,US5801351017,,3100373.0,963564924.67,4.493027696643,EC,CORP
0001410368-26-055328,1064641,SELECT SECTOR SPDR TRUST,2026-03-31,2026-05-28,170604795,NVR Inc,62944T105,US62944T1051,,14910.0,98254365.3,0.458152401884,EC,CORP
0001410368-26-055328,1064641,SELECT SECTOR SPDR TRUST,2026-03-31,2026-05-28,170604797,NIKE Inc,654106103,US6541061031,,6361135.0,335995150.7,1.566719044438,EC,CORP
0001410368-26-055328,1064641,SELECT SECTOR SPDR TRUST,2026-03-31,2026-05-28,170604799,O'Reilly Automotive Inc,67103H107,US67103H1077,,4494742.0,414909634.02,1.934691092968,EC,CORP
0001410368-26-055328,1064641,SELECT SECTOR SPDR TRUST,2026-03-31,2026-05-28,170604800,Pool Corp,73278L105,US73278L1052,,174952.0,35398038.16,0.165058276601,EC,CORP
0001410368-26-055328,1064641,SELECT SECTOR SPDR TRUST,2026-03-31,2026-05-28,170604802,PulteGroup Inc,745867101,US7458671010,,1025562.0,120616346.82,0.562424568449,EC,CORP
0001410368-26-055328,1064641,SELECT SECTOR SPDR TRUST,2026-03-31,2026-05-28,170604804,Ralph Lauren Corp,751212101,US7512121010,,206350.0,70982336.5,0.330985069818,EC,CORP
0001410368-26-055328,1064641,SELECT SECTOR SPDR TRUST,2026-03-31,2026-05-28,170604806,Ross Stores Inc,778296103,US7782961038,,1726798.0,374076250.74,1.744288228223,EC,CORP
0001410368-26-055328,1064641,SELECT SECTOR SPDR TRUST,2026-03-31,2026-05-28,170604807,Starbucks Corp,855244109,US8552441094,,6082399.0,544922126.41,2.540929151517,EC,CORP
0001410368-26-055328,1064641,SELECT SECTOR SPDR TRUST,2026-03-31,2026-05-28,170604809,TJX Cos Inc/The,872540109,US8725401090,,5928417.0,946768194.9,4.414705862652,EC,CORP
0001410368-26-055328,1064641,SELECT SECTOR SPDR TRUST,2026-03-31,2026-05-28,170604811,Tapestry Inc,876030107,US8760301072,,1080951.0,152532995.61,0.711249399372,EC,CORP
0001410368-26-055328,1064641,SELECT SECTOR SPDR TRUST,2026-03-31,2026-05-28,170604813,Tesla Inc,88160R101,US88160R1014,,10945443.0,4068968435.25,18.97328079123,EC,CORP
0001410368-26-055328,1064641,SELECT SECTOR SPDR TRUST,2026-03-31,2026-05-28,170604815,Tractor Supply Co,892356106,US8923561067,,2820418.0,127764935.4,0.595757876521,EC,CORP
0001410368-26-055328,1064641,SELECT SECTOR SPDR TRUST,2026-03-31,2026-05-28,170604816,Ulta Beauty Inc,90384S303,US90384S3031,,236787.0,123770932.77,0.577134155402,EC,CORP
0001410368-26-055328,1064641,SELECT SECTOR SPDR TRUST,2026-03-31,2026-05-28,170604820,Williams-Sonoma Inc,969904101,US9699041011,,637201.0,116180858.33,0.541742233379,EC,CORP
0001410368-26-055328,1064641,SELECT SECTOR SPDR TRUST,2026-03-31,2026-05-28,170604822,Wynn Resorts Ltd,983134107,US9831341071,,450609.0,45759343.95,0.213372233135,EC,CORP
0001410368-26-055328,1064641,SELECT SECTOR SPDR TRUST,2026-03-31,2026-05-28,170604824,Yum! Brands Inc,988498101,US9884981013,,1482349.0,230475622.52,1.07468975766,EC,CORP
0001410368-26-055328,1064641,SELECT SECTOR SPDR TRUST,2026-03-31,2026-05-28,170604831,Aptiv PLC,000000000,JE00BTDN8H13,,1135546.0,78852314.24,0.367682158984,EC,CORP
0001410368-26-055328,1064641,SELECT SECTOR SPDR TRUST,2026-03-31,2026-05-28,170604833,Norwegian Cruise Line Holdings Ltd,000000000,BMG667211046,,2429969.0,45440420.3,0.21188511716,EC,CORP
0001410368-26-055328,1064641,SELECT SECTOR SPDR TRUST,2026-03-31,2026-05-28,170604834,Garmin Ltd,000000000,CH0114405324,,872827.0,202504592.27,0.944263036637,EC,CORP
0001410368-26-055328,1064641,SELECT SECTOR SPDR TRUST,2026-03-31,2026-05-28,170604836,Royal Caribbean Cruises Ltd,000000000,LR0008862868,,1343183.0,369617097.94,1.723495548331,EC,CORP
0001410368-26-055347,1064641,SELECT SECTOR SPDR TRUST,2026-03-31,2026-05-28,170609403,Alexandria Real Estate Equities Inc,015271109,US0152711091,,1289600.0,59863232.0,0.819343939239,EC,OTHER
0001410368-26-055347,1064641,SELECT SECTOR SPDR TRUST,2026-03-31,2026-05-28,170609406,American Tower Corp,03027X100,US03027X1000,,2524980.0,435761048.4,5.964231499618,EC,OTHER
0001410368-26-055347,1064641,SELECT SECTOR SPDR TRUST,2026-03-31,2026-05-28,170609409,AvalonBay Communities Inc,053484101,US0534841012,,1172482.0,191524934.7,2.62138860895,EC,OTHER
0001410368-26-055347,1064641,SELECT SECTOR SPDR TRUST,2026-03-31,2026-05-28,170609412,BXP Inc,101121101,US1011211018,,1219143.0,63273521.7,0.866020339818,EC,OTHER
0001410368-26-055347,1064641,SELECT SECTOR SPDR TRUST,2026-03-31,2026-05-28,170609417,CBRE Group Inc,12504L109,US12504L1098,,2405777.0,325886552.42,4.460386829851,EC,CORP
0001410368-26-055347,1064641,SELECT SECTOR SPDR TRUST,2026-03-31,2026-05-28,170609421,Camden Property Trust,133131102,US1331311027,,854939.0,83493342.74,1.142767639757,EC,OTHER
0001410368-26-055347,1064641,SELECT SECTOR SPDR TRUST,2026-03-31,2026-05-28,170609424,CoStar Group Inc,22160N109,US22160N1090,,3509600.0,141577264.0,1.937758275272,EC,CORP
0001410368-26-055347,1064641,SELECT SECTOR SPDR TRUST,2026-03-31,2026-05-28,170609427,Crown Castle Inc,22822V101,US22822V1017,,3605637.0,293174344.47,4.012657089449,EC,OTHER
0001410368-26-055347,1064641,SELECT SECTOR SPDR TRUST,2026-03-31,2026-05-28,170609430,Digital Realty Trust Inc,253868103,US2538681030,,1878483.0,338521421.43,4.633319413017,EC,OTHER
0001410368-26-055347,1064641,SELECT SECTOR SPDR TRUST,2026-03-31,2026-05-28,170609433,Equinix Inc,29444U700,US29444U7000,,529930.0,519458583.2,7.109793902058,EC,OTHER
0001410368-26-055347,1064641,SELECT SECTOR SPDR TRUST,2026-03-31,2026-05-28,170609436,Equity Residential,29476L107,US29476L1070,,2846843.0,168390763.45,2.304752798123,EC,OTHER
0001410368-26-055347,1064641,SELECT SECTOR SPDR TRUST,2026-03-31,2026-05-28,170609439,Essex Property Trust Inc,297178105,US2971781057,,533659.0,129145478.0,1.767605275297,EC,OTHER
0001410368-26-055347,1064641,SELECT SECTOR SPDR TRUST,2026-03-31,2026-05-28,170609443,Extra Space Storage Inc,30225T102,US30225T1025,,1757379.0,230445108.27,3.154086347835,EC,OTHER
0001410368-26-055347,1064641,SELECT SECTOR SPDR TRUST,2026-03-31,2026-05-28,170609446,Federal Realty Investment Trust,313745101,US3137451015,,649172.0,68948558.12,0.943694172993,EC,OTHER
0001410368-26-055347,1064641,SELECT SECTOR SPDR TRUST,2026-03-31,2026-05-28,170609450,Healthpeak Properties Inc,42250P103,US42250P1030,,5746650.0,94417459.5,1.292285274536,EC,OTHER
0001410368-26-055347,1064641,SELECT SECTOR SPDR TRUST,2026-03-31,2026-05-28,170609453,Host Hotels & Resorts Inc,44107P104,US44107P1049,,5287876.0,101315704.16,1.386701074765,EC,OTHER
0001410368-26-055347,1064641,SELECT SECTOR SPDR TRUST,2026-03-31,2026-05-28,170609457,Invitation Homes Inc,46187W107,US46187W1071,,4662990.0,115875301.5,1.585977282209,EC,OTHER
0001410368-26-055347,1064641,SELECT SECTOR SPDR TRUST,2026-03-31,2026-05-28,170609460,Iron Mountain Inc,46284V101,US46284V1017,,2449532.0,250195198.48,3.42440447421,EC,OTHER
0001410368-26-055347,1064641,SELECT SECTOR SPDR TRUST,2026-03-31,2026-05-28,170609462,Kimco Realty Corp,49446R109,US49446R1095,,5582244.0,125433022.68,1.716793154659,EC,OTHER
0001410368-26-055347,1064641,SELECT SECTOR SPDR TRUST,2026-03-31,2026-05-28,170609466,Mid-America Apartment Communities Inc,59522J103,US59522J1034,,966534.0,118033132.08,1.615511360951,EC,OTHER
0001410368-26-055347,1064641,SELECT SECTOR SPDR TRUST,2026-03-31,2026-05-28,170609470,Prologis Inc,74340W103,US74340W1036,,5013463.0,662679539.34,9.070049278604,EC,OTHER
0001410368-26-055347,1064641,SELECT SECTOR SPDR TRUST,2026-03-31,2026-05-28,170609472,Public Storage,74460D109,US74460D1090,,1131105.0,306393722.4,4.193589806003,EC,OTHER
0001410368-26-055347,1064641,SELECT SECTOR SPDR TRUST,2026-03-31,2026-05-28,170609476,Realty Income Corp,756109104,US7561091049,,5242287.0,320723118.66,4.389715267097,EC,OTHER
0001410368-26-055347,1064641,SELECT SECTOR SPDR TRUST,2026-03-31,2026-05-28,170609479,Regency Centers Corp,758849103,US7588491032,,1360967.0,102970763.22,1.409353754291,EC,OTHER
0001410368-26-055347,1064641,SELECT SECTOR SPDR TRUST,2026-03-31,2026-05-28,170609482,SBA Communications Corp,78410G104,US78410G1040,,882300.0,151852653.0,2.078396817817,EC,OTHER
0001410368-26-055347,1064641,SELECT SECTOR SPDR TRUST,2026-03-31,2026-05-28,170609485,Simon Property Group Inc,828806109,US8288061091,,1789541.0,333803082.73,4.568739835738,EC,OTHER
0001410368-26-055347,1064641,SELECT SECTOR SPDR TRUST,2026-03-31,2026-05-28,170609488,UDR Inc,902653104,US9026531049,,2486578.0,83996604.84,1.149655753508,EC,OTHER
0001410368-26-055347,1064641,SELECT SECTOR SPDR TRUST,2026-03-31,2026-05-28,170609492,Ventas Inc,92276F100,US92276F1003,,3932541.0,321603202.98,4.401760920656,EC,OTHER
0001410368-26-055347,1064641,SELECT SECTOR SPDR TRUST,2026-03-31,2026-05-28,170609502,VICI Properties Inc,925652109,US9256521090,,8849729.0,241774596.28,3.309152271033,EC,OTHER
0001410368-26-055347,1064641,SELECT SECTOR SPDR TRUST,2026-03-31,2026-05-28,170609506,Welltower Inc,95040Q104,US95040Q1040,,3763184.0,744019108.64,10.18333836941,EC,OTHER
0001410368-26-055347,1064641,SELECT SECTOR SPDR TRUST,2026-03-31,2026-05-28,170609508,Weyerhaeuser Co,962166104,US9621661043,,5966575.0,145763427.25,1.995054003768,EC,OTHER
0001410368-26-055348,1064641,SELECT SECTOR SPDR TRUST,2026-03-31,2026-05-28,170616414,Air Products and Chemicals Inc,009158106,US0091581068,,1051198.0,305362507.02,4.669092383342,EC,CORP
0001410368-26-055348,1064641,SELECT SECTOR SPDR TRUST,2026-03-31,2026-05-28,170616417,Albemarle Corp,012653101,US0126531013,,965943.0,173415746.79,2.651583360349,EC,CORP
0001410368-26-055348,1064641,SELECT SECTOR SPDR TRUST,2026-03-31,2026-05-28,170616424,Avery Dennison Corp,053611109,US0536111091,,633512.0,109394852.16,1.672682989086,EC,CORP
0001410368-26-055348,1064641,SELECT SECTOR SPDR TRUST,2026-03-31,2026-05-28,170616427,Ball Corp,058498106,US0584981064,,2196503.0,129835292.33,1.985223989752,EC,CORP
0001410368-26-055348,1064641,SELECT SECTOR SPDR TRUST,2026-03-31,2026-05-28,170616431,CF Industries Holdings Inc,125269100,US1252691001,,1278396.0,165986936.64,2.537994428862,EC,CORP
0001410368-26-055348,1064641,SELECT SECTOR SPDR TRUST,2026-03-31,2026-05-28,170616435,Corteva Inc,22052L104,US22052L1044,,3712442.0,310768519.82,4.751752083235,EC,CORP
0001410368-26-055348,1064641,SELECT SECTOR SPDR TRUST,2026-03-31,2026-05-28,170616438,Dow Inc,260557103,US2605571031,,5881117.0,244948523.05,3.745342853138,EC,CORP
0001410368-26-055348,1064641,SELECT SECTOR SPDR TRUST,2026-03-31,2026-05-28,170616441,DuPont de Nemours Inc,26614N102,US26614N1028,,3353854.0,153606513.2,2.348693714277,EC,CORP
0001410368-26-055348,1064641,SELECT SECTOR SPDR TRUST,2026-03-31,2026-05-28,170616444,Ecolab Inc,278865100,US2788651006,,1053810.0,280334536.2,4.286406541958,EC,CORP
0001410368-26-055348,1064641,SELECT SECTOR SPDR TRUST,2026-03-31,2026-05-28,170616447,Freeport-McMoRan Inc,35671D857,US35671D8570,,5853845.0,344089009.1,5.261233238026,EC,CORP
0001410368-26-055348,1064641,SELECT SECTOR SPDR TRUST,2026-03-31,2026-05-28,170616450,International Flavors & Fragrances Inc,459506101,US4595061015,,2099022.0,152284046.1,2.328472760749,EC,CORP
0001410368-26-055348,1064641,SELECT SECTOR SPDR TRUST,2026-03-31,2026-05-28,170616453,International Paper Co,460146103,US4601461035,,4327933.0,154507208.1,2.362465633228,EC,CORP
0001410368-26-055348,1064641,SELECT SECTOR SPDR TRUST,2026-03-31,2026-05-28,170616457,Martin Marietta Materials Inc,573284106,US5732841060,,488482.0,287559583.76,4.396879876949,EC,CORP
0001410368-26-055348,1064641,SELECT SECTOR SPDR TRUST,2026-03-31,2026-05-28,170616460,Mosaic Co/The,61945C103,US61945C1036,,2601574.0,66340137.0,1.014362343954,EC,CORP
0001410368-26-055348,1064641,SELECT SECTOR SPDR TRUST,2026-03-31,2026-05-28,170616463,Newmont Corp,651639106,US6516391066,,4444747.0,481143862.75,7.35684667637,EC,CORP
0001410368-26-055348,1064641,SELECT SECTOR SPDR TRUST,2026-03-31,2026-05-28,170616467,Nucor Corp,670346105,US6703461052,,1699027.0,287305465.7,4.392994328883,EC,CORP
0001410368-26-055348,1064641,SELECT SECTOR SPDR TRUST,2026-03-31,2026-05-28,170616470,PPG Industries Inc,693506107,US6935061076,,1839227.0,196576581.76,3.005720085272,EC,CORP
0001410368-26-055348,1064641,SELECT SECTOR SPDR TRUST,2026-03-31,2026-05-28,170616474,Packaging Corp of America,695156109,US6951561090,,732453.0,155441175.66,2.376746302008,EC,CORP
0001410368-26-055348,1064641,SELECT SECTOR SPDR TRUST,2026-03-31,2026-05-28,170616476,Sherwin-Williams Co/The,824348106,US8243481061,,938992.0,300993885.6,4.602294736189,EC,CORP
0001410368-26-055348,1064641,SELECT SECTOR SPDR TRUST,2026-03-31,2026-05-28,170616480,Steel Dynamics Inc,858119100,US8581191009,,1125082.0,202514760.0,3.096516768407,EC,CORP
0001410368-26-055348,1064641,SELECT SECTOR SPDR TRUST,2026-03-31,2026-05-28,170616491,Vulcan Materials Co,929160109,US9291601097,,1082984.0,294896543.2,4.509064381106,EC,CORP
0001410368-26-055348,1064641,SELECT SECTOR SPDR TRUST,2026-03-31,2026-05-28,170616504,Amcor PLC,000000000,JE00BV7DQ550,,3787064.0,150535794.0,2.301741415621,EC,CORP
0001410368-26-055348,1064641,SELECT SECTOR SPDR TRUST,2026-03-31,2026-05-28,170616508,CRH PLC,000000000,IE0001827041,,2806746.0,295045139.52,4.511336467331,EC,CORP
0001410368-26-055348,1064641,SELECT SECTOR SPDR TRUST,2026-03-31,2026-05-28,170616512,Linde PLC,000000000,IE000S9YS762,,1901915.0,942893380.4,14.41714748707,EC,CORP
0001410368-26-055348,1064641,SELECT SECTOR SPDR TRUST,2026-03-31,2026-05-28,170616515,Smurfit Westrock PLC,000000000,IE00028FXN24,,4281732.0,170627020.2,2.608942820724,EC,CORP
0001410368-26-055348,1064641,SELECT SECTOR SPDR TRUST,2026-03-31,2026-05-28,170616519,LyondellBasell Industries NV,000000000,NL0009434992,,2110539.0,170025021.84,2.599738069346,EC,CORP
0001410368-26-055358,1064641,SELECT SECTOR SPDR TRUST,2026-03-31,2026-05-28,170616817,APA Corp,03743Q108,US03743Q1085,,8188300.0,347511452.0,0.796987339521,EC,CORP
0001410368-26-055358,1064641,SELECT SECTOR SPDR TRUST,2026-03-31,2026-05-28,170616819,Baker Hughes Co,05722G100,US05722G1004,,22815726.0,1392900072.3,3.194495365411,EC,CORP
0001410368-26-055358,1064641,SELECT SECTOR SPDR TRUST,2026-03-31,2026-05-28,170616822,Coterra Energy Inc,127097103,US1270971039,,17515044.0,615478646.16,1.411546830794,EC,CORP
0001410368-26-055358,1064641,SELECT SECTOR SPDR TRUST,2026-03-31,2026-05-28,170616824,Expand Energy Corp,165167735,US1651677353,,5498741.0,603651786.98,1.384422956232,EC,CORP
0001410368-26-055358,1064641,SELECT SECTOR SPDR TRUST,2026-03-31,2026-05-28,170616827,Chevron Corp,166764100,US1667641005,,36505618.0,7553012364.2,17.32217800268,EC,CORP
0001410368-26-055358,1064641,SELECT SECTOR SPDR TRUST,2026-03-31,2026-05-28,170616829,ConocoPhillips,20825C104,US20825C1045,,23859784.0,3149491488.0,7.223085246313,EC,CORP
0001410368-26-055358,1064641,SELECT SECTOR SPDR TRUST,2026-03-31,2026-05-28,170616832,Devon Energy Corp,25179M103,US25179M1036,,14320158.0,720590350.56,1.652611397616,EC,CORP
0001410368-26-055358,1064641,SELECT SECTOR SPDR TRUST,2026-03-31,2026-05-28,170616833,Diamondback Energy Inc,25278X109,US25278X1090,,4479695.0,886038874.05,2.032053219764,EC,CORP
0001410368-26-055358,1064641,SELECT SECTOR SPDR TRUST,2026-03-31,2026-05-28,170616836,EOG Resources Inc,26875P101,US26875P1012,,12527098.0,1811042557.86,4.153468847262,EC,CORP
0001410368-26-055358,1064641,SELECT SECTOR SPDR TRUST,2026-03-31,2026-05-28,170616838,EQT Corp,26884L109,US26884L1098,,14408070.0,916929574.8,2.102898359586,EC,CORP
0001410368-26-055358,1064641,SELECT SECTOR SPDR TRUST,2026-03-31,2026-05-28,170616841,Exxon Mobil Corp,30231G102,US30231G1022,,61086635.0,10363958494.1,23.76883886728,EC,CORP
0001410368-26-055358,1064641,SELECT SECTOR SPDR TRUST,2026-03-31,2026-05-28,170616843,Halliburton Co,406216101,US4062161017,,19336729.0,753939063.71,1.72909377544,EC,CORP
0001410368-26-055358,1064641,SELECT SECTOR SPDR TRUST,2026-03-31,2026-05-28,170616846,Kinder Morgan Inc,49456B101,US49456B1017,,45199945.0,1515554155.85,3.475791855548,EC,CORP
0001410368-26-055358,1064641,SELECT SECTOR SPDR TRUST,2026-03-31,2026-05-28,170616847,Marathon Petroleum Corp,56585A102,US56585A1025,,6810654.0,1663025493.72,3.814004563498,EC,CORP
0001410368-26-055358,1064641,SELECT SECTOR SPDR TRUST,2026-03-31,2026-05-28,170616850,Occidental Petroleum Corp,674599105,US6745991058,,16604467.0,1079290355.0,2.475258710618,EC,CORP
0001410368-26-055358,1064641,SELECT SECTOR SPDR TRUST,2026-03-31,2026-05-28,170616852,ONEOK Inc,682680103,US6826801036,,14527241.0,1313117313.99,3.011520537045,EC,CORP
0001410368-26-055358,1064641,SELECT SECTOR SPDR TRUST,2026-03-31,2026-05-28,170616854,Phillips 66,718546104,US7185461040,,9302360.0,1694703944.8,3.886656340299,EC,CORP
0001410368-26-055358,1064641,SELECT SECTOR SPDR TRUST,2026-03-31,2026-05-28,170616856,SLB Ltd,806857108,AN8068571086,,34523104.0,1774142314.56,4.068841343431,EC,CORP
0001410368-26-055358,1064641,SELECT SECTOR SPDR TRUST,2026-03-31,2026-05-28,170616858,Targa Resources Corp,87612G101,US87612G1013,,4955948.0,1242604842.04,2.849806305473,EC,CORP
0001410368-26-055358,1064641,SELECT SECTOR SPDR TRUST,2026-03-31,2026-05-28,170616861,Texas Pacific Land Corp,88262P102,US88262P1021,,1336921.0,634449229.76,1.455054216998,EC,CORP
0001410368-26-055358,1064641,SELECT SECTOR SPDR TRUST,2026-03-31,2026-05-28,170616864,Valero Energy Corp,91913Y100,US91913Y1001,,7041865.0,1739904004.2,3.990318751653,EC,CORP
0001410368-26-055358,1064641,SELECT SECTOR SPDR TRUST,2026-03-31,2026-05-28,170616870,Williams Cos Inc/The,969457100,US9694571004,,24350009.0,1772193655.02,4.064372261985,EC,CORP
0001410368-26-055360,1064641,SELECT SECTOR SPDR TRUST,2026-03-31,2026-05-28,170621315,Aflac Inc,001055102,US0010551028,,3162579.0,346966542.09,0.726008987458,EC,CORP
0001410368-26-055360,1064641,SELECT SECTOR SPDR TRUST,2026-03-31,2026-05-28,170621320,Allstate Corp/The,020002101,US0200021014,,1761316.0,365191259.44,0.764143236687,EC,CORP
0001410368-26-055360,1064641,SELECT SECTOR SPDR TRUST,2026-03-31,2026-05-28,170621323,American Express Co,025816109,US0258161092,,3628300.0,1097488184.0,2.296435501861,EC,CORP
0001410368-26-055360,1064641,SELECT SECTOR SPDR TRUST,2026-03-31,2026-05-28,170621326,American International Group Inc,026874784,US0268747849,,3635081.0,273539845.25,0.572367539772,EC,CORP
0001410368-26-055360,1064641,SELECT SECTOR SPDR TRUST,2026-03-31,2026-05-28,170621328,Ameriprise Financial Inc,03076C106,US03076C1062,,618570.0,274892508.0,0.575197914446,EC,CORP
0001410368-26-055360,1064641,SELECT SECTOR SPDR TRUST,2026-03-31,2026-05-28,170621331,Apollo Global Management Inc,03769M106,US03769M1062,,3145724.0,350496568.08,0.733395378605,EC,CORP
0001410368-26-055360,1064641,SELECT SECTOR SPDR TRUST,2026-03-31,2026-05-28,170621333,Ares Management Corp,03990B101,US03990B1017,,1395522.0,152251450.2,0.31857804079,EC,CORP
0001410368-26-055360,1064641,SELECT SECTOR SPDR TRUST,2026-03-31,2026-05-28,170621336,Assurant Inc,04621X108,US04621X1081,,339312.0,73905546.72,0.154643415525,EC,CORP
0001410368-26-055360,1064641,SELECT SECTOR SPDR TRUST,2026-03-31,2026-05-28,170621338,Bank of America Corp,060505104,US0605051046,,44953515.0,2191483856.25,4.585563109123,EC,CORP
0001410368-26-055360,1064641,SELECT SECTOR SPDR TRUST,2026-03-31,2026-05-28,170621341,Bank of New York Mellon Corp/The,064058100,US0640581007,,4662460.0,553107629.8,1.157348221093,EC,CORP
0001410368-26-055360,1064641,SELECT SECTOR SPDR TRUST,2026-03-31,2026-05-28,170621344,W R Berkley Corp,084423102,US0844231029,,2018476.0,133784589.28,0.279937119053,EC,CORP
0001410368-26-055360,1064641,SELECT SECTOR SPDR TRUST,2026-03-31,2026-05-28,170621347,Berkshire Hathaway Inc,084670702,US0846707026,,12423151.0,5953173959.2,12.45669905879,EC,CORP
0001410368-26-055360,1064641,SELECT SECTOR SPDR TRUST,2026-03-31,2026-05-28,170621349,Blackstone Inc,09260D107,US09260D1072,,5071853.0,583212376.47,1.220340798175,EC,CORP
0001410368-26-055360,1064641,SELECT SECTOR SPDR TRUST,2026-03-31,2026-05-28,170621352,Blackrock Inc,09290D101,US09290D1019,,977621.0,940187891.91,1.967293028644,EC,CORP
0001410368-26-055360,1064641,SELECT SECTOR SPDR TRUST,2026-03-31,2026-05-28,170621354,Brown & Brown Inc,115236101,US1152361010,,1983540.0,129346643.4,0.270650953951,EC,CORP
0001410368-26-055360,1064641,SELECT SECTOR SPDR TRUST,2026-03-31,2026-05-28,170621356,Cboe Global Markets Inc,12503M108,US12503M1080,,709036.0,199288748.52,0.417001079278,EC,CORP
0001410368-26-055360,1064641,SELECT SECTOR SPDR TRUST,2026-03-31,2026-05-28,170621359,CME Group Inc,12572Q105,US12572Q1058,,2442849.0,721495452.15,1.509690760141,EC,CORP
0001410368-26-055360,1064641,SELECT SECTOR SPDR TRUST,2026-03-31,2026-05-28,170621361,Capital One Financial Corp,14040H105,US14040H1059,,4234897.0,772572259.71,1.616566256308,EC,CORP
0001410368-26-055360,1064641,SELECT SECTOR SPDR TRUST,2026-03-31,2026-05-28,170621364,Cincinnati Financial Corp,172062101,US1720621010,,1057107.0,166335786.45,0.348048763351,EC,CORP
0001410368-26-055360,1064641,SELECT SECTOR SPDR TRUST,2026-03-31,2026-05-28,170621367,Citigroup Inc,172967424,US1729674242,,11838919.0,1342651803.79,2.809427303011,EC,CORP
0001410368-26-055360,1064641,SELECT SECTOR SPDR TRUST,2026-03-31,2026-05-28,170621369,Citizens Financial Group Inc,174610105,US1746101054,,2879142.0,172662145.74,0.361286332814,EC,CORP
0001410368-26-055360,1064641,SELECT SECTOR SPDR TRUST,2026-03-31,2026-05-28,170621372,Coinbase Global Inc,19260Q107,US19260Q1076,,1510929.0,263823312.69,0.552036213521,EC,CORP
0001410368-26-055360,1064641,SELECT SECTOR SPDR TRUST,2026-03-31,2026-05-28,170621374,Corpay Inc,219948106,US2199481068,,473850.0,137885611.5,0.288518289363,EC,CORP
0001410368-26-055360,1064641,SELECT SECTOR SPDR TRUST,2026-03-31,2026-05-28,170621377,Erie Indemnity Co,29530P102,US29530P1021,,171925.0,43206471.75,0.090407238167,EC,CORP
0001410368-26-055360,1064641,SELECT SECTOR SPDR TRUST,2026-03-31,2026-05-28,170621379,FactSet Research Systems Inc,303075105,US3030751057,,251357.0,54541955.43,0.114126133307,EC,CORP
0001410368-26-055360,1064641,SELECT SECTOR SPDR TRUST,2026-03-31,2026-05-28,170621382,Fidelity National Information Services Inc,31620M106,US31620M1062,,3508459.0,164581811.69,0.344378664696,EC,CORP
0001410368-26-055360,1064641,SELECT SECTOR SPDR TRUST,2026-03-31,2026-05-28,170621385,Fifth Third Bancorp,316773100,US3167731005,,6097779.0,283302812.34,0.592796027802,EC,CORP
0001410368-26-055360,1064641,SELECT SECTOR SPDR TRUST,2026-03-31,2026-05-28,170621387,Fiserv Inc,337738108,US3377381088,,3643824.0,203325379.2,0.425447513724,EC,CORP
0001410368-26-055360,1064641,SELECT SECTOR SPDR TRUST,2026-03-31,2026-05-28,170621389,Franklin Resources Inc,354613101,US3546131018,,2079947.0,49128348.14,0.102798448731,EC,CORP
0001410368-26-055360,1064641,SELECT SECTOR SPDR TRUST,2026-03-31,2026-05-28,170621391,Arthur J Gallagher & Co,363576109,US3635761097,,1740867.0,377036974.86,0.788929764535,EC,CORP
0001410368-26-055360,1064641,SELECT SECTOR SPDR TRUST,2026-03-31,2026-05-28,170621392,Global Payments Inc,37940X102,US37940X1028,,1612112.0,108495137.6,0.227020289964,EC,CORP
0001410368-26-055360,1064641,SELECT SECTOR SPDR TRUST,2026-03-31,2026-05-28,170621395,Globe Life Inc,37959E102,US37959E1029,,539333.0,75058973.61,0.157056899786,EC,CORP
0001410368-26-055360,1064641,SELECT SECTOR SPDR TRUST,2026-03-31,2026-05-28,170621398,Goldman Sachs Group Inc/The,38141G104,US38141G1040,,2031838.0,1718914629.62,3.596737201982,EC,CORP
0001410368-26-055360,1064641,SELECT SECTOR SPDR TRUST,2026-03-31,2026-05-28,170621400,Hartford Insurance Group Inc/The,416515104,US4165151048,,1889621.0,255533447.83,0.534690113356,EC,CORP
0001410368-26-055360,1064641,SELECT SECTOR SPDR TRUST,2026-03-31,2026-05-28,170621402,Jack Henry & Associates Inc,426281101,US4262811015,,488946.0,77273025.84,0.161689686014,EC,CORP
0001410368-26-055360,1064641,SELECT SECTOR SPDR TRUST,2026-03-31,2026-05-28,170621404,Huntington Bancshares Inc/OH,446150104,US4461501045,,13751445.0,215210114.25,0.450315688067,EC,CORP
0001410368-26-055360,1064641,SELECT SECTOR SPDR TRUST,2026-03-31,2026-05-28,170621407,Interactive Brokers Group Inc,45841N107,US45841N1072,,3017149.0,202360183.43,0.423427893044,EC,CORP
0001410368-26-055360,1064641,SELECT SECTOR SPDR TRUST,2026-03-31,2026-05-28,170621410,Intercontinental Exchange Inc,45866F104,US45866F1049,,3847373.0,605114825.44,1.266170504705,EC,CORP
0001410368-26-055360,1064641,SELECT SECTOR SPDR TRUST,2026-03-31,2026-05-28,170621413,JPMorgan Chase & Co,46625H100,US46625H1005,,18265999.0,5373126265.84,11.24298019126,EC,CORP
0001410368-26-055360,1064641,SELECT SECTOR SPDR TRUST,2026-03-31,2026-05-28,170621416,KKR & Co Inc,48251W104,US48251W1045,,4650365.0,430158762.5,0.900084272471,EC,CORP
0001410368-26-055360,1064641,SELECT SECTOR SPDR TRUST,2026-03-31,2026-05-28,170621418,KeyCorp,493267108,US4932671088,,6348344.0,127284297.2,0.266335604502,EC,CORP
0001410368-26-055360,1064641,SELECT SECTOR SPDR TRUST,2026-03-31,2026-05-28,170621421,Loews Corp,540424108,US5404241086,,1144581.0,122172575.94,0.255639600346,EC,CORP
0001410368-26-055360,1064641,SELECT SECTOR SPDR TRUST,2026-03-31,2026-05-28,170621424,M&T Bank Corp,55261F104,US55261F1049,,1028518.0,212615240.96,0.444886054078,EC,CORP
0001410368-26-055360,1064641,SELECT SECTOR SPDR TRUST,2026-03-31,2026-05-28,170621426,MSCI Inc,55354G100,US55354G1004,,497833.0,268336965.33,0.561480790981,EC,CORP
0001410368-26-055360,1064641,SELECT SECTOR SPDR TRUST,2026-03-31,2026-05-28,170621429,Marsh & McLennan Cos Inc,571748102,US5717481023,,3279814.0,568883738.3,1.190358886874,EC,CORP
0001410368-26-055360,1064641,SELECT SECTOR SPDR TRUST,2026-03-31,2026-05-28,170621432,Mastercard Inc,57636Q104,US57636Q1040,,5517485.0,2756866555.1,5.76859625764,EC,CORP
0001410368-26-055360,1064641,SELECT SECTOR SPDR TRUST,2026-03-31,2026-05-28,170621434,MetLife Inc,59156R108,US59156R1086,,3729185.0,263727963.2,0.551836699798,EC,CORP
0001410368-26-055360,1064641,SELECT SECTOR SPDR TRUST,2026-03-31,2026-05-28,170621437,Moody's Corp,615369105,US6153691059,,1039456.0,453462680.0,0.948846477167,EC,CORP
0001410368-26-055360,1064641,SELECT SECTOR SPDR TRUST,2026-03-31,2026-05-28,170621440,Morgan Stanley,617446448,US6174464486,,8150617.0,1341347039.69,2.806697153708,EC,CORP
0001410368-26-055360,1064641,SELECT SECTOR SPDR TRUST,2026-03-31,2026-05-28,170621442,Nasdaq Inc,631103108,US6311031081,,3042245.0,258256178.05,0.540387281152,EC,CORP
0001410368-26-055360,1064641,SELECT SECTOR SPDR TRUST,2026-03-31,2026-05-28,170621445,Northern Trust Corp,665859104,US6658591044,,1262219.0,176167905.83,0.368621948859,EC,CORP
0001410368-26-055360,1064641,SELECT SECTOR SPDR TRUST,2026-03-31,2026-05-28,170621447,PNC Financial Services Group Inc/The,693475105,US6934751057,,2736468.0,569431626.12,1.191505312921,EC,CORP
0001410368-26-055360,1064641,SELECT SECTOR SPDR TRUST,2026-03-31,2026-05-28,170621450,PayPal Holdings Inc,70450Y103,US70450Y1038,,6237419.0,282118461.37,0.590317836552,EC,CORP
0001410368-26-055360,1064641,SELECT SECTOR SPDR TRUST,2026-03-31,2026-05-28,170621452,T Rowe Price Group Inc,74144T108,US74144T1088,,1481019.0,133499052.66,0.279339648902,EC,CORP
0001410368-26-055360,1064641,SELECT SECTOR SPDR TRUST,2026-03-31,2026-05-28,170621454,Principal Financial Group Inc,74251V102,US74251V1026,,1340137.0,120759745.07,0.252683327089,EC,CORP
0001410368-26-055360,1064641,SELECT SECTOR SPDR TRUST,2026-03-31,2026-05-28,170621456,Progressive Corp/The,743315103,US7433151039,,3970474.0,787106765.76,1.64697893517,EC,CORP
0001410368-26-055360,1064641,SELECT SECTOR SPDR TRUST,2026-03-31,2026-05-28,170621459,Prudential Financial Inc,744320102,US7443201022,,2357545.0,230308571.05,0.481908403801,EC,CORP
0001410368-26-055360,1064641,SELECT SECTOR SPDR TRUST,2026-03-31,2026-05-28,170621461,Raymond James Financial Inc,754730109,US7547301090,,1188466.0,172077992.14,0.360064022556,EC,CORP
0001410368-26-055360,1064641,SELECT SECTOR SPDR TRUST,2026-03-31,2026-05-28,170621464,Regions Financial Corp,7591EP100,US7591EP1005,,5880411.0,153596335.32,0.321392141188,EC,CORP
0001410368-26-055360,1064641,SELECT SECTOR SPDR TRUST,2026-03-31,2026-05-28,170621465,Robinhood Markets Inc,770700102,US7707001027,,5354153.0,371042802.9,0.776387279345,EC,CORP
0001410368-26-055360,1064641,SELECT SECTOR SPDR TRUST,2026-03-31,2026-05-28,170621468,S&P Global Inc,78409V104,US78409V1044,,2072968.0,881716209.12,1.844944150387,EC,CORP
0001410368-26-055360,1064641,SELECT SECTOR SPDR TRUST,2026-03-31,2026-05-28,170621470,Charles Schwab Corp/The,808513105,US8085131055,,11316010.0,1063478619.8,2.22527230232,EC,CORP
0001410368-26-055360,1064641,SELECT SECTOR SPDR TRUST,2026-03-31,2026-05-28,170621473,Block Inc,852234103,US8522341036,,3710309.0,223286395.62,0.467214876169,EC,CORP
0001410368-26-055360,1064641,SELECT SECTOR SPDR TRUST,2026-03-31,2026-05-28,170621475,State Street Corp,857477103,US8574771031,,1890745.0,239292687.2,0.50070718777,EC,CORP
0001410368-26-055360,1064641,SELECT SECTOR SPDR TRUST,2026-03-31,2026-05-28,170621478,Synchrony Financial,87165B103,US87165B1035,,2354952.0,160183835.04,0.335176133076,EC,CORP
0001410368-26-055360,1064641,SELECT SECTOR SPDR TRUST,2026-03-31,2026-05-28,170621481,Travelers Cos Inc/The,89417E109,US89417E1091,,1465036.0,427321700.48,0.89414787148,EC,CORP
0001410368-26-055360,1064641,SELECT SECTOR SPDR TRUST,2026-03-31,2026-05-28,170621482,Truist Financial Corp,89832Q109,US89832Q1094,,8553031.0,393182835.07,0.822714116052,EC,CORP
0001410368-26-055360,1064641,SELECT SECTOR SPDR TRUST,2026-03-31,2026-05-28,170621485,US Bancorp,902973304,US9029733048,,10530888.0,547711484.88,1.146057075595,EC,CORP
0001410368-26-055360,1064641,SELECT SECTOR SPDR TRUST,2026-03-31,2026-05-28,170621492,Visa Inc,92826C839,US92826C8394,,11388932.0,3442190807.68,7.202600711497,EC,CORP
0001410368-26-055360,1064641,SELECT SECTOR SPDR TRUST,2026-03-31,2026-05-28,170621494,Wells Fargo & Co,949746101,US9497461015,,20951476.0,1667947004.36,3.490090163955,EC,CORP
0001410368-26-055360,1064641,SELECT SECTOR SPDR TRUST,2026-03-31,2026-05-28,170621503,Aon PLC,000000000,IE00BLP1HW54,,1453051.0,469015801.78,0.981390555127,EC,CORP
0001410368-26-055360,1064641,SELECT SECTOR SPDR TRUST,2026-03-31,2026-05-28,170621505,Arch Capital Group Ltd,000000000,BMG0450A1053,,2421648.0,232453991.52,0.486397581731,EC,CORP
0001410368-26-055360,1064641,SELECT SECTOR SPDR TRUST,2026-03-31,2026-05-28,170621508,Everest Group Ltd,000000000,BMG3223R1088,,275720.0,90119082.0,0.188569373517,EC,CORP
0001410368-26-055360,1064641,SELECT SECTOR SPDR TRUST,2026-03-31,2026-05-28,170621510,Invesco Ltd,000000000,BMG491BT1088,,3008120.0,73067234.8,0.152889292535,EC,CORP
0001410368-26-055360,1064641,SELECT SECTOR SPDR TRUST,2026-03-31,2026-05-28,170621511,Willis Towers Watson PLC,000000000,IE00BDB6Q211,,643981.0,187205276.7,0.391717058841,EC,CORP
0001410368-26-055360,1064641,SELECT SECTOR SPDR TRUST,2026-03-31,2026-05-28,170621514,Chubb Ltd,000000000,CH0044328745,,2464302.0,803189950.86,1.680632142362,EC,CORP
0001410368-26-055460,1064641,SELECT SECTOR SPDR TRUST,2026-03-31,2026-05-28,170775855,State Street Real Estate Select Sector SPDR ETF,81369Y860,US81369Y8600,,61353.0,2505042.99,99.50615209365,EC,RF
0001410368-26-055478,1064641,SELECT SECTOR SPDR TRUST,2026-03-31,2026-05-28,170778471,State Street Financial Select Sector SPDR ETF,81369Y605,US81369Y6059,,72562.0,3582385.94,99.6278718631,EC,RF
0001410368-26-055474,1064641,SELECT SECTOR SPDR TRUST,2026-03-31,2026-05-28,170789566,State Street Consumer Discretionary Select Sector SPDR ETF,81369Y407,US81369Y4070,,12395.0,1350807.1,100.0851408288,EC,RF
0001410368-26-055470,1064641,SELECT SECTOR SPDR TRUST,2026-03-31,2026-05-28,170791213,State Street Health Care Select Sector SPDR ETF,81369Y209,US81369Y2090,,87106.0,12770610.66,99.66673840221,EC,RF
0001410368-26-055485,1064641,SELECT SECTOR SPDR TRUST,2026-03-31,2026-05-28,170806497,State Street Technology Select Sector SPDR ETF,81369Y803,US81369Y8030,,37652.0,5003950.8,99.6615566613,EC,RF
0001410368-26-055513,1064641,SELECT SECTOR SPDR TRUST,2026-03-31,2026-05-28,170828869,State Street Materials Select Sector SPDR ETF,81369Y100,US81369Y1001,,109970.0,5495200.9,100.8893340464,EC,RF
0001410368-26-055525,1064641,SELECT SECTOR SPDR TRUST,2026-03-31,2026-05-28,170855317,State Street Energy Select Sector SPDR ETF,81369Y506,US81369Y5069,,438022.0,26833227.72,101.8534256291,EC,RF
0001410368-26-055561,1064641,SELECT SECTOR SPDR TRUST,2026-03-31,2026-05-28,170859074,State Street Industrial Select Sector SPDR ETF,81369Y704,US81369Y7040,,32730.0,5293422.9,99.61243321054,EC,RF
0001410368-26-055548,1064641,SELECT SECTOR SPDR TRUST,2026-03-31,2026-05-28,170859751,State Street Consumer Staples Select Sector SPDR ETF,81369Y308,US81369Y3080,,31439.0,2577369.22,99.53609423896,EC,RF
0001410368-26-055541,1064641,SELECT SECTOR SPDR TRUST,2026-03-31,2026-05-28,170863120,State Street Communication Services Select Sector SPDR ETF,81369Y852,US81369Y8527,,17384.0,1927190.24,99.72704241145,EC,RF
0001410368-26-055578,1064641,SELECT SECTOR SPDR TRUST,2026-03-31,2026-05-28,170889315,State Street Utilities Select Sector SPDR ETF,81369Y886,US81369Y8865,,212703.0,9760940.67,99.57904231699,EC,RF
