REPORT_DATE,REGISTRANT_NAME,ISSUER_NAME,ISSUER_CUSIP,IDENTIFIER_ISIN,SECURITY_KEY,BALANCE,PREV_BALANCE,POSITION_CHANGE,POSITION_CHANGE_PCT
2026-03-31,State Street(R) SPDR(R) S&P 500(R) ETF Trust,SLB Ltd,806857108,AN8068571086,AN8068571086,17437207.0,18178715.0,-741508.0,-4.078990181649253
2026-03-31,State Street(R) SPDR(R) S&P 500(R) ETF Trust,Arch Capital Group Ltd,000000000,BMG0450A1053,BMG0450A1053,4150750.0,4399837.0,-249087.0,-5.661277906431534
2026-03-31,State Street(R) SPDR(R) S&P 500(R) ETF Trust,Everest Group Ltd,000000000,BMG3223R1088,BMG3223R1088,470136.0,506640.0,-36504.0,-7.205116058739934
2026-03-31,State Street(R) SPDR(R) S&P 500(R) ETF Trust,Invesco Ltd,000000000,BMG491BT1088,BMG491BT1088,5159014.0,5380094.0,-221080.0,-4.10922188348382
2026-03-31,State Street(R) SPDR(R) S&P 500(R) ETF Trust,Norwegian Cruise Line Holdings Ltd,000000000,BMG667211046,BMG667211046,5370579.0,5434335.0,-63756.0,-1.1732070253306062
2026-03-31,State Street(R) SPDR(R) S&P 500(R) ETF Trust,Chubb Ltd,000000000,CH0044328745,CH0044328745,4233858.0,4459513.0,-225655.0,-5.060081672595191
2026-03-31,State Street(R) SPDR(R) S&P 500(R) ETF Trust,Garmin Ltd,000000000,CH0114405324,CH0114405324,1912602.0,1993447.0,-80845.0,-4.055537970159227
2026-03-31,State Street(R) SPDR(R) S&P 500(R) ETF Trust,Bunge Global SA,000000000,CH1300646267,CH1300646267,1581953.0,1649182.0,-67229.0,-4.0765058071213485
2026-03-31,State Street(R) SPDR(R) S&P 500(R) ETF Trust,CRH PLC,000000000,IE0001827041,IE0001827041,7833794.0,8166774.0,-332980.0,-4.077252535701367
2026-03-31,State Street(R) SPDR(R) S&P 500(R) ETF Trust,Smurfit Westrock PLC,000000000,IE00028FXN24,IE00028FXN24,6094590.0,6353735.0,-259145.0,-4.0786246200069725
2026-03-31,State Street(R) SPDR(R) S&P 500(R) ETF Trust,TE Connectivity PLC,000000000,IE000IVNQZ81,IE000IVNQZ81,3412314.0,3584634.0,-172320.0,-4.807185336076151
2026-03-31,State Street(R) SPDR(R) S&P 500(R) ETF Trust,Linde PLC,000000000,IE000S9YS762,IE000S9YS762,5437859.0,5689251.0,-251392.0,-4.418718738195942
2026-03-31,State Street(R) SPDR(R) S&P 500(R) ETF Trust,Accenture PLC,000000000,IE00B4BNMY34,IE00B4BNMY34,7162577.0,7556004.0,-393427.0,-5.206813019156686
2026-03-31,State Street(R) SPDR(R) S&P 500(R) ETF Trust,Eaton Corp PLC,000000000,IE00B8KQN827,IE00B8KQN827,4530961.0,4732528.0,-201567.0,-4.259182407372973
2026-03-31,State Street(R) SPDR(R) S&P 500(R) ETF Trust,Willis Towers Watson PLC,000000000,IE00BDB6Q211,IE00BDB6Q211,1103161.0,1166696.0,-63535.0,-5.4457202218915635
2026-03-31,State Street(R) SPDR(R) S&P 500(R) ETF Trust,Allegion plc,000000000,IE00BFRT3W74,IE00BFRT3W74,1005259.0,1047809.0,-42550.0,-4.0608546023177885
2026-03-31,State Street(R) SPDR(R) S&P 500(R) ETF Trust,STERIS PLC,000000000,IE00BFY8C754,IE00BFY8C754,1147285.0,1195792.0,-48507.0,-4.056474704630906
2026-03-31,State Street(R) SPDR(R) S&P 500(R) ETF Trust,Trane Technologies PLC,000000000,IE00BK9ZQ967,IE00BK9ZQ967,2575742.0,2701601.0,-125859.0,-4.658682018551222
2026-03-31,State Street(R) SPDR(R) S&P 500(R) ETF Trust,Seagate Technology Holdings PLC,000000000,IE00BKVD2N49,IE00BKVD2N49,2546491.0,2654568.0,-108077.0,-4.071359256948777
2026-03-31,State Street(R) SPDR(R) S&P 500(R) ETF Trust,Aon PLC,000000000,IE00BLP1HW54,IE00BLP1HW54,2495104.0,2618679.0,-123575.0,-4.718982357135029
2026-03-31,State Street(R) SPDR(R) S&P 500(R) ETF Trust,Pentair PLC,000000000,IE00BLS09M33,IE00BLS09M33,1912685.0,1993530.0,-80845.0,-4.055369119100289
2026-03-31,State Street(R) SPDR(R) S&P 500(R) ETF Trust,Medtronic PLC,000000000,IE00BTN1Y115,IE00BTN1Y115,14921818.0,15620900.0,-699082.0,-4.475299118488691
2026-03-31,State Street(R) SPDR(R) S&P 500(R) ETF Trust,Johnson Controls International plc,000000000,IE00BY7QL619,IE00BY7QL619,7143020.0,7446289.0,-303269.0,-4.072753555495899
2026-03-31,State Street(R) SPDR(R) S&P 500(R) ETF Trust,Aptiv PLC,000000000,JE00BTDN8H13,JE00BTDN8H13,2459930.0,2632734.0,-172804.0,-6.563671073492423
2026-03-31,State Street(R) SPDR(R) S&P 500(R) ETF Trust,Royal Caribbean Cruises Ltd,000000000,LR0008862868,LR0008862868,2926423.0,3079449.0,-153026.0,-4.969265605632696
2026-03-31,State Street(R) SPDR(R) S&P 500(R) ETF Trust,LyondellBasell Industries NV,000000000,NL0009434992,NL0009434992,3009633.0,3137283.0,-127650.0,-4.068807308744541
2026-03-31,State Street(R) SPDR(R) S&P 500(R) ETF Trust,NXP Semiconductors NV,000000000,NL0009538784,NL0009538784,2932624.0,3071960.0,-139336.0,-4.535736142397687
2026-03-31,State Street(R) SPDR(R) S&P 500(R) ETF Trust,Carnival Corp,143658300,PA1436583006,PA1436583006,13400272.0,13221751.0,178521.0,1.3502069430894592
2026-03-31,State Street(R) SPDR(R) S&P 500(R) ETF Trust,Aflac Inc,001055102,US0010551028,US0010551028,5426878.0,5747294.0,-320416.0,-5.5750758530884275
2026-03-31,State Street(R) SPDR(R) S&P 500(R) ETF Trust,AES Corp/The,00130H105,US00130H1059,US00130H1059,8396293.0,8749697.0,-353404.0,-4.039042723422308
2026-03-31,State Street(R) SPDR(R) S&P 500(R) ETF Trust,AT&T Inc,00206R102,US00206R1023,US00206R1023,81517048.0,86379763.0,-4862715.0,-5.62946091898863
2026-03-31,State Street(R) SPDR(R) S&P 500(R) ETF Trust,Abbott Laboratories,002824100,US0028241000,US0028241000,20247440.0,21186737.0,-939297.0,-4.433419832416856
2026-03-31,State Street(R) SPDR(R) S&P 500(R) ETF Trust,AbbVie Inc,00287Y109,US00287Y1091,US00287Y1091,20585575.0,21524615.0,-939040.0,-4.362633199246537
2026-03-31,State Street(R) SPDR(R) S&P 500(R) ETF Trust,Adobe Inc,00724F101,US00724F1012,US00724F1012,4777510.0,5100269.0,-322759.0,-6.328274057701662
2026-03-31,State Street(R) SPDR(R) S&P 500(R) ETF Trust,Advanced Micro Devices Inc,007903107,US0079031078,US0079031078,19005973.0,19836652.0,-830679.0,-4.187596777924017
2026-03-31,State Street(R) SPDR(R) S&P 500(R) ETF Trust,Agilent Technologies Inc,00846U101,US00846U1016,US00846U1016,3318879.0,3459368.0,-140489.0,-4.061117522044489
2026-03-31,State Street(R) SPDR(R) S&P 500(R) ETF Trust,Airbnb Inc,009066101,US0090661010,US0090661010,4925004.0,5181830.0,-256826.0,-4.956279924273857
2026-03-31,State Street(R) SPDR(R) S&P 500(R) ETF Trust,Air Products and Chemicals Inc,009158106,US0091581068,US0091581068,2601632.0,2712336.0,-110704.0,-4.081500227110506
2026-03-31,State Street(R) SPDR(R) S&P 500(R) ETF Trust,Akamai Technologies Inc,00971T101,US00971T1016,US00971T1016,1669231.0,1740715.0,-71484.0,-4.1065883846580284
2026-03-31,State Street(R) SPDR(R) S&P 500(R) ETF Trust,Albemarle Corp,012653101,US0126531013,US0126531013,1367253.0,1446572.0,-79319.0,-5.48323899536283
2026-03-31,State Street(R) SPDR(R) S&P 500(R) ETF Trust,Alexandria Real Estate Equities Inc,015271109,US0152711091,US0152711091,1814120.0,1891561.0,-77441.0,-4.094026045155298
2026-03-31,State Street(R) SPDR(R) S&P 500(R) ETF Trust,Align Technology Inc,016255101,US0162551016,US0162551016,779153.0,812342.0,-33189.0,-4.085594490990248
2026-03-31,State Street(R) SPDR(R) S&P 500(R) ETF Trust,Alliant Energy Corp,018802108,US0188021085,US0188021085,2981179.0,3156403.0,-175224.0,-5.551382380513515
2026-03-31,State Street(R) SPDR(R) S&P 500(R) ETF Trust,Allstate Corp/The,020002101,US0200021014,US0200021014,3022789.0,3188554.0,-165765.0,-5.198751534394588
2026-03-31,State Street(R) SPDR(R) S&P 500(R) ETF Trust,Alphabet Inc,02079K107,US02079K1079,US02079K1079,54488078.0,56657141.0,-2169063.0,-3.828401789634955
2026-03-31,State Street(R) SPDR(R) S&P 500(R) ETF Trust,Alphabet Inc,02079K305,US02079K3059,US02079K3059,67828004.0,70893951.0,-3065947.0,-4.324694782492797
2026-03-31,State Street(R) SPDR(R) S&P 500(R) ETF Trust,Altria Group Inc,02209S103,US02209S1033,US02209S1033,19590517.0,20479472.0,-888955.0,-4.34071249493151
2026-03-31,State Street(R) SPDR(R) S&P 500(R) ETF Trust,Amazon.com Inc,023135106,US0231351067,US0231351067,113816227.0,118529806.0,-4713579.0,-3.9767035474604593
2026-03-31,State Street(R) SPDR(R) S&P 500(R) ETF Trust,Ameren Corp,023608102,US0236081024,US0236081024,3220423.0,3311664.0,-91241.0,-2.7551406181303415
2026-03-31,State Street(R) SPDR(R) S&P 500(R) ETF Trust,American Electric Power Co Inc,025537101,US0255371017,US0255371017,6301711.0,6508806.0,-207095.0,-3.1817663639076046
2026-03-31,State Street(R) SPDR(R) S&P 500(R) ETF Trust,American Express Co,025816109,US0258161092,US0258161092,6235361.0,6546492.0,-311131.0,-4.752636984815684
2026-03-31,State Street(R) SPDR(R) S&P 500(R) ETF Trust,American International Group Inc,026874784,US0268747849,US0268747849,6233795.0,6574486.0,-340691.0,-5.182017271007954
2026-03-31,State Street(R) SPDR(R) S&P 500(R) ETF Trust,American Tower Corp,03027X100,US03027X1000,US03027X1000,5457401.0,5707563.0,-250162.0,-4.3829914799013165
2026-03-31,State Street(R) SPDR(R) S&P 500(R) ETF Trust,American Water Works Co Inc,030420103,US0304201033,US0304201033,2280466.0,2377554.0,-97088.0,-4.083524496183894
2026-03-31,State Street(R) SPDR(R) S&P 500(R) ETF Trust,Cencora Inc,03073E105,US03073E1055,US03073E1055,2266102.0,2362265.0,-96163.0,-4.070796460176991
2026-03-31,State Street(R) SPDR(R) S&P 500(R) ETF Trust,Ameriprise Financial Inc,03076C106,US03076C1062,US03076C1062,1060725.0,1131918.0,-71193.0,-6.28958988195258
2026-03-31,State Street(R) SPDR(R) S&P 500(R) ETF Trust,AMETEK Inc,031100100,US0311001004,US0311001004,2690760.0,2804794.0,-114034.0,-4.065681829039851
2026-03-31,State Street(R) SPDR(R) S&P 500(R) ETF Trust,Amgen Inc,031162100,US0311621009,US0311621009,6270087.0,6563780.0,-293693.0,-4.474449174103946
2026-03-31,State Street(R) SPDR(R) S&P 500(R) ETF Trust,Amphenol Corp,032095101,US0320951017,US0320951017,14321610.0,14914194.0,-592584.0,-3.9732888012587204
2026-03-31,State Street(R) SPDR(R) S&P 500(R) ETF Trust,Analog Devices Inc,032654105,US0326541051,US0326541051,5688810.0,5994164.0,-305354.0,-5.094188280467468
2026-03-31,State Street(R) SPDR(R) S&P 500(R) ETF Trust,Elevance Health Inc,036752103,US0367521038,US0367521038,2566876.0,2707971.0,-141095.0,-5.210358604283429
2026-03-31,State Street(R) SPDR(R) S&P 500(R) ETF Trust,APA Corp,03743Q108,US03743Q1085,US03743Q1085,4144991.0,4321387.0,-176396.0,-4.081930176584509
2026-03-31,State Street(R) SPDR(R) S&P 500(R) ETF Trust,Apollo Global Management Inc,03769M106,US03769M1062,US03769M1062,5426836.0,5657696.0,-230860.0,-4.080459607585844
2026-03-31,State Street(R) SPDR(R) S&P 500(R) ETF Trust,Apple Inc,037833100,US0378331005,US0378331005,171045103.0,180038934.0,-8993831.0,-4.995492252803496
2026-03-31,State Street(R) SPDR(R) S&P 500(R) ETF Trust,Applied Materials Inc,038222105,US0382221051,US0382221051,9244144.0,9706618.0,-462474.0,-4.764522514432936
2026-03-31,State Street(R) SPDR(R) S&P 500(R) ETF Trust,AppLovin Corp,03831W108,US03831W1080,US03831W1080,3160266.0,3300924.0,-140658.0,-4.261170508621222
2026-03-31,State Street(R) SPDR(R) S&P 500(R) ETF Trust,Archer-Daniels-Midland Co,039483102,US0394831020,US0394831020,5596150.0,5834504.0,-238354.0,-4.085248720371089
2026-03-31,State Street(R) SPDR(R) S&P 500(R) ETF Trust,Ares Management Corp,03990B101,US03990B1017,US03990B1017,2400700.0,2502820.0,-102120.0,-4.080197537178063
2026-03-31,State Street(R) SPDR(R) S&P 500(R) ETF Trust,Arista Networks Inc,040413205,US0404132054,US0404132054,12021478.0,12566993.0,-545515.0,-4.340855445690151
2026-03-31,State Street(R) SPDR(R) S&P 500(R) ETF Trust,Assurant Inc,04621X108,US04621X1081,US04621X1081,590221.0,614900.0,-24679.0,-4.0134981297772
2026-03-31,State Street(R) SPDR(R) S&P 500(R) ETF Trust,Atmos Energy Corp,049560105,US0495601058,US0495601058,1927490.0,1949206.0,-21716.0,-1.114094662134223
2026-03-31,State Street(R) SPDR(R) S&P 500(R) ETF Trust,Autodesk Inc,052769106,US0527691069,US0527691069,2464704.0,2595147.0,-130443.0,-5.026420468667093
2026-03-31,State Street(R) SPDR(R) S&P 500(R) ETF Trust,Automatic Data Processing Inc,053015103,US0530151036,US0530151036,4684979.0,4927933.0,-242954.0,-4.930140081044121
2026-03-31,State Street(R) SPDR(R) S&P 500(R) ETF Trust,AutoZone Inc,053332102,US0533321024,US0533321024,192731.0,202781.0,-10050.0,-4.956085629324247
2026-03-31,State Street(R) SPDR(R) S&P 500(R) ETF Trust,AvalonBay Communities Inc,053484101,US0534841012,US0534841012,1653083.0,1723178.0,-70095.0,-4.06777477428333
2026-03-31,State Street(R) SPDR(R) S&P 500(R) ETF Trust,Avery Dennison Corp,053611109,US0536111091,US0536111091,903432.0,941727.0,-38295.0,-4.066465122057666
2026-03-31,State Street(R) SPDR(R) S&P 500(R) ETF Trust,Axon Enterprise Inc,05464C101,US05464C1018,US05464C1018,917708.0,956854.0,-39146.0,-4.091115258963227
2026-03-31,State Street(R) SPDR(R) S&P 500(R) ETF Trust,Baker Hughes Co,05722G100,US05722G1004,US05722G1004,11521668.0,12011434.0,-489766.0,-4.077498157172574
2026-03-31,State Street(R) SPDR(R) S&P 500(R) ETF Trust,Ball Corp,058498106,US0584981064,US0584981064,3132299.0,3265055.0,-132756.0,-4.065965198136019
2026-03-31,State Street(R) SPDR(R) S&P 500(R) ETF Trust,Bank of America Corp,060505104,US0605051046,US0605051046,77282237.0,81857429.0,-4575192.0,-5.58922025269081
2026-03-31,State Street(R) SPDR(R) S&P 500(R) ETF Trust,Bank of New York Mellon Corp/The,064058100,US0640581007,US0640581007,8007204.0,8496743.0,-489539.0,-5.761490020352505
2026-03-31,State Street(R) SPDR(R) S&P 500(R) ETF Trust,Baxter International Inc,071813109,US0718131099,US0718131099,6026644.0,6282183.0,-255539.0,-4.067678385045453
2026-03-31,State Street(R) SPDR(R) S&P 500(R) ETF Trust,Becton Dickinson & Co,075887109,US0758871091,US0758871091,3309282.0,3487338.0,-178056.0,-5.105785559071132
2026-03-31,State Street(R) SPDR(R) S&P 500(R) ETF Trust,W R Berkley Corp,084423102,US0844231029,US0844231029,3451713.0,3667616.0,-215903.0,-5.8867395059897225
2026-03-31,State Street(R) SPDR(R) S&P 500(R) ETF Trust,Berkshire Hathaway Inc,084670702,US0846707026,US0846707026,21362239.0,22342839.0,-980600.0,-4.388878244165838
2026-03-31,State Street(R) SPDR(R) S&P 500(R) ETF Trust,Best Buy Co Inc,086516101,US0865161014,US0865161014,2283500.0,2380753.0,-97253.0,-4.0849680752266195
2026-03-31,State Street(R) SPDR(R) S&P 500(R) ETF Trust,Biogen Inc,09062X103,US09062X1037,US09062X1037,1716790.0,1789597.0,-72807.0,-4.068346113678108
2026-03-31,State Street(R) SPDR(R) S&P 500(R) ETF Trust,Bio-Techne Corp,09073M104,US09073M1045,US09073M1045,1821062.0,1898503.0,-77441.0,-4.079055971994777
2026-03-31,State Street(R) SPDR(R) S&P 500(R) ETF Trust,Blackstone Inc,09260D107,US09260D1072,US09260D1072,8722889.0,8986956.0,-264067.0,-2.938336406676521
2026-03-31,State Street(R) SPDR(R) S&P 500(R) ETF Trust,Blackrock Inc,09290D101,US09290D1019,US09290D1019,1679808.0,1755892.0,-76084.0,-4.333068320830666
2026-03-31,State Street(R) SPDR(R) S&P 500(R) ETF Trust,Boeing Co/The,097023105,US0970231058,US0970231058,9156666.0,9541015.0,-384349.0,-4.028386916905592
2026-03-31,State Street(R) SPDR(R) S&P 500(R) ETF Trust,Booking Holdings Inc,09857L108,US09857L1089,US09857L1089,375930.0,392829.0,-16899.0,-4.301871806816707
2026-03-31,State Street(R) SPDR(R) S&P 500(R) ETF Trust,BXP Inc,101121101,US1011211018,US1011211018,1715808.0,1788994.0,-73186.0,-4.090902484860207
2026-03-31,State Street(R) SPDR(R) S&P 500(R) ETF Trust,Boston Scientific Corp,101137107,US1011371077,US1011371077,17288235.0,18066353.0,-778118.0,-4.3070009757918495
2026-03-31,State Street(R) SPDR(R) S&P 500(R) ETF Trust,Bristol-Myers Squibb Co,110122108,US1101221083,US1101221083,23744103.0,24811852.0,-1067749.0,-4.3033829155518095
2026-03-31,State Street(R) SPDR(R) S&P 500(R) ETF Trust,Broadridge Financial Solutions Inc,11133T103,US11133T1034,US11133T1034,1367631.0,1425499.0,-57868.0,-4.059490746749033
2026-03-31,State Street(R) SPDR(R) S&P 500(R) ETF Trust,Broadcom Inc,11135F101,US11135F1012,US11135F1012,55240718.0,57538656.0,-2297938.0,-3.993729015846321
2026-03-31,State Street(R) SPDR(R) S&P 500(R) ETF Trust,Brown & Brown Inc,115236101,US1152361010,US1152361010,3420739.0,3566499.0,-145760.0,-4.086921095449627
2026-03-31,State Street(R) SPDR(R) S&P 500(R) ETF Trust,Brown-Forman Corp,115637209,US1156372096,US1156372096,2010475.0,2099084.0,-88609.0,-4.221317488961851
2026-03-31,State Street(R) SPDR(R) S&P 500(R) ETF Trust,Builders FirstSource Inc,12008R107,US12008R1077,US12008R1077,1304050.0,1358827.0,-54777.0,-4.031197496075659
2026-03-31,State Street(R) SPDR(R) S&P 500(R) ETF Trust,Cboe Global Markets Inc,12503M108,US12503M1080,US12503M1080,1217413.0,1281624.0,-64211.0,-5.01012777538498
2026-03-31,State Street(R) SPDR(R) S&P 500(R) ETF Trust,CBRE Group Inc,12504L109,US12504L1098,US12504L1098,3375579.0,3570878.0,-195299.0,-5.469215134205089
2026-03-31,State Street(R) SPDR(R) S&P 500(R) ETF Trust,CDW Corp/DE,12514G108,US12514G1085,US12514G1085,1530018.0,1594694.0,-64676.0,-4.055699714177139
2026-03-31,State Street(R) SPDR(R) S&P 500(R) ETF Trust,CF Industries Holdings Inc,125269100,US1252691001,US1252691001,1823033.0,1900474.0,-77441.0,-4.0748255435223
2026-03-31,State Street(R) SPDR(R) S&P 500(R) ETF Trust,CH Robinson Worldwide Inc,12541W209,US12541W2098,US12541W2098,1385384.0,1444103.0,-58719.0,-4.066122707313814
2026-03-31,State Street(R) SPDR(R) S&P 500(R) ETF Trust,Cigna Group/The,125523100,US1255231003,US1255231003,3064642.0,3253675.0,-189033.0,-5.809830422522225
2026-03-31,State Street(R) SPDR(R) S&P 500(R) ETF Trust,CME Group Inc,12572Q105,US12572Q1058,US12572Q1058,4197180.0,4392610.0,-195430.0,-4.449063313155505
2026-03-31,State Street(R) SPDR(R) S&P 500(R) ETF Trust,CMS Energy Corp,125896100,US1258961002,US1258961002,3570088.0,3669589.0,-99501.0,-2.71150256881629
2026-03-31,State Street(R) SPDR(R) S&P 500(R) ETF Trust,CSX Corp,126408103,US1264081035,US1264081035,21711893.0,22718718.0,-1006825.0,-4.431698126628448
2026-03-31,State Street(R) SPDR(R) S&P 500(R) ETF Trust,CVS Health Corp,126650100,US1266501006,US1266501006,14815931.0,15445984.0,-630053.0,-4.079073240008536
2026-03-31,State Street(R) SPDR(R) S&P 500(R) ETF Trust,Coterra Energy Inc,127097103,US1270971039,US1270971039,8869132.0,9247693.0,-378561.0,-4.093572310412987
2026-03-31,State Street(R) SPDR(R) S&P 500(R) ETF Trust,Cadence Design Systems Inc,127387108,US1273871087,US1273871087,3175498.0,3321686.0,-146188.0,-4.401018037225675
2026-03-31,State Street(R) SPDR(R) S&P 500(R) ETF Trust,Camden Property Trust,133131102,US1331311027,US1331311027,1204731.0,1311871.0,-107140.0,-8.16696153813904
2026-03-31,State Street(R) SPDR(R) S&P 500(R) ETF Trust,Campbell's Company/The,134429109,US1344291091,US1344291091,2313955.0,2411546.0,-97591.0,-4.0468230753218055
2026-03-31,State Street(R) SPDR(R) S&P 500(R) ETF Trust,Capital One Financial Corp,14040H105,US14040H1059,US14040H1059,7275795.0,7746045.0,-470250.0,-6.0708400222306995
2026-03-31,State Street(R) SPDR(R) S&P 500(R) ETF Trust,Cardinal Health Inc,14149Y108,US14149Y1082,US14149Y1082,2735507.0,2895083.0,-159576.0,-5.511966323590722
2026-03-31,State Street(R) SPDR(R) S&P 500(R) ETF Trust,Carrier Global Corp,14448C104,US14448C1045,US14448C1045,9132078.0,9646044.0,-513966.0,-5.328256848092337
2026-03-31,State Street(R) SPDR(R) S&P 500(R) ETF Trust,Carvana Co,146869102,US1468691027,US1468691027,1653101.0,1723196.0,-70095.0,-4.0677322835011225
2026-03-31,State Street(R) SPDR(R) S&P 500(R) ETF Trust,Caterpillar Inc,149123101,US1491231015,US1491231015,5419258.0,5701979.0,-282721.0,-4.95829605826328
2026-03-31,State Street(R) SPDR(R) S&P 500(R) ETF Trust,Centene Corp,15135B101,US15135B1017,US15135B1017,5438669.0,5670141.0,-231472.0,-4.082297071624851
2026-03-31,State Street(R) SPDR(R) S&P 500(R) ETF Trust,CenterPoint Energy Inc,15189T107,US15189T1079,US15189T1079,7592723.0,8001775.0,-409052.0,-5.112015771500698
2026-03-31,State Street(R) SPDR(R) S&P 500(R) ETF Trust,Charles River Laboratories International Inc,159864107,US1598641074,US1598641074,579283.0,603962.0,-24679.0,-4.086184230133684
2026-03-31,State Street(R) SPDR(R) S&P 500(R) ETF Trust,Charter Communications Inc,16119P108,US16119P1084,US16119P1084,997106.0,1072066.0,-74960.0,-6.992106829243721
2026-03-31,State Street(R) SPDR(R) S&P 500(R) ETF Trust,Expand Energy Corp,165167735,US1651677353,US1651677353,2779705.0,2898068.0,-118363.0,-4.084203683281413
2026-03-31,State Street(R) SPDR(R) S&P 500(R) ETF Trust,Chevron Corp,166764100,US1667641005,US1667641005,21833565.0,23061257.0,-1227692.0,-5.323612672110632
2026-03-31,State Street(R) SPDR(R) S&P 500(R) ETF Trust,Chipotle Mexican Grill Inc,169656105,US1696561059,US1696561059,15135030.0,16110819.0,-975789.0,-6.056731194112478
2026-03-31,State Street(R) SPDR(R) S&P 500(R) ETF Trust,Church & Dwight Co Inc,171340102,US1713401024,US1713401024,2744033.0,2925751.0,-181718.0,-6.2109865125227675
2026-03-31,State Street(R) SPDR(R) S&P 500(R) ETF Trust,Cincinnati Financial Corp,172062101,US1720621010,US1720621010,1823580.0,1901021.0,-77441.0,-4.073653052754283
2026-03-31,State Street(R) SPDR(R) S&P 500(R) ETF Trust,Cisco Systems Inc,17275R102,US17275R1023,US17275R1023,46050839.0,48014876.0,-1964037.0,-4.090476043299581
2026-03-31,State Street(R) SPDR(R) S&P 500(R) ETF Trust,Cintas Corp,172908105,US1729081059,US1729081059,3953124.0,4161912.0,-208788.0,-5.016636584339121
2026-03-31,State Street(R) SPDR(R) S&P 500(R) ETF Trust,Citigroup Inc,172967424,US1729674242,US1729674242,20348193.0,21801380.0,-1453187.0,-6.66557346369817
2026-03-31,State Street(R) SPDR(R) S&P 500(R) ETF Trust,Citizens Financial Group Inc,174610105,US1746101054,US1746101054,4928605.0,5231385.0,-302780.0,-5.787759837977897
2026-03-31,State Street(R) SPDR(R) S&P 500(R) ETF Trust,Clorox Co/The,189054109,US1890541097,US1890541097,1412175.0,1502735.0,-90560.0,-6.026345297074999
2026-03-31,State Street(R) SPDR(R) S&P 500(R) ETF Trust,Coca-Cola Co/The,191216100,US1912161007,US1912161007,45089090.0,47170585.0,-2081495.0,-4.41269702294343
2026-03-31,State Street(R) SPDR(R) S&P 500(R) ETF Trust,Cognizant Technology Solutions Corp,192446102,US1924461023,US1924461023,5550885.0,5880846.0,-329961.0,-5.6107743681776405
2026-03-31,State Street(R) SPDR(R) S&P 500(R) ETF Trust,Coinbase Global Inc,19260Q107,US19260Q1076,US19260Q1076,2592302.0,2779962.0,-187660.0,-6.750451984595474
2026-03-31,State Street(R) SPDR(R) S&P 500(R) ETF Trust,Colgate-Palmolive Co,194162103,US1941621039,US1941621039,9421038.0,9821247.0,-400209.0,-4.07493060708075
2026-03-31,State Street(R) SPDR(R) S&P 500(R) ETF Trust,Comfort Systems USA Inc,199908104,US1999081045,US1999081045,410904.0,429014.0,-18110.0,-4.22130746315971
2026-03-31,State Street(R) SPDR(R) S&P 500(R) ETF Trust,Comcast Corp,20030N101,US20030N1019,US20030N1019,41763590.0,44283057.0,-2519467.0,-5.689460418236257
2026-03-31,State Street(R) SPDR(R) S&P 500(R) ETF Trust,Conagra Brands Inc,205887102,US2058871029,US2058871029,5623163.0,5860831.0,-237668.0,-4.055192855757144
2026-03-31,State Street(R) SPDR(R) S&P 500(R) ETF Trust,ConocoPhillips,20825C104,US20825C1045,US20825C1045,14264174.0,15056373.0,-792199.0,-5.261552699312111
2026-03-31,State Street(R) SPDR(R) S&P 500(R) ETF Trust,Consolidated Edison Inc,209115104,US2091151041,US2091151041,4213844.0,4392995.0,-179151.0,-4.0781061667495635
2026-03-31,State Street(R) SPDR(R) S&P 500(R) ETF Trust,Constellation Brands Inc,21036P108,US21036P1084,US21036P1084,1647770.0,1717552.0,-69782.0,-4.062875534481634
2026-03-31,State Street(R) SPDR(R) S&P 500(R) ETF Trust,Constellation Energy Corp,21037T109,US21037T1097,US21037T1097,3626574.0,3808015.0,-181441.0,-4.764713374290805
2026-03-31,State Street(R) SPDR(R) S&P 500(R) ETF Trust,Cooper Cos Inc/The,216648501,US2166485019,US2166485019,2264919.0,2438313.0,-173394.0,-7.111228131909233
2026-03-31,State Street(R) SPDR(R) S&P 500(R) ETF Trust,Copart Inc,217204106,US2172041061,US2172041061,10370410.0,10812318.0,-441908.0,-4.087079199853353
2026-03-31,State Street(R) SPDR(R) S&P 500(R) ETF Trust,Corning Inc,219350105,US2193501051,US2193501051,9112137.0,9499581.0,-387444.0,-4.078537779718916
2026-03-31,State Street(R) SPDR(R) S&P 500(R) ETF Trust,Corpay Inc,219948106,US2199481068,US2199481068,817570.0,852461.0,-34891.0,-4.092973168273974
2026-03-31,State Street(R) SPDR(R) S&P 500(R) ETF Trust,Corteva Inc,22052L104,US22052L1044,US22052L1044,7818839.0,8233250.0,-414411.0,-5.033382928977014
2026-03-31,State Street(R) SPDR(R) S&P 500(R) ETF Trust,Costco Wholesale Corp,22160K105,US22160K1051,US22160K1051,5174489.0,5400000.0,-225511.0,-4.17612962962963
2026-03-31,State Street(R) SPDR(R) S&P 500(R) ETF Trust,CoStar Group Inc,22160N109,US22160N1090,US22160N1090,4961279.0,5171550.0,-210271.0,-4.065918341696396
2026-03-31,State Street(R) SPDR(R) S&P 500(R) ETF Trust,Crowdstrike Holdings Inc,22788C105,US22788C1053,US22788C1053,2940328.0,3057535.0,-117207.0,-3.8333821199103197
2026-03-31,State Street(R) SPDR(R) S&P 500(R) ETF Trust,Crown Castle Inc,22822V101,US22822V1017,US22822V1017,5077316.0,5293709.0,-216393.0,-4.08773886135411
2026-03-31,State Street(R) SPDR(R) S&P 500(R) ETF Trust,Cummins Inc,231021106,US2310211063,US2310211063,1608810.0,1677331.0,-68521.0,-4.0851209451205515
2026-03-31,State Street(R) SPDR(R) S&P 500(R) ETF Trust,DR Horton Inc,23331A109,US23331A1097,US23331A1097,3129704.0,3336881.0,-207177.0,-6.208702078377983
2026-03-31,State Street(R) SPDR(R) S&P 500(R) ETF Trust,DTE Energy Co,233331107,US2333311072,US2333311072,2415359.0,2542430.0,-127071.0,-4.998013711291953
2026-03-31,State Street(R) SPDR(R) S&P 500(R) ETF Trust,Danaher Corp,235851102,US2358511028,US2358511028,7333259.0,7659757.0,-326498.0,-4.262511199767825
2026-03-31,State Street(R) SPDR(R) S&P 500(R) ETF Trust,Darden Restaurants Inc,237194105,US2371941053,US2371941053,1335140.0,1417247.0,-82107.0,-5.793414979887062
2026-03-31,State Street(R) SPDR(R) S&P 500(R) ETF Trust,Datadog Inc,23804L103,US23804L1035,US23804L1035,3834743.0,3965394.0,-130651.0,-3.294779787330086
2026-03-31,State Street(R) SPDR(R) S&P 500(R) ETF Trust,DaVita Inc,23918K108,US23918K1088,US23918K1088,380297.0,431146.0,-50849.0,-11.7939166778771
2026-03-31,State Street(R) SPDR(R) S&P 500(R) ETF Trust,Deckers Outdoor Corp,243537107,US2435371073,US2435371073,1641569.0,1775782.0,-134213.0,-7.5579660115937655
2026-03-31,State Street(R) SPDR(R) S&P 500(R) ETF Trust,Deere & Co,244199105,US2441991054,US2441991054,2939587.0,3063351.0,-123764.0,-4.040150802177092
2026-03-31,State Street(R) SPDR(R) S&P 500(R) ETF Trust,Dell Technologies Inc,24703L202,US24703L2025,US24703L2025,3454256.0,3672349.0,-218093.0,-5.938787408277372
2026-03-31,State Street(R) SPDR(R) S&P 500(R) ETF Trust,Delta Air Lines Inc,247361702,US2473617023,US2473617023,7579001.0,7900679.0,-321678.0,-4.07152347285594
2026-03-31,State Street(R) SPDR(R) S&P 500(R) ETF Trust,Devon Energy Corp,25179M103,US25179M1036,US25179M1036,7200096.0,7643173.0,-443077.0,-5.797029584440913
2026-03-31,State Street(R) SPDR(R) S&P 500(R) ETF Trust,Dexcom Inc,252131107,US2521311074,US2521311074,4464756.0,4758363.0,-293607.0,-6.17033631103806
2026-03-31,State Street(R) SPDR(R) S&P 500(R) ETF Trust,Diamondback Energy Inc,25278X109,US25278X1090,US25278X1090,2261787.0,2269360.0,-7573.0,-0.33370641943102897
2026-03-31,State Street(R) SPDR(R) S&P 500(R) ETF Trust,Digital Realty Trust Inc,253868103,US2538681030,US2538681030,3774028.0,3934016.0,-159988.0,-4.066785696855326
2026-03-31,State Street(R) SPDR(R) S&P 500(R) ETF Trust,Walt Disney Co/The,254687106,US2546871060,US2546871060,20626842.0,21752213.0,-1125371.0,-5.173593141994334
2026-03-31,State Street(R) SPDR(R) S&P 500(R) ETF Trust,Dollar General Corp,256677105,US2566771059,US2566771059,2560211.0,2690739.0,-130528.0,-4.8510093323804355
2026-03-31,State Street(R) SPDR(R) S&P 500(R) ETF Trust,Dollar Tree Inc,256746108,US2567461080,US2567461080,2142414.0,2311392.0,-168978.0,-7.310659550608464
2026-03-31,State Street(R) SPDR(R) S&P 500(R) ETF Trust,Dominion Energy Inc,25746U109,US25746U1097,US25746U1097,9953910.0,10436147.0,-482237.0,-4.620833723403858
2026-03-31,State Street(R) SPDR(R) S&P 500(R) ETF Trust,Domino's Pizza Inc,25754A201,US25754A2015,US25754A2015,363863.0,379181.0,-15318.0,-4.039759376129078
2026-03-31,State Street(R) SPDR(R) S&P 500(R) ETF Trust,DoorDash Inc,25809K105,US25809K1051,US25809K1051,4369051.0,4554808.0,-185757.0,-4.078261915760225
2026-03-31,State Street(R) SPDR(R) S&P 500(R) ETF Trust,Dover Corp,260003108,US2600031080,US2600031080,1565050.0,1664508.0,-99458.0,-5.97521910378322
2026-03-31,State Street(R) SPDR(R) S&P 500(R) ETF Trust,Dow Inc,260557103,US2605571031,US2605571031,8338467.0,8690505.0,-352038.0,-4.0508347903832975
2026-03-31,State Street(R) SPDR(R) S&P 500(R) ETF Trust,Duke Energy Corp,26441C204,US26441C2044,US26441C2044,9067669.0,9479352.0,-411683.0,-4.342944538825017
2026-03-31,State Street(R) SPDR(R) S&P 500(R) ETF Trust,DuPont de Nemours Inc,26614N102,US26614N1028,US26614N1028,4737638.0,5123016.0,-385378.0,-7.522482849946203
2026-03-31,State Street(R) SPDR(R) S&P 500(R) ETF Trust,EOG Resources Inc,26875P101,US26875P1012,US26875P1012,6342161.0,6611390.0,-269229.0,-4.072199643342777
2026-03-31,State Street(R) SPDR(R) S&P 500(R) ETF Trust,EQT Corp,26884L109,US26884L1098,US26884L1098,7288091.0,7598094.0,-310003.0,-4.080010065682262
2026-03-31,State Street(R) SPDR(R) S&P 500(R) ETF Trust,eBay Inc,278642103,US2786421030,US2786421030,5283202.0,5507447.0,-224245.0,-4.071668778655519
2026-03-31,State Street(R) SPDR(R) S&P 500(R) ETF Trust,Ecolab Inc,278865100,US2788651006,US2788651006,2971798.0,3110996.0,-139198.0,-4.474386980889721
2026-03-31,State Street(R) SPDR(R) S&P 500(R) ETF Trust,Edison International,281020107,US2810201077,US2810201077,4504223.0,4694847.0,-190624.0,-4.060281410661519
2026-03-31,State Street(R) SPDR(R) S&P 500(R) ETF Trust,Edwards Lifesciences Corp,28176E108,US28176E1082,US28176E1082,6782570.0,7070595.0,-288025.0,-4.073560994513191
2026-03-31,State Street(R) SPDR(R) S&P 500(R) ETF Trust,Electronic Arts Inc,285512109,US2855121099,US2855121099,2630652.0,2742333.0,-111681.0,-4.072481350733117
2026-03-31,State Street(R) SPDR(R) S&P 500(R) ETF Trust,EMCOR Group Inc,29084Q100,US29084Q1004,US29084Q1004,522702.0,544828.0,-22126.0,-4.061098181444419
2026-03-31,State Street(R) SPDR(R) S&P 500(R) ETF Trust,Emerson Electric Co,291011104,US2910111044,US2910111044,6555069.0,6859645.0,-304576.0,-4.440113154543711
2026-03-31,State Street(R) SPDR(R) S&P 500(R) ETF Trust,Entergy Corp,29364G103,US29364G1031,US29364G1031,5270218.0,5438274.0,-168056.0,-3.0902451770543373
2026-03-31,State Street(R) SPDR(R) S&P 500(R) ETF Trust,EPAM Systems Inc,29414B104,US29414B1044,US29414B1044,644652.0,671884.0,-27232.0,-4.053080591292544
2026-03-31,State Street(R) SPDR(R) S&P 500(R) ETF Trust,Equifax Inc,294429105,US2944291051,US2944291051,1395588.0,1491128.0,-95540.0,-6.407229962820093
2026-03-31,State Street(R) SPDR(R) S&P 500(R) ETF Trust,Equinix Inc,29444U700,US29444U7000,US29444U7000,1144221.0,1192728.0,-48507.0,-4.066895386039398
2026-03-31,State Street(R) SPDR(R) S&P 500(R) ETF Trust,Equity Residential,29476L107,US29476L1070,US29476L1070,3983732.0,4228412.0,-244680.0,-5.786569520661657
2026-03-31,State Street(R) SPDR(R) S&P 500(R) ETF Trust,Erie Indemnity Co,29530P102,US29530P1021,US29530P1021,294545.0,307310.0,-12765.0,-4.15378607920341
2026-03-31,State Street(R) SPDR(R) S&P 500(R) ETF Trust,Essex Property Trust Inc,297178105,US2971781057,US2971781057,746166.0,790543.0,-44377.0,-5.613483390530306
2026-03-31,State Street(R) SPDR(R) S&P 500(R) ETF Trust,Evergy Inc,30034W106,US30034W1062,US30034W1062,2698386.0,2812420.0,-114034.0,-4.054657554703779
2026-03-31,State Street(R) SPDR(R) S&P 500(R) ETF Trust,Eversource Energy,30040W108,US30040W1080,US30040W1080,4360444.0,4547052.0,-186608.0,-4.1039337135357155
2026-03-31,State Street(R) SPDR(R) S&P 500(R) ETF Trust,Exelon Corp,30161N101,US30161N1019,US30161N1019,11917796.0,12304101.0,-386305.0,-3.139644253570415
2026-03-31,State Street(R) SPDR(R) S&P 500(R) ETF Trust,Expedia Group Inc,30212P303,US30212P3038,US30212P3038,1367720.0,1425588.0,-57868.0,-4.059237311200711
2026-03-31,State Street(R) SPDR(R) S&P 500(R) ETF Trust,Expeditors International of Washington Inc,302130109,US3021301094,US3021301094,1566514.0,1632892.0,-66378.0,-4.065057578823339
2026-03-31,State Street(R) SPDR(R) S&P 500(R) ETF Trust,Extra Space Storage Inc,30225T102,US30225T1025,US30225T1025,2480378.0,2586141.0,-105763.0,-4.08960686984971
2026-03-31,State Street(R) SPDR(R) S&P 500(R) ETF Trust,Exxon Mobil Corp,30231G102,US30231G1022,US30231G1022,48681445.0,51383087.0,-2701642.0,-5.257842916288778
2026-03-31,State Street(R) SPDR(R) S&P 500(R) ETF Trust,Meta Platforms Inc,30303M102,US30303M1027,US30303M1027,25482847.0,26536021.0,-1053174.0,-3.968846723478249
2026-03-31,State Street(R) SPDR(R) S&P 500(R) ETF Trust,FactSet Research Systems Inc,303075105,US3030751057,US3030751057,437710.0,456432.0,-18722.0,-4.1018158236057065
2026-03-31,State Street(R) SPDR(R) S&P 500(R) ETF Trust,Fair Isaac Corp,303250104,US3032501047,US3032501047,277037.0,288951.0,-11914.0,-4.12319043713294
2026-03-31,State Street(R) SPDR(R) S&P 500(R) ETF Trust,Fastenal Co,311900104,US3119001044,US3119001044,13414016.0,13984015.0,-569999.0,-4.076075433271488
2026-03-31,State Street(R) SPDR(R) S&P 500(R) ETF Trust,Federal Realty Investment Trust,313745101,US3137451015,US3137451015,915666.0,954812.0,-39146.0,-4.099864685404038
2026-03-31,State Street(R) SPDR(R) S&P 500(R) ETF Trust,FedEx Corp,31428X106,US31428X1063,US31428X1063,2516613.0,2644513.0,-127900.0,-4.83642924046885
2026-03-31,State Street(R) SPDR(R) S&P 500(R) ETF Trust,F5 Inc,315616102,US3156161024,US3156161024,654028.0,707641.0,-53613.0,-7.576299281697923
2026-03-31,State Street(R) SPDR(R) S&P 500(R) ETF Trust,Fidelity National Information Services Inc,31620M106,US31620M1062,US31620M1062,6052357.0,6309598.0,-257241.0,-4.076979230689499
2026-03-31,State Street(R) SPDR(R) S&P 500(R) ETF Trust,Fifth Third Bancorp,316773100,US3167731005,US3167731005,10497961.0,8058518.0,2439443.0,30.27160825352751
2026-03-31,State Street(R) SPDR(R) S&P 500(R) ETF Trust,First Solar Inc,336433107,US3364331070,US3364331070,1246874.0,1314726.0,-67852.0,-5.160923264619396
2026-03-31,State Street(R) SPDR(R) S&P 500(R) ETF Trust,Fiserv Inc,337738108,US3377381088,US3377381088,6286531.0,6553393.0,-266862.0,-4.07211958751749
2026-03-31,State Street(R) SPDR(R) S&P 500(R) ETF Trust,FirstEnergy Corp,337932107,US3379321074,US3379321074,6044615.0,6369707.0,-325092.0,-5.103719841430697
2026-03-31,State Street(R) SPDR(R) S&P 500(R) ETF Trust,Ford Motor Co,345370860,US3453708600,US3453708600,45681471.0,47623740.0,-1942269.0,-4.078363018108195
2026-03-31,State Street(R) SPDR(R) S&P 500(R) ETF Trust,Fortinet Inc,34959E109,US34959E1091,US34959E1091,7388151.0,7701751.0,-313600.0,-4.071801334527693
2026-03-31,State Street(R) SPDR(R) S&P 500(R) ETF Trust,Fortive Corp,34959J108,US34959J1088,US34959J1088,3627965.0,3869717.0,-241752.0,-6.247278547759436
2026-03-31,State Street(R) SPDR(R) S&P 500(R) ETF Trust,Fox Corp,35137L105,US35137L1052,US35137L1052,2315735.0,2549903.0,-234168.0,-9.183408153172886
2026-03-31,State Street(R) SPDR(R) S&P 500(R) ETF Trust,Fox Corp,35137L204,US35137L2043,US35137L2043,1624243.0,1786757.0,-162514.0,-9.095472971422527
2026-03-31,State Street(R) SPDR(R) S&P 500(R) ETF Trust,Franklin Resources Inc,354613101,US3546131018,US3546131018,3643758.0,3796087.0,-152329.0,-4.012790012452296
2026-03-31,State Street(R) SPDR(R) S&P 500(R) ETF Trust,Freeport-McMoRan Inc,35671D857,US35671D8570,US35671D8570,16784611.0,17497450.0,-712839.0,-4.07395934836219
2026-03-31,State Street(R) SPDR(R) S&P 500(R) ETF Trust,GE HealthCare Technologies Inc,36266G107,US36266G1076,US36266G1076,5333898.0,5559912.0,-226014.0,-4.065064339147814
2026-03-31,State Street(R) SPDR(R) S&P 500(R) ETF Trust,Arthur J Gallagher & Co,363576109,US3635761097,US3635761097,2997166.0,3125055.0,-127889.0,-4.092375974182855
2026-03-31,State Street(R) SPDR(R) S&P 500(R) ETF Trust,Gartner Inc,366651107,US3666511072,US3666511072,812647.0,878188.0,-65541.0,-7.463208333523117
2026-03-31,State Street(R) SPDR(R) S&P 500(R) ETF Trust,GE Vernova Inc,36828A101,US36828A1016,US36828A1016,3138862.0,3305719.0,-166857.0,-5.047525213123075
2026-03-31,State Street(R) SPDR(R) S&P 500(R) ETF Trust,Generac Holdings Inc,368736104,US3687361044,US3687361044,677013.0,705947.0,-28934.0,-4.098607969153491
2026-03-31,State Street(R) SPDR(R) S&P 500(R) ETF Trust,General Dynamics Corp,369550108,US3695501086,US3695501086,2963204.0,3089152.0,-125948.0,-4.077105950111876
2026-03-31,State Street(R) SPDR(R) S&P 500(R) ETF Trust,General Electric Co,369604301,US3696043013,US3696043013,12215280.0,12852000.0,-636720.0,-4.954248366013072
2026-03-31,State Street(R) SPDR(R) S&P 500(R) ETF Trust,General Mills Inc,370334104,US3703341046,US3703341046,6242987.0,6507887.0,-264900.0,-4.070445599316645
2026-03-31,State Street(R) SPDR(R) S&P 500(R) ETF Trust,General Motors Co,37045V100,US37045V1008,US37045V1008,10514554.0,11366200.0,-851646.0,-7.49279442557759
2026-03-31,State Street(R) SPDR(R) S&P 500(R) ETF Trust,Genuine Parts Co,372460105,US3724601055,US3724601055,1615152.0,1706483.0,-91331.0,-5.352001748625682
2026-03-31,State Street(R) SPDR(R) S&P 500(R) ETF Trust,Gilead Sciences Inc,375558103,US3755581036,US3755581036,14446028.0,15128355.0,-682327.0,-4.510252436566963
2026-03-31,State Street(R) SPDR(R) S&P 500(R) ETF Trust,Global Payments Inc,37940X102,US37940X1028,US37940X1028,2767037.0,2884475.0,-117438.0,-4.0713821405975095
2026-03-31,State Street(R) SPDR(R) S&P 500(R) ETF Trust,Globe Life Inc,37959E102,US37959E1029,US37959E1029,920163.0,982709.0,-62546.0,-6.364651183615902
2026-03-31,State Street(R) SPDR(R) S&P 500(R) ETF Trust,GoDaddy Inc,380237107,US3802371076,US3802371076,1579429.0,1646658.0,-67229.0,-4.082754281702697
2026-03-31,State Street(R) SPDR(R) S&P 500(R) ETF Trust,Goldman Sachs Group Inc/The,38141G104,US38141G1040,US38141G1040,3492770.0,3654414.0,-161644.0,-4.423253632456531
2026-03-31,State Street(R) SPDR(R) S&P 500(R) ETF Trust,WW Grainger Inc,384802104,US3848021040,US3848021040,511436.0,533210.0,-21774.0,-4.083569325406501
2026-03-31,State Street(R) SPDR(R) S&P 500(R) ETF Trust,HCA Healthcare Inc,40412C101,US40412C1018,US40412C1018,1821181.0,1946202.0,-125021.0,-6.423845006838961
2026-03-31,State Street(R) SPDR(R) S&P 500(R) ETF Trust,HP Inc,40434L105,US40434L1052,US40434L1052,10625015.0,11431539.0,-806524.0,-7.055253015363898
2026-03-31,State Street(R) SPDR(R) S&P 500(R) ETF Trust,Halliburton Co,406216101,US4062161017,US4062161017,9836411.0,10254590.0,-418179.0,-4.077968987546065
2026-03-31,State Street(R) SPDR(R) S&P 500(R) ETF Trust,Hartford Insurance Group Inc/The,416515104,US4165151048,US4165151048,3257074.0,3395377.0,-138303.0,-4.073273748393772
2026-03-31,State Street(R) SPDR(R) S&P 500(R) ETF Trust,Hasbro Inc,418056107,US4180561072,US4180561072,1547965.0,1614343.0,-66378.0,-4.111765591327246
2026-03-31,State Street(R) SPDR(R) S&P 500(R) ETF Trust,Healthpeak Properties Inc,42250P103,US42250P1030,US42250P1030,8037072.0,8585966.0,-548894.0,-6.392920726683521
2026-03-31,State Street(R) SPDR(R) S&P 500(R) ETF Trust,Jack Henry & Associates Inc,426281101,US4262811015,US4262811015,845978.0,881720.0,-35742.0,-4.053667831057479
2026-03-31,State Street(R) SPDR(R) S&P 500(R) ETF Trust,Hershey Co/The,427866108,US4278661081,US4278661081,1724406.0,1813392.0,-88986.0,-4.907157415495381
2026-03-31,State Street(R) SPDR(R) S&P 500(R) ETF Trust,Hewlett Packard Enterprise Co,42824C109,US42824C1099,US42824C1099,15422773.0,16076677.0,-653904.0,-4.0674077111831
2026-03-31,State Street(R) SPDR(R) S&P 500(R) ETF Trust,Hilton Worldwide Holdings Inc,43300A203,US43300A2033,US43300A2033,2667043.0,2832225.0,-165182.0,-5.832234374034549
2026-03-31,State Street(R) SPDR(R) S&P 500(R) ETF Trust,Hologic Inc,436440101,US4364401012,US4364401012,2582496.0,2693365.0,-110869.0,-4.116374869354877
2026-03-31,State Street(R) SPDR(R) S&P 500(R) ETF Trust,Home Depot Inc/The,437076102,US4370761029,US4370761029,11594742.0,12122162.0,-527420.0,-4.350874043755561
2026-03-31,State Street(R) SPDR(R) S&P 500(R) ETF Trust,Honeywell International Inc,438516106,US4385161066,US4385161066,7391324.0,7741233.0,-349909.0,-4.520068056341929
2026-03-31,State Street(R) SPDR(R) S&P 500(R) ETF Trust,Hormel Foods Corp,440452100,US4404521001,US4404521001,3431808.0,3576478.0,-144670.0,-4.045040959290117
2026-03-31,State Street(R) SPDR(R) S&P 500(R) ETF Trust,Host Hotels & Resorts Inc,44107P104,US44107P1049,US44107P1049,7443820.0,7761482.0,-317662.0,-4.092800833655222
2026-03-31,State Street(R) SPDR(R) S&P 500(R) ETF Trust,Howmet Aerospace Inc,443201108,US4432011082,US4432011082,4665751.0,4899037.0,-233286.0,-4.761874629646602
2026-03-31,State Street(R) SPDR(R) S&P 500(R) ETF Trust,Hubbell Inc,443510607,US4435106079,US4435106079,618119.0,651620.0,-33501.0,-5.141186581136245
2026-03-31,State Street(R) SPDR(R) S&P 500(R) ETF Trust,Humana Inc,444859102,US4448591028,US4448591028,1404701.0,1464271.0,-59570.0,-4.068236002761784
2026-03-31,State Street(R) SPDR(R) S&P 500(R) ETF Trust,JB Hunt Transport Services Inc,445658107,US4456581077,US4456581077,878845.0,916528.0,-37683.0,-4.111494684286787
2026-03-31,State Street(R) SPDR(R) S&P 500(R) ETF Trust,Huntington Bancshares Inc/OH,446150104,US4461501045,US4461501045,23734789.0,19175889.0,4558900.0,23.774125934917542
2026-03-31,State Street(R) SPDR(R) S&P 500(R) ETF Trust,Huntington Ingalls Industries Inc,446413106,US4464131063,US4464131063,455152.0,482605.0,-27453.0,-5.688503020068172
2026-03-31,State Street(R) SPDR(R) S&P 500(R) ETF Trust,IDEX Corp,45167R104,US45167R1041,US45167R1041,874662.0,912106.0,-37444.0,-4.1052246120516696
2026-03-31,State Street(R) SPDR(R) S&P 500(R) ETF Trust,IDEXX Laboratories Inc,45168D104,US45168D1046,US45168D1046,929957.0,975113.0,-45156.0,-4.630847911985585
2026-03-31,State Street(R) SPDR(R) S&P 500(R) ETF Trust,Illinois Tool Works Inc,452308109,US4523081093,US4523081093,3050745.0,3216518.0,-165773.0,-5.153802963328668
2026-03-31,State Street(R) SPDR(R) S&P 500(R) ETF Trust,Incyte Corp,45337C102,US45337C1027,US45337C1027,1934622.0,2016079.0,-81457.0,-4.04036746575903
2026-03-31,State Street(R) SPDR(R) S&P 500(R) ETF Trust,Ingersoll Rand Inc,45687V106,US45687V1061,US45687V1061,4131025.0,4402868.0,-271843.0,-6.174225527542502
2026-03-31,State Street(R) SPDR(R) S&P 500(R) ETF Trust,Insulet Corp,45784P101,US45784P1012,US45784P1012,819099.0,853990.0,-34891.0,-4.08564503097226
2026-03-31,State Street(R) SPDR(R) S&P 500(R) ETF Trust,Intel Corp,458140100,US4581401001,US4581401001,54705001.0,54631811.0,73190.0,0.1339695658267671
2026-03-31,State Street(R) SPDR(R) S&P 500(R) ETF Trust,Interactive Brokers Group Inc,45841N107,US45841N1072,US45841N1072,5199161.0,5420676.0,-221515.0,-4.0864829405041
2026-03-31,State Street(R) SPDR(R) S&P 500(R) ETF Trust,Intercontinental Exchange Inc,45866F104,US45866F1049,US45866F1049,6608305.0,6947356.0,-339051.0,-4.880288270818424
2026-03-31,State Street(R) SPDR(R) S&P 500(R) ETF Trust,International Business Machines Corp,459200101,US4592001014,US4592001014,10885522.0,11388956.0,-503434.0,-4.420370049721853
2026-03-31,State Street(R) SPDR(R) S&P 500(R) ETF Trust,International Flavors & Fragrances Inc,459506101,US4595061015,US4595061015,2971682.0,3139781.0,-168099.0,-5.3538447426747275
2026-03-31,State Street(R) SPDR(R) S&P 500(R) ETF Trust,International Paper Co,460146103,US4601461035,US4601461035,6134788.0,6397135.0,-262347.0,-4.101007716735695
2026-03-31,State Street(R) SPDR(R) S&P 500(R) ETF Trust,Intuit Inc,461202103,US4612021034,US4612021034,3239339.0,3397180.0,-157841.0,-4.646235995737641
2026-03-31,State Street(R) SPDR(R) S&P 500(R) ETF Trust,Intuitive Surgical Inc,46120E602,US46120E6023,US46120E6023,4135777.0,4319374.0,-183597.0,-4.250546491227665
2026-03-31,State Street(R) SPDR(R) S&P 500(R) ETF Trust,Invitation Homes Inc,46187W107,US46187W1071,US46187W1071,6576031.0,6856249.0,-280218.0,-4.087045263379436
2026-03-31,State Street(R) SPDR(R) S&P 500(R) ETF Trust,IQVIA Holdings Inc,46266C105,US46266C1053,US46266C1053,1985544.0,2069793.0,-84249.0,-4.07040704070407
2026-03-31,State Street(R) SPDR(R) S&P 500(R) ETF Trust,Iron Mountain Inc,46284V101,US46284V1017,US46284V1017,3438226.0,3584598.0,-146372.0,-4.083358859208201
2026-03-31,State Street(R) SPDR(R) S&P 500(R) ETF Trust,JPMorgan Chase & Co,46625H100,US46625H1005,US46625H1005,31408944.0,33168765.0,-1759821.0,-5.305657295350008
2026-03-31,State Street(R) SPDR(R) S&P 500(R) ETF Trust,Jabil Inc,466313103,US4663131039,US4663131039,1225243.0,1301344.0,-76101.0,-5.847877271497775
2026-03-31,State Street(R) SPDR(R) S&P 500(R) ETF Trust,Jacobs Solutions Inc,46982L108,US46982L1089,US46982L1089,1387074.0,1447122.0,-60048.0,-4.149477376475515
2026-03-31,State Street(R) SPDR(R) S&P 500(R) ETF Trust,Johnson & Johnson,478160104,US4781601046,US4781601046,28072299.0,29346023.0,-1273724.0,-4.340363258081002
2026-03-31,State Street(R) SPDR(R) S&P 500(R) ETF Trust,KLA Corp,482480100,US4824801009,US4824801009,1526261.0,1601067.0,-74806.0,-4.672259187154566
2026-03-31,State Street(R) SPDR(R) S&P 500(R) ETF Trust,KKR & Co Inc,48251W104,US48251W1045,US48251W1045,8022642.0,8363281.0,-340639.0,-4.073030668226979
2026-03-31,State Street(R) SPDR(R) S&P 500(R) ETF Trust,Kenvue Inc,49177J102,US49177J1025,US49177J1025,22364324.0,23315303.0,-950979.0,-4.078776072521983
2026-03-31,State Street(R) SPDR(R) S&P 500(R) ETF Trust,Keurig Dr Pepper Inc,49271V100,US49271V1008,US49271V1008,15836037.0,16510820.0,-674783.0,-4.08691391463295
2026-03-31,State Street(R) SPDR(R) S&P 500(R) ETF Trust,KeyCorp,493267108,US4932671088,US4932671088,10872980.0,11332914.0,-459934.0,-4.058391336950056
2026-03-31,State Street(R) SPDR(R) S&P 500(R) ETF Trust,Keysight Technologies Inc,49338L103,US49338L1035,US49338L1035,1993933.0,2095033.0,-101100.0,-4.82569964291732
2026-03-31,State Street(R) SPDR(R) S&P 500(R) ETF Trust,Kimberly-Clark Corp,494368103,US4943681035,US4943681035,3877121.0,4041805.0,-164684.0,-4.074516212434791
2026-03-31,State Street(R) SPDR(R) S&P 500(R) ETF Trust,Kimco Realty Corp,49446R109,US49446R1095,US49446R1095,7909335.0,8246197.0,-336862.0,-4.085058845914062
2026-03-31,State Street(R) SPDR(R) S&P 500(R) ETF Trust,Kinder Morgan Inc,49456B101,US49456B1017,US49456B1017,22855371.0,23827346.0,-971975.0,-4.079241557158737
2026-03-31,State Street(R) SPDR(R) S&P 500(R) ETF Trust,Kraft Heinz Co/The,500754106,US5007541064,US5007541064,9946025.0,10369211.0,-423186.0,-4.081178404027076
2026-03-31,State Street(R) SPDR(R) S&P 500(R) ETF Trust,Kroger Co/The,501044101,US5010441013,US5010441013,6765870.0,7409440.0,-643570.0,-8.685811613293312
2026-03-31,State Street(R) SPDR(R) S&P 500(R) ETF Trust,L3Harris Technologies Inc,502431109,US5024311095,US5024311095,2182453.0,2275212.0,-92759.0,-4.07693876438767
2026-03-31,State Street(R) SPDR(R) S&P 500(R) ETF Trust,Labcorp Holdings Inc,504922105,US5049221055,US5049221055,970935.0,1011783.0,-40848.0,-4.037229326841823
2026-03-31,State Street(R) SPDR(R) S&P 500(R) ETF Trust,Lam Research Corp,512807306,US5128073062,US5128073062,14543863.0,15303970.0,-760107.0,-4.966730854804342
2026-03-31,State Street(R) SPDR(R) S&P 500(R) ETF Trust,Las Vegas Sands Corp,517834107,US5178341070,US5178341070,3555790.0,3706825.0,-151035.0,-4.074511205681413
2026-03-31,State Street(R) SPDR(R) S&P 500(R) ETF Trust,Estee Lauder Cos Inc/The,518439104,US5184391044,US5184391044,2862123.0,2983577.0,-121454.0,-4.070751316289138
2026-03-31,State Street(R) SPDR(R) S&P 500(R) ETF Trust,Leidos Holdings Inc,525327102,US5253271028,US5253271028,1497230.0,1561447.0,-64217.0,-4.112659603560031
2026-03-31,State Street(R) SPDR(R) S&P 500(R) ETF Trust,Lennar Corp,526057104,US5260571048,US5260571048,2521611.0,2628839.0,-107228.0,-4.078910880430486
2026-03-31,State Street(R) SPDR(R) S&P 500(R) ETF Trust,Lennox International Inc,526107107,US5261071071,US5261071071,370537.0,386706.0,-16169.0,-4.181212600787161
2026-03-31,State Street(R) SPDR(R) S&P 500(R) ETF Trust,Eli Lilly & Co,532457108,US5324571083,US5324571083,9231126.0,9675697.0,-444571.0,-4.594718085942542
2026-03-31,State Street(R) SPDR(R) S&P 500(R) ETF Trust,Live Nation Entertainment Inc,538034109,US5380341090,US5380341090,1849075.0,1927367.0,-78292.0,-4.062122055633411
2026-03-31,State Street(R) SPDR(R) S&P 500(R) ETF Trust,Lockheed Martin Corp,539830109,US5398301094,US5398301094,2357007.0,2481155.0,-124148.0,-5.003637418863392
2026-03-31,State Street(R) SPDR(R) S&P 500(R) ETF Trust,Loews Corp,540424108,US5404241086,US5404241086,1983062.0,2067550.0,-84488.0,-4.0863824333147925
2026-03-31,State Street(R) SPDR(R) S&P 500(R) ETF Trust,Lowe's Cos Inc,548661107,US5486611073,US5486611073,6542397.0,6833073.0,-290676.0,-4.253957187344552
2026-03-31,State Street(R) SPDR(R) S&P 500(R) ETF Trust,Lululemon Athletica Inc,550021109,US5500211090,US5500211090,1260977.0,1314829.0,-53852.0,-4.095741727631501
2026-03-31,State Street(R) SPDR(R) S&P 500(R) ETF Trust,M&T Bank Corp,55261F104,US55261F1049,US55261F1049,1762366.0,1872734.0,-110368.0,-5.893415722681385
2026-03-31,State Street(R) SPDR(R) S&P 500(R) ETF Trust,MGM Resorts International,552953101,US5529531015,US5529531015,2200519.0,2541251.0,-340732.0,-13.408041944695743
2026-03-31,State Street(R) SPDR(R) S&P 500(R) ETF Trust,MSCI Inc,55354G100,US55354G1004,US55354G1004,853787.0,915590.0,-61803.0,-6.750073722954597
2026-03-31,State Street(R) SPDR(R) S&P 500(R) ETF Trust,Marathon Petroleum Corp,56585A102,US56585A1025,US56585A1025,3431653.0,3662495.0,-230842.0,-6.302861846910371
2026-03-31,State Street(R) SPDR(R) S&P 500(R) ETF Trust,Marsh & McLennan Cos Inc,571748102,US5717481023,US5717481023,5633060.0,5969286.0,-336226.0,-5.632599945789162
2026-03-31,State Street(R) SPDR(R) S&P 500(R) ETF Trust,Marriott International Inc/MD,571903202,US5719032022,US5719032022,2558526.0,2713874.0,-155348.0,-5.724215641551524
2026-03-31,State Street(R) SPDR(R) S&P 500(R) ETF Trust,Martin Marietta Materials Inc,573284106,US5732841060,US5732841060,704469.0,734254.0,-29785.0,-4.056498160037262
2026-03-31,State Street(R) SPDR(R) S&P 500(R) ETF Trust,Masco Corp,574599106,US5745991068,US5745991068,2350276.0,2543964.0,-193688.0,-7.613629752622285
2026-03-31,State Street(R) SPDR(R) S&P 500(R) ETF Trust,Mastercard Inc,57636Q104,US57636Q1040,US57636Q1040,9486005.0,9990459.0,-504454.0,-5.049357592078603
2026-03-31,State Street(R) SPDR(R) S&P 500(R) ETF Trust,McCormick & Co Inc/MD,579780206,US5797802064,US5797802064,2959009.0,3085196.0,-126187.0,-4.090080500558149
2026-03-31,State Street(R) SPDR(R) S&P 500(R) ETF Trust,McDonald's Corp,580135101,US5801351017,US5801351017,8293082.0,8676886.0,-383804.0,-4.423291950591491
2026-03-31,State Street(R) SPDR(R) S&P 500(R) ETF Trust,McKesson Corp,58155Q103,US58155Q1031,US58155Q1031,1425584.0,1503855.0,-78271.0,-5.204690611794356
2026-03-31,State Street(R) SPDR(R) S&P 500(R) ETF Trust,Merck & Co Inc,58933Y105,US58933Y1055,US58933Y1055,28906718.0,30241729.0,-1335011.0,-4.4144665141335
2026-03-31,State Street(R) SPDR(R) S&P 500(R) ETF Trust,MetLife Inc,59156R108,US59156R1086,US59156R1086,6394277.0,6743683.0,-349406.0,-5.181234052668253
2026-03-31,State Street(R) SPDR(R) S&P 500(R) ETF Trust,Mettler-Toledo International Inc,592688105,US5926881054,US5926881054,238727.0,248939.0,-10212.0,-4.102209778299101
2026-03-31,State Street(R) SPDR(R) S&P 500(R) ETF Trust,Microsoft Corp,594918104,US5949181045,US5949181045,86512867.0,90558069.0,-4045202.0,-4.466970248669944
2026-03-31,State Street(R) SPDR(R) S&P 500(R) ETF Trust,Microchip Technology Inc,595017104,US5950171042,US5950171042,6326275.0,6594340.0,-268065.0,-4.065077020596451
2026-03-31,State Street(R) SPDR(R) S&P 500(R) ETF Trust,Micron Technology Inc,595112103,US5951121038,US5951121038,13113322.0,13676552.0,-563230.0,-4.118216345757323
2026-03-31,State Street(R) SPDR(R) S&P 500(R) ETF Trust,Mid-America Apartment Communities Inc,59522J103,US59522J1034,US59522J1034,1372084.0,1429952.0,-57868.0,-4.046849125005594
2026-03-31,State Street(R) SPDR(R) S&P 500(R) ETF Trust,Moderna Inc,60770K107,US60770K1079,US60770K1079,4051659.0,4166951.0,-115292.0,-2.7668191922583203
2026-03-31,State Street(R) SPDR(R) S&P 500(R) ETF Trust,Molson Coors Beverage Co,60871R209,US60871R2094,US60871R2094,1948425.0,2032913.0,-84488.0,-4.156006676134197
2026-03-31,State Street(R) SPDR(R) S&P 500(R) ETF Trust,Mondelez International Inc,609207105,US6092071058,US6092071058,14911755.0,15722156.0,-810401.0,-5.1545157038258616
2026-03-31,State Street(R) SPDR(R) S&P 500(R) ETF Trust,Monolithic Power Systems Inc,609839105,US6098391054,US6098391054,567446.0,582394.0,-14948.0,-2.566647321229271
2026-03-31,State Street(R) SPDR(R) S&P 500(R) ETF Trust,Monster Beverage Corp,61174X109,US61174X1090,US61174X1090,8329479.0,8683734.0,-354255.0,-4.079523854599875
2026-03-31,State Street(R) SPDR(R) S&P 500(R) ETF Trust,Moody's Corp,615369105,US6153691059,US6153691059,1793349.0,1869401.0,-76052.0,-4.068255018586167
2026-03-31,State Street(R) SPDR(R) S&P 500(R) ETF Trust,Morgan Stanley,617446448,US6174464486,US6174464486,14008982.0,14717255.0,-708273.0,-4.812534674434873
2026-03-31,State Street(R) SPDR(R) S&P 500(R) ETF Trust,Mosaic Co/The,61945C103,US61945C1036,US61945C1036,3718393.0,3875828.0,-157435.0,-4.061970758248302
2026-03-31,State Street(R) SPDR(R) S&P 500(R) ETF Trust,Motorola Solutions Inc,620076307,US6200763075,US6200763075,1927165.0,2030431.0,-103266.0,-5.085915256416002
2026-03-31,State Street(R) SPDR(R) S&P 500(R) ETF Trust,NRG Energy Inc,629377508,US6293775085,US6293775085,2479279.0,2335045.0,144234.0,6.176925926481074
2026-03-31,State Street(R) SPDR(R) S&P 500(R) ETF Trust,NVR Inc,62944T105,US62944T1051,US62944T1051,33063.0,34765.0,-1702.0,-4.895728462534158
2026-03-31,State Street(R) SPDR(R) S&P 500(R) ETF Trust,Nasdaq Inc,631103108,US6311031081,US6311031081,5216989.0,5496080.0,-279091.0,-5.078001048019679
2026-03-31,State Street(R) SPDR(R) S&P 500(R) ETF Trust,NetApp Inc,64110D104,US64110D1046,US64110D1046,2294876.0,2435231.0,-140355.0,-5.763518943377446
2026-03-31,State Street(R) SPDR(R) S&P 500(R) ETF Trust,Netflix Inc,64110L106,US64110L1061,US64110L1061,49178355.0,51628742.0,-2450387.0,-4.7461683261621985
2026-03-31,State Street(R) SPDR(R) S&P 500(R) ETF Trust,Newmont Corp,651639106,US6516391066,US6516391066,12728742.0,13296430.0,-567688.0,-4.269476844536466
2026-03-31,State Street(R) SPDR(R) S&P 500(R) ETF Trust,News Corp,65249B109,US65249B1098,US65249B1098,4376360.0,4562595.0,-186235.0,-4.081778023252118
2026-03-31,State Street(R) SPDR(R) S&P 500(R) ETF Trust,News Corp,65249B208,US65249B2088,US65249B2088,1416734.0,1478245.0,-61511.0,-4.161082905742958
2026-03-31,State Street(R) SPDR(R) S&P 500(R) ETF Trust,NextEra Energy Inc,65339F101,US65339F1012,US65339F1012,24250351.0,25375139.0,-1124788.0,-4.432637787718129
2026-03-31,State Street(R) SPDR(R) S&P 500(R) ETF Trust,NIKE Inc,654106103,US6541061031,US6541061031,13867409.0,14457593.0,-590184.0,-4.082173291224895
2026-03-31,State Street(R) SPDR(R) S&P 500(R) ETF Trust,NiSource Inc,65473P105,US65473P1057,US65473P1057,5550785.0,5787363.0,-236578.0,-4.08783758682495
2026-03-31,State Street(R) SPDR(R) S&P 500(R) ETF Trust,Nordson Corp,655663102,US6556631025,US6556631025,622211.0,648592.0,-26381.0,-4.067426055208822
2026-03-31,State Street(R) SPDR(R) S&P 500(R) ETF Trust,Norfolk Southern Corp,655844108,US6558441084,US6558441084,2622740.0,2734221.0,-111481.0,-4.0772490592384445
2026-03-31,State Street(R) SPDR(R) S&P 500(R) ETF Trust,Northern Trust Corp,665859104,US6658591044,US6658591044,2161358.0,2304146.0,-142788.0,-6.197003141293997
2026-03-31,State Street(R) SPDR(R) S&P 500(R) ETF Trust,Northrop Grumman Corp,666807102,US6668071029,US6668071029,1552593.0,1634491.0,-81898.0,-5.010611866324134
2026-03-31,State Street(R) SPDR(R) S&P 500(R) ETF Trust,Gen Digital Inc,668771108,US6687711084,US6687711084,6533022.0,6812807.0,-279785.0,-4.106750712298176
2026-03-31,State Street(R) SPDR(R) S&P 500(R) ETF Trust,Nucor Corp,670346105,US6703461052,US6703461052,2664725.0,2794621.0,-129896.0,-4.64807213572073
2026-03-31,State Street(R) SPDR(R) S&P 500(R) ETF Trust,NVIDIA Corp,67066G104,US67066G1040,US67066G1040,283112619.0,296077792.0,-12965173.0,-4.378975171498172
2026-03-31,State Street(R) SPDR(R) S&P 500(R) ETF Trust,O'Reilly Automotive Inc,67103H107,US67103H1077,US67103H1077,9794367.0,10284637.0,-490270.0,-4.767013167309648
2026-03-31,State Street(R) SPDR(R) S&P 500(R) ETF Trust,Occidental Petroleum Corp,674599105,US6745991058,US6745991058,8372245.0,8800666.0,-428421.0,-4.868052031516705
2026-03-31,State Street(R) SPDR(R) S&P 500(R) ETF Trust,Old Dominion Freight Line Inc,679580100,US6795801009,US6795801009,2142191.0,2250848.0,-108657.0,-4.8273806138841895
2026-03-31,State Street(R) SPDR(R) S&P 500(R) ETF Trust,Omnicom Group Inc,681919106,US6819191064,US6819191064,3648327.0,3876830.0,-228503.0,-5.894068091714106
2026-03-31,State Street(R) SPDR(R) S&P 500(R) ETF Trust,ON Semiconductor Corp,682189105,US6821891057,US6821891057,4568720.0,4902821.0,-334101.0,-6.814464570499311
2026-03-31,State Street(R) SPDR(R) S&P 500(R) ETF Trust,ONEOK Inc,682680103,US6826801036,US6826801036,7329056.0,7681412.0,-352356.0,-4.587125387884415
2026-03-31,State Street(R) SPDR(R) S&P 500(R) ETF Trust,Oracle Corp,68389X105,US68389X1054,US68389X1054,19756738.0,20493463.0,-736725.0,-3.5949268310582747
2026-03-31,State Street(R) SPDR(R) S&P 500(R) ETF Trust,Otis Worldwide Corp,68902V107,US68902V1070,US68902V1070,4554827.0,4748243.0,-193416.0,-4.073422527027366
2026-03-31,State Street(R) SPDR(R) S&P 500(R) ETF Trust,PG&E Corp,69331C108,US69331C1080,US69331C1080,25672094.0,26763374.0,-1091280.0,-4.077512797900593
2026-03-31,State Street(R) SPDR(R) S&P 500(R) ETF Trust,PNC Financial Services Group Inc/The,693475105,US6934751057,US6934751057,4705895.0,4778256.0,-72361.0,-1.5143809791689686
2026-03-31,State Street(R) SPDR(R) S&P 500(R) ETF Trust,PPG Industries Inc,693506107,US6935061076,US6935061076,2609443.0,2746698.0,-137255.0,-4.9970910526020695
2026-03-31,State Street(R) SPDR(R) S&P 500(R) ETF Trust,PPL Corp,69351T106,US69351T1060,US69351T1060,8604318.0,9061151.0,-456833.0,-5.041666340181286
2026-03-31,State Street(R) SPDR(R) S&P 500(R) ETF Trust,PTC Inc,69370C100,US69370C1009,US69370C1009,1398220.0,1458029.0,-59809.0,-4.102044609537945
2026-03-31,State Street(R) SPDR(R) S&P 500(R) ETF Trust,PACCAR Inc,693718108,US6937181088,US6937181088,6128291.0,6388697.0,-260406.0,-4.076042423048079
2026-03-31,State Street(R) SPDR(R) S&P 500(R) ETF Trust,Packaging Corp of America,695156109,US6951561090,US6951561090,1037658.0,1095310.0,-57652.0,-5.263532698505446
2026-03-31,State Street(R) SPDR(R) S&P 500(R) ETF Trust,Palantir Technologies Inc,69608A108,US69608A1088,US69608A1088,26606478.0,27832923.0,-1226445.0,-4.406454183773655
2026-03-31,State Street(R) SPDR(R) S&P 500(R) ETF Trust,Palo Alto Networks Inc,697435105,US6974351057,US6974351057,9414915.0,8333847.0,1081068.0,12.972016404908802
2026-03-31,State Street(R) SPDR(R) S&P 500(R) ETF Trust,Paramount Skydance Corp,69932A204,US69932A2042,US69932A2042,3648898.0,3802929.0,-154031.0,-4.0503254202221495
2026-03-31,State Street(R) SPDR(R) S&P 500(R) ETF Trust,Parker-Hannifin Corp,701094104,US7010941042,US7010941042,1469018.0,1537671.0,-68653.0,-4.464739206241127
2026-03-31,State Street(R) SPDR(R) S&P 500(R) ETF Trust,Paychex Inc,704326107,US7043261079,US7043261079,3785533.0,3946611.0,-161078.0,-4.081425810651215
2026-03-31,State Street(R) SPDR(R) S&P 500(R) ETF Trust,PayPal Holdings Inc,70450Y103,US70450Y1038,US70450Y1038,10697065.0,11400282.0,-703217.0,-6.168417588266676
2026-03-31,State Street(R) SPDR(R) S&P 500(R) ETF Trust,PepsiCo Inc,713448108,US7134481081,US7134481081,15914369.0,16660207.0,-745838.0,-4.476763103843788
2026-03-31,State Street(R) SPDR(R) S&P 500(R) ETF Trust,Revvity Inc,714046109,US7140461093,US7140461093,1311686.0,1401352.0,-89666.0,-6.398535128932631
2026-03-31,State Street(R) SPDR(R) S&P 500(R) ETF Trust,Pfizer Inc,717081103,US7170811035,US7170811035,66348202.0,69320156.0,-2971954.0,-4.28728694724807
2026-03-31,State Street(R) SPDR(R) S&P 500(R) ETF Trust,Philip Morris International Inc,718172109,US7181721090,US7181721090,18128850.0,18966517.0,-837667.0,-4.416556819578418
2026-03-31,State Street(R) SPDR(R) S&P 500(R) ETF Trust,Phillips 66,718546104,US7185461040,US7185461040,4697796.0,4923820.0,-226024.0,-4.5904196335365635
2026-03-31,State Street(R) SPDR(R) S&P 500(R) ETF Trust,Pinnacle West Capital Corp,723484101,US7234841010,US7234841010,1408339.0,1467909.0,-59570.0,-4.058153468641448
2026-03-31,State Street(R) SPDR(R) S&P 500(R) ETF Trust,Pool Corp,73278L105,US73278L1052,US73278L1052,382195.0,398364.0,-16169.0,-4.058850699360384
2026-03-31,State Street(R) SPDR(R) S&P 500(R) ETF Trust,T Rowe Price Group Inc,74144T108,US74144T1088,US74144T1088,2564927.0,2673004.0,-108077.0,-4.0432786482923335
2026-03-31,State Street(R) SPDR(R) S&P 500(R) ETF Trust,Principal Financial Group Inc,74251V102,US74251V1026,US74251V1026,2336413.0,2436075.0,-99662.0,-4.091089149554098
2026-03-31,State Street(R) SPDR(R) S&P 500(R) ETF Trust,Procter & Gamble Co/The,742718109,US7427181091,US7427181091,27068070.0,28471328.0,-1403258.0,-4.928670696358105
2026-03-31,State Street(R) SPDR(R) S&P 500(R) ETF Trust,Progressive Corp/The,743315103,US7433151039,US7433151039,6838926.0,7147107.0,-308181.0,-4.311968465002693
2026-03-31,State Street(R) SPDR(R) S&P 500(R) ETF Trust,Prologis Inc,74340W103,US74340W1036,US74340W1036,10820504.0,11314227.0,-493723.0,-4.363736028983686
2026-03-31,State Street(R) SPDR(R) S&P 500(R) ETF Trust,Prudential Financial Inc,744320102,US7443201022,US7443201022,4040337.0,4264419.0,-224082.0,-5.254690029286522
2026-03-31,State Street(R) SPDR(R) S&P 500(R) ETF Trust,Public Service Enterprise Group Inc,744573106,US7445731067,US7445731067,5819948.0,6067828.0,-247880.0,-4.085152051112853
2026-03-31,State Street(R) SPDR(R) S&P 500(R) ETF Trust,Public Storage,74460D109,US74460D1090,US74460D1090,1845251.0,1923543.0,-78292.0,-4.070197546922528
2026-03-31,State Street(R) SPDR(R) S&P 500(R) ETF Trust,PulteGroup Inc,745867101,US7458671010,US7458671010,2227677.0,2375069.0,-147392.0,-6.205798652586514
2026-03-31,State Street(R) SPDR(R) S&P 500(R) ETF Trust,Qnity Electronics Inc,74743L100,US74743L1008,US74743L1008,2457753.0,2561575.0,-103822.0,-4.053053297287802
2026-03-31,State Street(R) SPDR(R) S&P 500(R) ETF Trust,QUALCOMM Inc,747525103,US7475251036,US7475251036,12421708.0,13049464.0,-627756.0,-4.810588388917736
2026-03-31,State Street(R) SPDR(R) S&P 500(R) ETF Trust,Quanta Services Inc,74762E102,US74762E1029,US74762E1029,1740501.0,1814538.0,-74037.0,-4.080212153176181
2026-03-31,State Street(R) SPDR(R) S&P 500(R) ETF Trust,Quest Diagnostics Inc,74834L100,US74834L1008,US74834L1008,1274959.0,1355413.0,-80454.0,-5.935755374930003
2026-03-31,State Street(R) SPDR(R) S&P 500(R) ETF Trust,Ralph Lauren Corp,751212101,US7512121010,US7512121010,450473.0,470285.0,-19812.0,-4.212764600189247
2026-03-31,State Street(R) SPDR(R) S&P 500(R) ETF Trust,Raymond James Financial Inc,754730109,US7547301090,US7547301090,2060380.0,2148272.0,-87892.0,-4.0912882540013555
2026-03-31,State Street(R) SPDR(R) S&P 500(R) ETF Trust,RTX Corp,75513E101,US75513E1010,US75513E1010,15632618.0,16322748.0,-690130.0,-4.228025820162144
2026-03-31,State Street(R) SPDR(R) S&P 500(R) ETF Trust,Realty Income Corp,756109104,US7561091049,US7561091049,10751674.0,11208490.0,-456816.0,-4.075624816545315
2026-03-31,State Street(R) SPDR(R) S&P 500(R) ETF Trust,Regency Centers Corp,758849103,US7588491032,US7588491032,1928257.0,2009953.0,-81696.0,-4.064572654186441
2026-03-31,State Street(R) SPDR(R) S&P 500(R) ETF Trust,Regeneron Pharmaceuticals Inc,75886F107,US75886F1075,US75886F1075,1177852.0,1228061.0,-50209.0,-4.088477689626167
2026-03-31,State Street(R) SPDR(R) S&P 500(R) ETF Trust,Regions Financial Corp,7591EP100,US7591EP1005,US7591EP1005,10061473.0,10684081.0,-622608.0,-5.827436164139901
2026-03-31,State Street(R) SPDR(R) S&P 500(R) ETF Trust,Republic Services Inc,760759100,US7607591002,US7607591002,2351958.0,2451525.0,-99567.0,-4.06143114999847
2026-03-31,State Street(R) SPDR(R) S&P 500(R) ETF Trust,ResMed Inc,761152107,US7611521078,US7611521078,1698830.0,1782925.0,-84095.0,-4.716687465821614
2026-03-31,State Street(R) SPDR(R) S&P 500(R) ETF Trust,Robinhood Markets Inc,770700102,US7707001027,US7707001027,9191542.0,9581254.0,-389712.0,-4.06744252892158
2026-03-31,State Street(R) SPDR(R) S&P 500(R) ETF Trust,Rockwell Automation Inc,773903109,US7739031091,US7739031091,1313935.0,1369419.0,-55484.0,-4.051645259778052
2026-03-31,State Street(R) SPDR(R) S&P 500(R) ETF Trust,Rollins Inc,775711104,US7757111049,US7757111049,3410609.0,3556130.0,-145521.0,-4.092116992348424
2026-03-31,State Street(R) SPDR(R) S&P 500(R) ETF Trust,Roper Technologies Inc,776696106,US7766961061,US7766961061,1238323.0,1308375.0,-70052.0,-5.354122480175791
2026-03-31,State Street(R) SPDR(R) S&P 500(R) ETF Trust,Ross Stores Inc,778296103,US7782961038,US7782961038,3762264.0,3962748.0,-200484.0,-5.059216483107177
2026-03-31,State Street(R) SPDR(R) S&P 500(R) ETF Trust,S&P Global Inc,78409V104,US78409V1044,US78409V1044,3562171.0,3777199.0,-215028.0,-5.692789815945625
2026-03-31,State Street(R) SPDR(R) S&P 500(R) ETF Trust,SBA Communications Corp,78410G104,US78410G1040,US78410G1040,1245343.0,1298105.0,-52762.0,-4.064540233648279
2026-03-31,State Street(R) SPDR(R) S&P 500(R) ETF Trust,Salesforce Inc,79466L302,US79466L3024,US79466L3024,10910390.0,11599285.0,-688895.0,-5.939116074827026
2026-03-31,State Street(R) SPDR(R) S&P 500(R) ETF Trust,Sandisk Corp/DE,80004C200,US80004C2008,US80004C2008,1723389.0,1696285.0,27104.0,1.597844701804237
2026-03-31,State Street(R) SPDR(R) S&P 500(R) ETF Trust,Henry Schein Inc,806407102,US8064071025,US8064071025,1169741.0,1219099.0,-49358.0,-4.04872778994979
2026-03-31,State Street(R) SPDR(R) S&P 500(R) ETF Trust,Charles Schwab Corp/The,808513105,US8085131055,US8085131055,19486761.0,20351438.0,-864677.0,-4.248726797585507
2026-03-31,State Street(R) SPDR(R) S&P 500(R) ETF Trust,Sempra,816851109,US8168511090,US8168511090,7616277.0,7940089.0,-323812.0,-4.0781910630976554
2026-03-31,State Street(R) SPDR(R) S&P 500(R) ETF Trust,ServiceNow Inc,81762P102,US81762P1021,US81762P1021,12186892.0,12640017.0,-453125.0,-3.584844862154853
2026-03-31,State Street(R) SPDR(R) S&P 500(R) ETF Trust,Sherwin-Williams Co/The,824348106,US8243481061,US8243481061,2694570.0,2808773.0,-114203.0,-4.065939112915141
2026-03-31,State Street(R) SPDR(R) S&P 500(R) ETF Trust,Simon Property Group Inc,828806109,US8288061091,US8288061091,3782277.0,3978506.0,-196229.0,-4.932228328925481
2026-03-31,State Street(R) SPDR(R) S&P 500(R) ETF Trust,Skyworks Solutions Inc,83088M102,US83088M1027,US83088M1027,1775934.0,1788071.0,-12137.0,-0.6787761783508597
2026-03-31,State Street(R) SPDR(R) S&P 500(R) ETF Trust,A O Smith Corp,831865209,US8318652091,US8318652091,1315240.0,1371645.0,-56405.0,-4.112215624305122
2026-03-31,State Street(R) SPDR(R) S&P 500(R) ETF Trust,J M Smucker Co/The,832696405,US8326964058,US8326964058,1256797.0,1309559.0,-52762.0,-4.028989911871095
2026-03-31,State Street(R) SPDR(R) S&P 500(R) ETF Trust,Snap-on Inc,833034101,US8330341012,US8330341012,606219.0,631749.0,-25530.0,-4.041161917153806
2026-03-31,State Street(R) SPDR(R) S&P 500(R) ETF Trust,Solventum Corp,83444M101,US83444M1018,US83444M1018,1730994.0,1804180.0,-73186.0,-4.056468866742787
2026-03-31,State Street(R) SPDR(R) S&P 500(R) ETF Trust,Southern Co/The,842587107,US8425871071,US8425871071,12815387.0,13410007.0,-594620.0,-4.434151302083586
2026-03-31,State Street(R) SPDR(R) S&P 500(R) ETF Trust,Southwest Airlines Co,844741108,US8447411088,US8447411088,5692500.0,6301268.0,-608768.0,-9.661039651067055
2026-03-31,State Street(R) SPDR(R) S&P 500(R) ETF Trust,Block Inc,852234103,US8522341036,US8522341036,6422366.0,6694078.0,-271712.0,-4.058990648151994
2026-03-31,State Street(R) SPDR(R) S&P 500(R) ETF Trust,Stanley Black & Decker Inc,854502101,US8545021011,US8545021011,1817882.0,1894472.0,-76590.0,-4.042815095710045
2026-03-31,State Street(R) SPDR(R) S&P 500(R) ETF Trust,Starbucks Corp,855244109,US8552441094,US8552441094,13259260.0,13856643.0,-597383.0,-4.311166853328039
2026-03-31,State Street(R) SPDR(R) S&P 500(R) ETF Trust,State Street Corp,857477103,US8574771031,US8574771031,3264318.0,3403270.0,-138952.0,-4.082896743426176
2026-03-31,State Street(R) SPDR(R) S&P 500(R) ETF Trust,Steel Dynamics Inc,858119100,US8581191009,US8581191009,1604492.0,1672572.0,-68080.0,-4.070377837247066
2026-03-31,State Street(R) SPDR(R) S&P 500(R) ETF Trust,Stryker Corp,863667101,US8636671013,US8636671013,4014033.0,4195163.0,-181130.0,-4.317591473799707
2026-03-31,State Street(R) SPDR(R) S&P 500(R) ETF Trust,Super Micro Computer Inc,86800U302,US86800U3023,US86800U3023,5852212.0,6100778.0,-248566.0,-4.074332814601679
2026-03-31,State Street(R) SPDR(R) S&P 500(R) ETF Trust,Synopsys Inc,871607107,US8716071076,US8716071076,2228981.0,2263052.0,-34071.0,-1.5055332356481423
2026-03-31,State Street(R) SPDR(R) S&P 500(R) ETF Trust,Synchrony Financial,87165B103,US87165B1035,US87165B1035,4029977.0,4388399.0,-358422.0,-8.167488872365526
2026-03-31,State Street(R) SPDR(R) S&P 500(R) ETF Trust,Sysco Corp,871829107,US8718291078,US8718291078,5578852.0,5816355.0,-237503.0,-4.083364925283963
2026-03-31,State Street(R) SPDR(R) S&P 500(R) ETF Trust,TJX Cos Inc/The,872540109,US8725401090,US8725401090,12929719.0,13560251.0,-630532.0,-4.649854932626247
2026-03-31,State Street(R) SPDR(R) S&P 500(R) ETF Trust,TKO Group Holdings Inc,87256C101,US87256C1018,US87256C1018,774662.0,807851.0,-33189.0,-4.108307101185738
2026-03-31,State Street(R) SPDR(R) S&P 500(R) ETF Trust,T-Mobile US Inc,872590104,US8725901040,US8725901040,5514088.0,5860265.0,-346177.0,-5.907190203855969
2026-03-31,State Street(R) SPDR(R) S&P 500(R) ETF Trust,Take-Two Interactive Software Inc,874054109,US8740541094,US8740541094,2026139.0,2112090.0,-85951.0,-4.069476206032887
2026-03-31,State Street(R) SPDR(R) S&P 500(R) ETF Trust,Tapestry Inc,876030107,US8760301072,US8760301072,2349819.0,2493327.0,-143508.0,-5.7556830692484375
2026-03-31,State Street(R) SPDR(R) S&P 500(R) ETF Trust,Target Corp,87612E106,US87612E1064,US87612E1064,5264152.0,5534345.0,-270193.0,-4.882113420829384
2026-03-31,State Street(R) SPDR(R) S&P 500(R) ETF Trust,Targa Resources Corp,87612G101,US87612G1013,US87612G1013,2499731.0,2620806.0,-121075.0,-4.6197620121443554
2026-03-31,State Street(R) SPDR(R) S&P 500(R) ETF Trust,Teledyne Technologies Inc,879360105,US8793601050,US8793601050,545726.0,568703.0,-22977.0,-4.040245963182891
2026-03-31,State Street(R) SPDR(R) S&P 500(R) ETF Trust,Teradyne Inc,880770102,US8807701029,US8807701029,1830586.0,1908027.0,-77441.0,-4.058695186179231
2026-03-31,State Street(R) SPDR(R) S&P 500(R) ETF Trust,Tesla Inc,88160R101,US88160R1014,US88160R1014,32764360.0,34237015.0,-1472655.0,-4.3013533744107075
2026-03-31,State Street(R) SPDR(R) S&P 500(R) ETF Trust,Texas Instruments Inc,882508104,US8825081040,US8825081040,10567024.0,11070916.0,-503892.0,-4.551493300102719
2026-03-31,State Street(R) SPDR(R) S&P 500(R) ETF Trust,Texas Pacific Land Corp,88262P102,US88262P1021,US88262P1021,674908.0,703842.0,-28934.0,-4.1108657909019355
2026-03-31,State Street(R) SPDR(R) S&P 500(R) ETF Trust,Textron Inc,883203101,US8832031012,US8832031012,2014420.0,2155551.0,-141131.0,-6.547328270126757
2026-03-31,State Street(R) SPDR(R) S&P 500(R) ETF Trust,Trade Desk Inc/The,88339J105,US88339J1051,US88339J1051,5146035.0,5364981.0,-218946.0,-4.081020976588733
2026-03-31,State Street(R) SPDR(R) S&P 500(R) ETF Trust,Thermo Fisher Scientific Inc,883556102,US8835561023,US8835561023,4374652.0,4577655.0,-203003.0,-4.43465049244646
2026-03-31,State Street(R) SPDR(R) S&P 500(R) ETF Trust,3M Co,88579Y101,US88579Y1010,US88579Y1010,6127377.0,6472643.0,-345266.0,-5.334235180281069
2026-03-31,State Street(R) SPDR(R) S&P 500(R) ETF Trust,Tractor Supply Co,892356106,US8923561067,US8923561067,6189735.0,6452082.0,-262347.0,-4.066082855115605
2026-03-31,State Street(R) SPDR(R) S&P 500(R) ETF Trust,TransDigm Group Inc,893641100,US8936411003,US8936411003,657625.0,685708.0,-28083.0,-4.0954750418545505
2026-03-31,State Street(R) SPDR(R) S&P 500(R) ETF Trust,Travelers Cos Inc/The,89417E109,US89417E1091,US89417E1091,2515048.0,2717794.0,-202746.0,-7.4599472954903865
2026-03-31,State Street(R) SPDR(R) S&P 500(R) ETF Trust,Trimble Inc,896239100,US8962391004,US8962391004,2765701.0,2884229.0,-118528.0,-4.109521123322732
2026-03-31,State Street(R) SPDR(R) S&P 500(R) ETF Trust,Truist Financial Corp,89832Q109,US89832Q1094,US89832Q1094,14679283.0,15586581.0,-907298.0,-5.8210200171545
2026-03-31,State Street(R) SPDR(R) S&P 500(R) ETF Trust,Tyler Technologies Inc,902252105,US9022521051,US9022521051,502929.0,524204.0,-21275.0,-4.0585344636820775
2026-03-31,State Street(R) SPDR(R) S&P 500(R) ETF Trust,Tyson Foods Inc,902494103,US9024941034,US9024941034,3307955.0,3448609.0,-140654.0,-4.078571969162059
2026-03-31,State Street(R) SPDR(R) S&P 500(R) ETF Trust,UDR Inc,902653104,US9026531049,US9026531049,3544551.0,3693476.0,-148925.0,-4.032109589990567
2026-03-31,State Street(R) SPDR(R) S&P 500(R) ETF Trust,US Bancorp,902973304,US9029733048,US9029733048,18137267.0,18967692.0,-830425.0,-4.37810251241954
2026-03-31,State Street(R) SPDR(R) S&P 500(R) ETF Trust,Uber Technologies Inc,90353T100,US90353T1007,US90353T1007,23961921.0,25316760.0,-1354839.0,-5.351549724372313
2026-03-31,State Street(R) SPDR(R) S&P 500(R) ETF Trust,Ulta Beauty Inc,90384S303,US90384S3031,US90384S3031,514464.0,546750.0,-32286.0,-5.905075445816187
2026-03-31,State Street(R) SPDR(R) S&P 500(R) ETF Trust,Union Pacific Corp,907818108,US9078181081,US9078181081,6921465.0,7230150.0,-308685.0,-4.269413497645277
2026-03-31,State Street(R) SPDR(R) S&P 500(R) ETF Trust,United Airlines Holdings Inc,910047109,US9100471096,US9100471096,3781297.0,3942375.0,-161078.0,-4.085811217857256
2026-03-31,State Street(R) SPDR(R) S&P 500(R) ETF Trust,United Parcel Service Inc,911312106,US9113121068,US9113121068,8623454.0,8990474.0,-367020.0,-4.0823209098875095
2026-03-31,State Street(R) SPDR(R) S&P 500(R) ETF Trust,United Rentals Inc,911363109,US9113631090,US9113631090,732269.0,775236.0,-42967.0,-5.542441269497289
2026-03-31,State Street(R) SPDR(R) S&P 500(R) ETF Trust,UnitedHealth Group Inc,91324P102,US91324P1021,US91324P1021,10549359.0,11034086.0,-484727.0,-4.392996393176562
2026-03-31,State Street(R) SPDR(R) S&P 500(R) ETF Trust,Universal Health Services Inc,913903100,US9139031002,US9139031002,638415.0,681447.0,-43032.0,-6.314797775909205
2026-03-31,State Street(R) SPDR(R) S&P 500(R) ETF Trust,Valero Energy Corp,91913Y100,US91913Y1001,US91913Y1001,3564633.0,3716350.0,-151717.0,-4.082419578349724
2026-03-31,State Street(R) SPDR(R) S&P 500(R) ETF Trust,Ventas Inc,92276F100,US92276F1003,US92276F1003,5533809.0,5723305.0,-189496.0,-3.3109540728652416
2026-03-31,State Street(R) SPDR(R) S&P 500(R) ETF Trust,Veralto Corp,92338C103,US92338C1036,US92338C1036,2912942.0,3036576.0,-123634.0,-4.071493682358025
2026-03-31,State Street(R) SPDR(R) S&P 500(R) ETF Trust,VeriSign Inc,92343E102,US92343E1029,US92343E1029,956140.0,1016678.0,-60538.0,-5.954490999116731
2026-03-31,State Street(R) SPDR(R) S&P 500(R) ETF Trust,Verizon Communications Inc,92343V104,US92343V1044,US92343V1044,49106074.0,51412155.0,-2306081.0,-4.485478190906411
2026-03-31,State Street(R) SPDR(R) S&P 500(R) ETF Trust,Verisk Analytics Inc,92345Y106,US92345Y1064,US92345Y1064,1632542.0,1701473.0,-68931.0,-4.051254413087954
2026-03-31,State Street(R) SPDR(R) S&P 500(R) ETF Trust,Vertex Pharmaceuticals Inc,92532F100,US92532F1003,US92532F1003,2965418.0,3091366.0,-125948.0,-4.074185974743851
2026-03-31,State Street(R) SPDR(R) S&P 500(R) ETF Trust,Viatris Inc,92556V106,US92556V1061,US92556V1061,13508560.0,14080252.0,-571692.0,-4.060239830934844
2026-03-31,State Street(R) SPDR(R) S&P 500(R) ETF Trust,VICI Properties Inc,925652109,US9256521090,US9256521090,12417047.0,12947772.0,-530725.0,-4.0989677606309405
2026-03-31,State Street(R) SPDR(R) S&P 500(R) ETF Trust,Visa Inc,92826C839,US92826C8394,US92826C8394,19582198.0,20562573.0,-980375.0,-4.767764228727602
2026-03-31,State Street(R) SPDR(R) S&P 500(R) ETF Trust,Vistra Corp,92840M102,US92840M1027,US92840M1027,3723047.0,3881572.0,-158525.0,-4.084041208046637
2026-03-31,State Street(R) SPDR(R) S&P 500(R) ETF Trust,Vulcan Materials Co,929160109,US9291601097,US9291601097,1540551.0,1606078.0,-65527.0,-4.07993883236057
2026-03-31,State Street(R) SPDR(R) S&P 500(R) ETF Trust,WEC Energy Group Inc,92939U106,US92939U1060,US92939U1060,3801635.0,3963564.0,-161929.0,-4.085439266276513
2026-03-31,State Street(R) SPDR(R) S&P 500(R) ETF Trust,Westinghouse Air Brake Technologies Corp,929740108,US9297401088,US9297401088,1992298.0,2077637.0,-85339.0,-4.107502898725812
2026-03-31,State Street(R) SPDR(R) S&P 500(R) ETF Trust,Walmart Inc,931142103,US9311421039,US9311421039,51062601.0,53428794.0,-2366193.0,-4.428685027028685
2026-03-31,State Street(R) SPDR(R) S&P 500(R) ETF Trust,Warner Bros Discovery Inc,934423104,US9344231041,US9344231041,28932504.0,30162712.0,-1230208.0,-4.078572245095202
2026-03-31,State Street(R) SPDR(R) S&P 500(R) ETF Trust,Waste Management Inc,94106L109,US94106L1098,US94106L1098,4333114.0,4516930.0,-183816.0,-4.069489675509693
2026-03-31,State Street(R) SPDR(R) S&P 500(R) ETF Trust,Waters Corp,941848103,US9418481035,US9418481035,1151618.32,729236.0,422382.32000000007,57.92121069173767
2026-03-31,State Street(R) SPDR(R) S&P 500(R) ETF Trust,Wells Fargo & Co,949746101,US9497461015,US9497461015,36014894.0,38247330.0,-2232436.0,-5.836841421348889
2026-03-31,State Street(R) SPDR(R) S&P 500(R) ETF Trust,Welltower Inc,95040Q104,US95040Q1040,US95040Q1040,8129624.0,8362290.0,-232666.0,-2.7823239806320994
2026-03-31,State Street(R) SPDR(R) S&P 500(R) ETF Trust,West Pharmaceutical Services Inc,955306105,US9553061055,US9553061055,840834.0,876576.0,-35742.0,-4.077455919395466
2026-03-31,State Street(R) SPDR(R) S&P 500(R) ETF Trust,Western Digital Corp,958102105,US9581021055,US9581021055,3945971.0,4165598.0,-219627.0,-5.272400265220024
2026-03-31,State Street(R) SPDR(R) S&P 500(R) ETF Trust,Weyerhaeuser Co,962166104,US9621661043,US9621661043,8415303.0,8773275.0,-357972.0,-4.080255092881506
2026-03-31,State Street(R) SPDR(R) S&P 500(R) ETF Trust,Williams Cos Inc/The,969457100,US9694571004,US9694571004,14210841.0,14883631.0,-672790.0,-4.520335125212389
2026-03-31,State Street(R) SPDR(R) S&P 500(R) ETF Trust,Williams-Sonoma Inc,969904101,US9699041011,US9699041011,1383663.0,1490762.0,-107099.0,-7.184178292712049
2026-03-31,State Street(R) SPDR(R) S&P 500(R) ETF Trust,Workday Inc,98138H101,US98138H1014,US98138H1014,2471933.0,2632036.0,-160103.0,-6.08285752930431
2026-03-31,State Street(R) SPDR(R) S&P 500(R) ETF Trust,Wynn Resorts Ltd,983134107,US9831341071,US9831341071,982661.0,1024360.0,-41699.0,-4.070736850326058
2026-03-31,State Street(R) SPDR(R) S&P 500(R) ETF Trust,Xcel Energy Inc,98389B100,US98389B1008,US98389B1008,6910462.0,7204296.0,-293834.0,-4.078594216561896
2026-03-31,State Street(R) SPDR(R) S&P 500(R) ETF Trust,Xylem Inc/NY,98419M100,US98419M1009,US98419M1009,2835403.0,2956245.0,-120842.0,-4.087685560567545
2026-03-31,State Street(R) SPDR(R) S&P 500(R) ETF Trust,Yum! Brands Inc,988498101,US9884981013,US9884981013,3242528.0,3380629.0,-138101.0,-4.085068192930961
2026-03-31,State Street(R) SPDR(R) S&P 500(R) ETF Trust,Zebra Technologies Corp,989207105,US9892071054,US9892071054,566923.0,617452.0,-50529.0,-8.183470132091239
2026-03-31,State Street(R) SPDR(R) S&P 500(R) ETF Trust,Zimmer Biomet Holdings Inc,98956P102,US98956P1021,US98956P1021,2316301.0,2414638.0,-98337.0,-4.072535924639635
2026-03-31,State Street(R) SPDR(R) S&P 500(R) ETF Trust,Zoetis Inc,98978V103,US98978V1035,US98978V1035,4907059.0,5369469.0,-462410.0,-8.611838526304929
2026-03-31,SPDR S&P MIDCAP 400 ETF TRUST,AXALTA COATING SYSTEMS LTD,000000000,BMG0750C1082,BMG0750C1082,1608420.0,1603105.0,5315.0,0.3315440972363008
2026-03-31,SPDR S&P MIDCAP 400 ETF TRUST,Essent Group Ltd.,000000000,BMG3198U1027,BMG3198U1027,719460.0,726371.0,-6911.0,-0.9514421693597348
2026-03-31,SPDR S&P MIDCAP 400 ETF TRUST,GENPACT LTD,000000000,BMG3922B1072,BMG3922B1072,1194008.0,1204884.0,-10876.0,-0.9026595091311694
2026-03-31,SPDR S&P MIDCAP 400 ETF TRUST,Renaissancere Holdings Ltd.,000000000,BMG7496G1033,BMG7496G1033,327784.0,346486.0,-18702.0,-5.397620683086762
2026-03-31,SPDR S&P MIDCAP 400 ETF TRUST,Roivant Sciences Ltd,000000000,BMG762791017,BMG762791017,3398422.0,3292474.0,105948.0,3.2178841807103105
2026-03-31,SPDR S&P MIDCAP 400 ETF TRUST,VALARIS LTD,000000000,BMG9460G1015,BMG9460G1015,485272.0,486229.0,-957.0,-0.19682083956325105
2026-03-31,SPDR S&P MIDCAP 400 ETF TRUST,Novanta Inc,67000B104,CA67000B1040,CA67000B1040,269649.0,268824.0,825.0,0.3068922417641282
2026-03-31,SPDR S&P MIDCAP 400 ETF TRUST,RB Global Inc,74935Q107,CA74935Q1072,CA74935Q1072,1399578.0,1395349.0,4229.0,0.30307829797419855
2026-03-31,SPDR S&P MIDCAP 400 ETF TRUST,TechnipFMC PLC,000000000,GB00BDSFG982,GB00BDSFG982,3048921.0,3039693.0,9228.0,0.3035832894966696
2026-03-31,SPDR S&P MIDCAP 400 ETF TRUST,Sensata Technologies Holding PLC,000000000,GB00BFMBMT84,GB00BFMBMT84,1097994.0,1094678.0,3316.0,0.3029201281107321
2026-03-31,SPDR S&P MIDCAP 400 ETF TRUST,LivaNova PLC,000000000,GB00BYMT0J19,GB00BYMT0J19,411568.0,410327.0,1241.0,0.3024417111230799
2026-03-31,SPDR S&P MIDCAP 400 ETF TRUST,Jazz Pharmaceuticals PLC,000000000,IE00B4Q5ZN47,IE00B4Q5ZN47,457993.0,456608.0,1385.0,0.303323638657229
2026-03-31,SPDR S&P MIDCAP 400 ETF TRUST,NVent Electric PLC,000000000,IE00BDVJJQ56,IE00BDVJJQ56,1216188.0,1212510.0,3678.0,0.30333770443130365
2026-03-31,SPDR S&P MIDCAP 400 ETF TRUST,Weatherford International Plc,000000000,IE00BLNN3691,IE00BLNN3691,540548.0,539002.0,1546.0,0.286826393965143
2026-03-31,SPDR S&P MIDCAP 400 ETF TRUST,Janus Henderson Group PLC,000000000,JE00BYPZJM29,JE00BYPZJM29,929028.0,928627.0,401.0,0.04318203110613842
2026-03-31,SPDR S&P MIDCAP 400 ETF TRUST,Fabrinet,000000000,KYG3323L1005,KYG3323L1005,270027.0,269215.0,812.0,0.30161766617759045
2026-03-31,SPDR S&P MIDCAP 400 ETF TRUST,CNH INDUSTRIAL NV,000000000,NL0010545661,NL0010545661,6669940.0,6649782.0,20158.0,0.3031377569971467
2026-03-31,SPDR S&P MIDCAP 400 ETF TRUST,FLEX LTD,000000000,SG9999000020,SG9999000020,2771201.0,2778721.0,-7520.0,-0.27062810552048944
2026-03-31,SPDR S&P MIDCAP 400 ETF TRUST,Aaon Inc,000360206,US0003602069,US0003602069,510041.0,508502.0,1539.0,0.30265367687836037
2026-03-31,SPDR S&P MIDCAP 400 ETF TRUST,Agco Corporation,001084102,US0010841023,US0010841023,452930.0,465422.0,-12492.0,-2.684015796417015
2026-03-31,SPDR S&P MIDCAP 400 ETF TRUST,API Group Corp,00187Y100,US00187Y1001,US00187Y1001,2892018.0,2781471.0,110547.0,3.974407786383536
2026-03-31,SPDR S&P MIDCAP 400 ETF TRUST,Abercrombie & Fitch Co,002896207,US0028962076,US0028962076,345636.0,353699.0,-8063.0,-2.2796219384278724
2026-03-31,SPDR S&P MIDCAP 400 ETF TRUST,ACUITY INC,00508Y102,US00508Y1029,US00508Y1029,229604.0,228533.0,1071.0,0.4686412903169346
2026-03-31,SPDR S&P MIDCAP 400 ETF TRUST,AECOM,00766T100,US00766T1007,US00766T1007,974462.0,995242.0,-20780.0,-2.0879343918363573
2026-03-31,SPDR S&P MIDCAP 400 ETF TRUST,Advanced Drainage System Inc,00790R104,US00790R1041,US00790R1041,540132.0,537597.0,2535.0,0.4715428099487162
2026-03-31,SPDR S&P MIDCAP 400 ETF TRUST,"AeroVironment, Inc.",008073108,US0080731088,US0080731088,239759.0,239068.0,691.0,0.2890391018455
2026-03-31,SPDR S&P MIDCAP 400 ETF TRUST,"Affiliated Managers Group, Inc.",008252108,US0082521081,US0082521081,212015.0,211370.0,645.0,0.30515210294743816
2026-03-31,SPDR S&P MIDCAP 400 ETF TRUST,Agree Realty Corp,008492100,US0084921008,US0084921008,903212.0,862193.0,41019.0,4.757519488096053
2026-03-31,SPDR S&P MIDCAP 400 ETF TRUST,Alaska Air Group Inc.,011659109,US0116591092,US0116591092,864064.0,871578.0,-7514.0,-0.862114463650987
2026-03-31,SPDR S&P MIDCAP 400 ETF TRUST,Albertsons Companies Inc.,013091103,US0130911037,US0130911037,2788858.0,2971929.0,-183071.0,-6.160005841323935
2026-03-31,SPDR S&P MIDCAP 400 ETF TRUST,Alcoa Corporation,013872106,US0138721065,US0138721065,1951833.0,1945938.0,5895.0,0.30293873699984275
2026-03-31,SPDR S&P MIDCAP 400 ETF TRUST,ATI Inc,01741R102,US01741R1023,US01741R1023,1024021.0,1020926.0,3095.0,0.3031561543148083
2026-03-31,SPDR S&P MIDCAP 400 ETF TRUST,Allegro MicroSystems Inc,01749D105,US01749D1054,US01749D1054,935687.0,932001.0,3686.0,0.39549313788289925
2026-03-31,SPDR S&P MIDCAP 400 ETF TRUST,Ally Financial Inc.,02005N100,US02005N1000,US02005N1000,2115902.0,2106475.0,9427.0,0.44752489348318875
2026-03-31,SPDR S&P MIDCAP 400 ETF TRUST,American Airlines Group Inc,02376R102,US02376R1023,US02376R1023,4976761.0,4960097.0,16664.0,0.3359611717270852
2026-03-31,SPDR S&P MIDCAP 400 ETF TRUST,"American Financial Group, Inc.",025932104,US0259321042,US0259321042,521759.0,520179.0,1580.0,0.3037415966426941
2026-03-31,SPDR S&P MIDCAP 400 ETF TRUST,American Homes 4 Rent,02665T306,US02665T3068,US02665T3068,2457204.0,2449773.0,7431.0,0.3033342272937125
2026-03-31,SPDR S&P MIDCAP 400 ETF TRUST,"Amkor Technology, Inc.",031652100,US0316521006,US0316521006,857453.0,854446.0,3007.0,0.3519239366794391
2026-03-31,SPDR S&P MIDCAP 400 ETF TRUST,"Annaly Capital Management, Inc.",035710839,US0357108390,US0357108390,5414553.0,5132513.0,282040.0,5.495163870018449
2026-03-31,SPDR S&P MIDCAP 400 ETF TRUST,Antero Resources Corporation,03674X106,US03674X1063,US03674X1063,2209117.0,2202214.0,6903.0,0.3134572752693426
2026-03-31,SPDR S&P MIDCAP 400 ETF TRUST,ANTERO MIDSTREAM CORP,03676B102,US03676B1026,US03676B1026,2495957.0,2505221.0,-9264.0,-0.3697877352936128
2026-03-31,SPDR S&P MIDCAP 400 ETF TRUST,AppFolio Inc.,03783C100,US03783C1009,US03783C1009,183412.0,173378.0,10034.0,5.787354797033072
2026-03-31,SPDR S&P MIDCAP 400 ETF TRUST,Applied Industrial Technologies Inc.,03820C105,US03820C1053,US03820C1053,281151.0,283425.0,-2274.0,-0.8023286583752315
2026-03-31,SPDR S&P MIDCAP 400 ETF TRUST,Aptargroup Inc.,038336103,US0383361039,US0383361039,485235.0,493083.0,-7848.0,-1.5916184496322119
2026-03-31,SPDR S&P MIDCAP 400 ETF TRUST,Aramark,03852U106,US03852U1060,US03852U1060,1981021.0,1975147.0,5874.0,0.2973955862525675
2026-03-31,SPDR S&P MIDCAP 400 ETF TRUST,"Arrow Electronics, Inc.",042735100,US0427351004,US0427351004,385038.0,387070.0,-2032.0,-0.5249696437336916
2026-03-31,SPDR S&P MIDCAP 400 ETF TRUST,Ashland Inc.,044186104,US0441861046,US0441861046,344917.0,343450.0,1467.0,0.42713640995778135
2026-03-31,SPDR S&P MIDCAP 400 ETF TRUST,Associated Banc-Corp,045487105,US0454871056,US0454871056,1233095.0,1228538.0,4557.0,0.37092869736223055
2026-03-31,SPDR S&P MIDCAP 400 ETF TRUST,AUTOLIV INC,052800109,US0528001094,US0528001094,518022.0,525161.0,-7139.0,-1.3593926433988814
2026-03-31,SPDR S&P MIDCAP 400 ETF TRUST,AUTONATION INC,05329W102,US05329W1027,US05329W1027,196218.0,205547.0,-9329.0,-4.538621337212414
2026-03-31,SPDR S&P MIDCAP 400 ETF TRUST,Avantor Inc,05352A100,US05352A1007,US05352A1007,5140747.0,5123376.0,17371.0,0.3390537801637046
2026-03-31,SPDR S&P MIDCAP 400 ETF TRUST,Avient Corporation,05368V106,US05368V1061,US05368V1061,690137.0,688041.0,2096.0,0.30463300878872046
2026-03-31,SPDR S&P MIDCAP 400 ETF TRUST,Avis Budget Group Inc.,053774105,US0537741052,US0537741052,127335.0,126954.0,381.0,0.3001087007892623
2026-03-31,SPDR S&P MIDCAP 400 ETF TRUST,"Avnet, Inc.",053807103,US0538071038,US0538071038,617013.0,611133.0,5880.0,0.9621473558128918
2026-03-31,SPDR S&P MIDCAP 400 ETF TRUST,BJ Wholesale Club Holdings Inc,05550J101,US05550J1016,US05550J1016,986217.0,990034.0,-3817.0,-0.38554231470838374
2026-03-31,SPDR S&P MIDCAP 400 ETF TRUST,BWX Technologies Inc.,05605H100,US05605H1005,US05605H1005,689097.0,687012.0,2085.0,0.30348814867862567
2026-03-31,SPDR S&P MIDCAP 400 ETF TRUST,Bank OZK,06417N103,US06417N1037,US06417N1037,782048.0,795639.0,-13591.0,-1.7081867530374957
2026-03-31,SPDR S&P MIDCAP 400 ETF TRUST,Bath & Body Works Inc,070830104,US0708301041,US0708301041,1543011.0,1549363.0,-6352.0,-0.4099749380874592
2026-03-31,SPDR S&P MIDCAP 400 ETF TRUST,Belden Inc.,077454106,US0774541066,US0774541066,296217.0,295313.0,904.0,0.30611588382495863
2026-03-31,SPDR S&P MIDCAP 400 ETF TRUST,BellRing Intermediate Holdings Inc.,07831C103,US07831C1036,US07831C1036,883872.0,946646.0,-62774.0,-6.631201103686066
2026-03-31,SPDR S&P MIDCAP 400 ETF TRUST,Bentley Systems Incorporated,08265T208,US08265T2087,US08265T2087,1122501.0,1119108.0,3393.0,0.3031878960743735
2026-03-31,SPDR S&P MIDCAP 400 ETF TRUST,BILL Holdings Inc,090043100,US0900431000,US0900431000,663827.0,669827.0,-6000.0,-0.89575367968147
2026-03-31,SPDR S&P MIDCAP 400 ETF TRUST,"Bio-Rad Laboratories, Inc.",090572207,US0905722072,US0905722072,137043.0,136625.0,418.0,0.3059469350411711
2026-03-31,SPDR S&P MIDCAP 400 ETF TRUST,Biomarin Pharmaceutical Inc.,09061G101,US09061G1013,US09061G1013,1447981.0,1443606.0,4375.0,0.3030605303663188
2026-03-31,SPDR S&P MIDCAP 400 ETF TRUST,Black Hills Corporation,092113109,US0921131092,US0921131092,568864.0,567128.0,1736.0,0.3061037367225741
2026-03-31,SPDR S&P MIDCAP 400 ETF TRUST,Blackbaud Inc,09227Q100,US09227Q1004,US09227Q1004,269795.0,275595.0,-5800.0,-2.1045374553239355
2026-03-31,SPDR S&P MIDCAP 400 ETF TRUST,Block(H&R)Inc,093671105,US0936711052,US0936711052,955402.0,949998.0,5404.0,0.568843302828006
2026-03-31,SPDR S&P MIDCAP 400 ETF TRUST,Booz Allen Hamilton Holding Corp.,099502106,US0995021062,US0995021062,908926.0,911494.0,-2568.0,-0.2817352610110434
2026-03-31,SPDR S&P MIDCAP 400 ETF TRUST,BorgWarner Inc.,099724106,US0997241064,US0997241064,1560548.0,1607524.0,-46976.0,-2.9222580813723464
2026-03-31,SPDR S&P MIDCAP 400 ETF TRUST,Boston Beer Co Inc,100557107,US1005571070,US1005571070,57975.0,57800.0,175.0,0.3027681660899654
2026-03-31,SPDR S&P MIDCAP 400 ETF TRUST,Boyd Gaming Corporation,103304101,US1033041013,US1033041013,435723.0,434402.0,1321.0,0.30409620581857355
2026-03-31,SPDR S&P MIDCAP 400 ETF TRUST,Brighthouse Financial Inc.,10922N103,US10922N1037,US10922N1037,431005.0,429601.0,1404.0,0.3268148817158247
2026-03-31,SPDR S&P MIDCAP 400 ETF TRUST,Brinks Company,109696104,US1096961040,US1096961040,313134.0,312190.0,944.0,0.30237996092123387
2026-03-31,SPDR S&P MIDCAP 400 ETF TRUST,Brixmor Property Group Inc,11120U105,US11120U1051,US11120U1051,2310800.0,2300133.0,10667.0,0.46375579151292556
2026-03-31,SPDR S&P MIDCAP 400 ETF TRUST,Bruker Corporation,116794108,US1167941087,US1167941087,835996.0,833466.0,2530.0,0.3035516745734079
2026-03-31,SPDR S&P MIDCAP 400 ETF TRUST,Brunswick Corporation,117043109,US1170431092,US1170431092,490195.0,488708.0,1487.0,0.3042716714275191
2026-03-31,SPDR S&P MIDCAP 400 ETF TRUST,Burlington Stores Inc.,122017106,US1220171060,US1220171060,468659.0,467924.0,735.0,0.15707679024798898
2026-03-31,SPDR S&P MIDCAP 400 ETF TRUST,"CNO Financial Group, Inc.",12621E103,US12621E1038,US12621E1038,712260.0,716520.0,-4260.0,-0.5945402780103836
2026-03-31,SPDR S&P MIDCAP 400 ETF TRUST,CNX Resources Corporation,12653C108,US12653C1080,US12653C1080,1073039.0,1013178.0,59861.0,5.908241197499354
2026-03-31,SPDR S&P MIDCAP 400 ETF TRUST,Cabot Corporation,127055101,US1270551013,US1270551013,393605.0,399792.0,-6187.0,-1.5475547284587987
2026-03-31,SPDR S&P MIDCAP 400 ETF TRUST,CACI International Inc.,127190304,US1271903049,US1271903049,166460.0,165916.0,544.0,0.3278767569131368
2026-03-31,SPDR S&P MIDCAP 400 ETF TRUST,Carlisle Companies Inc.,142339100,US1423391002,US1423391002,307449.0,313241.0,-5792.0,-1.8490555195520384
2026-03-31,SPDR S&P MIDCAP 400 ETF TRUST,Carlyle Group Inc,14316J108,US14316J1088,US14316J1088,1955840.0,1949929.0,5911.0,0.30313924250575275
2026-03-31,SPDR S&P MIDCAP 400 ETF TRUST,Carpenter Technology Corporation,144285103,US1442851036,US1442851036,375422.0,374356.0,1066.0,0.28475568709997967
2026-03-31,SPDR S&P MIDCAP 400 ETF TRUST,Casey'S General Stores Inc.,147528103,US1475281036,US1475281036,279381.0,279390.0,-9.0,-0.0032213035541715884
2026-03-31,SPDR S&P MIDCAP 400 ETF TRUST,CAVA GROUP INC,148929102,US1489291021,US1489291021,751812.0,749539.0,2273.0,0.3032530662180353
2026-03-31,SPDR S&P MIDCAP 400 ETF TRUST,CELSIUS HOLDINGS INC,15118V207,US15118V2079,US15118V2079,1204637.0,1200992.0,3645.0,0.3034991074045456
2026-03-31,SPDR S&P MIDCAP 400 ETF TRUST,Chart Industries Inc,16115Q308,US16115Q3083,US16115Q3083,338818.0,332073.0,6745.0,2.031179891168508
2026-03-31,SPDR S&P MIDCAP 400 ETF TRUST,Chemed Corporation,16359R103,US16359R1032,US16359R1032,106753.0,106433.0,320.0,0.3006586303120273
2026-03-31,SPDR S&P MIDCAP 400 ETF TRUST,Chewy Inc,16679L109,US16679L1098,US16679L1098,1797751.0,1691188.0,106563.0,6.301073564855002
2026-03-31,SPDR S&P MIDCAP 400 ETF TRUST,"Choice Hotels International, Inc.",169905106,US1699051066,US1699051066,155788.0,155314.0,474.0,0.3051881993896236
2026-03-31,SPDR S&P MIDCAP 400 ETF TRUST,Churchill Downs Inc,171484108,US1714841087,US1714841087,499277.0,497771.0,1506.0,0.30254876238270206
2026-03-31,SPDR S&P MIDCAP 400 ETF TRUST,"Cirrus Logic, Inc.",172755100,US1727551004,US1727551004,384446.0,383455.0,991.0,0.2584397126129533
2026-03-31,SPDR S&P MIDCAP 400 ETF TRUST,"Clean Harbors, Inc.",184496107,US1844961078,US1844961078,378557.0,377414.0,1143.0,0.3028504506987022
2026-03-31,SPDR S&P MIDCAP 400 ETF TRUST,Cleveland-Cliffs Inc,185899101,US1858991011,US1858991011,4299090.0,4280960.0,18130.0,0.4235031394827328
2026-03-31,SPDR S&P MIDCAP 400 ETF TRUST,Coca-Cola Consolidated Inc,191098102,US1910981026,US1910981026,426354.0,425062.0,1292.0,0.30395565823338716
2026-03-31,SPDR S&P MIDCAP 400 ETF TRUST,Cognex Corp,192422103,US1924221039,US1924221039,1248960.0,1259385.0,-10425.0,-0.827784990292881
2026-03-31,SPDR S&P MIDCAP 400 ETF TRUST,Columbia Banking System Inc.,197236102,US1972361026,US1972361026,2226624.0,2247691.0,-21067.0,-0.9372729614524418
2026-03-31,SPDR S&P MIDCAP 400 ETF TRUST,Columbia Sportswear Co.,198516106,US1985161066,US1985161066,190899.0,190323.0,576.0,0.30264340095521824
2026-03-31,SPDR S&P MIDCAP 400 ETF TRUST,COMMERCE BANCSHARES INC (MO),200525103,US2005251036,US2005251036,1032903.0,971624.0,61279.0,6.3068635603896155
2026-03-31,SPDR S&P MIDCAP 400 ETF TRUST,Commercial Metals Company,201723103,US2017231034,US2017231034,835921.0,833849.0,2072.0,0.24848623671671968
2026-03-31,SPDR S&P MIDCAP 400 ETF TRUST,Commvault Systems Inc.,204166102,US2041661024,US2041661024,331437.0,331336.0,101.0,0.03048265205109013
2026-03-31,SPDR S&P MIDCAP 400 ETF TRUST,Concentrix Corp.,20602D101,US20602D1019,US20602D1019,329629.0,332148.0,-2519.0,-0.758396859231427
2026-03-31,SPDR S&P MIDCAP 400 ETF TRUST,Corebridge Financial Inc.,21871X109,US21871X1090,US21871X1090,1924180.0,2008886.0,-84706.0,-4.216565798158781
2026-03-31,SPDR S&P MIDCAP 400 ETF TRUST,Core & Main Inc,21874C102,US21874C1027,US21874C1027,1423026.0,1432898.0,-9872.0,-0.6889534356248666
2026-03-31,SPDR S&P MIDCAP 400 ETF TRUST,COPT Defense Properties,22002T108,US22002T1088,US22002T1088,851470.0,848892.0,2578.0,0.3036899864764893
2026-03-31,SPDR S&P MIDCAP 400 ETF TRUST,Coty Inc.,222070203,US2220702037,US2220702037,2785738.0,2760310.0,25428.0,0.921200879611348
2026-03-31,SPDR S&P MIDCAP 400 ETF TRUST,Cousins Properties Inc.,222795502,US2227955026,US2227955026,1266099.0,1262143.0,3956.0,0.31343516542895694
2026-03-31,SPDR S&P MIDCAP 400 ETF TRUST,Crane Co.,224408104,US2244081046,US2244081046,368994.0,367878.0,1116.0,0.3033614404775496
2026-03-31,SPDR S&P MIDCAP 400 ETF TRUST,Crane NXT Co,224441105,US2244411052,US2244411052,372204.0,371079.0,1125.0,0.303169944944338
2026-03-31,SPDR S&P MIDCAP 400 ETF TRUST,Crocs Inc,227046109,US2270461096,US2270461096,378617.0,390113.0,-11496.0,-2.9468384801326795
2026-03-31,SPDR S&P MIDCAP 400 ETF TRUST,Crown Holdings Inc,228368106,US2283681060,US2283681060,844838.0,856768.0,-11930.0,-1.3924422947635766
2026-03-31,SPDR S&P MIDCAP 400 ETF TRUST,CUBESMART,229663109,US2296631094,US2296631094,1718749.0,1713535.0,5214.0,0.30428325070687207
2026-03-31,SPDR S&P MIDCAP 400 ETF TRUST,"Cullen/Frost Bankers, Inc.",229899109,US2298991090,US2298991090,476363.0,480474.0,-4111.0,-0.855613415085936
2026-03-31,SPDR S&P MIDCAP 400 ETF TRUST,Curtiss-Wright Corp.,231561101,US2315611010,US2315611010,277895.0,277090.0,805.0,0.2905193258508066
2026-03-31,SPDR S&P MIDCAP 400 ETF TRUST,Cytokinetics Inc,23282W605,US23282W6057,US23282W6057,921542.0,918739.0,2803.0,0.30509208817738226
2026-03-31,SPDR S&P MIDCAP 400 ETF TRUST,DT Midstream Inc,23345M107,US23345M1071,US23345M1071,766326.0,764011.0,2315.0,0.30300610855079313
2026-03-31,SPDR S&P MIDCAP 400 ETF TRUST,"Darling Ingredients, Inc",237266101,US2372661015,US2372661015,1192268.0,1188660.0,3608.0,0.30353507310753286
2026-03-31,SPDR S&P MIDCAP 400 ETF TRUST,Dentsply Sirona Inc,24906P109,US24906P1093,US24906P1093,1504044.0,1499497.0,4547.0,0.30323501814275056
2026-03-31,SPDR S&P MIDCAP 400 ETF TRUST,"Dick's Sporting Goods, Inc.",253393102,US2533931026,US2533931026,500448.0,496741.0,3707.0,0.7462641497279267
2026-03-31,SPDR S&P MIDCAP 400 ETF TRUST,Docusign Inc,256163106,US2561631068,US2561631068,1509471.0,1511160.0,-1689.0,-0.11176844278567458
2026-03-31,SPDR S&P MIDCAP 400 ETF TRUST,Dolby Laboratories Inc.,25659T107,US25659T1079,US25659T1079,458901.0,459757.0,-856.0,-0.18618531093599444
2026-03-31,SPDR S&P MIDCAP 400 ETF TRUST,Donaldson Co Inc,257651109,US2576511099,US2576511099,869306.0,870391.0,-1085.0,-0.12465661984096804
2026-03-31,SPDR S&P MIDCAP 400 ETF TRUST,Dropbox Inc,26210C104,US26210C1045,US26210C1045,1314645.0,1310671.0,3974.0,0.3032034736406009
2026-03-31,SPDR S&P MIDCAP 400 ETF TRUST,Duolingo Inc,26603R106,US26603R1068,US26603R1068,301591.0,300678.0,913.0,0.3036470909078815
2026-03-31,SPDR S&P MIDCAP 400 ETF TRUST,Doximity Inc,26622P107,US26622P1075,US26622P1075,1008554.0,1032272.0,-23718.0,-2.2976502317218714
2026-03-31,SPDR S&P MIDCAP 400 ETF TRUST,"Dycom Industries, Inc.",267475101,US2674751019,US2674751019,225860.0,217570.0,8290.0,3.8102679597370956
2026-03-31,SPDR S&P MIDCAP 400 ETF TRUST,Dynatrace Inc,268150109,US2681501092,US2681501092,2247950.0,2265478.0,-17528.0,-0.7736998549533476
2026-03-31,SPDR S&P MIDCAP 400 ETF TRUST,E L F Beauty Inc,26856L103,US26856L1035,US26856L1035,445084.0,448132.0,-3048.0,-0.6801567395321021
2026-03-31,SPDR S&P MIDCAP 400 ETF TRUST,EPR Properties,26884U109,US26884U1097,US26884U1097,573874.0,572140.0,1734.0,0.30307267452022235
2026-03-31,SPDR S&P MIDCAP 400 ETF TRUST,Eagle Materials Inc.,26969P108,US26969P1084,US26969P1084,236911.0,240939.0,-4028.0,-1.671792445390742
2026-03-31,SPDR S&P MIDCAP 400 ETF TRUST,East West Bancorp Inc,27579R104,US27579R1041,US27579R1041,1036997.0,1033865.0,3132.0,0.3029409062111591
2026-03-31,SPDR S&P MIDCAP 400 ETF TRUST,"Eastgroup Properties, Inc.",277276101,US2772761019,US2772761019,401316.0,400205.0,1111.0,0.2776077260404043
2026-03-31,SPDR S&P MIDCAP 400 ETF TRUST,Elanco Animal Health Inc,28414H103,US28414H1032,US28414H1032,3744903.0,3733588.0,11315.0,0.3030596841429745
2026-03-31,SPDR S&P MIDCAP 400 ETF TRUST,Encompass Health Corporation,29261A100,US29261A1007,US29261A1007,758352.0,756061.0,2291.0,0.3030178781870775
2026-03-31,SPDR S&P MIDCAP 400 ETF TRUST,EnerSys,29275Y102,US29275Y1029,US29275Y1029,277753.0,277346.0,407.0,0.14674810525480808
2026-03-31,SPDR S&P MIDCAP 400 ETF TRUST,Ensign Group Inc,29358P101,US29358P1012,US29358P1012,434717.0,432201.0,2516.0,0.5821365522060338
2026-03-31,SPDR S&P MIDCAP 400 ETF TRUST,Entegris Inc,29362U104,US29362U1043,US29362U1043,1145642.0,1139171.0,6471.0,0.5680446570356865
2026-03-31,SPDR S&P MIDCAP 400 ETF TRUST,Envista Holdings Corporation,29415F104,US29415F1049,US29415F1049,1235142.0,1235550.0,-408.0,-0.033021731212820205
2026-03-31,SPDR S&P MIDCAP 400 ETF TRUST,Equitable Holdings Inc,29452E101,US29452E1010,US29452E1010,2135263.0,2153093.0,-17830.0,-0.8281110012433276
2026-03-31,SPDR S&P MIDCAP 400 ETF TRUST,Equity Lifestyle Properties Inc,29472R108,US29472R1086,US29472R1086,1460955.0,1456485.0,4470.0,0.3069032636793376
2026-03-31,SPDR S&P MIDCAP 400 ETF TRUST,ESAB Corp.,29605J106,US29605J1060,US29605J1060,430126.0,428827.0,1299.0,0.30291935908886336
2026-03-31,SPDR S&P MIDCAP 400 ETF TRUST,Essential Utilities Inc,29670G102,US29670G1022,US29670G1022,2132817.0,2126372.0,6445.0,0.30309842304168794
2026-03-31,SPDR S&P MIDCAP 400 ETF TRUST,"Euronet Worldwide, Inc.",298736109,US2987361092,US2987361092,294721.0,293825.0,896.0,0.3049434187016081
2026-03-31,SPDR S&P MIDCAP 400 ETF TRUST,Evercore Inc.,29977A105,US29977A1051,US29977A1051,291529.0,290639.0,890.0,0.3062218078096883
2026-03-31,SPDR S&P MIDCAP 400 ETF TRUST,"Exelixis, Inc.",30161Q104,US30161Q1040,US30161Q1040,1957453.0,2014679.0,-57226.0,-2.8404524988844377
2026-03-31,SPDR S&P MIDCAP 400 ETF TRUST,ExlService Holdings Inc.,302081104,US3020811044,US3020811044,1184452.0,1192530.0,-8078.0,-0.6773833781959363
2026-03-31,SPDR S&P MIDCAP 400 ETF TRUST,Exponent Inc,30214U102,US30214U1025,US30214U1025,375996.0,374867.0,1129.0,0.3011734828619217
2026-03-31,SPDR S&P MIDCAP 400 ETF TRUST,F N B Corp (Pennsylvania),302520101,US3025201019,US3025201019,2693034.0,2691156.0,1878.0,0.069784137374422
2026-03-31,SPDR S&P MIDCAP 400 ETF TRUST,"FTI Consulting, Inc.",302941109,US3029411093,US3029411093,228111.0,227421.0,690.0,0.3034020604957326
2026-03-31,SPDR S&P MIDCAP 400 ETF TRUST,Federated Hermes Inc,314211103,US3142111034,US3142111034,556997.0,555316.0,1681.0,0.3027105287800099
2026-03-31,SPDR S&P MIDCAP 400 ETF TRUST,"Fidelity National Financial, Inc.",31620R303,US31620R3030,US31620R3030,1922395.0,1915070.0,7325.0,0.3824925459643773
2026-03-31,SPDR S&P MIDCAP 400 ETF TRUST,First American Financial Corporation,31847R102,US31847R1023,US31847R1023,768028.0,765710.0,2318.0,0.3027255749565762
2026-03-31,SPDR S&P MIDCAP 400 ETF TRUST,First Financial Bankshares Inc,32020R109,US32020R1095,US32020R1095,982263.0,979244.0,3019.0,0.30829905518951356
2026-03-31,SPDR S&P MIDCAP 400 ETF TRUST,First Horizon Corporation,320517105,US3205171057,US3205171057,3655515.0,3700006.0,-44491.0,-1.202457509528363
2026-03-31,SPDR S&P MIDCAP 400 ETF TRUST,FIRST INDUSTRIAL REALTY TRUST INC,32054K103,US32054K1034,US32054K1034,998848.0,995062.0,3786.0,0.3804788043358102
2026-03-31,SPDR S&P MIDCAP 400 ETF TRUST,Firstcash Holdings Inc,33768G107,US33768G1076,US33768G1076,291743.0,291841.0,-98.0,-0.033579928796844856
2026-03-31,SPDR S&P MIDCAP 400 ETF TRUST,Five Below Inc,33829M101,US33829M1018,US33829M1018,415725.0,414377.0,1348.0,0.3253076304910746
2026-03-31,SPDR S&P MIDCAP 400 ETF TRUST,Floor And Decor Holding Inc.,339750101,US3397501012,US3397501012,812161.0,809713.0,2448.0,0.30232934385393345
2026-03-31,SPDR S&P MIDCAP 400 ETF TRUST,Fluor Corporation,343412102,US3434121022,US3434121022,1214852.0,1211180.0,3672.0,0.30317541571029905
2026-03-31,SPDR S&P MIDCAP 400 ETF TRUST,"Flowers Foods, Inc.",343498101,US3434981011,US3434981011,1591669.0,1586859.0,4810.0,0.30311451742089246
2026-03-31,SPDR S&P MIDCAP 400 ETF TRUST,Flowserve Corporation,34354P105,US34354P1057,US34354P1057,957448.0,955191.0,2257.0,0.23628782096983747
2026-03-31,SPDR S&P MIDCAP 400 ETF TRUST,Fortune Brands Innovations Inc,34964C106,US34964C1062,US34964C1062,905491.0,902756.0,2735.0,0.30296115450908107
2026-03-31,SPDR S&P MIDCAP 400 ETF TRUST,GATX Corporation,361448103,US3614481030,US3614481030,269073.0,268262.0,811.0,0.30231639218376066
2026-03-31,SPDR S&P MIDCAP 400 ETF TRUST,GXO Logistics Inc.,36262G101,US36262G1013,US36262G1013,863088.0,860284.0,2804.0,0.32593887599908866
2026-03-31,SPDR S&P MIDCAP 400 ETF TRUST,Gaming and Leisure Properties Inc,36467J108,US36467J1088,US36467J1088,2133079.0,2126613.0,6466.0,0.30405155992180993
2026-03-31,SPDR S&P MIDCAP 400 ETF TRUST,Gamestop Corp,36467W109,US36467W1099,US36467W1099,3106552.0,3096471.0,10081.0,0.3255641664333365
2026-03-31,SPDR S&P MIDCAP 400 ETF TRUST,The Gap Inc.,364760108,US3647601083,US3647601083,1709960.0,1700784.0,9176.0,0.5395158938466025
2026-03-31,SPDR S&P MIDCAP 400 ETF TRUST,Gentex Corp,371901109,US3719011096,US3719011096,1650189.0,1645208.0,4981.0,0.30275807071203154
2026-03-31,SPDR S&P MIDCAP 400 ETF TRUST,Glacier Bancorp Inc.,37637Q105,US37637Q1058,US37637Q1058,969811.0,966658.0,3153.0,0.3261753381237211
2026-03-31,SPDR S&P MIDCAP 400 ETF TRUST,Globus Med Inc,379577208,US3795772082,US3795772082,839700.0,837163.0,2537.0,0.3030473157557131
2026-03-31,SPDR S&P MIDCAP 400 ETF TRUST,Goodyear Tire & Rubber Co. The,382550101,US3825501014,US3825501014,2157473.0,2150305.0,7168.0,0.33334805992638256
2026-03-31,SPDR S&P MIDCAP 400 ETF TRUST,Graco Inc,384109104,US3841091040,US3841091040,1249604.0,1245829.0,3775.0,0.30301108739642435
2026-03-31,SPDR S&P MIDCAP 400 ETF TRUST,Graham Holdings Co,384637104,US3846371041,US3846371041,25607.0,25534.0,73.0,0.28589331871230517
2026-03-31,SPDR S&P MIDCAP 400 ETF TRUST,Grand Canyon Education Inc,38526M106,US38526M1062,US38526M1062,208256.0,207628.0,628.0,0.30246402219353846
2026-03-31,SPDR S&P MIDCAP 400 ETF TRUST,GRAPHIC PACKAGING HOLDING CO,388689101,US3886891015,US3886891015,2224412.0,2217649.0,6763.0,0.3049625977780974
2026-03-31,SPDR S&P MIDCAP 400 ETF TRUST,"Greif, Inc.",397624107,US3976241071,US3976241071,186555.0,196650.0,-10095.0,-5.13348588863463
2026-03-31,SPDR S&P MIDCAP 400 ETF TRUST,Guidewire Software Inc,40171V100,US40171V1008,US40171V1008,640798.0,638860.0,1938.0,0.3033528472591804
2026-03-31,SPDR S&P MIDCAP 400 ETF TRUST,HF Sinclair Corp.,403949100,US4039491000,US4039491000,1178473.0,1174909.0,3564.0,0.3033426418556671
2026-03-31,SPDR S&P MIDCAP 400 ETF TRUST,Haemonetics Corp,405024100,US4050241003,US4050241003,350256.0,351745.0,-1489.0,-0.42331802868555346
2026-03-31,SPDR S&P MIDCAP 400 ETF TRUST,Halozyme Therapeutics Inc,40637H109,US40637H1095,US40637H1095,886341.0,883662.0,2679.0,0.30317021666655347
2026-03-31,SPDR S&P MIDCAP 400 ETF TRUST,Hamilton Lane Inc,407497106,US4074971064,US4074971064,307989.0,307253.0,736.0,0.23954200609920812
2026-03-31,SPDR S&P MIDCAP 400 ETF TRUST,Hancock Whitney Corporation,410120109,US4101201097,US4101201097,619999.0,628295.0,-8296.0,-1.3203988572247112
2026-03-31,SPDR S&P MIDCAP 400 ETF TRUST,"The Hanover Insurance Group, Inc.",410867105,US4108671052,US4108671052,266817.0,267389.0,-572.0,-0.21392054272988043
2026-03-31,SPDR S&P MIDCAP 400 ETF TRUST,"Harley-Davidson, Inc.",412822108,US4128221086,US4128221086,890453.0,887757.0,2696.0,0.3036867070606033
2026-03-31,SPDR S&P MIDCAP 400 ETF TRUST,Healthequity Inc,42226A107,US42226A1079,US42226A1079,643941.0,647404.0,-3463.0,-0.5349055612878512
2026-03-31,SPDR S&P MIDCAP 400 ETF TRUST,HRTI LLC,42226K105,US42226K1051,US42226K1051,2629320.0,2642252.0,-12932.0,-0.489430985386708
2026-03-31,SPDR S&P MIDCAP 400 ETF TRUST,Hecla Mining Company,422704106,US4227041062,US4227041062,5050598.0,5035338.0,15260.0,0.3030581065263146
2026-03-31,SPDR S&P MIDCAP 400 ETF TRUST,Hexcel Corporation,428291108,US4282911084,US4282911084,571842.0,598185.0,-26343.0,-4.403821560219664
2026-03-31,SPDR S&P MIDCAP 400 ETF TRUST,Hilton Grand Vacations Inc,43283X105,US43283X1054,US43283X1054,451325.0,449958.0,1367.0,0.3038061330168593
2026-03-31,SPDR S&P MIDCAP 400 ETF TRUST,Hims & Hers Health Inc,433000106,US4330001060,US4330001060,1570029.0,1565285.0,4744.0,0.30307579769818277
2026-03-31,SPDR S&P MIDCAP 400 ETF TRUST,HOME BANCSHARES INC,436893200,US4368932004,US4368932004,1378838.0,1373497.0,5341.0,0.3888614245244074
2026-03-31,SPDR S&P MIDCAP 400 ETF TRUST,Houlihan Lokey Inc.,441593100,US4415931009,US4415931009,409671.0,409643.0,28.0,0.006835219935407172
2026-03-31,SPDR S&P MIDCAP 400 ETF TRUST,Hyatt Hotels Corporation,448579102,US4485791028,US4485791028,311551.0,314241.0,-2690.0,-0.8560308807571259
2026-03-31,SPDR S&P MIDCAP 400 ETF TRUST,IPG Photonics Corp,44980X109,US44980X1090,US44980X1090,190509.0,189917.0,592.0,0.31171511765666055
2026-03-31,SPDR S&P MIDCAP 400 ETF TRUST,ITT Inc,45073V108,US45073V1089,US45073V1089,648195.0,638717.0,9478.0,1.4839122803996136
2026-03-31,SPDR S&P MIDCAP 400 ETF TRUST,Idacorp Inc,451107106,US4511071064,US4511071064,407347.0,406111.0,1236.0,0.3043502884679312
2026-03-31,SPDR S&P MIDCAP 400 ETF TRUST,Illumina Inc,452327109,US4523271090,US4523271090,1152422.0,1148188.0,4234.0,0.3687549425703805
2026-03-31,SPDR S&P MIDCAP 400 ETF TRUST,Independence Realty Trust Inc,45378A106,US45378A1060,US45378A1060,1785172.0,1793886.0,-8714.0,-0.485761079578078
2026-03-31,SPDR S&P MIDCAP 400 ETF TRUST,Ingredion Incorporated,457187102,US4571871023,US4571871023,474840.0,477385.0,-2545.0,-0.5331126868250993
2026-03-31,SPDR S&P MIDCAP 400 ETF TRUST,International Bancshares Corp,459044103,US4590441030,US4590441030,407632.0,406397.0,1235.0,0.3038900385583555
2026-03-31,SPDR S&P MIDCAP 400 ETF TRUST,Jefferies Financial Group Inc,47233W109,US47233W1099,US47233W1099,1246281.0,1240043.0,6238.0,0.5030470717547698
2026-03-31,SPDR S&P MIDCAP 400 ETF TRUST,Jones Lang LaSalle Incorporated,48020Q107,US48020Q1076,US48020Q1076,355718.0,354639.0,1079.0,0.30425305733435976
2026-03-31,SPDR S&P MIDCAP 400 ETF TRUST,KBR Inc,48242W106,US48242W1062,US48242W1062,957135.0,954243.0,2892.0,0.30306745766015575
2026-03-31,SPDR S&P MIDCAP 400 ETF TRUST,KB Home,48666K109,US48666K1097,US48666K1097,476153.0,486665.0,-10512.0,-2.1600073972856073
2026-03-31,SPDR S&P MIDCAP 400 ETF TRUST,Kilroy Realty Corporation,49427F108,US49427F1084,US49427F1084,821722.0,817874.0,3848.0,0.47048811919684447
2026-03-31,SPDR S&P MIDCAP 400 ETF TRUST,Kinsale Capital Group Inc,49714P108,US49714P1084,US49714P1084,166575.0,166067.0,508.0,0.3059006304684254
2026-03-31,SPDR S&P MIDCAP 400 ETF TRUST,Kirby Corp,497266106,US4972661064,US4972661064,408508.0,407276.0,1232.0,0.30249756921596166
2026-03-31,SPDR S&P MIDCAP 400 ETF TRUST,Kite Realty Group Trust,49803T300,US49803T3005,US49803T3005,1631830.0,1626895.0,4935.0,0.3033385682542512
2026-03-31,SPDR S&P MIDCAP 400 ETF TRUST,KNIFE RIVER CORP,498894104,US4988941047,US4988941047,427081.0,425792.0,1289.0,0.30272997144145497
2026-03-31,SPDR S&P MIDCAP 400 ETF TRUST,KNIGHT-SWIFT TRANSPORTATION HOLDINGS INC,499049104,US4990491049,US4990491049,1223569.0,1219867.0,3702.0,0.30347570677787006
2026-03-31,SPDR S&P MIDCAP 400 ETF TRUST,"Kratos Defense & Security Solutions, Inc.",50077B207,US50077B2079,US50077B2079,1391462.0,1268725.0,122737.0,9.674042838282528
2026-03-31,SPDR S&P MIDCAP 400 ETF TRUST,Kyndryl Holdings Inc,50155Q100,US50155Q1004,US50155Q1004,1722711.0,1717504.0,5207.0,0.30317251080637947
2026-03-31,SPDR S&P MIDCAP 400 ETF TRUST,Lamar Advertising Company,512816109,US5128161099,US5128161099,654698.0,652717.0,1981.0,0.3035005982684686
2026-03-31,SPDR S&P MIDCAP 400 ETF TRUST,Marzetti Co.,513847103,US5138471033,US5138471033,152952.0,152841.0,111.0,0.0726244921192612
2026-03-31,SPDR S&P MIDCAP 400 ETF TRUST,Landstar System Inc.,515098101,US5150981018,US5150981018,256704.0,258079.0,-1375.0,-0.532782597576711
2026-03-31,SPDR S&P MIDCAP 400 ETF TRUST,Lantheus Holdings Inc,516544103,US5165441032,US5165441032,499803.0,498289.0,1514.0,0.3038397395888731
2026-03-31,SPDR S&P MIDCAP 400 ETF TRUST,Lattice Semiconductor Corporation,518415104,US5184151042,US5184151042,1030988.0,1027854.0,3134.0,0.3049071171586626
2026-03-31,SPDR S&P MIDCAP 400 ETF TRUST,Lear Corporation,521865204,US5218652049,US5218652049,382339.0,389767.0,-7428.0,-1.9057539504370562
2026-03-31,SPDR S&P MIDCAP 400 ETF TRUST,Lincoln Electric Holdings Inc.,533900106,US5339001068,US5339001068,414734.0,413483.0,1251.0,0.3025517373144724
2026-03-31,SPDR S&P MIDCAP 400 ETF TRUST,Lithia Motors Incorporated,536797103,US5367971034,US5367971034,182776.0,182223.0,553.0,0.3034743144389018
2026-03-31,SPDR S&P MIDCAP 400 ETF TRUST,Littelfuse Inc.,537008104,US5370081045,US5370081045,187688.0,187122.0,566.0,0.30247645920843086
2026-03-31,SPDR S&P MIDCAP 400 ETF TRUST,Louisiana Pacific Corporation,546347105,US5463471053,US5463471053,477669.0,476220.0,1449.0,0.30427113518961824
2026-03-31,SPDR S&P MIDCAP 400 ETF TRUST,MGIC Investment Corp.,552848103,US5528481030,US5528481030,1653396.0,1681261.0,-27865.0,-1.6573869256468805
2026-03-31,SPDR S&P MIDCAP 400 ETF TRUST,MKS Inc.,55306N104,US55306N1046,US55306N1046,506261.0,504729.0,1532.0,0.30352922063126947
2026-03-31,SPDR S&P MIDCAP 400 ETF TRUST,MP Materials Corp,553368101,US5533681012,US5533681012,1015206.0,1012141.0,3065.0,0.3028234208474906
2026-03-31,SPDR S&P MIDCAP 400 ETF TRUST,MSA Safety Inc.,553498106,US5534981064,US5534981064,274723.0,276550.0,-1827.0,-0.6606400289278611
2026-03-31,SPDR S&P MIDCAP 400 ETF TRUST,MSC Industrial Direct Co Inc.,553530106,US5535301064,US5535301064,344887.0,343765.0,1122.0,0.32638575771239076
2026-03-31,SPDR S&P MIDCAP 400 ETF TRUST,MACOM TECHNOLOGY SOLUTIONS HOLDINGS INC,55405Y100,US55405Y1001,US55405Y1001,486219.0,481255.0,4964.0,1.0314698029111387
2026-03-31,SPDR S&P MIDCAP 400 ETF TRUST,"Macy's, Inc.",55616P104,US55616P1049,US55616P1049,2003989.0,2017640.0,-13651.0,-0.6765825419797388
2026-03-31,SPDR S&P MIDCAP 400 ETF TRUST,Manhattan Associates Inc,562750109,US5627501092,US5627501092,451085.0,452798.0,-1713.0,-0.3783143918480205
2026-03-31,SPDR S&P MIDCAP 400 ETF TRUST,MAPLEBEAR INC,565394103,US5653941030,US5653941030,1385116.0,1380929.0,4187.0,0.303201685242326
2026-03-31,SPDR S&P MIDCAP 400 ETF TRUST,Masimo Corporation,574795100,US5747951003,US5747951003,344120.0,343082.0,1038.0,0.30255157659101906
2026-03-31,SPDR S&P MIDCAP 400 ETF TRUST,"Mastec, Inc.",576323109,US5763231090,US5763231090,462306.0,460906.0,1400.0,0.3037495714961402
2026-03-31,SPDR S&P MIDCAP 400 ETF TRUST,Matador Resources Company,576485205,US5764852050,US5764852050,880445.0,877785.0,2660.0,0.30303548135363445
2026-03-31,SPDR S&P MIDCAP 400 ETF TRUST,"Mattel, Inc.",577081102,US5770811025,US5770811025,2342550.0,2335451.0,7099.0,0.30396698539168665
2026-03-31,SPDR S&P MIDCAP 400 ETF TRUST,Maximus Inc,577933104,US5779331041,US5779331041,411142.0,423432.0,-12290.0,-2.9024731243741617
2026-03-31,SPDR S&P MIDCAP 400 ETF TRUST,Medpace Holdings Inc.,58506Q109,US58506Q1094,US58506Q1094,168988.0,167216.0,1772.0,1.059707205052148
2026-03-31,SPDR S&P MIDCAP 400 ETF TRUST,Middleby Corp.,596278101,US5962781010,US5962781010,349273.0,348222.0,1051.0,0.30181895457495506
2026-03-31,SPDR S&P MIDCAP 400 ETF TRUST,Morningstar Inc,617700109,US6177001095,US6177001095,173048.0,179255.0,-6207.0,-3.4626649186912504
2026-03-31,SPDR S&P MIDCAP 400 ETF TRUST,Mueller Industries Inc.,624756102,US6247561029,US6247561029,836722.0,834195.0,2527.0,0.3029267737159777
2026-03-31,SPDR S&P MIDCAP 400 ETF TRUST,Murphy Oil Corporation,626717102,US6267171022,US6267171022,1011292.0,1008233.0,3059.0,0.30340209058818746
2026-03-31,SPDR S&P MIDCAP 400 ETF TRUST,Murphy USA Inc.,626755102,US6267551025,US6267551025,127335.0,128104.0,-769.0,-0.6002935115218885
2026-03-31,SPDR S&P MIDCAP 400 ETF TRUST,NOV Inc.,62955J103,US62955J1034,US62955J1034,2716403.0,2740871.0,-24468.0,-0.8927089235502145
2026-03-31,SPDR S&P MIDCAP 400 ETF TRUST,National Fuel Gas Company,636180101,US6361801011,US6361801011,716197.0,679024.0,37173.0,5.474475129008695
2026-03-31,SPDR S&P MIDCAP 400 ETF TRUST,NNN REIT Inc,637417106,US6374171063,US6374171063,1431593.0,1427127.0,4466.0,0.31293641000415523
2026-03-31,SPDR S&P MIDCAP 400 ETF TRUST,National Storage Affiliates Trust,637870106,US6378701063,US6378701063,533481.0,531871.0,1610.0,0.3027049792148848
2026-03-31,SPDR S&P MIDCAP 400 ETF TRUST,Neurocrine Biosciences Inc,64125C109,US64125C1099,US64125C1099,756448.0,749223.0,7225.0,0.9643323816807545
2026-03-31,SPDR S&P MIDCAP 400 ETF TRUST,VIPER ENERGY INC,64361Q101,US64361Q1013,US64361Q1013,1400561.0,1265644.0,134917.0,10.659948611141838
2026-03-31,SPDR S&P MIDCAP 400 ETF TRUST,New Jersey Resources Corp.,646025106,US6460251068,US6460251068,760077.0,754821.0,5256.0,0.6963240291406837
2026-03-31,SPDR S&P MIDCAP 400 ETF TRUST,Flagstar Bank National Association,649445400,US6494454001,US6494454001,2257416.0,2249367.0,8049.0,0.3578340039664492
2026-03-31,SPDR S&P MIDCAP 400 ETF TRUST,The New York Times Company,650111107,US6501111073,US6501111073,1217756.0,1214073.0,3683.0,0.30335902371603685
2026-03-31,SPDR S&P MIDCAP 400 ETF TRUST,Newmarket Corporation,651587107,US6515871076,US6515871076,58793.0,58611.0,182.0,0.31052191568135673
2026-03-31,SPDR S&P MIDCAP 400 ETF TRUST,NEXTPOWER INC,65290E101,US65290E1010,US65290E1010,1119081.0,1115027.0,4054.0,0.3635786397997537
2026-03-31,SPDR S&P MIDCAP 400 ETF TRUST,Nexstar Media Group Inc,65336K103,US65336K1034,US65336K1034,214848.0,214204.0,644.0,0.3006479804298706
2026-03-31,SPDR S&P MIDCAP 400 ETF TRUST,NorthWestern Energy Group Inc,668074305,US6680743050,US6680743050,463108.0,461432.0,1676.0,0.3632171154146223
2026-03-31,SPDR S&P MIDCAP 400 ETF TRUST,Nutanix Inc,67059N108,US67059N1081,US67059N1081,2038037.0,2034772.0,3265.0,0.1604602382969689
2026-03-31,SPDR S&P MIDCAP 400 ETF TRUST,OGE Energy Corporation,670837103,US6708371033,US6708371033,1548668.0,1513835.0,34833.0,2.3009773191926466
2026-03-31,SPDR S&P MIDCAP 400 ETF TRUST,Chord Energy Corp.,674215207,US6742152076,US6742152076,428596.0,427302.0,1294.0,0.302830316731492
2026-03-31,SPDR S&P MIDCAP 400 ETF TRUST,Okta Inc.,679295105,US6792951054,US6792951054,1277230.0,1265855.0,11375.0,0.8986021305757769
2026-03-31,SPDR S&P MIDCAP 400 ETF TRUST,Old National Bancorp,680033107,US6800331075,US6800331075,2613861.0,2613391.0,470.0,0.017984297030180327
2026-03-31,SPDR S&P MIDCAP 400 ETF TRUST,Old Republic International Corporation,680223104,US6802231042,US6802231042,1715845.0,1710665.0,5180.0,0.3028062186342738
2026-03-31,SPDR S&P MIDCAP 400 ETF TRUST,Olin Corporation,680665205,US6806652052,US6806652052,856218.0,857549.0,-1331.0,-0.1552097897612848
2026-03-31,SPDR S&P MIDCAP 400 ETF TRUST,Ollies Bargain Outlet Holdings Inc.,681116109,US6811161099,US6811161099,462276.0,460703.0,1573.0,0.3414347204164071
2026-03-31,SPDR S&P MIDCAP 400 ETF TRUST,"Omega Healthcare Investors, Inc.",681936100,US6819361006,US6819361006,2227742.0,2220700.0,7042.0,0.3171072184446346
2026-03-31,SPDR S&P MIDCAP 400 ETF TRUST,"ONE Gas, Inc.",68235P108,US68235P1084,US68235P1084,452216.0,450852.0,1364.0,0.3025383052531651
2026-03-31,SPDR S&P MIDCAP 400 ETF TRUST,Onto Innovation Inc.,683344105,US6833441057,US6833441057,374236.0,368284.0,5952.0,1.616144062734194
2026-03-31,SPDR S&P MIDCAP 400 ETF TRUST,Option Care Health Inc,68404L201,US68404L2016,US68404L2016,1196385.0,1192771.0,3614.0,0.30299194061559176
2026-03-31,SPDR S&P MIDCAP 400 ETF TRUST,Ormat Technologies Inc.,686688102,US6866881021,US6866881021,458120.0,456735.0,1385.0,0.3032392963096763
2026-03-31,SPDR S&P MIDCAP 400 ETF TRUST,Oshkosh Corporation,688239201,US6882392011,US6882392011,476752.0,475311.0,1441.0,0.3031699245336211
2026-03-31,SPDR S&P MIDCAP 400 ETF TRUST,Ovintiv Inc,69047Q102,US69047Q1022,US69047Q1022,2092816.0,1903069.0,189747.0,9.970579101440883
2026-03-31,SPDR S&P MIDCAP 400 ETF TRUST,Owens Corning,690742101,US6907421019,US6907421019,619487.0,617617.0,1870.0,0.30277663989171283
2026-03-31,SPDR S&P MIDCAP 400 ETF TRUST,PBF Energy Inc,69318G106,US69318G1067,US69318G1067,625713.0,618060.0,7653.0,1.2382292981263956
2026-03-31,SPDR S&P MIDCAP 400 ETF TRUST,TXNM Energy Inc.,69349H107,US69349H1077,US69349H1077,738859.0,736621.0,2238.0,0.3038197390516969
2026-03-31,SPDR S&P MIDCAP 400 ETF TRUST,PVH Corp.,693656100,US6936561009,US6936561009,345224.0,361589.0,-16365.0,-4.525856704711703
2026-03-31,SPDR S&P MIDCAP 400 ETF TRUST,Park Hotels & Resorts Inc.,700517105,US7005171050,US7005171050,1506655.0,1502098.0,4557.0,0.3033756785509334
2026-03-31,SPDR S&P MIDCAP 400 ETF TRUST,Parsons Corporation,70202L102,US70202L1026,US70202L1026,398832.0,400100.0,-1268.0,-0.3169207698075481
2026-03-31,SPDR S&P MIDCAP 400 ETF TRUST,Paylocity Holding Corporation,70438V106,US70438V1061,US70438V1061,328915.0,330998.0,-2083.0,-0.6293089384225886
2026-03-31,SPDR S&P MIDCAP 400 ETF TRUST,Pegasystems Inc,705573103,US7055731035,US7055731035,688016.0,688687.0,-671.0,-0.09743177960379679
2026-03-31,SPDR S&P MIDCAP 400 ETF TRUST,"Penske Automotive Group, Inc.",70959W103,US70959W1036,US70959W1036,138993.0,138572.0,421.0,0.30381318015183445
2026-03-31,SPDR S&P MIDCAP 400 ETF TRUST,Penumbra Inc.,70975L107,US70975L1070,US70975L1070,295679.0,294275.0,1404.0,0.47710474895930677
2026-03-31,SPDR S&P MIDCAP 400 ETF TRUST,Performance Food Group Co.,71377A103,US71377A1034,US71377A1034,1184082.0,1178336.0,5746.0,0.4876368030850284
2026-03-31,SPDR S&P MIDCAP 400 ETF TRUST,Permian Resources Corp,71424F105,US71424F1057,US71424F1057,5580152.0,5217719.0,362433.0,6.946196220992353
2026-03-31,SPDR S&P MIDCAP 400 ETF TRUST,Pilgrims Pride Corporation,72147K108,US72147K1088,US72147K1088,322270.0,321297.0,973.0,0.30283507160041956
2026-03-31,SPDR S&P MIDCAP 400 ETF TRUST,Pinterest Inc,72352L106,US72352L1061,US72352L1061,4412658.0,4477317.0,-64659.0,-1.4441461259053134
2026-03-31,SPDR S&P MIDCAP 400 ETF TRUST,Planet Fitness Inc.,72703H101,US72703H1014,US72703H1014,625451.0,623561.0,1890.0,0.30309785249558585
2026-03-31,SPDR S&P MIDCAP 400 ETF TRUST,Polaris Inc.,731068102,US7310681025,US7310681025,402757.0,401535.0,1222.0,0.30433212546851457
2026-03-31,SPDR S&P MIDCAP 400 ETF TRUST,Portland General Electric Company,736508847,US7365088472,US7365088472,847838.0,845279.0,2559.0,0.302740278653557
2026-03-31,SPDR S&P MIDCAP 400 ETF TRUST,Post Holdings Inc.,737446104,US7374461041,US7374461041,318076.0,359200.0,-41124.0,-11.448775055679288
2026-03-31,SPDR S&P MIDCAP 400 ETF TRUST,"Primerica, Inc.",74164M108,US74164M1080,US74164M1080,240556.0,239827.0,729.0,0.3039691110675612
2026-03-31,SPDR S&P MIDCAP 400 ETF TRUST,Prosperity Bancshares Inc,743606105,US7436061052,US7436061052,761563.0,713800.0,47763.0,6.691370131689549
2026-03-31,SPDR S&P MIDCAP 400 ETF TRUST,Everpure Inc.,74624M102,US74624M1027,US74624M1027,2364109.0,2346008.0,18101.0,0.7715659963648888
2026-03-31,SPDR S&P MIDCAP 400 ETF TRUST,Qualys Inc,74758T303,US74758T3032,US74758T3032,270267.0,269449.0,818.0,0.30358249613099325
2026-03-31,SPDR S&P MIDCAP 400 ETF TRUST,RLI Corp,749607107,US7496071074,US7496071074,692195.0,690100.0,2095.0,0.3035791914215331
2026-03-31,SPDR S&P MIDCAP 400 ETF TRUST,RH,74967X103,US74967X1037,US74967X1037,116054.0,115503.0,551.0,0.4770438863059834
2026-03-31,SPDR S&P MIDCAP 400 ETF TRUST,RPM International Inc.,749685103,US7496851038,US7496851038,965340.0,963479.0,1861.0,0.1931541839521152
2026-03-31,SPDR S&P MIDCAP 400 ETF TRUST,Rambus Inc.,750917106,US7509171069,US7509171069,811369.0,808917.0,2452.0,0.3031213338327665
2026-03-31,SPDR S&P MIDCAP 400 ETF TRUST,Range Resources Corp.,75281A109,US75281A1097,US75281A1097,1785808.0,1780413.0,5395.0,0.30301958028839376
2026-03-31,SPDR S&P MIDCAP 400 ETF TRUST,Rayonier Inc,754907103,US7549071030,US7549071030,2096371.0,1115786.0,980585.0,87.88289152220946
2026-03-31,SPDR S&P MIDCAP 400 ETF TRUST,RBC Bearings Inc,75524B104,US75524B1044,US75524B1044,238311.0,236544.0,1767.0,0.7470068993506493
2026-03-31,SPDR S&P MIDCAP 400 ETF TRUST,Regal Rexnord Corporation,758750103,US7587501039,US7587501039,500463.0,498876.0,1587.0,0.31811512279604554
2026-03-31,SPDR S&P MIDCAP 400 ETF TRUST,"Reinsurance Group of America, Incorporated",759351604,US7593516047,US7593516047,495295.0,493796.0,1499.0,0.303566655055934
2026-03-31,SPDR S&P MIDCAP 400 ETF TRUST,Reliance Inc,759509102,US7595091023,US7595091023,394092.0,392902.0,1190.0,0.30287450814706973
2026-03-31,SPDR S&P MIDCAP 400 ETF TRUST,Repligen Corporation,759916109,US7599161095,US7599161095,398817.0,397613.0,1204.0,0.30280700077713757
2026-03-31,SPDR S&P MIDCAP 400 ETF TRUST,Rexford Industrial Realty Inc.,76169C100,US76169C1009,US76169C1009,1735200.0,1745554.0,-10354.0,-0.5931641186694883
2026-03-31,SPDR S&P MIDCAP 400 ETF TRUST,"Royal Gold, Inc.",780287108,US7802871084,US7802871084,610675.0,608825.0,1850.0,0.30386400032850164
2026-03-31,SPDR S&P MIDCAP 400 ETF TRUST,Ryan Specialty Holdings Inc,78351F107,US78351F1075,US78351F1075,859616.0,851546.0,8070.0,0.9476880873141321
2026-03-31,SPDR S&P MIDCAP 400 ETF TRUST,"Ryder System, Inc.",783549108,US7835491082,US7835491082,297165.0,303406.0,-6241.0,-2.0569797564978938
2026-03-31,SPDR S&P MIDCAP 400 ETF TRUST,SEI Investments Co,784117103,US7841171033,US7841171033,700168.0,699237.0,931.0,0.13314512818972682
2026-03-31,SPDR S&P MIDCAP 400 ETF TRUST,SLM CORP (SALLIE MAE),78442P106,US78442P1066,US78442P1066,1501402.0,1525700.0,-24298.0,-1.5925804548731728
2026-03-31,SPDR S&P MIDCAP 400 ETF TRUST,SPX TECHNOLOGIES INC,78473E103,US78473E1038,US78473E1038,375616.0,374484.0,1132.0,0.3022826075346343
2026-03-31,SPDR S&P MIDCAP 400 ETF TRUST,"Sabra Health Care REIT, Inc.",78573L106,US78573L1061,US78573L1061,1900454.0,1873696.0,26758.0,1.4280865199050432
2026-03-31,SPDR S&P MIDCAP 400 ETF TRUST,Saia Inc,78709Y105,US78709Y1055,US78709Y1055,200807.0,200204.0,603.0,0.30119278336097177
2026-03-31,SPDR S&P MIDCAP 400 ETF TRUST,Science Applications International Corp.,808625107,US8086251076,US8086251076,340131.0,345824.0,-5693.0,-1.646213102618673
2026-03-31,SPDR S&P MIDCAP 400 ETF TRUST,The Scotts Miracle-Gro Company,810186106,US8101861065,US8101861065,336836.0,334079.0,2757.0,0.8252539070100186
2026-03-31,SPDR S&P MIDCAP 400 ETF TRUST,Selective Insurance Group Inc.,816300107,US8163001071,US8163001071,452848.0,453932.0,-1084.0,-0.23880228756730082
2026-03-31,SPDR S&P MIDCAP 400 ETF TRUST,Service Corporation International,817565104,US8175651046,US8175651046,1049344.0,1053365.0,-4021.0,-0.38172903029813976
2026-03-31,SPDR S&P MIDCAP 400 ETF TRUST,Shift4 Payments Inc,82452J109,US82452J1097,US82452J1097,509247.0,507705.0,1542.0,0.30371967973527936
2026-03-31,SPDR S&P MIDCAP 400 ETF TRUST,"Silicon Laboratories, Inc.",826919102,US8269191024,US8269191024,248394.0,246868.0,1526.0,0.6181441094025958
2026-03-31,SPDR S&P MIDCAP 400 ETF TRUST,Silgan Holdings Inc.,827048109,US8270481091,US8270481091,661036.0,659036.0,2000.0,0.30347355834886103
2026-03-31,SPDR S&P MIDCAP 400 ETF TRUST,Simpson Manufacturing Co Inc.,829073105,US8290731053,US8290731053,312482.0,311537.0,945.0,0.30333475638527685
2026-03-31,SPDR S&P MIDCAP 400 ETF TRUST,Sonoco Products Company,835495102,US8354951027,US8354951027,743400.0,741160.0,2240.0,0.3022289384208538
2026-03-31,SPDR S&P MIDCAP 400 ETF TRUST,SOTERA HEALTH CO,83601L102,US83601L1026,US83601L1026,1755820.0,1558387.0,197433.0,12.669061022711304
2026-03-31,SPDR S&P MIDCAP 400 ETF TRUST,SOUTHSTATE BANK CORP,84472E102,US84472E1029,US84472E1029,747214.0,755302.0,-8088.0,-1.0708299461672284
2026-03-31,SPDR S&P MIDCAP 400 ETF TRUST,Southwest Gas Holdings Inc,844895102,US8448951025,US8448951025,484216.0,482742.0,1474.0,0.30533908381702857
2026-03-31,SPDR S&P MIDCAP 400 ETF TRUST,Spire Inc,84857L101,US84857L1017,US84857L1017,445421.0,443533.0,1888.0,0.42567294879975115
2026-03-31,SPDR S&P MIDCAP 400 ETF TRUST,Sprouts Farmers Markets Inc,85208M102,US85208M1027,US85208M1027,733890.0,731662.0,2228.0,0.30451219278847336
2026-03-31,SPDR S&P MIDCAP 400 ETF TRUST,"STAG Industrial, Inc.",85254J102,US85254J1025,US85254J1025,1439858.0,1403300.0,36558.0,2.6051450153210287
2026-03-31,SPDR S&P MIDCAP 400 ETF TRUST,"Starwood Property Trust, Inc.",85571B105,US85571B1052,US85571B1052,2623760.0,2615817.0,7943.0,0.30365274023373956
2026-03-31,SPDR S&P MIDCAP 400 ETF TRUST,Sterling Infrastructure Inc,859241101,US8592411016,US8592411016,231531.0,230832.0,699.0,0.30281763360365976
2026-03-31,SPDR S&P MIDCAP 400 ETF TRUST,Stifel Financial Corporation,860630102,US8606301021,US8606301021,1149376.0,765168.0,384208.0,50.212240971917275
2026-03-31,SPDR S&P MIDCAP 400 ETF TRUST,Synaptics Incorporated,87157D109,US87157D1090,US87157D1090,291915.0,292983.0,-1068.0,-0.3645262694422543
2026-03-31,SPDR S&P MIDCAP 400 ETF TRUST,TD Synnex Corp,87162W100,US87162W1009,US87162W1009,565141.0,569112.0,-3971.0,-0.6977536934733409
2026-03-31,SPDR S&P MIDCAP 400 ETF TRUST,TALEN ENERGY CORP,87422Q109,US87422Q1094,US87422Q1094,344353.0,343315.0,1038.0,0.3023462417896101
2026-03-31,SPDR S&P MIDCAP 400 ETF TRUST,Taylor Morrison Home Corp,87724P106,US87724P1066,US87724P1066,736562.0,734337.0,2225.0,0.3029944017528737
2026-03-31,SPDR S&P MIDCAP 400 ETF TRUST,Somnigroup International Inc.,88023U101,US88023U1016,US88023U1016,1582099.0,1577315.0,4784.0,0.3033002285529523
2026-03-31,SPDR S&P MIDCAP 400 ETF TRUST,Tenet Healthcare Corporation,88033G407,US88033G4073,US88033G4073,662401.0,660396.0,2005.0,0.3036057153586636
2026-03-31,SPDR S&P MIDCAP 400 ETF TRUST,Terex Corporation,880779103,US8807791038,US8807791038,856967.0,492940.0,364027.0,73.84813567574146
2026-03-31,SPDR S&P MIDCAP 400 ETF TRUST,Tetra Tech Inc,88162G103,US88162G1031,US88162G1031,1965755.0,1964379.0,1376.0,0.07004758246753809
2026-03-31,SPDR S&P MIDCAP 400 ETF TRUST,"Texas Capital Bancshares, Inc.",88224Q107,US88224Q1076,US88224Q1076,332967.0,342984.0,-10017.0,-2.920544398572528
2026-03-31,SPDR S&P MIDCAP 400 ETF TRUST,Texas Roadhouse Inc,882681109,US8826811098,US8826811098,498550.0,497042.0,1508.0,0.30339488413453997
2026-03-31,SPDR S&P MIDCAP 400 ETF TRUST,Thor Industries Inc.,885160101,US8851601018,US8851601018,398256.0,395501.0,2755.0,0.6965848379650115
2026-03-31,SPDR S&P MIDCAP 400 ETF TRUST,The Timken Company,887389104,US8873891043,US8873891043,477758.0,476310.0,1448.0,0.30400369507253683
2026-03-31,SPDR S&P MIDCAP 400 ETF TRUST,"Toll Brothers, Inc.",889478103,US8894781033,US8894781033,714143.0,724253.0,-10110.0,-1.3959210386425738
2026-03-31,SPDR S&P MIDCAP 400 ETF TRUST,Topbuild Corporation,89055F103,US89055F1030,US89055F1030,210373.0,209732.0,641.0,0.30562813495317837
2026-03-31,SPDR S&P MIDCAP 400 ETF TRUST,The Toro Company,891092108,US8910921084,US8910921084,734725.0,735367.0,-642.0,-0.08730334649229568
2026-03-31,SPDR S&P MIDCAP 400 ETF TRUST,TransUnion,89400J107,US89400J1079,US89400J1079,1450143.0,1459281.0,-9138.0,-0.6261987924190063
2026-03-31,SPDR S&P MIDCAP 400 ETF TRUST,Travel Plus Leisure Co,894164102,US8941641024,US8941641024,484823.0,483359.0,1464.0,0.30288046772688626
2026-03-31,SPDR S&P MIDCAP 400 ETF TRUST,TREX COMPANY INC,89531P105,US89531P1057,US89531P1057,808391.0,805948.0,2443.0,0.3031212931851683
2026-03-31,SPDR S&P MIDCAP 400 ETF TRUST,Twilio Inc,90138F102,US90138F1021,US90138F1021,1142724.0,1139268.0,3456.0,0.303352679088678
2026-03-31,SPDR S&P MIDCAP 400 ETF TRUST,UGI Corp,902681105,US9026811052,US9026811052,1617736.0,1615008.0,2728.0,0.16891557193524737
2026-03-31,SPDR S&P MIDCAP 400 ETF TRUST,UMB Financial Corp.,902788108,US9027881088,US9027881088,538169.0,536507.0,1662.0,0.30978160583179715
2026-03-31,SPDR S&P MIDCAP 400 ETF TRUST,UFP Industries Inc,90278Q108,US90278Q1085,US90278Q1085,439090.0,437761.0,1329.0,0.30359031526335145
2026-03-31,SPDR S&P MIDCAP 400 ETF TRUST,UL Solutions Inc.,903731107,US9037311076,US9037311076,582311.0,565482.0,16829.0,2.976045214524954
2026-03-31,SPDR S&P MIDCAP 400 ETF TRUST,United Bankshares Inc,909907107,US9099071071,US9099071071,1051820.0,1052666.0,-846.0,-0.08036737198693603
2026-03-31,SPDR S&P MIDCAP 400 ETF TRUST,US Foods Holding Corp,912008109,US9120081099,US9120081099,1662245.0,1675250.0,-13005.0,-0.7763020444709745
2026-03-31,SPDR S&P MIDCAP 400 ETF TRUST,United Therapeutics Corporation,91307C102,US91307C1027,US91307C1027,324529.0,323544.0,985.0,0.3044408179413001
2026-03-31,SPDR S&P MIDCAP 400 ETF TRUST,UNIVERSAL DISPLAY CORP,91347P105,US91347P1057,US91347P1057,333244.0,332239.0,1005.0,0.30249308479738984
2026-03-31,SPDR S&P MIDCAP 400 ETF TRUST,Unum Group,91529Y106,US91529Y1064,US91529Y1064,1148987.0,1156792.0,-7805.0,-0.6747107518032629
2026-03-31,SPDR S&P MIDCAP 400 ETF TRUST,V.F. Corp,918204108,US9182041080,US9182041080,2477145.0,2466268.0,10877.0,0.44103073956277256
2026-03-31,SPDR S&P MIDCAP 400 ETF TRUST,"Vail Resorts, Inc.",91879Q109,US91879Q1094,US91879Q1094,269665.0,270163.0,-498.0,-0.1843331618319311
2026-03-31,SPDR S&P MIDCAP 400 ETF TRUST,Valley National Bancorp.,919794107,US9197941076,US9197941076,3607946.0,3603620.0,4326.0,0.12004595379091025
2026-03-31,SPDR S&P MIDCAP 400 ETF TRUST,"Valmont Industries, Inc.",920253101,US9202531011,US9202531011,148481.0,148032.0,449.0,0.30331279723303073
2026-03-31,SPDR S&P MIDCAP 400 ETF TRUST,Valvoline Inc,92047W101,US92047W1018,US92047W1018,959596.0,955183.0,4413.0,0.46200570990061585
2026-03-31,SPDR S&P MIDCAP 400 ETF TRUST,Visteon Corporation,92839U206,US92839U2069,US92839U2069,205662.0,205035.0,627.0,0.30580144853317726
2026-03-31,SPDR S&P MIDCAP 400 ETF TRUST,Vontier Corporation,928881101,US9288811014,US9288811014,1067257.0,1090328.0,-23071.0,-2.1159687726995915
2026-03-31,SPDR S&P MIDCAP 400 ETF TRUST,Vornado Realty Trust,929042109,US9290421091,US9290421091,1207134.0,1212255.0,-5121.0,-0.422435873640447
2026-03-31,SPDR S&P MIDCAP 400 ETF TRUST,Voya Financial Inc,929089100,US9290891004,US9290891004,708486.0,715085.0,-6599.0,-0.9228273561884252
2026-03-31,SPDR S&P MIDCAP 400 ETF TRUST,W. P. Carey Inc,92936U109,US92936U1097,US92936U1097,1651719.0,1646726.0,4993.0,0.3032076981841545
2026-03-31,SPDR S&P MIDCAP 400 ETF TRUST,WARNER MUSIC GROUP CORP,934550203,US9345502036,US9345502036,1107703.0,1096241.0,11462.0,1.045573008125038
2026-03-31,SPDR S&P MIDCAP 400 ETF TRUST,Watsco Inc,942622200,US9426222009,US9426222009,263222.0,262430.0,792.0,0.30179476431810387
2026-03-31,SPDR S&P MIDCAP 400 ETF TRUST,Watts Water Technologies Inc.,942749102,US9427491025,US9427491025,206718.0,205945.0,773.0,0.37534293136517033
2026-03-31,SPDR S&P MIDCAP 400 ETF TRUST,Webster Financial Corp.,947890109,US9478901096,US9478901096,1215249.0,1211985.0,3264.0,0.2693102637408879
2026-03-31,SPDR S&P MIDCAP 400 ETF TRUST,"Wesco International, Inc.",95082P105,US95082P1057,US95082P1057,366655.0,365542.0,1113.0,0.30447937583095785
2026-03-31,SPDR S&P MIDCAP 400 ETF TRUST,Western Alliance Bancorp,957638109,US9576381092,US9576381092,774022.0,775635.0,-1613.0,-0.20795864033985056
2026-03-31,SPDR S&P MIDCAP 400 ETF TRUST,Westlake Corporation,960413102,US9604131022,US9604131022,251372.0,250610.0,762.0,0.3040580982402937
2026-03-31,SPDR S&P MIDCAP 400 ETF TRUST,WEX Inc,96208T104,US96208T1043,US96208T1043,258437.0,257658.0,779.0,0.30233875913032005
2026-03-31,SPDR S&P MIDCAP 400 ETF TRUST,Whirlpool Corp.,963320106,US9633201069,US9633201069,477878.0,421921.0,55957.0,13.262435384823226
2026-03-31,SPDR S&P MIDCAP 400 ETF TRUST,Wingstop Inc,974155103,US9741551033,US9741551033,209434.0,208800.0,634.0,0.303639846743295
2026-03-31,SPDR S&P MIDCAP 400 ETF TRUST,Wintrust Financial Corporation,97650W108,US97650W1080,US97650W1080,504799.0,503241.0,1558.0,0.309593216768904
2026-03-31,SPDR S&P MIDCAP 400 ETF TRUST,Woodward Inc.,980745103,US9807451037,US9807451037,449328.0,450603.0,-1275.0,-0.28295417473918283
2026-03-31,SPDR S&P MIDCAP 400 ETF TRUST,Wyndham Hotels & Resorts Inc,98311A105,US98311A1051,US98311A1051,569441.0,567722.0,1719.0,0.3027890411151937
2026-03-31,SPDR S&P MIDCAP 400 ETF TRUST,XPO Inc,983793100,US9837931008,US9837931008,882951.0,882061.0,890.0,0.10090005113025063
2026-03-31,SPDR S&P MIDCAP 400 ETF TRUST,Yeti Holdings Inc,98585X104,US98585X1046,US98585X1046,586446.0,584674.0,1772.0,0.3030748759137571
2026-03-31,SPDR S&P MIDCAP 400 ETF TRUST,Zions Bancorporation Natl Assn Global Bank,989701107,US9897011071,US9897011071,1112878.0,1109422.0,3456.0,0.3115135629183485
2026-03-31,SPDR S&P MIDCAP 400 ETF TRUST,CAPRI HOLDINGS LTD,000000000,VGG1890L1076,VGG1890L1076,898131.0,895278.0,2853.0,0.31867196557940664
2026-04-30,SPDR DOW JONES INDUSTRIAL AVERAGE ETF TRUST,Amazon.com Inc,023135106,US0231351067,US0231351067,5295347.0,5479967.0,-184620.0,-3.3689983899538083
2026-04-30,SPDR DOW JONES INDUSTRIAL AVERAGE ETF TRUST,American Express Co,025816109,US0258161092,US0258161092,5295347.0,5479967.0,-184620.0,-3.3689983899538083
2026-04-30,SPDR DOW JONES INDUSTRIAL AVERAGE ETF TRUST,Amgen Inc,031162100,US0311621009,US0311621009,5295347.0,5479967.0,-184620.0,-3.3689983899538083
2026-04-30,SPDR DOW JONES INDUSTRIAL AVERAGE ETF TRUST,Apple Inc,037833100,US0378331005,US0378331005,5295347.0,5479967.0,-184620.0,-3.3689983899538083
2026-04-30,SPDR DOW JONES INDUSTRIAL AVERAGE ETF TRUST,Boeing Co/The,097023105,US0970231058,US0970231058,5295347.0,5479967.0,-184620.0,-3.3689983899538083
2026-04-30,SPDR DOW JONES INDUSTRIAL AVERAGE ETF TRUST,Caterpillar Inc,149123101,US1491231015,US1491231015,5295347.0,5479967.0,-184620.0,-3.3689983899538083
2026-04-30,SPDR DOW JONES INDUSTRIAL AVERAGE ETF TRUST,Chevron Corp,166764100,US1667641005,US1667641005,5295347.0,5479967.0,-184620.0,-3.3689983899538083
2026-04-30,SPDR DOW JONES INDUSTRIAL AVERAGE ETF TRUST,Cisco Systems Inc,17275R102,US17275R1023,US17275R1023,5295347.0,5479967.0,-184620.0,-3.3689983899538083
2026-04-30,SPDR DOW JONES INDUSTRIAL AVERAGE ETF TRUST,Coca-Cola Co/The,191216100,US1912161007,US1912161007,5295347.0,5479967.0,-184620.0,-3.3689983899538083
2026-04-30,SPDR DOW JONES INDUSTRIAL AVERAGE ETF TRUST,Walt Disney Co/The,254687106,US2546871060,US2546871060,5295347.0,5479967.0,-184620.0,-3.3689983899538083
2026-04-30,SPDR DOW JONES INDUSTRIAL AVERAGE ETF TRUST,Goldman Sachs Group Inc/The,38141G104,US38141G1040,US38141G1040,5295347.0,5479967.0,-184620.0,-3.3689983899538083
2026-04-30,SPDR DOW JONES INDUSTRIAL AVERAGE ETF TRUST,Home Depot Inc/The,437076102,US4370761029,US4370761029,5295347.0,5479967.0,-184620.0,-3.3689983899538083
2026-04-30,SPDR DOW JONES INDUSTRIAL AVERAGE ETF TRUST,Honeywell International Inc,438516106,US4385161066,US4385161066,5295347.0,5479967.0,-184620.0,-3.3689983899538083
2026-04-30,SPDR DOW JONES INDUSTRIAL AVERAGE ETF TRUST,International Business Machines Corp,459200101,US4592001014,US4592001014,5295347.0,5479967.0,-184620.0,-3.3689983899538083
2026-04-30,SPDR DOW JONES INDUSTRIAL AVERAGE ETF TRUST,JPMorgan Chase & Co,46625H100,US46625H1005,US46625H1005,5295347.0,5479967.0,-184620.0,-3.3689983899538083
2026-04-30,SPDR DOW JONES INDUSTRIAL AVERAGE ETF TRUST,Johnson & Johnson,478160104,US4781601046,US4781601046,5295347.0,5479967.0,-184620.0,-3.3689983899538083
2026-04-30,SPDR DOW JONES INDUSTRIAL AVERAGE ETF TRUST,McDonald's Corp,580135101,US5801351017,US5801351017,5295347.0,5479967.0,-184620.0,-3.3689983899538083
2026-04-30,SPDR DOW JONES INDUSTRIAL AVERAGE ETF TRUST,Merck & Co Inc,58933Y105,US58933Y1055,US58933Y1055,5295347.0,5479967.0,-184620.0,-3.3689983899538083
2026-04-30,SPDR DOW JONES INDUSTRIAL AVERAGE ETF TRUST,Microsoft Corp,594918104,US5949181045,US5949181045,5295347.0,5479967.0,-184620.0,-3.3689983899538083
2026-04-30,SPDR DOW JONES INDUSTRIAL AVERAGE ETF TRUST,NIKE Inc,654106103,US6541061031,US6541061031,5295347.0,5479967.0,-184620.0,-3.3689983899538083
2026-04-30,SPDR DOW JONES INDUSTRIAL AVERAGE ETF TRUST,NVIDIA Corp,67066G104,US67066G1040,US67066G1040,5295347.0,5479967.0,-184620.0,-3.3689983899538083
2026-04-30,SPDR DOW JONES INDUSTRIAL AVERAGE ETF TRUST,Procter & Gamble Co/The,742718109,US7427181091,US7427181091,5295347.0,5479967.0,-184620.0,-3.3689983899538083
2026-04-30,SPDR DOW JONES INDUSTRIAL AVERAGE ETF TRUST,Salesforce Inc,79466L302,US79466L3024,US79466L3024,5295347.0,5479967.0,-184620.0,-3.3689983899538083
2026-04-30,SPDR DOW JONES INDUSTRIAL AVERAGE ETF TRUST,Sherwin-Williams Co/The,824348106,US8243481061,US8243481061,5295347.0,5479967.0,-184620.0,-3.3689983899538083
2026-04-30,SPDR DOW JONES INDUSTRIAL AVERAGE ETF TRUST,3M Co,88579Y101,US88579Y1010,US88579Y1010,5295347.0,5479967.0,-184620.0,-3.3689983899538083
2026-04-30,SPDR DOW JONES INDUSTRIAL AVERAGE ETF TRUST,Travelers Cos Inc/The,89417E109,US89417E1091,US89417E1091,5295347.0,5479967.0,-184620.0,-3.3689983899538083
2026-04-30,SPDR DOW JONES INDUSTRIAL AVERAGE ETF TRUST,UnitedHealth Group Inc,91324P102,US91324P1021,US91324P1021,5295347.0,5479967.0,-184620.0,-3.3689983899538083
2026-04-30,SPDR DOW JONES INDUSTRIAL AVERAGE ETF TRUST,Verizon Communications Inc,92343V104,US92343V1044,US92343V1044,5295347.0,5479967.0,-184620.0,-3.3689983899538083
2026-04-30,SPDR DOW JONES INDUSTRIAL AVERAGE ETF TRUST,Visa Inc,92826C839,US92826C8394,US92826C8394,5295347.0,5479967.0,-184620.0,-3.3689983899538083
2026-04-30,SPDR DOW JONES INDUSTRIAL AVERAGE ETF TRUST,Walmart Inc,931142103,US9311421039,US9311421039,5295347.0,5479967.0,-184620.0,-3.3689983899538083
2026-03-31,SELECT SECTOR SPDR TRUST,SLB Ltd,806857108,AN8068571086,AN8068571086,34523104.0,28190824.0,6332280.0,22.462202594716636
2026-03-31,SELECT SECTOR SPDR TRUST,Arch Capital Group Ltd,000000000,BMG0450A1053,BMG0450A1053,2421648.0,2444783.0,-23135.0,-0.9463007555271777
2026-03-31,SELECT SECTOR SPDR TRUST,Everest Group Ltd,000000000,BMG3223R1088,BMG3223R1088,275720.0,284211.0,-8491.0,-2.9875690947922493
2026-03-31,SELECT SECTOR SPDR TRUST,Invesco Ltd,000000000,BMG491BT1088,BMG491BT1088,3008120.0,3013516.0,-5396.0,-0.17905994194157257
2026-03-31,SELECT SECTOR SPDR TRUST,Norwegian Cruise Line Holdings Ltd,000000000,BMG667211046,BMG667211046,2429969.0,2543505.0,-113536.0,-4.463761620283821
2026-03-31,SELECT SECTOR SPDR TRUST,Chubb Ltd,000000000,CH0044328745,CH0044328745,2464302.0,2478030.0,-13728.0,-0.5539884505030205
2026-03-31,SELECT SECTOR SPDR TRUST,Garmin Ltd,000000000,CH0114405324,CH0114405324,872827.0,913378.0,-40551.0,-4.439673388235757
2026-03-31,SELECT SECTOR SPDR TRUST,Bunge Global SA,000000000,CH1300646267,CH1300646267,1416442.0,1367610.0,48832.0,3.5706085799314136
2026-03-31,SELECT SECTOR SPDR TRUST,CRH PLC,000000000,IE0001827041,IE0001827041,2806746.0,2491523.0,315223.0,12.651819790545781
2026-03-31,SELECT SECTOR SPDR TRUST,Smurfit Westrock PLC,000000000,IE00028FXN24,IE00028FXN24,4281732.0,3980165.0,301567.0,7.576746190170508
2026-03-31,SELECT SECTOR SPDR TRUST,TE Connectivity PLC,000000000,IE000IVNQZ81,IE000IVNQZ81,2200570.0,2339348.0,-138778.0,-5.932336702363222
2026-03-31,SELECT SECTOR SPDR TRUST,Linde PLC,000000000,IE000S9YS762,IE000S9YS762,1901915.0,1735746.0,166169.0,9.573347713317501
2026-03-31,SELECT SECTOR SPDR TRUST,Accenture PLC,000000000,IE00B4BNMY34,IE00B4BNMY34,4614452.0,4931196.0,-316744.0,-6.4232693245208665
2026-03-31,SELECT SECTOR SPDR TRUST,Eaton Corp PLC,000000000,IE00B8KQN827,IE00B8KQN827,2178832.0,2079368.0,99464.0,4.783376487471193
2026-03-31,SELECT SECTOR SPDR TRUST,Willis Towers Watson PLC,000000000,IE00BDB6Q211,IE00BDB6Q211,643981.0,648254.0,-4273.0,-0.6591552076809398
2026-03-31,SELECT SECTOR SPDR TRUST,Allegion plc,000000000,IE00BFRT3W74,IE00BFRT3W74,482668.0,462353.0,20315.0,4.393828957528123
2026-03-31,SELECT SECTOR SPDR TRUST,STERIS PLC,000000000,IE00BFY8C754,IE00BFY8C754,713727.0,693767.0,19960.0,2.877046616515343
2026-03-31,SELECT SECTOR SPDR TRUST,Trane Technologies PLC,000000000,IE00BK9ZQ967,IE00BK9ZQ967,1241608.0,1187138.0,54470.0,4.588346089502653
2026-03-31,SELECT SECTOR SPDR TRUST,Seagate Technology Holdings PLC,000000000,IE00BKVD2N49,IE00BKVD2N49,1635365.0,1732524.0,-97159.0,-5.607945402199334
2026-03-31,SELECT SECTOR SPDR TRUST,Aon PLC,000000000,IE00BLP1HW54,IE00BLP1HW54,1453051.0,1455233.0,-2182.0,-0.1499416244683841
2026-03-31,SELECT SECTOR SPDR TRUST,Pentair PLC,000000000,IE00BLS09M33,IE00BLS09M33,917968.0,876116.0,41852.0,4.776993000926818
2026-03-31,SELECT SECTOR SPDR TRUST,Medtronic PLC,000000000,IE00BTN1Y115,IE00BTN1Y115,9329338.0,9065797.0,263541.0,2.9069810409388164
2026-03-31,SELECT SECTOR SPDR TRUST,Johnson Controls International plc,000000000,IE00BY7QL619,IE00BY7QL619,3433610.0,3271841.0,161769.0,4.944280605322813
2026-03-31,SELECT SECTOR SPDR TRUST,Aptiv PLC,000000000,JE00BTDN8H13,JE00BTDN8H13,1135546.0,1207214.0,-71668.0,-5.936644207240804
2026-03-31,SELECT SECTOR SPDR TRUST,Royal Caribbean Cruises Ltd,000000000,LR0008862868,LR0008862868,1343183.0,1417009.0,-73826.0,-5.209988080527364
2026-03-31,SELECT SECTOR SPDR TRUST,LyondellBasell Industries NV,000000000,NL0009434992,NL0009434992,2110539.0,1962694.0,147845.0,7.532758545142544
2026-03-31,SELECT SECTOR SPDR TRUST,NXP Semiconductors NV,000000000,NL0009538784,NL0009538784,1887436.0,2001248.0,-113812.0,-5.687051280001279
2026-03-31,SELECT SECTOR SPDR TRUST,Carnival Corp,143658300,PA1436583006,PA1436583006,6140565.0,6066452.0,74113.0,1.2216860860351322
2026-03-31,SELECT SECTOR SPDR TRUST,Aflac Inc,001055102,US0010551028,US0010551028,3162579.0,3193707.0,-31128.0,-0.9746667430669126
2026-03-31,SELECT SECTOR SPDR TRUST,AES Corp/The,00130H105,US00130H1059,US00130H1059,12216780.0,11762378.0,454402.0,3.863181407705143
2026-03-31,SELECT SECTOR SPDR TRUST,AT&T Inc,00206R102,US00206R1023,US00206R1023,41966986.0,49468760.0,-7501774.0,-15.16466958136812
2026-03-31,SELECT SECTOR SPDR TRUST,Abbott Laboratories,002824100,US0028241000,US0028241000,12654022.0,12290760.0,363262.0,2.9555698752558834
2026-03-31,SELECT SECTOR SPDR TRUST,AbbVie Inc,00287Y109,US00287Y1091,US00287Y1091,12861501.0,12492314.0,369187.0,2.9553131629576392
2026-03-31,SELECT SECTOR SPDR TRUST,Adobe Inc,00724F101,US00724F1012,US00724F1012,3078477.0,3328618.0,-250141.0,-7.514860521693989
2026-03-31,SELECT SECTOR SPDR TRUST,Advanced Micro Devices Inc,007903107,US0079031078,US0079031078,12227034.0,12945919.0,-718885.0,-5.55298546205951
2026-03-31,SELECT SECTOR SPDR TRUST,Agilent Technologies Inc,00846U101,US00846U1016,US00846U1016,2058218.0,2003847.0,54371.0,2.713330907998465
2026-03-31,SELECT SECTOR SPDR TRUST,Airbnb Inc,009066101,US0090661010,US0090661010,2261378.0,2376108.0,-114730.0,-4.828484227147924
2026-03-31,SELECT SECTOR SPDR TRUST,Air Products and Chemicals Inc,009158106,US0091581068,US0091581068,1051198.0,990041.0,61157.0,6.177218923256714
2026-03-31,SELECT SECTOR SPDR TRUST,Akamai Technologies Inc,00971T101,US00971T1016,US00971T1016,1078931.0,1144054.0,-65123.0,-5.692301237528998
2026-03-31,SELECT SECTOR SPDR TRUST,Albemarle Corp,012653101,US0126531013,US0126531013,965943.0,897137.0,68806.0,7.669508670359154
2026-03-31,SELECT SECTOR SPDR TRUST,Alexandria Real Estate Equities Inc,015271109,US0152711091,US0152711091,1289600.0,1252951.0,36649.0,2.925014625472185
2026-03-31,SELECT SECTOR SPDR TRUST,Align Technology Inc,016255101,US0162551016,US0162551016,485595.0,471645.0,13950.0,2.9577330407403872
2026-03-31,SELECT SECTOR SPDR TRUST,Alliant Energy Corp,018802108,US0188021085,US0188021085,4409917.0,4245869.0,164048.0,3.863708465805233
2026-03-31,SELECT SECTOR SPDR TRUST,Allstate Corp/The,020002101,US0200021014,US0200021014,1761316.0,1771654.0,-10338.0,-0.5835225162475292
2026-03-31,SELECT SECTOR SPDR TRUST,Alphabet Inc,02079K107,US02079K1079,US02079K1079,7175146.0,7371700.0,-196554.0,-2.6663320536646906
2026-03-31,SELECT SECTOR SPDR TRUST,Alphabet Inc,02079K305,US02079K3059,US02079K3059,8932359.0,9223331.0,-290972.0,-3.154738781466262
2026-03-31,SELECT SECTOR SPDR TRUST,Altria Group Inc,02209S103,US02209S1033,US02209S1033,10756242.0,11237721.0,-481479.0,-4.284489711036606
2026-03-31,SELECT SECTOR SPDR TRUST,Amazon.com Inc,023135106,US0231351067,US0231351067,24233965.0,24185419.0,48546.0,0.2007242462907093
2026-03-31,SELECT SECTOR SPDR TRUST,Ameren Corp,023608102,US0236081024,US0236081024,4741863.0,4467867.0,273996.0,6.132590786610255
2026-03-31,SELECT SECTOR SPDR TRUST,American Electric Power Co Inc,025537101,US0255371017,US0255371017,9278777.0,8841172.0,437605.0,4.9496265879682015
2026-03-31,SELECT SECTOR SPDR TRUST,American Express Co,025816109,US0258161092,US0258161092,3628300.0,3637835.0,-9535.0,-0.2621064451796192
2026-03-31,SELECT SECTOR SPDR TRUST,American International Group Inc,026874784,US0268747849,US0268747849,3635081.0,3653193.0,-18112.0,-0.4957854676717052
2026-03-31,SELECT SECTOR SPDR TRUST,American Tower Corp,03027X100,US03027X1000,US03027X1000,2524980.0,2707642.0,-182662.0,-6.74616511340864
2026-03-31,SELECT SECTOR SPDR TRUST,American Water Works Co Inc,030420103,US0304201033,US0304201033,3348365.0,3222903.0,125462.0,3.8928258157319657
2026-03-31,SELECT SECTOR SPDR TRUST,Cencora Inc,03073E105,US03073E1055,US03073E1055,1415612.0,1370357.0,45255.0,3.3024241128406686
2026-03-31,SELECT SECTOR SPDR TRUST,Ameriprise Financial Inc,03076C106,US03076C1062,US03076C1062,618570.0,628996.0,-10426.0,-1.6575622102525296
2026-03-31,SELECT SECTOR SPDR TRUST,AMETEK Inc,031100100,US0311001004,US0311001004,1291393.0,1232468.0,58925.0,4.78105719580549
2026-03-31,SELECT SECTOR SPDR TRUST,Amgen Inc,031162100,US0311621009,US0311621009,3918600.0,3806124.0,112476.0,2.955132307828121
2026-03-31,SELECT SECTOR SPDR TRUST,Amphenol Corp,032095101,US0320951017,US0320951017,9218349.0,9733549.0,-515200.0,-5.293033404362581
2026-03-31,SELECT SECTOR SPDR TRUST,Analog Devices Inc,032654105,US0326541051,US0326541051,3664430.0,3911976.0,-247546.0,-6.327901807168551
2026-03-31,SELECT SECTOR SPDR TRUST,Elevance Health Inc,036752103,US0367521038,US0367521038,1606111.0,1570846.0,35265.0,2.2449686347356774
2026-03-31,SELECT SECTOR SPDR TRUST,APA Corp,03743Q108,US03743Q1085,US03743Q1085,8188300.0,6692711.0,1495589.0,22.34653490939621
2026-03-31,SELECT SECTOR SPDR TRUST,Apollo Global Management Inc,03769M106,US03769M1062,US03769M1062,3145724.0,3143830.0,1894.0,0.060244987801503266
2026-03-31,SELECT SECTOR SPDR TRUST,Apple Inc,037833100,US0378331005,US0378331005,45203775.0,45019905.0,183870.0,0.4084193425108294
2026-03-31,SELECT SECTOR SPDR TRUST,Applied Materials Inc,038222105,US0382221051,US0382221051,5952433.0,6334823.0,-382390.0,-6.036317036798029
2026-03-31,SELECT SECTOR SPDR TRUST,AppLovin Corp,03831W108,US03831W1080,US03831W1080,2032328.0,2152411.0,-120083.0,-5.57899954980717
2026-03-31,SELECT SECTOR SPDR TRUST,Archer-Daniels-Midland Co,039483102,US0394831020,US0394831020,5028903.0,4855683.0,173220.0,3.567366321071619
2026-03-31,SELECT SECTOR SPDR TRUST,Ares Management Corp,03990B101,US03990B1017,US03990B1017,1395522.0,1394821.0,701.0,0.050257344849267395
2026-03-31,SELECT SECTOR SPDR TRUST,Arista Networks Inc,040413205,US0404132054,US0404132054,7743884.0,8211153.0,-467269.0,-5.690662444117166
2026-03-31,SELECT SECTOR SPDR TRUST,Assurant Inc,04621X108,US04621X1081,US04621X1081,339312.0,339035.0,277.0,0.08170247909507868
2026-03-31,SELECT SECTOR SPDR TRUST,Atmos Energy Corp,049560105,US0495601058,US0495601058,2838179.0,2651434.0,186745.0,7.043169846958287
2026-03-31,SELECT SECTOR SPDR TRUST,Autodesk Inc,052769106,US0527691069,US0527691069,1589858.0,1693748.0,-103890.0,-6.133734180055121
2026-03-31,SELECT SECTOR SPDR TRUST,Automatic Data Processing Inc,053015103,US0530151036,US0530151036,2258740.0,2165297.0,93443.0,4.315481894631545
2026-03-31,SELECT SECTOR SPDR TRUST,AutoZone Inc,053332102,US0533321024,US0533321024,88460.0,92942.0,-4482.0,-4.822362333498311
2026-03-31,SELECT SECTOR SPDR TRUST,AvalonBay Communities Inc,053484101,US0534841012,US0534841012,1172482.0,1140297.0,32185.0,2.8225102758316476
2026-03-31,SELECT SECTOR SPDR TRUST,Avery Dennison Corp,053611109,US0536111091,US0536111091,633512.0,589097.0,44415.0,7.539505378570932
2026-03-31,SELECT SECTOR SPDR TRUST,Axon Enterprise Inc,05464C101,US05464C1018,US05464C1018,442693.0,422840.0,19853.0,4.695156560401097
2026-03-31,SELECT SECTOR SPDR TRUST,Baker Hughes Co,05722G100,US05722G1004,US05722G1004,22815726.0,18620775.0,4194951.0,22.52833730067626
2026-03-31,SELECT SECTOR SPDR TRUST,Ball Corp,058498106,US0584981064,US0584981064,2196503.0,2042620.0,153883.0,7.533608796545613
2026-03-31,SELECT SECTOR SPDR TRUST,Bank of America Corp,060505104,US0605051046,US0605051046,44953515.0,45486114.0,-532599.0,-1.170904597389876
2026-03-31,SELECT SECTOR SPDR TRUST,Bank of New York Mellon Corp/The,064058100,US0640581007,US0640581007,4662460.0,4721406.0,-58946.0,-1.248484032087052
2026-03-31,SELECT SECTOR SPDR TRUST,Baxter International Inc,071813109,US0718131099,US0718131099,3744022.0,3633470.0,110552.0,3.042601149865005
2026-03-31,SELECT SECTOR SPDR TRUST,Becton Dickinson & Co,075887109,US0758871091,US0758871091,2072101.0,2025930.0,46171.0,2.2790027296105984
2026-03-31,SELECT SECTOR SPDR TRUST,W R Berkley Corp,084423102,US0844231029,US0844231029,2018476.0,2032644.0,-14168.0,-0.697023187533085
2026-03-31,SELECT SECTOR SPDR TRUST,Berkshire Hathaway Inc,084670702,US0846707026,US0846707026,12423151.0,12415274.0,7877.0,0.06344604235073668
2026-03-31,SELECT SECTOR SPDR TRUST,Best Buy Co Inc,086516101,US0865161014,US0865161014,1040104.0,1091672.0,-51568.0,-4.7237631816149905
2026-03-31,SELECT SECTOR SPDR TRUST,Biogen Inc,09062X103,US09062X1037,US09062X1037,1067952.0,1036917.0,31035.0,2.9930071548638897
2026-03-31,SELECT SECTOR SPDR TRUST,Bio-Techne Corp,09073M104,US09073M1045,US09073M1045,1138580.0,1101376.0,37204.0,3.377956301935034
2026-03-31,SELECT SECTOR SPDR TRUST,Blackstone Inc,09260D107,US09260D1072,US09260D1072,5071853.0,4999695.0,72158.0,1.4432480381303259
2026-03-31,SELECT SECTOR SPDR TRUST,Blackrock Inc,09290D101,US09290D1019,US09290D1019,977621.0,976895.0,726.0,0.07431709651497857
2026-03-31,SELECT SECTOR SPDR TRUST,Boeing Co/The,097023105,US0970231058,US0970231058,4405688.0,4192170.0,213518.0,5.093257191382983
2026-03-31,SELECT SECTOR SPDR TRUST,Booking Holdings Inc,09857L108,US09857L1089,US09857L1089,172085.0,180078.0,-7993.0,-4.438632148291296
2026-03-31,SELECT SECTOR SPDR TRUST,BXP Inc,101121101,US1011211018,US1011211018,1219143.0,1187161.0,31982.0,2.693990115915196
2026-03-31,SELECT SECTOR SPDR TRUST,Boston Scientific Corp,101137107,US1011371077,US1011371077,10792113.0,10478259.0,313854.0,2.995287671358381
2026-03-31,SELECT SECTOR SPDR TRUST,Bristol-Myers Squibb Co,110122108,US1101221083,US1101221083,14819702.0,14389246.0,430456.0,2.9915118554509386
2026-03-31,SELECT SECTOR SPDR TRUST,Broadridge Financial Solutions Inc,11133T103,US11133T1034,US11133T1034,654919.0,624894.0,30025.0,4.804814896606464
2026-03-31,SELECT SECTOR SPDR TRUST,Broadcom Inc,11135F101,US11135F1012,US11135F1012,14598581.0,14387850.0,210731.0,1.4646455168770873
2026-03-31,SELECT SECTOR SPDR TRUST,Brown & Brown Inc,115236101,US1152361010,US1152361010,1983540.0,1987963.0,-4423.0,-0.22248905034952865
2026-03-31,SELECT SECTOR SPDR TRUST,Brown-Forman Corp,115637209,US1156372096,US1156372096,1786001.0,1779239.0,6762.0,0.38005012255239456
2026-03-31,SELECT SECTOR SPDR TRUST,Builders FirstSource Inc,12008R107,US12008R1077,US12008R1077,620297.0,592040.0,28257.0,4.772819404094318
2026-03-31,SELECT SECTOR SPDR TRUST,Cboe Global Markets Inc,12503M108,US12503M1080,US12503M1080,709036.0,708453.0,583.0,0.08229197984905139
2026-03-31,SELECT SECTOR SPDR TRUST,CBRE Group Inc,12504L109,US12504L1098,US12504L1098,2405777.0,2108413.0,297364.0,14.103688413987204
2026-03-31,SELECT SECTOR SPDR TRUST,CDW Corp/DE,12514G108,US12514G1085,US12514G1085,976368.0,1035228.0,-58860.0,-5.685704018824839
2026-03-31,SELECT SECTOR SPDR TRUST,CF Industries Holdings Inc,125269100,US1252691001,US1252691001,1278396.0,1188805.0,89591.0,7.536223350339206
2026-03-31,SELECT SECTOR SPDR TRUST,CH Robinson Worldwide Inc,12541W209,US12541W2098,US12541W2098,665412.0,632490.0,32922.0,5.205141583266139
2026-03-31,SELECT SECTOR SPDR TRUST,Cigna Group/The,125523100,US1255231003,US1255231003,1917238.0,1888120.0,29118.0,1.5421689299408936
2026-03-31,SELECT SECTOR SPDR TRUST,CME Group Inc,12572Q105,US12572Q1058,US12572Q1058,2442849.0,2441442.0,1407.0,0.057629876114198085
2026-03-31,SELECT SECTOR SPDR TRUST,CMS Energy Corp,125896100,US1258961002,US1258961002,5256838.0,5026588.0,230250.0,4.580641978216636
2026-03-31,SELECT SECTOR SPDR TRUST,CSX Corp,126408103,US1264081035,US1264081035,10431688.0,9969372.0,462316.0,4.637363316365364
2026-03-31,SELECT SECTOR SPDR TRUST,CVS Health Corp,126650100,US1266501006,US1266501006,9258008.0,8972646.0,285362.0,3.1803550479981046
2026-03-31,SELECT SECTOR SPDR TRUST,Coterra Energy Inc,127097103,US1270971039,US1270971039,17515044.0,14367421.0,3147623.0,21.908058516556313
2026-03-31,SELECT SECTOR SPDR TRUST,Cadence Design Systems Inc,127387108,US1273871087,US1273871087,2041331.0,2164486.0,-123155.0,-5.689803491452474
2026-03-31,SELECT SECTOR SPDR TRUST,Camden Property Trust,133131102,US1331311027,US1331311027,854939.0,857070.0,-2131.0,-0.24863780087974147
2026-03-31,SELECT SECTOR SPDR TRUST,Campbell's Company/The,134429109,US1344291091,US1344291091,2059069.0,1985252.0,73817.0,3.7182685120075436
2026-03-31,SELECT SECTOR SPDR TRUST,Capital One Financial Corp,14040H105,US14040H1059,US14040H1059,4234897.0,4304214.0,-69317.0,-1.6104450196946527
2026-03-31,SELECT SECTOR SPDR TRUST,Cardinal Health Inc,14149Y108,US14149Y1082,US14149Y1082,1712437.0,1679359.0,33078.0,1.9696800981803178
2026-03-31,SELECT SECTOR SPDR TRUST,Carrier Global Corp,14448C104,US14448C1045,US14448C1045,4407546.0,4238453.0,169093.0,3.989498055068677
2026-03-31,SELECT SECTOR SPDR TRUST,Carvana Co,146869102,US1468691027,US1468691027,755037.0,790137.0,-35100.0,-4.442267606756803
2026-03-31,SELECT SECTOR SPDR TRUST,Caterpillar Inc,149123101,US1491231015,US1491231015,2610119.0,2505428.0,104691.0,4.178567494256471
2026-03-31,SELECT SECTOR SPDR TRUST,Centene Corp,15135B101,US15135B1017,US15135B1017,3399698.0,3300499.0,99199.0,3.005575823534562
2026-03-31,SELECT SECTOR SPDR TRUST,CenterPoint Energy Inc,15189T107,US15189T1079,US15189T1079,11200253.0,10783733.0,416520.0,3.862484354907526
2026-03-31,SELECT SECTOR SPDR TRUST,Charles River Laboratories International Inc,159864107,US1598641074,US1598641074,358098.0,347818.0,10280.0,2.9555687169726697
2026-03-31,SELECT SECTOR SPDR TRUST,Charter Communications Inc,16119P108,US16119P1084,US16119P1084,2844936.0,3069337.0,-224401.0,-7.311057730057012
2026-03-31,SELECT SECTOR SPDR TRUST,Expand Energy Corp,165167735,US1651677353,US1651677353,5498741.0,4494297.0,1004444.0,22.349301792916666
2026-03-31,SELECT SECTOR SPDR TRUST,Chevron Corp,166764100,US1667641005,US1667641005,36505618.0,30575353.0,5930265.0,19.395573290682858
2026-03-31,SELECT SECTOR SPDR TRUST,Chipotle Mexican Grill Inc,169656105,US1696561059,US1696561059,6953472.0,7387565.0,-434093.0,-5.875995676518582
2026-03-31,SELECT SECTOR SPDR TRUST,Church & Dwight Co Inc,171340102,US1713401024,US1713401024,2476961.0,2426221.0,50740.0,2.0913181445548448
2026-03-31,SELECT SECTOR SPDR TRUST,Cincinnati Financial Corp,172062101,US1720621010,US1720621010,1057107.0,1056362.0,745.0,0.07052506621783063
2026-03-31,SELECT SECTOR SPDR TRUST,Cisco Systems Inc,17275R102,US17275R1023,US17275R1023,29630625.0,31335860.0,-1705235.0,-5.441800544168885
2026-03-31,SELECT SECTOR SPDR TRUST,Cintas Corp,172908105,US1729081059,US1729081059,1906829.0,1828774.0,78055.0,4.268159980402171
2026-03-31,SELECT SECTOR SPDR TRUST,Citigroup Inc,172967424,US1729674242,US1729674242,11838919.0,12114410.0,-275491.0,-2.2740769051072234
2026-03-31,SELECT SECTOR SPDR TRUST,Citizens Financial Group Inc,174610105,US1746101054,US1746101054,2879142.0,2907855.0,-28713.0,-0.9874288779873823
2026-03-31,SELECT SECTOR SPDR TRUST,Clorox Co/The,189054109,US1890541097,US1890541097,1265271.0,1232478.0,32793.0,2.660737149060673
2026-03-31,SELECT SECTOR SPDR TRUST,Coca-Cola Co/The,191216100,US1912161007,US1912161007,13048174.0,13297580.0,-249406.0,-1.8755743526265682
2026-03-31,SELECT SECTOR SPDR TRUST,Cognizant Technology Solutions Corp,192446102,US1924461023,US1924461023,3586545.0,3837963.0,-251418.0,-6.550818754636248
2026-03-31,SELECT SECTOR SPDR TRUST,Coinbase Global Inc,19260Q107,US19260Q1076,US19260Q1076,1510929.0,1544788.0,-33859.0,-2.19182179043338
2026-03-31,SELECT SECTOR SPDR TRUST,Colgate-Palmolive Co,194162103,US1941621039,US1941621039,7963120.0,8144464.0,-181344.0,-2.226592198086946
2026-03-31,SELECT SECTOR SPDR TRUST,Comfort Systems USA Inc,199908104,US1999081045,US1999081045,197375.0,188421.0,8954.0,4.752124232436937
2026-03-31,SELECT SECTOR SPDR TRUST,Comcast Corp,20030N101,US20030N1019,US20030N1019,37285690.0,43747041.0,-6461351.0,-14.769801230670666
2026-03-31,SELECT SECTOR SPDR TRUST,Conagra Brands Inc,205887102,US2058871029,US2058871029,5005846.0,4833270.0,172576.0,3.5705847180066494
2026-03-31,SELECT SECTOR SPDR TRUST,ConocoPhillips,20825C104,US20825C1045,US20825C1045,23859784.0,19962085.0,3897699.0,19.52551048650479
2026-03-31,SELECT SECTOR SPDR TRUST,Consolidated Edison Inc,209115104,US2091151041,US2091151041,6192028.0,5961686.0,230342.0,3.8637056698390357
2026-03-31,SELECT SECTOR SPDR TRUST,Constellation Brands Inc,21036P108,US21036P1084,US21036P1084,1469700.0,1424394.0,45306.0,3.180721064536919
2026-03-31,SELECT SECTOR SPDR TRUST,Constellation Energy Corp,21037T109,US21037T1097,US21037T1097,5346056.0,5158266.0,187790.0,3.640564484266612
2026-03-31,SELECT SECTOR SPDR TRUST,Cooper Cos Inc/The,216648501,US2166485019,US2166485019,1426157.0,1405281.0,20876.0,1.4855391910941655
2026-03-31,SELECT SECTOR SPDR TRUST,Copart Inc,217204106,US2172041061,US2172041061,4995860.0,4766991.0,228869.0,4.801120874782437
2026-03-31,SELECT SECTOR SPDR TRUST,Corning Inc,219350105,US2193501051,US2193501051,5855024.0,6203994.0,-348970.0,-5.624924846800304
2026-03-31,SELECT SECTOR SPDR TRUST,Corpay Inc,219948106,US2199481068,US2199481068,473850.0,473629.0,221.0,0.04666099415365191
2026-03-31,SELECT SECTOR SPDR TRUST,Corteva Inc,22052L104,US22052L1044,US22052L1044,3712442.0,3600013.0,112429.0,3.1230165002181938
2026-03-31,SELECT SECTOR SPDR TRUST,Costco Wholesale Corp,22160K105,US22160K1051,US22160K1051,1496048.0,1522247.0,-26199.0,-1.7210741752159802
2026-03-31,SELECT SECTOR SPDR TRUST,CoStar Group Inc,22160N109,US22160N1090,US22160N1090,3509600.0,3417265.0,92335.0,2.7020146228050796
2026-03-31,SELECT SECTOR SPDR TRUST,Crowdstrike Holdings Inc,22788C105,US22788C1053,US22788C1053,1890554.0,1995533.0,-104979.0,-5.260699772942868
2026-03-31,SELECT SECTOR SPDR TRUST,Crown Castle Inc,22822V101,US22822V1017,US22822V1017,3605637.0,3511154.0,94483.0,2.6909386486608105
2026-03-31,SELECT SECTOR SPDR TRUST,Cummins Inc,231021106,US2310211063,US2310211063,775101.0,739003.0,36098.0,4.884689236714871
2026-03-31,SELECT SECTOR SPDR TRUST,DR Horton Inc,23331A109,US23331A1097,US23331A1097,1438425.0,1530030.0,-91605.0,-5.987137507107704
2026-03-31,SELECT SECTOR SPDR TRUST,DTE Energy Co,233331107,US2333311072,US2333311072,3562854.0,3430447.0,132407.0,3.859759384126908
2026-03-31,SELECT SECTOR SPDR TRUST,Danaher Corp,235851102,US2358511028,US2358511028,4578318.0,4443504.0,134814.0,3.033956985298089
2026-03-31,SELECT SECTOR SPDR TRUST,Darden Restaurants Inc,237194105,US2371941053,US2371941053,614583.0,649813.0,-35230.0,-5.42155974103319
2026-03-31,SELECT SECTOR SPDR TRUST,Datadog Inc,23804L103,US23804L1035,US23804L1035,2461854.0,2587879.0,-126025.0,-4.869818102005542
2026-03-31,SELECT SECTOR SPDR TRUST,DaVita Inc,23918K108,US23918K1088,US23918K1088,243066.0,249548.0,-6482.0,-2.597496273262058
2026-03-31,SELECT SECTOR SPDR TRUST,Deckers Outdoor Corp,243537107,US2435371073,US2435371073,757658.0,814289.0,-56631.0,-6.954656147878701
2026-03-31,SELECT SECTOR SPDR TRUST,Deere & Co,244199105,US2441991054,US2441991054,1414185.0,1345946.0,68239.0,5.0699656598407365
2026-03-31,SELECT SECTOR SPDR TRUST,Dell Technologies Inc,24703L202,US24703L2025,US24703L2025,2228717.0,2396633.0,-167916.0,-7.006329296141713
2026-03-31,SELECT SECTOR SPDR TRUST,Delta Air Lines Inc,247361702,US2473617023,US2473617023,3644000.0,3472634.0,171366.0,4.934755577466557
2026-03-31,SELECT SECTOR SPDR TRUST,Devon Energy Corp,25179M103,US25179M1036,US25179M1036,14320158.0,11837367.0,2482791.0,20.974182856711295
2026-03-31,SELECT SECTOR SPDR TRUST,Dexcom Inc,252131107,US2521311074,US2521311074,2800696.0,2756699.0,43997.0,1.596003045671653
2026-03-31,SELECT SECTOR SPDR TRUST,Diamondback Energy Inc,25278X109,US25278X1090,US25278X1090,4479695.0,3514506.0,965189.0,27.463006180669485
2026-03-31,SELECT SECTOR SPDR TRUST,Digital Realty Trust Inc,253868103,US2538681030,US2538681030,1878483.0,2070659.0,-192176.0,-9.280910087078558
2026-03-31,SELECT SECTOR SPDR TRUST,Walt Disney Co/The,254687106,US2546871060,US2546871060,11297673.0,11086515.0,211158.0,1.9046382023566468
2026-03-31,SELECT SECTOR SPDR TRUST,Dollar General Corp,256677105,US2566771059,US2566771059,2303461.0,2223941.0,79520.0,3.5756344255535555
2026-03-31,SELECT SECTOR SPDR TRUST,Dollar Tree Inc,256746108,US2567461080,US2567461080,1935209.0,1916609.0,18600.0,0.9704639809162955
2026-03-31,SELECT SECTOR SPDR TRUST,Dominion Energy Inc,25746U109,US25746U1097,US25746U1097,14649314.0,14104508.0,544806.0,3.8626373922436716
2026-03-31,SELECT SECTOR SPDR TRUST,Domino's Pizza Inc,25754A201,US25754A2015,US25754A2015,165910.0,173688.0,-7778.0,-4.478144719266732
2026-03-31,SELECT SECTOR SPDR TRUST,DoorDash Inc,25809K105,US25809K1051,US25809K1051,1995791.0,2088607.0,-92816.0,-4.443918841601125
2026-03-31,SELECT SECTOR SPDR TRUST,Dover Corp,260003108,US2600031080,US2600031080,756530.0,734265.0,22265.0,3.0322839846649368
2026-03-31,SELECT SECTOR SPDR TRUST,Dow Inc,260557103,US2605571031,US2605571031,5881117.0,5417532.0,463585.0,8.557125274017762
2026-03-31,SELECT SECTOR SPDR TRUST,Duke Energy Corp,26441C204,US26441C2044,US26441C2044,13341195.0,12844959.0,496236.0,3.8632743008366157
2026-03-31,SELECT SECTOR SPDR TRUST,DuPont de Nemours Inc,26614N102,US26614N1028,US26614N1028,3353854.0,3193474.0,160380.0,5.022116979815712
2026-03-31,SELECT SECTOR SPDR TRUST,EOG Resources Inc,26875P101,US26875P1012,US26875P1012,12527098.0,10238978.0,2288120.0,22.347152225544388
2026-03-31,SELECT SECTOR SPDR TRUST,EQT Corp,26884L109,US26884L1098,US26884L1098,14408070.0,11776291.0,2631779.0,22.348114529438853
2026-03-31,SELECT SECTOR SPDR TRUST,eBay Inc,278642103,US2786421030,US2786421030,2413168.0,2525341.0,-112173.0,-4.441895173760692
2026-03-31,SELECT SECTOR SPDR TRUST,Ecolab Inc,278865100,US2788651006,US2788651006,1053810.0,947560.0,106250.0,11.21301025792562
2026-03-31,SELECT SECTOR SPDR TRUST,Edison International,281020107,US2810201077,US2810201077,6601163.0,6355700.0,245463.0,3.862092295105181
2026-03-31,SELECT SECTOR SPDR TRUST,Edwards Lifesciences Corp,28176E108,US28176E1082,US28176E1082,4222890.0,4101757.0,121133.0,2.953197861306752
2026-03-31,SELECT SECTOR SPDR TRUST,Electronic Arts Inc,285512109,US2855121099,US2855121099,5701346.0,5928693.0,-227347.0,-3.834690040452424
2026-03-31,SELECT SECTOR SPDR TRUST,EMCOR Group Inc,29084Q100,US29084Q1004,US29084Q1004,251127.0,239664.0,11463.0,4.782946124574404
2026-03-31,SELECT SECTOR SPDR TRUST,Emerson Electric Co,291011104,US2910111044,US2910111044,3152689.0,3007707.0,144982.0,4.8203498545569765
2026-03-31,SELECT SECTOR SPDR TRUST,Entergy Corp,29364G103,US29364G1031,US29364G1031,7760113.0,7376664.0,383449.0,5.198135634210803
2026-03-31,SELECT SECTOR SPDR TRUST,EPAM Systems Inc,29414B104,US29414B1044,US29414B1044,414277.0,439308.0,-25031.0,-5.6978247607601045
2026-03-31,SELECT SECTOR SPDR TRUST,Equifax Inc,294429105,US2944291051,US2944291051,675422.0,655248.0,20174.0,3.0788342734354015
2026-03-31,SELECT SECTOR SPDR TRUST,Equinix Inc,29444U700,US29444U7000,US29444U7000,529930.0,567895.0,-37965.0,-6.685214696378732
2026-03-31,SELECT SECTOR SPDR TRUST,Equity Residential,29476L107,US29476L1070,US29476L1070,2846843.0,2791821.0,55022.0,1.9708283589814677
2026-03-31,SELECT SECTOR SPDR TRUST,Erie Indemnity Co,29530P102,US29530P1021,US29530P1021,171925.0,172014.0,-89.0,-0.0517399746532259
2026-03-31,SELECT SECTOR SPDR TRUST,Essex Property Trust Inc,297178105,US2971781057,US2971781057,533659.0,519332.0,14327.0,2.758736222686066
2026-03-31,SELECT SECTOR SPDR TRUST,Evergy Inc,30034W106,US30034W1062,US30034W1062,3949512.0,3802499.0,147013.0,3.866220609130995
2026-03-31,SELECT SECTOR SPDR TRUST,Eversource Energy,30040W108,US30040W1080,US30040W1080,6436600.0,6197151.0,239449.0,3.8638561493821917
2026-03-31,SELECT SECTOR SPDR TRUST,Exelon Corp,30161N101,US30161N1019,US30161N1019,17548309.0,16687409.0,860900.0,5.1589794437231085
2026-03-31,SELECT SECTOR SPDR TRUST,Expedia Group Inc,30212P303,US30212P3038,US30212P3038,624711.0,653699.0,-28988.0,-4.434456837168177
2026-03-31,SELECT SECTOR SPDR TRUST,Expeditors International of Washington Inc,302130109,US3021301094,US3021301094,751782.0,717531.0,34251.0,4.773452296834562
2026-03-31,SELECT SECTOR SPDR TRUST,Extra Space Storage Inc,30225T102,US30225T1025,US30225T1025,1757379.0,1711328.0,46051.0,2.690951121000767
2026-03-31,SELECT SECTOR SPDR TRUST,Exxon Mobil Corp,30231G102,US30231G1022,US30231G1022,61086635.0,52147968.0,8938667.0,17.140968944369988
2026-03-31,SELECT SECTOR SPDR TRUST,Meta Platforms Inc,30303M102,US30303M1027,US30303M1027,7670125.0,8122395.0,-452270.0,-5.568185245854209
2026-03-31,SELECT SECTOR SPDR TRUST,FactSet Research Systems Inc,303075105,US3030751057,US3030751057,251357.0,253610.0,-2253.0,-0.8883719096250149
2026-03-31,SELECT SECTOR SPDR TRUST,Fair Isaac Corp,303250104,US3032501047,US3032501047,177894.0,188498.0,-10604.0,-5.625523878237435
2026-03-31,SELECT SECTOR SPDR TRUST,Fastenal Co,311900104,US3119001044,US3119001044,6441005.0,6146223.0,294782.0,4.796148789264562
2026-03-31,SELECT SECTOR SPDR TRUST,Federal Realty Investment Trust,313745101,US3137451015,US3137451015,649172.0,632368.0,16804.0,2.6573134630468336
2026-03-31,SELECT SECTOR SPDR TRUST,FedEx Corp,31428X106,US31428X1063,US31428X1063,1213488.0,1162169.0,51319.0,4.4157949489273935
2026-03-31,SELECT SECTOR SPDR TRUST,F5 Inc,315616102,US3156161024,US3156161024,423848.0,458679.0,-34831.0,-7.5937638304783945
2026-03-31,SELECT SECTOR SPDR TRUST,Fidelity National Information Services Inc,31620M106,US31620M1062,US31620M1062,3508459.0,3506064.0,2395.0,0.06831021909468851
2026-03-31,SELECT SECTOR SPDR TRUST,Fifth Third Bancorp,316773100,US3167731005,US3167731005,6097779.0,4475332.0,1622447.0,36.253109266530394
2026-03-31,SELECT SECTOR SPDR TRUST,First Solar Inc,336433107,US3364331070,US3364331070,804703.0,853299.0,-48596.0,-5.695072887698216
2026-03-31,SELECT SECTOR SPDR TRUST,Fiserv Inc,337738108,US3377381088,US3377381088,3643824.0,3641463.0,2361.0,0.06483657804569208
2026-03-31,SELECT SECTOR SPDR TRUST,FirstEnergy Corp,337932107,US3379321074,US3379321074,8919257.0,8587421.0,331836.0,3.8642102209732117
2026-03-31,SELECT SECTOR SPDR TRUST,Ford Motor Co,345370860,US3453708600,US3453708600,20920919.0,21865465.0,-944546.0,-4.319807513812306
2026-03-31,SELECT SECTOR SPDR TRUST,Fortinet Inc,34959E109,US34959E1091,US34959E1091,4740369.0,5026355.0,-285986.0,-5.689729436142095
2026-03-31,SELECT SECTOR SPDR TRUST,Fortive Corp,34959J108,US34959J1088,US34959J1088,1758177.0,1700365.0,57812.0,3.3999758875300303
2026-03-31,SELECT SECTOR SPDR TRUST,Fox Corp,35137L105,US35137L1052,US35137L1052,6630626.0,7267592.0,-636966.0,-8.764471093038795
2026-03-31,SELECT SECTOR SPDR TRUST,Fox Corp,35137L204,US35137L2043,US35137L2043,4677006.0,5176659.0,-499653.0,-9.652036187819208
2026-03-31,SELECT SECTOR SPDR TRUST,Franklin Resources Inc,354613101,US3546131018,US3546131018,2079947.0,2081060.0,-1113.0,-0.053482359951178726
2026-03-31,SELECT SECTOR SPDR TRUST,Freeport-McMoRan Inc,35671D857,US35671D8570,US35671D8570,5853845.0,5337546.0,516299.0,9.672965816125988
2026-03-31,SELECT SECTOR SPDR TRUST,GE HealthCare Technologies Inc,36266G107,US36266G1076,US36266G1076,3316530.0,3219723.0,96807.0,3.006687221229901
2026-03-31,SELECT SECTOR SPDR TRUST,Arthur J Gallagher & Co,363576109,US3635761097,US3635761097,1740867.0,1738704.0,2163.0,0.12440300361648676
2026-03-31,SELECT SECTOR SPDR TRUST,Gartner Inc,366651107,US3666511072,US3666511072,528321.0,573103.0,-44782.0,-7.813953163741945
2026-03-31,SELECT SECTOR SPDR TRUST,GE Vernova Inc,36828A101,US36828A1016,US36828A1016,1511959.0,1452564.0,59395.0,4.088976458180156
2026-03-31,SELECT SECTOR SPDR TRUST,Generac Holdings Inc,368736104,US3687361044,US3687361044,329205.0,314176.0,15029.0,4.783624465267875
2026-03-31,SELECT SECTOR SPDR TRUST,General Dynamics Corp,369550108,US3695501086,US3695501086,1423646.0,1357350.0,66296.0,4.8842229343942245
2026-03-31,SELECT SECTOR SPDR TRUST,General Electric Co,369604301,US3696043013,US3696043013,5883564.0,5647164.0,236400.0,4.186172032545894
2026-03-31,SELECT SECTOR SPDR TRUST,General Mills Inc,370334104,US3703341046,US3703341046,5583669.0,5389586.0,194083.0,3.601074368235334
2026-03-31,SELECT SECTOR SPDR TRUST,General Motors Co,37045V100,US37045V1008,US37045V1008,4826080.0,5211889.0,-385809.0,-7.402479216268803
2026-03-31,SELECT SECTOR SPDR TRUST,Genuine Parts Co,372460105,US3724601055,US3724601055,742507.0,777231.0,-34724.0,-4.467655047212475
2026-03-31,SELECT SECTOR SPDR TRUST,Gilead Sciences Inc,375558103,US3755581036,US3755581036,9028573.0,8769456.0,259117.0,2.9547670915961035
2026-03-31,SELECT SECTOR SPDR TRUST,Global Payments Inc,37940X102,US37940X1028,US37940X1028,1612112.0,1602862.0,9250.0,0.5770927253874631
2026-03-31,SELECT SECTOR SPDR TRUST,Globe Life Inc,37959E102,US37959E1029,US37959E1029,539333.0,538981.0,352.0,0.06530842460123826
2026-03-31,SELECT SECTOR SPDR TRUST,GoDaddy Inc,380237107,US3802371076,US3802371076,1013493.0,1074602.0,-61109.0,-5.686663527519956
2026-03-31,SELECT SECTOR SPDR TRUST,Goldman Sachs Group Inc/The,38141G104,US38141G1040,US38141G1040,2031838.0,2030690.0,1148.0,0.056532508654693725
2026-03-31,SELECT SECTOR SPDR TRUST,WW Grainger Inc,384802104,US3848021040,US3848021040,245384.0,234177.0,11207.0,4.785696289558753
2026-03-31,SELECT SECTOR SPDR TRUST,HCA Healthcare Inc,40412C101,US40412C1018,US40412C1018,1139133.0,1129024.0,10109.0,0.8953751204580239
2026-03-31,SELECT SECTOR SPDR TRUST,HP Inc,40434L105,US40434L1052,US40434L1052,6884240.0,7432609.0,-548369.0,-7.377880364754826
2026-03-31,SELECT SECTOR SPDR TRUST,Halliburton Co,406216101,US4062161017,US4062161017,19336729.0,15881718.0,3455011.0,21.754642665233067
2026-03-31,SELECT SECTOR SPDR TRUST,Hartford Insurance Group Inc/The,416515104,US4165151048,US4165151048,1889621.0,1886615.0,3006.0,0.1593329852672644
2026-03-31,SELECT SECTOR SPDR TRUST,Hasbro Inc,418056107,US4180561072,US4180561072,711600.0,744874.0,-33274.0,-4.46706422831244
2026-03-31,SELECT SECTOR SPDR TRUST,Healthpeak Properties Inc,42250P103,US42250P1030,US42250P1030,5746650.0,5597963.0,148687.0,2.656091153156961
2026-03-31,SELECT SECTOR SPDR TRUST,Jack Henry & Associates Inc,426281101,US4262811015,US4262811015,488946.0,490071.0,-1125.0,-0.22955857416578412
2026-03-31,SELECT SECTOR SPDR TRUST,Hershey Co/The,427866108,US4278661081,US4278661081,1550561.0,1497098.0,53463.0,3.5711089053622405
2026-03-31,SELECT SECTOR SPDR TRUST,Hewlett Packard Enterprise Co,42824C109,US42824C1099,US42824C1099,9965172.0,10491996.0,-526824.0,-5.021199016850559
2026-03-31,SELECT SECTOR SPDR TRUST,Hilton Worldwide Holdings Inc,43300A203,US43300A2033,US43300A2033,1224139.0,1298635.0,-74496.0,-5.736484847551467
2026-03-31,SELECT SECTOR SPDR TRUST,Hologic Inc,436440101,US4364401012,US4364401012,1619665.0,1573212.0,46453.0,2.952748898431998
2026-03-31,SELECT SECTOR SPDR TRUST,Home Depot Inc/The,437076102,US4370761029,US4370761029,3874354.0,3977424.0,-103070.0,-2.5913757245895837
2026-03-31,SELECT SECTOR SPDR TRUST,Honeywell International Inc,438516106,US4385161066,US4385161066,3561492.0,3399014.0,162478.0,4.780150949657753
2026-03-31,SELECT SECTOR SPDR TRUST,Hormel Foods Corp,440452100,US4404521001,US4404521001,3050935.0,2945301.0,105634.0,3.5865264704694018
2026-03-31,SELECT SECTOR SPDR TRUST,Host Hotels & Resorts Inc,44107P104,US44107P1049,US44107P1049,5287876.0,5151695.0,136181.0,2.6434212429113138
2026-03-31,SELECT SECTOR SPDR TRUST,Howmet Aerospace Inc,443201108,US4432011082,US4432011082,2249161.0,2152558.0,96603.0,4.487823324621218
2026-03-31,SELECT SECTOR SPDR TRUST,Hubbell Inc,443510607,US4435106079,US4435106079,298198.0,284521.0,13677.0,4.807026546370919
2026-03-31,SELECT SECTOR SPDR TRUST,Humana Inc,444859102,US4448591028,US4448591028,877586.0,850125.0,27461.0,3.2302308484046462
2026-03-31,SELECT SECTOR SPDR TRUST,JB Hunt Transport Services Inc,445658107,US4456581077,US4456581077,419247.0,402683.0,16564.0,4.11340930707281
2026-03-31,SELECT SECTOR SPDR TRUST,Huntington Bancshares Inc/OH,446150104,US4461501045,US4461501045,13751445.0,10644392.0,3107053.0,29.18957700918944
2026-03-31,SELECT SECTOR SPDR TRUST,Huntington Ingalls Industries Inc,446413106,US4464131063,US4464131063,220139.0,210068.0,10071.0,4.794161890435477
2026-03-31,SELECT SECTOR SPDR TRUST,IDEX Corp,45167R104,US45167R1041,US45167R1041,419857.0,400743.0,19114.0,4.769640392970058
2026-03-31,SELECT SECTOR SPDR TRUST,IDEXX Laboratories Inc,45168D104,US45168D1046,US45168D1046,581073.0,564402.0,16671.0,2.953745734423337
2026-03-31,SELECT SECTOR SPDR TRUST,Illinois Tool Works Inc,452308109,US4523081093,US4523081093,1471239.0,1413346.0,57893.0,4.096166119265912
2026-03-31,SELECT SECTOR SPDR TRUST,Incyte Corp,45337C102,US45337C1027,US45337C1027,1216510.0,1165668.0,50842.0,4.361619260372594
2026-03-31,SELECT SECTOR SPDR TRUST,Ingersoll Rand Inc,45687V106,US45687V1061,US45687V1061,1996655.0,1924911.0,71744.0,3.727133358373452
2026-03-31,SELECT SECTOR SPDR TRUST,Insulet Corp,45784P101,US45784P1012,US45784P1012,511958.0,497216.0,14742.0,2.964908611146866
2026-03-31,SELECT SECTOR SPDR TRUST,Intel Corp,458140100,US4581401001,US4581401001,35211746.0,35654386.0,-442640.0,-1.2414741905806483
2026-03-31,SELECT SECTOR SPDR TRUST,Interactive Brokers Group Inc,45841N107,US45841N1072,US45841N1072,3017149.0,3015392.0,1757.0,0.058267714446413606
2026-03-31,SELECT SECTOR SPDR TRUST,Intercontinental Exchange Inc,45866F104,US45866F1049,US45866F1049,3847373.0,3860412.0,-13039.0,-0.3377618761935255
2026-03-31,SELECT SECTOR SPDR TRUST,International Business Machines Corp,459200101,US4592001014,US4592001014,7009907.0,7432826.0,-422919.0,-5.689881614341571
2026-03-31,SELECT SECTOR SPDR TRUST,International Flavors & Fragrances Inc,459506101,US4595061015,US4595061015,2099022.0,1952025.0,146997.0,7.530487570599761
2026-03-31,SELECT SECTOR SPDR TRUST,International Paper Co,460146103,US4601461035,US4601461035,4327933.0,4024849.0,303084.0,7.530319771002588
2026-03-31,SELECT SECTOR SPDR TRUST,Intuit Inc,461202103,US4612021034,US4612021034,2086892.0,2216979.0,-130087.0,-5.867759685590166
2026-03-31,SELECT SECTOR SPDR TRUST,Intuitive Surgical Inc,46120E602,US46120E6023,US46120E6023,2584328.0,2505689.0,78639.0,3.1384182155087883
2026-03-31,SELECT SECTOR SPDR TRUST,Invitation Homes Inc,46187W107,US46187W1071,US46187W1071,4662990.0,4548024.0,114966.0,2.527823072173762
2026-03-31,SELECT SECTOR SPDR TRUST,IQVIA Holdings Inc,46266C105,US46266C1053,US46266C1053,1234171.0,1203750.0,30421.0,2.5271858774662515
2026-03-31,SELECT SECTOR SPDR TRUST,Iron Mountain Inc,46284V101,US46284V1017,US46284V1017,2449532.0,2383430.0,66102.0,2.773398002039078
2026-03-31,SELECT SECTOR SPDR TRUST,JPMorgan Chase & Co,46625H100,US46625H1005,US46625H1005,18265999.0,18431041.0,-165042.0,-0.8954567460405519
2026-03-31,SELECT SECTOR SPDR TRUST,Jabil Inc,466313103,US4663131039,US4663131039,791866.0,849571.0,-57705.0,-6.792251618758173
2026-03-31,SELECT SECTOR SPDR TRUST,Jacobs Solutions Inc,46982L108,US46982L1089,US46982L1089,658844.0,639930.0,18914.0,2.955635772662635
2026-03-31,SELECT SECTOR SPDR TRUST,Johnson & Johnson,478160104,US4781601046,US4781601046,17537133.0,17029489.0,507644.0,2.9809702452023075
2026-03-31,SELECT SECTOR SPDR TRUST,KLA Corp,482480100,US4824801009,US4824801009,982992.0,1044802.0,-61810.0,-5.915953453381598
2026-03-31,SELECT SECTOR SPDR TRUST,KKR & Co Inc,48251W104,US48251W1045,US48251W1045,4650365.0,4646902.0,3463.0,0.07452276807214786
2026-03-31,SELECT SECTOR SPDR TRUST,Kenvue Inc,49177J102,US49177J1025,US49177J1025,20050277.0,19357181.0,693096.0,3.580562686271312
2026-03-31,SELECT SECTOR SPDR TRUST,Keurig Dr Pepper Inc,49271V100,US49271V1008,US49271V1008,14216930.0,13727066.0,489864.0,3.568599437053774
2026-03-31,SELECT SECTOR SPDR TRUST,KeyCorp,493267108,US4932671088,US4932671088,6348344.0,6289611.0,58733.0,0.9338097379949253
2026-03-31,SELECT SECTOR SPDR TRUST,Keysight Technologies Inc,49338L103,US49338L1035,US49338L1035,1286292.0,1366526.0,-80234.0,-5.8713848108268705
2026-03-31,SELECT SECTOR SPDR TRUST,Kimberly-Clark Corp,494368103,US4943681035,US4943681035,3473466.0,3353076.0,120390.0,3.590434574104494
2026-03-31,SELECT SECTOR SPDR TRUST,Kimco Realty Corp,49446R109,US49446R1095,US49446R1095,5582244.0,5454942.0,127302.0,2.333700339985283
2026-03-31,SELECT SECTOR SPDR TRUST,Kinder Morgan Inc,49456B101,US49456B1017,US49456B1017,45199945.0,36944119.0,8255826.0,22.346793545137725
2026-03-31,SELECT SECTOR SPDR TRUST,Kraft Heinz Co/The,500754106,US5007541064,US5007541064,8918927.0,8610915.0,308012.0,3.576995011563812
2026-03-31,SELECT SECTOR SPDR TRUST,Kroger Co/The,501044101,US5010441013,US5010441013,6092643.0,6160002.0,-67359.0,-1.0934899047110698
2026-03-31,SELECT SECTOR SPDR TRUST,L3Harris Technologies Inc,502431109,US5024311095,US5024311095,1047802.0,1001427.0,46375.0,4.6308917175191
2026-03-31,SELECT SECTOR SPDR TRUST,Labcorp Holdings Inc,504922105,US5049221055,US5049221055,603269.0,585965.0,17304.0,2.9530774022339217
2026-03-31,SELECT SECTOR SPDR TRUST,Lam Research Corp,512807306,US5128073062,US5128073062,9364996.0,9987709.0,-622713.0,-6.234793184302827
2026-03-31,SELECT SECTOR SPDR TRUST,Las Vegas Sands Corp,517834107,US5178341070,US5178341070,1613768.0,1699838.0,-86070.0,-5.063423690963491
2026-03-31,SELECT SECTOR SPDR TRUST,Estee Lauder Cos Inc/The,518439104,US5184391044,US5184391044,2586987.0,2484108.0,102879.0,4.1414866020317955
2026-03-31,SELECT SECTOR SPDR TRUST,Leidos Holdings Inc,525327102,US5253271028,US5253271028,717220.0,684461.0,32759.0,4.786101764746275
2026-03-31,SELECT SECTOR SPDR TRUST,Lennar Corp,526057104,US5260571048,US5260571048,1151698.0,1205430.0,-53732.0,-4.457496495026671
2026-03-31,SELECT SECTOR SPDR TRUST,Lennox International Inc,526107107,US5261071071,US5261071071,179035.0,170860.0,8175.0,4.784618986304577
2026-03-31,SELECT SECTOR SPDR TRUST,Eli Lilly & Co,532457108,US5324571083,US5324571083,5766540.0,5613063.0,153477.0,2.734282512061596
2026-03-31,SELECT SECTOR SPDR TRUST,Live Nation Entertainment Inc,538034109,US5380341090,US5380341090,5216894.0,5507564.0,-290670.0,-5.277650881587577
2026-03-31,SELECT SECTOR SPDR TRUST,Lockheed Martin Corp,539830109,US5398301094,US5398301094,1135814.0,1090158.0,45656.0,4.188016782888352
2026-03-31,SELECT SECTOR SPDR TRUST,Loews Corp,540424108,US5404241086,US5404241086,1144581.0,1147347.0,-2766.0,-0.24107789535336735
2026-03-31,SELECT SECTOR SPDR TRUST,Lowe's Cos Inc,548661107,US5486611073,US5486611073,2994742.0,3133331.0,-138589.0,-4.42305648525483
2026-03-31,SELECT SECTOR SPDR TRUST,Lululemon Athletica Inc,550021109,US5500211090,US5500211090,569772.0,602904.0,-33132.0,-5.49540225309502
2026-03-31,SELECT SECTOR SPDR TRUST,M&T Bank Corp,55261F104,US55261F1049,US55261F1049,1028518.0,1040595.0,-12077.0,-1.1605860108880015
2026-03-31,SELECT SECTOR SPDR TRUST,MGM Resorts International,552953101,US5529531015,US5529531015,1024113.0,1146040.0,-121927.0,-10.638982932532896
2026-03-31,SELECT SECTOR SPDR TRUST,MSCI Inc,55354G100,US55354G1004,US55354G1004,497833.0,508739.0,-10906.0,-2.143731854644523
2026-03-31,SELECT SECTOR SPDR TRUST,Marathon Petroleum Corp,56585A102,US56585A1025,US56585A1025,6810654.0,5672480.0,1138174.0,20.064839364792824
2026-03-31,SELECT SECTOR SPDR TRUST,Marsh & McLennan Cos Inc,571748102,US5717481023,US5717481023,3279814.0,3316881.0,-37067.0,-1.1175257719526266
2026-03-31,SELECT SECTOR SPDR TRUST,Marriott International Inc/MD,571903202,US5719032022,US5719032022,1174191.0,1244377.0,-70186.0,-5.640252110092038
2026-03-31,SELECT SECTOR SPDR TRUST,Martin Marietta Materials Inc,573284106,US5732841060,US5732841060,488482.0,375941.0,112541.0,29.935814396407945
2026-03-31,SELECT SECTOR SPDR TRUST,Masco Corp,574599106,US5745991068,US5745991068,1142232.0,1111969.0,30263.0,2.721568676824624
2026-03-31,SELECT SECTOR SPDR TRUST,Mastercard Inc,57636Q104,US57636Q1040,US57636Q1040,5517485.0,5551515.0,-34030.0,-0.6129858245902244
2026-03-31,SELECT SECTOR SPDR TRUST,McCormick & Co Inc/MD,579780206,US5797802064,US5797802064,2653614.0,2558716.0,94898.0,3.7088133266841647
2026-03-31,SELECT SECTOR SPDR TRUST,McDonald's Corp,580135101,US5801351017,US5801351017,3100373.0,3531938.0,-431565.0,-12.218929097849395
2026-03-31,SELECT SECTOR SPDR TRUST,McKesson Corp,58155Q103,US58155Q1031,US58155Q1031,891339.0,872436.0,18903.0,2.16669188341609
2026-03-31,SELECT SECTOR SPDR TRUST,Merck & Co Inc,58933Y105,US58933Y1055,US58933Y1055,18061996.0,17543598.0,518398.0,2.954912669567554
2026-03-31,SELECT SECTOR SPDR TRUST,MetLife Inc,59156R108,US59156R1086,US59156R1086,3729185.0,3747296.0,-18111.0,-0.48330849764737027
2026-03-31,SELECT SECTOR SPDR TRUST,Mettler-Toledo International Inc,592688105,US5926881054,US5926881054,147904.0,144394.0,3510.0,2.430848927240744
2026-03-31,SELECT SECTOR SPDR TRUST,Microsoft Corp,594918104,US5949181045,US5949181045,22863796.0,22644643.0,219153.0,0.9677918084202078
2026-03-31,SELECT SECTOR SPDR TRUST,Microchip Technology Inc,595017104,US5950171042,US5950171042,4058183.0,4297510.0,-239327.0,-5.568969007634653
2026-03-31,SELECT SECTOR SPDR TRUST,Micron Technology Inc,595112103,US5951121038,US5951121038,8440588.0,8925719.0,-485131.0,-5.435203595363017
2026-03-31,SELECT SECTOR SPDR TRUST,Mid-America Apartment Communities Inc,59522J103,US59522J1034,US59522J1034,966534.0,944168.0,22366.0,2.368858084578168
2026-03-31,SELECT SECTOR SPDR TRUST,Moderna Inc,60770K107,US60770K1079,US60770K1079,2530630.0,2457634.0,72996.0,2.97017375247901
2026-03-31,SELECT SECTOR SPDR TRUST,Molson Coors Beverage Co,60871R209,US60871R2094,US60871R2094,1771686.0,1710651.0,61035.0,3.5679399246251866
2026-03-31,SELECT SECTOR SPDR TRUST,Mondelez International Inc,609207105,US6092071058,US6092071058,12889606.0,12238657.0,650949.0,5.318794374252011
2026-03-31,SELECT SECTOR SPDR TRUST,Monolithic Power Systems Inc,609839105,US6098391054,US6098391054,365270.0,380929.0,-15659.0,-4.11073979665502
2026-03-31,SELECT SECTOR SPDR TRUST,Monster Beverage Corp,61174X109,US61174X1090,US61174X1090,7463555.0,7206377.0,257178.0,3.5687558394460903
2026-03-31,SELECT SECTOR SPDR TRUST,Moody's Corp,615369105,US6153691059,US6153691059,1039456.0,1038750.0,706.0,0.06796630565583633
2026-03-31,SELECT SECTOR SPDR TRUST,Morgan Stanley,617446448,US6174464486,US6174464486,8150617.0,8177839.0,-27222.0,-0.33287522534987546
2026-03-31,SELECT SECTOR SPDR TRUST,Mosaic Co/The,61945C103,US61945C1036,US61945C1036,2601574.0,2419314.0,182260.0,7.533540499496964
2026-03-31,SELECT SECTOR SPDR TRUST,Motorola Solutions Inc,620076307,US6200763075,US6200763075,1242331.0,1324425.0,-82094.0,-6.198463484153501
2026-03-31,SELECT SECTOR SPDR TRUST,NRG Energy Inc,629377508,US6293775085,US6293775085,3643471.0,3165404.0,478067.0,15.102874704145188
2026-03-31,SELECT SECTOR SPDR TRUST,NVR Inc,62944T105,US62944T1051,US62944T1051,14910.0,15869.0,-959.0,-6.043228936921041
2026-03-31,SELECT SECTOR SPDR TRUST,Nasdaq Inc,631103108,US6311031081,US6311031081,3042245.0,3054086.0,-11841.0,-0.3877101037757286
2026-03-31,SELECT SECTOR SPDR TRUST,NetApp Inc,64110D104,US64110D1046,US64110D1046,1485362.0,1587313.0,-101951.0,-6.422866819587567
2026-03-31,SELECT SECTOR SPDR TRUST,Netflix Inc,64110L106,US64110L1061,US64110L1061,14806488.0,15803006.0,-996518.0,-6.305876236457799
2026-03-31,SELECT SECTOR SPDR TRUST,Newmont Corp,651639106,US6516391066,US6516391066,4444747.0,4056360.0,388387.0,9.574766539459022
2026-03-31,SELECT SECTOR SPDR TRUST,News Corp,65249B109,US65249B1098,US65249B1098,12231752.0,13061780.0,-830028.0,-6.354631604574568
2026-03-31,SELECT SECTOR SPDR TRUST,News Corp,65249B208,US65249B2088,US65249B2088,4037400.0,4305539.0,-268139.0,-6.227768462903251
2026-03-31,SELECT SECTOR SPDR TRUST,NextEra Energy Inc,65339F101,US65339F1012,US65339F1012,35728173.0,34399387.0,1328786.0,3.8628188345333014
2026-03-31,SELECT SECTOR SPDR TRUST,NIKE Inc,654106103,US6541061031,US6541061031,6361135.0,6644652.0,-283517.0,-4.2668449754780235
2026-03-31,SELECT SECTOR SPDR TRUST,NiSource Inc,65473P105,US65473P1057,US65473P1057,8209486.0,7882038.0,327448.0,4.154357033041454
2026-03-31,SELECT SECTOR SPDR TRUST,Nordson Corp,655663102,US6556631025,US6556631025,296857.0,285723.0,11134.0,3.8967811481749806
2026-03-31,SELECT SECTOR SPDR TRUST,Norfolk Southern Corp,655844108,US6558441084,US6558441084,1259797.0,1201297.0,58500.0,4.869736626329709
2026-03-31,SELECT SECTOR SPDR TRUST,Northern Trust Corp,665859104,US6658591044,US6658591044,1262219.0,1280388.0,-18169.0,-1.4190229836580786
2026-03-31,SELECT SECTOR SPDR TRUST,Northrop Grumman Corp,666807102,US6668071029,US6668071029,748374.0,718244.0,30130.0,4.194953247085949
2026-03-31,SELECT SECTOR SPDR TRUST,Gen Digital Inc,668771108,US6687711084,US6687711084,4133315.0,4462684.0,-329369.0,-7.380513610195121
2026-03-31,SELECT SECTOR SPDR TRUST,Nucor Corp,670346105,US6703461052,US6703461052,1699027.0,1426173.0,272854.0,19.13190054782975
2026-03-31,SELECT SECTOR SPDR TRUST,NVIDIA Corp,67066G104,US67066G1040,US67066G1040,74820670.0,74036225.0,784445.0,1.0595421362988184
2026-03-31,SELECT SECTOR SPDR TRUST,O'Reilly Automotive Inc,67103H107,US67103H1077,US67103H1077,4494742.0,4715982.0,-221240.0,-4.691281688522135
2026-03-31,SELECT SECTOR SPDR TRUST,Occidental Petroleum Corp,674599105,US6745991058,US6745991058,16604467.0,13571635.0,3032832.0,22.346843250647396
2026-03-31,SELECT SECTOR SPDR TRUST,Old Dominion Freight Line Inc,679580100,US6795801009,US6795801009,1032238.0,985089.0,47149.0,4.786268042785982
2026-03-31,SELECT SECTOR SPDR TRUST,Omnicom Group Inc,681919106,US6819191064,US6819191064,10394104.0,11125868.0,-731764.0,-6.577140767803464
2026-03-31,SELECT SECTOR SPDR TRUST,ON Semiconductor Corp,682189105,US6821891057,US6821891057,2954931.0,3199571.0,-244640.0,-7.646025045232626
2026-03-31,SELECT SECTOR SPDR TRUST,ONEOK Inc,682680103,US6826801036,US6826801036,14527241.0,11873814.0,2653427.0,22.34688028631744
2026-03-31,SELECT SECTOR SPDR TRUST,Oracle Corp,68389X105,US68389X1054,US68389X1054,12716753.0,13374644.0,-657891.0,-4.918942141562796
2026-03-31,SELECT SECTOR SPDR TRUST,Otis Worldwide Corp,68902V107,US68902V1070,US68902V1070,2180623.0,2086400.0,94223.0,4.516056365030675
2026-03-31,SELECT SECTOR SPDR TRUST,PG&E Corp,69331C108,US69331C1080,US69331C1080,37707351.0,36303843.0,1403508.0,3.866003937930208
2026-03-31,SELECT SECTOR SPDR TRUST,PNC Financial Services Group Inc/The,693475105,US6934751057,US6934751057,2736468.0,2655105.0,81363.0,3.0643985831068825
2026-03-31,SELECT SECTOR SPDR TRUST,PPG Industries Inc,693506107,US6935061076,US6935061076,1839227.0,1710343.0,128884.0,7.5355645037281995
2026-03-31,SELECT SECTOR SPDR TRUST,PPL Corp,69351T106,US69351T1060,US69351T1060,12690677.0,12218604.0,472073.0,3.8635592085642516
2026-03-31,SELECT SECTOR SPDR TRUST,PTC Inc,69370C100,US69370C1009,US69370C1009,892390.0,952559.0,-60169.0,-6.316564118338077
2026-03-31,SELECT SECTOR SPDR TRUST,PACCAR Inc,693718108,US6937181088,US6937181088,2947351.0,2811819.0,135532.0,4.820082658236537
2026-03-31,SELECT SECTOR SPDR TRUST,Packaging Corp of America,695156109,US6951561090,US6951561090,732453.0,681137.0,51316.0,7.533873508559951
2026-03-31,SELECT SECTOR SPDR TRUST,Palantir Technologies Inc,69608A108,US69608A1088,US69608A1088,17130982.0,18164650.0,-1033668.0,-5.690547299287352
2026-03-31,SELECT SECTOR SPDR TRUST,Palo Alto Networks Inc,697435105,US6974351057,US6974351057,6060075.0,5438900.0,621175.0,11.420967475040909
2026-03-31,SELECT SECTOR SPDR TRUST,Paramount Skydance Corp,69932A204,US69932A2042,US69932A2042,10267884.0,10840040.0,-572156.0,-5.278172405267878
2026-03-31,SELECT SECTOR SPDR TRUST,Parker-Hannifin Corp,701094104,US7010941042,US7010941042,708002.0,675577.0,32425.0,4.7996009337203605
2026-03-31,SELECT SECTOR SPDR TRUST,Paychex Inc,704326107,US7043261079,US7043261079,1812377.0,1734081.0,78296.0,4.515129339402254
2026-03-31,SELECT SECTOR SPDR TRUST,PayPal Holdings Inc,70450Y103,US70450Y1038,US70450Y1038,6237419.0,6334785.0,-97366.0,-1.537005596875032
2026-03-31,SELECT SECTOR SPDR TRUST,PepsiCo Inc,713448108,US7134481081,US7134481081,4606083.0,4696492.0,-90409.0,-1.9250325562142976
2026-03-31,SELECT SECTOR SPDR TRUST,Revvity Inc,714046109,US7140461093,US7140461093,825064.0,801339.0,23725.0,2.9606695792916606
2026-03-31,SELECT SECTOR SPDR TRUST,Pfizer Inc,717081103,US7170811035,US7170811035,41375596.0,40188022.0,1187574.0,2.9550446648008704
2026-03-31,SELECT SECTOR SPDR TRUST,Philip Morris International Inc,718172109,US7181721090,US7181721090,5246562.0,5346733.0,-100171.0,-1.8734992003528135
2026-03-31,SELECT SECTOR SPDR TRUST,Phillips 66,718546104,US7185461040,US7185461040,9302360.0,7603222.0,1699138.0,22.347604739148746
2026-03-31,SELECT SECTOR SPDR TRUST,Pinnacle West Capital Corp,723484101,US7234841010,US7234841010,2053281.0,1977018.0,76263.0,3.8574762597002152
2026-03-31,SELECT SECTOR SPDR TRUST,Pool Corp,73278L105,US73278L1052,US73278L1052,174952.0,183141.0,-8189.0,-4.471418196908393
2026-03-31,SELECT SECTOR SPDR TRUST,T Rowe Price Group Inc,74144T108,US74144T1088,US74144T1088,1481019.0,1477519.0,3500.0,0.2368835866070081
2026-03-31,SELECT SECTOR SPDR TRUST,Principal Financial Group Inc,74251V102,US74251V1026,US74251V1026,1340137.0,1353570.0,-13433.0,-0.9924126568999018
2026-03-31,SELECT SECTOR SPDR TRUST,Procter & Gamble Co/The,742718109,US7427181091,US7427181091,7832780.0,8026161.0,-193381.0,-2.409383514733881
2026-03-31,SELECT SECTOR SPDR TRUST,Progressive Corp/The,743315103,US7433151039,US7433151039,3970474.0,3970173.0,301.0,0.007581533600676847
2026-03-31,SELECT SECTOR SPDR TRUST,Prologis Inc,74340W103,US74340W1036,US74340W1036,5013463.0,5372155.0,-358692.0,-6.676873619618198
2026-03-31,SELECT SECTOR SPDR TRUST,Prudential Financial Inc,744320102,US7443201022,US7443201022,2357545.0,2369642.0,-12097.0,-0.5104990542875253
2026-03-31,SELECT SECTOR SPDR TRUST,Public Service Enterprise Group Inc,744573106,US7445731067,US7445731067,8563186.0,8244717.0,318469.0,3.8627038381062686
2026-03-31,SELECT SECTOR SPDR TRUST,Public Storage,74460D109,US74460D1090,US74460D1090,1131105.0,1234190.0,-103085.0,-8.352441682398982
2026-03-31,SELECT SECTOR SPDR TRUST,PulteGroup Inc,745867101,US7458671010,US7458671010,1025562.0,1088983.0,-63421.0,-5.823874201892959
2026-03-31,SELECT SECTOR SPDR TRUST,Qnity Electronics Inc,74743L100,US74743L1008,US74743L1008,1570871.0,1665416.0,-94545.0,-5.676959990777079
2026-03-31,SELECT SECTOR SPDR TRUST,QUALCOMM Inc,747525103,US7475251036,US7475251036,8001800.0,8516412.0,-514612.0,-6.042591645401843
2026-03-31,SELECT SECTOR SPDR TRUST,Quanta Services Inc,74762E102,US74762E1029,US74762E1029,836497.0,798306.0,38191.0,4.784005130864606
2026-03-31,SELECT SECTOR SPDR TRUST,Quest Diagnostics Inc,74834L100,US74834L1008,US74834L1008,800521.0,786299.0,14222.0,1.8087267057442524
2026-03-31,SELECT SECTOR SPDR TRUST,Ralph Lauren Corp,751212101,US7512121010,US7512121010,206350.0,216536.0,-10186.0,-4.704067683895518
2026-03-31,SELECT SECTOR SPDR TRUST,Raymond James Financial Inc,754730109,US7547301090,US7547301090,1188466.0,1193708.0,-5242.0,-0.43913586907350877
2026-03-31,SELECT SECTOR SPDR TRUST,RTX Corp,75513E101,US75513E1010,US75513E1010,7529914.0,7178126.0,351788.0,4.900833448730212
2026-03-31,SELECT SECTOR SPDR TRUST,Realty Income Corp,756109104,US7561091049,US7561091049,5242287.0,5828301.0,-586014.0,-10.054628269885168
2026-03-31,SELECT SECTOR SPDR TRUST,Regency Centers Corp,758849103,US7588491032,US7588491032,1360967.0,1325974.0,34993.0,2.6390411878362623
2026-03-31,SELECT SECTOR SPDR TRUST,Regeneron Pharmaceuticals Inc,75886F107,US75886F1075,US75886F1075,733541.0,712355.0,21186.0,2.974078935362284
2026-03-31,SELECT SECTOR SPDR TRUST,Regions Financial Corp,7591EP100,US7591EP1005,US7591EP1005,5880411.0,5936890.0,-56479.0,-0.9513229990786422
2026-03-31,SELECT SECTOR SPDR TRUST,Republic Services Inc,760759100,US7607591002,US7607591002,1128780.0,1077276.0,51504.0,4.780947500918985
2026-03-31,SELECT SECTOR SPDR TRUST,ResMed Inc,761152107,US7611521078,US7611521078,1060128.0,1031708.0,28420.0,2.754655386989342
2026-03-31,SELECT SECTOR SPDR TRUST,Robinhood Markets Inc,770700102,US7707001027,US7707001027,5354153.0,5323964.0,30189.0,0.5670398973396514
2026-03-31,SELECT SECTOR SPDR TRUST,Rockwell Automation Inc,773903109,US7739031091,US7739031091,630283.0,601104.0,29179.0,4.854234874497592
2026-03-31,SELECT SECTOR SPDR TRUST,Rollins Inc,775711104,US7757111049,US7757111049,1646258.0,1571306.0,74952.0,4.7700447907664065
2026-03-31,SELECT SECTOR SPDR TRUST,Roper Technologies Inc,776696106,US7766961061,US7766961061,799436.0,855874.0,-56438.0,-6.594194939909379
2026-03-31,SELECT SECTOR SPDR TRUST,Ross Stores Inc,778296103,US7782961038,US7782961038,1726798.0,1817043.0,-90245.0,-4.9665858210290015
2026-03-31,SELECT SECTOR SPDR TRUST,S&P Global Inc,78409V104,US78409V1044,US78409V1044,2072968.0,2098827.0,-25859.0,-1.232069151006729
2026-03-31,SELECT SECTOR SPDR TRUST,SBA Communications Corp,78410G104,US78410G1040,US78410G1040,882300.0,859124.0,23176.0,2.697631540964983
2026-03-31,SELECT SECTOR SPDR TRUST,Salesforce Inc,79466L302,US79466L3024,US79466L3024,7026859.0,7570097.0,-543238.0,-7.176103555872533
2026-03-31,SELECT SECTOR SPDR TRUST,Sandisk Corp/DE,80004C200,US80004C2008,US80004C2008,1106884.0,1107086.0,-202.0,-0.018246098315758668
2026-03-31,SELECT SECTOR SPDR TRUST,Henry Schein Inc,806407102,US8064071025,US8064071025,728128.0,707257.0,20871.0,2.9509782158395037
2026-03-31,SELECT SECTOR SPDR TRUST,Charles Schwab Corp/The,808513105,US8085131055,US8085131055,11316010.0,11308896.0,7114.0,0.06290622886619525
2026-03-31,SELECT SECTOR SPDR TRUST,State Street Materials Select Sector SPDR ETF,81369Y100,US81369Y1001,US81369Y1001,109970.0,47197.0,62773.0,133.00209759094858
2026-03-31,SELECT SECTOR SPDR TRUST,State Street Health Care Select Sector SPDR ETF,81369Y209,US81369Y2090,US81369Y2090,87106.0,75486.0,11620.0,15.39358291603741
2026-03-31,SELECT SECTOR SPDR TRUST,State Street Consumer Staples Select Sector SPDR ETF,81369Y308,US81369Y3080,US81369Y3080,31439.0,18209.0,13230.0,72.65637871382283
2026-03-31,SELECT SECTOR SPDR TRUST,State Street Consumer Discretionary Select Sector SPDR ETF,81369Y407,US81369Y4070,US81369Y4070,12395.0,10272.0,2123.0,20.667834890965732
2026-03-31,SELECT SECTOR SPDR TRUST,State Street Energy Select Sector SPDR ETF,81369Y506,US81369Y5069,US81369Y5069,438022.0,103095.0,334927.0,324.8722052475872
2026-03-31,SELECT SECTOR SPDR TRUST,State Street Financial Select Sector SPDR ETF,81369Y605,US81369Y6059,US81369Y6059,72562.0,36317.0,36245.0,99.80174573891016
2026-03-31,SELECT SECTOR SPDR TRUST,State Street Industrial Select Sector SPDR ETF,81369Y704,US81369Y7040,US81369Y7040,32730.0,8043.0,24687.0,306.9377098097725
2026-03-31,SELECT SECTOR SPDR TRUST,State Street Technology Select Sector SPDR ETF,81369Y803,US81369Y8030,US81369Y8030,37652.0,28555.0,9097.0,31.85781824549116
2026-03-31,SELECT SECTOR SPDR TRUST,State Street Communication Services Select Sector SPDR ETF,81369Y852,US81369Y8527,US81369Y8527,17384.0,12972.0,4412.0,34.011717545482576
2026-03-31,SELECT SECTOR SPDR TRUST,State Street Real Estate Select Sector SPDR ETF,81369Y860,US81369Y8600,US81369Y8600,61353.0,35305.0,26048.0,73.77991785866026
2026-03-31,SELECT SECTOR SPDR TRUST,State Street Utilities Select Sector SPDR ETF,81369Y886,US81369Y8865,US81369Y8865,212703.0,128548.0,84155.0,65.46581821576376
2026-03-31,SELECT SECTOR SPDR TRUST,Sempra,816851109,US8168511090,US8168511090,11197160.0,10780699.0,416461.0,3.863024095190859
2026-03-31,SELECT SECTOR SPDR TRUST,ServiceNow Inc,81762P102,US81762P1021,US81762P1021,7844329.0,8249262.0,-404933.0,-4.90871789500685
2026-03-31,SELECT SECTOR SPDR TRUST,Sherwin-Williams Co/The,824348106,US8243481061,US8243481061,938992.0,856968.0,82024.0,9.571419236190849
2026-03-31,SELECT SECTOR SPDR TRUST,Simon Property Group Inc,828806109,US8288061091,US8288061091,1789541.0,1888208.0,-98667.0,-5.22543067289197
2026-03-31,SELECT SECTOR SPDR TRUST,Skyworks Solutions Inc,83088M102,US83088M1027,US83088M1027,1127734.0,1182297.0,-54563.0,-4.614999445993688
2026-03-31,SELECT SECTOR SPDR TRUST,A O Smith Corp,831865209,US8318652091,US8318652091,630671.0,606975.0,23696.0,3.9039499155648913
2026-03-31,SELECT SECTOR SPDR TRUST,J M Smucker Co/The,832696405,US8326964058,US8326964058,1116497.0,1077925.0,38572.0,3.578356564696059
2026-03-31,SELECT SECTOR SPDR TRUST,Snap-on Inc,833034101,US8330341012,US8330341012,291214.0,278456.0,12758.0,4.581693337547045
2026-03-31,SELECT SECTOR SPDR TRUST,Solventum Corp,83444M101,US83444M1018,US83444M1018,1072915.0,1042045.0,30870.0,2.962444040324554
2026-03-31,SELECT SECTOR SPDR TRUST,Southern Co/The,842587107,US8425871071,US8425871071,18889996.0,18187475.0,702521.0,3.862663728747393
2026-03-31,SELECT SECTOR SPDR TRUST,Southwest Airlines Co,844741108,US8447411088,US8447411088,2756139.0,2768687.0,-12548.0,-0.4532112152800226
2026-03-31,SELECT SECTOR SPDR TRUST,Block Inc,852234103,US8522341036,US8522341036,3710309.0,3707931.0,2378.0,0.06413280074521344
2026-03-31,SELECT SECTOR SPDR TRUST,Stanley Black & Decker Inc,854502101,US8545021011,US8545021011,868793.0,829253.0,39540.0,4.768146753765136
2026-03-31,SELECT SECTOR SPDR TRUST,Starbucks Corp,855244109,US8552441094,US8552441094,6082399.0,6351871.0,-269472.0,-4.242403537477383
2026-03-31,SELECT SECTOR SPDR TRUST,State Street Corp,857477103,US8574771031,US8574771031,1890745.0,1891063.0,-318.0,-0.01681593897189041
2026-03-31,SELECT SECTOR SPDR TRUST,Steel Dynamics Inc,858119100,US8581191009,US8581191009,1125082.0,1046354.0,78728.0,7.5240310640567145
2026-03-31,SELECT SECTOR SPDR TRUST,Stryker Corp,863667101,US8636671013,US8636671013,2506383.0,2432776.0,73607.0,3.02563820096877
2026-03-31,SELECT SECTOR SPDR TRUST,Super Micro Computer Inc,86800U302,US86800U3023,US86800U3023,3773253.0,3987479.0,-214226.0,-5.372467165344319
2026-03-31,SELECT SECTOR SPDR TRUST,Synopsys Inc,871607107,US8716071076,US8716071076,1434761.0,1477064.0,-42303.0,-2.8639923523963757
2026-03-31,SELECT SECTOR SPDR TRUST,Synchrony Financial,87165B103,US87165B1035,US87165B1035,2354952.0,2438582.0,-83630.0,-3.4294520340099286
2026-03-31,SELECT SECTOR SPDR TRUST,Sysco Corp,871829107,US8718291078,US8718291078,5011816.0,4838403.0,173413.0,3.58409582666016
2026-03-31,SELECT SECTOR SPDR TRUST,TJX Cos Inc/The,872540109,US8725401090,US8725401090,5928417.0,6217990.0,-289573.0,-4.657019390510438
2026-03-31,SELECT SECTOR SPDR TRUST,TKO Group Holdings Inc,87256C101,US87256C1018,US87256C1018,2190343.0,2312370.0,-122027.0,-5.2771399040810945
2026-03-31,SELECT SECTOR SPDR TRUST,T-Mobile US Inc,872590104,US8725901040,US8725901040,5340224.0,6177291.0,-837067.0,-13.550713411429054
2026-03-31,SELECT SECTOR SPDR TRUST,Take-Two Interactive Software Inc,874054109,US8740541094,US8740541094,5399666.0,4904257.0,495409.0,10.101611722224183
2026-03-31,SELECT SECTOR SPDR TRUST,Tapestry Inc,876030107,US8760301072,US8760301072,1080951.0,1143407.0,-62456.0,-5.462271964401127
2026-03-31,SELECT SECTOR SPDR TRUST,Target Corp,87612E106,US87612E1064,US87612E1064,4738430.0,4591234.0,147196.0,3.206022607429724
2026-03-31,SELECT SECTOR SPDR TRUST,Targa Resources Corp,87612G101,US87612G1013,US87612G1013,4955948.0,4050725.0,905223.0,22.3471847632214
2026-03-31,SELECT SECTOR SPDR TRUST,Teledyne Technologies Inc,879360105,US8793601050,US8793601050,352096.0,373372.0,-21276.0,-5.69833838638141
2026-03-31,SELECT SECTOR SPDR TRUST,Teradyne Inc,880770102,US8807701029,US8807701029,1174494.0,1245281.0,-70787.0,-5.684419821710923
2026-03-31,SELECT SECTOR SPDR TRUST,Tesla Inc,88160R101,US88160R1014,US88160R1014,10945443.0,11228114.0,-282671.0,-2.5175287675205293
2026-03-31,SELECT SECTOR SPDR TRUST,Texas Instruments Inc,882508104,US8825081040,US8825081040,6806035.0,7225186.0,-419151.0,-5.801248576853246
2026-03-31,SELECT SECTOR SPDR TRUST,Texas Pacific Land Corp,88262P102,US88262P1021,US88262P1021,1336921.0,1092619.0,244302.0,22.35930365479641
2026-03-31,SELECT SECTOR SPDR TRUST,Textron Inc,883203101,US8832031012,US8832031012,977017.0,943501.0,33516.0,3.552301481397476
2026-03-31,SELECT SECTOR SPDR TRUST,Trade Desk Inc/The,88339J105,US88339J1051,US88339J1051,14547529.0,15358206.0,-810677.0,-5.278461559898337
2026-03-31,SELECT SECTOR SPDR TRUST,Thermo Fisher Scientific Inc,883556102,US8835561023,US8835561023,2734073.0,2655581.0,78492.0,2.955737369713068
2026-03-31,SELECT SECTOR SPDR TRUST,3M Co,88579Y101,US88579Y1010,US88579Y1010,2954727.0,2844055.0,110672.0,3.89134527989086
2026-03-31,SELECT SECTOR SPDR TRUST,Tractor Supply Co,892356106,US8923561067,US8923561067,2820418.0,2952157.0,-131739.0,-4.462465918987371
2026-03-31,SELECT SECTOR SPDR TRUST,TransDigm Group Inc,893641100,US8936411003,US8936411003,316842.0,301517.0,15325.0,5.082632156727481
2026-03-31,SELECT SECTOR SPDR TRUST,Travelers Cos Inc/The,89417E109,US89417E1091,US89417E1091,1465036.0,1510266.0,-45230.0,-2.9948366711559418
2026-03-31,SELECT SECTOR SPDR TRUST,Trimble Inc,896239100,US8962391004,US8962391004,1784226.0,1891881.0,-107655.0,-5.690368474549932
2026-03-31,SELECT SECTOR SPDR TRUST,Truist Financial Corp,89832Q109,US89832Q1094,US89832Q1094,8553031.0,8661050.0,-108019.0,-1.247181346372553
2026-03-31,SELECT SECTOR SPDR TRUST,Tyler Technologies Inc,902252105,US9022521051,US9022521051,322695.0,342130.0,-19435.0,-5.680589249700406
2026-03-31,SELECT SECTOR SPDR TRUST,Tyson Foods Inc,902494103,US9024941034,US9024941034,2951769.0,2859866.0,91903.0,3.2135421729549565
2026-03-31,SELECT SECTOR SPDR TRUST,UDR Inc,902653104,US9026531049,US9026531049,2486578.0,2422476.0,64102.0,2.646135606709829
2026-03-31,SELECT SECTOR SPDR TRUST,US Bancorp,902973304,US9029733048,US9029733048,10530888.0,10524261.0,6627.0,0.06296879182300781
2026-03-31,SELECT SECTOR SPDR TRUST,Uber Technologies Inc,90353T100,US90353T1007,US90353T1007,11545549.0,11124107.0,421442.0,3.788546802003972
2026-03-31,SELECT SECTOR SPDR TRUST,Ulta Beauty Inc,90384S303,US90384S3031,US90384S3031,236787.0,250476.0,-13689.0,-5.465194270109711
2026-03-31,SELECT SECTOR SPDR TRUST,Union Pacific Corp,907818108,US9078181081,US9078181081,3328815.0,3175618.0,153197.0,4.8241633596988045
2026-03-31,SELECT SECTOR SPDR TRUST,United Airlines Holdings Inc,910047109,US9100471096,US9100471096,1814407.0,1733229.0,81178.0,4.683628072228194
2026-03-31,SELECT SECTOR SPDR TRUST,United Parcel Service Inc,911312106,US9113121068,US9113121068,4145573.0,3956378.0,189195.0,4.78202537775713
2026-03-31,SELECT SECTOR SPDR TRUST,United Rentals Inc,911363109,US9113631090,US9113631090,353391.0,340637.0,12754.0,3.7441616735703986
2026-03-31,SELECT SECTOR SPDR TRUST,UnitedHealth Group Inc,91324P102,US91324P1021,US91324P1021,6591912.0,6402674.0,189238.0,2.9556088596733177
2026-03-31,SELECT SECTOR SPDR TRUST,Universal Health Services Inc,913903100,US9139031002,US9139031002,401953.0,390457.0,11496.0,2.9442422597110567
2026-03-31,SELECT SECTOR SPDR TRUST,Valero Energy Corp,91913Y100,US91913Y1001,US91913Y1001,7041865.0,5755597.0,1286268.0,22.348124790529983
2026-03-31,SELECT SECTOR SPDR TRUST,Ventas Inc,92276F100,US92276F1003,US92276F1003,3932541.0,3787280.0,145261.0,3.835496715320758
2026-03-31,SELECT SECTOR SPDR TRUST,Veralto Corp,92338C103,US92338C1036,US92338C1036,1392831.0,1329280.0,63551.0,4.780858810784785
2026-03-31,SELECT SECTOR SPDR TRUST,VeriSign Inc,92343E102,US92343E1029,US92343E1029,618922.0,663385.0,-44463.0,-6.7024427745577615
2026-03-31,SELECT SECTOR SPDR TRUST,Verizon Communications Inc,92343V104,US92343V1044,US92343V1044,22490621.0,30224040.0,-7733419.0,-25.58697976842275
2026-03-31,SELECT SECTOR SPDR TRUST,Verisk Analytics Inc,92345Y106,US92345Y1064,US92345Y1064,781876.0,746161.0,35715.0,4.7865005005622105
2026-03-31,SELECT SECTOR SPDR TRUST,Vertex Pharmaceuticals Inc,92532F100,US92532F1003,US92532F1003,1848362.0,1793369.0,54993.0,3.0664631762899885
2026-03-31,SELECT SECTOR SPDR TRUST,Viatris Inc,92556V106,US92556V1061,US92556V1061,8381597.0,8141004.0,240593.0,2.9553234465920912
2026-03-31,SELECT SECTOR SPDR TRUST,VICI Properties Inc,925652109,US9256521090,US9256521090,8849729.0,8617754.0,231975.0,2.6918266638848127
2026-03-31,SELECT SECTOR SPDR TRUST,Visa Inc,92826C839,US92826C8394,US92826C8394,11388932.0,11426052.0,-37120.0,-0.32487161794817665
2026-03-31,SELECT SECTOR SPDR TRUST,Vistra Corp,92840M102,US92840M1027,US92840M1027,5463899.0,5260770.0,203129.0,3.8612028277229378
2026-03-31,SELECT SECTOR SPDR TRUST,Vulcan Materials Co,929160109,US9291601097,US9291601097,1082984.0,789648.0,293336.0,37.14769112313335
2026-03-31,SELECT SECTOR SPDR TRUST,WEC Energy Group Inc,92939U106,US92939U1060,US92939U1060,5583545.0,5373051.0,210494.0,3.9175879774824396
2026-03-31,SELECT SECTOR SPDR TRUST,Westinghouse Air Brake Technologies Corp,929740108,US9297401088,US9297401088,956589.0,915266.0,41323.0,4.514862346028368
2026-03-31,SELECT SECTOR SPDR TRUST,Walmart Inc,931142103,US9311421039,US9311421039,14774280.0,15061752.0,-287472.0,-1.9086225825521492
2026-03-31,SELECT SECTOR SPDR TRUST,Warner Bros Discovery Inc,934423104,US9344231041,US9344231041,40986142.0,40858257.0,127885.0,0.3129967095757413
2026-03-31,SELECT SECTOR SPDR TRUST,Waste Management Inc,94106L109,US94106L1098,US94106L1098,2081573.0,1984280.0,97293.0,4.903189066059226
2026-03-31,SELECT SECTOR SPDR TRUST,Waters Corp,941848103,US9418481035,US9418481035,713700.0,420812.0,292888.0,69.60067678678364
2026-03-31,SELECT SECTOR SPDR TRUST,Wells Fargo & Co,949746101,US9497461015,US9497461015,20951476.0,21253127.0,-301651.0,-1.419325259760599
2026-03-31,SELECT SECTOR SPDR TRUST,Welltower Inc,95040Q104,US95040Q1040,US95040Q1040,3763184.0,3969443.0,-206259.0,-5.196169840453686
2026-03-31,SELECT SECTOR SPDR TRUST,West Pharmaceutical Services Inc,955306105,US9553061055,US9553061055,523523.0,508504.0,15019.0,2.9535657536617217
2026-03-31,SELECT SECTOR SPDR TRUST,Western Digital Corp,958102105,US9581021055,US9581021055,2542530.0,2718740.0,-176210.0,-6.481311195627386
2026-03-31,SELECT SECTOR SPDR TRUST,Weyerhaeuser Co,962166104,US9621661043,US9621661043,5966575.0,5812936.0,153639.0,2.6430533554816362
2026-03-31,SELECT SECTOR SPDR TRUST,Williams Cos Inc/The,969457100,US9694571004,US9694571004,24350009.0,20159515.0,4190494.0,20.78668063194973
2026-03-31,SELECT SECTOR SPDR TRUST,Williams-Sonoma Inc,969904101,US9699041011,US9699041011,637201.0,680441.0,-43240.0,-6.354702318055497
2026-03-31,SELECT SECTOR SPDR TRUST,Workday Inc,98138H101,US98138H1014,US98138H1014,1597323.0,1725517.0,-128194.0,-7.429309592429399
2026-03-31,SELECT SECTOR SPDR TRUST,Wynn Resorts Ltd,983134107,US9831341071,US9831341071,450609.0,471693.0,-21084.0,-4.4698564532439535
2026-03-31,SELECT SECTOR SPDR TRUST,Xcel Energy Inc,98389B100,US98389B1008,US98389B1008,10148189.0,9770693.0,377496.0,3.8635539976540048
2026-03-31,SELECT SECTOR SPDR TRUST,Xylem Inc/NY,98419M100,US98419M1009,US98419M1009,1366533.0,1303460.0,63073.0,4.838890338023415
2026-03-31,SELECT SECTOR SPDR TRUST,Yum! Brands Inc,988498101,US9884981013,US9884981013,1482349.0,1551268.0,-68919.0,-4.442752638486709
2026-03-31,SELECT SECTOR SPDR TRUST,Zebra Technologies Corp,989207105,US9892071054,US9892071054,368923.0,402894.0,-33971.0,-8.431746315408024
2026-03-31,SELECT SECTOR SPDR TRUST,Zimmer Biomet Holdings Inc,98956P102,US98956P1021,US98956P1021,1442175.0,1400819.0,41356.0,2.9522729203416
2026-03-31,SELECT SECTOR SPDR TRUST,Zoetis Inc,98978V103,US98978V1035,US98978V1035,3071910.0,3114966.0,-43056.0,-1.3822301752250266
