date,sector,n_total,n_valid_ema20,n_valid_ema50,n_valid_ema200,n_valid_nhnl,n_valid_momentum,n_valid_ad,pct_above_ema20,pct_above_ema50,pct_above_ema200,pct_rs_positive,pct_momentum_positive,count_accumulation,count_markup,count_distribution,count_markdown,new_highs,new_lows,advances,declines,unchanged,ad_net,advance_pct
2026-05-06,XLB,27,20,20,20,20,20,20,70.0,70.0,80.0,20.0,45.0,7,1,5,0,2,0,16,4,0,12,80.0
2026-05-07,XLB,27,20,20,20,20,20,20,40.0,50.0,70.0,20.0,20.0,5,2,8,0,0,0,0,20,0,-20,0.0
2026-05-08,XLB,27,20,20,20,20,20,20,50.0,60.0,65.0,25.0,20.0,7,0,9,0,0,0,11,9,0,2,55.00000000000001
2026-05-11,XLB,27,20,20,20,20,20,20,65.0,55.00000000000001,60.0,35.0,35.0,4,1,10,0,0,1,10,10,0,0,50.0
2026-05-12,XLB,27,20,20,20,20,20,20,60.0,55.00000000000001,55.00000000000001,45.0,45.0,2,3,11,0,0,1,5,15,0,-10,25.0
2026-05-13,XLB,27,20,20,20,20,20,20,55.00000000000001,55.00000000000001,55.00000000000001,45.0,45.0,3,2,8,0,2,1,6,14,0,-8,30.0
2026-05-14,XLB,27,20,20,20,20,20,20,45.0,55.00000000000001,55.00000000000001,40.0,40.0,4,1,12,0,0,0,5,15,0,-10,25.0
2026-05-15,XLB,27,20,20,20,20,20,20,30.0,40.0,55.00000000000001,40.0,35.0,4,2,5,0,0,2,1,19,0,-18,5.0
2026-05-18,XLB,27,20,20,20,20,20,20,20.0,40.0,50.0,45.0,30.0,3,2,6,0,0,0,9,11,0,-2,45.0
2026-05-19,XLB,27,20,20,20,20,20,20,15.0,25.0,50.0,50.0,20.0,6,0,6,0,0,5,1,19,0,-18,5.0
2026-05-20,XLB,27,20,20,20,20,20,20,15.0,25.0,55.00000000000001,45.0,30.0,5,1,6,0,0,2,16,4,0,12,80.0
2026-05-21,XLB,27,20,20,20,20,20,20,30.0,30.0,55.00000000000001,55.00000000000001,25.0,5,1,9,0,0,0,15,5,0,10,75.0
2026-05-22,XLB,27,20,20,20,20,20,20,30.0,40.0,55.00000000000001,55.00000000000001,35.0,5,1,12,0,0,0,13,7,0,6,65.0
2026-05-25,XLB,27,20,20,20,20,20,20,30.0,40.0,55.00000000000001,55.00000000000001,35.0,5,1,12,0,0,0,0,0,20,0,
2026-05-26,XLB,27,20,20,20,20,20,20,55.00000000000001,35.0,60.0,45.0,45.0,4,2,7,0,2,0,16,4,0,12,80.0
2026-05-27,XLB,27,20,20,20,20,20,20,65.0,45.0,60.0,55.00000000000001,55.00000000000001,4,2,3,0,2,0,12,8,0,4,60.0
2026-05-28,XLB,27,20,20,20,20,20,20,70.0,50.0,65.0,55.00000000000001,50.0,3,3,3,0,2,0,15,5,0,10,75.0
2026-05-29,XLB,27,20,20,20,20,20,20,65.0,40.0,60.0,50.0,50.0,4,5,0,0,2,0,9,11,0,-2,45.0
2026-06-01,XLB,27,20,20,20,20,20,20,50.0,45.0,65.0,50.0,55.00000000000001,3,4,5,0,1,1,9,11,0,-2,45.0
2026-06-02,XLB,27,20,20,20,20,20,20,60.0,40.0,65.0,50.0,50.0,4,4,6,0,3,1,15,5,0,10,75.0
2026-06-03,XLB,27,20,20,20,20,20,20,55.00000000000001,40.0,70.0,40.0,35.0,5,3,2,0,2,0,10,10,0,0,50.0
2026-06-04,XLB,27,20,20,20,20,20,20,55.00000000000001,45.0,65.0,40.0,40.0,3,4,2,0,2,0,12,8,0,4,60.0
2026-06-05,XLB,27,20,20,20,20,20,20,50.0,40.0,60.0,55.00000000000001,40.0,5,4,1,0,0,0,5,15,0,-10,25.0
2026-06-08,XLB,27,20,20,20,20,20,20,35.0,35.0,50.0,60.0,30.0,4,4,2,0,0,0,2,18,0,-16,10.0
2026-06-09,XLB,27,20,20,20,20,20,20,65.0,50.0,60.0,60.0,50.0,4,6,2,0,0,0,16,4,0,12,80.0
2026-06-10,XLB,27,20,20,20,20,20,20,25.0,25.0,50.0,65.0,25.0,6,3,4,0,1,0,2,18,0,-16,10.0
2026-06-11,XLB,27,20,20,20,20,20,20,65.0,65.0,55.00000000000001,65.0,65.0,7,5,3,0,1,0,18,2,0,16,90.0
2026-06-12,XLB,27,20,20,20,20,20,20,75.0,65.0,70.0,65.0,75.0,9,4,1,0,3,0,20,0,0,20,100.0
2026-06-15,XLB,27,20,20,20,20,20,20,80.0,75.0,80.0,70.0,75.0,12,3,1,0,3,0,14,6,0,8,70.0
2026-06-16,XLB,27,20,20,20,20,20,20,80.0,80.0,90.0,70.0,80.0,14,2,0,0,0,0,10,10,0,0,50.0
2026-06-17,XLB,27,20,20,20,20,20,20,85.0,70.0,75.0,60.0,75.0,8,4,1,0,1,0,4,16,0,-12,20.0
2026-06-18,XLB,27,20,20,20,20,20,20,70.0,80.0,80.0,65.0,70.0,11,4,0,0,0,0,11,9,0,2,55.00000000000001
2026-06-19,XLB,27,20,20,20,20,20,20,70.0,80.0,80.0,65.0,70.0,11,3,0,0,0,0,0,0,20,0,
2026-06-22,XLB,27,20,20,20,20,20,20,75.0,80.0,75.0,60.0,75.0,8,3,2,0,0,0,15,5,0,10,75.0
2026-06-23,XLB,27,20,20,20,20,20,20,60.0,75.0,65.0,55.00000000000001,60.0,9,1,3,0,0,0,2,18,0,-16,10.0
2026-06-24,XLB,27,20,20,20,20,20,20,65.0,70.0,80.0,60.0,60.0,7,3,1,0,0,0,15,5,0,10,75.0
2026-06-25,XLB,27,20,20,20,20,20,20,65.0,75.0,90.0,60.0,60.0,8,3,2,0,1,0,18,2,0,16,90.0
2026-06-26,XLB,27,20,20,20,20,20,20,65.0,75.0,85.0,60.0,65.0,7,5,1,0,0,0,10,10,0,0,50.0
2026-06-29,XLB,27,20,20,20,20,20,20,50.0,55.00000000000001,75.0,65.0,65.0,4,5,3,0,0,0,3,17,0,-14,15.0
2026-06-30,XLB,27,20,20,20,20,20,20,60.0,60.0,75.0,70.0,65.0,7,4,3,0,0,0,12,8,0,4,60.0
2026-07-01,XLB,27,20,20,20,20,20,20,60.0,60.0,80.0,70.0,60.0,6,4,2,0,3,0,9,11,0,-2,45.0
2026-07-02,XLB,27,20,20,20,20,20,20,70.0,65.0,80.0,65.0,70.0,8,3,2,0,3,0,18,2,0,16,90.0
2026-07-03,XLB,27,20,20,20,20,20,20,70.0,65.0,80.0,65.0,70.0,7,4,3,0,3,0,0,0,20,0,
2026-07-06,XLB,27,20,20,20,20,20,20,70.0,70.0,85.0,70.0,75.0,7,4,3,0,2,0,10,10,0,0,50.0
2026-07-07,XLB,27,20,20,20,20,20,20,65.0,70.0,75.0,75.0,75.0,7,3,5,0,2,0,5,15,0,-10,25.0
2026-07-08,XLB,27,20,20,20,20,20,20,25.0,45.0,70.0,70.0,80.0,6,1,6,0,0,0,2,18,0,-16,10.0
2026-07-09,XLB,27,20,20,20,20,20,20,30.0,55.00000000000001,75.0,70.0,65.0,6,0,6,0,0,0,11,9,0,2,55.00000000000001
2026-07-10,XLB,27,20,20,20,20,20,20,35.0,65.0,75.0,70.0,60.0,5,1,4,0,0,0,19,1,0,18,95.0
2026-07-13,XLB,27,20,20,20,20,20,20,25.0,55.00000000000001,70.0,55.00000000000001,40.0,5,2,5,0,0,0,6,14,0,-8,30.0
2026-07-14,XLB,27,20,20,20,20,20,20,30.0,50.0,70.0,60.0,35.0,6,0,5,0,0,0,7,13,0,-6,35.0
2026-07-15,XLB,27,20,20,20,20,20,20,20.0,50.0,75.0,65.0,40.0,6,2,4,0,0,0,12,8,0,4,60.0
2026-07-16,XLB,27,20,20,20,20,20,20,55.00000000000001,70.0,75.0,60.0,60.0,9,1,3,0,0,0,15,5,0,10,75.0
2026-07-17,XLB,27,20,20,20,20,20,20,50.0,60.0,75.0,60.0,55.00000000000001,8,2,4,0,1,0,6,14,0,-8,30.0
2026-07-20,XLB,27,20,20,20,20,20,20,25.0,40.0,65.0,60.0,30.0,8,1,4,0,0,0,4,16,0,-12,20.0
2026-07-21,XLB,27,20,20,20,20,20,20,30.0,40.0,60.0,45.0,30.0,5,1,5,0,0,0,9,11,0,-2,45.0
2026-07-22,XLB,27,20,20,20,20,20,20,55.00000000000001,60.0,60.0,45.0,40.0,6,2,3,0,1,0,18,2,0,16,90.0
2026-07-23,XLB,27,20,20,20,20,20,20,40.0,50.0,60.0,55.00000000000001,25.0,6,4,1,0,1,0,4,16,0,-12,20.0
2026-07-24,XLB,27,20,20,20,20,20,20,50.0,55.00000000000001,70.0,60.0,55.00000000000001,3,6,3,0,1,0,16,4,0,12,80.0
2026-07-27,XLB,27,20,20,20,20,20,20,65.0,65.0,70.0,55.00000000000001,55.00000000000001,6,5,3,0,1,0,14,6,0,8,70.0
2026-07-28,XLB,27,20,20,20,20,20,20,75.0,70.0,80.0,45.0,70.0,5,7,3,0,3,0,18,2,0,16,90.0
2026-07-29,XLB,27,20,20,20,20,20,20,60.0,60.0,75.0,50.0,50.0,11,3,2,0,1,0,6,14,0,-8,30.0
2026-07-30,XLB,27,20,20,20,20,20,20,75.0,65.0,75.0,50.0,50.0,9,2,3,0,0,1,8,12,0,-4,40.0
2026-07-31,XLB,27,20,20,20,20,20,20,60.0,60.0,65.0,50.0,40.0,9,2,3,0,0,2,2,18,0,-16,10.0
2026-08-03,XLB,27,20,20,20,20,20,20,55.00000000000001,60.0,65.0,55.00000000000001,50.0,7,1,2,0,0,0,16,4,0,12,80.0
2026-08-04,XLB,27,20,20,20,20,20,20,70.0,65.0,70.0,55.00000000000001,60.0,9,1,3,0,1,0,19,1,0,18,95.0
2026-08-05,XLB,27,20,20,20,20,20,20,65.0,70.0,85.0,50.0,70.0,6,6,2,0,2,0,15,5,0,10,75.0
2026-08-06,XLB,27,20,20,20,20,20,20,70.0,65.0,75.0,60.0,75.0,6,3,2,0,0,0,4,16,0,-12,20.0
2026-08-07,XLB,27,20,20,20,20,20,20,70.0,65.0,75.0,55.00000000000001,70.0,7,2,5,0,0,0,16,4,0,12,80.0
2026-08-10,XLB,27,20,20,20,20,20,20,75.0,70.0,75.0,50.0,75.0,8,3,3,0,0,0,11,9,0,2,55.00000000000001
2026-08-11,XLB,27,20,20,20,20,20,20,80.0,80.0,80.0,55.00000000000001,70.0,5,4,2,0,0,0,12,8,0,4,60.0
2026-08-12,XLB,27,20,20,20,20,20,20,65.0,65.0,70.0,50.0,75.0,7,3,2,0,1,0,3,17,0,-14,15.0
2026-08-13,XLB,27,20,20,20,20,20,20,60.0,60.0,70.0,55.00000000000001,65.0,6,3,4,0,1,0,9,11,0,-2,45.0
2026-08-14,XLB,27,20,20,20,20,20,20,60.0,70.0,70.0,55.00000000000001,65.0,4,4,5,0,0,0,10,10,0,0,50.0
2026-08-17,XLB,27,20,20,20,20,20,20,40.0,70.0,75.0,50.0,65.0,3,7,5,0,0,0,5,15,0,-10,25.0
2026-08-18,XLB,27,20,20,20,20,20,20,45.0,70.0,75.0,55.00000000000001,65.0,5,5,2,0,0,2,6,14,0,-8,30.0
2026-08-19,XLB,27,20,20,20,20,20,20,60.0,60.0,80.0,50.0,60.0,4,6,3,0,0,0,16,4,0,12,80.0
2026-08-20,XLB,27,20,20,20,20,20,20,50.0,60.0,80.0,50.0,55.00000000000001,7,6,4,0,0,1,8,12,0,-4,40.0
2026-08-21,XLB,27,20,20,20,20,20,20,60.0,65.0,85.0,35.0,50.0,3,8,4,0,1,0,19,1,0,18,95.0
2026-08-24,XLB,27,20,20,20,20,20,20,60.0,65.0,85.0,45.0,45.0,5,8,4,0,1,0,11,9,0,2,55.00000000000001
2026-08-25,XLB,27,20,20,20,20,20,20,55.00000000000001,60.0,80.0,30.0,40.0,5,8,3,0,2,0,11,9,0,2,55.00000000000001
2026-08-26,XLB,27,20,20,20,20,20,20,60.0,65.0,80.0,20.0,45.0,4,8,4,0,1,0,12,8,0,4,60.0
2026-08-27,XLB,27,20,20,20,20,20,20,40.0,65.0,75.0,20.0,60.0,4,8,3,0,0,0,3,16,1,-13,15.789473684210526
2026-08-28,XLB,27,20,20,20,20,20,20,50.0,60.0,80.0,25.0,80.0,3,9,5,0,0,0,12,8,0,4,60.0
2026-08-31,XLB,27,20,20,20,20,20,20,45.0,50.0,75.0,30.0,50.0,7,9,2,0,0,1,5,15,0,-10,25.0
2026-09-01,XLB,27,20,20,20,20,20,20,35.0,45.0,60.0,40.0,40.0,6,9,3,0,0,2,4,16,0,-12,20.0
2026-09-02,XLB,27,20,20,20,20,20,20,50.0,55.00000000000001,70.0,30.0,30.0,7,9,3,0,2,1,17,3,0,14,85.0
2026-09-03,XLB,27,20,20,20,20,20,20,35.0,50.0,60.0,35.0,35.0,7,7,2,0,1,0,4,16,0,-12,20.0
2026-09-04,XLB,27,20,20,20,20,20,20,35.0,45.0,65.0,35.0,30.0,6,7,2,0,0,0,10,10,0,0,50.0
2026-09-06,XLB,27,20,20,20,20,20,20,35.0,45.0,65.0,35.0,30.0,6,7,2,0,0,0,10,10,0,0,50.0
2026-05-06,XLC,26,20,20,20,20,20,20,60.0,60.0,65.0,40.0,65.0,6,6,1,0,2,1,11,9,0,2,55.00000000000001
2026-05-07,XLC,26,20,20,20,20,20,20,55.00000000000001,55.00000000000001,65.0,35.0,55.00000000000001,7,4,2,0,2,1,11,9,0,2,55.00000000000001
2026-05-08,XLC,26,20,20,20,20,20,20,55.00000000000001,60.0,55.00000000000001,45.0,55.00000000000001,9,2,2,0,2,1,7,13,0,-6,35.0
2026-05-11,XLC,26,20,20,20,20,20,20,55.00000000000001,55.00000000000001,45.0,50.0,50.0,11,2,1,0,0,1,7,13,0,-6,35.0
2026-05-12,XLC,26,20,20,20,20,20,20,60.0,55.00000000000001,55.00000000000001,60.0,50.0,11,1,1,0,0,1,12,8,0,4,60.0
2026-05-13,XLC,26,20,20,20,20,20,20,50.0,50.0,50.0,60.0,60.0,10,2,2,0,3,1,11,8,1,3,57.89473684210527
2026-05-14,XLC,26,20,20,20,20,20,20,55.00000000000001,55.00000000000001,60.0,65.0,60.0,7,3,3,0,1,0,9,11,0,-2,45.0
2026-05-15,XLC,26,20,20,20,20,20,20,45.0,45.0,55.00000000000001,60.0,35.0,6,3,0,0,0,1,4,16,0,-12,20.0
2026-05-18,XLC,26,20,20,20,20,20,20,50.0,55.00000000000001,60.0,60.0,55.00000000000001,4,3,2,0,3,0,14,6,0,8,70.0
2026-05-19,XLC,26,20,20,20,20,20,20,60.0,55.00000000000001,55.00000000000001,65.0,50.0,3,2,4,0,0,0,5,15,0,-10,25.0
2026-05-20,XLC,26,20,20,20,20,20,20,50.0,65.0,55.00000000000001,55.00000000000001,45.0,5,2,2,0,0,0,12,7,1,5,63.1578947368421
2026-05-21,XLC,26,20,20,20,20,20,20,55.00000000000001,55.00000000000001,60.0,65.0,45.0,4,3,3,0,0,0,14,6,0,8,70.0
2026-05-22,XLC,26,20,20,20,20,20,20,35.0,50.0,55.00000000000001,60.0,60.0,4,1,6,0,0,0,5,15,0,-10,25.0
2026-05-25,XLC,26,20,20,20,20,20,20,35.0,50.0,55.00000000000001,65.0,65.0,5,1,6,0,0,0,0,0,20,0,
2026-05-26,XLC,26,20,20,20,20,20,20,40.0,50.0,50.0,65.0,65.0,5,2,4,0,0,0,10,10,0,0,50.0
2026-05-27,XLC,26,20,20,20,20,20,20,60.0,50.0,50.0,60.0,65.0,6,3,4,0,0,0,11,9,0,2,55.00000000000001
2026-05-28,XLC,26,20,20,20,20,20,20,60.0,60.0,55.00000000000001,55.00000000000001,55.00000000000001,8,3,2,0,0,0,10,10,0,0,50.0
2026-05-29,XLC,26,20,20,20,20,20,20,30.0,60.0,60.0,55.00000000000001,45.0,7,5,1,0,0,0,4,16,0,-12,20.0
2026-06-01,XLC,26,20,20,20,20,20,20,45.0,65.0,60.0,60.0,55.00000000000001,8,3,3,0,0,0,11,9,0,2,55.00000000000001
2026-06-02,XLC,26,20,20,20,20,20,20,45.0,45.0,55.00000000000001,60.0,45.0,6,3,3,0,0,0,3,17,0,-14,15.0
2026-06-03,XLC,26,20,20,20,20,20,20,15.0,30.0,55.00000000000001,60.0,25.0,7,2,3,0,0,2,1,19,0,-18,5.0
2026-06-04,XLC,26,20,20,20,20,20,20,35.0,50.0,55.00000000000001,55.00000000000001,30.0,3,4,3,0,0,4,12,7,1,5,63.1578947368421
2026-06-05,XLC,26,20,20,20,20,20,20,30.0,35.0,55.00000000000001,55.00000000000001,25.0,5,3,2,0,0,0,10,10,0,0,50.0
2026-06-08,XLC,26,20,20,20,20,20,20,30.0,35.0,55.00000000000001,55.00000000000001,15.0,5,2,4,0,0,0,9,11,0,-2,45.0
2026-06-09,XLC,26,20,20,20,20,20,20,25.0,45.0,55.00000000000001,45.0,25.0,3,4,2,0,0,1,16,4,0,12,80.0
2026-06-10,XLC,26,20,20,20,20,20,20,35.0,25.0,55.00000000000001,60.0,30.0,4,3,4,0,0,0,9,11,0,-2,45.0
2026-06-11,XLC,26,20,20,20,20,20,20,40.0,35.0,55.00000000000001,50.0,30.0,5,3,4,0,0,0,13,6,1,7,68.42105263157895
2026-06-12,XLC,26,20,20,20,20,20,20,35.0,30.0,55.00000000000001,70.0,40.0,4,2,4,0,0,0,11,9,0,2,55.00000000000001
2026-06-15,XLC,26,20,20,20,20,20,20,35.0,30.0,45.0,60.0,30.0,6,2,2,0,1,0,10,10,0,0,50.0
2026-06-16,XLC,26,20,20,20,20,20,20,40.0,35.0,50.0,50.0,20.0,7,3,4,0,0,2,7,13,0,-6,35.0
2026-06-17,XLC,26,20,20,20,20,20,20,15.0,25.0,45.0,55.00000000000001,20.0,7,2,2,0,0,4,1,19,0,-18,5.0
2026-06-18,XLC,26,20,20,20,20,20,20,20.0,30.0,40.0,60.0,20.0,7,2,0,0,0,5,10,10,0,0,50.0
2026-06-19,XLC,26,20,20,20,20,20,20,20.0,30.0,40.0,55.00000000000001,20.0,7,2,1,0,0,5,0,0,20,0,
2026-06-22,XLC,26,20,20,20,20,20,20,20.0,25.0,40.0,50.0,15.0,8,2,5,0,0,5,4,16,0,-12,20.0
2026-06-23,XLC,26,20,20,20,20,20,20,30.0,20.0,40.0,45.0,20.0,9,2,5,0,0,1,10,10,0,0,50.0
2026-06-24,XLC,26,20,20,20,20,20,20,20.0,20.0,35.0,45.0,20.0,9,1,7,0,0,1,7,13,0,-6,35.0
2026-06-25,XLC,26,20,20,20,20,20,20,20.0,20.0,35.0,45.0,20.0,9,1,9,0,1,3,7,13,0,-6,35.0
2026-06-26,XLC,26,20,20,20,20,20,20,20.0,15.0,35.0,55.00000000000001,20.0,10,1,6,0,1,0,15,5,0,10,75.0
2026-06-29,XLC,26,20,20,20,20,20,20,40.0,25.0,35.0,60.0,20.0,4,1,6,0,1,2,12,8,0,4,60.0
2026-06-30,XLC,26,20,20,20,20,20,20,25.0,20.0,35.0,50.0,15.0,3,2,5,0,1,2,10,10,0,0,50.0
2026-07-01,XLC,26,20,20,20,20,20,20,55.00000000000001,45.0,40.0,60.0,40.0,3,2,7,0,1,1,14,6,0,8,70.0
2026-07-02,XLC,26,20,20,20,20,20,20,60.0,30.0,45.0,45.0,35.0,4,2,9,0,0,1,13,7,0,6,65.0
2026-07-03,XLC,26,20,20,20,20,20,20,60.0,30.0,45.0,40.0,35.0,3,2,9,0,0,1,0,0,20,0,
2026-07-06,XLC,26,20,20,20,20,20,20,50.0,40.0,40.0,45.0,40.0,2,2,10,0,1,0,7,11,2,-4,38.88888888888889
2026-07-07,XLC,26,20,20,20,20,20,20,50.0,40.0,45.0,45.0,45.0,2,2,11,0,1,0,13,6,1,7,68.42105263157895
2026-07-08,XLC,26,20,20,20,20,20,20,40.0,40.0,45.0,45.0,35.0,1,2,12,0,0,0,2,18,0,-16,10.0
2026-07-09,XLC,26,20,20,20,20,20,20,40.0,30.0,45.0,45.0,35.0,3,2,11,0,0,0,11,9,0,2,55.00000000000001
2026-07-10,XLC,26,20,20,20,20,20,20,40.0,35.0,45.0,30.0,30.0,6,1,11,0,0,0,8,12,0,-4,40.0
2026-07-13,XLC,26,20,20,20,20,20,20,55.00000000000001,35.0,40.0,50.0,45.0,4,1,10,0,0,0,14,6,0,8,70.0
2026-07-14,XLC,26,20,20,20,20,20,20,40.0,45.0,40.0,45.0,45.0,6,0,9,0,0,0,7,13,0,-6,35.0
2026-07-15,XLC,26,20,20,20,20,20,20,55.00000000000001,45.0,40.0,35.0,60.0,5,0,9,0,0,0,18,2,0,16,90.0
2026-07-16,XLC,26,20,20,20,20,20,20,60.0,40.0,45.0,50.0,60.0,7,0,6,0,0,0,13,7,0,6,65.0
2026-07-17,XLC,26,20,20,20,20,20,20,55.00000000000001,30.0,40.0,50.0,55.00000000000001,6,1,7,0,0,1,5,15,0,-10,25.0
2026-07-20,XLC,26,20,20,20,20,20,20,50.0,30.0,40.0,40.0,60.0,4,2,7,0,0,0,8,12,0,-4,40.0
2026-07-21,XLC,26,20,20,20,20,20,20,40.0,30.0,45.0,40.0,50.0,4,2,8,0,0,0,7,13,0,-6,35.0
2026-07-22,XLC,26,20,20,20,20,20,20,40.0,30.0,40.0,45.0,45.0,6,2,8,0,0,0,7,13,0,-6,35.0
2026-07-23,XLC,26,20,20,20,20,20,20,10.0,15.0,30.0,35.0,35.0,7,1,9,0,0,1,2,18,0,-16,10.0
2026-07-24,XLC,26,20,20,20,20,20,20,15.0,25.0,30.0,35.0,35.0,5,1,9,0,0,2,15,5,0,10,75.0
2026-07-27,XLC,26,20,20,20,20,20,20,45.0,30.0,45.0,40.0,40.0,4,3,6,0,0,0,16,4,0,12,80.0
2026-07-28,XLC,26,20,20,20,20,20,20,60.0,45.0,45.0,45.0,50.0,4,3,7,0,1,0,18,2,0,16,90.0
2026-07-29,XLC,26,20,20,20,20,20,20,65.0,50.0,40.0,55.00000000000001,55.00000000000001,6,4,5,0,0,0,11,9,0,2,55.00000000000001
2026-07-30,XLC,26,20,20,20,20,20,20,50.0,45.0,40.0,50.0,35.0,3,5,8,0,0,0,3,17,0,-14,15.0
2026-07-31,XLC,26,20,20,20,20,20,20,55.00000000000001,55.00000000000001,40.0,55.00000000000001,45.0,4,5,7,0,0,0,9,11,0,-2,45.0
2026-08-03,XLC,26,20,20,20,20,20,20,65.0,60.0,40.0,45.0,50.0,4,4,9,0,0,0,18,2,0,16,90.0
2026-08-04,XLC,26,20,20,20,20,20,20,70.0,60.0,40.0,50.0,55.00000000000001,3,5,4,0,0,0,15,5,0,10,75.0
2026-08-05,XLC,26,20,20,20,20,20,20,65.0,60.0,40.0,45.0,60.0,7,3,6,0,0,0,6,14,0,-8,30.0
2026-08-06,XLC,26,20,20,20,20,20,20,75.0,60.0,55.00000000000001,45.0,50.0,8,2,5,0,0,1,13,7,0,6,65.0
2026-08-07,XLC,26,20,20,20,20,20,20,80.0,70.0,55.00000000000001,70.0,70.0,7,1,5,0,0,0,13,7,0,6,65.0
2026-08-10,XLC,26,20,20,20,20,20,20,80.0,75.0,55.00000000000001,75.0,75.0,7,1,6,0,0,0,11,9,0,2,55.00000000000001
2026-08-11,XLC,26,20,20,20,20,20,20,75.0,65.0,65.0,65.0,65.0,8,1,5,0,0,1,11,9,0,2,55.00000000000001
2026-08-12,XLC,26,20,20,20,20,20,20,75.0,65.0,60.0,70.0,65.0,7,1,5,0,0,1,7,13,0,-6,35.0
2026-08-13,XLC,26,20,20,20,20,20,20,75.0,75.0,65.0,75.0,75.0,8,1,4,0,2,0,18,2,0,16,90.0
2026-08-14,XLC,26,20,20,20,20,20,20,80.0,75.0,65.0,70.0,70.0,8,2,3,0,2,0,12,7,1,5,63.1578947368421
2026-08-17,XLC,26,20,20,20,20,20,20,70.0,60.0,65.0,75.0,75.0,9,0,3,0,0,0,3,17,0,-14,15.0
2026-08-18,XLC,26,20,20,20,20,20,20,65.0,75.0,65.0,70.0,70.0,9,2,2,0,0,0,12,8,0,4,60.0
2026-08-19,XLC,26,20,20,20,20,20,20,70.0,70.0,70.0,65.0,75.0,9,2,2,0,0,0,15,5,0,10,75.0
2026-08-20,XLC,26,20,20,20,20,20,20,65.0,70.0,70.0,75.0,85.0,9,3,0,0,0,0,5,14,1,-9,26.31578947368421
2026-08-21,XLC,26,20,20,20,20,20,20,65.0,75.0,70.0,70.0,85.0,8,4,1,0,0,1,14,6,0,8,70.0
2026-08-24,XLC,26,20,20,20,20,20,20,75.0,70.0,70.0,70.0,80.0,8,4,1,0,2,1,16,4,0,12,80.0
2026-08-25,XLC,26,20,20,20,20,20,20,70.0,65.0,70.0,70.0,80.0,8,4,1,0,1,0,14,6,0,8,70.0
2026-08-26,XLC,26,20,20,20,20,20,20,60.0,60.0,65.0,55.00000000000001,75.0,10,4,3,0,1,0,5,15,0,-10,25.0
2026-08-27,XLC,26,20,20,20,20,20,20,50.0,60.0,65.0,55.00000000000001,85.0,7,6,2,0,1,0,4,15,1,-11,21.052631578947366
2026-08-28,XLC,26,20,20,20,20,20,20,70.0,65.0,65.0,60.0,80.0,8,7,1,0,0,0,18,2,0,16,90.0
2026-08-31,XLC,26,20,20,20,20,20,20,60.0,60.0,60.0,65.0,65.0,7,10,1,0,0,0,0,20,0,-20,0.0
2026-09-01,XLC,26,20,20,20,20,20,20,50.0,55.00000000000001,60.0,55.00000000000001,55.00000000000001,8,7,1,0,1,0,4,16,0,-12,20.0
2026-09-02,XLC,26,20,20,20,20,20,20,65.0,60.0,60.0,60.0,70.0,6,9,0,0,0,0,16,4,0,12,80.0
2026-09-03,XLC,26,20,20,20,20,20,20,70.0,65.0,60.0,65.0,70.0,6,9,1,0,0,0,11,9,0,2,55.00000000000001
2026-09-04,XLC,26,20,20,20,20,20,20,45.0,55.00000000000001,60.0,50.0,55.00000000000001,7,8,1,0,0,0,5,15,0,-10,25.0
2026-09-06,XLC,26,20,20,20,20,20,20,45.0,55.00000000000001,60.0,50.0,55.00000000000001,7,8,1,0,0,0,5,15,0,-10,25.0
2026-05-06,XLE,23,20,20,20,20,20,20,35.0,55.00000000000001,95.0,50.0,40.0,13,1,1,0,0,0,0,20,0,-20,0.0
2026-05-07,XLE,23,20,20,20,20,20,20,10.0,50.0,90.0,60.0,55.00000000000001,8,2,0,0,0,0,3,17,0,-14,15.0
2026-05-08,XLE,23,20,20,20,20,20,20,15.0,35.0,90.0,50.0,40.0,8,1,1,0,0,0,7,13,0,-6,35.0
2026-05-11,XLE,23,20,20,20,20,20,20,50.0,60.0,95.0,55.00000000000001,55.00000000000001,9,2,3,0,0,0,20,0,0,20,100.0
2026-05-12,XLE,23,20,20,20,20,20,20,55.00000000000001,60.0,90.0,60.0,80.0,9,2,2,0,0,0,15,5,0,10,75.0
2026-05-13,XLE,23,20,20,20,20,20,20,60.0,70.0,85.0,60.0,80.0,9,2,3,0,1,0,11,9,0,2,55.00000000000001
2026-05-14,XLE,23,20,20,20,20,20,20,60.0,80.0,90.0,55.00000000000001,70.0,8,1,2,0,2,0,17,3,0,14,85.0
2026-05-15,XLE,23,20,20,20,20,20,20,80.0,85.0,85.0,60.0,90.0,11,8,0,0,2,0,15,5,0,10,75.0
2026-05-18,XLE,23,20,20,20,20,20,20,90.0,85.0,90.0,50.0,95.0,10,7,0,0,5,0,19,1,0,18,95.0
2026-05-19,XLE,23,20,20,20,20,20,20,95.0,95.0,95.0,45.0,95.0,10,8,0,0,8,0,18,2,0,16,90.0
2026-05-20,XLE,23,20,20,20,20,20,20,95.0,85.0,95.0,55.00000000000001,90.0,7,5,0,0,7,0,3,17,0,-14,15.0
2026-05-21,XLE,23,20,20,20,20,20,20,70.0,80.0,95.0,50.0,80.0,10,0,0,0,0,0,1,19,0,-18,5.0
2026-05-22,XLE,23,20,20,20,20,20,20,85.0,80.0,95.0,45.0,75.0,9,0,2,0,1,0,15,5,0,10,75.0
2026-05-25,XLE,23,20,20,20,20,20,20,85.0,80.0,95.0,40.0,75.0,9,0,2,0,1,0,0,0,20,0,
2026-05-26,XLE,23,20,20,20,20,20,20,20.0,65.0,90.0,50.0,55.00000000000001,7,0,2,0,1,0,2,18,0,-16,10.0
2026-05-27,XLE,23,20,20,20,20,20,20,15.0,40.0,90.0,35.0,30.0,8,0,2,0,0,0,2,18,0,-16,10.0
2026-05-28,XLE,23,20,20,20,20,20,20,10.0,40.0,90.0,50.0,10.0,9,0,1,0,0,0,10,10,0,0,50.0
2026-05-29,XLE,23,20,20,20,20,20,20,10.0,30.0,85.0,50.0,15.0,14,1,0,0,0,0,1,19,0,-18,5.0
2026-06-01,XLE,23,20,20,20,20,20,20,25.0,40.0,85.0,40.0,20.0,7,0,1,0,0,0,15,5,0,10,75.0
2026-06-02,XLE,23,20,20,20,20,20,20,45.0,55.00000000000001,85.0,45.0,25.0,6,0,3,0,1,0,17,3,0,14,85.0
2026-06-03,XLE,23,20,20,20,20,20,20,65.0,65.0,90.0,50.0,65.0,10,1,1,0,2,0,14,6,0,8,70.0
2026-06-04,XLE,23,20,20,20,20,20,20,75.0,70.0,90.0,45.0,85.0,8,2,0,0,0,0,10,10,0,0,50.0
2026-06-05,XLE,23,20,20,20,20,20,20,20.0,40.0,85.0,55.00000000000001,65.0,8,0,3,0,0,0,0,20,0,-20,0.0
2026-06-08,XLE,23,20,20,20,20,20,20,55.00000000000001,70.0,90.0,50.0,70.0,7,0,3,0,0,0,15,5,0,10,75.0
2026-06-09,XLE,23,20,20,20,20,20,20,25.0,40.0,85.0,40.0,40.0,6,0,3,0,0,1,2,17,1,-15,10.526315789473683
2026-06-10,XLE,23,20,20,20,20,20,20,45.0,65.0,85.0,45.0,55.00000000000001,5,0,3,0,0,0,15,5,0,10,75.0
2026-06-11,XLE,23,20,20,20,20,20,20,25.0,40.0,85.0,35.0,35.0,3,0,4,0,0,1,3,17,0,-14,15.0
2026-06-12,XLE,23,20,20,20,20,20,20,35.0,40.0,85.0,50.0,25.0,1,0,4,0,0,0,18,2,0,16,90.0
2026-06-15,XLE,23,20,20,20,20,20,20,0.0,15.0,85.0,65.0,0.0,1,0,2,0,0,0,0,20,0,-20,0.0
2026-06-16,XLE,23,20,20,20,20,20,20,0.0,10.0,85.0,65.0,0.0,3,0,4,0,0,0,4,16,0,-12,20.0
2026-06-17,XLE,23,20,20,20,20,20,20,0.0,5.0,85.0,45.0,0.0,3,0,3,0,0,0,2,18,0,-16,10.0
2026-06-18,XLE,23,20,20,20,20,20,20,5.0,10.0,80.0,45.0,0.0,6,0,2,0,0,1,3,17,0,-14,15.0
2026-06-19,XLE,23,20,20,20,20,20,20,5.0,10.0,80.0,50.0,0.0,5,0,2,0,0,1,0,0,20,0,
2026-06-22,XLE,23,20,20,20,20,20,20,15.0,20.0,85.0,50.0,0.0,1,0,3,0,0,0,19,1,0,18,95.0
2026-06-23,XLE,23,20,20,20,20,20,20,20.0,25.0,85.0,55.00000000000001,15.0,0,0,4,0,0,0,15,5,0,10,75.0
2026-06-24,XLE,23,20,20,20,20,20,20,20.0,15.0,60.0,55.00000000000001,25.0,0,0,6,0,0,0,3,17,0,-14,15.0
2026-06-25,XLE,23,20,20,20,20,20,20,35.0,30.0,75.0,50.0,30.0,0,0,6,0,0,0,15,5,0,10,75.0
2026-06-26,XLE,23,20,20,20,20,20,20,40.0,35.0,65.0,45.0,35.0,5,0,3,0,0,0,7,13,0,-6,35.0
2026-06-29,XLE,23,20,20,20,20,20,20,40.0,40.0,60.0,50.0,35.0,2,0,3,0,1,0,5,15,0,-10,25.0
2026-06-30,XLE,23,20,20,20,20,20,20,35.0,25.0,55.00000000000001,55.00000000000001,30.0,3,0,6,0,0,0,5,15,0,-10,25.0
2026-07-01,XLE,23,20,20,20,20,20,20,20.0,20.0,45.0,55.00000000000001,20.0,1,0,9,0,0,0,3,17,0,-14,15.0
2026-07-02,XLE,23,20,20,20,20,20,20,30.0,25.0,45.0,55.00000000000001,20.0,2,0,8,0,1,0,16,4,0,12,80.0
2026-07-03,XLE,23,20,20,20,20,20,20,30.0,25.0,45.0,55.00000000000001,25.0,3,0,9,0,1,0,0,0,20,0,
2026-07-06,XLE,23,20,20,20,20,20,20,20.0,25.0,45.0,55.00000000000001,25.0,3,0,8,0,0,0,8,12,0,-4,40.0
2026-07-07,XLE,23,20,20,20,20,20,20,65.0,45.0,80.0,60.0,40.0,2,0,8,0,0,0,17,3,0,14,85.0
2026-07-08,XLE,23,20,20,20,20,20,20,80.0,40.0,90.0,55.00000000000001,45.0,5,1,4,0,3,0,16,4,0,12,80.0
2026-07-09,XLE,23,20,20,20,20,20,20,45.0,35.0,80.0,55.00000000000001,45.0,2,1,6,0,3,0,3,17,0,-14,15.0
2026-07-10,XLE,23,20,20,20,20,20,20,65.0,35.0,90.0,50.0,35.0,1,1,6,0,3,2,14,6,0,8,70.0
2026-07-13,XLE,23,20,20,20,20,20,20,85.0,70.0,90.0,40.0,75.0,5,1,6,0,4,0,17,3,0,14,85.0
2026-07-14,XLE,23,20,20,20,20,20,20,85.0,65.0,90.0,40.0,75.0,2,3,7,0,4,0,13,7,0,6,65.0
2026-07-15,XLE,23,20,20,20,20,20,20,70.0,60.0,90.0,35.0,80.0,2,2,7,0,1,0,1,19,0,-18,5.0
2026-07-16,XLE,23,20,20,20,20,20,20,75.0,65.0,85.0,30.0,85.0,4,2,5,0,3,0,16,4,0,12,80.0
2026-07-17,XLE,23,20,20,20,20,20,20,75.0,70.0,80.0,35.0,85.0,5,2,4,0,4,0,14,6,0,8,70.0
2026-07-20,XLE,23,20,20,20,20,20,20,75.0,75.0,80.0,30.0,70.0,4,2,3,0,4,0,11,9,0,2,55.00000000000001
2026-07-21,XLE,23,20,20,20,20,20,20,70.0,70.0,80.0,35.0,65.0,5,3,4,0,3,0,15,5,0,10,75.0
2026-07-22,XLE,23,20,20,20,20,20,20,90.0,85.0,85.0,45.0,85.0,7,2,2,0,3,0,15,5,0,10,75.0
2026-07-23,XLE,23,20,20,20,20,20,20,85.0,85.0,80.0,40.0,75.0,8,2,2,0,1,0,11,9,0,2,55.00000000000001
2026-07-24,XLE,23,20,20,20,20,20,20,90.0,90.0,85.0,50.0,85.0,9,1,3,0,1,0,8,12,0,-4,40.0
2026-07-27,XLE,23,20,20,20,20,20,20,65.0,55.00000000000001,85.0,40.0,70.0,7,1,5,0,0,0,4,16,0,-12,20.0
2026-07-28,XLE,23,20,20,20,20,20,20,50.0,40.0,80.0,40.0,65.0,7,1,4,0,0,0,0,20,0,-20,0.0
2026-07-29,XLE,23,20,20,20,20,20,20,70.0,60.0,80.0,45.0,85.0,6,2,6,0,0,0,16,4,0,12,80.0
2026-07-30,XLE,23,20,20,20,20,20,20,70.0,65.0,85.0,50.0,80.0,5,1,8,0,0,0,13,7,0,6,65.0
2026-07-31,XLE,23,20,20,20,20,20,20,80.0,80.0,85.0,50.0,85.0,7,2,7,0,0,0,19,1,0,18,95.0
2026-08-03,XLE,23,20,20,20,20,20,20,75.0,70.0,85.0,50.0,90.0,6,1,7,0,0,0,4,16,0,-12,20.0
2026-08-04,XLE,23,20,20,20,20,20,20,65.0,65.0,85.0,45.0,70.0,4,2,9,0,0,0,6,14,0,-8,30.0
2026-08-05,XLE,23,20,20,20,20,20,20,25.0,40.0,75.0,40.0,55.00000000000001,2,1,10,0,0,0,1,19,0,-18,5.0
2026-08-06,XLE,23,20,20,20,20,20,20,45.0,55.00000000000001,80.0,40.0,70.0,2,0,11,0,0,0,18,2,0,16,90.0
2026-08-07,XLE,23,20,20,20,20,20,20,35.0,50.0,80.0,55.00000000000001,70.0,3,1,12,0,0,0,3,17,0,-14,15.0
2026-08-10,XLE,23,20,20,20,20,20,20,80.0,75.0,85.0,55.00000000000001,70.0,3,1,9,0,0,0,20,0,0,20,100.0
2026-08-11,XLE,23,20,20,20,20,20,20,85.0,75.0,90.0,55.00000000000001,75.0,3,1,8,0,3,0,19,1,0,18,95.0
2026-08-12,XLE,23,20,20,20,20,20,20,95.0,90.0,80.0,55.00000000000001,75.0,0,3,8,0,3,0,8,12,0,-4,40.0
2026-08-13,XLE,23,20,20,20,20,20,20,85.0,90.0,80.0,55.00000000000001,75.0,0,3,8,0,3,0,8,12,0,-4,40.0
2026-08-14,XLE,23,20,20,20,20,20,20,95.0,95.0,85.0,45.0,85.0,0,3,7,0,4,0,18,2,0,16,90.0
2026-08-17,XLE,23,20,20,20,20,20,20,95.0,95.0,85.0,50.0,80.0,4,3,6,0,4,0,16,4,0,12,80.0
2026-08-18,XLE,23,20,20,20,20,20,20,95.0,95.0,85.0,35.0,95.0,4,3,4,0,5,0,17,3,0,14,85.0
2026-08-19,XLE,23,20,20,20,20,20,20,95.0,95.0,85.0,35.0,80.0,4,3,6,0,4,0,11,9,0,2,55.00000000000001
2026-08-20,XLE,23,20,20,20,20,20,20,85.0,85.0,85.0,40.0,85.0,5,3,6,0,7,0,11,8,1,3,57.89473684210527
2026-08-21,XLE,23,20,20,20,20,20,20,90.0,85.0,85.0,40.0,85.0,3,3,5,0,2,0,7,13,0,-6,35.0
2026-08-24,XLE,23,20,20,20,20,20,20,80.0,85.0,85.0,35.0,90.0,4,3,4,0,1,0,6,14,0,-8,30.0
2026-08-25,XLE,23,20,20,20,20,20,20,65.0,80.0,85.0,40.0,90.0,5,3,4,0,0,0,2,18,0,-16,10.0
2026-08-26,XLE,23,20,20,20,20,20,20,75.0,90.0,90.0,40.0,90.0,6,3,4,0,0,0,14,6,0,8,70.0
2026-08-27,XLE,23,20,20,20,20,20,20,70.0,90.0,95.0,55.00000000000001,90.0,7,3,4,0,0,0,9,11,0,-2,45.0
2026-08-28,XLE,23,20,20,20,20,20,20,75.0,90.0,95.0,40.0,80.0,4,3,4,0,1,0,13,7,0,6,65.0
2026-08-31,XLE,23,20,20,20,20,20,20,90.0,95.0,90.0,45.0,90.0,9,5,3,0,4,0,18,1,1,17,94.73684210526316
2026-09-01,XLE,23,20,20,20,20,20,20,95.0,95.0,95.0,45.0,95.0,9,5,3,0,6,0,15,5,0,10,75.0
2026-09-02,XLE,23,20,20,20,20,20,20,95.0,95.0,95.0,40.0,95.0,9,6,3,0,5,0,12,8,0,4,60.0
2026-09-03,XLE,23,20,20,20,20,20,20,90.0,90.0,95.0,40.0,100.0,7,6,3,0,5,0,3,17,0,-14,15.0
2026-09-04,XLE,23,20,20,20,20,20,20,75.0,90.0,95.0,45.0,100.0,10,4,2,0,0,0,5,15,0,-10,25.0
2026-09-06,XLE,23,20,20,20,20,20,20,75.0,90.0,95.0,45.0,100.0,10,4,2,0,0,0,5,15,0,-10,25.0
2026-05-06,XLF,78,20,20,20,20,20,20,60.0,60.0,55.00000000000001,55.00000000000001,60.0,7,0,2,0,1,0,13,7,0,6,65.0
2026-05-07,XLF,78,20,20,20,20,20,20,35.0,50.0,55.00000000000001,40.0,50.0,9,0,1,0,0,0,4,16,0,-12,20.0
2026-05-08,XLF,78,20,20,20,20,20,20,25.0,40.0,55.00000000000001,40.0,50.0,7,0,1,0,0,0,4,16,0,-12,20.0
2026-05-11,XLF,78,20,20,20,20,20,20,25.0,30.0,55.00000000000001,35.0,35.0,10,1,0,0,0,0,9,11,0,-2,45.0
2026-05-12,XLF,78,20,20,20,20,20,20,35.0,40.0,60.0,35.0,30.0,10,0,1,0,0,0,19,1,0,18,95.0
2026-05-13,XLF,78,20,20,20,20,20,20,35.0,35.0,50.0,40.0,30.0,9,1,0,0,1,0,6,14,0,-8,30.0
2026-05-14,XLF,78,20,20,20,20,20,20,35.0,40.0,50.0,35.0,30.0,8,1,1,0,1,0,16,4,0,12,80.0
2026-05-15,XLF,78,20,20,20,20,20,20,40.0,40.0,55.00000000000001,50.0,30.0,7,1,0,0,0,0,9,11,0,-2,45.0
2026-05-18,XLF,78,20,20,20,20,20,20,55.00000000000001,50.0,60.0,50.0,45.0,6,0,1,0,0,0,15,4,1,11,78.94736842105263
2026-05-19,XLF,78,20,20,20,20,20,20,40.0,40.0,50.0,55.00000000000001,35.0,12,1,2,0,0,0,2,18,0,-16,10.0
2026-05-20,XLF,78,20,20,20,20,20,20,45.0,50.0,60.0,45.0,35.0,11,1,0,0,3,0,15,5,0,10,75.0
2026-05-21,XLF,78,20,20,20,20,20,20,50.0,50.0,60.0,40.0,35.0,6,1,2,0,3,0,15,5,0,10,75.0
2026-05-22,XLF,78,20,20,20,20,20,20,60.0,55.00000000000001,60.0,40.0,45.0,6,1,2,0,3,0,13,7,0,6,65.0
2026-05-25,XLF,78,20,20,20,20,20,20,60.0,55.00000000000001,60.0,40.0,40.0,8,1,1,0,3,0,0,0,20,0,
2026-05-26,XLF,78,20,20,20,20,20,20,55.00000000000001,55.00000000000001,60.0,25.0,25.0,10,2,2,0,3,0,8,12,0,-4,40.0
2026-05-27,XLF,78,20,20,20,20,20,20,40.0,35.0,55.00000000000001,40.0,25.0,12,3,0,0,0,0,6,14,0,-8,30.0
2026-05-28,XLF,78,20,20,20,20,20,20,30.0,30.0,50.0,25.0,15.0,12,4,1,0,1,1,6,14,0,-8,30.0
2026-05-29,XLF,78,20,20,20,20,20,20,55.00000000000001,40.0,55.00000000000001,35.0,20.0,12,7,0,0,2,0,15,5,0,10,75.0
2026-06-01,XLF,78,20,20,20,20,20,20,35.0,35.0,35.0,25.0,25.0,9,6,0,0,3,0,8,12,0,-4,40.0
2026-06-02,XLF,78,20,20,20,20,20,20,35.0,35.0,45.0,25.0,25.0,8,6,0,0,3,2,10,10,0,0,50.0
2026-06-03,XLF,78,20,20,20,20,20,20,30.0,35.0,45.0,40.0,20.0,7,6,0,0,0,1,2,18,0,-16,10.0
2026-06-04,XLF,78,20,20,20,20,20,20,55.00000000000001,45.0,50.0,40.0,40.0,9,5,0,0,4,0,20,0,0,20,100.0
2026-06-05,XLF,78,20,20,20,20,20,20,65.0,60.0,50.0,50.0,70.0,14,2,3,0,2,0,11,9,0,2,55.00000000000001
2026-06-08,XLF,78,20,20,20,20,20,20,55.00000000000001,45.0,50.0,45.0,55.00000000000001,13,2,4,0,0,0,4,16,0,-12,20.0
2026-06-09,XLF,78,20,20,20,20,20,20,80.0,75.0,55.00000000000001,40.0,70.0,9,5,3,0,1,0,17,3,0,14,85.0
2026-06-10,XLF,78,20,20,20,20,20,20,75.0,65.0,50.0,60.0,70.0,11,3,2,0,1,0,8,12,0,-4,40.0
2026-06-11,XLF,78,20,20,20,20,20,20,65.0,65.0,50.0,45.0,65.0,10,5,2,0,1,0,13,7,0,6,65.0
2026-06-12,XLF,78,20,20,20,20,20,20,85.0,75.0,55.00000000000001,40.0,75.0,9,5,2,0,2,0,20,0,0,20,100.0
2026-06-15,XLF,78,20,20,20,20,20,20,90.0,90.0,60.0,55.00000000000001,65.0,7,9,3,0,4,0,12,8,0,4,60.0
2026-06-16,XLF,78,20,20,20,20,20,20,95.0,95.0,75.0,50.0,90.0,7,10,3,0,3,0,19,1,0,18,95.0
2026-06-17,XLF,78,20,20,20,20,20,20,90.0,85.0,75.0,60.0,85.0,8,9,3,0,6,0,8,12,0,-4,40.0
2026-06-18,XLF,78,20,20,20,20,20,20,80.0,85.0,70.0,50.0,70.0,5,12,3,0,5,0,3,17,0,-14,15.0
2026-06-19,XLF,78,20,20,20,20,20,20,80.0,85.0,70.0,55.00000000000001,70.0,11,5,3,0,5,0,0,0,20,0,
2026-06-22,XLF,78,20,20,20,20,20,20,85.0,85.0,70.0,60.0,70.0,10,5,3,0,1,0,14,6,0,8,70.0
2026-06-23,XLF,78,20,20,20,20,20,20,75.0,75.0,70.0,60.0,80.0,10,4,2,0,3,1,11,9,0,2,55.00000000000001
2026-06-24,XLF,78,20,20,20,20,20,20,80.0,75.0,70.0,65.0,75.0,11,5,2,0,2,1,10,10,0,0,50.0
2026-06-25,XLF,78,20,20,20,20,20,20,70.0,70.0,70.0,65.0,75.0,8,5,2,0,4,1,9,11,0,-2,45.0
2026-06-26,XLF,78,20,20,20,20,20,20,65.0,75.0,70.0,50.0,75.0,13,3,1,0,1,1,8,12,0,-4,40.0
2026-06-29,XLF,78,20,20,20,20,20,20,65.0,75.0,70.0,55.00000000000001,75.0,9,4,2,0,2,1,11,8,1,3,57.89473684210527
2026-06-30,XLF,78,20,20,20,20,20,20,70.0,80.0,75.0,60.0,75.0,12,3,2,0,2,0,7,13,0,-6,35.0
2026-07-01,XLF,78,20,20,20,20,20,20,80.0,90.0,80.0,65.0,85.0,7,6,1,0,3,0,20,0,0,20,100.0
2026-07-02,XLF,78,20,20,20,20,20,20,80.0,90.0,85.0,60.0,80.0,7,5,2,0,4,0,17,3,0,14,85.0
2026-07-03,XLF,78,20,20,20,20,20,20,80.0,90.0,85.0,60.0,90.0,7,5,2,0,4,0,0,0,20,0,
2026-07-06,XLF,78,20,20,20,20,20,20,95.0,90.0,85.0,60.0,95.0,12,4,1,0,4,0,14,6,0,8,70.0
2026-07-07,XLF,78,20,20,20,20,20,20,95.0,90.0,85.0,60.0,90.0,10,4,2,0,6,0,8,12,0,-4,40.0
2026-07-08,XLF,78,20,20,20,20,20,20,70.0,80.0,75.0,65.0,90.0,13,2,2,0,0,0,1,19,0,-18,5.0
2026-07-09,XLF,78,20,20,20,20,20,20,90.0,95.0,85.0,65.0,95.0,13,1,1,0,1,0,16,4,0,12,80.0
2026-07-10,XLF,78,20,20,20,20,20,20,95.0,95.0,90.0,65.0,90.0,11,1,1,0,0,0,17,3,0,14,85.0
2026-07-13,XLF,78,20,20,20,20,20,20,100.0,95.0,90.0,65.0,75.0,14,3,1,0,0,0,11,9,0,2,55.00000000000001
2026-07-14,XLF,78,20,20,20,20,20,20,95.0,90.0,85.0,65.0,80.0,12,5,1,0,6,0,10,10,0,0,50.0
2026-07-15,XLF,78,20,20,20,20,20,20,80.0,85.0,85.0,45.0,90.0,13,5,1,0,5,0,15,5,0,10,75.0
2026-07-16,XLF,78,20,20,20,20,20,20,80.0,85.0,85.0,50.0,80.0,8,10,1,0,3,0,13,7,0,6,65.0
2026-07-17,XLF,78,20,20,20,20,20,20,80.0,85.0,85.0,55.00000000000001,80.0,8,8,1,0,3,0,3,17,0,-14,15.0
2026-07-20,XLF,78,20,20,20,20,20,20,80.0,80.0,90.0,50.0,80.0,10,5,1,0,1,0,6,14,0,-8,30.0
2026-07-21,XLF,78,20,20,20,20,20,20,80.0,85.0,85.0,55.00000000000001,75.0,11,4,1,0,0,0,11,9,0,2,55.00000000000001
2026-07-22,XLF,78,20,20,20,20,20,20,70.0,85.0,80.0,60.0,85.0,9,5,0,0,1,0,10,10,0,0,50.0
2026-07-23,XLF,78,20,20,20,20,20,20,70.0,90.0,75.0,60.0,75.0,8,6,0,0,1,0,7,13,0,-6,35.0
2026-07-24,XLF,78,20,20,20,20,20,20,70.0,90.0,85.0,60.0,80.0,8,6,0,0,3,0,16,4,0,12,80.0
2026-07-27,XLF,78,20,20,20,20,20,20,80.0,90.0,95.0,55.00000000000001,85.0,10,5,0,0,3,0,16,4,0,12,80.0
2026-07-28,XLF,78,20,20,20,20,20,20,75.0,80.0,90.0,50.0,90.0,6,9,0,0,3,0,14,6,0,8,70.0
2026-07-29,XLF,78,20,20,20,20,20,20,65.0,75.0,90.0,50.0,65.0,9,6,0,0,2,0,4,16,0,-12,20.0
2026-07-30,XLF,78,20,20,20,20,20,20,60.0,80.0,85.0,45.0,65.0,8,5,1,0,0,0,13,7,0,6,65.0
2026-07-31,XLF,78,20,20,20,20,20,20,65.0,75.0,85.0,45.0,65.0,8,5,2,0,0,0,10,10,0,0,50.0
2026-08-03,XLF,78,20,20,20,20,20,20,75.0,85.0,85.0,55.00000000000001,65.0,8,7,1,0,1,0,13,7,0,6,65.0
2026-08-04,XLF,78,20,20,20,20,20,20,85.0,90.0,85.0,50.0,70.0,6,10,0,0,3,0,18,2,0,16,90.0
2026-08-05,XLF,78,20,20,20,20,20,20,90.0,95.0,90.0,55.00000000000001,85.0,6,9,1,0,3,0,15,5,0,10,75.0
2026-08-06,XLF,78,20,20,20,20,20,20,75.0,90.0,90.0,55.00000000000001,70.0,7,8,1,0,3,0,6,14,0,-8,30.0
2026-08-07,XLF,78,20,20,20,20,20,20,80.0,95.0,90.0,55.00000000000001,70.0,8,7,3,0,0,0,9,11,0,-2,45.0
2026-08-10,XLF,78,20,20,20,20,20,20,75.0,90.0,90.0,50.0,65.0,5,10,1,0,2,0,10,10,0,0,50.0
2026-08-11,XLF,78,20,20,20,20,20,20,75.0,85.0,90.0,55.00000000000001,75.0,6,10,0,0,2,0,10,10,0,0,50.0
2026-08-12,XLF,78,20,20,20,20,20,20,70.0,85.0,85.0,50.0,80.0,4,12,0,0,4,0,14,6,0,8,70.0
2026-08-13,XLF,78,20,20,20,20,20,20,80.0,95.0,90.0,50.0,85.0,4,13,0,0,4,0,13,7,0,6,65.0
2026-08-14,XLF,78,20,20,20,20,20,20,80.0,90.0,90.0,50.0,80.0,2,15,0,0,1,0,11,9,0,2,55.00000000000001
2026-08-17,XLF,78,20,20,20,20,20,20,70.0,80.0,90.0,50.0,65.0,5,13,0,0,4,0,3,17,0,-14,15.0
2026-08-18,XLF,78,20,20,20,20,20,20,75.0,90.0,90.0,50.0,75.0,5,13,0,0,1,0,14,6,0,8,70.0
2026-08-19,XLF,78,20,20,20,20,20,20,60.0,85.0,90.0,45.0,65.0,5,14,0,0,0,0,6,14,0,-8,30.0
2026-08-20,XLF,78,20,20,20,20,20,20,40.0,65.0,100.0,45.0,55.00000000000001,5,13,1,0,0,0,7,13,0,-6,35.0
2026-08-21,XLF,78,20,20,20,20,20,20,50.0,75.0,100.0,45.0,65.0,5,13,0,0,1,0,15,5,0,10,75.0
2026-08-24,XLF,78,20,20,20,20,20,20,55.00000000000001,80.0,100.0,45.0,65.0,2,16,0,0,3,0,17,3,0,14,85.0
2026-08-25,XLF,78,20,20,20,20,20,20,65.0,75.0,100.0,55.00000000000001,65.0,4,15,1,0,2,0,10,10,0,0,50.0
2026-08-26,XLF,78,20,20,20,20,20,20,65.0,80.0,100.0,65.0,85.0,4,15,0,0,1,0,10,10,0,0,50.0
2026-08-27,XLF,78,20,20,20,20,20,20,60.0,75.0,100.0,60.0,75.0,4,15,0,0,0,0,3,17,0,-14,15.0
2026-08-28,XLF,78,20,20,20,20,20,20,60.0,75.0,100.0,55.00000000000001,80.0,2,16,0,0,0,0,13,7,0,6,65.0
2026-08-31,XLF,78,20,20,20,20,20,20,55.00000000000001,75.0,95.0,55.00000000000001,55.00000000000001,2,16,0,0,0,0,1,19,0,-18,5.0
2026-09-01,XLF,78,20,20,20,20,20,20,30.0,70.0,95.0,55.00000000000001,35.0,3,16,0,0,0,0,7,13,0,-6,35.0
2026-09-02,XLF,78,20,20,20,20,20,20,55.00000000000001,75.0,95.0,45.0,45.0,3,16,0,0,0,0,16,4,0,12,80.0
2026-09-03,XLF,78,20,20,20,20,20,20,80.0,95.0,95.0,60.0,75.0,4,15,0,0,0,0,17,3,0,14,85.0
2026-09-04,XLF,78,20,20,20,20,20,20,75.0,90.0,95.0,50.0,65.0,3,14,1,0,1,0,5,15,0,-10,25.0
2026-09-06,XLF,78,20,20,20,20,20,20,75.0,90.0,95.0,50.0,65.0,3,14,1,0,1,0,5,15,0,-10,25.0
2026-05-06,XLI,85,21,21,21,21,21,21,80.95238095238095,71.42857142857143,76.19047619047619,47.61904761904761,61.90476190476191,4,6,3,0,3,0,19,2,0,17,90.47619047619048
2026-05-07,XLI,85,21,21,21,21,21,21,57.14285714285714,76.19047619047619,76.19047619047619,57.14285714285714,57.14285714285714,7,3,4,0,2,0,5,16,0,-11,23.809523809523807
2026-05-08,XLI,85,21,21,21,21,21,21,57.14285714285714,66.66666666666666,71.42857142857143,52.38095238095239,57.14285714285714,8,2,5,0,0,0,5,16,0,-11,23.809523809523807
2026-05-11,XLI,85,21,21,21,21,21,21,76.19047619047619,71.42857142857143,80.95238095238095,52.38095238095239,61.90476190476191,6,3,4,0,1,0,15,6,0,9,71.42857142857143
2026-05-12,XLI,85,21,21,21,21,21,21,66.66666666666666,66.66666666666666,80.95238095238095,52.38095238095239,57.14285714285714,5,3,4,0,0,0,8,13,0,-5,38.095238095238095
2026-05-13,XLI,85,21,21,21,21,21,21,57.14285714285714,52.38095238095239,76.19047619047619,52.38095238095239,61.90476190476191,6,2,4,0,1,0,9,12,0,-3,42.85714285714285
2026-05-14,XLI,85,21,21,21,21,21,21,52.38095238095239,47.61904761904761,76.19047619047619,52.38095238095239,57.14285714285714,7,2,5,0,1,0,10,11,0,-1,47.61904761904761
2026-05-15,XLI,85,21,21,21,21,21,21,38.095238095238095,47.61904761904761,57.14285714285714,42.85714285714285,38.095238095238095,7,2,3,0,0,0,4,17,0,-13,19.047619047619047
2026-05-18,XLI,85,21,21,21,21,21,21,38.095238095238095,52.38095238095239,61.90476190476191,47.61904761904761,47.61904761904761,7,1,6,0,1,0,11,10,0,1,52.38095238095239
2026-05-19,XLI,85,21,21,21,21,21,21,23.809523809523807,42.85714285714285,57.14285714285714,52.38095238095239,47.61904761904761,7,0,5,0,0,0,0,21,0,-21,0.0
2026-05-20,XLI,85,21,21,21,21,21,21,38.095238095238095,47.61904761904761,66.66666666666666,47.61904761904761,47.61904761904761,7,0,2,0,1,0,15,6,0,9,71.42857142857143
2026-05-21,XLI,85,21,21,21,21,21,21,38.095238095238095,52.38095238095239,66.66666666666666,61.90476190476191,42.85714285714285,6,0,3,0,0,0,11,10,0,1,52.38095238095239
2026-05-22,XLI,85,21,21,21,21,21,21,47.61904761904761,61.90476190476191,76.19047619047619,57.14285714285714,57.14285714285714,6,0,3,0,0,0,15,6,0,9,71.42857142857143
2026-05-25,XLI,85,21,21,21,21,21,21,47.61904761904761,61.90476190476191,76.19047619047619,57.14285714285714,57.14285714285714,7,0,3,0,0,0,0,0,21,0,
2026-05-26,XLI,85,21,21,21,21,21,21,71.42857142857143,71.42857142857143,80.95238095238095,61.90476190476191,66.66666666666666,11,0,1,0,0,0,15,6,0,9,71.42857142857143
2026-05-27,XLI,85,21,21,21,21,21,21,66.66666666666666,71.42857142857143,71.42857142857143,57.14285714285714,71.42857142857143,9,1,2,0,2,0,9,12,0,-3,42.85714285714285
2026-05-28,XLI,85,21,21,21,21,21,21,66.66666666666666,66.66666666666666,80.95238095238095,61.90476190476191,52.38095238095239,9,1,1,0,0,0,11,10,0,1,52.38095238095239
2026-05-29,XLI,85,21,21,21,21,21,21,47.61904761904761,66.66666666666666,80.95238095238095,52.38095238095239,52.38095238095239,11,3,0,0,0,0,9,12,0,-3,42.85714285714285
2026-06-01,XLI,85,21,21,21,21,21,21,38.095238095238095,61.90476190476191,71.42857142857143,42.85714285714285,52.38095238095239,6,2,1,0,0,0,7,14,0,-7,33.33333333333333
2026-06-02,XLI,85,21,21,21,21,21,21,47.61904761904761,61.90476190476191,76.19047619047619,47.61904761904761,61.90476190476191,8,2,1,0,0,0,12,9,0,3,57.14285714285714
2026-06-03,XLI,85,21,21,21,21,21,21,47.61904761904761,57.14285714285714,66.66666666666666,42.85714285714285,33.33333333333333,10,0,2,0,1,0,8,13,0,-5,38.095238095238095
2026-06-04,XLI,85,21,21,21,21,21,21,61.90476190476191,57.14285714285714,80.95238095238095,47.61904761904761,57.14285714285714,11,1,1,0,2,0,16,5,0,11,76.19047619047619
2026-06-05,XLI,85,21,21,21,21,21,21,52.38095238095239,52.38095238095239,76.19047619047619,47.61904761904761,52.38095238095239,8,3,2,0,0,0,10,11,0,-1,47.61904761904761
2026-06-08,XLI,85,21,21,21,21,21,21,42.85714285714285,52.38095238095239,76.19047619047619,42.85714285714285,42.85714285714285,9,1,3,0,1,0,10,11,0,-1,47.61904761904761
2026-06-09,XLI,85,21,21,21,21,21,21,66.66666666666666,71.42857142857143,80.95238095238095,47.61904761904761,57.14285714285714,12,2,2,0,1,0,15,6,0,9,71.42857142857143
2026-06-10,XLI,85,21,21,21,21,21,21,33.33333333333333,28.57142857142857,76.19047619047619,47.61904761904761,33.33333333333333,12,2,2,0,0,0,1,20,0,-19,4.761904761904762
2026-06-11,XLI,85,21,21,21,21,21,21,71.42857142857143,76.19047619047619,90.47619047619048,47.61904761904761,52.38095238095239,10,3,3,0,1,1,20,1,0,19,95.23809523809524
2026-06-12,XLI,85,21,21,21,21,21,21,66.66666666666666,66.66666666666666,90.47619047619048,47.61904761904761,66.66666666666666,9,2,2,0,1,0,15,6,0,9,71.42857142857143
2026-06-15,XLI,85,21,21,21,21,21,21,95.23809523809524,90.47619047619048,85.71428571428571,42.85714285714285,80.95238095238095,11,3,2,0,1,0,14,7,0,7,66.66666666666666
2026-06-16,XLI,85,21,21,21,21,21,21,90.47619047619048,90.47619047619048,90.47619047619048,42.85714285714285,80.95238095238095,12,2,2,0,3,0,16,5,0,11,76.19047619047619
2026-06-17,XLI,85,21,21,21,21,21,21,80.95238095238095,85.71428571428571,85.71428571428571,42.85714285714285,80.95238095238095,14,2,2,0,3,0,10,11,0,-1,47.61904761904761
2026-06-18,XLI,85,21,21,21,21,21,21,76.19047619047619,85.71428571428571,85.71428571428571,47.61904761904761,71.42857142857143,11,6,1,0,3,0,13,8,0,5,61.90476190476191
2026-06-19,XLI,85,21,21,21,21,21,21,76.19047619047619,85.71428571428571,85.71428571428571,47.61904761904761,76.19047619047619,10,6,2,0,3,0,0,0,21,0,
2026-06-22,XLI,85,21,21,21,21,21,21,61.90476190476191,66.66666666666666,85.71428571428571,52.38095238095239,80.95238095238095,6,7,4,0,2,0,12,9,0,3,57.14285714285714
2026-06-23,XLI,85,21,21,21,21,21,21,47.61904761904761,76.19047619047619,80.95238095238095,38.095238095238095,57.14285714285714,6,2,4,0,0,0,5,16,0,-11,23.809523809523807
2026-06-24,XLI,85,21,21,21,21,21,21,52.38095238095239,76.19047619047619,85.71428571428571,42.85714285714285,61.90476190476191,7,3,4,0,1,0,12,9,0,3,57.14285714285714
2026-06-25,XLI,85,21,21,21,21,21,21,80.95238095238095,76.19047619047619,85.71428571428571,33.33333333333333,71.42857142857143,6,2,4,0,3,0,17,4,0,13,80.95238095238095
2026-06-26,XLI,85,21,21,21,21,21,21,66.66666666666666,80.95238095238095,80.95238095238095,42.85714285714285,66.66666666666666,8,3,5,0,0,0,8,13,0,-5,38.095238095238095
2026-06-29,XLI,85,21,21,21,21,21,21,71.42857142857143,80.95238095238095,80.95238095238095,38.095238095238095,76.19047619047619,6,2,5,0,1,0,12,9,0,3,57.14285714285714
2026-06-30,XLI,85,21,21,21,21,21,21,76.19047619047619,80.95238095238095,76.19047619047619,38.095238095238095,80.95238095238095,9,2,2,0,1,0,15,6,0,9,71.42857142857143
2026-07-01,XLI,85,21,21,21,21,21,21,71.42857142857143,71.42857142857143,85.71428571428571,42.85714285714285,76.19047619047619,5,1,5,0,2,0,9,12,0,-3,42.85714285714285
2026-07-02,XLI,85,21,21,21,21,21,21,71.42857142857143,76.19047619047619,95.23809523809524,57.14285714285714,80.95238095238095,3,3,7,0,4,0,12,9,0,3,57.14285714285714
2026-07-03,XLI,85,21,21,21,21,21,21,71.42857142857143,76.19047619047619,95.23809523809524,38.095238095238095,95.23809523809524,3,4,6,0,4,0,0,0,21,0,
2026-07-06,XLI,85,21,21,21,21,21,21,71.42857142857143,85.71428571428571,95.23809523809524,38.095238095238095,95.23809523809524,3,3,4,0,4,0,16,5,0,11,76.19047619047619
2026-07-07,XLI,85,21,21,21,21,21,21,57.14285714285714,76.19047619047619,90.47619047619048,57.14285714285714,80.95238095238095,6,1,8,0,2,0,3,18,0,-15,14.285714285714285
2026-07-08,XLI,85,21,21,21,21,21,21,47.61904761904761,71.42857142857143,80.95238095238095,52.38095238095239,90.47619047619048,6,1,8,0,0,0,5,16,0,-11,23.809523809523807
2026-07-09,XLI,85,21,21,21,21,21,21,47.61904761904761,76.19047619047619,85.71428571428571,57.14285714285714,76.19047619047619,6,2,9,0,1,0,15,6,0,9,71.42857142857143
2026-07-10,XLI,85,21,21,21,21,21,21,61.90476190476191,71.42857142857143,85.71428571428571,61.90476190476191,76.19047619047619,5,2,8,0,2,0,16,5,0,11,76.19047619047619
2026-07-13,XLI,85,21,21,21,21,21,21,42.85714285714285,61.90476190476191,76.19047619047619,52.38095238095239,57.14285714285714,6,3,11,0,2,0,7,14,0,-7,33.33333333333333
2026-07-14,XLI,85,21,21,21,21,21,21,42.85714285714285,61.90476190476191,76.19047619047619,52.38095238095239,57.14285714285714,4,4,8,0,2,0,12,9,0,3,57.14285714285714
2026-07-15,XLI,85,21,21,21,21,21,21,52.38095238095239,61.90476190476191,76.19047619047619,57.14285714285714,61.90476190476191,4,4,9,0,0,0,12,9,0,3,57.14285714285714
2026-07-16,XLI,85,21,21,21,21,21,21,42.85714285714285,57.14285714285714,80.95238095238095,47.61904761904761,47.61904761904761,4,5,6,0,2,0,10,11,0,-1,47.61904761904761
2026-07-17,XLI,85,21,21,21,21,21,21,38.095238095238095,52.38095238095239,80.95238095238095,47.61904761904761,33.33333333333333,5,4,6,0,2,0,7,14,0,-7,33.33333333333333
2026-07-20,XLI,85,21,21,21,21,21,21,33.33333333333333,42.85714285714285,76.19047619047619,42.85714285714285,33.33333333333333,3,5,8,0,0,0,8,13,0,-5,38.095238095238095
2026-07-21,XLI,85,21,21,21,21,21,21,47.61904761904761,42.85714285714285,85.71428571428571,52.38095238095239,52.38095238095239,4,4,9,0,1,0,11,10,0,1,52.38095238095239
2026-07-22,XLI,85,21,21,21,21,21,21,57.14285714285714,57.14285714285714,85.71428571428571,52.38095238095239,52.38095238095239,8,3,9,0,0,0,14,6,1,8,70.0
2026-07-23,XLI,85,21,21,21,21,21,21,66.66666666666666,71.42857142857143,90.47619047619048,57.14285714285714,42.85714285714285,6,5,5,0,3,0,18,3,0,15,85.71428571428571
2026-07-24,XLI,85,21,21,21,21,21,21,66.66666666666666,71.42857142857143,90.47619047619048,52.38095238095239,61.90476190476191,7,5,8,0,4,1,14,7,0,7,66.66666666666666
2026-07-27,XLI,85,21,21,21,21,21,21,66.66666666666666,66.66666666666666,90.47619047619048,57.14285714285714,61.90476190476191,6,6,5,0,5,1,10,11,0,-1,47.61904761904761
2026-07-28,XLI,85,21,21,21,21,21,21,66.66666666666666,66.66666666666666,95.23809523809524,61.90476190476191,61.90476190476191,7,6,2,0,3,0,12,9,0,3,57.14285714285714
2026-07-29,XLI,85,21,21,21,21,21,21,47.61904761904761,61.90476190476191,76.19047619047619,66.66666666666666,47.61904761904761,6,4,5,0,1,0,2,19,0,-17,9.523809523809524
2026-07-30,XLI,85,21,21,21,21,21,21,52.38095238095239,66.66666666666666,85.71428571428571,66.66666666666666,47.61904761904761,7,2,4,0,0,0,13,8,0,5,61.90476190476191
2026-07-31,XLI,85,21,21,21,21,21,21,71.42857142857143,66.66666666666666,85.71428571428571,61.90476190476191,57.14285714285714,7,3,4,0,0,0,18,3,0,15,85.71428571428571
2026-08-03,XLI,85,21,21,21,21,21,21,76.19047619047619,76.19047619047619,95.23809523809524,71.42857142857143,61.90476190476191,10,1,4,0,1,0,18,3,0,15,85.71428571428571
2026-08-04,XLI,85,21,21,21,21,21,21,95.23809523809524,80.95238095238095,95.23809523809524,76.19047619047619,76.19047619047619,9,4,4,0,1,0,20,1,0,19,95.23809523809524
2026-08-05,XLI,85,21,21,21,21,21,21,85.71428571428571,80.95238095238095,95.23809523809524,61.90476190476191,80.95238095238095,11,3,5,0,4,0,11,10,0,1,52.38095238095239
2026-08-06,XLI,85,21,21,21,21,21,21,80.95238095238095,80.95238095238095,95.23809523809524,71.42857142857143,76.19047619047619,11,3,5,0,5,0,8,13,0,-5,38.095238095238095
2026-08-07,XLI,85,21,21,21,21,21,21,80.95238095238095,85.71428571428571,95.23809523809524,71.42857142857143,85.71428571428571,11,2,6,0,0,0,12,9,0,3,57.14285714285714
2026-08-10,XLI,85,21,21,21,21,21,21,80.95238095238095,80.95238095238095,100.0,66.66666666666666,80.95238095238095,6,3,6,0,1,0,8,13,0,-5,38.095238095238095
2026-08-11,XLI,85,21,21,21,21,21,21,80.95238095238095,80.95238095238095,100.0,61.90476190476191,85.71428571428571,8,3,6,0,1,0,14,7,0,7,66.66666666666666
2026-08-12,XLI,85,21,21,21,21,21,21,80.95238095238095,85.71428571428571,95.23809523809524,61.90476190476191,80.95238095238095,9,3,5,0,2,0,14,7,0,7,66.66666666666666
2026-08-13,XLI,85,21,21,21,21,21,21,80.95238095238095,85.71428571428571,95.23809523809524,61.90476190476191,80.95238095238095,7,3,4,0,0,0,7,14,0,-7,33.33333333333333
2026-08-14,XLI,85,21,21,21,21,21,21,80.95238095238095,90.47619047619048,95.23809523809524,66.66666666666666,85.71428571428571,7,5,5,0,0,0,14,6,1,8,70.0
2026-08-17,XLI,85,21,21,21,21,21,21,85.71428571428571,85.71428571428571,95.23809523809524,52.38095238095239,95.23809523809524,5,7,4,0,0,0,7,14,0,-7,33.33333333333333
2026-08-18,XLI,85,21,21,21,21,21,21,57.14285714285714,66.66666666666666,90.47619047619048,61.90476190476191,76.19047619047619,9,5,4,0,0,0,7,14,0,-7,33.33333333333333
2026-08-19,XLI,85,21,21,21,21,21,21,47.61904761904761,66.66666666666666,95.23809523809524,61.90476190476191,76.19047619047619,8,6,4,0,1,0,4,17,0,-13,19.047619047619047
2026-08-20,XLI,85,21,21,21,21,21,21,23.809523809523807,52.38095238095239,90.47619047619048,61.90476190476191,57.14285714285714,9,4,4,0,0,0,6,15,0,-9,28.57142857142857
2026-08-21,XLI,85,21,21,21,21,21,21,33.33333333333333,57.14285714285714,90.47619047619048,57.14285714285714,47.61904761904761,7,7,5,0,0,0,12,9,0,3,57.14285714285714
2026-08-24,XLI,85,21,21,21,21,21,21,33.33333333333333,52.38095238095239,85.71428571428571,57.14285714285714,38.095238095238095,8,7,5,0,0,0,8,13,0,-5,38.095238095238095
2026-08-25,XLI,85,21,21,21,21,21,21,28.57142857142857,47.61904761904761,85.71428571428571,52.38095238095239,38.095238095238095,5,8,4,0,0,0,13,8,0,5,61.90476190476191
2026-08-26,XLI,85,21,21,21,21,21,21,38.095238095238095,61.90476190476191,90.47619047619048,57.14285714285714,76.19047619047619,6,8,3,0,0,0,19,2,0,17,90.47619047619048
2026-08-27,XLI,85,21,21,21,21,21,21,33.33333333333333,52.38095238095239,90.47619047619048,57.14285714285714,57.14285714285714,6,9,2,0,0,0,6,15,0,-9,28.57142857142857
2026-08-28,XLI,85,21,21,21,21,21,21,23.809523809523807,52.38095238095239,80.95238095238095,57.14285714285714,38.095238095238095,5,8,2,0,0,0,3,18,0,-15,14.285714285714285
2026-08-31,XLI,85,21,21,21,21,21,21,14.285714285714285,38.095238095238095,71.42857142857143,66.66666666666666,23.809523809523807,6,10,2,0,0,0,3,18,0,-15,14.285714285714285
2026-09-01,XLI,85,21,21,21,21,21,21,9.523809523809524,14.285714285714285,76.19047619047619,61.90476190476191,14.285714285714285,3,11,1,0,1,0,3,17,1,-14,15.0
2026-09-02,XLI,85,21,21,21,21,21,21,14.285714285714285,14.285714285714285,71.42857142857143,38.095238095238095,14.285714285714285,4,10,1,0,1,0,8,13,0,-5,38.095238095238095
2026-09-03,XLI,85,21,21,21,21,21,21,14.285714285714285,14.285714285714285,76.19047619047619,38.095238095238095,14.285714285714285,5,10,0,0,1,0,17,4,0,13,80.95238095238095
2026-09-04,XLI,85,21,21,21,21,21,21,9.523809523809524,23.809523809523807,76.19047619047619,42.85714285714285,19.047619047619047,6,9,1,0,0,0,13,8,0,5,61.90476190476191
2026-09-06,XLI,85,21,21,21,21,21,21,9.523809523809524,23.809523809523807,76.19047619047619,42.85714285714285,19.047619047619047,6,9,1,0,0,0,13,8,0,5,61.90476190476191
2026-05-06,XLK,75,21,21,21,21,21,21,80.95238095238095,80.95238095238095,80.95238095238095,42.85714285714285,90.47619047619048,9,7,0,0,9,0,13,8,0,5,61.90476190476191
2026-05-07,XLK,75,21,21,21,21,21,21,85.71428571428571,80.95238095238095,80.95238095238095,38.095238095238095,90.47619047619048,9,6,0,0,4,0,9,12,0,-3,42.85714285714285
2026-05-08,XLK,75,21,21,21,21,21,21,80.95238095238095,80.95238095238095,80.95238095238095,42.85714285714285,95.23809523809524,12,6,0,0,8,0,19,2,0,17,90.47619047619048
2026-05-11,XLK,75,21,21,21,21,21,21,80.95238095238095,80.95238095238095,80.95238095238095,42.85714285714285,90.47619047619048,10,6,0,0,9,0,11,10,0,1,52.38095238095239
2026-05-12,XLK,75,21,21,21,21,21,21,76.19047619047619,76.19047619047619,80.95238095238095,42.85714285714285,85.71428571428571,8,5,2,0,3,0,6,15,0,-9,28.57142857142857
2026-05-13,XLK,75,21,21,21,21,21,21,76.19047619047619,76.19047619047619,80.95238095238095,42.85714285714285,76.19047619047619,10,6,1,0,7,1,12,9,0,3,57.14285714285714
2026-05-14,XLK,75,21,21,21,21,21,21,76.19047619047619,80.95238095238095,80.95238095238095,47.61904761904761,76.19047619047619,9,6,1,0,9,0,17,4,0,13,80.95238095238095
2026-05-15,XLK,75,21,21,21,21,21,21,80.95238095238095,80.95238095238095,80.95238095238095,42.85714285714285,76.19047619047619,10,5,0,0,3,0,9,12,0,-3,42.85714285714285
2026-05-18,XLK,75,21,21,21,21,21,21,76.19047619047619,80.95238095238095,80.95238095238095,42.85714285714285,76.19047619047619,9,4,3,0,3,0,7,14,0,-7,33.33333333333333
2026-05-19,XLK,75,21,21,21,21,21,21,61.90476190476191,80.95238095238095,76.19047619047619,47.61904761904761,71.42857142857143,8,5,4,0,1,0,7,14,0,-7,33.33333333333333
2026-05-20,XLK,75,21,21,21,21,21,21,85.71428571428571,80.95238095238095,80.95238095238095,42.85714285714285,71.42857142857143,9,4,4,0,3,0,19,2,0,17,90.47619047619048
2026-05-21,XLK,75,21,21,21,21,21,21,85.71428571428571,90.47619047619048,80.95238095238095,42.85714285714285,85.71428571428571,11,4,2,0,5,0,14,7,0,7,66.66666666666666
2026-05-22,XLK,75,21,21,21,21,21,21,95.23809523809524,90.47619047619048,80.95238095238095,47.61904761904761,76.19047619047619,8,6,3,0,8,0,15,6,0,9,71.42857142857143
2026-05-25,XLK,75,21,21,21,21,21,21,95.23809523809524,90.47619047619048,80.95238095238095,52.38095238095239,66.66666666666666,7,6,3,0,8,0,0,0,21,0,
2026-05-26,XLK,75,21,21,21,21,21,21,95.23809523809524,90.47619047619048,80.95238095238095,52.38095238095239,80.95238095238095,9,9,0,0,10,0,13,8,0,5,61.90476190476191
2026-05-27,XLK,75,21,21,21,21,21,21,80.95238095238095,90.47619047619048,80.95238095238095,57.14285714285714,80.95238095238095,10,6,0,0,9,0,5,16,0,-11,23.809523809523807
2026-05-28,XLK,75,21,21,21,21,21,21,90.47619047619048,95.23809523809524,85.71428571428571,47.61904761904761,90.47619047619048,13,4,0,0,3,0,14,7,0,7,66.66666666666666
2026-05-29,XLK,75,21,21,21,21,21,21,95.23809523809524,100.0,95.23809523809524,47.61904761904761,95.23809523809524,10,9,0,0,7,0,15,6,0,9,71.42857142857143
2026-06-01,XLK,75,21,21,21,21,21,21,90.47619047619048,100.0,95.23809523809524,47.61904761904761,95.23809523809524,10,9,0,0,9,0,16,5,0,11,76.19047619047619
2026-06-02,XLK,75,21,21,21,21,21,21,95.23809523809524,100.0,95.23809523809524,47.61904761904761,95.23809523809524,7,10,0,0,8,0,12,9,0,3,57.14285714285714
2026-06-03,XLK,75,21,21,21,21,21,21,90.47619047619048,95.23809523809524,85.71428571428571,61.90476190476191,95.23809523809524,7,10,0,0,10,0,9,12,0,-3,42.85714285714285
2026-06-04,XLK,75,21,21,21,21,21,21,90.47619047619048,95.23809523809524,85.71428571428571,61.90476190476191,100.0,9,8,0,0,3,0,8,13,0,-5,38.095238095238095
2026-06-05,XLK,75,21,21,21,21,21,21,57.14285714285714,85.71428571428571,85.71428571428571,57.14285714285714,71.42857142857143,11,4,2,0,0,0,0,21,0,-21,0.0
2026-06-08,XLK,75,21,21,21,21,21,21,61.90476190476191,80.95238095238095,85.71428571428571,61.90476190476191,71.42857142857143,9,3,2,0,1,0,14,7,0,7,66.66666666666666
2026-06-09,XLK,75,21,21,21,21,21,21,47.61904761904761,76.19047619047619,85.71428571428571,61.90476190476191,66.66666666666666,12,2,0,0,3,0,4,17,0,-13,19.047619047619047
2026-06-10,XLK,75,21,21,21,21,21,21,42.85714285714285,71.42857142857143,85.71428571428571,71.42857142857143,71.42857142857143,10,1,2,0,2,0,3,18,0,-15,14.285714285714285
2026-06-11,XLK,75,21,21,21,21,21,21,61.90476190476191,71.42857142857143,80.95238095238095,57.14285714285714,61.90476190476191,15,1,1,0,4,0,18,3,0,15,85.71428571428571
2026-06-12,XLK,75,21,21,21,21,21,21,66.66666666666666,71.42857142857143,80.95238095238095,57.14285714285714,61.90476190476191,12,2,0,0,4,1,12,9,0,3,57.14285714285714
2026-06-15,XLK,75,21,21,21,21,21,21,66.66666666666666,80.95238095238095,85.71428571428571,57.14285714285714,71.42857142857143,12,3,0,0,6,0,18,3,0,15,85.71428571428571
2026-06-16,XLK,75,21,21,21,21,21,21,61.90476190476191,76.19047619047619,80.95238095238095,52.38095238095239,76.19047619047619,13,2,1,0,3,1,2,19,0,-17,9.523809523809524
2026-06-17,XLK,75,21,21,21,21,21,21,57.14285714285714,71.42857142857143,80.95238095238095,52.38095238095239,61.90476190476191,13,2,1,0,2,1,10,11,0,-1,47.61904761904761
2026-06-18,XLK,75,21,21,21,21,21,21,71.42857142857143,76.19047619047619,76.19047619047619,52.38095238095239,61.90476190476191,14,5,0,0,6,1,18,3,0,15,85.71428571428571
2026-06-19,XLK,75,21,21,21,21,21,21,71.42857142857143,76.19047619047619,76.19047619047619,47.61904761904761,57.14285714285714,14,5,0,0,6,1,0,0,21,0,
2026-06-22,XLK,75,21,21,21,21,21,21,61.90476190476191,71.42857142857143,76.19047619047619,52.38095238095239,61.90476190476191,13,4,0,0,8,2,11,10,0,1,52.38095238095239
2026-06-23,XLK,75,21,21,21,21,21,21,52.38095238095239,71.42857142857143,80.95238095238095,61.90476190476191,61.90476190476191,17,0,0,0,0,1,5,16,0,-11,23.809523809523807
2026-06-24,XLK,75,21,21,21,21,21,21,52.38095238095239,71.42857142857143,80.95238095238095,61.90476190476191,61.90476190476191,17,0,0,0,0,1,3,18,0,-15,14.285714285714285
2026-06-25,XLK,75,21,21,21,21,21,21,57.14285714285714,61.90476190476191,76.19047619047619,57.14285714285714,57.14285714285714,14,3,0,0,2,2,12,9,0,3,57.14285714285714
2026-06-26,XLK,75,21,21,21,21,21,21,47.61904761904761,61.90476190476191,80.95238095238095,52.38095238095239,42.85714285714285,13,5,0,0,1,0,7,14,0,-7,33.33333333333333
2026-06-29,XLK,75,21,21,21,21,21,21,57.14285714285714,61.90476190476191,80.95238095238095,61.90476190476191,42.85714285714285,12,5,1,0,4,0,16,5,0,11,76.19047619047619
2026-06-30,XLK,75,21,21,21,21,21,21,57.14285714285714,66.66666666666666,80.95238095238095,57.14285714285714,42.85714285714285,10,6,1,0,6,0,18,3,0,15,85.71428571428571
2026-07-01,XLK,75,21,21,21,21,21,21,61.90476190476191,71.42857142857143,80.95238095238095,57.14285714285714,33.33333333333333,8,5,0,0,2,0,8,13,0,-5,38.095238095238095
2026-07-02,XLK,75,21,21,21,21,21,21,38.095238095238095,71.42857142857143,80.95238095238095,61.90476190476191,28.57142857142857,10,4,0,0,1,0,6,15,0,-9,28.57142857142857
2026-07-03,XLK,75,21,21,21,21,21,21,38.095238095238095,71.42857142857143,80.95238095238095,61.90476190476191,61.90476190476191,12,4,0,0,1,0,0,0,21,0,
2026-07-06,XLK,75,21,21,21,21,21,21,47.61904761904761,76.19047619047619,80.95238095238095,61.90476190476191,61.90476190476191,8,2,1,0,2,0,15,6,0,9,71.42857142857143
2026-07-07,XLK,75,21,21,21,21,21,21,38.095238095238095,52.38095238095239,80.95238095238095,61.90476190476191,57.14285714285714,8,2,0,0,0,0,5,16,0,-11,23.809523809523807
2026-07-08,XLK,75,21,21,21,21,21,21,47.61904761904761,61.90476190476191,80.95238095238095,66.66666666666666,76.19047619047619,7,2,1,0,1,0,13,8,0,5,61.90476190476191
2026-07-09,XLK,75,21,21,21,21,21,21,52.38095238095239,76.19047619047619,80.95238095238095,42.85714285714285,42.85714285714285,8,2,1,0,1,0,17,4,0,13,80.95238095238095
2026-07-10,XLK,75,21,21,21,21,21,21,57.14285714285714,76.19047619047619,80.95238095238095,47.61904761904761,52.38095238095239,6,1,1,0,0,0,10,11,0,-1,47.61904761904761
2026-07-13,XLK,75,21,21,21,21,21,21,52.38095238095239,57.14285714285714,80.95238095238095,66.66666666666666,28.57142857142857,8,0,1,0,1,1,7,14,0,-7,33.33333333333333
2026-07-14,XLK,75,21,21,21,21,21,21,57.14285714285714,66.66666666666666,76.19047619047619,52.38095238095239,47.61904761904761,7,2,2,0,1,1,15,6,0,9,71.42857142857143
2026-07-15,XLK,75,21,21,21,21,21,21,42.85714285714285,57.14285714285714,76.19047619047619,52.38095238095239,47.61904761904761,8,2,1,0,2,1,7,14,0,-7,33.33333333333333
2026-07-16,XLK,75,21,21,21,21,21,21,33.33333333333333,47.61904761904761,76.19047619047619,42.85714285714285,28.57142857142857,8,1,1,0,1,2,5,16,0,-11,23.809523809523807
2026-07-17,XLK,75,21,21,21,21,21,21,28.57142857142857,33.33333333333333,76.19047619047619,47.61904761904761,28.57142857142857,12,0,2,0,2,1,6,15,0,-9,28.57142857142857
2026-07-20,XLK,75,21,21,21,21,21,21,28.57142857142857,38.095238095238095,76.19047619047619,42.85714285714285,28.57142857142857,8,1,1,0,0,1,13,8,0,5,61.90476190476191
2026-07-21,XLK,75,21,21,21,21,21,21,47.61904761904761,47.61904761904761,76.19047619047619,47.61904761904761,47.61904761904761,6,1,2,0,0,0,15,6,0,9,71.42857142857143
2026-07-22,XLK,75,21,21,21,21,21,21,33.33333333333333,47.61904761904761,76.19047619047619,47.61904761904761,47.61904761904761,6,0,2,0,0,0,8,13,0,-5,38.095238095238095
2026-07-23,XLK,75,21,21,21,21,21,21,28.57142857142857,47.61904761904761,76.19047619047619,47.61904761904761,47.61904761904761,7,0,2,0,0,2,8,13,0,-5,38.095238095238095
2026-07-24,XLK,75,21,21,21,21,21,21,14.285714285714285,38.095238095238095,76.19047619047619,57.14285714285714,52.38095238095239,6,0,2,0,0,1,5,16,0,-11,23.809523809523807
2026-07-27,XLK,75,21,21,21,21,21,21,19.047619047619047,38.095238095238095,76.19047619047619,52.38095238095239,33.33333333333333,8,1,1,0,1,0,8,13,0,-5,38.095238095238095
2026-07-28,XLK,75,21,21,21,21,21,21,19.047619047619047,28.57142857142857,76.19047619047619,52.38095238095239,23.809523809523807,10,1,4,0,1,1,9,12,0,-3,42.85714285714285
2026-07-29,XLK,75,21,21,21,21,21,21,14.285714285714285,19.047619047619047,57.14285714285714,47.61904761904761,19.047619047619047,6,2,3,0,1,0,1,20,0,-19,4.761904761904762
2026-07-30,XLK,75,21,21,21,21,21,21,23.809523809523807,38.095238095238095,80.95238095238095,33.33333333333333,33.33333333333333,5,3,3,0,0,0,17,4,0,13,80.95238095238095
2026-07-31,XLK,75,21,21,21,21,21,21,33.33333333333333,33.33333333333333,80.95238095238095,38.095238095238095,33.33333333333333,7,2,3,0,0,0,14,7,0,7,66.66666666666666
2026-08-03,XLK,75,21,21,21,21,21,21,42.85714285714285,38.095238095238095,80.95238095238095,47.61904761904761,33.33333333333333,8,2,4,0,0,0,17,4,0,13,80.95238095238095
2026-08-04,XLK,75,21,21,21,21,21,21,76.19047619047619,57.14285714285714,85.71428571428571,42.85714285714285,52.38095238095239,7,3,3,0,1,0,21,0,0,21,100.0
2026-08-05,XLK,75,21,21,21,21,21,21,61.90476190476191,52.38095238095239,85.71428571428571,47.61904761904761,47.61904761904761,6,3,3,0,3,0,8,13,0,-5,38.095238095238095
2026-08-06,XLK,75,21,21,21,21,21,21,57.14285714285714,47.61904761904761,85.71428571428571,42.85714285714285,42.85714285714285,6,2,3,0,0,0,6,15,0,-9,28.57142857142857
2026-08-07,XLK,75,21,21,21,21,21,21,76.19047619047619,61.90476190476191,85.71428571428571,38.095238095238095,47.61904761904761,6,2,3,0,0,0,17,4,0,13,80.95238095238095
2026-08-10,XLK,75,21,21,21,21,21,21,57.14285714285714,47.61904761904761,90.47619047619048,47.61904761904761,47.61904761904761,4,4,4,0,2,0,10,11,0,-1,47.61904761904761
2026-08-11,XLK,75,21,21,21,21,21,21,61.90476190476191,42.85714285714285,90.47619047619048,52.38095238095239,52.38095238095239,4,3,4,0,1,0,11,10,0,1,52.38095238095239
2026-08-12,XLK,75,21,21,21,21,21,21,80.95238095238095,66.66666666666666,85.71428571428571,57.14285714285714,61.90476190476191,5,4,2,0,1,0,13,8,0,5,61.90476190476191
2026-08-13,XLK,75,21,21,21,21,21,21,76.19047619047619,76.19047619047619,90.47619047619048,66.66666666666666,76.19047619047619,7,4,2,0,1,0,17,4,0,13,80.95238095238095
2026-08-14,XLK,75,21,21,21,21,21,21,76.19047619047619,61.90476190476191,85.71428571428571,47.61904761904761,76.19047619047619,5,4,1,0,1,0,5,16,0,-11,23.809523809523807
2026-08-17,XLK,75,21,21,21,21,21,21,80.95238095238095,66.66666666666666,85.71428571428571,47.61904761904761,90.47619047619048,6,4,1,0,0,0,10,11,0,-1,47.61904761904761
2026-08-18,XLK,75,21,21,21,21,21,21,57.14285714285714,52.38095238095239,85.71428571428571,47.61904761904761,57.14285714285714,4,4,3,0,0,0,4,17,0,-13,19.047619047619047
2026-08-19,XLK,75,21,21,21,21,21,21,47.61904761904761,52.38095238095239,85.71428571428571,47.61904761904761,47.61904761904761,4,4,3,0,0,0,7,14,0,-7,33.33333333333333
2026-08-20,XLK,75,21,21,21,21,21,21,33.33333333333333,47.61904761904761,85.71428571428571,47.61904761904761,47.61904761904761,4,3,4,0,0,0,7,14,0,-7,33.33333333333333
2026-08-21,XLK,75,21,21,21,21,21,21,42.85714285714285,42.85714285714285,90.47619047619048,52.38095238095239,61.90476190476191,6,3,6,0,0,0,12,9,0,3,57.14285714285714
2026-08-24,XLK,75,21,21,21,21,21,21,19.047619047619047,33.33333333333333,85.71428571428571,57.14285714285714,61.90476190476191,5,3,5,0,0,0,2,19,0,-17,9.523809523809524
2026-08-25,XLK,75,21,21,21,21,21,21,38.095238095238095,42.85714285714285,85.71428571428571,52.38095238095239,76.19047619047619,5,4,4,0,0,0,13,8,0,5,61.90476190476191
2026-08-26,XLK,75,21,21,21,21,21,21,42.85714285714285,42.85714285714285,85.71428571428571,52.38095238095239,80.95238095238095,5,4,2,0,0,0,14,7,0,7,66.66666666666666
2026-08-27,XLK,75,21,21,21,21,21,21,61.90476190476191,52.38095238095239,90.47619047619048,52.38095238095239,71.42857142857143,5,6,3,0,1,0,14,7,0,7,66.66666666666666
2026-08-28,XLK,75,21,21,21,21,21,21,52.38095238095239,47.61904761904761,90.47619047619048,57.14285714285714,66.66666666666666,4,4,3,0,0,0,5,16,0,-11,23.809523809523807
2026-08-31,XLK,75,21,21,21,21,21,21,52.38095238095239,52.38095238095239,90.47619047619048,47.61904761904761,66.66666666666666,5,4,2,0,1,0,13,8,0,5,61.90476190476191
2026-09-01,XLK,75,21,21,21,21,21,21,42.85714285714285,47.61904761904761,85.71428571428571,52.38095238095239,38.095238095238095,5,4,1,0,0,0,2,19,0,-17,9.523809523809524
2026-09-02,XLK,75,21,21,21,21,21,21,33.33333333333333,42.85714285714285,85.71428571428571,42.85714285714285,38.095238095238095,4,4,3,0,0,0,8,13,0,-5,38.095238095238095
2026-09-03,XLK,75,21,21,21,21,21,21,52.38095238095239,47.61904761904761,80.95238095238095,47.61904761904761,47.61904761904761,5,3,2,0,1,0,16,5,0,11,76.19047619047619
2026-09-04,XLK,75,21,21,21,21,21,21,71.42857142857143,52.38095238095239,85.71428571428571,52.38095238095239,47.61904761904761,5,4,1,0,0,0,16,5,0,11,76.19047619047619
2026-09-06,XLK,75,21,21,21,21,21,21,71.42857142857143,52.38095238095239,85.71428571428571,52.38095238095239,47.61904761904761,5,4,1,0,0,0,16,5,0,11,76.19047619047619
2026-05-06,XLP,36,20,20,20,20,20,20,75.0,80.0,65.0,70.0,75.0,4,5,2,0,0,0,12,8,0,4,60.0
2026-05-07,XLP,36,20,20,20,20,20,20,70.0,70.0,65.0,55.00000000000001,65.0,4,5,2,0,0,0,9,11,0,-2,45.0
2026-05-08,XLP,36,20,20,20,20,20,20,65.0,65.0,65.0,45.0,75.0,6,2,3,0,2,0,8,12,0,-4,40.0
2026-05-11,XLP,36,20,20,20,20,20,20,40.0,55.00000000000001,60.0,50.0,65.0,6,3,4,0,1,0,8,12,0,-4,40.0
2026-05-12,XLP,36,20,20,20,20,20,20,65.0,55.00000000000001,65.0,55.00000000000001,75.0,4,5,5,0,3,0,16,4,0,12,80.0
2026-05-13,XLP,36,20,20,20,20,20,20,60.0,60.0,65.0,55.00000000000001,70.0,5,4,5,0,2,0,14,6,0,8,70.0
2026-05-14,XLP,36,20,20,20,20,20,20,55.00000000000001,60.0,60.0,55.00000000000001,65.0,7,2,6,0,2,0,10,9,1,1,52.63157894736842
2026-05-15,XLP,36,20,20,20,20,20,20,55.00000000000001,60.0,60.0,55.00000000000001,55.00000000000001,5,5,4,0,1,0,5,15,0,-10,25.0
2026-05-18,XLP,36,20,20,20,20,20,20,65.0,65.0,70.0,55.00000000000001,65.0,3,4,3,0,1,0,19,1,0,18,95.0
2026-05-19,XLP,36,20,20,20,20,20,20,75.0,65.0,75.0,50.0,80.0,5,5,4,0,4,0,11,9,0,2,55.00000000000001
2026-05-20,XLP,36,20,20,20,20,20,20,80.0,70.0,65.0,50.0,80.0,8,2,6,0,0,0,9,11,0,-2,45.0
2026-05-21,XLP,36,20,20,20,20,20,20,70.0,70.0,65.0,50.0,65.0,3,2,7,0,0,0,9,11,0,-2,45.0
2026-05-22,XLP,36,20,20,20,20,20,20,70.0,70.0,75.0,45.0,65.0,5,1,6,0,0,0,16,4,0,12,80.0
2026-05-25,XLP,36,20,20,20,20,20,20,70.0,70.0,75.0,50.0,75.0,6,1,6,0,0,0,0,0,20,0,
2026-05-26,XLP,36,20,20,20,20,20,20,65.0,60.0,60.0,65.0,70.0,9,2,4,0,0,0,3,17,0,-14,15.0
2026-05-27,XLP,36,20,20,20,20,20,20,70.0,65.0,70.0,50.0,80.0,4,5,4,0,1,0,16,4,0,12,80.0
2026-05-28,XLP,36,20,20,20,20,20,20,70.0,70.0,65.0,55.00000000000001,60.0,6,3,4,0,0,0,7,13,0,-6,35.0
2026-05-29,XLP,36,20,20,20,20,20,20,45.0,45.0,55.00000000000001,60.0,45.0,5,5,3,0,0,0,2,18,0,-16,10.0
2026-06-01,XLP,36,20,20,20,20,20,20,20.0,40.0,50.0,55.00000000000001,50.0,3,7,5,0,2,0,5,15,0,-10,25.0
2026-06-02,XLP,36,20,20,20,20,20,20,15.0,30.0,50.0,55.00000000000001,45.0,3,6,5,0,1,0,10,10,0,0,50.0
2026-06-03,XLP,36,20,20,20,20,20,20,25.0,40.0,50.0,45.0,30.0,2,6,5,0,1,0,13,7,0,6,65.0
2026-06-04,XLP,36,20,20,20,20,20,20,15.0,35.0,55.00000000000001,50.0,30.0,6,3,7,0,1,0,7,13,0,-6,35.0
2026-06-05,XLP,36,20,20,20,20,20,20,55.00000000000001,60.0,65.0,65.0,65.0,3,4,6,0,0,0,17,3,0,14,85.0
2026-06-08,XLP,36,20,20,20,20,20,20,50.0,60.0,60.0,60.0,60.0,4,4,9,0,0,0,7,13,0,-6,35.0
2026-06-09,XLP,36,20,20,20,20,20,20,65.0,65.0,70.0,65.0,60.0,6,4,6,0,1,0,16,4,0,12,80.0
2026-06-10,XLP,36,20,20,20,20,20,20,80.0,70.0,75.0,65.0,65.0,3,5,4,0,3,0,20,0,0,20,100.0
2026-06-11,XLP,36,20,20,20,20,20,20,70.0,75.0,75.0,60.0,60.0,5,5,7,0,4,0,7,13,0,-6,35.0
2026-06-12,XLP,36,20,20,20,20,20,20,85.0,75.0,75.0,60.0,65.0,4,5,6,0,2,0,17,3,0,14,85.0
2026-06-15,XLP,36,20,20,20,20,20,20,65.0,75.0,75.0,60.0,55.00000000000001,3,8,3,0,2,0,9,11,0,-2,45.0
2026-06-16,XLP,36,20,20,20,20,20,20,75.0,75.0,80.0,55.00000000000001,55.00000000000001,4,6,3,0,1,0,13,7,0,6,65.0
2026-06-17,XLP,36,20,20,20,20,20,20,40.0,60.0,70.0,65.0,45.0,5,4,5,0,0,0,0,20,0,-20,0.0
2026-06-18,XLP,36,20,20,20,20,20,20,50.0,65.0,70.0,55.00000000000001,45.0,4,7,3,0,0,1,6,14,0,-8,30.0
2026-06-19,XLP,36,20,20,20,20,20,20,50.0,65.0,70.0,50.0,45.0,6,5,2,0,0,1,0,0,20,0,
2026-06-22,XLP,36,20,20,20,20,20,20,40.0,55.00000000000001,65.0,60.0,45.0,5,3,6,0,0,1,5,14,1,-9,26.31578947368421
2026-06-23,XLP,36,20,20,20,20,20,20,55.00000000000001,70.0,75.0,50.0,65.0,7,2,5,0,1,0,18,1,1,17,94.73684210526316
2026-06-24,XLP,36,20,20,20,20,20,20,65.0,65.0,80.0,55.00000000000001,60.0,5,6,5,0,2,0,17,3,0,14,85.0
2026-06-25,XLP,36,20,20,20,20,20,20,60.0,65.0,70.0,60.0,60.0,5,5,5,0,3,0,8,12,0,-4,40.0
2026-06-26,XLP,36,20,20,20,20,20,20,60.0,70.0,75.0,50.0,65.0,3,9,4,0,2,0,16,4,0,12,80.0
2026-06-29,XLP,36,20,20,20,20,20,20,65.0,65.0,70.0,65.0,70.0,3,8,5,0,2,0,11,9,0,2,55.00000000000001
2026-06-30,XLP,36,20,20,20,20,20,20,50.0,55.00000000000001,60.0,65.0,70.0,5,6,5,0,0,1,3,17,0,-14,15.0
2026-07-01,XLP,36,20,20,20,20,20,20,45.0,60.0,65.0,55.00000000000001,70.0,6,6,6,0,1,1,13,7,0,6,65.0
2026-07-02,XLP,36,20,20,20,20,20,20,70.0,70.0,75.0,65.0,75.0,6,7,7,0,2,0,18,2,0,16,90.0
2026-07-03,XLP,36,20,20,20,20,20,20,70.0,70.0,75.0,60.0,70.0,4,9,7,0,2,0,0,0,20,0,
2026-07-06,XLP,36,20,20,20,20,20,20,60.0,65.0,70.0,60.0,75.0,6,7,7,0,1,0,4,16,0,-12,20.0
2026-07-07,XLP,36,20,20,20,20,20,20,60.0,65.0,70.0,55.00000000000001,75.0,6,6,7,0,2,0,14,6,0,8,70.0
2026-07-08,XLP,36,20,20,20,20,20,20,65.0,70.0,70.0,55.00000000000001,50.0,6,5,5,0,0,0,6,14,0,-8,30.0
2026-07-09,XLP,36,20,20,20,20,20,20,50.0,65.0,60.0,65.0,50.0,5,5,6,0,0,0,3,17,0,-14,15.0
2026-07-10,XLP,36,20,20,20,20,20,20,70.0,65.0,65.0,60.0,50.0,8,2,6,0,0,0,18,2,0,16,90.0
2026-07-13,XLP,36,20,20,20,20,20,20,65.0,70.0,75.0,55.00000000000001,50.0,6,3,6,0,0,0,12,8,0,4,60.0
2026-07-14,XLP,36,20,20,20,20,20,20,35.0,50.0,65.0,50.0,45.0,6,2,7,0,0,0,2,18,0,-16,10.0
2026-07-15,XLP,36,20,20,20,20,20,20,30.0,60.0,65.0,55.00000000000001,55.00000000000001,6,2,6,0,0,0,8,12,0,-4,40.0
2026-07-16,XLP,36,20,20,20,20,20,20,85.0,75.0,75.0,55.00000000000001,80.0,6,4,6,0,1,0,20,0,0,20,100.0
2026-07-17,XLP,36,20,20,20,20,20,20,55.00000000000001,75.0,75.0,55.00000000000001,75.0,7,4,6,0,5,0,5,15,0,-10,25.0
2026-07-20,XLP,36,20,20,20,20,20,20,55.00000000000001,70.0,75.0,55.00000000000001,80.0,6,2,6,0,2,0,6,14,0,-8,30.0
2026-07-21,XLP,36,20,20,20,20,20,20,35.0,65.0,70.0,60.0,60.0,2,2,6,0,1,0,2,18,0,-16,10.0
2026-07-22,XLP,36,20,20,20,20,20,20,55.00000000000001,70.0,75.0,55.00000000000001,55.00000000000001,2,2,5,0,2,0,12,8,0,4,60.0
2026-07-23,XLP,36,20,20,20,20,20,20,20.0,55.00000000000001,65.0,40.0,25.0,4,1,4,0,1,0,1,19,0,-18,5.0
2026-07-24,XLP,36,20,20,20,20,20,20,45.0,70.0,70.0,45.0,35.0,4,1,5,0,0,0,17,3,0,14,85.0
2026-07-27,XLP,36,20,20,20,20,20,20,80.0,75.0,75.0,55.00000000000001,75.0,4,1,4,0,0,0,17,3,0,14,85.0
2026-07-28,XLP,36,20,20,20,20,20,20,100.0,90.0,80.0,45.0,90.0,13,1,4,0,4,0,19,1,0,18,95.0
2026-07-29,XLP,36,20,20,20,20,20,20,90.0,85.0,75.0,50.0,85.0,11,1,4,0,3,0,16,4,0,12,80.0
2026-07-30,XLP,36,20,20,20,20,20,20,70.0,65.0,70.0,35.0,45.0,12,0,4,0,0,0,4,16,0,-12,20.0
2026-07-31,XLP,36,20,20,20,20,20,20,60.0,60.0,70.0,45.0,45.0,10,0,4,0,0,0,5,15,0,-10,25.0
2026-08-03,XLP,36,20,20,20,20,20,20,45.0,55.00000000000001,70.0,30.0,55.00000000000001,10,1,4,0,1,0,7,13,0,-6,35.0
2026-08-04,XLP,36,20,20,20,20,20,20,60.0,65.0,75.0,35.0,45.0,9,0,4,0,0,0,10,10,0,0,50.0
2026-08-05,XLP,36,20,20,20,20,20,20,55.00000000000001,70.0,70.0,45.0,55.00000000000001,7,0,5,0,0,0,12,8,0,4,60.0
2026-08-06,XLP,36,20,20,20,20,20,20,45.0,65.0,70.0,45.0,60.0,6,0,4,0,0,0,8,12,0,-4,40.0
2026-08-07,XLP,36,20,20,20,20,20,20,45.0,55.00000000000001,70.0,50.0,55.00000000000001,5,0,5,0,0,0,9,11,0,-2,45.0
2026-08-10,XLP,36,20,20,20,20,20,20,45.0,60.0,60.0,40.0,40.0,4,0,5,0,1,0,8,12,0,-4,40.0
2026-08-11,XLP,36,20,20,20,20,20,20,40.0,50.0,60.0,55.00000000000001,60.0,4,0,5,0,1,0,8,12,0,-4,40.0
2026-08-12,XLP,36,20,20,20,20,20,20,40.0,60.0,70.0,60.0,65.0,4,1,4,0,1,0,14,6,0,8,70.0
2026-08-13,XLP,36,20,20,20,20,20,20,65.0,80.0,80.0,55.00000000000001,55.00000000000001,4,1,4,0,1,0,18,2,0,16,90.0
2026-08-14,XLP,36,20,20,20,20,20,20,70.0,80.0,70.0,50.0,55.00000000000001,4,2,3,0,0,0,10,9,1,1,52.63157894736842
2026-08-17,XLP,36,20,20,20,20,20,20,40.0,40.0,65.0,50.0,45.0,3,2,3,0,0,0,2,18,0,-16,10.0
2026-08-18,XLP,36,20,20,20,20,20,20,55.00000000000001,80.0,70.0,40.0,55.00000000000001,6,2,2,0,0,0,18,2,0,16,90.0
2026-08-19,XLP,36,20,20,20,20,20,20,65.0,75.0,75.0,40.0,60.0,6,3,2,0,1,0,14,6,0,8,70.0
2026-08-20,XLP,36,20,20,20,20,20,20,45.0,65.0,75.0,35.0,70.0,5,4,4,0,1,0,8,12,0,-4,40.0
2026-08-21,XLP,36,20,20,20,20,20,20,65.0,70.0,75.0,45.0,60.0,5,3,3,0,1,0,16,4,0,12,80.0
2026-08-24,XLP,36,20,20,20,20,20,20,90.0,85.0,80.0,40.0,65.0,5,3,3,0,2,0,18,2,0,16,90.0
2026-08-25,XLP,36,20,20,20,20,20,20,75.0,75.0,75.0,40.0,25.0,5,4,6,0,0,0,2,18,0,-16,10.0
2026-08-26,XLP,36,20,20,20,20,20,20,80.0,85.0,75.0,35.0,25.0,7,4,3,0,0,0,9,11,0,-2,45.0
2026-08-27,XLP,36,20,20,20,20,20,20,40.0,50.0,70.0,40.0,25.0,8,3,4,0,0,0,2,18,0,-16,10.0
2026-08-28,XLP,36,20,20,20,20,20,20,45.0,50.0,70.0,45.0,60.0,8,3,3,0,0,0,11,9,0,2,55.00000000000001
2026-08-31,XLP,36,20,20,20,20,20,20,40.0,40.0,70.0,45.0,50.0,6,6,1,0,0,0,3,17,0,-14,15.0
2026-09-01,XLP,36,20,20,20,20,20,20,35.0,40.0,70.0,45.0,45.0,4,7,2,0,0,0,10,10,0,0,50.0
2026-09-02,XLP,36,20,20,20,20,20,20,40.0,60.0,75.0,45.0,45.0,6,6,0,0,0,0,13,7,0,6,65.0
2026-09-03,XLP,36,20,20,20,20,20,20,45.0,45.0,75.0,40.0,40.0,10,5,2,0,0,0,7,13,0,-6,35.0
2026-09-04,XLP,36,20,20,20,20,20,20,35.0,35.0,70.0,45.0,45.0,9,5,2,0,0,0,4,16,0,-12,20.0
2026-09-06,XLP,36,20,20,20,20,20,20,35.0,35.0,70.0,45.0,45.0,9,5,2,0,0,0,4,16,0,-12,20.0
2026-05-06,XLRE,32,20,20,20,20,20,20,95.0,95.0,80.0,50.0,90.0,7,7,4,0,1,0,18,2,0,16,90.0
2026-05-07,XLRE,32,20,20,20,20,20,20,80.0,90.0,85.0,30.0,90.0,8,6,4,0,0,0,7,13,0,-6,35.0
2026-05-08,XLRE,32,20,20,20,20,20,20,75.0,85.0,85.0,40.0,80.0,7,6,4,0,0,0,11,9,0,2,55.00000000000001
2026-05-11,XLRE,32,20,20,20,20,20,20,80.0,85.0,85.0,45.0,80.0,6,6,3,0,1,0,14,6,0,8,70.0
2026-05-12,XLRE,32,20,20,20,20,20,20,75.0,85.0,80.0,40.0,70.0,5,7,3,0,1,0,9,11,0,-2,45.0
2026-05-13,XLRE,32,20,20,20,20,20,20,55.00000000000001,70.0,80.0,40.0,60.0,7,5,4,0,2,0,3,16,1,-13,15.789473684210526
2026-05-14,XLRE,32,20,20,20,20,20,20,50.0,70.0,75.0,60.0,60.0,5,5,5,0,1,0,8,12,0,-4,40.0
2026-05-15,XLRE,32,20,20,20,20,20,20,20.0,45.0,65.0,40.0,30.0,6,6,3,0,1,0,2,18,0,-16,10.0
2026-05-18,XLRE,32,20,20,20,20,20,20,50.0,60.0,80.0,45.0,35.0,6,4,3,0,0,0,17,3,0,14,85.0
2026-05-19,XLRE,32,20,20,20,20,20,20,45.0,75.0,85.0,45.0,45.0,7,5,3,0,0,0,13,7,0,6,65.0
2026-05-20,XLRE,32,20,20,20,20,20,20,75.0,85.0,85.0,45.0,65.0,7,3,3,0,0,0,20,0,0,20,100.0
2026-05-21,XLRE,32,20,20,20,20,20,20,80.0,85.0,85.0,45.0,65.0,6,5,4,0,0,0,10,10,0,0,50.0
2026-05-22,XLRE,32,20,20,20,20,20,20,80.0,85.0,85.0,50.0,65.0,7,4,5,0,1,0,12,8,0,4,60.0
2026-05-25,XLRE,32,20,20,20,20,20,20,80.0,85.0,85.0,50.0,65.0,7,4,4,0,1,0,0,0,20,0,
2026-05-26,XLRE,32,20,20,20,20,20,20,90.0,80.0,85.0,55.00000000000001,70.0,5,7,3,0,2,0,14,6,0,8,70.0
2026-05-27,XLRE,32,20,20,20,20,20,20,75.0,85.0,90.0,50.0,75.0,7,6,3,0,3,0,9,11,0,-2,45.0
2026-05-28,XLRE,32,20,20,20,20,20,20,65.0,70.0,90.0,60.0,60.0,8,6,2,0,0,1,6,13,1,-7,31.57894736842105
2026-05-29,XLRE,32,20,20,20,20,20,20,55.00000000000001,70.0,90.0,60.0,60.0,2,11,1,0,0,1,3,17,0,-14,15.0
2026-06-01,XLRE,32,20,20,20,20,20,20,30.0,45.0,80.0,65.0,55.00000000000001,3,8,3,0,0,1,4,16,0,-12,20.0
2026-06-02,XLRE,32,20,20,20,20,20,20,40.0,60.0,80.0,60.0,50.0,5,7,3,0,0,0,13,7,0,6,65.0
2026-06-03,XLRE,32,20,20,20,20,20,20,40.0,65.0,70.0,60.0,20.0,4,8,2,0,0,0,11,9,0,2,55.00000000000001
2026-06-04,XLRE,32,20,20,20,20,20,20,70.0,70.0,90.0,60.0,60.0,6,7,2,0,1,0,19,1,0,18,95.0
2026-06-05,XLRE,32,20,20,20,20,20,20,65.0,70.0,90.0,50.0,55.00000000000001,8,7,2,0,3,0,14,6,0,8,70.0
2026-06-08,XLRE,32,20,20,20,20,20,20,55.00000000000001,65.0,85.0,55.00000000000001,45.0,9,5,2,0,2,0,3,17,0,-14,15.0
2026-06-09,XLRE,32,20,20,20,20,20,20,80.0,70.0,90.0,55.00000000000001,55.00000000000001,8,8,3,0,4,0,19,1,0,18,95.0
2026-06-10,XLRE,32,20,20,20,20,20,20,85.0,80.0,85.0,55.00000000000001,70.0,7,8,3,0,3,0,11,9,0,2,55.00000000000001
2026-06-11,XLRE,32,20,20,20,20,20,20,70.0,70.0,90.0,55.00000000000001,70.0,6,9,3,0,3,0,9,11,0,-2,45.0
2026-06-12,XLRE,32,20,20,20,20,20,20,90.0,85.0,90.0,55.00000000000001,90.0,4,11,3,0,3,0,19,1,0,18,95.0
2026-06-15,XLRE,32,20,20,20,20,20,20,65.0,75.0,85.0,45.0,75.0,7,10,3,0,1,0,3,17,0,-14,15.0
2026-06-16,XLRE,32,20,20,20,20,20,20,65.0,75.0,80.0,55.00000000000001,75.0,9,8,3,0,0,0,10,10,0,0,50.0
2026-06-17,XLRE,32,20,20,20,20,20,20,35.0,50.0,75.0,50.0,35.0,7,7,3,0,0,0,0,20,0,-20,0.0
2026-06-18,XLRE,32,20,20,20,20,20,20,35.0,50.0,75.0,45.0,40.0,7,8,3,0,0,0,8,12,0,-4,40.0
2026-06-19,XLRE,32,20,20,20,20,20,20,35.0,50.0,75.0,50.0,40.0,5,8,3,0,0,0,0,0,20,0,
2026-06-22,XLRE,32,20,20,20,20,20,20,50.0,60.0,70.0,45.0,40.0,6,6,3,0,0,1,17,3,0,14,85.0
2026-06-23,XLRE,32,20,20,20,20,20,20,75.0,70.0,75.0,50.0,50.0,8,3,4,0,2,0,18,2,0,16,90.0
2026-06-24,XLRE,32,20,20,20,20,20,20,75.0,70.0,75.0,60.0,65.0,7,6,3,0,3,0,11,9,0,2,55.00000000000001
2026-06-25,XLRE,32,20,20,20,20,20,20,75.0,70.0,75.0,65.0,75.0,9,4,4,0,2,0,13,7,0,6,65.0
2026-06-26,XLRE,32,20,20,20,20,20,20,80.0,75.0,75.0,60.0,75.0,6,7,2,0,3,0,18,2,0,16,90.0
2026-06-29,XLRE,32,20,20,20,20,20,20,80.0,75.0,75.0,60.0,80.0,5,6,5,0,2,0,7,13,0,-6,35.0
2026-06-30,XLRE,32,20,20,20,20,20,20,50.0,55.00000000000001,70.0,55.00000000000001,55.00000000000001,5,7,2,0,3,0,1,19,0,-18,5.0
2026-07-01,XLRE,32,20,20,20,20,20,20,55.00000000000001,55.00000000000001,65.0,55.00000000000001,55.00000000000001,6,5,3,0,3,1,12,8,0,4,60.0
2026-07-02,XLRE,32,20,20,20,20,20,20,60.0,55.00000000000001,65.0,60.0,60.0,9,4,1,0,4,0,16,4,0,12,80.0
2026-07-03,XLRE,32,20,20,20,20,20,20,60.0,55.00000000000001,65.0,55.00000000000001,55.00000000000001,11,3,1,0,4,0,0,0,20,0,
2026-07-06,XLRE,32,20,20,20,20,20,20,50.0,55.00000000000001,65.0,55.00000000000001,55.00000000000001,5,4,5,0,4,2,3,17,0,-14,15.0
2026-07-07,XLRE,32,20,20,20,20,20,20,60.0,60.0,70.0,50.0,55.00000000000001,7,5,4,0,6,0,18,2,0,16,90.0
2026-07-08,XLRE,32,20,20,20,20,20,20,35.0,55.00000000000001,65.0,45.0,40.0,10,2,4,0,0,1,1,19,0,-18,5.0
2026-07-09,XLRE,32,20,20,20,20,20,20,35.0,55.00000000000001,70.0,40.0,40.0,7,2,4,0,0,1,8,12,0,-4,40.0
2026-07-10,XLRE,32,20,20,20,20,20,20,40.0,55.00000000000001,70.0,50.0,35.0,7,2,4,0,0,0,14,6,0,8,70.0
2026-07-13,XLRE,32,20,20,20,20,20,20,55.00000000000001,65.0,70.0,45.0,45.0,4,4,5,0,0,0,15,5,0,10,75.0
2026-07-14,XLRE,32,20,20,20,20,20,20,60.0,60.0,65.0,45.0,40.0,3,5,5,0,0,0,11,9,0,2,55.00000000000001
2026-07-15,XLRE,32,20,20,20,20,20,20,65.0,65.0,65.0,45.0,60.0,2,6,4,0,1,0,8,12,0,-4,40.0
2026-07-16,XLRE,32,20,20,20,20,20,20,70.0,70.0,75.0,50.0,70.0,2,6,4,0,3,0,15,5,0,10,75.0
2026-07-17,XLRE,32,20,20,20,20,20,20,70.0,70.0,70.0,50.0,65.0,5,3,3,0,7,0,11,9,0,2,55.00000000000001
2026-07-20,XLRE,32,20,20,20,20,20,20,70.0,65.0,65.0,50.0,60.0,3,5,6,0,0,0,5,15,0,-10,25.0
2026-07-21,XLRE,32,20,20,20,20,20,20,45.0,60.0,70.0,50.0,50.0,6,3,7,0,2,0,8,12,0,-4,40.0
2026-07-22,XLRE,32,20,20,20,20,20,20,40.0,55.00000000000001,70.0,45.0,50.0,5,5,8,0,1,0,8,10,2,-2,44.44444444444444
2026-07-23,XLRE,32,20,20,20,20,20,20,45.0,60.0,70.0,35.0,40.0,5,5,6,0,2,0,9,11,0,-2,45.0
2026-07-24,XLRE,32,20,20,20,20,20,20,75.0,75.0,70.0,25.0,50.0,5,6,6,0,3,0,18,2,0,16,90.0
2026-07-27,XLRE,32,20,20,20,20,20,20,70.0,75.0,75.0,35.0,45.0,9,3,5,0,3,1,7,13,0,-6,35.0
2026-07-28,XLRE,32,20,20,20,20,20,20,80.0,80.0,80.0,45.0,80.0,3,9,5,0,6,0,13,7,0,6,65.0
2026-07-29,XLRE,32,20,20,20,20,20,20,90.0,80.0,85.0,40.0,85.0,4,8,4,0,3,0,9,11,0,-2,45.0
2026-07-30,XLRE,32,20,20,20,20,20,20,45.0,75.0,75.0,35.0,45.0,11,1,5,0,0,0,5,15,0,-10,25.0
2026-07-31,XLRE,32,20,20,20,20,20,20,35.0,65.0,80.0,45.0,55.00000000000001,11,1,5,0,0,0,6,14,0,-8,30.0
2026-08-03,XLRE,32,20,20,20,20,20,20,45.0,80.0,80.0,45.0,75.0,7,1,6,0,0,0,12,8,0,4,60.0
2026-08-04,XLRE,32,20,20,20,20,20,20,55.00000000000001,75.0,80.0,45.0,50.0,5,2,6,0,0,0,13,6,1,7,68.42105263157895
2026-08-05,XLRE,32,20,20,20,20,20,20,45.0,65.0,80.0,40.0,65.0,5,3,6,0,0,1,13,7,0,6,65.0
2026-08-06,XLRE,32,20,20,20,20,20,20,45.0,50.0,80.0,55.00000000000001,70.0,6,1,7,0,1,0,4,16,0,-12,20.0
2026-08-07,XLRE,32,20,20,20,20,20,20,50.0,50.0,80.0,55.00000000000001,55.00000000000001,4,1,10,0,0,0,16,2,2,14,88.88888888888889
2026-08-10,XLRE,32,20,20,20,20,20,20,20.0,50.0,80.0,55.00000000000001,40.0,4,1,8,0,0,0,2,18,0,-16,10.0
2026-08-11,XLRE,32,20,20,20,20,20,20,25.0,30.0,80.0,45.0,35.0,4,0,9,0,0,0,6,13,1,-7,31.57894736842105
2026-08-12,XLRE,32,20,20,20,20,20,20,30.0,50.0,80.0,45.0,40.0,5,0,8,0,0,0,14,6,0,8,70.0
2026-08-13,XLRE,32,20,20,20,20,20,20,50.0,65.0,80.0,50.0,40.0,5,2,6,0,0,0,20,0,0,20,100.0
2026-08-14,XLRE,32,20,20,20,20,20,20,50.0,60.0,80.0,50.0,40.0,6,2,5,0,0,0,11,8,1,3,57.89473684210527
2026-08-17,XLRE,32,20,20,20,20,20,20,30.0,50.0,70.0,45.0,40.0,8,0,4,0,0,1,2,18,0,-16,10.0
2026-08-18,XLRE,32,20,20,20,20,20,20,30.0,50.0,70.0,50.0,40.0,8,0,6,0,0,0,7,13,0,-6,35.0
2026-08-19,XLRE,32,20,20,20,20,20,20,55.00000000000001,65.0,80.0,45.0,45.0,8,1,7,0,0,0,17,3,0,14,85.0
2026-08-20,XLRE,32,20,20,20,20,20,20,55.00000000000001,60.0,80.0,55.00000000000001,55.00000000000001,3,3,7,0,0,0,12,7,1,5,63.1578947368421
2026-08-21,XLRE,32,20,20,20,20,20,20,55.00000000000001,60.0,80.0,60.0,35.0,5,2,5,0,0,0,9,11,0,-2,45.0
2026-08-24,XLRE,32,20,20,20,20,20,20,65.0,75.0,85.0,55.00000000000001,55.00000000000001,5,3,2,0,0,0,14,6,0,8,70.0
2026-08-25,XLRE,32,20,20,20,20,20,20,60.0,65.0,85.0,55.00000000000001,30.0,6,3,3,0,0,0,7,13,0,-6,35.0
2026-08-26,XLRE,32,20,20,20,20,20,20,50.0,55.00000000000001,75.0,40.0,30.0,7,3,1,0,0,0,4,16,0,-12,20.0
2026-08-27,XLRE,32,20,20,20,20,20,20,30.0,35.0,75.0,40.0,25.0,4,6,3,0,0,1,2,18,0,-16,10.0
2026-08-28,XLRE,32,20,20,20,20,20,20,25.0,25.0,75.0,35.0,25.0,6,6,3,0,0,0,11,9,0,2,55.00000000000001
2026-08-31,XLRE,32,20,20,20,20,20,20,15.0,20.0,70.0,40.0,25.0,4,10,0,0,0,1,2,17,1,-15,10.526315789473683
2026-09-01,XLRE,32,20,20,20,20,20,20,20.0,20.0,70.0,40.0,25.0,5,8,1,0,0,1,7,13,0,-6,35.0
2026-09-02,XLRE,32,20,20,20,20,20,20,10.0,15.0,55.00000000000001,50.0,20.0,7,8,0,0,0,1,3,17,0,-14,15.0
2026-09-03,XLRE,32,20,20,20,20,20,20,25.0,25.0,70.0,45.0,25.0,6,6,2,0,0,1,17,3,0,14,85.0
2026-09-04,XLRE,32,20,20,20,20,20,20,15.0,20.0,60.0,40.0,20.0,7,5,2,0,0,0,4,16,0,-12,20.0
2026-09-06,XLRE,32,20,20,20,20,20,20,15.0,20.0,60.0,40.0,20.0,7,5,2,0,0,0,4,16,0,-12,20.0
2026-05-06,XLU,33,20,20,20,20,20,20,15.0,30.0,75.0,30.0,15.0,9,6,1,0,0,0,1,19,0,-18,5.0
2026-05-07,XLU,33,20,20,20,20,20,20,5.0,20.0,75.0,35.0,10.0,7,8,0,0,0,0,1,19,0,-18,5.0
2026-05-08,XLU,33,20,20,20,20,20,20,0.0,15.0,70.0,40.0,5.0,11,2,1,0,0,0,3,17,0,-14,15.0
2026-05-11,XLU,33,20,20,20,20,20,20,20.0,25.0,70.0,40.0,15.0,13,0,1,0,0,0,18,2,0,16,90.0
2026-05-12,XLU,33,20,20,20,20,20,20,20.0,25.0,75.0,45.0,10.0,10,2,1,0,0,0,12,8,0,4,60.0
2026-05-13,XLU,33,20,20,20,20,20,20,15.0,20.0,75.0,50.0,15.0,11,0,2,0,0,0,3,17,0,-14,15.0
2026-05-14,XLU,33,20,20,20,20,20,20,20.0,25.0,75.0,55.00000000000001,10.0,9,0,2,0,0,0,18,2,0,16,90.0
2026-05-15,XLU,33,20,20,20,20,20,20,0.0,5.0,60.0,50.0,5.0,9,2,3,0,0,1,0,20,0,-20,0.0
2026-05-18,XLU,33,20,20,20,20,20,20,10.0,10.0,70.0,60.0,10.0,6,1,4,0,1,1,14,6,0,8,70.0
2026-05-19,XLU,33,20,20,20,20,20,20,20.0,20.0,70.0,55.00000000000001,25.0,6,0,5,0,0,1,16,4,0,12,80.0
2026-05-20,XLU,33,20,20,20,20,20,20,15.0,25.0,70.0,45.0,25.0,4,2,5,0,0,0,7,13,0,-6,35.0
2026-05-21,XLU,33,20,20,20,20,20,20,55.00000000000001,30.0,75.0,60.0,15.0,7,1,3,0,0,0,20,0,0,20,100.0
2026-05-22,XLU,33,20,20,20,20,20,20,80.0,65.0,75.0,75.0,30.0,9,0,4,0,0,0,18,2,0,16,90.0
2026-05-25,XLU,33,20,20,20,20,20,20,80.0,65.0,75.0,70.0,35.0,7,0,3,0,0,0,0,0,20,0,
2026-05-26,XLU,33,20,20,20,20,20,20,70.0,60.0,80.0,70.0,30.0,8,0,3,0,0,0,5,15,0,-10,25.0
2026-05-27,XLU,33,20,20,20,20,20,20,65.0,45.0,75.0,55.00000000000001,40.0,5,0,5,0,0,0,9,10,1,-1,47.368421052631575
2026-05-28,XLU,33,20,20,20,20,20,20,20.0,15.0,75.0,65.0,15.0,6,3,1,0,0,0,2,18,0,-16,10.0
2026-05-29,XLU,33,20,20,20,20,20,20,15.0,10.0,65.0,60.0,15.0,7,4,1,0,0,0,6,14,0,-8,30.0
2026-06-01,XLU,33,20,20,20,20,20,20,5.0,5.0,30.0,70.0,10.0,6,2,3,0,0,0,0,20,0,-20,0.0
2026-06-02,XLU,33,20,20,20,20,20,20,20.0,15.0,55.00000000000001,75.0,15.0,7,1,4,0,0,0,20,0,0,20,100.0
2026-06-03,XLU,33,20,20,20,20,20,20,15.0,15.0,50.0,80.0,20.0,7,1,4,0,0,0,4,16,0,-12,20.0
2026-06-04,XLU,33,20,20,20,20,20,20,15.0,15.0,60.0,80.0,30.0,4,1,6,0,0,0,14,6,0,8,70.0
2026-06-05,XLU,33,20,20,20,20,20,20,75.0,35.0,75.0,85.0,65.0,6,1,6,0,0,0,18,2,0,16,90.0
2026-06-08,XLU,33,20,20,20,20,20,20,10.0,10.0,55.00000000000001,70.0,30.0,2,0,11,0,0,0,0,20,0,-20,0.0
2026-06-09,XLU,33,20,20,20,20,20,20,65.0,20.0,70.0,70.0,35.0,3,0,8,0,0,0,18,2,0,16,90.0
2026-06-10,XLU,33,20,20,20,20,20,20,75.0,50.0,75.0,70.0,60.0,2,0,9,0,0,1,17,2,1,15,89.47368421052632
2026-06-11,XLU,33,20,20,20,20,20,20,60.0,35.0,70.0,75.0,45.0,2,1,11,0,0,0,7,13,0,-6,35.0
2026-06-12,XLU,33,20,20,20,20,20,20,80.0,65.0,80.0,85.0,85.0,6,1,5,0,0,0,20,0,0,20,100.0
2026-06-15,XLU,33,20,20,20,20,20,20,80.0,75.0,80.0,60.0,90.0,5,2,3,0,1,0,12,8,0,4,60.0
2026-06-16,XLU,33,20,20,20,20,20,20,90.0,80.0,80.0,55.00000000000001,85.0,2,2,5,0,1,0,17,3,0,14,85.0
2026-06-17,XLU,33,20,20,20,20,20,20,45.0,35.0,70.0,60.0,55.00000000000001,2,2,7,0,0,0,2,18,0,-16,10.0
2026-06-18,XLU,33,20,20,20,20,20,20,55.00000000000001,40.0,80.0,50.0,45.0,2,2,7,0,1,0,14,6,0,8,70.0
2026-06-19,XLU,33,20,20,20,20,20,20,55.00000000000001,40.0,80.0,50.0,30.0,2,2,7,0,1,0,0,0,20,0,
2026-06-22,XLU,33,20,20,20,20,20,20,80.0,60.0,85.0,55.00000000000001,35.0,1,2,9,0,0,0,15,5,0,10,75.0
2026-06-23,XLU,33,20,20,20,20,20,20,95.0,80.0,85.0,80.0,80.0,3,1,9,0,0,0,18,2,0,16,90.0
2026-06-24,XLU,33,20,20,20,20,20,20,95.0,85.0,90.0,75.0,90.0,2,2,9,0,1,0,19,1,0,18,95.0
2026-06-25,XLU,33,20,20,20,20,20,20,95.0,85.0,90.0,80.0,95.0,2,2,6,0,3,0,18,2,0,16,90.0
2026-06-26,XLU,33,20,20,20,20,20,20,95.0,95.0,95.0,65.0,95.0,7,2,3,0,4,0,17,3,0,14,85.0
2026-06-29,XLU,33,20,20,20,20,20,20,95.0,95.0,95.0,60.0,95.0,4,2,4,0,3,0,3,17,0,-14,15.0
2026-06-30,XLU,33,20,20,20,20,20,20,95.0,85.0,90.0,65.0,95.0,5,1,3,0,0,0,0,20,0,-20,0.0
2026-07-01,XLU,33,20,20,20,20,20,20,65.0,70.0,90.0,70.0,85.0,5,1,2,0,0,1,3,17,0,-14,15.0
2026-07-02,XLU,33,20,20,20,20,20,20,90.0,90.0,90.0,75.0,90.0,5,2,2,0,0,0,19,1,0,18,95.0
2026-07-03,XLU,33,20,20,20,20,20,20,90.0,90.0,90.0,65.0,90.0,6,1,2,0,0,0,0,0,20,0,
2026-07-06,XLU,33,20,20,20,20,20,20,90.0,85.0,90.0,70.0,95.0,4,1,5,0,0,0,2,18,0,-16,10.0
2026-07-07,XLU,33,20,20,20,20,20,20,90.0,90.0,90.0,65.0,95.0,6,1,6,0,6,0,18,2,0,16,90.0
2026-07-08,XLU,33,20,20,20,20,20,20,85.0,85.0,90.0,50.0,100.0,3,1,9,0,0,0,3,17,0,-14,15.0
2026-07-09,XLU,33,20,20,20,20,20,20,35.0,75.0,90.0,55.00000000000001,100.0,1,2,10,0,0,0,3,17,0,-14,15.0
2026-07-10,XLU,33,20,20,20,20,20,20,80.0,85.0,90.0,55.00000000000001,95.0,1,2,10,0,0,0,18,2,0,16,90.0
2026-07-13,XLU,33,20,20,20,20,20,20,100.0,95.0,90.0,55.00000000000001,95.0,3,2,10,0,2,0,18,2,0,16,90.0
2026-07-14,XLU,33,20,20,20,20,20,20,85.0,95.0,90.0,55.00000000000001,90.0,2,2,9,0,2,0,8,12,0,-4,40.0
2026-07-15,XLU,33,20,20,20,20,20,20,35.0,45.0,80.0,50.0,95.0,3,2,10,0,0,0,4,16,0,-12,20.0
2026-07-16,XLU,33,20,20,20,20,20,20,70.0,85.0,85.0,65.0,85.0,3,3,5,0,2,0,17,3,0,14,85.0
2026-07-17,XLU,33,20,20,20,20,20,20,35.0,55.00000000000001,85.0,65.0,85.0,4,2,7,0,2,0,3,17,0,-14,15.0
2026-07-20,XLU,33,20,20,20,20,20,20,35.0,40.0,85.0,55.00000000000001,60.0,2,2,11,0,0,0,4,16,0,-12,20.0
2026-07-21,XLU,33,20,20,20,20,20,20,25.0,35.0,90.0,45.0,40.0,3,2,10,0,0,0,7,13,0,-6,35.0
2026-07-22,XLU,33,20,20,20,20,20,20,80.0,90.0,90.0,55.00000000000001,65.0,1,3,10,0,1,0,20,0,0,20,100.0
2026-07-23,XLU,33,20,20,20,20,20,20,90.0,95.0,90.0,50.0,70.0,2,2,9,0,0,0,16,4,0,12,80.0
2026-07-24,XLU,33,20,20,20,20,20,20,95.0,95.0,90.0,50.0,60.0,2,2,5,0,0,0,15,5,0,10,75.0
2026-07-27,XLU,33,20,20,20,20,20,20,60.0,75.0,85.0,55.00000000000001,40.0,3,2,7,0,0,0,0,20,0,-20,0.0
2026-07-28,XLU,33,20,20,20,20,20,20,60.0,65.0,85.0,55.00000000000001,60.0,4,2,6,0,1,0,11,9,0,2,55.00000000000001
2026-07-29,XLU,33,20,20,20,20,20,20,45.0,50.0,80.0,55.00000000000001,55.00000000000001,3,1,8,0,0,0,2,18,0,-16,10.0
2026-07-30,XLU,33,20,20,20,20,20,20,20.0,20.0,75.0,40.0,15.0,7,0,4,0,0,0,6,14,0,-8,30.0
2026-07-31,XLU,33,20,20,20,20,20,20,10.0,15.0,70.0,40.0,10.0,6,1,3,0,0,0,5,15,0,-10,25.0
2026-08-03,XLU,33,20,20,20,20,20,20,10.0,15.0,70.0,40.0,10.0,5,0,5,0,0,0,6,14,0,-8,30.0
2026-08-04,XLU,33,20,20,20,20,20,20,10.0,20.0,70.0,35.0,10.0,6,1,2,0,0,1,10,9,1,1,52.63157894736842
2026-08-05,XLU,33,20,20,20,20,20,20,10.0,10.0,55.00000000000001,60.0,15.0,4,2,3,0,0,0,1,19,0,-18,5.0
2026-08-06,XLU,33,20,20,20,20,20,20,5.0,5.0,40.0,60.0,10.0,1,2,4,0,0,0,5,15,0,-10,25.0
2026-08-07,XLU,33,20,20,20,20,20,20,15.0,15.0,60.0,60.0,15.0,3,1,5,0,0,0,13,7,0,6,65.0
2026-08-10,XLU,33,20,20,20,20,20,20,10.0,10.0,30.0,50.0,10.0,5,0,3,0,0,0,5,15,0,-10,25.0
2026-08-11,XLU,33,20,20,20,20,20,20,10.0,15.0,40.0,50.0,10.0,4,0,5,0,0,0,20,0,0,20,100.0
2026-08-12,XLU,33,20,20,20,20,20,20,20.0,15.0,50.0,45.0,10.0,2,1,6,0,0,0,17,3,0,14,85.0
2026-08-13,XLU,33,20,20,20,20,20,20,20.0,20.0,65.0,30.0,10.0,4,1,3,0,0,0,17,3,0,14,85.0
2026-08-14,XLU,33,20,20,20,20,20,20,30.0,25.0,70.0,40.0,20.0,6,0,6,0,0,0,17,3,0,14,85.0
2026-08-17,XLU,33,20,20,20,20,20,20,25.0,25.0,75.0,45.0,20.0,6,1,2,0,0,0,7,12,1,-5,36.84210526315789
2026-08-18,XLU,33,20,20,20,20,20,20,35.0,25.0,65.0,60.0,25.0,5,2,4,0,0,0,9,10,1,-1,47.368421052631575
2026-08-19,XLU,33,20,20,20,20,20,20,25.0,25.0,60.0,65.0,5.0,7,3,3,0,0,0,6,14,0,-8,30.0
2026-08-20,XLU,33,20,20,20,20,20,20,30.0,20.0,50.0,55.00000000000001,10.0,11,2,2,0,0,0,4,16,0,-12,20.0
2026-08-21,XLU,33,20,20,20,20,20,20,15.0,15.0,30.0,50.0,5.0,8,2,2,0,0,1,0,20,0,-20,0.0
2026-08-24,XLU,33,20,20,20,20,20,20,20.0,20.0,35.0,55.00000000000001,15.0,4,3,4,0,0,1,19,1,0,18,95.0
2026-08-25,XLU,33,20,20,20,20,20,20,20.0,20.0,30.0,30.0,15.0,9,3,3,0,0,0,9,11,0,-2,45.0
2026-08-26,XLU,33,20,20,20,20,20,20,25.0,20.0,40.0,45.0,20.0,8,3,3,0,0,0,14,5,1,9,73.68421052631578
2026-08-27,XLU,33,20,20,20,20,20,20,20.0,20.0,30.0,45.0,15.0,9,4,3,0,0,0,1,19,0,-18,5.0
2026-08-28,XLU,33,20,20,20,20,20,20,10.0,10.0,25.0,50.0,10.0,7,5,2,0,0,0,2,18,0,-16,10.0
2026-08-31,XLU,33,20,20,20,20,20,20,10.0,10.0,20.0,80.0,10.0,9,6,0,0,0,1,6,14,0,-8,30.0
2026-09-01,XLU,33,20,20,20,20,20,20,10.0,10.0,20.0,55.00000000000001,15.0,8,5,1,0,0,1,19,1,0,18,95.0
2026-09-02,XLU,33,20,20,20,20,20,20,15.0,10.0,25.0,55.00000000000001,25.0,9,4,1,0,1,1,8,12,0,-4,40.0
2026-09-03,XLU,33,20,20,20,20,20,20,35.0,15.0,25.0,50.0,40.0,8,2,3,0,0,0,19,1,0,18,95.0
2026-09-04,XLU,33,20,20,20,20,20,20,25.0,15.0,30.0,50.0,30.0,8,3,3,0,0,0,5,15,0,-10,25.0
2026-09-06,XLU,33,20,20,20,20,20,20,25.0,15.0,30.0,50.0,30.0,8,3,3,0,0,0,5,15,0,-10,25.0
2026-05-06,XLV,62,20,20,20,20,20,20,25.0,20.0,55.00000000000001,30.0,20.0,2,2,4,0,1,4,12,8,0,4,60.0
2026-05-07,XLV,62,20,20,20,20,20,20,20.0,20.0,45.0,30.0,20.0,4,1,6,0,0,0,9,11,0,-2,45.0
2026-05-08,XLV,62,20,20,20,20,20,20,20.0,20.0,50.0,35.0,20.0,3,1,8,0,2,4,6,14,0,-8,30.0
2026-05-11,XLV,62,20,20,20,20,20,20,25.0,20.0,45.0,30.0,20.0,3,1,6,0,2,5,9,11,0,-2,45.0
2026-05-12,XLV,62,20,20,20,20,20,20,35.0,25.0,60.0,30.0,25.0,1,2,4,0,2,0,19,1,0,18,95.0
2026-05-13,XLV,62,20,20,20,20,20,20,40.0,25.0,60.0,30.0,30.0,2,2,7,0,2,1,13,7,0,6,65.0
2026-05-14,XLV,62,20,20,20,20,20,20,40.0,30.0,60.0,30.0,30.0,2,1,11,0,1,0,8,12,0,-4,40.0
2026-05-15,XLV,62,20,20,20,20,20,20,25.0,25.0,45.0,30.0,25.0,3,1,5,0,0,1,3,17,0,-14,15.0
2026-05-18,XLV,62,20,20,20,20,20,20,35.0,25.0,45.0,35.0,25.0,3,1,7,0,0,0,13,6,1,7,68.42105263157895
2026-05-19,XLV,62,20,20,20,20,20,20,50.0,30.0,55.00000000000001,35.0,35.0,3,1,7,0,1,0,16,4,0,12,80.0
2026-05-20,XLV,62,20,20,20,20,20,20,45.0,30.0,55.00000000000001,30.0,35.0,2,1,6,0,1,0,9,11,0,-2,45.0
2026-05-21,XLV,62,20,20,20,20,20,20,60.0,40.0,55.00000000000001,25.0,40.0,2,1,10,0,0,0,11,8,1,3,57.89473684210527
2026-05-22,XLV,62,20,20,20,20,20,20,55.00000000000001,40.0,55.00000000000001,30.0,50.0,4,1,10,0,0,0,11,9,0,2,55.00000000000001
2026-05-25,XLV,62,20,20,20,20,20,20,55.00000000000001,40.0,55.00000000000001,35.0,55.00000000000001,4,1,8,0,0,0,0,0,20,0,
2026-05-26,XLV,62,20,20,20,20,20,20,60.0,40.0,55.00000000000001,30.0,45.0,1,1,11,0,0,0,2,18,0,-16,10.0
2026-05-27,XLV,62,20,20,20,20,20,20,60.0,40.0,55.00000000000001,20.0,55.00000000000001,4,1,9,0,0,1,13,7,0,6,65.0
2026-05-28,XLV,62,20,20,20,20,20,20,65.0,50.0,60.0,35.0,55.00000000000001,4,2,5,0,1,0,13,7,0,6,65.0
2026-05-29,XLV,62,20,20,20,20,20,20,60.0,50.0,60.0,50.0,65.0,5,3,2,0,0,1,7,13,0,-6,35.0
2026-06-01,XLV,62,20,20,20,20,20,20,45.0,30.0,55.00000000000001,45.0,65.0,2,2,8,0,0,1,4,16,0,-12,20.0
2026-06-02,XLV,62,20,20,20,20,20,20,25.0,35.0,45.0,40.0,50.0,1,2,11,0,0,2,4,16,0,-12,20.0
2026-06-03,XLV,62,20,20,20,20,20,20,40.0,25.0,50.0,35.0,65.0,3,1,10,0,0,0,16,4,0,12,80.0
2026-06-04,XLV,62,20,20,20,20,20,20,65.0,55.00000000000001,55.00000000000001,45.0,80.0,2,3,9,0,1,0,20,0,0,20,100.0
2026-06-05,XLV,62,20,20,20,20,20,20,80.0,55.00000000000001,60.0,40.0,85.0,2,3,10,0,2,0,16,4,0,12,80.0
2026-06-08,XLV,62,20,20,20,20,20,20,65.0,50.0,50.0,35.0,75.0,3,2,9,0,3,0,4,16,0,-12,20.0
2026-06-09,XLV,62,20,20,20,20,20,20,75.0,60.0,55.00000000000001,55.00000000000001,75.0,4,3,7,0,2,0,16,4,0,12,80.0
2026-06-10,XLV,62,20,20,20,20,20,20,65.0,45.0,50.0,40.0,65.0,2,3,10,0,3,0,3,17,0,-14,15.0
2026-06-11,XLV,62,20,20,20,20,20,20,80.0,50.0,55.00000000000001,40.0,80.0,1,3,10,0,1,0,12,8,0,4,60.0
2026-06-12,XLV,62,20,20,20,20,20,20,75.0,50.0,55.00000000000001,40.0,85.0,3,2,10,0,1,0,10,10,0,0,50.0
2026-06-15,XLV,62,20,20,20,20,20,20,70.0,40.0,55.00000000000001,30.0,75.0,2,2,10,0,1,0,8,12,0,-4,40.0
2026-06-16,XLV,62,20,20,20,20,20,20,70.0,50.0,55.00000000000001,40.0,70.0,2,2,6,0,0,0,12,8,0,4,60.0
2026-06-17,XLV,62,20,20,20,20,20,20,40.0,40.0,55.00000000000001,50.0,65.0,2,2,8,0,0,0,2,18,0,-16,10.0
2026-06-18,XLV,62,20,20,20,20,20,20,25.0,30.0,45.0,40.0,55.00000000000001,2,3,6,0,0,0,6,14,0,-8,30.0
2026-06-19,XLV,62,20,20,20,20,20,20,25.0,30.0,45.0,45.0,45.0,3,3,7,0,0,0,0,0,20,0,
2026-06-22,XLV,62,20,20,20,20,20,20,35.0,40.0,50.0,45.0,55.00000000000001,2,2,10,0,1,0,13,7,0,6,65.0
2026-06-23,XLV,62,20,20,20,20,20,20,55.00000000000001,45.0,50.0,55.00000000000001,70.0,2,2,10,0,0,0,19,1,0,18,95.0
2026-06-24,XLV,62,20,20,20,20,20,20,75.0,60.0,50.0,50.0,70.0,3,3,9,0,0,0,13,7,0,6,65.0
2026-06-25,XLV,62,20,20,20,20,20,20,65.0,65.0,55.00000000000001,55.00000000000001,70.0,4,2,8,0,4,0,15,5,0,10,75.0
2026-06-26,XLV,62,20,20,20,20,20,20,85.0,75.0,60.0,50.0,85.0,4,4,3,0,6,0,18,2,0,16,90.0
2026-06-29,XLV,62,20,20,20,20,20,20,75.0,75.0,55.00000000000001,50.0,80.0,7,2,7,0,4,0,9,11,0,-2,45.0
2026-06-30,XLV,62,20,20,20,20,20,20,65.0,65.0,50.0,40.0,80.0,4,3,7,0,2,0,3,17,0,-14,15.0
2026-07-01,XLV,62,20,20,20,20,20,20,85.0,60.0,55.00000000000001,40.0,85.0,1,5,9,0,1,0,12,8,0,4,60.0
2026-07-02,XLV,62,20,20,20,20,20,20,95.0,90.0,65.0,40.0,95.0,3,4,6,0,5,0,18,2,0,16,90.0
2026-07-03,XLV,62,20,20,20,20,20,20,95.0,90.0,65.0,35.0,95.0,5,2,7,0,5,0,0,0,20,0,
2026-07-06,XLV,62,20,20,20,20,20,20,95.0,90.0,60.0,30.0,90.0,4,2,8,0,1,0,3,17,0,-14,15.0
2026-07-07,XLV,62,20,20,20,20,20,20,95.0,95.0,65.0,40.0,90.0,5,2,8,0,3,0,16,4,0,12,80.0
2026-07-08,XLV,62,20,20,20,20,20,20,90.0,90.0,65.0,40.0,95.0,5,1,10,0,1,0,2,18,0,-16,10.0
2026-07-09,XLV,62,20,20,20,20,20,20,90.0,90.0,60.0,45.0,90.0,4,2,11,0,2,0,10,10,0,0,50.0
2026-07-10,XLV,62,20,20,20,20,20,20,80.0,85.0,70.0,45.0,90.0,4,1,10,0,0,0,6,14,0,-8,30.0
2026-07-13,XLV,62,20,20,20,20,20,20,80.0,85.0,70.0,45.0,90.0,3,2,8,0,1,0,13,7,0,6,65.0
2026-07-14,XLV,62,20,20,20,20,20,20,50.0,75.0,70.0,50.0,80.0,2,3,7,0,2,1,3,17,0,-14,15.0
2026-07-15,XLV,62,20,20,20,20,20,20,50.0,70.0,65.0,35.0,85.0,2,4,7,0,1,1,15,5,0,10,75.0
2026-07-16,XLV,62,20,20,20,20,20,20,75.0,90.0,70.0,55.00000000000001,85.0,6,2,3,0,2,0,19,1,0,18,95.0
2026-07-17,XLV,62,20,20,20,20,20,20,80.0,85.0,70.0,60.0,85.0,6,2,1,0,4,1,9,11,0,-2,45.0
2026-07-20,XLV,62,20,20,20,20,20,20,70.0,85.0,70.0,55.00000000000001,85.0,3,2,6,0,0,1,5,15,0,-10,25.0
2026-07-21,XLV,62,20,20,20,20,20,20,65.0,75.0,65.0,55.00000000000001,90.0,3,2,7,0,1,0,12,8,0,4,60.0
2026-07-22,XLV,62,20,20,20,20,20,20,60.0,65.0,65.0,65.0,80.0,1,2,7,0,1,1,6,14,0,-8,30.0
2026-07-23,XLV,62,20,20,20,20,20,20,65.0,80.0,65.0,60.0,80.0,3,1,5,0,0,1,16,4,0,12,80.0
2026-07-24,XLV,62,20,20,20,20,20,20,65.0,75.0,65.0,60.0,65.0,3,3,7,0,1,0,14,6,0,8,70.0
2026-07-27,XLV,62,20,20,20,20,20,20,75.0,90.0,80.0,70.0,75.0,5,2,2,0,3,0,15,5,0,10,75.0
2026-07-28,XLV,62,20,20,20,20,20,20,90.0,90.0,95.0,55.00000000000001,85.0,8,4,1,0,5,0,20,0,0,20,100.0
2026-07-29,XLV,62,20,20,20,20,20,20,85.0,90.0,95.0,60.0,80.0,6,3,2,0,2,0,6,14,0,-8,30.0
2026-07-30,XLV,62,20,20,20,20,20,20,60.0,90.0,90.0,60.0,60.0,4,3,3,0,1,0,5,14,1,-9,26.31578947368421
2026-07-31,XLV,62,20,20,20,20,20,20,50.0,85.0,80.0,55.00000000000001,50.0,5,3,3,0,1,0,7,13,0,-6,35.0
2026-08-03,XLV,62,20,20,20,20,20,20,55.00000000000001,80.0,95.0,65.0,65.0,7,1,2,0,1,0,11,9,0,2,55.00000000000001
2026-08-04,XLV,62,20,20,20,20,20,20,55.00000000000001,80.0,85.0,65.0,55.00000000000001,9,2,1,0,0,0,9,11,0,-2,45.0
2026-08-05,XLV,62,20,20,20,20,20,20,85.0,90.0,95.0,55.00000000000001,55.00000000000001,9,0,2,0,1,0,16,4,0,12,80.0
2026-08-06,XLV,62,20,20,20,20,20,20,80.0,80.0,95.0,55.00000000000001,55.00000000000001,6,1,4,0,1,0,10,10,0,0,50.0
2026-08-07,XLV,62,20,20,20,20,20,20,85.0,85.0,95.0,45.0,70.0,6,1,4,0,0,0,16,4,0,12,80.0
2026-08-10,XLV,62,20,20,20,20,20,20,85.0,95.0,95.0,55.00000000000001,80.0,8,2,3,0,1,0,18,2,0,16,90.0
2026-08-11,XLV,62,20,20,20,20,20,20,90.0,90.0,95.0,55.00000000000001,85.0,7,2,1,0,1,0,9,11,0,-2,45.0
2026-08-12,XLV,62,20,20,20,20,20,20,85.0,90.0,95.0,55.00000000000001,90.0,7,2,2,0,0,0,13,7,0,6,65.0
2026-08-13,XLV,62,20,20,20,20,20,20,90.0,90.0,95.0,55.00000000000001,75.0,8,2,1,0,1,0,10,9,1,1,52.63157894736842
2026-08-14,XLV,62,20,20,20,20,20,20,80.0,90.0,95.0,60.0,80.0,6,4,0,0,1,0,7,13,0,-6,35.0
2026-08-17,XLV,62,20,20,20,20,20,20,75.0,85.0,90.0,55.00000000000001,85.0,6,5,0,0,1,0,11,9,0,2,55.00000000000001
2026-08-18,XLV,62,20,20,20,20,20,20,80.0,85.0,90.0,65.0,90.0,8,7,0,0,3,0,16,4,0,12,80.0
2026-08-19,XLV,62,20,20,20,20,20,20,85.0,90.0,95.0,65.0,90.0,8,10,0,0,8,0,17,3,0,14,85.0
2026-08-20,XLV,62,20,20,20,20,20,20,75.0,80.0,90.0,55.00000000000001,90.0,8,7,1,0,0,0,2,17,1,-15,10.526315789473683
2026-08-21,XLV,62,20,20,20,20,20,20,80.0,85.0,90.0,60.0,85.0,8,6,0,0,3,0,19,1,0,18,95.0
2026-08-24,XLV,62,20,20,20,20,20,20,80.0,80.0,90.0,55.00000000000001,85.0,10,4,1,0,1,0,9,11,0,-2,45.0
2026-08-25,XLV,62,20,20,20,20,20,20,80.0,85.0,90.0,55.00000000000001,85.0,6,8,0,0,5,0,11,9,0,2,55.00000000000001
2026-08-26,XLV,62,20,20,20,20,20,20,75.0,85.0,90.0,65.0,75.0,6,8,0,0,0,0,5,15,0,-10,25.0
2026-08-27,XLV,62,20,20,20,20,20,20,75.0,80.0,90.0,55.00000000000001,85.0,4,10,0,0,0,0,3,17,0,-14,15.0
2026-08-28,XLV,62,20,20,20,20,20,20,65.0,80.0,90.0,50.0,90.0,5,9,1,0,0,0,8,12,0,-4,40.0
2026-08-31,XLV,62,20,20,20,20,20,20,60.0,70.0,90.0,45.0,85.0,5,12,0,0,1,0,8,12,0,-4,40.0
2026-09-01,XLV,62,20,20,20,20,20,20,65.0,80.0,90.0,65.0,85.0,6,11,0,0,1,0,15,5,0,10,75.0
2026-09-02,XLV,62,20,20,20,20,20,20,80.0,75.0,90.0,55.00000000000001,75.0,6,12,0,0,4,0,17,3,0,14,85.0
2026-09-03,XLV,62,20,20,20,20,20,20,80.0,75.0,90.0,70.0,80.0,5,13,0,0,3,0,11,9,0,2,55.00000000000001
2026-09-04,XLV,62,20,20,20,20,20,20,65.0,75.0,90.0,50.0,80.0,8,10,0,0,0,0,1,19,0,-18,5.0
2026-09-06,XLV,62,20,20,20,20,20,20,65.0,75.0,90.0,50.0,80.0,8,10,0,0,0,0,1,19,0,-18,5.0
2026-05-06,XLY,49,20,20,20,20,20,20,55.00000000000001,55.00000000000001,60.0,20.0,70.0,4,3,4,0,1,0,18,2,0,16,90.0
2026-05-07,XLY,49,20,20,20,20,20,20,55.00000000000001,60.0,55.00000000000001,30.0,55.00000000000001,6,2,5,0,1,0,8,12,0,-4,40.0
2026-05-08,XLY,49,20,20,20,20,20,20,45.0,45.0,55.00000000000001,30.0,55.00000000000001,4,3,7,0,0,1,8,12,0,-4,40.0
2026-05-11,XLY,49,20,20,20,20,20,20,15.0,30.0,50.0,25.0,25.0,5,2,5,0,1,2,3,17,0,-14,15.0
2026-05-12,XLY,49,20,20,20,20,20,20,15.0,35.0,50.0,15.0,20.0,4,2,4,0,0,2,8,12,0,-4,40.0
2026-05-13,XLY,49,20,20,20,20,20,20,20.0,25.0,45.0,20.0,20.0,3,3,3,0,1,2,5,15,0,-10,25.0
2026-05-14,XLY,49,20,20,20,20,20,20,25.0,35.0,45.0,20.0,20.0,3,2,7,0,2,0,13,7,0,6,65.0
2026-05-15,XLY,49,20,20,20,20,20,20,20.0,30.0,45.0,20.0,20.0,5,2,4,0,0,1,4,16,0,-12,20.0
2026-05-18,XLY,49,20,20,20,20,20,20,25.0,30.0,50.0,25.0,20.0,6,2,5,0,0,1,12,8,0,4,60.0
2026-05-19,XLY,49,20,20,20,20,20,20,15.0,25.0,50.0,25.0,20.0,6,1,5,0,0,2,6,14,0,-8,30.0
2026-05-20,XLY,49,20,20,20,20,20,20,40.0,45.0,50.0,30.0,30.0,4,2,8,0,0,2,19,1,0,18,95.0
2026-05-21,XLY,49,20,20,20,20,20,20,50.0,45.0,50.0,20.0,25.0,4,1,9,0,0,0,12,8,0,4,60.0
2026-05-22,XLY,49,20,20,20,20,20,20,45.0,45.0,50.0,40.0,40.0,5,1,8,0,2,0,9,11,0,-2,45.0
2026-05-25,XLY,49,20,20,20,20,20,20,45.0,45.0,50.0,30.0,40.0,5,0,8,0,2,0,0,0,20,0,
2026-05-26,XLY,49,20,20,20,20,20,20,55.00000000000001,45.0,50.0,35.0,50.0,5,0,6,0,2,1,11,9,0,2,55.00000000000001
2026-05-27,XLY,49,20,20,20,20,20,20,65.0,55.00000000000001,55.00000000000001,30.0,50.0,3,5,5,0,3,1,15,5,0,10,75.0
2026-05-28,XLY,49,20,20,20,20,20,20,60.0,65.0,60.0,40.0,45.0,6,4,5,0,2,1,13,7,0,6,65.0
2026-05-29,XLY,49,20,20,20,20,20,20,60.0,45.0,60.0,35.0,45.0,7,6,4,0,1,2,5,15,0,-10,25.0
2026-06-01,XLY,49,20,20,20,20,20,20,45.0,50.0,60.0,40.0,40.0,4,5,6,0,0,2,8,12,0,-4,40.0
2026-06-02,XLY,49,20,20,20,20,20,20,35.0,40.0,55.00000000000001,40.0,35.0,5,4,5,0,0,2,7,13,0,-6,35.0
2026-06-03,XLY,49,20,20,20,20,20,20,40.0,40.0,55.00000000000001,50.0,45.0,5,4,5,0,0,1,9,11,0,-2,45.0
2026-06-04,XLY,49,20,20,20,20,20,20,45.0,45.0,55.00000000000001,45.0,40.0,6,3,5,0,0,0,13,7,0,6,65.0
2026-06-05,XLY,49,20,20,20,20,20,20,50.0,35.0,50.0,65.0,45.0,5,5,5,0,2,0,10,10,0,0,50.0
2026-06-08,XLY,49,20,20,20,20,20,20,35.0,40.0,50.0,70.0,55.00000000000001,5,3,4,0,0,0,6,14,0,-8,30.0
2026-06-09,XLY,49,20,20,20,20,20,20,60.0,40.0,50.0,60.0,60.0,3,5,2,0,2,0,15,5,0,10,75.0
2026-06-10,XLY,49,20,20,20,20,20,20,40.0,30.0,40.0,80.0,65.0,6,2,4,0,1,0,5,15,0,-10,25.0
2026-06-11,XLY,49,20,20,20,20,20,20,60.0,50.0,50.0,70.0,65.0,7,4,4,0,2,0,18,2,0,16,90.0
2026-06-12,XLY,49,20,20,20,20,20,20,70.0,45.0,55.00000000000001,65.0,65.0,5,3,4,0,3,0,15,5,0,10,75.0
2026-06-15,XLY,49,20,20,20,20,20,20,85.0,65.0,55.00000000000001,70.0,80.0,6,5,4,0,2,0,12,8,0,4,60.0
2026-06-16,XLY,49,20,20,20,20,20,20,80.0,65.0,55.00000000000001,70.0,80.0,3,7,3,0,1,0,11,9,0,2,55.00000000000001
2026-06-17,XLY,49,20,20,20,20,20,20,50.0,60.0,50.0,70.0,65.0,6,5,3,0,1,0,0,20,0,-20,0.0
2026-06-18,XLY,49,20,20,20,20,20,20,60.0,55.00000000000001,55.00000000000001,75.0,70.0,6,7,2,0,0,0,14,6,0,8,70.0
2026-06-19,XLY,49,20,20,20,20,20,20,60.0,55.00000000000001,55.00000000000001,65.0,55.00000000000001,6,7,3,0,0,0,0,0,20,0,
2026-06-22,XLY,49,20,20,20,20,20,20,40.0,55.00000000000001,50.0,70.0,50.0,3,6,3,0,0,2,6,14,0,-8,30.0
2026-06-23,XLY,49,20,20,20,20,20,20,40.0,55.00000000000001,45.0,75.0,45.0,4,6,4,0,0,0,10,10,0,0,50.0
2026-06-24,XLY,49,20,20,20,20,20,20,50.0,50.0,45.0,70.0,50.0,6,6,2,0,1,0,13,6,1,7,68.42105263157895
2026-06-25,XLY,49,20,20,20,20,20,20,35.0,45.0,50.0,75.0,50.0,11,2,4,0,0,2,4,16,0,-12,20.0
2026-06-26,XLY,49,20,20,20,20,20,20,45.0,45.0,50.0,65.0,60.0,7,7,3,0,1,1,13,7,0,6,65.0
2026-06-29,XLY,49,20,20,20,20,20,20,50.0,55.00000000000001,55.00000000000001,55.00000000000001,45.0,6,6,3,0,1,0,11,9,0,2,55.00000000000001
2026-06-30,XLY,49,20,20,20,20,20,20,50.0,40.0,60.0,50.0,50.0,10,2,3,0,0,0,9,11,0,-2,45.0
2026-07-01,XLY,49,20,20,20,20,20,20,60.0,45.0,70.0,50.0,60.0,6,6,4,0,0,0,12,8,0,4,60.0
2026-07-02,XLY,49,20,20,20,20,20,20,65.0,50.0,65.0,60.0,60.0,5,5,4,0,0,0,15,5,0,10,75.0
2026-07-03,XLY,49,20,20,20,20,20,20,65.0,50.0,65.0,45.0,60.0,6,4,4,0,0,0,0,0,20,0,
2026-07-06,XLY,49,20,20,20,20,20,20,55.00000000000001,50.0,65.0,40.0,55.00000000000001,7,2,6,0,0,1,7,13,0,-6,35.0
2026-07-07,XLY,49,20,20,20,20,20,20,50.0,45.0,60.0,35.0,40.0,6,2,6,0,0,0,12,8,0,4,60.0
2026-07-08,XLY,49,20,20,20,20,20,20,20.0,30.0,50.0,40.0,40.0,5,1,6,0,0,0,3,17,0,-14,15.0
2026-07-09,XLY,49,20,20,20,20,20,20,30.0,40.0,55.00000000000001,35.0,40.0,5,2,8,0,0,0,16,4,0,12,80.0
2026-07-10,XLY,49,20,20,20,20,20,20,50.0,55.00000000000001,55.00000000000001,35.0,40.0,5,1,8,0,0,0,12,8,0,4,60.0
2026-07-13,XLY,49,20,20,20,20,20,20,25.0,30.0,50.0,35.0,30.0,4,4,6,0,0,0,5,15,0,-10,25.0
2026-07-14,XLY,49,20,20,20,20,20,20,35.0,40.0,50.0,35.0,30.0,6,2,8,0,1,0,10,10,0,0,50.0
2026-07-15,XLY,49,20,20,20,20,20,20,45.0,50.0,60.0,40.0,40.0,2,5,3,0,1,2,14,6,0,8,70.0
2026-07-16,XLY,49,20,20,20,20,20,20,70.0,55.00000000000001,70.0,40.0,40.0,8,2,5,0,2,0,15,5,0,10,75.0
2026-07-17,XLY,49,20,20,20,20,20,20,40.0,40.0,50.0,55.00000000000001,45.0,5,2,5,0,1,0,2,18,0,-16,10.0
2026-07-20,XLY,49,20,20,20,20,20,20,35.0,35.0,55.00000000000001,40.0,40.0,6,2,7,0,0,0,6,14,0,-8,30.0
2026-07-21,XLY,49,20,20,20,20,20,20,40.0,40.0,55.00000000000001,50.0,60.0,5,2,7,0,0,2,10,10,0,0,50.0
2026-07-22,XLY,49,20,20,20,20,20,20,20.0,30.0,50.0,40.0,30.0,4,4,6,0,0,1,7,13,0,-6,35.0
2026-07-23,XLY,49,20,20,20,20,20,20,15.0,20.0,40.0,65.0,30.0,5,4,5,0,0,3,0,20,0,-20,0.0
2026-07-24,XLY,49,20,20,20,20,20,20,30.0,35.0,45.0,70.0,20.0,4,4,7,0,0,0,18,2,0,16,90.0
2026-07-27,XLY,49,20,20,20,20,20,20,70.0,65.0,50.0,95.0,50.0,5,4,5,0,1,0,18,2,0,16,90.0
2026-07-28,XLY,49,20,20,20,20,20,20,80.0,65.0,60.0,95.0,65.0,2,5,4,0,3,1,16,4,0,12,80.0
2026-07-29,XLY,49,20,20,20,20,20,20,85.0,65.0,55.00000000000001,90.0,60.0,4,5,6,0,3,1,9,11,0,-2,45.0
2026-07-30,XLY,49,20,20,20,20,20,20,50.0,50.0,55.00000000000001,60.0,50.0,3,4,5,0,0,0,6,14,0,-8,30.0
2026-07-31,XLY,49,20,20,20,20,20,20,60.0,55.00000000000001,60.0,55.00000000000001,50.0,5,4,7,0,0,0,7,13,0,-6,35.0
2026-08-03,XLY,49,20,20,20,20,20,20,65.0,60.0,60.0,60.0,60.0,5,4,7,0,2,0,11,9,0,2,55.00000000000001
2026-08-04,XLY,49,20,20,20,20,20,20,65.0,70.0,70.0,60.0,65.0,3,5,4,0,0,0,13,7,0,6,65.0
2026-08-05,XLY,49,20,20,20,20,20,20,80.0,65.0,75.0,65.0,70.0,3,5,4,0,0,0,17,3,0,14,85.0
2026-08-06,XLY,49,20,20,20,20,20,20,75.0,70.0,70.0,70.0,70.0,4,4,4,0,0,0,6,14,0,-8,30.0
2026-08-07,XLY,49,20,20,20,20,20,20,75.0,70.0,75.0,60.0,65.0,2,6,3,0,1,0,14,6,0,8,70.0
2026-08-10,XLY,49,20,20,20,20,20,20,70.0,65.0,75.0,60.0,70.0,4,6,3,0,1,0,7,13,0,-6,35.0
2026-08-11,XLY,49,20,20,20,20,20,20,60.0,65.0,75.0,55.00000000000001,80.0,3,6,4,0,1,0,12,8,0,4,60.0
2026-08-12,XLY,49,20,20,20,20,20,20,60.0,60.0,70.0,70.0,75.0,5,5,5,0,0,0,8,12,0,-4,40.0
2026-08-13,XLY,49,20,20,20,20,20,20,60.0,60.0,70.0,50.0,55.00000000000001,1,6,4,0,1,0,12,8,0,4,60.0
2026-08-14,XLY,49,20,20,20,20,20,20,65.0,70.0,65.0,55.00000000000001,70.0,3,6,4,0,0,0,10,10,0,0,50.0
2026-08-17,XLY,49,20,20,20,20,20,20,40.0,55.00000000000001,60.0,50.0,70.0,0,8,3,0,0,1,1,19,0,-18,5.0
2026-08-18,XLY,49,20,20,20,20,20,20,35.0,40.0,55.00000000000001,55.00000000000001,70.0,2,7,4,0,0,0,10,9,1,1,52.63157894736842
2026-08-19,XLY,49,20,20,20,20,20,20,60.0,60.0,65.0,40.0,75.0,2,8,4,0,1,0,17,3,0,14,85.0
2026-08-20,XLY,49,20,20,20,20,20,20,40.0,45.0,55.00000000000001,35.0,75.0,6,5,3,0,0,0,4,16,0,-12,20.0
2026-08-21,XLY,49,20,20,20,20,20,20,50.0,55.00000000000001,60.0,30.0,80.0,7,3,3,0,0,0,12,8,0,4,60.0
2026-08-24,XLY,49,20,20,20,20,20,20,70.0,55.00000000000001,60.0,30.0,55.00000000000001,6,5,4,0,1,0,16,4,0,12,80.0
2026-08-25,XLY,49,20,20,20,20,20,20,40.0,50.0,60.0,30.0,40.0,4,6,4,0,0,0,8,12,0,-4,40.0
2026-08-26,XLY,49,20,20,20,20,20,20,40.0,40.0,60.0,25.0,40.0,4,8,2,0,0,1,5,15,0,-10,25.0
2026-08-27,XLY,49,20,20,20,20,20,20,30.0,35.0,55.00000000000001,30.0,45.0,6,6,2,0,0,3,3,17,0,-14,15.0
2026-08-28,XLY,49,20,20,20,20,20,20,40.0,35.0,55.00000000000001,30.0,40.0,5,6,3,0,0,1,13,7,0,6,65.0
2026-08-31,XLY,49,20,20,20,20,20,20,30.0,40.0,50.0,55.00000000000001,40.0,6,9,1,0,0,1,5,15,0,-10,25.0
2026-09-01,XLY,49,20,20,20,20,20,20,20.0,30.0,50.0,60.0,35.0,5,9,1,0,0,2,1,19,0,-18,5.0
2026-09-02,XLY,49,20,20,20,20,20,20,30.0,35.0,45.0,30.0,30.0,5,9,0,0,0,2,10,10,0,0,50.0
2026-09-03,XLY,49,20,20,20,20,20,20,30.0,40.0,50.0,35.0,35.0,5,10,0,0,0,2,14,6,0,8,70.0
2026-09-04,XLY,49,20,20,20,20,20,20,25.0,30.0,45.0,40.0,25.0,6,8,0,0,0,1,8,12,0,-4,40.0
2026-09-06,XLY,49,20,20,20,20,20,20,25.0,30.0,45.0,40.0,25.0,6,8,0,0,0,1,8,12,0,-4,40.0
2026-09-07,XLB,27,20,20,20,20,20,20,35.0,45.0,65.0,25.0,25.0,5,7,2,0,0,0,0,0,20,0,
2026-09-07,XLC,26,20,20,20,20,20,20,45.0,55.00000000000001,60.0,60.0,60.0,8,8,1,0,0,0,0,0,20,0,
2026-09-07,XLE,23,20,20,20,20,20,20,75.0,90.0,95.0,40.0,95.0,9,4,2,0,0,0,0,0,20,0,
2026-09-07,XLF,78,20,20,20,20,20,20,75.0,90.0,95.0,60.0,60.0,3,14,1,0,1,0,0,0,20,0,
2026-09-07,XLI,85,21,21,21,21,21,21,9.523809523809524,23.809523809523807,76.19047619047619,42.85714285714285,14.285714285714285,4,10,1,0,0,0,0,0,21,0,
2026-09-07,XLK,75,21,21,21,21,21,21,71.42857142857143,52.38095238095239,85.71428571428571,42.85714285714285,47.61904761904761,5,4,1,0,0,0,0,0,21,0,
2026-09-07,XLP,36,20,20,20,20,20,20,35.0,35.0,70.0,55.00000000000001,40.0,9,6,1,0,0,0,0,0,20,0,
2026-09-07,XLRE,32,20,20,20,20,20,20,15.0,20.0,60.0,50.0,25.0,8,5,1,0,0,0,0,0,20,0,
2026-09-07,XLU,33,20,20,20,20,20,20,25.0,15.0,30.0,45.0,45.0,5,2,4,0,0,0,0,0,20,0,
2026-09-07,XLV,62,20,20,20,20,20,20,65.0,75.0,90.0,65.0,70.0,6,13,0,0,0,0,0,0,20,0,
2026-09-07,XLY,49,20,20,20,20,20,20,25.0,30.0,45.0,50.0,30.0,7,9,1,0,0,1,0,0,20,0,
2026-09-08,XLB,27,20,20,20,20,20,20,30.0,30.0,60.0,35.0,25.0,8,9,3,0,0,0,3,17,0,-14,15.0
2026-09-08,XLC,26,20,20,20,20,20,20,40.0,60.0,60.0,65.0,65.0,8,8,0,0,0,0,5,15,0,-10,25.0
2026-09-08,XLE,23,20,20,20,20,20,20,90.0,100.0,95.0,50.0,95.0,6,4,2,0,0,0,17,3,0,14,85.0
2026-09-08,XLF,78,20,20,20,20,20,20,35.0,70.0,95.0,55.00000000000001,50.0,5,12,1,0,0,0,0,20,0,-20,0.0
2026-09-08,XLI,85,21,21,21,21,21,21,28.57142857142857,23.809523809523807,71.42857142857143,47.61904761904761,9.523809523809524,6,9,2,0,0,0,6,15,0,-9,28.57142857142857
2026-09-08,XLK,75,21,21,21,21,21,21,61.90476190476191,66.66666666666666,90.47619047619048,52.38095238095239,52.38095238095239,6,4,0,0,0,0,11,10,0,1,52.38095238095239
2026-09-08,XLP,36,20,20,20,20,20,20,25.0,25.0,60.0,55.00000000000001,45.0,11,4,0,0,0,0,5,15,0,-10,25.0
2026-09-08,XLRE,32,20,20,20,20,20,20,25.0,20.0,55.00000000000001,50.0,30.0,7,6,2,0,0,0,8,12,0,-4,40.0
2026-09-08,XLU,33,20,20,20,20,20,20,35.0,20.0,30.0,45.0,60.0,9,3,3,0,0,0,19,1,0,18,95.0
2026-09-08,XLV,62,20,20,20,20,20,20,45.0,60.0,90.0,65.0,60.0,8,10,0,0,0,0,1,19,0,-18,5.0
2026-09-08,XLY,49,20,20,20,20,20,20,10.0,25.0,40.0,40.0,15.0,4,11,0,0,0,0,3,17,0,-14,15.0
2026-09-09,XLB,27,20,20,20,20,20,20,30.0,30.0,60.0,35.0,25.0,8,9,2,0,0,0,3,17,0,-14,15.0
2026-09-09,XLC,26,20,20,20,20,20,20,40.0,60.0,60.0,65.0,65.0,8,8,0,0,0,0,5,15,0,-10,25.0
2026-09-09,XLE,23,20,20,20,20,20,20,90.0,100.0,95.0,50.0,95.0,9,4,2,0,0,0,17,3,0,14,85.0
2026-09-09,XLF,78,20,20,20,20,20,20,35.0,70.0,95.0,55.00000000000001,50.0,4,13,1,0,0,0,0,20,0,-20,0.0
2026-09-09,XLI,85,21,21,21,21,21,21,28.57142857142857,23.809523809523807,71.42857142857143,47.61904761904761,9.523809523809524,6,9,2,0,0,0,6,15,0,-9,28.57142857142857
2026-09-09,XLK,75,21,21,21,21,21,21,61.904761904761905,66.66666666666666,90.47619047619048,52.38095238095239,52.38095238095239,6,4,0,0,0,0,11,10,0,1,52.38095238095239
2026-09-09,XLP,36,20,20,20,20,20,20,25.0,25.0,60.0,55.00000000000001,45.0,12,4,0,0,0,0,5,15,0,-10,25.0
2026-09-09,XLRE,32,20,20,20,20,20,20,25.0,20.0,55.00000000000001,50.0,30.0,7,6,1,0,0,0,8,12,0,-4,40.0
2026-09-09,XLU,33,20,20,20,20,20,20,35.0,20.0,35.0,45.0,65.0,9,3,3,0,0,0,19,1,0,18,95.0
2026-09-09,XLV,62,20,20,20,20,20,20,45.0,60.0,90.0,65.0,60.0,8,10,0,0,0,0,1,19,0,-18,5.0
2026-09-09,XLY,49,20,20,20,20,20,20,10.0,25.0,40.0,40.0,15.0,4,11,0,0,0,0,3,17,0,-14,15.0
