,regime,score,persistence
2026-05-17 01:25:52.319142,RISK-ON,0.6739562396577363,1
