,XLY,XLV,XLF,XLI,XLRE,XLK,XLP,XLU,XLE
2026-04-14,0.5831957390173611,0.3737511155205759,0.37325721060427614,0.2867273282659831,0.21463829573422935,0.1779167598297334,-0.0725576155471676,-0.10474585368148233,-0.8818939350473781
